Date,open,high,low,close,volume,dividends,stock splits
2016-09-19 00:00:00-04:00,42.202891086667606,42.262593486875396,41.678839496525164,41.73190689086914,7903500,0.0,0.0
2016-09-20 00:00:00-04:00,42.03041825168561,42.15645552553185,41.632401412858684,41.97734832763672,4826500,0.0,0.0
2016-09-21 00:00:00-04:00,42.116654496693386,42.62080610922889,41.924279822884984,42.52130126953125,7587400,0.0,0.0
2016-09-22 00:00:00-04:00,42.53457423005641,43.25099799129826,42.50803926689534,43.1713981628418,5416100,0.0,0.0
2016-09-23 00:00:00-04:00,43.15149931355715,43.33723899942638,42.95248961525334,43.105064392089844,5154200,0.0,0.0
2016-09-26 00:00:00-04:00,42.79991712567241,43.03872675198838,42.4682376514588,42.501407623291016,5567700,0.0,0.0
2016-09-27 00:00:00-04:00,42.42180607375296,42.952492736596604,42.24933132675776,42.83308792114258,4358300,0.0,0.0
2016-09-28 00:00:00-04:00,43.0785294137141,43.0785294137141,42.38200053091261,42.60091018676758,5645600,0.0,0.0
2016-09-29 00:00:00-04:00,42.65398030067524,42.66061024589238,41.65893939668751,41.67220687866211,6431200,0.0,0.0
2016-09-30 00:00:00-04:00,41.57269865595515,41.9640804856527,41.42676142710255,41.838043212890625,7325400,0.0,0.0
2016-10-03 00:00:00-04:00,41.804867180499535,41.98397434002818,41.29408065825398,41.94417190551758,4239600,0.0,0.0
2016-10-04 00:00:00-04:00,41.99724522090955,42.1431824315805,41.493091131645045,41.791603088378906,4719400,0.0,0.0
2016-10-05 00:00:00-04:00,41.844676239024494,42.289125440775365,41.791606317942716,42.050315856933594,4442500,0.0,0.0
2016-10-06 00:00:00-04:00,41.89775159168413,41.9309190334067,41.4997372299861,41.6788444519043,4446100,0.0,0.0
2016-10-07 00:00:00-04:00,41.857955677614356,42.17637025329573,41.45994125378363,41.74518585205078,3812700,0.0,0.0
2016-10-10 00:00:00-04:00,41.83803856599323,42.22942035222051,41.73853373556599,41.99724578857422,3135300,0.0,0.0
2016-10-11 00:00:00-04:00,41.84468216801386,41.96408444633978,41.16142075509652,41.386962890625,5308400,0.0,0.0
2016-10-12 00:00:00-04:00,41.50747041256939,41.661449431831954,40.85138489638059,40.97858428955078,4563800,0.57,0.0
2016-10-13 00:00:00-04:00,40.8112097833153,41.24636970835663,40.62375753442136,40.938411712646484,5988600,0.0,0.0
2016-10-14 00:00:00-04:00,41.139259722150676,41.18612279115135,40.26894230005089,40.28232955932617,5606500,0.0,0.0
2016-10-17 00:00:00-04:00,40.23545792828477,40.643838203112836,40.07478531271498,40.262237548828125,6138700,0.0,0.0
2016-10-18 00:00:00-04:00,40.58358372450344,41.2530588884688,40.436300925045714,41.20619583129883,6655100,0.0,0.0
2016-10-19 00:00:00-04:00,41.53425781629234,41.61459415576738,40.95181233202129,41.125877380371094,5588900,0.0,0.0
2016-10-20 00:00:00-04:00,41.13925841624456,41.494079514227984,41.05892209391439,41.34679412841797,4391300,0.0,0.0
2016-10-21 00:00:00-04:00,41.092387500109446,41.13255437667986,40.603670922356564,40.8245964050293,4341700,0.0,0.0
2016-10-24 00:00:00-04:00,40.92501588367879,41.293226698653804,40.85137320991479,40.91831970214844,3934800,0.0,0.0
2016-10-25 00:00:00-04:00,40.878154431109046,41.27983850795023,40.80451175445765,41.20619583129883,6432800,0.0,0.0
2016-10-26 00:00:00-04:00,41.17941698619256,41.31331253227254,40.64383735571776,40.851375579833984,4560800,0.0,0.0
2016-10-27 00:00:00-04:00,41.13925287416212,41.3200114904383,40.57019740354926,41.14594650268555,6612500,0.0,0.0
2016-10-28 00:00:00-04:00,38.52829814281497,39.09065742601153,36.86130628630587,38.561771392822266,24865300,0.0,0.0
2016-10-31 00:00:00-04:00,38.20025657796601,38.36092919895286,37.303159690279436,37.343326568603516,14185800,0.0,0.0
2016-11-01 00:00:00-04:00,37.49060959402093,37.898989857142446,37.27637774350556,37.791873931884766,9799400,0.0,0.0
2016-11-02 00:00:00-04:00,37.798565085110376,38.28728162171601,37.758398211921794,38.019493103027344,9746200,0.0,0.0
2016-11-03 00:00:00-04:00,38.24042350601933,38.35423562039118,37.39018967783535,37.416969299316406,9842600,0.0,0.0
2016-11-04 00:00:00-04:00,37.5374670103304,38.07304655612844,37.40357148541972,37.51738357543945,11187000,0.0,0.0
2016-11-07 00:00:00-05:00,38.03289963279358,40.945116696157974,37.91908748308479,39.43879699707031,17763100,0.0,0.0
2016-11-08 00:00:00-05:00,39.365141433782085,39.90741726770865,38.849645220903916,39.3718376159668,9353200,0.0,0.0
2016-11-09 00:00:00-05:00,42.913365479280856,43.308358560170795,40.44300255485836,41.93593215942383,18694000,0.0,0.0
2016-11-10 00:00:00-05:00,42.21711065082013,43.54936753673155,42.03635202486157,42.84641647338867,15948700,0.0,0.0
2016-11-11 00:00:00-05:00,42.538459610609074,42.745995311515955,42.036353154073595,42.24388885498047,10201600,0.0,0.0
2016-11-14 00:00:00-05:00,42.44472341190222,42.60539600972521,41.67482600631191,42.1568489074707,8315700,0.0,0.0
2016-11-15 00:00:00-05:00,42.438024500442204,42.438024500442204,41.49406474896339,42.08989715576172,5610300,0.0,0.0
2016-11-16 00:00:00-05:00,41.95601388218994,42.156858505965396,41.11916979594382,41.19950866699219,6571200,0.0,0.0
2016-11-17 00:00:00-05:00,41.34009861950621,41.50077381070725,40.925024660184675,41.30662536621094,4879500,0.0,0.0
2016-11-18 00:00:00-05:00,41.27315129205582,41.60119274320898,40.42961102425674,40.51664352416992,7023200,0.0,0.0
2016-11-21 00:00:00-05:00,40.63714273925436,40.704089233743495,40.302405159118564,40.44968795776367,6328300,0.0,0.0
2016-11-22 00:00:00-05:00,40.49656132450838,40.543424390395096,39.237947067068674,39.452178955078125,8518600,0.0,0.0
2016-11-23 00:00:00-05:00,39.37183643785409,40.42291227102306,39.231244708479494,40.28901672363281,5546600,0.0,0.0
2016-11-25 00:00:00-05:00,40.195285725144274,40.61705320051156,39.94757809870907,40.50993728637695,2941600,0.0,0.0
2016-11-28 00:00:00-05:00,39.58607748749643,40.12835087731487,39.50573860809346,39.807003021240234,6274600,0.0,0.0
2016-11-29 00:00:00-05:00,39.967667368469904,41.57440621235185,39.847161635948126,41.232975006103516,11858800,0.0,0.0
2016-11-30 00:00:00-05:00,41.2597518725831,41.400341033197186,40.59027676050284,40.70408630371094,9025200,0.0,0.0
2016-12-01 00:00:00-05:00,40.72418038275513,40.72418038275513,39.331670647187636,39.60615539550781,8266200,0.0,0.0
2016-12-02 00:00:00-05:00,39.62624723825727,40.16852322112702,39.46557457552648,39.786922454833984,8020700,0.0,0.0
2016-12-05 00:00:00-05:00,39.90072247972964,40.98527418547903,39.8806390401642,40.7442626953125,10227700,0.0,0.0
2016-12-06 00:00:00-05:00,40.67731409207833,41.32001225760809,40.3894420910107,41.2530632019043,7610400,0.0,0.0
2016-12-07 00:00:00-05:00,40.34257935137925,40.60367685647139,39.36514605302431,40.16182327270508,13095600,0.0,0.0
2016-12-08 00:00:00-05:00,40.181906721729774,40.824602379360954,39.55929450532284,40.77104568481445,9192300,0.0,0.0
2016-12-09 00:00:00-05:00,40.965190790535985,41.460603613285706,40.784432161445366,41.19950866699219,7102900,0.0,0.0
2016-12-12 00:00:00-05:00,41.19281451785219,41.8087331237371,41.17942470534973,41.53424835205078,5984500,0.0,0.0
2016-12-13 00:00:00-05:00,41.72838074199856,41.80202085165079,41.0789891317205,41.50075912475586,8599600,0.0,0.0
2016-12-14 00:00:00-05:00,41.20619704874012,41.708303436548924,41.17941742846748,41.28653335571289,5115700,0.0,0.0
2016-12-15 00:00:00-05:00,41.373565777837484,41.58110400384743,41.2061969821716,41.520851135253906,6416900,0.0,0.0
2016-12-16 00:00:00-05:00,41.5877903410465,41.83549795397382,41.39364451303293,41.65473937988281,10555800,0.0,0.0
2016-12-19 00:00:00-05:00,41.75515910737024,42.39785711097537,41.5877903410465,41.65473937988281,5976800,0.0,0.0
2016-12-20 00:00:00-05:00,41.73508398713823,41.98278909556886,41.3400935177701,41.61457824707031,5751800,0.0,0.0
2016-12-21 00:00:00-05:00,41.66144154976217,41.78194729053323,41.125861898471456,41.139251708984375,5498700,0.0,0.0
2016-12-22 00:00:00-05:00,41.2262894963199,41.45390864274381,41.07230793256347,41.27984619140625,5626000,0.0,0.0
2016-12-23 00:00:00-05:00,41.36018127857293,41.77525778389069,41.15264557975953,41.73508834838867,4795900,0.0,0.0
2016-12-27 00:00:00-05:00,41.855594859684125,42.19033250006498,41.78195217018505,41.84220504760742,5396200,0.0,0.0
2016-12-28 00:00:00-05:00,41.84889359550394,42.00956876706989,41.67483116733228,41.6882209777832,5190400,0.0,0.0
2016-12-29 00:00:00-05:00,41.76855221629852,42.21710187349633,41.76855221629852,41.99617385864258,4990000,0.0,0.0
2016-12-30 00:00:00-05:00,41.996169978045494,42.130065500083376,41.78193816432274,41.92252731323242,5999200,0.0,0.0
2017-01-03 00:00:00-05:00,42.12337932575057,42.19702200805742,41.46729392114137,41.78194808959961,9328200,0.0,0.0
2017-01-04 00:00:00-05:00,41.935922442524095,42.71251350428028,41.935922442524095,42.3710823059082,8674800,0.0,0.0
2017-01-05 00:00:00-05:00,42.43134128415152,42.81294196536571,42.19702341862916,42.69243621826172,5359400,0.0,0.0
2017-01-06 00:00:00-05:00,42.766078678900286,42.846414991933464,42.52506718595541,42.70582580566406,4722300,0.0,0.0
2017-01-09 00:00:00-05:00,42.712522378305955,43.10081671293424,42.679049125055414,42.98700714111328,8794500,0.0,0.0
2017-01-10 00:00:00-05:00,42.8798927713793,43.18115459758843,42.6924379605423,42.893280029296875,6523500,0.0,0.0
2017-01-11 00:00:00-05:00,42.859471941854395,43.04205441027962,40.97278901440729,41.3447151184082,13565200,0.64,0.0
2017-01-12 00:00:00-05:00,41.0945082048815,41.54082001894094,40.85782609493862,41.43938446044922,8194400,0.0,0.0
2017-01-13 00:00:00-05:00,41.48671663139641,42.20352148382303,41.283848112290976,41.91950607299805,7295100,0.0,0.0
2017-01-17 00:00:00-05:00,41.75720683934636,41.9533141788326,41.31765626182383,41.83159255981445,8446700,0.0,0.0
2017-01-18 00:00:00-05:00,41.763972079435405,42.02094025350006,41.466431748148565,41.69635009765625,5519400,0.0,0.0
2017-01-19 00:00:00-05:00,41.554332046172334,41.8451111387579,41.33117491853627,41.506996154785156,5384200,0.0,0.0
2017-01-20 00:00:00-05:00,41.52729729709466,41.77074058662978,41.3041426680965,41.351478576660156,6730000,0.0,0.0
2017-01-23 00:00:00-05:00,41.26356286514548,41.4258566518525,41.03364451763284,41.22298812866211,5244700,0.0,0.0
2017-01-24 00:00:00-05:00,41.1891847637897,41.20270967845481,40.35065811184868,40.96603012084961,6642000,0.0,0.0
2017-01-25 00:00:00-05:00,40.97953502565111,41.67605364677153,40.80371636901483,41.506996154785156,8052800,0.0,0.0
2017-01-26 00:00:00-05:00,41.35822765833534,41.85863900499879,41.2973668537359,41.432613372802734,7765300,0.0,0.0
2017-01-27 00:00:00-05:00,40.57380676269531,41.41909440358479,40.24921661814733,40.57380676269531,14151200,0.0,0.0
2017-01-30 00:00:00-05:00,40.51293834491105,40.891628065608565,40.08015156674971,40.86457824707031,7792700,0.0,0.0
2017-01-31 00:00:00-05:00,40.58056628729363,41.466428627773084,40.404747600130335,41.32442092895508,8149800,0.0,0.0
2017-02-01 00:00:00-05:00,41.29738083008084,41.31766691194184,40.756397150340234,41.1756591796875,5888700,0.0,0.0
2017-02-02 00:00:00-05:00,41.01336536557215,41.33119182638707,40.89840488259458,41.1756591796875,5365300,0.0,0.0
2017-02-03 00:00:00-05:00,41.182421206143204,41.290617937570936,40.871353346126604,41.026885986328125,6470300,0.0,0.0
2017-02-06 00:00:00-05:00,40.91868468324063,41.229752508503026,40.810487963901224,41.01335906982422,5358100,0.0,0.0
2017-02-07 00:00:00-05:00,41.013356386824036,41.1621252539253,40.84429886268975,40.95249557495117,4210300,0.0,0.0
2017-02-08 00:00:00-05:00,40.668477398891376,41.263560603295346,40.607616587309,40.925445556640625,5357800,0.0,0.0
2017-02-09 00:00:00-05:00,40.92544844964101,41.2500386078211,40.85782388776187,41.141841888427734,4324600,0.0,0.0
2017-02-10 00:00:00-05:00,41.14860541664738,41.25004097548164,40.75639325368932,40.857826232910156,5749200,0.0,0.0
2017-02-13 00:00:00-05:00,40.96602057849671,41.155364180476425,40.864585031942944,40.91868209838867,6396000,0.0,0.0
2017-02-14 00:00:00-05:00,40.871346808531335,41.236511686044906,40.67524203767092,41.12831497192383,13562200,0.0,0.0
2017-02-15 00:00:00-05:00,41.19594393607909,41.81807708247405,40.84430649027179,41.68959426879883,8927600,0.0,0.0
2017-02-16 00:00:00-05:00,41.70310588857478,41.86540223538377,41.12155021324048,41.574623107910156,5662000,0.0,0.0
2017-02-17 00:00:00-05:00,41.615204069317734,41.9803689695935,41.36499705638065,41.77073669433594,8124400,0.0,0.0
2017-02-21 00:00:00-05:00,41.818078611293075,42.00066108768355,41.58816022394364,41.811317443847656,8503500,0.0,0.0
2017-02-22 00:00:00-05:00,41.73692010185743,41.89245270600393,41.452902135441185,41.49347686767578,6422200,0.0,0.0
2017-02-23 00:00:00-05:00,41.70988149808696,42.08857136195154,41.55434885211052,41.88570022583008,8057700,0.0,0.0
2017-02-24 00:00:00-05:00,41.8721649427528,42.08179719434792,41.58138838418451,41.987125396728516,6536400,0.0,0.0
2017-02-27 00:00:00-05:00,41.93978856749624,42.17646805629408,41.709870244258504,42.075035095214844,5214100,0.0,0.0
2017-02-28 00:00:00-05:00,42.000655725786665,42.19676309164615,41.716637716677525,41.81807327270508,6756100,0.0,0.0
2017-03-01 00:00:00-05:00,42.03446943473135,42.55516700207447,41.892461710805094,42.487545013427734,7737400,0.0,0.0
2017-03-02 00:00:00-05:00,42.45372785926197,43.008236374165364,42.332006226272114,42.77155685424805,8190000,0.0,0.0
2017-03-03 00:00:00-05:00,42.67689151577892,42.96090698273432,42.48754787114198,42.83242416381836,6125800,0.0,0.0
2017-03-06 00:00:00-05:00,42.60248885138954,43.17728330404735,42.521341975868914,42.97441482543945,6837000,0.0,0.0
2017-03-07 00:00:00-05:00,42.697165778034766,43.37339584123991,42.58220790550412,43.069091796875,9638000,0.0,0.0
2017-03-08 00:00:00-05:00,43.109664711659086,43.738558850292314,42.94060720298591,43.37339401245117,7049700,0.0,0.0
2017-03-09 00:00:00-05:00,43.37340850009792,43.76562328944199,43.31255025307597,43.616851806640625,6957000,0.0,0.0
2017-03-10 00:00:00-05:00,44.15783918815497,44.93549987996332,44.02935378446634,44.550048828125,12788100,0.0,0.0
2017-03-13 00:00:00-04:00,44.54328213092779,44.59061803537021,44.15783114926049,44.529754638671875,7577400,0.0,0.0
2017-03-14 00:00:00-04:00,44.550039172022885,44.665002215302586,44.360695560823096,44.40803146362305,3727200,0.0,0.0
2017-03-15 00:00:00-04:00,44.428316877544425,45.1654103920917,44.41479454518661,45.003116607666016,5241200,0.0,0.0
2017-03-16 00:00:00-04:00,44.9016831917396,44.935491603854146,44.32688859352604,44.563568115234375,5162800,0.0,0.0
2017-03-17 00:00:00-04:00,44.65822638599528,44.69203478786097,44.29306159496035,44.421546936035156,11288000,0.0,0.0
2017-03-20 00:00:00-04:00,44.48240985785558,44.63794503240202,44.3336384280874,44.49593734741211,4252100,0.0,0.0
2017-03-21 00:00:00-04:00,44.6041435980509,44.63119342529468,43.98201304912491,44.19164276123047,5187400,0.0,0.0
2017-03-22 00:00:00-04:00,44.21192304530533,44.44860771285036,44.02257943865039,44.30659484863281,5662600,0.0,0.0
2017-03-23 00:00:00-04:00,44.30660656583601,44.67853529100058,44.19841240166031,44.3945198059082,4099500,0.0,0.0
2017-03-24 00:00:00-04:00,44.29983226840552,44.7055692688347,44.17134690723302,44.37421798706055,4056300,0.0,0.0
2017-03-27 00:00:00-04:00,44.20516924404855,44.82053603229112,44.11725601770897,44.698814392089844,4962300,0.0,0.0
2017-03-28 00:00:00-04:00,44.60412540534847,44.77318288724832,44.387732034885666,44.617652893066406,5067400,0.0,0.0
2017-03-29 00:00:00-04:00,44.597376235164255,44.81376967634081,44.41479636510734,44.47565460205078,3649900,0.0,0.0
2017-03-30 00:00:00-04:00,44.468892822213554,44.50946497726265,44.12401402661757,44.266021728515625,3749600,0.0,0.0
2017-03-31 00:00:00-04:00,44.26602972845871,44.30660189084018,44.05640001051825,44.06316375732422,4057800,0.0,0.0
2017-04-03 00:00:00-04:00,44.11725031675915,44.35392982011423,43.87380706781499,43.975242614746094,5229600,0.0,0.0
2017-04-04 00:00:00-04:00,44.0361102122995,44.157831848396704,43.840002845296965,44.02934646606445,3457900,0.0,0.0
2017-04-05 00:00:00-04:00,44.11050637209311,44.46890761888519,43.86029929450811,43.927921295166016,4396300,0.0,0.0
2017-04-06 00:00:00-04:00,43.97524252266029,44.083441814953886,43.71827694230232,44.009056091308594,4628400,0.0,0.0
2017-04-07 00:00:00-04:00,43.99552147068783,44.58384341893775,43.83999146225218,44.32011413574219,6089300,0.0,0.0
2017-04-10 00:00:00-04:00,44.29307061458371,44.482414213108804,43.89409734043813,43.934669494628906,7136200,0.0,0.0
2017-04-11 00:00:00-04:00,44.00296139658205,44.00296139658205,43.24487799170647,43.83222198486328,5404500,0.64,0.0
2017-04-12 00:00:00-04:00,43.82540329166468,43.98931692467488,43.48392437205896,43.961997985839844,6122000,0.0,0.0
2017-04-13 00:00:00-04:00,43.873190931827345,44.20101284382873,43.7639204348619,43.798065185546875,3896700,0.0,0.0
2017-04-17 00:00:00-04:00,44.24883490332717,44.371767511348835,43.75027343452979,43.92101287841797,4189500,0.0,0.0
2017-04-18 00:00:00-04:00,43.729778844625486,43.76392881240016,43.10828746816709,43.47025680541992,4755800,0.0,0.0
2017-04-19 00:00:00-04:00,43.640995407721725,43.66148330378229,43.238050285111434,43.33366394042969,4057100,0.0,0.0
2017-04-20 00:00:00-04:00,43.518071898306275,43.709299248831186,43.22439983555601,43.55904769897461,5708600,0.0,0.0
2017-04-21 00:00:00-04:00,43.545386341925244,43.9073557322209,43.40196583525117,43.58636474609375,4154900,0.0,0.0
2017-04-24 00:00:00-04:00,43.982482768614695,44.50153214856594,43.88686909474926,44.16005325317383,7121000,0.0,0.0
2017-04-25 00:00:00-04:00,44.351281675890505,44.82251901977645,44.269324863210336,44.46055221557617,5352900,0.0,0.0
2017-04-26 00:00:00-04:00,44.52202327038791,45.02057957582739,44.405916477531285,44.419578552246094,5008900,0.0,0.0
2017-04-27 00:00:00-04:00,44.69957313737131,46.09963831103888,44.47420108787096,45.123008728027344,11692900,0.0,0.0
2017-04-28 00:00:00-04:00,45.11619614867644,45.293766657468,44.69276559536098,45.034244537353516,5521100,0.0,0.0
2017-05-01 00:00:00-04:00,45.07520840537055,45.53278881592247,45.034232610561055,45.40303039550781,4575800,0.0,0.0
2017-05-02 00:00:00-04:00,45.42352630120615,45.53962788067126,45.198148968911745,45.50547790527344,4342800,0.0,0.0
2017-05-03 00:00:00-04:00,45.38253855910994,45.67621058809843,45.21863016472569,45.580596923828125,4993400,0.0,0.0
2017-05-04 00:00:00-04:00,45.58059205638913,46.03134660600324,45.498640473225365,45.915245056152344,4287400,0.0,0.0
2017-05-05 00:00:00-04:00,45.88793363729756,45.9084215364426,45.29375850932018,45.751338958740234,4587800,0.0,0.0
2017-05-08 00:00:00-04:00,45.71718547817265,45.72401130288309,45.17081728925109,45.218624114990234,4497400,0.0,0.0
2017-05-09 00:00:00-04:00,45.211806413242776,45.72402478745877,44.97960325133114,45.19131851196289,4395200,0.0,0.0
2017-05-10 00:00:00-04:00,45.184471256221556,45.232278073386844,44.63810316528775,45.06153869628906,5140200,0.0,0.0
2017-05-11 00:00:00-04:00,45.006918706109545,45.04789450549756,44.16005251857981,44.597145080566406,7853800,0.0,0.0
2017-05-12 00:00:00-04:00,44.576647023482614,45.20497207084584,44.53567122864184,45.11618423461914,6093500,0.0,0.0
2017-05-15 00:00:00-04:00,45.123021317410995,45.6557275639425,45.04106450619289,45.53279495239258,8527900,0.0,0.0
2017-05-16 00:00:00-04:00,45.57376817042969,45.703526586144,45.30058405697004,45.65571975708008,6313500,0.0,0.0
2017-05-17 00:00:00-04:00,45.655717636436705,45.655717636436705,44.12589396689581,44.64494323730469,12771400,0.0,0.0
2017-05-18 00:00:00-04:00,44.6449407243917,45.14349686047424,44.52883397097594,44.822505950927734,6001000,0.0,0.0
2017-05-19 00:00:00-04:00,44.897642574074325,45.08204409084263,44.60397052302662,44.78837203979492,6731800,0.0,0.0
2017-05-22 00:00:00-04:00,44.76787860077343,44.81568543058406,44.25566033399365,44.692752838134766,5541700,0.0,0.0
2017-05-23 00:00:00-04:00,44.69275203644796,45.25277712299278,44.685921000725074,44.9659309387207,4676500,0.0,0.0
2017-05-24 00:00:00-04:00,44.93180253653817,45.1571799024495,44.78155095926396,45.02741622924805,3174600,0.0,0.0
2017-05-25 00:00:00-04:00,45.116191715687265,45.46450166125115,44.93862643489791,45.29376220703125,4058300,0.0,0.0
2017-05-26 00:00:00-04:00,45.17082210144269,45.35522359933371,44.972763742122666,45.11618423461914,4083000,0.0,0.0
2017-05-30 00:00:00-04:00,45.000088365298744,45.21180361281682,44.945450491566845,45.088871002197266,4803900,0.0,0.0
2017-05-31 00:00:00-04:00,45.239122549682776,45.35522933400167,44.80886101779152,45.088871002197266,6935800,0.0,0.0
2017-06-01 00:00:00-04:00,45.25278308866296,45.566943036135136,45.157169418152044,45.56011199951172,4554700,0.0,0.0
2017-06-02 00:00:00-04:00,45.62840622036153,45.96988509992851,45.498647789302936,45.92890930175781,5646000,0.0,0.0
2017-06-05 00:00:00-04:00,45.92890916895882,46.34551381767029,45.6762129230104,46.10647964477539,4918100,0.0,0.0
2017-06-06 00:00:00-04:00,46.08599140645264,46.509421878019296,46.01086563687389,46.35234451293945,5494500,0.0,0.0
2017-06-07 00:00:00-04:00,46.44796651355414,47.342639661961314,46.44796651355414,46.95335388183594,8406300,0.0,0.0
2017-06-08 00:00:00-04:00,46.953339710209505,47.15822909498455,46.666498739967246,46.96017074584961,6082500,0.0,0.0
2017-06-09 00:00:00-04:00,46.98749513322652,47.69094077977732,46.932857262869106,47.5816650390625,6159800,0.0,0.0
2017-06-12 00:00:00-04:00,47.663620119055636,47.73874588543881,47.29482232332569,47.48604965209961,6084300,0.0,0.0
2017-06-13 00:00:00-04:00,47.5475202780047,47.82753024511674,47.41092560211118,47.5816650390625,5269000,0.0,0.0
2017-06-14 00:00:00-04:00,47.451887775555356,48.346560402689576,47.37676203627135,48.16215896606445,6639100,0.0,0.0
2017-06-15 00:00:00-04:00,48.0392492757669,48.25096973749413,47.72508931221708,48.216819763183594,4682700,0.0,0.0
2017-06-16 00:00:00-04:00,48.35340760740897,48.57195386462834,48.14168717564217,48.524147033691406,9342300,0.0,0.0
2017-06-19 00:00:00-04:00,48.565128742325854,48.89294556279579,48.44902716884918,48.722206115722656,6396300,0.0,0.0
2017-06-20 00:00:00-04:00,48.79049504345155,49.04318603329361,48.59926773960786,48.64024353027344,6542800,0.0,0.0
2017-06-21 00:00:00-04:00,48.565128742325854,48.968071336352324,48.52415294240571,48.722206115722656,6096800,0.0,0.0
2017-06-22 00:00:00-04:00,48.82465471161197,50.31350301699649,48.77002204422218,49.97885513305664,9998900,0.0,0.0
2017-06-23 00:00:00-04:00,49.99248949498176,50.19054780546622,49.35051295503654,49.61003494262695,7064500,0.0,0.0
2017-06-26 00:00:00-04:00,49.712490880586856,49.81493557619804,49.45296883418502,49.678340911865234,4019500,0.0,0.0
2017-06-27 00:00:00-04:00,49.65102338904018,49.8968885812679,49.34369450403244,49.439308166503906,4490600,0.0,0.0
2017-06-28 00:00:00-04:00,49.664695305307156,50.22472052959573,49.56908162388385,49.80128479003906,4196200,0.0,0.0
2017-06-29 00:00:00-04:00,49.95835092351712,49.97200778326784,49.11148493403804,49.500770568847656,4444700,0.0,0.0
2017-06-30 00:00:00-04:00,49.56225036977983,49.73298983022562,49.31638512989352,49.52127456665039,4729100,0.0,0.0
2017-07-03 00:00:00-04:00,49.69200524015138,49.84908259807511,49.42565214579907,49.45979690551758,2570700,0.0,0.0
2017-07-05 00:00:00-04:00,49.500770568847656,49.67833579837265,49.16611758359405,49.500770568847656,4751900,0.0,0.0
2017-07-06 00:00:00-04:00,49.33686825156284,49.480288759175735,48.77001725782263,48.988563537597656,4372100,0.0,0.0
2017-07-07 00:00:00-04:00,49.24807734705041,49.24807734705041,48.92025537715688,49.19343948364258,4333700,0.0,0.0
2017-07-10 00:00:00-04:00,49.036362537043956,49.32320350643013,48.88611101673115,49.05685043334961,3158300,0.0,0.0
2017-07-11 00:00:00-04:00,49.097832528080865,49.28905986555062,48.71537785314135,49.063682556152344,3535100,0.0,0.0
2017-07-12 00:00:00-04:00,49.27731370197462,49.704550353780874,49.13260400467979,49.53227615356445,4860200,0.64,0.0
2017-07-13 00:00:00-04:00,49.57363330581311,50.235165707432444,49.387574196281065,50.04910659790039,5189800,0.0,0.0
2017-07-14 00:00:00-04:00,50.04220780407963,50.46255724155284,49.96640674109981,50.37986373901367,4335700,0.0,0.0
2017-07-17 00:00:00-04:00,50.372952575863934,50.62792017087851,50.09042574763768,50.097312927246094,3461600,0.0,0.0
2017-07-18 00:00:00-04:00,50.049083373820814,50.207577902565774,49.44268026807133,49.7734489440918,5269100,0.0,0.0
2017-07-19 00:00:00-04:00,49.94573541401659,50.14556884765625,49.62874627831887,50.14556884765625,3904100,0.0,0.0
2017-07-20 00:00:00-04:00,50.29718304278531,51.14477457309878,50.262731350998706,51.000064849853516,5329700,0.0,0.0
2017-07-21 00:00:00-04:00,50.979379378225964,51.7098202436964,50.889793436874434,51.42728805541992,4961500,0.0,0.0
2017-07-24 00:00:00-04:00,51.42727456433624,51.50996804449265,50.88288764909967,50.931129455566406,5497800,0.0,0.0
2017-07-25 00:00:00-04:00,51.26879854122631,51.37216410377253,49.93884162185522,49.97329330444336,6354200,0.0,0.0
2017-07-26 00:00:00-04:00,49.86993708694717,50.09044785167116,49.58051243661647,50.02153396606445,4877000,0.0,0.0
2017-07-27 00:00:00-04:00,50.15246930414593,50.166254185670745,48.84318420105826,49.42892074584961,7389300,0.0,0.0
2017-07-28 00:00:00-04:00,49.36688428674071,49.91816371752856,47.80952436354677,48.53997039794922,8012400,0.0,0.0
2017-07-31 00:00:00-04:00,48.595099266494245,48.63644864547329,48.11962609605738,48.17475509643555,7770400,0.0,0.0
2017-08-01 00:00:00-04:00,48.257443901261425,48.81561057876181,48.133406277662345,48.498626708984375,6681700,0.0,0.0
2017-08-02 00:00:00-04:00,48.40904837193725,48.74670431911683,48.18853761456002,48.72603225708008,4922200,0.0,0.0
2017-08-03 00:00:00-04:00,48.657124757264384,48.93276452471303,48.484850559782885,48.91897964477539,4400400,0.0,0.0
2017-08-04 00:00:00-04:00,49.04301727725772,49.180839789677684,48.47795811981407,48.91897964477539,4732500,0.0,0.0
2017-08-07 00:00:00-04:00,48.884515033697845,49.084353680822105,48.677783948427255,49.07746124267578,3551100,0.0,0.0
2017-08-08 00:00:00-04:00,49.153259871449556,49.55293714603131,48.9327491781268,49.249732971191406,4398000,0.0,0.0
2017-08-09 00:00:00-04:00,49.105032509257114,49.71143571500689,48.99477451327136,49.62874221801758,4536300,0.0,0.0
2017-08-10 00:00:00-04:00,49.62185194352339,49.74588955258114,48.50551346200362,48.53997039794922,5940300,0.0,0.0
2017-08-11 00:00:00-04:00,48.74669567509013,48.93275471521018,48.53307739540214,48.670894622802734,3248300,0.0,0.0
2017-08-14 00:00:00-04:00,49.08435863829675,49.125702756570625,48.71913298311261,48.80182647705078,2648800,0.0,0.0
2017-08-15 00:00:00-04:00,48.98099321977971,49.02233733816717,48.429713773458246,48.4710578918457,3724100,0.0,0.0
2017-08-16 00:00:00-04:00,48.57442827346931,48.75359489994138,48.31257340200316,48.52619171142578,4751600,0.0,0.0
2017-08-17 00:00:00-04:00,48.65021088404121,48.705339864721665,48.11960890281148,48.13338851928711,5086000,0.0,0.0
2017-08-18 00:00:00-04:00,47.9059938085819,48.53996668268047,47.871542132663535,48.209197998046875,4016400,0.0,0.0
2017-08-21 00:00:00-04:00,48.181644464524034,48.808725043147994,48.17475728220741,48.719139099121094,4666400,0.0,0.0
2017-08-22 00:00:00-04:00,48.86385305663766,49.53227248780051,48.76048749267937,49.442691802978516,3589000,0.0,0.0
2017-08-23 00:00:00-04:00,49.125690435606394,49.54603972393324,49.111905561378805,49.2841796875,3071300,0.0,0.0
2017-08-24 00:00:00-04:00,49.42202566618057,49.82859027379196,49.20151489008473,49.690773010253906,4088300,0.0,0.0
2017-08-25 00:00:00-04:00,49.7665540960484,50.15244648489291,49.75966165842204,49.94572067260742,3871200,0.0,0.0
2017-08-28 00:00:00-04:00,50.07664899125449,50.69683698683217,50.000847944162224,50.52456283569336,4574400,0.0,0.0
2017-08-29 00:00:00-04:00,50.15244555635779,50.92423557714719,50.15244555635779,50.91734313964844,3390800,0.0,0.0
2017-08-30 00:00:00-04:00,50.73128537731176,51.117177728517035,50.70372088688438,50.938011169433594,3189100,0.0,0.0
2017-08-31 00:00:00-04:00,51.06895415353325,51.957889480351746,50.938024105100894,51.888980865478516,6177600,0.0,0.0
2017-09-01 00:00:00-04:00,52.088824882387115,52.371357095529284,51.86142693272135,51.9716796875,3831700,0.0,0.0
2017-09-05 00:00:00-04:00,51.95101492407274,52.08194501757346,51.49621370344684,51.85454177856445,6309100,0.0,0.0
2017-09-06 00:00:00-04:00,52.10259737974538,53.37742511248155,51.92343078124605,53.09489822387695,7755200,0.0,0.0
2017-09-07 00:00:00-04:00,53.26029621255512,56.816033227726905,53.06045749499864,56.354339599609375,15377300,0.0,0.0
2017-09-08 00:00:00-04:00,56.01667187066086,59.324332905559906,55.89263425326523,58.80751037597656,14809100,0.0,0.0
2017-09-11 00:00:00-04:00,58.20111337910178,60.020328456809914,58.14598437495518,59.951419830322266,12687000,0.0,0.0
2017-09-12 00:00:00-04:00,59.93072153074385,60.619818008719726,59.60684534491297,60.46821594238281,11155600,0.0,0.0
2017-09-13 00:00:00-04:00,60.35108656663037,61.21934457034933,60.240828577808124,60.96438217163086,9172200,0.0,0.0
2017-09-14 00:00:00-04:00,60.79898567421062,61.5500983253601,60.74385669319351,61.4811897277832,10272200,0.0,0.0
2017-09-15 00:00:00-04:00,61.59835972550328,61.80509085904288,59.62065010693028,60.20638656616211,20441500,0.0,0.0
2017-09-18 00:00:00-04:00,60.27527112849083,60.509561412737455,58.62833092959335,58.7937126159668,9656700,0.0,0.0
2017-09-19 00:00:00-04:00,58.94533664356247,59.71712689645466,58.83507863998174,59.51728820800781,7786400,0.0,0.0
2017-09-20 00:00:00-04:00,59.53795104259264,60.282176679255215,59.43458549460226,60.23394012451172,6559400,0.0,0.0
2017-09-21 00:00:00-04:00,60.19948318938487,60.43377352459893,59.724004823063204,60.23394012451172,7340300,0.0,0.0
2017-09-22 00:00:00-04:00,60.10301417456931,60.468234579278764,59.792917509472026,60.28218078613281,6807000,0.0,0.0
2017-09-25 00:00:00-04:00,59.89628840246318,60.4889120295805,59.537960404792486,59.65510559082031,8287000,0.0,0.0
2017-09-26 00:00:00-04:00,59.50348867029275,59.88938633036916,58.683467314583424,58.81439208984375,5862400,0.0,0.0
2017-09-27 00:00:00-04:00,58.8144045552221,58.84196905516895,57.3259583598272,58.40094757080078,6581200,0.0,0.0
2017-09-28 00:00:00-04:00,59.724019219497116,62.67335272306861,59.52418051384877,61.30205154418945,14809300,0.0,0.0
2017-09-29 00:00:00-04:00,61.115986234858795,61.57078730984028,60.413104677082266,61.233131408691406,6769400,0.0,0.0
2017-10-02 00:00:00-04:00,61.83952741218232,62.30122612980047,61.26758122979627,62.28744125366211,6600100,0.0,0.0
2017-10-03 00:00:00-04:00,62.32190892899725,62.459726169797335,61.34338759271004,61.811973571777344,4286900,0.0,0.0
2017-10-04 00:00:00-04:00,61.68793845549052,62.32191145811438,61.54322876956068,61.949798583984375,3251200,0.0,0.0
2017-10-05 00:00:00-04:00,61.80507485577068,62.4045855244994,61.66036520271927,62.142730712890625,4382900,0.0,0.0
2017-10-06 00:00:00-04:00,62.156518904859105,62.935201523899785,61.984244733551414,62.35635757446289,3461800,0.0,0.0
2017-10-09 00:00:00-04:00,62.41149224863859,62.8387341250085,62.12207287628686,62.55620193481445,4331500,0.0,0.0
2017-10-10 00:00:00-04:00,62.507959698101814,62.859400479704654,61.81197057381907,62.82494354248047,3560200,0.0,0.0
2017-10-11 00:00:00-04:00,63.031684720786835,63.817254647005946,62.687136323062965,63.65876007080078,6298500,0.0,0.0
2017-10-12 00:00:00-04:00,63.679548924170156,63.83220860608811,63.08279653113807,63.436683654785156,4818200,0.64,0.0
2017-10-13 00:00:00-04:00,63.42976395533082,63.73507809983776,62.8260656001686,62.9162712097168,6803900,0.0,0.0
2017-10-16 00:00:00-04:00,63.152206950127486,63.83222993159218,62.839946961682706,63.17302322387695,4640300,0.0,0.0
2017-10-17 00:00:00-04:00,63.207712841286686,64.38041229580456,63.11056670477759,63.957130432128906,5280500,0.0,0.0
2017-10-18 00:00:00-04:00,64.08202521906455,66.92009497226641,63.97793857344361,66.64253234863281,10979700,0.0,0.0
2017-10-19 00:00:00-04:00,66.2678098079311,67.04498393353171,65.58084656032338,66.94783782958984,9303700,0.0,0.0
2017-10-20 00:00:00-04:00,67.15602083408523,68.18300096971642,65.84454284288287,66.68416595458984,6882600,0.0,0.0
2017-10-23 00:00:00-04:00,66.56620629340148,66.6147793582542,65.53922611557225,65.58086395263672,4483900,0.0,0.0
2017-10-24 00:00:00-04:00,65.22697427323965,65.3241204071425,62.98566208318449,63.62405776977539,10301100,0.0,0.0
2017-10-25 00:00:00-04:00,63.68649832154733,63.89467160664595,62.9579024118353,63.67955780029297,6924800,0.0,0.0
2017-10-26 00:00:00-04:00,63.742015396425494,63.742015396425494,59.148369476620665,62.146034240722656,10307500,0.0,0.0
2017-10-27 00:00:00-04:00,64.3248959212793,65.90006089834438,62.971785296987434,63.790592193603516,9066300,0.0,0.0
2017-10-30 00:00:00-04:00,63.63099157243772,63.88079742375396,61.6950041658375,63.11750411987305,6526200,0.0,0.0
2017-10-31 00:00:00-04:00,63.06200510590825,63.714276678873084,62.479128180843084,62.624847412109375,7065600,0.0,0.0
2017-11-01 00:00:00-04:00,62.99257985087902,64.76897170807464,62.63868746574337,64.14446258544922,7048800,0.0,0.0
2017-11-02 00:00:00-04:00,63.89469883782889,64.07511011479923,62.583220347343676,63.159156799316406,4981900,0.0,0.0
2017-11-03 00:00:00-04:00,63.35344384164722,64.22775915995408,63.082821677304445,64.05428314208984,3620800,0.0,0.0
2017-11-06 00:00:00-05:00,63.99183775922087,64.93554777069419,63.43671235456544,64.50532531738281,5633600,0.0,0.0
2017-11-07 00:00:00-05:00,64.51919579942034,66.39273446872697,64.50531475483942,65.19921875,7014000,0.0,0.0
2017-11-08 00:00:00-05:00,65.44209218770726,66.87153819459246,65.11595642257294,66.41355895996094,6802600,0.0,0.0
2017-11-09 00:00:00-05:00,66.12210323803419,66.87152072028995,66.10128696809375,66.53844451904297,5187000,0.0,0.0
2017-11-10 00:00:00-05:00,66.16374757698152,66.57315370373114,64.92165873972095,66.2192611694336,6170100,0.0,0.0
2017-11-13 00:00:00-05:00,66.17761874119095,66.212310760743,65.25472525722513,66.00414276123047,4035700,0.0,0.0
2017-11-14 00:00:00-05:00,65.67107614000527,65.858433190399,64.61634435721656,65.74740600585938,4717300,0.0,0.0
2017-11-15 00:00:00-05:00,65.66413315101568,65.7127062189104,64.33877927327825,65.06044006347656,4745700,0.0,0.0
2017-11-16 00:00:00-05:00,65.53230719744161,66.03885424353673,64.72737587204618,65.5531234741211,4301600,0.0,0.0
2017-11-17 00:00:00-05:00,65.08819568468057,65.56698583270276,64.928595439295,64.95635223388672,3386400,0.0,0.0
2017-11-20 00:00:00-05:00,65.1714815063503,65.44210372212422,64.45676102396953,64.94943237304688,4352200,0.0,0.0
2017-11-21 00:00:00-05:00,65.01880141474729,66.19844136818911,64.9494120749136,65.6988296508789,4346200,0.0,0.0
2017-11-22 00:00:00-05:00,65.70578322852839,66.19845452152663,65.37964744303432,65.5531234741211,2560700,0.0,0.0
2017-11-24 00:00:00-05:00,65.22698125031211,65.90006903154172,64.91472654280477,65.72659301757812,1932900,0.0,0.0
2017-11-27 00:00:00-05:00,65.7057638939768,66.35802997896104,65.532287913937,66.21231079101562,3044600,0.0,0.0
2017-11-28 00:00:00-05:00,66.5731437941758,67.23235040070034,65.80291001927374,66.21231079101562,5105400,0.0,0.0
2017-11-29 00:00:00-05:00,66.44822800162659,66.85762869404208,65.94167590867167,66.48986053466797,4081400,0.0,0.0
2017-11-30 00:00:00-05:00,66.86460445621003,67.67647104281748,66.76051777468044,67.25318908691406,7889600,0.0,0.0
2017-12-01 00:00:00-05:00,67.44051310195489,68.36340114732418,65.4351315111917,66.8368148803711,4823200,0.0,0.0
2017-12-04 00:00:00-05:00,66.87153811431986,67.06583040972376,65.67802224933244,66.07354736328125,4934400,0.0,0.0
2017-12-05 00:00:00-05:00,66.80909949055821,67.11441905076494,65.92090290894144,66.20540618896484,5553000,0.0,0.0
2017-12-06 00:00:00-05:00,66.40660379028859,66.46905789672175,64.85920099556526,65.50453186035156,5114200,0.0,0.0
2017-12-07 00:00:00-05:00,65.24778209974639,65.62249083661122,64.46367260786622,65.39350128173828,4524500,0.0,0.0
2017-12-08 00:00:00-05:00,66.3927416143214,66.98949953791163,65.65720499438976,66.58009338378906,5297000,0.0,0.0
2017-12-11 00:00:00-05:00,66.8854348719021,67.52382555559237,66.45521230120494,66.94094848632812,4181100,0.0,0.0
2017-12-12 00:00:00-05:00,66.42049429377349,67.09358204683475,65.75434706331929,66.82295989990234,4195200,0.0,0.0
2017-12-13 00:00:00-05:00,67.031123830576,68.60628883975589,67.031123830576,67.55155181884766,6148700,0.0,0.0
2017-12-14 00:00:00-05:00,67.53768020047089,67.61401006694594,66.37192122365914,66.82295989990234,3985800,0.0,0.0
2017-12-15 00:00:00-05:00,67.2115251860589,67.91930476104507,67.05886549688819,67.62092590332031,11564700,0.0,0.0
2017-12-18 00:00:00-05:00,67.77358932721926,68.76587206744352,67.69032425149487,68.1344223022461,4768300,0.0,0.0
2017-12-19 00:00:00-05:00,68.29404987722195,68.38426081114046,67.79443800775258,67.94709777832031,2817700,0.0,0.0
2017-12-20 00:00:00-05:00,67.90544774522503,68.62710856051076,67.46134959644421,67.59319305419922,3411900,0.0,0.0
2017-12-21 00:00:00-05:00,67.87768566072802,68.245453915215,67.80829632302489,67.94013977050781,2249500,0.0,0.0
2017-12-22 00:00:00-05:00,67.90544247123903,68.48138403304345,67.8013558176253,68.14830780029297,2835600,0.0,0.0
2017-12-26 00:00:00-05:00,68.10667948346332,68.25239868993964,67.34338613303468,67.82911682128906,2363800,0.0,0.0
2017-12-27 00:00:00-05:00,67.8152552225556,68.16220729916037,67.61402238283662,68.06505584716797,1927300,0.0,0.0
2017-12-28 00:00:00-05:00,68.13442755583714,68.27320622212271,67.66950790624024,67.85686492919922,1870400,0.0,0.0
2017-12-29 00:00:00-05:00,68.09975850937849,68.30099136486793,67.10747528076172,67.10747528076172,3214400,0.0,0.0
2018-01-02 00:00:00-05:00,67.40583308527653,68.62710558856958,67.13521095302228,68.28709411621094,4561300,0.0,0.0
2018-01-03 00:00:00-05:00,68.38424386036246,69.4597919239142,68.03035132486478,69.35570526123047,4702300,0.0,0.0
2018-01-04 00:00:00-05:00,69.43896999344716,69.47366730953769,68.24545431924581,68.96017456054688,3579000,0.0,0.0
2018-01-05 00:00:00-05:00,68.93241630815314,70.22307808722216,68.39117207062104,70.16062927246094,4599300,0.0,0.0
2018-01-08 00:00:00-05:00,70.27861873326246,70.27861873326246,68.12751670460618,69.03652954101562,5582000,0.0,0.0
2018-01-09 00:00:00-05:00,69.03651015123214,69.84838188616465,68.48832533471455,69.55693817138672,4055400,0.0,0.0
2018-01-10 00:00:00-05:00,69.14753617285416,69.52918020477013,68.82140043866238,69.17529296875,4608600,0.0,0.0
2018-01-11 00:00:00-05:00,69.44787552797064,69.5317379183507,68.88177773268447,69.37798309326172,4240900,0.71,0.0
2018-01-12 00:00:00-05:00,69.42687392806299,70.33542185747399,68.95163970706611,70.1257553100586,4372600,0.0,0.0
2018-01-16 00:00:00-05:00,70.06986177954214,71.98479562653826,69.88815109372646,71.62836456298828,8528600,0.0,0.0
2018-01-17 00:00:00-05:00,71.98480803036902,73.27074767269562,71.67031342907325,72.93528747558594,5384900,0.0,0.0
2018-01-18 00:00:00-05:00,72.88634586874308,73.27771776809108,72.29229771236349,72.5508804321289,6371200,0.0,0.0
2018-01-19 00:00:00-05:00,72.91429939507506,73.29169599947784,72.36917274384062,73.13095092773438,4991300,0.0,0.0
2018-01-22 00:00:00-05:00,73.17288313889786,74.45882773486402,73.00515308969953,74.42388153076172,4538100,0.0,0.0
2018-01-23 00:00:00-05:00,74.200226302592,74.75933347511672,73.40350204757102,73.64810943603516,5095300,0.0,0.0
2018-01-24 00:00:00-05:00,73.56424756946635,74.2421632876338,72.75354269725422,73.73896789550781,4436500,0.0,0.0
2018-01-25 00:00:00-05:00,74.0464899343741,75.73778715145127,73.89972546488356,75.6888656616211,6327500,0.0,0.0
2018-01-26 00:00:00-05:00,80.02194155305395,87.96123679221736,79.32305996743776,86.10919952392578,19614500,0.0,0.0
2018-01-29 00:00:00-05:00,84.9141093650118,86.7661465616038,83.15293018354016,85.4802017211914,10182700,0.0,0.0
2018-01-30 00:00:00-05:00,83.46042253489789,84.87915104321488,80.97939655524384,80.98638153076172,11851400,0.0,0.0
2018-01-31 00:00:00-05:00,81.21701772182706,81.41969399479227,77.77852205341105,78.42848205566406,15744800,0.0,0.0
2018-02-01 00:00:00-05:00,78.44247067226236,82.13955504120676,78.43548569521066,81.3078842163086,9943500,0.0,0.0
2018-02-02 00:00:00-05:00,80.72082844613536,82.41911102412801,80.31547582013528,80.49019622802734,7184400,0.0,0.0
2018-02-05 00:00:00-05:00,78.97359460403749,80.74875391905289,76.45762274500747,76.53450012207031,9827800,0.0,0.0
2018-02-06 00:00:00-05:00,73.31964753729665,79.33701126454976,70.58701880439975,77.71560668945312,14107800,0.0,0.0
2018-02-07 00:00:00-05:00,77.93926590755612,81.66430574348729,77.84142291988434,79.40692138671875,10030800,0.0,0.0
2018-02-08 00:00:00-05:00,79.20425686552466,79.67250628064144,75.70285838600844,75.81468200683594,7212400,0.0,0.0
2018-02-09 00:00:00-05:00,76.57646999568138,78.79891408287483,74.3680065288599,77.78553771972656,8909300,0.0,0.0
2018-02-12 00:00:00-05:00,78.67308325425734,79.20423464005432,77.33123217312597,78.22579956054688,4823300,0.0,0.0
2018-02-13 00:00:00-05:00,77.9532532459184,78.56128214920231,77.14953835041717,78.17689514160156,5316200,0.0,0.0
2018-02-14 00:00:00-05:00,77.6037992848247,79.44185563650966,77.0726478731732,79.0295181274414,6189100,0.0,0.0
2018-02-15 00:00:00-05:00,79.40693834583057,81.30090705746618,78.54032122416243,80.30150604248047,7401100,0.0,0.0
2018-02-16 00:00:00-05:00,80.5321171313059,83.3066721915489,80.51114620750977,82.88734436035156,8717000,0.0,0.0
2018-02-20 00:00:00-05:00,82.27232984699155,84.94904723309106,81.9228891020295,82.45404052734375,8751400,0.0,0.0
2018-02-21 00:00:00-05:00,82.8104680703324,84.77432872602175,82.36318433350216,82.40512084960938,5122500,0.0,0.0
2018-02-22 00:00:00-05:00,82.86637131318912,83.67707633500258,81.4755987542281,82.1604995727539,5185700,0.0,0.0
2018-02-23 00:00:00-05:00,82.75456271498807,83.38355181258368,81.69225982670035,82.99217987060547,4685700,0.0,0.0
2018-02-26 00:00:00-05:00,83.35559830801779,85.06786126747318,83.1948585409607,84.94206237792969,4473500,0.0,0.0
2018-02-27 00:00:00-05:00,84.71142513952113,85.2635421589199,82.57983978477371,82.64972686767578,4754300,0.0,0.0
2018-02-28 00:00:00-05:00,83.16690747704364,83.86578905248098,80.91650795100848,80.95145416259766,6660000,0.0,0.0
2018-03-01 00:00:00-05:00,81.00734326091444,81.49655809377,78.14192533920051,79.56065368652344,7148900,0.0,0.0
2018-03-02 00:00:00-05:00,78.93167253369465,80.6998417460312,78.19784487963803,80.39932250976562,5439700,0.0,0.0
2018-03-05 00:00:00-05:00,79.67249568397658,81.29390064601789,78.896736746806,80.8326416015625,3975700,0.0,0.0
2018-03-06 00:00:00-05:00,81.07723934441285,81.2799156068501,79.55367755440379,80.06385803222656,3650500,0.0,0.0
2018-03-07 00:00:00-05:00,78.68006119357993,80.36436242156218,78.4214731826599,80.17566680908203,5286200,0.0,0.0
2018-03-08 00:00:00-05:00,80.37139228134279,82.29331687937491,79.9171181281264,81.7761459350586,6179400,0.0,0.0
2018-03-09 00:00:00-05:00,82.36318442547505,83.62816357727439,82.2373855410984,83.36957550048828,5835600,0.0,0.0
2018-03-12 00:00:00-04:00,83.44645722886324,83.57924109612982,82.41910050840966,82.67768859863281,4892900,0.0,0.0
2018-03-13 00:00:00-04:00,83.34860487352951,84.87915165360535,82.97819855080778,83.69105529785156,5403200,0.0,0.0
2018-03-14 00:00:00-04:00,84.1033684654968,84.3340005615254,82.43304267675798,83.12493896484375,3556100,0.0,0.0
2018-03-15 00:00:00-04:00,83.16690404109637,83.51634481437829,80.28751014971787,80.32245635986328,5812400,0.0,0.0
2018-03-16 00:00:00-04:00,80.294490825129,81.58043548919252,79.3859427907784,79.46981048583984,8879300,0.0,0.0
2018-03-19 00:00:00-04:00,79.49076365978378,80.35738037725548,77.18445839229436,78.2956771850586,8598900,0.0,0.0
2018-03-20 00:00:00-04:00,78.90371663906241,79.7773184500971,78.33761903972315,78.72899627685547,4933800,0.0,0.0
2018-03-21 00:00:00-04:00,79.02950920035194,79.52571434953832,78.08602038620768,78.5892105102539,4618000,0.0,0.0
2018-03-22 00:00:00-04:00,72.81647941461716,73.03313101568241,66.75717157369007,68.56028747558594,26861200,0.0,0.0
2018-03-23 00:00:00-04:00,69.18229468864328,70.11180858497742,68.05010980117953,68.11300659179688,14253600,0.0,0.0
2018-03-26 00:00:00-04:00,69.53173034998143,69.82526468049356,64.1293784545706,66.58943939208984,13760600,0.0,0.0
2018-03-27 00:00:00-04:00,66.74317958595962,66.89693436064569,63.68208070354198,64.30408477783203,10821300,0.0,0.0
2018-03-28 00:00:00-04:00,64.42989063531155,67.68667582673868,64.00357247095957,65.88356018066406,11154200,0.0,0.0
2018-03-29 00:00:00-04:00,66.05828139079698,66.77114355375795,65.34542455987906,66.14913940429688,7399400,0.0,0.0
2018-04-02 00:00:00-04:00,65.69486025219712,66.14214398054229,63.109000864448966,63.919700622558594,7816500,0.0,0.0
2018-04-03 00:00:00-04:00,64.53473427155392,64.61860199593838,61.65534505092978,63.31169128417969,10449200,0.0,0.0
2018-04-04 00:00:00-04:00,61.99778435505541,65.28253098203511,61.941872548935166,64.95405578613281,8841700,0.0,0.0
2018-04-05 00:00:00-04:00,65.04490143570509,65.18467560384208,64.05249097862128,64.44386291503906,7045000,0.0,0.0
2018-04-06 00:00:00-04:00,63.912713449843224,64.83523685131397,62.053691362474076,62.745582580566406,6761200,0.0,0.0
2018-04-09 00:00:00-04:00,63.870781656333726,65.2615543875106,63.19286572912425,63.23480224609375,8302100,0.0,0.0
2018-04-10 00:00:00-04:00,63.94766000804664,65.96742720359528,63.54929774914709,65.42929077148438,6253700,0.0,0.0
2018-04-11 00:00:00-04:00,64.7024550865741,66.03033109609223,64.57665619447147,65.44326782226562,7135700,0.0,0.0
2018-04-12 00:00:00-04:00,66.17055003065269,66.17055003065269,65.01251286574835,65.04782104492188,6402500,0.96,0.0
2018-04-13 00:00:00-04:00,65.40794897041809,65.41501168482547,64.32052260440366,64.84305572509766,4630000,0.0,0.0
2018-04-16 00:00:00-04:00,65.59153248742567,66.01520370786174,65.18198130651965,65.38675689697266,3922500,0.0,0.0
2018-04-17 00:00:00-04:00,65.81044405912073,66.38240546316781,65.40089816627948,66.08583068847656,4474700,0.0,0.0
2018-04-18 00:00:00-04:00,66.3753294888152,66.79900072724683,65.68332900246826,66.60128784179688,5289700,0.0,0.0
2018-04-19 00:00:00-04:00,66.67895935315686,66.74957032604418,64.53941508976689,65.67626953125,4972900,0.0,0.0
2018-04-20 00:00:00-04:00,65.95871816246964,66.23410472511668,64.97720571606663,65.38675689697266,4754800,0.0,0.0
2018-04-23 00:00:00-04:00,65.61980102335353,66.23412801068815,65.4785790293168,65.78926849365234,4716300,0.0,0.0
2018-04-24 00:00:00-04:00,65.6339062070109,66.00815464229096,63.86154741787058,64.51117706298828,6378300,0.0,0.0
2018-04-25 00:00:00-04:00,64.2287349825993,65.16081404404743,63.91804016635889,64.87130737304688,5487800,0.0,0.0
2018-04-26 00:00:00-04:00,66.37534819290467,69.58819964864087,66.07877878115862,68.80440521240234,12594400,0.0,0.0
2018-04-27 00:00:00-04:00,68.80438254329133,70.15306988317624,68.04883383147596,69.71527862548828,6117600,0.0,0.0
2018-04-30 00:00:00-04:00,69.9412585016093,70.20251971653346,68.15476857945806,68.17595672607422,7449400,0.0,0.0
2018-05-01 00:00:00-04:00,72.0949132250927,72.99168941693344,71.44528355664399,72.07373046875,11910500,0.0,0.0
2018-05-02 00:00:00-04:00,71.43823012117102,71.85484413669107,70.58382471831023,70.87333679199219,7625600,0.0,0.0
2018-05-03 00:00:00-04:00,70.75328536249435,71.15577390832999,69.74353264051754,70.80977630615234,7699500,0.0,0.0
2018-05-04 00:00:00-04:00,70.54144363398485,71.26874693451606,69.99067046998151,70.73209381103516,5224400,0.0,0.0
2018-05-07 00:00:00-04:00,71.14165664078584,71.50883701433811,70.0754129335644,70.35079956054688,6151500,0.0,0.0
2018-05-08 00:00:00-04:00,69.9977370496348,70.45671654273433,69.69410495917874,70.18839263916016,7620900,0.0,0.0
2018-05-09 00:00:00-04:00,70.21664115435443,72.05255381904692,69.8353353460511,71.4452896118164,5665600,0.0,0.0
2018-05-10 00:00:00-04:00,72.43386150329732,73.30238693308767,71.97488197841889,72.62451171875,5369700,0.0,0.0
2018-05-11 00:00:00-04:00,73.05523671462386,73.92376742403552,72.05254675440133,73.56364440917969,6358900,0.0,0.0
2018-05-14 00:00:00-04:00,73.71899986225615,75.06063022793994,73.669571630286,74.7711181640625,8471700,0.0,0.0
2018-05-15 00:00:00-04:00,74.41098697525764,74.53808889889659,73.14703045331264,73.56364440917969,8387600,0.0,0.0
2018-05-16 00:00:00-04:00,73.76133966468674,74.6016247025163,73.57774684396949,74.17089080810547,8296700,0.0,0.0
2018-05-17 00:00:00-04:00,74.21328204472658,74.43218311785236,73.58483507343688,74.3686294555664,6702900,0.0,0.0
2018-05-18 00:00:00-04:00,74.3333281819978,75.39957201145772,74.22035166459621,74.83467864990234,5328000,0.0,0.0
2018-05-21 00:00:00-04:00,75.55491817271734,75.73144835536387,74.81348925069243,75.0112075805664,5797300,0.0,0.0
2018-05-22 00:00:00-04:00,75.23716599886303,75.72438563962139,74.91940843773509,75.0112075805664,9456800,0.0,0.0
2018-05-23 00:00:00-04:00,74.74286774326859,75.07474530193268,73.95907341156874,74.56633758544922,12816600,0.0,0.0
2018-05-24 00:00:00-04:00,73.82493285494549,73.82493285494549,71.74893594920897,72.82929992675781,13164500,0.0,0.0
2018-05-25 00:00:00-04:00,72.2290926617395,72.82929422592103,70.2943233018427,71.37468719482422,25301700,0.0,0.0
2018-05-29 00:00:00-04:00,70.80271678658202,71.73479584991045,69.85651768033834,70.23782348632812,25494700,0.0,0.0
2018-05-30 00:00:00-04:00,71.92544044469263,72.8433993246931,71.1981371321606,72.73748016357422,31273400,0.0,0.0
2018-05-31 00:00:00-04:00,71.2687573806751,71.38879659816334,69.55288398663075,69.86357879638672,18910900,0.0,0.0
2018-06-01 00:00:00-04:00,69.15040151462777,70.20958258221386,69.12921875523982,69.23513793945312,14837300,0.0,0.0
2018-06-04 00:00:00-04:00,69.53874835505536,70.23074341967138,68.93148430154311,69.9765396118164,10922500,0.0,0.0
2018-06-05 00:00:00-04:00,69.98360757481362,70.85213282740857,69.73646646176921,70.07540130615234,10199000,0.0,0.0
2018-06-06 00:00:00-04:00,70.08246813957167,70.60499586461933,69.42577577929688,70.59793853759766,4933500,0.0,0.0
2018-06-07 00:00:00-04:00,70.78857393695272,70.84506486495975,69.81412967155252,70.13188171386719,5092500,0.0,0.0
2018-06-08 00:00:00-04:00,70.1036553872838,70.9651234191113,69.9059424725574,70.91569519042969,4012900,0.0,0.0
2018-06-11 00:00:00-04:00,71.00748957552675,71.37467532386057,70.1954551523064,70.44965362548828,5770100,0.0,0.0
2018-06-12 00:00:00-04:00,70.47083887831296,70.69679725752634,69.72234737000952,69.84239196777344,8060400,0.0,0.0
2018-06-13 00:00:00-04:00,69.849442962202,70.06834399432083,68.85381579593538,68.90324401855469,7816200,0.0,0.0
2018-06-14 00:00:00-04:00,69.46814170643582,69.84944747151759,69.02328767414335,69.72940826416016,4648700,0.0,0.0
2018-06-15 00:00:00-04:00,69.74353485276228,70.52027188451532,69.19982431780822,70.30843353271484,20806200,0.0,0.0
2018-06-18 00:00:00-04:00,70.0118645027753,70.13896643704139,69.41872034710919,69.53876495361328,6425600,0.0,0.0
2018-06-19 00:00:00-04:00,69.12214987423675,69.46814748368321,68.44427469791853,69.2068862915039,5528300,0.0,0.0
2018-06-20 00:00:00-04:00,69.35516764635206,70.29430935696435,69.08683836487839,69.37635040283203,5842700,0.0,0.0
2018-06-21 00:00:00-04:00,68.99504344511834,69.19275635191579,67.26505012336791,67.4698257446289,7225000,0.0,0.0
2018-06-22 00:00:00-04:00,67.8299505680777,67.86525875686792,65.97285512536018,66.01522064208984,9454800,0.0,0.0
2018-06-25 00:00:00-04:00,66.0010981894209,66.64366518121305,65.0337109569822,65.70452880859375,5573100,0.0,0.0
2018-06-26 00:00:00-04:00,65.9234089382533,66.2764691809015,65.01957557903741,65.04782104492188,5117100,0.0,0.0
2018-06-27 00:00:00-04:00,65.21730506458626,65.85987206849417,64.58885810358123,64.61710357666016,5833000,0.0,0.0
2018-06-28 00:00:00-04:00,64.49706449921031,65.39384083771785,64.12282137655504,65.26673889160156,6698900,0.0,0.0
2018-06-29 00:00:00-04:00,65.55623261223998,66.7001499008715,65.35851971014202,65.42207336425781,6787900,0.0,0.0
2018-07-02 00:00:00-04:00,65.00548107801917,65.88107477517534,64.8571963520349,65.74691009521484,3854500,0.0,0.0
2018-07-03 00:00:00-04:00,66.07876994078792,66.63660588574108,65.75395509700627,66.0999526977539,2452400,0.0,0.0
2018-07-05 00:00:00-04:00,66.70016900095753,67.12384039638496,66.34004589057086,66.71429443359375,4744000,0.0,0.0
2018-07-06 00:00:00-04:00,67.22265925693263,68.54310633122566,67.05319187105296,68.43718719482422,5867400,0.0,0.0
2018-07-09 00:00:00-04:00,69.1857203216567,69.44698157723005,68.43722858902733,68.52196502685547,5953100,0.0,0.0
2018-07-10 00:00:00-04:00,68.57137543642368,69.87063482159655,68.26774334726022,69.79296112060547,5119900,0.0,0.0
2018-07-11 00:00:00-04:00,67.97116627580198,68.84675425740868,66.98965913326789,67.05320739746094,6230000,0.0,0.0
2018-07-12 00:00:00-04:00,67.70949729875805,68.24449649759583,67.12456505905382,68.20169830322266,4672000,0.96,0.0
2018-07-13 00:00:00-04:00,67.73803476238096,69.09336722499054,67.72377051094644,68.9292984008789,3712400,0.0,0.0
2018-07-16 00:00:00-04:00,69.0220269683682,69.06482515993359,67.95202864089,68.6582260131836,3783500,0.0,0.0
2018-07-17 00:00:00-04:00,68.67247392156413,69.31447385373863,68.00194549666334,68.05901336669922,5107500,0.0,0.0
2018-07-18 00:00:00-04:00,67.95918065323156,68.07331645843378,67.28865184570006,67.33858489990234,5521900,0.0,0.0
2018-07-19 00:00:00-04:00,66.49682972957395,66.53962792079638,62.60203650183933,64.16423034667969,19747200,0.0,0.0
2018-07-20 00:00:00-04:00,63.27968597541409,63.94308500456438,61.88869064443364,63.42235565185547,11791900,0.0,0.0
2018-07-23 00:00:00-04:00,63.60782757045902,64.19275972552519,63.2297623954189,63.77189636230469,6316800,0.0,0.0
2018-07-24 00:00:00-04:00,64.56368500115195,65.34834916321888,64.02155112240193,65.29841613769531,7965000,0.0,0.0
2018-07-25 00:00:00-04:00,64.9702781789339,66.70367511161089,64.9702781789339,66.42547607421875,7494300,0.0,0.0
2018-07-26 00:00:00-04:00,67.01755115574939,67.45268418860937,66.0117556866561,67.01042175292969,6812400,0.0,0.0
2018-07-27 00:00:00-04:00,65.15572502942936,65.81912383160538,63.322462492147864,64.59932708740234,12905800,0.0,0.0
2018-07-30 00:00:00-04:00,64.67780151741881,65.29840222437144,63.75760272116094,65.23419952392578,6466000,0.0,0.0
2018-07-31 00:00:00-04:00,65.3768849917104,66.07594736928819,65.14861894809229,65.79061889648438,8691800,0.0,0.0
2018-08-01 00:00:00-04:00,65.83341382194075,67.39561271202551,65.8262789777861,66.989013671875,5330400,0.0,0.0
2018-08-02 00:00:00-04:00,66.75362540399959,68.38002187179976,66.63236024192332,67.85215759277344,6023200,0.0,0.0
2018-08-03 00:00:00-04:00,67.68806906853614,69.08619905333332,67.63813604916092,68.8579330444336,4876100,0.0,0.0
2018-08-06 00:00:00-04:00,68.66534531037331,69.58554431670643,68.29440959315956,69.23600769042969,5134200,0.0,0.0
2018-08-07 00:00:00-04:00,69.40722375673225,70.15621928538343,66.86775747813005,67.09602355957031,8890900,0.0,0.0
2018-08-08 00:00:00-04:00,66.71082167683426,67.11029138999703,66.2471601234138,66.86062622070312,4535100,0.0,0.0
2018-08-09 00:00:00-04:00,67.1958719565355,68.57973777257928,66.6751426462842,68.101806640625,6176100,0.0,0.0
2018-08-10 00:00:00-04:00,68.0162392997388,69.00777084274641,67.98770535232133,68.33724212646484,4446800,0.0,0.0
2018-08-13 00:00:00-04:00,68.4798796198515,69.6069456114116,68.34434478323715,69.0362777709961,5920000,0.0,0.0
2018-08-14 00:00:00-04:00,68.99348126985596,69.44287853159265,68.29441342041801,68.42281341552734,5580800,0.0,0.0
2018-08-15 00:00:00-04:00,68.4227937502217,69.75672634701313,68.20166260531308,69.51419067382812,6861500,0.0,0.0
2018-08-16 00:00:00-04:00,69.79241449357565,70.37021723210796,69.2360162909309,70.06348419189453,6332900,0.0,0.0
2018-08-17 00:00:00-04:00,70.063465979547,70.72686492001573,68.77946627467496,70.48432922363281,6307300,0.0,0.0
2018-08-20 00:00:00-04:00,70.85527643753498,71.49727639459545,69.52847834037397,69.64260864257812,6172500,0.0,0.0
2018-08-21 00:00:00-04:00,69.80668641413429,69.94222126762338,69.05055605739,69.72108459472656,3528400,0.0,0.0
2018-08-22 00:00:00-04:00,69.79239871698395,70.13480046398429,69.28593366131204,69.64973449707031,2963300,0.0,0.0
2018-08-23 00:00:00-04:00,69.68541667339315,69.79954698281259,69.11474879941939,69.30021667480469,2137500,0.0,0.0
2018-08-24 00:00:00-04:00,69.29310110378808,69.61409847075187,68.8722376474447,69.47856903076172,2996100,0.0,0.0
2018-08-27 00:00:00-04:00,69.98500960085349,70.12054443525649,69.4072123675216,69.92080688476562,2456000,0.0,0.0
2018-08-28 00:00:00-04:00,69.75675015847052,70.40587957154949,69.26454924361944,69.3786849975586,3515400,0.0,0.0
2018-08-29 00:00:00-04:00,69.49991747652633,69.78525128492203,68.5012518682863,69.60691833496094,3637100,0.0,0.0
2018-08-30 00:00:00-04:00,69.54987636818122,69.71394513781198,68.87934248525205,69.04341125488281,3434400,0.0,0.0
2018-08-31 00:00:00-04:00,68.65821158270504,68.97207943433078,68.2801464572241,68.46561431884766,4703100,0.0,0.0
2018-09-04 00:00:00-04:00,68.45849112440871,68.45849112440871,67.11029372109896,67.45269012451172,4456100,0.0,0.0
2018-09-05 00:00:00-04:00,67.29574771166256,67.94488253505882,67.11741468663615,67.90208435058594,5188800,0.0,0.0
2018-09-06 00:00:00-04:00,67.61674527076654,67.82361221711224,66.19008117924442,66.86774444580078,5416300,0.0,0.0
2018-09-07 00:00:00-04:00,66.80354635887365,67.30287660789713,65.34121350598957,67.17447662353516,4051700,0.0,0.0
2018-09-10 00:00:00-04:00,67.75227237856777,67.8878017510564,66.83920289254061,66.9248046875,3156800,0.0,0.0
2018-09-11 00:00:00-04:00,66.85349993723459,66.86063478364034,66.25429801189605,66.46829986572266,2638500,0.0,0.0
2018-09-12 00:00:00-04:00,65.90474673536235,67.01041357419753,65.65508160983904,66.51107788085938,3304700,0.0,0.0
2018-09-13 00:00:00-04:00,66.63950191596781,68.74383545864268,66.63237251144527,68.71530151367188,4850700,0.0,0.0
2018-09-14 00:00:00-04:00,68.6867504600477,68.76521742859929,67.70948349681845,68.25161743164062,3446000,0.0,0.0
2018-09-17 00:00:00-04:00,68.05189378543146,68.59402778778184,67.62389554875183,68.0304946899414,3987200,0.0,0.0
2018-09-18 00:00:00-04:00,68.01621986427584,68.52268504105331,65.91902703015228,66.06169128417969,10240500,0.0,0.0
2018-09-19 00:00:00-04:00,65.41969116195558,65.79775633264519,64.48522778215354,64.927490234375,8451400,0.0,0.0
2018-09-20 00:00:00-04:00,65.21993788023713,66.42547057058017,64.64214076464816,66.11160278320312,5991200,0.0,0.0
2018-09-21 00:00:00-04:00,66.23288266383423,66.5752844574852,65.66222026413844,65.81201934814453,9953500,0.0,0.0
2018-09-24 00:00:00-04:00,65.8405521564753,67.03895025028461,65.59088157845069,66.63948059082031,5910300,0.0,0.0
2018-09-25 00:00:00-04:00,66.68228203299225,67.50974437609139,66.62521416318083,66.89627838134766,5303900,0.0,0.0
2018-09-26 00:00:00-04:00,67.26009234190373,67.8450245156092,66.94622443913256,67.18162536621094,4656200,0.0,0.0
2018-09-27 00:00:00-04:00,67.30288288995885,67.6880828789994,67.02468380492269,67.15308380126953,3028600,0.0,0.0
2018-09-28 00:00:00-04:00,67.05321555015452,67.88068337562673,66.93907980500309,67.46694946289062,4527900,0.0,0.0
2018-10-01 00:00:00-04:00,67.58110311611458,68.22310329868311,67.28863969212398,67.76657104492188,3763800,0.0,0.0
2018-10-02 00:00:00-04:00,68.00907876831013,68.01621361304348,66.67515124464589,67.21728515625,6792200,0.0,0.0
2018-10-03 00:00:00-04:00,67.50974785817438,68.9078780869186,67.48121392179692,68.48701477050781,4796800,0.0,0.0
2018-10-04 00:00:00-04:00,68.34435213230303,68.34435213230303,66.5253583996795,66.9390869140625,4425400,0.0,0.0
2018-10-05 00:00:00-04:00,67.12453245990159,67.95912949861454,66.2756711774228,67.32426452636719,4190100,0.0,0.0
2018-10-08 00:00:00-04:00,67.10314775377934,68.0304816237216,66.87488170857242,67.63101196289062,3305500,0.0,0.0
2018-10-09 00:00:00-04:00,67.5596820368799,67.95201686588703,66.91055266068592,67.4598159790039,3625600,0.0,0.0
2018-10-10 00:00:00-04:00,66.9462053697733,68.04473727426726,66.33273943035081,66.39694213867188,5310800,0.0,0.0
2018-10-11 00:00:00-04:00,66.3398847431451,66.61094897964468,63.921689379826724,64.69921875,9994400,0.0,0.0
2018-10-12 00:00:00-04:00,65.39854922418121,65.66530749867853,64.09360803108177,65.3841323852539,5709600,0.96,0.0
2018-10-15 00:00:00-04:00,65.25435316180842,65.3192371821087,64.29547119140625,64.29547119140625,4827900,0.0,0.0
2018-10-16 00:00:00-04:00,64.72804790421243,66.31416957526322,64.54780718026419,66.26370239257812,3787100,0.0,0.0
2018-10-17 00:00:00-04:00,66.19883842518354,66.62420955816481,65.48508642297513,66.52326965332031,2857400,0.0,0.0
2018-10-18 00:00:00-04:00,66.22046644344381,66.61699838941855,64.32433527567484,64.81459045410156,4422300,0.0,0.0
2018-10-19 00:00:00-04:00,64.35316155951459,64.87946149081392,63.4231185913086,63.423118591308594,7059400,0.0,0.0
2018-10-22 00:00:00-04:00,63.82686235991484,63.82686235991484,60.200418847167384,60.755558013916016,7621100,0.0,0.0
2018-10-23 00:00:00-04:00,59.53713979685402,60.98627180570556,58.7584982544633,59.81110382080078,8096200,0.0,0.0
2018-10-24 00:00:00-04:00,59.72458042839826,59.93366038698585,57.143536716636845,57.25168228149414,8689100,0.0,0.0
2018-10-25 00:00:00-04:00,57.96544167124758,59.97692963471077,57.431930449915406,58.92432403564453,9173500,0.0,0.0
2018-10-26 00:00:00-04:00,58.412430990195155,58.7801237305276,57.26610224161642,58.246612548828125,6181500,0.0,0.0
2018-10-29 00:00:00-04:00,59.227116100283304,59.962495996554665,57.63378840793568,58.657554626464844,4343900,0.0,0.0
2018-10-30 00:00:00-04:00,59.0685021814641,59.75341487035229,57.77076650718897,58.82337188720703,5243100,0.0,0.0
2018-10-31 00:00:00-04:00,58.38357418725005,58.816150798437434,56.04765058592007,56.126956939697266,14068500,0.0,0.0
2018-11-01 00:00:00-04:00,56.026045205716926,58.14567860718041,55.87464360568557,57.828453063964844,10671700,0.0,0.0
2018-11-02 00:00:00-04:00,60.690676790835774,60.86370640271179,56.78305792785322,57.359825134277344,12781500,0.0,0.0
2018-11-05 00:00:00-05:00,57.28049962972338,60.43832062034682,57.150726089005836,59.53711700439453,10315600,0.0,0.0
2018-11-06 00:00:00-05:00,59.6452620467034,60.72670637693087,59.34245345385188,60.315757751464844,7945500,0.0,0.0
2018-11-07 00:00:00-05:00,60.66904187481224,62.88239822256788,60.66183070415507,62.6949462890625,10378000,0.0,0.0
2018-11-08 00:00:00-05:00,62.81750931715461,64.67759532851042,62.72378609971852,63.250091552734375,9333200,0.0,0.0
2018-11-09 00:00:00-05:00,63.322188845122014,64.54782388495485,63.127525732594144,64.01431274414062,9169800,0.0,0.0
2018-11-12 00:00:00-05:00,63.98547046542283,64.80736789952931,63.8052297035484,64.66317749023438,9344700,0.0,0.0
2018-11-13 00:00:00-05:00,64.88666864075013,65.5211140872757,63.58893306773071,63.603355407714844,7237200,0.0,0.0
2018-11-14 00:00:00-05:00,64.2017600106797,64.4540959710341,62.32725173259249,63.668243408203125,7268200,0.0,0.0
2018-11-15 00:00:00-05:00,63.177991040451744,65.09575542250826,61.97398404898647,64.98760986328125,10365700,0.0,0.0
2018-11-16 00:00:00-05:00,64.69202340293603,66.32860727080559,64.30990832757622,65.98975372314453,8691100,0.0,0.0
2018-11-19 00:00:00-05:00,65.816729003065,66.57373703762609,64.2450290592221,64.51178741455078,5971700,0.0,0.0
2018-11-20 00:00:00-05:00,64.1657034147886,64.67758645612618,63.3438060807524,63.50962448120117,5372900,0.0,0.0
2018-11-21 00:00:00-05:00,63.805235575595965,64.00710436739163,61.54862300943436,62.1109733581543,6532500,0.0,0.0
2018-11-23 00:00:00-05:00,61.714433085787505,62.39935125147507,61.209761174658816,61.736061096191406,1612800,0.0,0.0
2018-11-26 00:00:00-05:00,62.28400311137858,62.90403183078314,61.43326641502201,62.17585754394531,5227900,0.0,0.0
2018-11-27 00:00:00-05:00,62.16143348249979,63.228455689288076,61.64233921951677,63.21403884887695,4338300,0.0,0.0
2018-11-28 00:00:00-05:00,63.47357642181692,64.13686099107211,62.406548875202006,64.12244415283203,3953600,0.0,0.0
2018-11-29 00:00:00-05:00,64.17292473604739,65.12459577339793,63.7042976379972,64.82179260253906,3838000,0.0,0.0
2018-11-30 00:00:00-05:00,65.07412177995555,67.96517944335938,64.79294665060218,67.96517944335938,12031700,0.0,0.0
2018-12-03 00:00:00-05:00,68.00123098141609,68.28961728593495,66.9197864648538,67.52539825439453,6673900,0.0,0.0
2018-12-04 00:00:00-05:00,67.71283704877952,68.4770614947383,65.17504995603001,65.28319549560547,7008400,0.0,0.0
2018-12-06 00:00:00-05:00,64.67038538620562,65.23274120303903,62.84634969333746,65.12459564208984,8734300,0.0,0.0
2018-12-07 00:00:00-05:00,64.83620743178118,64.88667462535821,62.269580728986256,62.6949462890625,6737700,0.0,0.0
2018-12-10 00:00:00-05:00,62.485867181198,63.358231825008744,60.993473864842166,63.16357421875,5229400,0.0,0.0
2018-12-11 00:00:00-05:00,63.891754672018614,64.48294421962738,62.47866759481992,63.567317962646484,5098100,0.0,0.0
2018-12-12 00:00:00-05:00,64.39642125632939,65.00923876633563,63.704297368503475,63.87732696533203,4185100,0.0,0.0
2018-12-13 00:00:00-05:00,64.43248502802818,64.87947870463027,62.99055858631746,63.23568344116211,4078600,0.0,0.0
2018-12-14 00:00:00-05:00,62.57959698765552,62.83914413418819,61.33953962100203,61.721649169921875,5461600,0.0,0.0
2018-12-17 00:00:00-05:00,61.33231865147956,62.637259846028854,60.705078897483446,61.23138427734375,5958200,0.0,0.0
2018-12-18 00:00:00-05:00,61.61351118174807,61.64235036829765,59.69575203055637,60.25810241699219,5288600,0.0,0.0
2018-12-19 00:00:00-05:00,60.79880842103206,62.219106348295014,59.58759041458297,60.21482467651367,5510800,0.0,0.0
2018-12-20 00:00:00-05:00,59.83272642454033,62.34889161634341,59.414572004862954,61.548622131347656,9453300,0.0,0.0
2018-12-21 00:00:00-05:00,61.01509457675971,63.95662483404801,59.998539642563756,61.22417449951172,16044700,0.0,0.0
2018-12-24 00:00:00-05:00,61.17370735568884,62.32004134671127,60.27250363654048,60.676246643066406,5097900,0.0,0.0
2018-12-26 00:00:00-05:00,61.0944135580375,64.23060204581668,61.007901503527144,64.1945571899414,6225000,0.0,0.0
2018-12-27 00:00:00-05:00,63.408700137507545,64.83620944378922,62.62285302734833,64.82179260253906,7272800,0.0,0.0
2018-12-28 00:00:00-05:00,64.95154875254214,66.91978000285133,64.88666472805923,65.69414520263672,6037700,0.0,0.0
2018-12-31 00:00:00-05:00,66.04020517078163,67.04234323201293,65.77345239940301,66.465576171875,5722100,0.0,0.0
2019-01-02 00:00:00-05:00,65.78065930750377,65.79508164707256,63.74754396866445,64.33152770996094,6908400,0.0,0.0
2019-01-03 00:00:00-05:00,63.906145103058655,64.0215017966303,62.06048200999151,62.211883544921875,7653200,0.0,0.0
2019-01-04 00:00:00-05:00,63.264515400678555,64.26665372310987,62.197487535518654,64.2161865234375,8910600,0.0,0.0
2019-01-07 00:00:00-05:00,64.93714363175738,65.4346099112697,64.30990377935103,65.15343475341797,7281500,0.0,0.0
2019-01-08 00:00:00-05:00,65.75182212758912,66.54488581265338,65.17505503905547,65.45623016357422,7478300,0.0,0.0
2019-01-09 00:00:00-05:00,65.52110264426699,65.88879524249157,63.05541098666471,63.30774688720703,9971900,0.0,0.0
2019-01-10 00:00:00-05:00,63.358231707659385,64.0791947673754,62.81030374264358,63.58893966674805,6527700,0.0,0.0
2019-01-11 00:00:00-05:00,63.11310429542347,63.668243408203125,63.11310429542347,63.668243408203125,5318100,0.0,0.0
2019-01-14 00:00:00-05:00,63.47120353986736,63.47120353986736,61.66128292772397,61.858333587646484,6368500,1.07,0.0
2019-01-15 00:00:00-05:00,61.98239130039641,62.529745513374834,61.63208215418122,62.398380279541016,7295500,0.0,0.0
2019-01-16 00:00:00-05:00,62.51516219429975,63.047917265012366,62.36189808948969,62.43488311767578,4927000,0.0,0.0
2019-01-17 00:00:00-05:00,62.427582548099465,63.99666597455266,62.34000385639889,63.63905715942383,6438700,0.0,0.0
2019-01-18 00:00:00-05:00,64.55132100391513,65.52926367461258,63.434719016966696,65.31761932373047,6190000,0.0,0.0
2019-01-22 00:00:00-05:00,64.85051820129112,65.21542095706343,64.1499055783652,64.70455932617188,5664600,0.0,0.0
2019-01-23 00:00:00-05:00,64.8359391000375,65.15705540655311,64.00396100404336,64.55131530761719,4969300,0.0,0.0
2019-01-24 00:00:00-05:00,64.463755615967,64.54403470932503,62.10648014077375,62.67572784423828,8372600,0.0,0.0
2019-01-25 00:00:00-05:00,60.216247711772624,60.289227141327515,57.968445646451094,58.77853012084961,21308600,0.0,0.0
2019-01-28 00:00:00-05:00,58.38443959554912,58.457419031448744,55.96148557505279,56.29719543457031,14718800,0.0,0.0
2019-01-29 00:00:00-05:00,56.21690495341575,57.04158855851324,55.29734865773778,56.538021087646484,13909000,0.0,0.0
2019-01-30 00:00:00-05:00,56.69859899651141,57.7933073994222,56.18043768729062,57.698429107666016,9277200,0.0,0.0
2019-01-31 00:00:00-05:00,57.618149825909654,59.34049148534783,57.442998041145984,58.596092224121094,11563900,0.0,0.0
2019-02-01 00:00:00-05:00,58.566900099286386,58.917209241377996,57.73492215079059,58.749351501464844,6759500,0.0,0.0
2019-02-04 00:00:00-05:00,58.603400921886646,58.64718748287018,56.574536364696684,57.311641693115234,10205600,0.0,0.0
2019-02-05 00:00:00-05:00,57.33352685284207,58.428235266180806,57.08539561844658,58.15821075439453,7965500,0.0,0.0
2019-02-06 00:00:00-05:00,58.09252441467885,58.3041687059916,57.50138366278882,57.71302795410156,4907200,0.0,0.0
2019-02-07 00:00:00-05:00,57.18026147750833,57.81519428547951,56.78616582786839,57.77870178222656,5877500,0.0,0.0
2019-02-08 00:00:00-05:00,57.67652162440936,58.2822614611366,57.57434931074133,58.14359664916992,4598900,0.0,0.0
2019-02-11 00:00:00-05:00,58.304165738314246,58.51581001885432,57.778704844280206,58.21658706665039,4803500,0.0,0.0
2019-02-12 00:00:00-05:00,58.37714531659501,58.472023603112,57.34082275537932,58.33335876464844,6620100,0.0,0.0
2019-02-13 00:00:00-05:00,58.63259024209205,59.34780231431195,58.59610329602501,58.96100616455078,4237200,0.0,0.0
2019-02-14 00:00:00-05:00,58.712856550740625,58.88071428366906,58.18010159661392,58.76394271850586,3436300,0.0,0.0
2019-02-15 00:00:00-05:00,59.20912448645769,59.625113442831875,58.50121775352066,59.00477981567383,6295400,0.0,0.0
2019-02-19 00:00:00-05:00,58.7493490568478,59.49374829685179,58.55230400060326,58.76394271850586,5674700,0.0,0.0
2019-02-20 00:00:00-05:00,58.771254883270885,58.822341061945,57.756825358187854,58.377159118652344,5564100,0.0,0.0
2019-02-21 00:00:00-05:00,58.1947045654088,58.3187757652312,56.997823670941095,57.472198486328125,6360800,0.0,0.0
2019-02-22 00:00:00-05:00,57.77142386527957,58.52312287117493,57.09999836659877,58.399051666259766,5022700,0.0,0.0
2019-02-25 00:00:00-05:00,58.720157839663074,58.83692940815542,58.29686925584059,58.596092224121094,5511800,0.0,0.0
2019-02-26 00:00:00-05:00,58.530416900519064,59.012091351505156,58.39905164733884,58.75666046142578,4283100,0.0,0.0
2019-02-27 00:00:00-05:00,58.486627717815814,58.486627717815814,57.50869076305751,57.95387268066406,4175500,0.0,0.0
2019-02-28 00:00:00-05:00,57.99036161544284,58.17281304472676,57.47220022443361,57.829803466796875,6310800,0.0,0.0
2019-03-01 00:00:00-05:00,58.216602188953026,59.004793734744155,57.858998930723644,58.45743942260742,8567900,0.0,0.0
2019-03-04 00:00:00-05:00,58.67636782036086,58.917204990172664,57.73491798489387,57.99034881591797,5872500,0.0,0.0
2019-03-05 00:00:00-05:00,57.931981859422685,58.31148398995132,57.45031293126105,57.5889778137207,5933100,0.0,0.0
2019-03-06 00:00:00-05:00,57.74951128966918,57.74951128966918,56.60371679645489,56.99051284790039,5293200,0.0,0.0
2019-03-07 00:00:00-05:00,56.756985100057534,57.742227219250225,56.51615345809808,57.09999465942383,6642500,0.0,0.0
2019-03-08 00:00:00-05:00,56.684019392862126,56.95404956354718,56.26073066086182,56.61833953857422,6189100,0.0,0.0
2019-03-11 00:00:00-04:00,56.61102812349054,57.1510827843387,56.392084185537584,56.98323059082031,8078100,0.0,0.0
2019-03-12 00:00:00-04:00,57.27513648124331,57.756805202368334,56.961319902338396,57.464881896972656,6128800,0.0,0.0
2019-03-13 00:00:00-04:00,57.59624652882355,57.873576171758565,57.03429876514671,57.603546142578125,5984500,0.0,0.0
2019-03-14 00:00:00-04:00,57.654644493103774,58.676373483791764,57.22406184609976,58.347957611083984,6161800,0.0,0.0
2019-03-15 00:00:00-04:00,58.42823076490528,59.44995965223637,57.734917717059794,59.36238098144531,12751100,0.0,0.0
2019-03-18 00:00:00-04:00,59.36239548110545,59.661618503414594,58.588803188073385,58.85883331298828,5550100,0.0,0.0
2019-03-19 00:00:00-04:00,58.625299256053474,59.32591213206351,58.02685874312972,58.98290252685547,6335500,0.0,0.0
2019-03-20 00:00:00-04:00,58.90990171254164,59.04856654132158,58.4282274028687,58.69825744628906,5360900,0.0,0.0
2019-03-21 00:00:00-04:00,58.29686975398714,59.34049199241213,57.844393842150005,59.289405822753906,5159200,0.0,0.0
2019-03-22 00:00:00-04:00,58.95368486416687,59.836748813038994,58.15819957599961,58.209285736083984,4992500,0.0,0.0
2019-03-25 00:00:00-04:00,58.019559666594226,58.41365545701503,57.224074036875805,58.026859283447266,4008400,0.0,0.0
2019-03-26 00:00:00-04:00,58.27498771533151,59.2529303105007,58.23850076881031,58.93911361694336,4921900,0.0,0.0
2019-03-27 00:00:00-04:00,59.11426496240883,59.11426496240883,58.238500301267216,58.30418014526367,4006200,0.0,0.0
2019-03-28 00:00:00-04:00,58.62530053290929,58.74206656413269,58.01956039000748,58.35527038574219,3071000,0.0,0.0
2019-03-29 00:00:00-04:00,58.4428285160828,59.04126883141841,58.355249847506485,58.815025329589844,7105900,0.0,0.0
2019-04-01 00:00:00-04:00,59.099657845509675,59.1945305656798,58.36255265657363,58.95369338989258,4759400,0.0,0.0
2019-04-02 00:00:00-04:00,59.03397770751009,60.931471255772706,58.96829787261232,60.62495422363281,6355800,0.0,0.0
2019-04-03 00:00:00-04:00,61.02635127865931,61.83643600649806,60.42061124469424,60.63225555419922,6083500,0.0,0.0
2019-04-04 00:00:00-04:00,60.60306512544093,60.851196387247604,59.89515271573578,60.43520736694336,4827900,0.0,0.0
2019-04-05 00:00:00-04:00,60.44249577607714,61.435031775226314,60.33302382935232,60.90227127075195,3996300,0.0,0.0
2019-04-08 00:00:00-04:00,61.08472751028637,61.30367142112321,60.413307683416626,61.28907775878906,3499200,0.0,0.0
2019-04-09 00:00:00-04:00,61.13581926326026,61.1431188790814,60.208968501092045,60.347633361816406,3712700,0.0,0.0
2019-04-10 00:00:00-04:00,60.71982781619859,60.85119305583839,60.281945540057656,60.537376403808594,3641900,0.0,0.0
2019-04-11 00:00:00-04:00,60.71983473123295,60.756327245056966,59.282122114966164,59.676212310791016,9094200,0.0,0.0
2019-04-12 00:00:00-04:00,59.65401190541767,60.49702093858802,59.04024048809892,59.735355377197266,5011500,1.07,0.0
2019-04-15 00:00:00-04:00,59.86847496936862,60.27519241390419,59.4321832032315,59.92023849487305,3495500,0.0,0.0
2019-04-16 00:00:00-04:00,59.979396902120406,60.119900314273295,59.17335843477093,59.31386184692383,3624700,0.0,0.0
2019-04-17 00:00:00-04:00,59.23250060948464,59.306447673057164,57.34682510028828,57.66480255126953,6817100,0.0,0.0
2019-04-18 00:00:00-04:00,57.72397799448104,57.83490145143443,56.799625256205076,57.36163330078125,7784900,0.0,0.0
2019-04-22 00:00:00-04:00,57.38381371917344,58.493036944319066,57.30986663252395,57.790531158447266,5358600,0.0,0.0
2019-04-23 00:00:00-04:00,57.79052613077521,58.90714565998222,57.494732168109714,58.16766357421875,9920600,0.0,0.0
2019-04-24 00:00:00-04:00,58.58917027709481,58.85537864723499,58.00497873099106,58.17505645751953,7056400,0.0,0.0
2019-04-25 00:00:00-04:00,59.195565858314744,59.50614709906871,56.873591672444675,58.670528411865234,10442900,0.0,0.0
2019-04-26 00:00:00-04:00,58.91454968097107,59.63924477054731,58.71489195526233,58.93673324584961,5790000,0.0,0.0
2019-04-29 00:00:00-04:00,59.498746365524575,59.88328032858938,59.09203447750881,59.38043212890625,6444500,0.0,0.0
2019-04-30 00:00:00-04:00,59.66139842971305,59.66879482823235,58.182434666598496,58.70746612548828,9367400,0.0,0.0
2019-05-01 00:00:00-04:00,58.862792705843056,58.921952646643696,58.13070677429321,58.33776092529297,5231700,0.0,0.0
2019-05-02 00:00:00-04:00,58.219435222771516,58.256405947140955,57.383816738442775,58.02716827392578,5206300,0.0,0.0
2019-05-03 00:00:00-04:00,58.212024390483535,58.2711843049706,57.86446694512196,58.204627990722656,4527300,0.0,0.0
2019-05-06 00:00:00-04:00,57.49474272307773,58.803623772773086,57.19155230419029,58.61136245727539,5413200,0.0,0.0
2019-05-07 00:00:00-04:00,58.123288365234075,58.41168591519414,57.065828801447054,57.64262390136719,4275300,0.0,0.0
2019-05-08 00:00:00-04:00,57.64262691791306,58.337741891014154,57.17675523016695,57.67220687866211,3820700,0.0,0.0
2019-05-09 00:00:00-04:00,57.31726599388325,57.775741339868745,56.74047078970707,57.613059997558594,3792200,0.0,0.0
2019-05-10 00:00:00-04:00,57.272891998291016,57.479951745685575,55.91964391050578,57.272891998291016,4731800,0.0,0.0
2019-05-13 00:00:00-04:00,56.42249333285023,57.161975522576704,56.32635703743291,56.843997955322266,3858400,0.0,0.0
2019-05-14 00:00:00-04:00,57.05844573971582,58.685304222622555,56.94012588695114,58.004981994628906,6365200,0.0,0.0
2019-05-15 00:00:00-04:00,58.056739568491906,58.53000764743476,57.295073930249515,58.25639724731445,4795700,0.0,0.0
2019-05-16 00:00:00-04:00,58.404293995703135,59.71317472397906,58.20463068551514,58.788822174072266,5404700,0.0,0.0
2019-05-17 00:00:00-04:00,58.071535789505454,59.21773544687418,57.69439829087811,58.759254455566406,4756400,0.0,0.0
2019-05-20 00:00:00-04:00,58.4338826993292,59.446975374505335,58.352544845367696,59.02547073364258,4395500,0.0,0.0
2019-05-21 00:00:00-04:00,59.40259534967576,60.26778800753092,59.39519894935723,59.80930709838867,4841900,0.0,0.0
2019-05-22 00:00:00-04:00,59.53571408981742,60.452670447171,59.0698366884624,60.3343505859375,4219500,0.0,0.0
2019-05-23 00:00:00-04:00,59.446979321030064,60.36393575746861,59.39521578772632,60.00898742675781,3299100,0.0,0.0
2019-05-24 00:00:00-04:00,59.96460764199173,59.97200404354221,59.06244411588018,59.20294189453125,3872700,0.0,0.0
2019-05-28 00:00:00-04:00,59.15858620267536,59.232533307068216,57.62046160737322,57.701805114746094,6557800,0.0,0.0
2019-05-29 00:00:00-04:00,57.361635243976515,57.88666694008719,57.014077699922595,57.72397994995117,4182200,0.0,0.0
2019-05-30 00:00:00-04:00,58.06413059485192,58.115894114918646,57.03625095224067,57.391204833984375,3533100,0.0,0.0
2019-05-31 00:00:00-04:00,57.16935413736142,57.36162104554965,56.49642842140289,56.72566604614258,4003200,0.0,0.0
2019-06-03 00:00:00-04:00,56.66651269358295,56.82180326140794,54.581173345674664,55.97879409790039,8434400,0.0,0.0
2019-06-04 00:00:00-04:00,56.30417207695077,57.265501156455386,56.12669793552574,56.75525665283203,6447100,0.0,0.0
2019-06-05 00:00:00-04:00,57.2433126921759,57.80531503219697,56.688701111138776,56.98448944091797,3804400,0.0,0.0
2019-06-06 00:00:00-04:00,57.05845010102826,57.47255833375518,56.83660318103795,56.99189376831055,4032800,0.0,0.0
2019-06-07 00:00:00-04:00,57.30246572243334,57.96060433288955,56.999280998486405,57.25809860229492,4829100,0.0,0.0
2019-06-10 00:00:00-04:00,57.2802861237838,57.494736622284975,56.644331029415085,56.90314865112305,3969400,0.0,0.0
2019-06-11 00:00:00-04:00,57.30246128641076,58.34513366335111,57.30246128641076,57.8053092956543,4210200,0.0,0.0
2019-06-12 00:00:00-04:00,57.8644821022871,58.60396430167735,57.81271857400184,58.10111618041992,4165700,0.0,0.0
2019-06-13 00:00:00-04:00,58.367338690751886,58.56699643115847,57.90146686860166,58.38212585449219,2924900,0.0,0.0
2019-06-14 00:00:00-04:00,58.38211114270274,58.67050871828425,57.83489595336868,58.189849853515625,4075900,0.0,0.0
2019-06-17 00:00:00-04:00,57.97540396086872,58.456068505569924,57.97540396086872,58.160274505615234,3083200,0.0,0.0
2019-06-18 00:00:00-04:00,58.33035079505482,58.56698486076656,56.947522765533556,57.864479064941406,5433500,0.0,0.0
2019-06-19 00:00:00-04:00,57.9753963557664,58.03455627635711,57.15457079342209,57.391204833984375,6147300,0.0,0.0
2019-06-20 00:00:00-04:00,57.85708699490176,58.544805681391615,57.73877277408929,57.931034088134766,5347000,0.0,0.0
2019-06-21 00:00:00-04:00,57.79052556886148,58.47824412760665,56.51861549102737,58.25639724731445,10516900,0.0,0.0
2019-06-24 00:00:00-04:00,57.98280436820945,58.64833386183519,57.568690482942564,58.01237869262695,5182700,0.0,0.0
2019-06-25 00:00:00-04:00,52.11130988737483,52.25920406597343,48.11070860392843,48.58397674560547,90131800,0.0,0.0
2019-06-26 00:00:00-04:00,49.722770666264026,50.58796893868095,49.39740240589719,50.2847785949707,42093800,0.0,0.0
2019-06-27 00:00:00-04:00,50.40310006785772,52.20743246321009,50.35872730770123,51.76374435424805,22129200,0.0,0.0
2019-06-28 00:00:00-04:00,52.19266613510301,53.78994509322043,52.00779554576796,53.7751579284668,21381500,0.0,0.0
2019-07-01 00:00:00-04:00,54.35193551706557,54.61075312926286,53.44976643300574,54.27798843383789,18010900,0.0,0.0
2019-07-02 00:00:00-04:00,54.13009419761023,54.90655275592979,53.47935189969956,54.89176559448242,12862200,0.0,0.0
2019-07-03 00:00:00-04:00,54.980479906192556,55.43896072999651,54.55897543529836,55.43156433105469,7434100,0.0,0.0
2019-07-05 00:00:00-04:00,55.202335374036174,55.305862408216534,53.693791336522104,53.97479248046875,10854900,0.0,0.0
2019-07-08 00:00:00-04:00,53.62724756334941,53.9822015077106,52.414497186301126,52.665924072265625,13487400,0.0,0.0
2019-07-09 00:00:00-04:00,52.636327466734414,53.57546709724149,52.421877015906865,52.680694580078125,11832500,0.0,0.0
2019-07-10 00:00:00-04:00,52.93213082607916,53.05044503002825,52.4736498864996,52.98389434814453,9170400,0.0,0.0
2019-07-11 00:00:00-04:00,53.464549313882216,53.53849638338832,51.65281508108385,52.680694580078125,13001000,0.0,0.0
2019-07-12 00:00:00-04:00,52.778304962505956,52.778304962505956,51.45696889638596,52.76328659057617,12903000,1.07,0.0
2019-07-15 00:00:00-04:00,52.785806466577384,53.3188440937397,52.327843512792924,52.755775451660156,10253300,0.0,0.0
2019-07-16 00:00:00-04:00,52.66570019321586,52.77831509298246,51.899923457068404,51.92245101928711,10141600,0.0,0.0
2019-07-17 00:00:00-04:00,52.05008434434567,52.4479854035729,51.284307523185916,51.29181671142578,12205000,0.0,0.0
2019-07-18 00:00:00-04:00,51.47948875963038,51.764774809259706,51.05155682127118,51.2392463684082,8573300,0.0,0.0
2019-07-19 00:00:00-04:00,51.15666956712504,51.66718543488284,51.12663854810033,51.456974029541016,9806900,0.0,0.0
2019-07-22 00:00:00-04:00,51.42694624732522,51.614635832169476,50.93144299397724,51.05156707763672,9961800,0.0,0.0
2019-07-23 00:00:00-04:00,51.0515677430612,51.3819032495989,50.751263257829805,50.8488655090332,8025300,0.0,0.0
2019-07-24 00:00:00-04:00,50.87889339291592,50.96898646142176,50.12063154569486,50.64616012573242,12595300,0.0,0.0
2019-07-25 00:00:00-04:00,50.64615064614471,50.953964276718,49.92542341649442,50.04554748535156,12403500,0.0,0.0
2019-07-26 00:00:00-04:00,50.78128299370068,51.90742026717629,50.578580804720424,50.871376037597656,12259300,0.0,0.0
2019-07-29 00:00:00-04:00,50.95397252531494,51.35938273159065,50.21071761656023,50.43594741821289,10117300,0.0,0.0
2019-07-30 00:00:00-04:00,50.240748638636035,50.69871170158647,49.74525109396469,50.43594741821289,8143700,0.0,0.0
2019-07-31 00:00:00-04:00,50.233242606198615,50.58609420989585,49.272267132486355,50.01552200317383,11300000,0.0,0.0
2019-08-01 00:00:00-04:00,50.24824558729936,50.45094777714976,48.881865918729936,49.3998908996582,13106700,0.0,0.0
2019-08-02 00:00:00-04:00,49.1746609238981,49.39238148403058,48.821803661884445,49.06204605102539,9653900,0.0,0.0
2019-08-05 00:00:00-04:00,48.784280017322764,49.64014407658881,48.453944510998454,48.97196960449219,11618800,0.0,0.0
2019-08-06 00:00:00-04:00,49.00198508672896,49.42991703068109,48.26624525992098,48.62660598754883,10248700,0.0,0.0
2019-08-07 00:00:00-04:00,48.333816898576934,48.72421441898488,47.53050861714419,48.39387893676758,10532100,0.0,0.0
2019-08-08 00:00:00-04:00,48.64162943842003,49.13712692260742,48.296281318451584,49.13712692260742,7427400,0.0,0.0
2019-08-09 00:00:00-04:00,49.07707121413734,50.20320864305239,48.26625089063902,49.2347297668457,10893500,0.0,0.0
2019-08-12 00:00:00-04:00,48.97946789021517,49.15965399890345,48.10859127621261,48.44643020629883,5258900,0.0,0.0
2019-08-13 00:00:00-04:00,48.69417072316387,49.497481659383446,48.52900302505391,48.806785583496094,7082500,0.0,0.0
2019-08-14 00:00:00-04:00,48.423911237341215,48.791781207289475,47.673152923583984,47.673152923583984,9373300,0.0,0.0
2019-08-15 00:00:00-04:00,48.13862754626881,48.228714882610475,47.042518176819975,47.28276062011719,9195700,0.0,0.0
2019-08-16 00:00:00-04:00,47.68065784650027,48.65664305294262,47.350325229156645,48.37135696411133,8348100,0.0,0.0
2019-08-19 00:00:00-04:00,48.82931288180852,50.21070518838202,48.7767600381417,49.970462799072266,9826300,0.0,0.0
2019-08-20 00:00:00-04:00,50.586083551018596,51.39690375119624,49.79779090737112,49.857852935791016,12037900,0.0,0.0
2019-08-21 00:00:00-04:00,50.55605600872632,50.991497152928844,50.000496527265234,50.70621109008789,7615700,0.0,0.0
2019-08-22 00:00:00-04:00,50.95395875243438,51.074077080437775,50.15815120211214,50.69118881225586,6495700,0.0,0.0
2019-08-23 00:00:00-04:00,50.51101063230146,50.89389891697784,49.15964931293915,49.52751922607422,8904700,0.0,0.0
2019-08-26 00:00:00-04:00,49.87287535316553,50.248254512611965,49.61011108711932,49.8953971862793,4841100,0.0,0.0
2019-08-27 00:00:00-04:00,50.05305010439154,50.28578905194151,49.16715515883457,49.30229187011719,7591200,0.0,0.0
2019-08-28 00:00:00-04:00,49.22722473767918,49.83533716774548,49.099597192969505,49.602603912353516,6872800,0.0,0.0
2019-08-29 00:00:00-04:00,50.098102098820135,50.32332614411718,49.520015020779134,49.715213775634766,6011900,0.0,0.0
2019-08-30 00:00:00-04:00,49.85035786677421,49.872879701851765,49.16716498765135,49.354854583740234,6415100,0.0,0.0
2019-09-03 00:00:00-04:00,49.38488404592899,49.39990242072741,48.746740584958026,49.0995979309082,7915700,0.0,0.0
2019-09-04 00:00:00-04:00,49.302293288801394,49.86536198070959,48.37886384165729,49.835330963134766,9618300,0.0,0.0
2019-09-05 00:00:00-04:00,50.03053463516783,50.526037882150604,49.872876073263726,50.32332992553711,5602400,0.0,0.0
2019-09-06 00:00:00-04:00,50.49600387230204,51.141656455876706,50.30080511433429,50.76627731323242,7502500,0.0,0.0
2019-09-09 00:00:00-04:00,51.021529966013304,51.051560983343215,49.7827777083513,50.0755729675293,10310900,0.0,0.0
2019-09-10 00:00:00-04:00,49.60260590401127,51.18670654296875,49.28728875930371,51.18670654296875,12155700,0.0,0.0
2019-09-11 00:00:00-04:00,51.33685805392221,52.357889950547154,51.09661559164764,52.17020034790039,8369100,0.0,0.0
2019-09-12 00:00:00-04:00,53.123648025581716,53.43145588703281,52.69571611138768,53.17620086669922,9560100,0.0,0.0
2019-09-13 00:00:00-04:00,53.41644362100421,53.68671701375146,52.913437034214105,52.93595886230469,8135600,0.0,0.0
2019-09-16 00:00:00-04:00,52.830878235479695,53.27382300555067,52.3428840600318,52.9885368347168,5992000,0.0,0.0
2019-09-17 00:00:00-04:00,52.935967761140446,54.12216148668133,52.823352873926204,53.75429153442383,9013500,0.0,0.0
2019-09-18 00:00:00-04:00,53.81434818882548,53.919453878957846,53.161186490576725,53.506534576416016,6252600,0.0,0.0
2019-09-19 00:00:00-04:00,53.60414819584243,53.987036564280146,53.46150227414702,53.80685043334961,5541200,0.0,0.0
2019-09-20 00:00:00-04:00,54.05459775626872,54.805356058439116,54.05459775626872,54.34739303588867,12968700,0.0,0.0
2019-09-23 00:00:00-04:00,54.30236131179092,55.39095879818882,54.09214985741057,54.75281524658203,8092300,0.0,0.0
2019-09-24 00:00:00-04:00,55.42849331471294,55.42849331471294,54.182231637811206,54.767822265625,8223800,0.0,0.0
2019-09-25 00:00:00-04:00,54.71525773956798,54.985531160590426,54.06960520355112,54.12215805053711,5922700,0.0,0.0
2019-09-26 00:00:00-04:00,54.767800792574,55.90144712092281,54.52005497413276,55.57862091064453,10324100,0.0,0.0
2019-09-27 00:00:00-04:00,55.71377477238859,56.411980245775496,55.49605417016778,56.19425964355469,7677300,0.0,0.0
2019-09-30 00:00:00-04:00,56.26932886075707,57.38796278354537,56.26932886075707,56.847415924072266,8315100,0.0,0.0
2019-10-01 00:00:00-04:00,56.97504519728516,57.08015089786446,54.7603105707241,54.978031158447266,10910800,0.0,0.0
2019-10-02 00:00:00-04:00,54.72277675255006,54.80536063090537,53.7317759401182,54.152198791503906,8380500,0.0,0.0
2019-10-03 00:00:00-04:00,54.09963127844,55.51106028770582,54.084618635457055,55.44348907470703,6228500,0.0,0.0
2019-10-04 00:00:00-04:00,55.72127739605058,56.35191156723696,55.518569464004386,56.051612854003906,7007500,0.0,0.0
2019-10-07 00:00:00-04:00,56.096654957445324,56.50956854058829,55.616170156220015,55.80385971069336,5163500,0.0,0.0
2019-10-08 00:00:00-04:00,55.46601894875059,56.119180705942604,55.12067083174605,55.20325469970703,6121500,0.0,0.0
2019-10-09 00:00:00-04:00,55.608656055020006,56.02157532949583,54.99303459987522,55.030574798583984,5851000,0.0,0.0
2019-10-10 00:00:00-04:00,54.97051819147287,56.0290843110312,54.955499819376605,55.89394760131836,7329400,0.0,0.0
2019-10-11 00:00:00-04:00,56.34336402880757,56.62519138087664,56.038680627256326,56.084381103515625,7164900,1.07,0.0
2019-10-14 00:00:00-04:00,56.099618748707066,56.49570310474585,55.901573665011405,56.183406829833984,5040900,0.0,0.0
2019-10-15 00:00:00-04:00,56.51854109808165,57.11267622044753,56.21386357237766,56.74705505371094,6028300,0.0,0.0
2019-10-16 00:00:00-04:00,56.65565162097387,57.112679558947846,56.62518270435216,56.93748474121094,8288300,0.0,0.0
2019-10-17 00:00:00-04:00,57.12029729654269,58.02672875637844,56.8613202002194,57.234554290771484,6811300,0.0,0.0
2019-10-18 00:00:00-04:00,57.31073130259952,58.780823435033334,57.28788106298625,58.240013122558594,9480200,0.0,0.0
2019-10-21 00:00:00-04:00,58.559916311887534,59.298771571202444,57.77536058254547,58.87983703613281,7839100,0.0,0.0
2019-10-22 00:00:00-04:00,59.451110198414334,59.91575096829441,59.22259624847782,59.314002990722656,6062000,0.0,0.0
2019-10-23 00:00:00-04:00,59.25308702835271,59.428276084781956,58.796064771178784,59.222618103027344,6136700,0.0,0.0
2019-10-24 00:00:00-04:00,59.291165503265,59.329253110625245,58.08005629906828,58.49899673461914,5699300,0.0,0.0
2019-10-25 00:00:00-04:00,58.18668520712257,58.49136858262524,58.05719666122335,58.2933235168457,5497000,0.0,0.0
2019-10-28 00:00:00-04:00,58.39994176516796,59.70245708193684,58.26283458385807,59.66437530517578,7146400,0.0,0.0
2019-10-29 00:00:00-04:00,59.496812188915946,59.9766845224616,59.10072210705334,59.771026611328125,6391500,0.0,0.0
2019-10-30 00:00:00-04:00,59.80150479501495,60.776486976328776,59.42065201722972,60.677467346191406,7222500,0.0,0.0
2019-10-31 00:00:00-04:00,60.715547384221544,60.738397620412584,59.976692086833566,60.59367752075195,10009400,0.0,0.0
2019-11-01 00:00:00-04:00,60.95929752145851,62.596965704474236,60.27376132724815,62.269432067871094,13356300,0.0,0.0
2019-11-04 00:00:00-05:00,63.18345549706029,63.46528856436037,62.566476032575565,63.213924407958984,9127900,0.0,0.0
2019-11-05 00:00:00-05:00,63.3510481220432,63.526242952560494,62.056151033592506,62.33797836303711,7475600,0.0,0.0
2019-11-06 00:00:00-05:00,62.284665039178634,62.65028628818997,61.20304447002205,62.52079772949219,9303600,0.0,0.0
2019-11-07 00:00:00-05:00,62.619799385713726,62.90924534169415,61.759074387496256,62.46746063232422,6561500,0.0,0.0
2019-11-08 00:00:00-05:00,62.53600330380441,65.0953335495408,62.52838462370722,64.9049072265625,11364100,0.0,0.0
2019-11-11 00:00:00-05:00,64.7068799038338,65.26292747585758,63.907092615603155,65.24769592285156,8726300,0.0,0.0
2019-11-12 00:00:00-05:00,65.20199173014208,67.24336276810628,65.16390994073106,65.84182739257812,12165900,0.0,0.0
2019-11-13 00:00:00-05:00,65.30864105552254,66.47404977469759,64.99634475972246,66.00941467285156,5798800,0.0,0.0
2019-11-14 00:00:00-05:00,65.87228863727134,66.83965198362958,65.45334832308984,66.74824523925781,5425600,0.0,0.0
2019-11-15 00:00:00-05:00,67.10626095852909,67.93652306910059,66.46643105579356,67.50996398925781,8036700,0.0,0.0
2019-11-18 00:00:00-05:00,67.28906535394782,68.10409586960651,67.27383379997528,67.58613586425781,5772300,0.0,0.0
2019-11-19 00:00:00-05:00,67.98982030178036,68.86578260538805,67.72322459494772,67.8070068359375,7504800,0.0,0.0
2019-11-20 00:00:00-05:00,67.57851091251189,67.57851091251189,65.91799273864352,66.42071533203125,10933000,0.0,0.0
2019-11-21 00:00:00-05:00,66.10841947177558,66.16935730505226,65.16390630139357,65.90275573730469,9614100,0.0,0.0
2019-11-22 00:00:00-05:00,65.99419584734125,66.10845288965415,64.98112564957722,65.54479217529297,7784700,0.0,0.0
2019-11-25 00:00:00-05:00,66.15413510222457,66.9386909985731,65.55238693625023,66.8472900390625,9522100,0.0,0.0
2019-11-26 00:00:00-05:00,67.14435188793276,67.1748208102415,66.21507009725066,66.81681823730469,6431400,0.0,0.0
2019-11-27 00:00:00-05:00,66.92346102621677,67.64707909244771,66.73303460759251,67.28146362304688,4711800,0.0,0.0
2019-11-29 00:00:00-05:00,67.03007501469483,67.09862571105683,66.43594573415346,66.82441711425781,3042800,0.0,0.0
2019-12-02 00:00:00-05:00,66.90823194939397,67.0529579051153,66.26840189298053,66.29125213623047,6526400,0.0,0.0
2019-12-03 00:00:00-05:00,65.47623135625044,65.87232163559575,65.19439811176836,65.46861267089844,10054500,0.0,0.0
2019-12-04 00:00:00-05:00,65.64377830175872,66.68731689831208,65.59807783272845,66.42071533203125,6174600,0.0,0.0
2019-12-05 00:00:00-05:00,66.45882548587242,66.45882548587242,65.70473843418594,66.05512237548828,6072100,0.0,0.0
2019-12-06 00:00:00-05:00,66.42833996114271,66.80919273409596,66.10080634394883,66.2531509399414,6044600,0.0,0.0
2019-12-09 00:00:00-05:00,66.43595677182819,66.81680953405022,65.79612110939215,65.84182739257812,5582700,0.0,0.0
2019-12-10 00:00:00-05:00,66.20744198945505,66.23029222509578,65.66663177100081,65.9332275390625,7816000,0.0,0.0
2019-12-11 00:00:00-05:00,66.03987884521484,66.46643796942699,65.68188206412411,66.03987884521484,7326400,0.0,0.0
2019-12-12 00:00:00-05:00,66.08557500414385,67.74609333205419,66.07795632148151,67.58613586425781,6260500,0.0,0.0
2019-12-13 00:00:00-05:00,67.62422352100438,67.86035040185087,66.51975270459376,66.90821838378906,5975200,0.0,0.0
2019-12-16 00:00:00-05:00,67.31952308367843,68.6448947017258,67.22812215233115,68.11931610107422,6723300,0.0,0.0
2019-12-17 00:00:00-05:00,68.55350307606544,68.68299163159564,67.84511664515867,68.61444091796875,8750000,0.0,0.0
2019-12-18 00:00:00-05:00,68.59155765767699,68.69057724458398,67.80699639643055,68.04312896728516,6490100,0.0,0.0
2019-12-19 00:00:00-05:00,68.30975488600248,68.30975488600248,67.45664256630668,67.6166000366211,5447000,0.0,0.0
2019-12-20 00:00:00-05:00,68.85816584047231,70.06927457578438,67.90603413861663,68.0126724243164,19134800,0.0,0.0
2019-12-23 00:00:00-05:00,68.19550563577418,68.91151080347876,68.04316683093839,68.74393463134766,5907200,0.0,0.0
2019-12-24 00:00:00-05:00,68.8581875367066,68.8581875367066,68.11933217344767,68.43924713134766,1798800,0.0,0.0
2019-12-26 00:00:00-05:00,68.70583090503477,69.10192100284372,68.13455180390194,68.42400360107422,4066700,0.0,0.0
2019-12-27 00:00:00-05:00,68.53826512997232,68.76677329877234,67.66230262119244,67.94412994384766,4087800,0.0,0.0
2019-12-30 00:00:00-05:00,67.95938308156616,68.34785461344572,67.15197690397824,67.42618560791016,7014800,0.0,0.0
2019-12-31 00:00:00-05:00,67.19004963906264,67.48711435532671,66.93868539873074,67.44141387939453,4702100,0.0,0.0
2020-01-02 00:00:00-05:00,67.85272139348383,68.22595542862466,67.41854952895436,68.21072387695312,5639200,0.0,0.0
2020-01-03 00:00:00-05:00,67.1595751970881,68.08885687366649,66.95391726094712,67.56327819824219,5988500,0.0,0.0
2020-01-06 00:00:00-05:00,67.19766096041751,68.26404983571034,67.0148532653636,68.09647369384766,6786600,0.0,0.0
2020-01-07 00:00:00-05:00,67.73848436556212,68.20312528162515,67.2281429696742,67.70801544189453,7242500,0.0,0.0
2020-01-08 00:00:00-05:00,67.90606172016585,68.59921085875226,67.69278506213927,68.1878890991211,7696800,0.0,0.0
2020-01-09 00:00:00-05:00,68.56112403113578,68.72870019624683,67.82988733812148,68.71346282958984,7518000,0.0,0.0
2020-01-10 00:00:00-05:00,68.7286937996902,68.77439427270257,67.66230487570225,67.83749389648438,8581400,0.0,0.0
2020-01-13 00:00:00-05:00,68.17265974648724,68.17265974648724,66.96916335288593,67.42618560791016,9292200,0.0,0.0
2020-01-14 00:00:00-05:00,67.24089293173616,68.2753712884619,66.98613267710977,68.090087890625,8876900,1.18,0.0
2020-01-15 00:00:00-05:00,68.07464394946001,69.38703549591324,68.07464394946001,68.90840148925781,8490100,0.0,0.0
2020-01-16 00:00:00-05:00,68.94699777599749,69.32528025915671,68.64591964604804,68.90840148925781,7073200,0.0,0.0
2020-01-17 00:00:00-05:00,68.80804575600632,68.91612479455216,67.77357327567734,67.9356918334961,10122300,0.0,0.0
2020-01-21 00:00:00-05:00,67.68865385422461,68.34484970608531,67.60373376740978,67.92797088623047,13552000,0.0,0.0
2020-01-22 00:00:00-05:00,67.95886558293284,68.06694464501103,67.27951063703176,67.3258285522461,6438900,0.0,0.0
2020-01-23 00:00:00-05:00,67.20229900331634,67.21773634207912,65.61198217691417,65.82814025878906,12266800,0.0,0.0
2020-01-24 00:00:00-05:00,65.95165704983384,65.99025922833316,63.89042793906563,64.49258422851562,13215400,0.0,0.0
2020-01-27 00:00:00-05:00,65.65832071637345,66.33767568193745,64.8477218374583,64.8631591796875,13832000,0.0,0.0
2020-01-28 00:00:00-05:00,65.61197978400351,65.61197978400351,64.56978570447845,64.6701431274414,8614400,0.0,0.0
2020-01-29 00:00:00-05:00,64.69331280720868,64.84770976021508,64.17607064591816,64.23011016845703,5703200,0.0,0.0
2020-01-30 00:00:00-05:00,63.75148795139029,63.913606549195,62.670691409491525,63.133888244628906,10870000,0.0,0.0
2020-01-31 00:00:00-05:00,62.948591109698214,63.087550706005665,62.076237243352544,62.547149658203125,13870100,0.0,0.0
2020-02-03 00:00:00-05:00,62.77103189677308,63.76690806264163,62.46995374079721,63.53531265258789,10143700,0.0,0.0
2020-02-04 00:00:00-05:00,64.53119256313975,65.39583087008234,64.53119256313975,65.1256332397461,8251500,0.0,0.0
2020-02-05 00:00:00-05:00,65.66602503239574,67.27177927911293,65.52706541700931,66.87805938720703,10020600,0.0,0.0
2020-02-06 00:00:00-05:00,67.8507749135031,67.90481443529757,66.56154211507375,67.30265808105469,7769700,0.0,0.0
2020-02-07 00:00:00-05:00,69.27896513788203,71.78023807025059,68.61504766828783,71.24755859375,19090300,0.0,0.0
2020-02-10 00:00:00-05:00,71.30159633922192,73.72566484838804,71.10859721658215,73.14666748046875,13998300,0.0,0.0
2020-02-11 00:00:00-05:00,73.54039562950675,74.94542916510909,73.34739648511156,74.1116714477539,10682800,0.0,0.0
2020-02-12 00:00:00-05:00,74.09623362074646,75.54758505670738,73.88779124784442,75.49354553222656,10591000,0.0,0.0
2020-02-13 00:00:00-05:00,74.76786575210156,75.16158564735952,73.51723509284243,73.60987091064453,10613000,0.0,0.0
2020-02-14 00:00:00-05:00,73.5172413502921,73.57128087856503,72.39012109225625,72.60628509521484,11175800,0.0,0.0
2020-02-18 00:00:00-05:00,72.31291947333588,72.95367805927634,71.99640393284636,72.2666015625,9406300,0.0,0.0
2020-02-19 00:00:00-05:00,72.39012510316078,73.17756500432948,71.81112760107027,72.67576599121094,6349100,0.0,0.0
2020-02-20 00:00:00-05:00,72.51363793126336,72.86875564607001,71.47915946650797,72.7452392578125,5446200,0.0,0.0
2020-02-21 00:00:00-05:00,72.53678046159499,73.74109295128125,72.0890211395806,73.30877685546875,6676000,0.0,0.0
2020-02-24 00:00:00-05:00,71.15491762343447,72.46731523745503,71.13948028462138,71.90375518798828,10705100,0.0,0.0
2020-02-25 00:00:00-05:00,72.04271425814183,72.15079329862338,68.0206131377465,68.84664916992188,11366400,0.0,0.0
2020-02-26 00:00:00-05:00,68.4143387280856,70.39064807911933,68.08237996460417,68.2522201538086,9786900,0.0,0.0
2020-02-27 00:00:00-05:00,66.53837980863639,69.05508414238301,65.00210254242516,65.94393920898438,14184100,0.0,0.0
2020-02-28 00:00:00-05:00,63.91360264180715,66.16783142089844,62.979487412591936,66.16783142089844,18450000,0.0,0.0
2020-03-02 00:00:00-05:00,66.39168875168004,68.53783774801873,64.50029997458397,68.4683609008789,12171100,0.0,0.0
2020-03-03 00:00:00-05:00,69.04738811447147,70.17450261224218,66.12924147245494,67.60375213623047,12660900,0.0,0.0
2020-03-04 00:00:00-05:00,68.91613430549118,70.91560857426325,68.66909562759811,70.8306884765625,16590400,0.0,0.0
2020-03-05 00:00:00-05:00,69.5259992617151,70.79979459793469,69.0396436125544,69.95059967041016,9688400,0.0,0.0
2020-03-06 00:00:00-05:00,68.4992563530895,69.29441185581847,67.36442048419815,68.56873321533203,12664600,0.0,0.0
2020-03-09 00:00:00-04:00,64.84770727603762,67.42617280963964,63.635672982782516,65.82814025878906,15806200,0.0,0.0
2020-03-10 00:00:00-04:00,68.08238129534583,68.10554025071428,64.66243615909454,67.57286071777344,12965800,0.0,0.0
2020-03-11 00:00:00-04:00,66.23730650821646,66.88578078466931,64.51575160595779,65.50390625,10382200,0.0,0.0
2020-03-12 00:00:00-04:00,60.87193449820486,62.75560820350606,59.49005979192356,60.6866569519043,19935700,0.0,0.0
2020-03-13 00:00:00-04:00,64.35363496645398,66.63874412178593,62.292405524667366,65.90534973144531,21867700,0.0,0.0
2020-03-16 00:00:00-04:00,60.98771171262606,63.442660343741544,56.80349290489697,57.33616638183594,20916000,0.0,0.0
2020-03-17 00:00:00-04:00,58.44785394488491,59.99184693528694,54.032033049956574,56.37118148803711,23205000,0.0,0.0
2020-03-18 00:00:00-04:00,54.03975588085298,55.112830562154926,49.9404562837911,54.83491134643555,23712800,0.0,0.0
2020-03-19 00:00:00-04:00,53.34496162309041,57.783941885118146,50.43453715587605,54.85807418823242,19739900,0.0,0.0
2020-03-20 00:00:00-04:00,56.355741030722115,56.355741030722115,51.577081105140905,53.1287956237793,18844500,0.0,0.0
2020-03-23 00:00:00-04:00,52.01711743900304,52.302758239036386,48.288376205872886,49.79376983642578,19219000,0.0,0.0
2020-03-24 00:00:00-04:00,52.61929299837524,55.44479759448743,51.793250952036956,52.10205078125,18376300,0.0,0.0
2020-03-25 00:00:00-04:00,52.4340043295425,54.564716459432155,50.60437627321516,52.42628860473633,20017300,0.0,0.0
2020-03-26 00:00:00-04:00,53.12879432629958,57.3670530977243,53.082476425039154,56.996498107910156,15979400,0.0,0.0
2020-03-27 00:00:00-04:00,55.298113141986065,57.94606165832649,54.587877698910845,56.100990295410156,12293300,0.0,0.0
2020-03-30 00:00:00-04:00,56.75717570865156,58.85700696899144,56.71857942054946,58.08501052856445,10671600,0.0,0.0
2020-03-31 00:00:00-04:00,58.20855373998399,60.15398287863148,57.46743759717221,58.81843185424805,20474400,0.0,0.0
2020-04-01 00:00:00-04:00,55.67640056388078,57.1200305310464,55.143720990187745,56.67999267578125,12948000,0.0,0.0
2020-04-02 00:00:00-04:00,56.18590106117797,58.28573236147998,55.16686597601559,58.000091552734375,8077800,0.0,0.0
2020-04-03 00:00:00-04:00,57.62953480018423,58.23941268796669,56.008343471705274,56.641380310058594,8062700,0.0,0.0
2020-04-06 00:00:00-04:00,58.471003076468286,59.64444085040599,57.150889998187,58.463287353515625,10266500,0.0,0.0
2020-04-07 00:00:00-04:00,60.5090850512751,60.66348788902637,58.09273806666142,58.2008171081543,11591700,0.0,0.0
2020-04-08 00:00:00-04:00,59.011415737080945,60.972287600129945,57.72989868970903,60.64804458618164,12218500,0.0,0.0
2020-04-09 00:00:00-04:00,60.64803760479785,61.821475475730935,60.64803760479785,61.566715240478516,9425900,0.0,0.0
2020-04-13 00:00:00-04:00,62.26922928066773,62.78646542876478,60.72523655928086,61.991310119628906,9293500,0.0,0.0
2020-04-14 00:00:00-04:00,63.16657468282752,64.91379853382094,62.908014963196784,64.34967041015625,11072700,1.18,0.0
2020-04-15 00:00:00-04:00,63.080407451807865,65.06268728805202,62.38308385671111,64.10680389404297,8977300,0.0,0.0
2020-04-16 00:00:00-04:00,64.81979376223659,65.59546709416831,63.91875594392396,64.13813781738281,10326900,0.0,0.0
2020-04-17 00:00:00-04:00,65.81484405041599,66.43381770583406,64.63957897808713,65.3839111328125,10734800,0.0,0.0
2020-04-20 00:00:00-04:00,65.45443729619862,66.85692115305174,64.7414402051275,65.80701446533203,9126300,0.0,0.0
2020-04-21 00:00:00-04:00,64.6474272805164,65.00784124964285,62.69648260860097,62.9628791809082,9627500,0.0,0.0
2020-04-22 00:00:00-04:00,63.644524567673464,64.60040181605002,63.25276953912808,63.83256530761719,7033300,0.0,0.0
2020-04-23 00:00:00-04:00,64.38886574982811,65.68165872065191,64.21649255669053,64.2791748046875,7869600,0.0,0.0
2020-04-24 00:00:00-04:00,64.9294994424859,65.55630408359556,64.522070746941,65.49362182617188,6770700,0.0,0.0
2020-04-27 00:00:00-04:00,65.8383416722874,66.53566506577813,65.6424641802348,66.35546112060547,9209700,0.0,0.0
2020-04-28 00:00:00-04:00,67.14681557715456,67.35836665922669,64.53773139402549,64.84329986572266,8341000,0.0,0.0
2020-04-29 00:00:00-04:00,65.5954670449322,66.40248149785342,64.35751964253475,65.6268081665039,8231700,0.0,0.0
2020-04-30 00:00:00-04:00,65.00783956280462,65.2350582287357,63.64453354492634,64.40453338623047,15535800,0.0,0.0
2020-05-01 00:00:00-04:00,64.20865936203438,65.99506766332306,63.07257194784603,64.9059829711914,12705300,0.0,0.0
2020-05-04 00:00:00-04:00,64.42020193403212,64.9059743744888,63.55834201214045,64.13813781738281,6833000,0.0,0.0
2020-05-05 00:00:00-04:00,64.99216830162221,67.75796431199011,64.71794092884024,66.88826751708984,10927000,0.0,0.0
2020-05-06 00:00:00-04:00,67.60125604841745,69.06642220826295,66.794241535275,66.92743682861328,17042600,0.0,0.0
2020-05-07 00:00:00-04:00,67.78928254754976,68.04000550835914,65.47009366563611,65.98721313476562,11941800,0.0,0.0
2020-05-08 00:00:00-04:00,66.1439299062506,66.33197665893104,64.60041384982229,65.78351593017578,20188100,0.0,0.0
2020-05-11 00:00:00-04:00,66.66104601591815,69.309308211436,65.79918603328166,68.87054443359375,19219800,0.0,0.0
2020-05-12 00:00:00-04:00,70.51591356265317,72.26314382889713,69.31714398852137,70.87632751464844,23492300,0.0,0.0
2020-05-13 00:00:00-04:00,71.09569887968428,72.27096393181303,68.7373379790284,69.63053894042969,23562600,0.0,0.0
2020-05-14 00:00:00-04:00,68.65115190356546,70.89199109770934,68.50228308299768,70.4688949584961,13379500,0.0,0.0
2020-05-15 00:00:00-04:00,70.52374987900856,71.41695096677331,70.06147578469773,71.07220458984375,14071200,0.0,0.0
2020-05-18 00:00:00-04:00,72.082922934692,73.38355245694348,71.54229909981551,71.66766357421875,16300200,0.0,0.0
2020-05-19 00:00:00-04:00,71.50313039151949,71.80869883944717,70.1711596909328,71.45611572265625,9892500,0.0,0.0
2020-05-20 00:00:00-04:00,72.18476797727779,72.5060099191156,70.43754417415587,71.44827270507812,10661500,0.0,0.0
2020-05-21 00:00:00-04:00,71.51881211248535,72.96830482774007,70.79014736686852,72.88211822509766,10393200,0.0,0.0
2020-05-22 00:00:00-04:00,72.7645838851164,72.87427481900961,71.87138286472438,72.1612777709961,5507000,0.0,0.0
2020-05-26 00:00:00-04:00,73.21902071502325,73.31304408446985,70.75879933606306,71.07220458984375,11869800,0.0,0.0
2020-05-27 00:00:00-04:00,70.9390079006396,71.29942184318128,69.38765521276132,70.500244140625,12529500,0.0,0.0
2020-05-28 00:00:00-04:00,71.19756504554152,71.4482880388085,70.51590910554648,70.53941345214844,8765900,0.0,0.0
2020-05-29 00:00:00-04:00,71.29940422059398,72.78023752234365,70.20248911396664,72.60786437988281,13758800,0.0,0.0
2020-06-01 00:00:00-04:00,72.12212818693395,72.91346931539825,71.05655366110877,71.06438446044922,8486500,0.0,0.0
2020-06-02 00:00:00-04:00,71.27592692264668,71.84788604578316,70.55509894222678,71.33077239990234,9413300,0.0,0.0
2020-06-03 00:00:00-04:00,71.66767124957357,71.69117559661463,70.20250518103408,71.2132339477539,8588400,0.0,0.0
2020-06-04 00:00:00-04:00,70.73529919717957,73.24253539890829,70.7117948478463,72.89778900146484,9525700,0.0,0.0
2020-06-05 00:00:00-04:00,73.25818237334249,74.85654343335841,72.71755857986024,73.53240966796875,9630100,0.0,0.0
2020-06-08 00:00:00-04:00,72.79592198271204,74.44129190048633,72.71756619515021,74.11221313476562,6621400,0.0,0.0
2020-06-09 00:00:00-04:00,74.39429808933741,75.73410591761517,74.24543520219133,75.35018157958984,9555900,0.0,0.0
2020-06-10 00:00:00-04:00,75.99263217034593,77.84171622286998,75.84376933725504,75.922119140625,11138300,0.0,0.0
2020-06-11 00:00:00-04:00,74.97405222982127,75.91426156807712,72.10640358604208,72.28661346435547,12584800,0.0,0.0
2020-06-12 00:00:00-04:00,73.44623610144897,74.22974621212965,71.32292441882925,72.44334411621094,8010100,0.0,0.0
2020-06-15 00:00:00-04:00,71.51096555208652,73.67345514282823,71.12704726956864,72.92912292480469,7120200,0.0,0.0
2020-06-16 00:00:00-04:00,74.3237899396447,75.37369090629521,73.2425478426556,75.26399993896484,9366100,0.0,0.0
2020-06-17 00:00:00-04:00,75.88295663009843,76.07883416707737,74.64500916174163,75.01325988769531,6212200,0.0,0.0
2020-06-18 00:00:00-04:00,74.87223749868275,75.5695611422354,74.63718801055433,75.3971939086914,4571600,0.0,0.0
2020-06-19 00:00:00-04:00,76.56461661788985,76.94069816105574,75.02110058928021,75.77326965332031,9210900,0.0,0.0
2020-06-22 00:00:00-04:00,75.71840410842469,76.23552356533966,75.0759261629195,76.2120132446289,6004300,0.0,0.0
2020-06-23 00:00:00-04:00,77.11306679257072,77.64585392859543,76.03966172304584,76.24337005615234,6715600,0.0,0.0
2020-06-24 00:00:00-04:00,75.57737723281062,76.1258378437465,73.924170581312,74.54314422607422,9025100,0.0,0.0
2020-06-25 00:00:00-04:00,74.57448636488215,76.05531987256295,73.90066724757999,75.99263763427734,6411700,0.0,0.0
2020-06-26 00:00:00-04:00,75.9143018154986,76.0239927638597,74.46480915983402,75.31883239746094,14568400,0.0,0.0
2020-06-29 00:00:00-04:00,75.60872286438665,76.25903766667832,74.96624483666804,75.56171417236328,6676400,0.0,0.0
2020-06-30 00:00:00-04:00,75.19344687138491,77.47345759659765,75.08375596241693,76.92500305175781,8112500,0.0,0.0
2020-07-01 00:00:00-04:00,77.17573152996219,78.08460595839595,76.392221565191,77.67717742919922,6522900,0.0,0.0
2020-07-02 00:00:00-04:00,77.9200730903895,78.34316924019296,76.67429496405765,77.47347259521484,6158800,0.0,0.0
2020-07-06 00:00:00-04:00,78.06893414902386,78.19429861547646,76.74480036622558,77.57532501220703,7039000,0.0,0.0
2020-07-07 00:00:00-04:00,77.31677029360759,78.89162713365606,77.22274693767537,77.84172058105469,6345600,0.0,0.0
2020-07-08 00:00:00-04:00,78.15513885605804,78.79761695140553,77.2149290503767,77.7868881225586,6154400,0.0,0.0
2020-07-09 00:00:00-04:00,77.63016217073569,78.1786167085517,75.85159135379236,76.7369613647461,5817300,0.0,0.0
2020-07-10 00:00:00-04:00,76.83099306006953,77.04254411962611,75.4990283753418,75.86727905273438,6202500,0.0,0.0
2020-07-13 00:00:00-04:00,76.2825384953817,78.00625820411149,75.93779216255284,76.6742935180664,8507400,0.0,0.0
2020-07-14 00:00:00-04:00,76.90430032510638,78.59354386853674,76.08743599118463,78.41114044189453,6765600,1.18,0.0
2020-07-15 00:00:00-04:00,79.30729534252359,79.68797302246094,78.37146901545515,79.68797302246094,5661600,0.0,0.0
2020-07-16 00:00:00-04:00,79.06144731098443,79.48970744625669,78.3635392161704,79.24385070800781,4269200,0.0,0.0
2020-07-17 00:00:00-04:00,79.53728554242743,80.32242605552157,79.24384637762809,79.96554565429688,6890900,0.0,0.0
2020-07-20 00:00:00-04:00,79.91004740540414,80.29865153097205,78.72043775309345,78.94249725341797,4823300,0.0,0.0
2020-07-21 00:00:00-04:00,79.15660280154684,79.15660280154684,77.06289086692777,77.24530029296875,8239000,0.0,0.0
2020-07-22 00:00:00-04:00,77.56252745787833,77.94319903901531,76.87255189740226,77.48321533203125,4441800,0.0,0.0
2020-07-23 00:00:00-04:00,77.91149395356383,78.45078386416208,77.28496552429034,77.74494934082031,5127200,0.0,0.0
2020-07-24 00:00:00-04:00,77.76081038343446,77.87184011982826,76.49982116200931,77.01531982421875,5169400,0.0,0.0
2020-07-27 00:00:00-04:00,76.41257659147044,77.63390964567152,76.34120293115983,77.05496978759766,5030700,0.0,0.0
2020-07-28 00:00:00-04:00,76.92808914944833,77.41979663977787,76.49982895800018,76.6980972290039,5941800,0.0,0.0
2020-07-29 00:00:00-04:00,76.82501300732507,77.24534088963006,76.6426034854179,76.93604278564453,5512000,0.0,0.0
2020-07-30 00:00:00-04:00,76.38085983900307,76.72188147614284,75.66709896883474,76.16673278808594,6411500,0.0,0.0
2020-07-31 00:00:00-04:00,75.77018734921407,77.12634131358378,74.19197393580131,75.27055358886719,14613000,0.0,0.0
2020-08-03 00:00:00-04:00,75.49262048446862,77.06290162940276,75.38951712248127,76.0874252319336,6919000,0.0,0.0
2020-08-04 00:00:00-04:00,76.07156119007185,76.15879970467822,74.59644491666747,74.77885437011719,7865100,0.0,0.0
2020-08-05 00:00:00-04:00,74.92162125350923,75.18333684448803,73.85890008892925,73.95407104492188,6918900,0.0,0.0
2020-08-06 00:00:00-04:00,74.00956913028524,74.27128466188009,72.78823603350915,73.41476440429688,7269300,0.0,0.0
2020-08-07 00:00:00-04:00,73.50994125657988,73.75579196023386,73.12133111450267,73.69234466552734,5226600,0.0,0.0
2020-08-10 00:00:00-04:00,73.46235211853045,74.28714879050968,73.0816804549505,73.26408386230469,7623600,0.0,0.0
2020-08-11 00:00:00-04:00,73.20855760245671,73.98577170823256,73.06580423815771,73.49406433105469,7208400,0.0,0.0
2020-08-12 00:00:00-04:00,74.11267200397592,75.80192142507737,74.01750711309721,75.74640655517578,7705600,0.0,0.0
2020-08-13 00:00:00-04:00,75.4529628693089,75.73846962629908,74.5567925797194,75.08815002441406,6004200,0.0,0.0
2020-08-14 00:00:00-04:00,75.64330401310943,75.8732959196832,74.97712556703402,75.39745330810547,5488100,0.0,0.0
2020-08-17 00:00:00-04:00,75.57192695304069,77.13428173232498,75.54813573112945,76.41258239746094,7251400,0.0,0.0
2020-08-18 00:00:00-04:00,76.62671894712263,76.69016019152095,75.4609006156309,75.85743713378906,4557400,0.0,0.0
2020-08-19 00:00:00-04:00,77.01529965119484,77.26115028157463,76.0160262347287,76.21429443359375,7672000,0.0,0.0
2020-08-20 00:00:00-04:00,75.73054121899506,76.15880137719488,75.08815400702882,75.50054931640625,6798000,0.0,0.0
2020-08-21 00:00:00-04:00,75.50054553529527,75.59571647146247,74.80264348873597,75.23090362548828,5269000,0.0,0.0
2020-08-24 00:00:00-04:00,75.26261365813056,75.53225551916745,74.69160024574,74.95331573486328,4103600,0.0,0.0
2020-08-25 00:00:00-04:00,74.71541297594298,75.17539680733225,74.47749468605247,74.59645080566406,6710000,0.0,0.0
2020-08-26 00:00:00-04:00,74.15232048018204,74.87401976564594,73.70820156646052,74.82643127441406,5682800,0.0,0.0
2020-08-27 00:00:00-04:00,74.81056489951332,75.38950470330171,74.28713390365073,74.78677368164062,5271500,0.0,0.0
2020-08-28 00:00:00-04:00,74.96125199356575,75.06435534869709,74.17611147330778,74.68367767333984,4938300,0.0,0.0
2020-08-31 00:00:00-04:00,74.64404045984595,76.14294809683203,74.55680193700191,75.95260620117188,9932300,0.0,0.0
2020-09-01 00:00:00-04:00,75.75432390673478,76.07155429010517,72.3996287881252,73.15304565429688,15783600,0.0,0.0
2020-09-02 00:00:00-04:00,73.01822608569512,74.73919293082155,72.88340513668516,74.50920104980469,9139200,0.0,0.0
2020-09-03 00:00:00-04:00,74.4536993203581,74.79472099021179,72.24102467884245,72.85962677001953,8921900,0.0,0.0
2020-09-04 00:00:00-04:00,73.02617139241308,73.8588945043808,71.83656176045848,72.85962677001953,9444800,0.0,0.0
2020-09-08 00:00:00-04:00,72.5820318271023,72.85167976941024,70.94037110548113,71.55104064941406,8563900,0.0,0.0
2020-09-09 00:00:00-04:00,72.05861742290838,73.30374186274393,71.78104306702157,72.66928100585938,5373500,0.0,0.0
2020-09-10 00:00:00-04:00,72.2251457840716,72.49479370530386,70.9641628293652,71.09898376464844,10403600,0.0,0.0
2020-09-11 00:00:00-04:00,71.22589514367587,71.64622293018813,70.6152315020891,71.13865661621094,8385800,0.0,0.0
2020-09-14 00:00:00-04:00,71.41621926403758,72.37583677650248,70.94830309228497,71.76516723632812,5212300,0.0,0.0
2020-09-15 00:00:00-04:00,72.48687066264644,72.9468544373716,71.88413351130542,72.0982666015625,3851300,0.0,0.0
2020-09-16 00:00:00-04:00,72.18548841646508,72.38375662971151,71.13070612050004,71.20207977294922,6304400,0.0,0.0
2020-09-17 00:00:00-04:00,70.82142039473942,72.01895625260936,70.72624945774311,71.0831298828125,5604700,0.0,0.0
2020-09-18 00:00:00-04:00,70.97209115345305,71.773096465654,70.47245741154515,71.46379852294922,10076300,0.0,0.0
2020-09-21 00:00:00-04:00,70.69452514896635,70.92451703988341,69.13217040593206,70.65486907958984,7328300,0.0,0.0
2020-09-22 00:00:00-04:00,70.50416722128307,70.5438172275609,69.73488570164898,70.26624298095703,5306100,0.0,0.0
2020-09-23 00:00:00-04:00,70.58350728714873,70.79763436606315,69.09253200808753,69.10839080810547,6253000,0.0,0.0
2020-09-24 00:00:00-04:00,68.99735844103529,68.99735844103529,67.66499541531964,68.1329116821289,9980800,0.0,0.0
2020-09-25 00:00:00-04:00,68.20426355995869,68.88630667961152,67.77600350454885,68.38667297363281,9935600,0.0,0.0
2020-09-28 00:00:00-04:00,69.22733855161859,69.94903178998095,68.89424936468211,69.21940612792969,6306900,0.0,0.0
2020-09-29 00:00:00-04:00,69.08457984793263,69.21940078690884,68.45011911643788,68.91010284423828,5508900,0.0,0.0
2020-09-30 00:00:00-04:00,68.99736076419725,70.13938798202521,68.8466749366595,69.46527099609375,8209300,0.0,0.0
2020-10-01 00:00:00-04:00,69.92525514905216,69.92525514905216,68.78323397706244,69.10839080810547,8777300,0.0,0.0
2020-10-02 00:00:00-04:00,68.60080399216118,69.27491472877178,68.24392361709259,68.2994384765625,5554300,0.0,0.0
2020-10-05 00:00:00-04:00,68.5928594892715,69.93315435414702,68.37080009049883,69.7348861694336,5984200,0.0,0.0
2020-10-06 00:00:00-04:00,69.7666359076605,69.83800957654208,67.97428915307367,68.1170425415039,8743800,0.0,0.0
2020-10-07 00:00:00-04:00,68.33117835945309,69.23528117181162,68.22807498831236,69.05287170410156,5899700,0.0,0.0
2020-10-08 00:00:00-04:00,69.21149104201403,70.2504209815243,68.9339166500334,69.26700592041016,5535100,0.0,0.0
2020-10-09 00:00:00-04:00,69.32251202436107,70.34557084306299,69.27492353115015,69.55249786376953,6005800,0.0,0.0
2020-10-12 00:00:00-04:00,69.92525017230399,70.26627182976132,69.25113928216757,70.0442123413086,7314900,0.0,0.0
2020-10-13 00:00:00-04:00,69.79836252536434,70.42489097621012,69.37010234184946,69.65560913085938,7851700,0.0,0.0
2020-10-14 00:00:00-04:00,69.80030688173223,70.02539038178165,69.0527046091021,69.18936157226562,5863900,1.18,0.0
2020-10-15 00:00:00-04:00,68.65879650775221,68.92406993907247,68.29704997457388,68.51409912109375,6190900,0.0,0.0
2020-10-16 00:00:00-04:00,69.04466620597182,70.05754811926857,68.94016490158576,69.35013580322266,5358500,0.0,0.0
2020-10-19 00:00:00-04:00,69.60737357503963,69.76815188594233,67.62984634892733,67.77454376220703,10288000,0.0,0.0
2020-10-20 00:00:00-04:00,67.6780574332138,68.19253556831057,67.05907190210277,67.72628784179688,6932100,0.0,0.0
2020-10-21 00:00:00-04:00,67.18771578852356,67.63788276608737,66.36776178445794,66.63304138183594,9776900,0.0,0.0
2020-10-22 00:00:00-04:00,66.73754665588007,68.24079166422668,66.65716056696145,67.77454376220703,8080100,0.0,0.0
2020-10-23 00:00:00-04:00,68.03982468277559,68.44980171712332,67.47711591646738,67.79866027832031,4238700,0.0,0.0
2020-10-26 00:00:00-04:00,67.59767836289387,67.78257185345736,66.5687218929693,67.46102142333984,7986300,0.0,0.0
2020-10-27 00:00:00-04:00,67.5253470516693,67.73435579551618,66.46423470046568,66.48834991455078,6705600,0.0,0.0
2020-10-28 00:00:00-04:00,65.39506661471584,66.08639787786919,64.50276710374035,64.7037353515625,11480200,0.0,0.0
2020-10-29 00:00:00-04:00,64.71176989473194,65.41114154124872,63.594387029430735,64.84842681884766,8876700,0.0,0.0
2020-10-30 00:00:00-04:00,66.88224665287494,69.2456357833879,66.72147446882693,68.40960693359375,18089100,0.0,0.0
2020-11-02 00:00:00-05:00,69.15718879239903,71.17491161080721,69.13307358522928,70.94178771972656,10781400,0.0,0.0
2020-11-03 00:00:00-05:00,71.65724973016573,71.85821801101835,70.28262742510162,70.70867919921875,8518800,0.0,0.0
2020-11-04 00:00:00-05:00,74.87273557654646,78.36958212631622,74.49491426079638,75.96600341796875,25849000,0.0,0.0
2020-11-05 00:00:00-05:00,76.65734711286507,76.78596363276861,74.76020591302897,75.31488037109375,8013000,0.0,0.0
2020-11-06 00:00:00-05:00,74.74411007046612,75.2827034784962,73.72318798288154,74.63960266113281,7006900,0.0,0.0
2020-11-09 00:00:00-05:00,76.96280625436808,77.93549193625769,76.10266231199859,76.46440887451172,11028900,0.0,0.0
2020-11-10 00:00:00-05:00,77.17985769556037,79.68793783093729,76.87438199379473,79.47893524169922,12267200,0.0,0.0
2020-11-11 00:00:00-05:00,79.7040195893955,80.28280920630067,78.59467077930557,78.900146484375,9476500,0.0,0.0
2020-11-12 00:00:00-05:00,78.37763697792485,78.57860527786825,77.39691069291055,78.45802307128906,7646600,0.0,0.0
2020-11-13 00:00:00-05:00,78.30528200491956,80.02556995684333,78.2972415566213,79.61559295654297,6888600,0.0,0.0
2020-11-16 00:00:00-05:00,80.35515788733446,80.82140577785272,79.0448468843938,79.06896209716797,8611300,0.0,0.0
2020-11-17 00:00:00-05:00,79.88087331312288,80.59631989185118,79.37442932761816,79.75225067138672,11593500,0.0,0.0
2020-11-18 00:00:00-05:00,80.38730923808997,80.62043317084823,79.32619700146978,79.35835266113281,8880600,0.0,0.0
2020-11-19 00:00:00-05:00,79.39049569817303,80.50787862827995,79.25383263306752,80.12201690673828,7550300,0.0,0.0
2020-11-20 00:00:00-05:00,80.34709933760917,81.8583844170149,79.27795296940498,81.06254577636719,9682500,0.0,0.0
2020-11-23 00:00:00-05:00,81.94680458399188,82.60598011019727,81.24743295995573,82.13973236083984,7541500,0.0,0.0
2020-11-24 00:00:00-05:00,82.70245620819011,84.26197186951904,82.4612979758513,83.57064056396484,9322200,0.0,0.0
2020-11-25 00:00:00-05:00,83.45811073117987,83.97258905988507,83.11244502910618,83.76358032226562,6368100,0.0,0.0
2020-11-27 00:00:00-05:00,84.39060433475528,85.04978005953829,83.84397035812556,84.31825256347656,4418800,0.0,0.0
2020-11-30 00:00:00-05:00,84.50315354611173,84.74431182785388,83.32145895307114,84.06906127929688,20726500,0.0,0.0
2020-12-01 00:00:00-05:00,84.44688529853589,85.51603203373375,83.63497161865234,83.63497161865234,7623500,0.0,0.0
2020-12-02 00:00:00-05:00,83.60281076230798,84.71215354336574,83.05617675430874,84.39864349365234,5492200,0.0,0.0
2020-12-03 00:00:00-05:00,84.4066710657938,84.96937975300655,83.84396237858107,84.19766235351562,4693600,0.0,0.0
2020-12-04 00:00:00-05:00,84.422739629316,86.26360953240244,84.422739629316,86.23949432373047,7235800,0.0,0.0
2020-12-07 00:00:00-05:00,86.0465912528551,86.18324822998382,84.37453346295284,85.08193969726562,6532500,0.0,0.0
2020-12-08 00:00:00-05:00,84.96937999161491,87.09964482729907,84.88899391222517,86.569091796875,6688200,0.0,0.0
2020-12-09 00:00:00-05:00,86.73790823238696,87.7427496017773,86.52085906208225,87.35688781738281,7350700,0.0,0.0
2020-12-10 00:00:00-05:00,87.6703903433214,87.67843079084774,85.74913429984676,86.40830993652344,6285700,0.0,0.0
2020-12-11 00:00:00-05:00,86.02245579955108,86.35204055703295,84.87291710606777,85.48385620117188,5205200,0.0,0.0
2020-12-14 00:00:00-05:00,86.36009331222363,86.87457164092882,83.67515378454453,83.76358032226562,8272700,0.0,0.0
2020-12-15 00:00:00-05:00,84.76036219881705,84.76839651216869,82.25227649378725,82.65421295166016,12101000,0.0,0.0
2020-12-16 00:00:00-05:00,82.3970060896626,84.73628013325056,81.91468337818996,84.11729431152344,9182100,0.0,0.0
2020-12-17 00:00:00-05:00,84.29413735073875,84.80861566602964,83.69123250003238,84.31825256347656,6360600,0.0,0.0
2020-12-18 00:00:00-05:00,84.430786420457,84.45490163094091,82.9596972502905,83.96453857421875,13906800,0.0,0.0
2020-12-21 00:00:00-05:00,82.6060052849989,83.53849493483354,81.63331952508346,83.36968231201172,6664600,0.0,0.0
2020-12-22 00:00:00-05:00,83.1285161337431,83.20086176532013,82.00309262238186,82.63815307617188,4002900,0.0,0.0
2020-12-23 00:00:00-05:00,82.84714903472197,83.54652074939449,82.72657299173036,83.02400207519531,3659100,0.0,0.0
2020-12-24 00:00:00-05:00,82.88736000202707,83.11244350006147,82.47738298314134,83.00794219970703,1378600,0.0,0.0
2020-12-28 00:00:00-05:00,83.32145335892751,83.50634074921003,82.57385108289527,83.16067504882812,3948900,0.0,0.0
2020-12-29 00:00:00-05:00,83.5625996782828,84.70410405106882,83.5625996782828,84.1655044555664,5096400,0.0,0.0
2020-12-30 00:00:00-05:00,84.49508651973538,85.39542643435118,84.48704607295326,84.62370300292969,5328400,0.0,0.0
2020-12-31 00:00:00-05:00,84.61568249883855,86.23950342919738,84.28609159068421,86.13500213623047,6148100,0.0,0.0
2021-01-04 00:00:00-05:00,86.15913530463664,86.29579228539794,83.49027635610855,84.73628234863281,9523400,0.0,0.0
2021-01-05 00:00:00-05:00,84.73626147948004,86.03049145267889,84.10923534622601,85.61248016357422,6823800,0.0,0.0
2021-01-06 00:00:00-05:00,84.20571621788996,86.16716875394737,83.74750874727752,84.87293243408203,11017500,0.0,0.0
2021-01-07 00:00:00-05:00,85.29897315416186,86.06265012823155,84.8648809542576,85.78129577636719,8196000,0.0,0.0
2021-01-08 00:00:00-05:00,85.88579490967086,86.44046928444686,85.01761666475528,86.23146057128906,5345900,0.0,0.0
2021-01-11 00:00:00-05:00,86.07069450197696,88.0723368486094,86.07069450197696,87.63824462890625,6334200,0.0,0.0
2021-01-12 00:00:00-05:00,87.79900152225584,89.05304131799724,87.71861545666845,88.2491683959961,6106900,0.0,0.0
2021-01-13 00:00:00-05:00,88.26525692084861,91.1672389108391,88.18486471524642,90.39551544189453,9821300,0.0,0.0
2021-01-14 00:00:00-05:00,90.0295502173924,91.64797211819395,89.05362258874938,90.78589630126953,8268800,1.3,0.0
2021-01-15 00:00:00-05:00,90.43619078144722,90.72897032076992,89.0373627883237,89.88316345214844,9196200,0.0,0.0
2021-01-19 00:00:00-05:00,90.47686155559803,91.33893123971632,89.67172088449139,91.23320770263672,7723800,0.0,0.0
2021-01-20 00:00:00-05:00,91.82689973129816,91.98141778980674,90.65578153529184,91.59104919433594,6554600,0.0,0.0
2021-01-21 00:00:00-05:00,91.59917594143253,91.6967711910612,90.07835541469956,90.48499298095703,5417000,0.0,0.0
2021-01-22 00:00:00-05:00,89.98889619136833,90.76150509854027,89.03736575921839,90.15968322753906,5185500,0.0,0.0
2021-01-25 00:00:00-05:00,89.24067091662594,90.46058344993291,88.81776443039377,89.86688995361328,6928200,0.0,0.0
2021-01-26 00:00:00-05:00,90.51754029265044,90.51754029265044,88.28916157900184,88.4843521118164,5554600,0.0,0.0
2021-01-27 00:00:00-05:00,86.43487051921916,86.77644454789866,83.43388362702999,83.59654235839844,11887900,0.0,0.0
2021-01-28 00:00:00-05:00,84.58060154126802,85.50773456177902,83.85678727446201,84.75138854980469,8534300,0.0,0.0
2021-01-29 00:00:00-05:00,84.58060434957366,84.97910738272392,82.79953002244692,83.34442901611328,9380400,0.0,0.0
2021-02-01 00:00:00-05:00,83.76734158342074,84.49115598033062,82.84020839625985,83.19805145263672,7518200,0.0,0.0
2021-02-02 00:00:00-05:00,83.66973875176068,84.832722374848,83.3606964522984,84.14957427978516,10481300,0.0,0.0
2021-02-03 00:00:00-05:00,86.36981053905781,87.48399962625663,84.58874234291505,86.97976684570312,12101900,0.0,0.0
2021-02-04 00:00:00-05:00,86.91471414938887,88.54939267014969,85.59720622366828,88.2647476196289,9077800,0.0,0.0
2021-02-05 00:00:00-05:00,89.15932587576766,89.67982132018562,88.19153295510044,88.42738342285156,7251000,0.0,0.0
2021-02-08 00:00:00-05:00,88.55750537133794,88.63070334049004,86.05261713342611,86.89028930664062,9199100,0.0,0.0
2021-02-09 00:00:00-05:00,86.20716397240707,86.61380153831466,85.48334960147533,85.71920013427734,5506900,0.0,0.0
2021-02-10 00:00:00-05:00,86.19088250889351,86.31286878837489,84.35287937222967,84.62126159667969,7446000,0.0,0.0
2021-02-11 00:00:00-05:00,85.04415875059631,85.13361948882623,84.0275650932521,84.37727355957031,5090100,0.0,0.0
2021-02-12 00:00:00-05:00,84.38540361737029,85.04415428722163,83.88930544223942,84.93843078613281,3738400,0.0,0.0
2021-02-16 00:00:00-05:00,85.6622757941552,86.36169294203715,84.59688109412264,84.74327087402344,5637300,0.0,0.0
2021-02-17 00:00:00-05:00,85.14990534302333,86.81712187500068,84.70260773539799,86.4430160522461,6940400,0.0,0.0
2021-02-18 00:00:00-05:00,85.6541442726568,86.70327003082814,85.56468350379585,86.25596618652344,5386600,0.0,0.0
2021-02-19 00:00:00-05:00,86.3942122508186,86.77644631653361,85.32068942109146,85.40201568603516,6702400,0.0,0.0
2021-02-22 00:00:00-05:00,85.11738133271356,87.57346958894263,84.76767276527463,87.0692367553711,10272500,0.0,0.0
2021-02-23 00:00:00-05:00,86.9960465289183,87.50840765583239,86.17463686419813,86.42675018310547,7058600,0.0,0.0
2021-02-24 00:00:00-05:00,86.2071774006515,89.0048462754155,85.88186605629326,88.39488983154297,7626200,0.0,0.0
2021-02-25 00:00:00-05:00,88.2240782583426,88.89096353682065,87.07735748418126,87.28881072998047,6237600,0.0,0.0
2021-02-26 00:00:00-05:00,87.57345127465132,88.30540000747352,85.6866535438184,87.62224578857422,9250000,0.0,0.0
2021-03-01 00:00:00-05:00,88.26473380326655,88.81776104548126,87.89062805188539,88.16714477539062,4709500,0.0,0.0
2021-03-02 00:00:00-05:00,88.52499847430892,88.95603330927767,87.6791915771942,87.71172332763672,5487000,0.0,0.0
2021-03-03 00:00:00-05:00,86.90659183001786,87.1343079023206,85.7680052637066,86.78459930419922,7218700,0.0,0.0
2021-03-04 00:00:00-05:00,86.61379077492478,87.63038456336285,85.35321199534312,85.9225082397461,7503700,0.0,0.0
2021-03-05 00:00:00-05:00,86.21528792831002,87.01229398543393,84.63753237980502,86.77644348144531,7277800,0.0,0.0
2021-03-08 00:00:00-05:00,86.89844507969667,87.96383970307693,86.04450992904464,86.29662322998047,6049400,0.0,0.0
2021-03-09 00:00:00-05:00,86.59752662260314,88.39486366730645,86.56499487731669,86.84963989257812,6857500,0.0,0.0
2021-03-10 00:00:00-05:00,87.33759624292617,88.12647393591814,87.06108573867499,87.83369445800781,5762600,0.0,0.0
2021-03-11 00:00:00-05:00,87.9394439077494,88.34608150204089,87.29695576419319,87.72799682617188,4671400,0.0,0.0
2021-03-12 00:00:00-05:00,87.67104501730803,88.30539850670773,87.32133652894721,88.01261901855469,5341200,0.0,0.0
2021-03-15 00:00:00-04:00,88.37860413973101,89.75304105222656,88.12649084280571,89.67171478271484,6642200,0.0,0.0
2021-03-16 00:00:00-04:00,89.41959538138275,90.33860022180713,89.37893534897955,90.1434097290039,5570200,0.0,0.0
2021-03-17 00:00:00-04:00,84.38540831528398,85.46705925450331,83.6046651285292,85.42639923095703,19445600,0.0,0.0
2021-03-18 00:00:00-04:00,84.58061833755951,85.38575902477577,84.10891724614103,84.39356231689453,8675100,0.0,0.0
2021-03-19 00:00:00-04:00,84.52367397951174,84.93031149385466,83.70226446319614,84.10890197753906,10899100,0.0,0.0
2021-03-22 00:00:00-04:00,84.17396272835501,86.53246147571254,83.66972999326059,86.12582397460938,7627200,0.0,0.0
2021-03-23 00:00:00-04:00,85.69479679968225,86.15836334377087,84.99537973950693,85.26375579833984,6111600,0.0,0.0
2021-03-24 00:00:00-04:00,85.24749753538975,85.66226958249841,83.80800330807865,83.81613159179688,9420100,0.0,0.0
2021-03-25 00:00:00-04:00,83.6860032699317,84.70259707494837,82.99472072347959,84.4830093383789,6281500,0.0,0.0
2021-03-26 00:00:00-04:00,84.47488417788469,86.30475309455318,84.45048071363347,86.1908950805664,6596900,0.0,0.0
2021-03-29 00:00:00-04:00,86.01196455324909,87.02042380202319,85.7923768315864,86.80084228515625,5472700,0.0,0.0
2021-03-30 00:00:00-04:00,86.90656889563041,87.04482415950083,86.1014283653778,86.84963989257812,5354100,0.0,0.0
2021-03-31 00:00:00-04:00,86.9228273226971,88.79336225203092,86.85777004017083,88.01261901855469,9048000,0.0,0.0
2021-04-01 00:00:00-04:00,88.58192597915165,88.63072670638357,87.28068700757628,88.2566146850586,5091700,0.0,0.0
2021-04-05 00:00:00-04:00,88.71204506712584,88.71204506712584,85.71919259701478,86.32101440429688,10584400,0.0,0.0
2021-04-06 00:00:00-04:00,86.08516692029792,86.43487545672163,85.29628909128655,85.70292663574219,8522500,0.0,0.0
2021-04-07 00:00:00-04:00,85.82492216687947,86.31288599647625,84.71886751056851,85.5646743774414,8037300,0.0,0.0
2021-04-08 00:00:00-04:00,85.71920018472325,86.95537565569919,85.67853394618983,86.28849029541016,5881800,0.0,0.0
2021-04-09 00:00:00-04:00,86.5243272304491,87.60598447556109,86.24781670722726,87.4595947265625,5977500,0.0,0.0
2021-04-12 00:00:00-04:00,87.68731692684739,88.2972732232792,87.31321114294475,88.03702545166016,5647500,0.0,0.0
2021-04-13 00:00:00-04:00,87.85809478736401,88.12647701897025,87.04481981022681,88.01261901855469,6165100,0.0,0.0
2021-04-14 00:00:00-04:00,87.43640853121042,87.80682951174259,86.90958451078177,87.1729965209961,7766700,1.3,0.0
2021-04-15 00:00:00-04:00,87.24706689380815,88.0373028220005,86.94250052537467,87.9879150390625,5730500,0.0,0.0
2021-04-16 00:00:00-04:00,88.4818270436103,89.35438446823484,88.19372112614661,88.82756042480469,8207700,0.0,0.0
2021-04-19 00:00:00-04:00,88.876938829593,89.5025446701824,88.17725130958192,89.40376281738281,4542900,0.0,0.0
2021-04-20 00:00:00-04:00,89.0004135330483,90.18576435157239,88.94279235631615,89.7494888305664,5411800,0.0,0.0
2021-04-21 00:00:00-04:00,90.37511561113043,91.73333655489907,90.01292168472847,91.20651245117188,6181100,0.0,0.0
2021-04-22 00:00:00-04:00,91.08303099772144,91.44521862129709,90.22694031249463,90.5891342163086,5046000,0.0,0.0
2021-04-23 00:00:00-04:00,90.3092557043855,92.00497029578034,90.17755282633694,91.6839370727539,4611000,0.0,0.0
2021-04-26 00:00:00-04:00,91.83210545800722,92.22722664713213,91.24766020677694,91.69216918945312,5202300,0.0,0.0
2021-04-27 00:00:00-04:00,91.5769267198862,92.07082349558625,91.02540875835845,91.73332977294922,3522900,0.0,0.0
2021-04-28 00:00:00-04:00,91.93088213846256,92.66349700924961,91.63454283339837,92.13667297363281,5116000,0.0,0.0
2021-04-29 00:00:00-04:00,92.50710564609504,92.69643600166387,90.81962435275658,91.28059387207031,6766700,0.0,0.0
2021-04-30 00:00:00-04:00,91.75802094773327,92.44947515715398,90.63851827322902,91.78271484375,10575400,0.0,0.0
2021-05-03 00:00:00-04:00,92.52356389056244,94.74610247378028,91.85679729140661,94.40037536621094,9138200,0.0,0.0
2021-05-04 00:00:00-04:00,94.350987037531,95.4375624267435,93.05862080732949,93.75830841064453,8151400,0.0,0.0
2021-05-05 00:00:00-04:00,94.095826225752,95.71745947294706,93.7994868364047,95.30587768554688,7021400,0.0,0.0
2021-05-06 00:00:00-04:00,94.66379267396734,95.63512575435324,93.97233842025456,95.55281066894531,5803800,0.0,0.0
2021-05-07 00:00:00-04:00,95.79976444244566,96.25250687279897,94.63087379711038,95.28117370605469,6808200,0.0,0.0
2021-05-10 00:00:00-04:00,95.79974791353614,96.47474160581369,95.46225420751632,95.66804504394531,7093300,0.0,0.0
2021-05-11 00:00:00-04:00,95.05891952607242,95.95616468675189,94.15343469205243,94.57324981689453,5784600,0.0,0.0
2021-05-12 00:00:00-04:00,94.54031090272927,95.48695002540809,94.202817189915,94.630859375,6208300,0.0,0.0
2021-05-13 00:00:00-04:00,95.11653242655252,96.4747469987172,94.67202344138947,95.98085021972656,6558200,0.0,0.0
2021-05-14 00:00:00-04:00,96.60644636376244,96.79577040773691,95.79974355833009,95.84090423583984,6268500,0.0,0.0
2021-05-17 00:00:00-04:00,96.12077685782475,96.89455237819585,95.94791331651076,96.21955871582031,6183200,0.0,0.0
2021-05-18 00:00:00-04:00,95.57751547626954,97.05097891014276,94.9272155509128,96.48299407958984,8174900,0.0,0.0
2021-05-19 00:00:00-04:00,95.86560979583861,95.89853708580569,94.15342839898074,95.36347961425781,6433600,0.0,0.0
2021-05-20 00:00:00-04:00,94.94364753511391,96.58997405756281,94.76255689304385,96.40065002441406,5526100,0.0,0.0
2021-05-21 00:00:00-04:00,96.73816290611559,97.36376886734583,95.53634505969866,95.58573913574219,5577800,0.0,0.0
2021-05-24 00:00:00-04:00,95.97261739511254,96.15371434720272,95.14945399851224,95.41287231445312,4821300,0.0,0.0
2021-05-25 00:00:00-04:00,95.46225328659715,95.48694718189233,93.99702355019582,94.30158996582031,6574200,0.0,0.0
2021-05-26 00:00:00-04:00,94.2769109467583,94.44977452133915,93.64307783996186,94.4168472290039,5802600,0.0,0.0
2021-05-27 00:00:00-04:00,94.76256241453852,94.8284107062929,92.21075113186747,92.45770263671875,26406000,0.0,0.0
2021-05-28 00:00:00-04:00,93.28909837832902,94.23573743020935,92.90221062215063,93.18208312988281,7104300,0.0,0.0
2021-06-01 00:00:00-04:00,93.59366859198589,93.83238671254657,92.22722072285667,92.36715698242188,6846200,0.0,0.0
2021-06-02 00:00:00-04:00,92.53179807404996,92.73758891796851,91.24765893743627,91.70040130615234,8100700,0.0,0.0
2021-06-03 00:00:00-04:00,91.46991196260493,92.53179341741433,91.08302419066996,92.36715698242188,6286100,0.0,0.0
2021-06-04 00:00:00-04:00,92.52358128626395,93.10802663424958,92.32602379911482,92.49065399169922,4255400,0.0,0.0
2021-06-07 00:00:00-04:00,92.77873666430114,93.93116656363766,92.46593686486541,93.02568817138672,5570100,0.0,0.0
2021-06-08 00:00:00-04:00,92.75406862971123,93.0915624179021,92.0461474776159,92.47418975830078,4114200,0.0,0.0
2021-06-09 00:00:00-04:00,92.91867673488257,94.18634904816281,92.80343436824236,93.84062194824219,4884000,0.0,0.0
2021-06-10 00:00:00-04:00,94.13697939996241,96.30189716793727,93.96411581668586,95.68452453613281,6263800,0.0,0.0
2021-06-11 00:00:00-04:00,95.68451524506234,95.78329711744533,94.55678536648973,95.009521484375,4471400,0.0,0.0
2021-06-14 00:00:00-04:00,94.72141943034057,95.05891946466433,93.99703784383136,94.9930648803711,4427600,0.0,0.0
2021-06-15 00:00:00-04:00,94.96012758917337,95.43756385466837,94.26866708738092,95.34701538085938,3590500,0.0,0.0
2021-06-16 00:00:00-04:00,95.66806724750444,95.92324593422455,94.8037430218069,95.10008239746094,6670200,0.0,0.0
2021-06-17 00:00:00-04:00,94.64734415174749,95.3964196881059,93.86533504077023,94.58148956298828,4172300,0.0,0.0
2021-06-18 00:00:00-04:00,93.54428363856422,94.00525311004743,93.05862027114271,93.11624145507812,7415400,0.0,0.0
2021-06-21 00:00:00-04:00,93.58543773334233,94.86957047367879,92.82812272317491,94.4415283203125,4666100,0.0,0.0
2021-06-22 00:00:00-04:00,94.24398365442306,94.89428354750655,93.7418534367287,94.4168472290039,4359900,0.0,0.0
2021-06-23 00:00:00-04:00,94.29336430307012,94.68847919433999,93.79946126862585,93.84062194824219,3837300,0.0,0.0
2021-06-24 00:00:00-04:00,94.18634841784862,95.64335105528035,94.05464554838603,94.44976043701172,7712300,0.0,0.0
2021-06-25 00:00:00-04:00,92.93515249842415,93.50313099453366,92.30954653318847,93.00100708007812,11709400,0.0,0.0
2021-06-28 00:00:00-04:00,93.23148792536169,93.93117555543323,92.88575452629814,93.01746368408203,5141800,0.0,0.0
2021-06-29 00:00:00-04:00,92.72935960020688,92.81167468534353,91.87326889826113,92.44125366210938,5795100,0.0,0.0
2021-06-30 00:00:00-04:00,92.3671698368976,92.95161513192124,91.8897335293328,92.72113037109375,5042600,0.0,0.0
2021-07-01 00:00:00-04:00,92.976301057007,94.29336748633754,92.92691326399047,94.05464935302734,5306900,0.0,0.0
2021-07-02 00:00:00-04:00,94.26868390897627,95.06715353127974,93.75009315027162,94.80374145507812,5719500,0.0,0.0
2021-07-06 00:00:00-04:00,94.80373366699291,95.40464575284031,94.47446702873016,95.26470947265625,7172100,0.0,0.0
2021-07-07 00:00:00-04:00,95.41287011810732,96.28542128874177,94.91896706732585,96.10432434082031,6695100,0.0,0.0
2021-07-08 00:00:00-04:00,95.28939156754947,96.15370932065355,95.22353699200688,95.77505493164062,3948800,0.0,0.0
2021-07-09 00:00:00-04:00,95.73387841722626,96.58173547070558,95.57747540650178,95.96436309814453,4823400,0.0,0.0
2021-07-12 00:00:00-04:00,96.14547643513785,97.42137578840553,95.99730678918392,96.82869720458984,8148400,0.0,0.0
2021-07-13 00:00:00-04:00,96.7957781633798,97.20735985050409,96.05493615074656,97.05919647216797,6540300,0.0,0.0
2021-07-14 00:00:00-04:00,97.27561905658709,97.8416107489812,96.87609289420475,97.68346405029297,6543400,1.3,0.0
2021-07-15 00:00:00-04:00,97.225654588392,97.79164616593533,96.34337602790595,97.53362274169922,4544600,0.0,0.0
2021-07-16 00:00:00-04:00,98.14123506093041,98.4908164174177,97.31721369888673,97.79997253417969,6826100,0.0,0.0
2021-07-19 00:00:00-04:00,97.10914335379435,97.38381718272936,94.670385968627,96.06871795654297,6762000,0.0,0.0
2021-07-20 00:00:00-04:00,96.17692372415144,97.99142582308781,96.10200979539475,96.59309387207031,5581400,0.0,0.0
2021-07-21 00:00:00-04:00,97.08416284463024,97.44206939357892,96.37667492701128,97.37548065185547,4133800,0.0,0.0
2021-07-22 00:00:00-04:00,97.08415219592648,98.14122771652201,96.87606716355349,97.83325958251953,6257000,0.0,0.0
2021-07-23 00:00:00-04:00,98.19949217015147,98.77380254658534,97.85822966581644,98.37428283691406,4411100,0.0,0.0
2021-07-26 00:00:00-04:00,98.32434393361537,98.60734289912303,97.60853086528924,98.04135131835938,3730100,0.0,0.0
2021-07-27 00:00:00-04:00,98.0413497639513,98.46584503035675,97.1840404015895,98.18284606933594,3773100,0.0,0.0
2021-07-28 00:00:00-04:00,97.90816954305792,98.99021427798881,97.63350211979204,98.6739273071289,5650400,0.0,0.0
2021-07-29 00:00:00-04:00,99.07346350239797,99.15669626117923,98.3410063347694,98.94029235839844,4632200,0.0,0.0
2021-07-30 00:00:00-04:00,99.04848640819792,99.17333871153595,96.65134885516585,96.8011703491211,9017200,0.0,0.0
2021-08-02 00:00:00-04:00,97.29222245441613,97.58354018545131,96.0603628059673,96.0936508178711,9245500,0.0,0.0
2021-08-03 00:00:00-04:00,96.27679314317322,96.80949038380898,95.62756877803915,96.75955200195312,5902700,0.0,0.0
2021-08-04 00:00:00-04:00,96.36836415615858,96.98429423356737,95.64423211995928,95.78572845458984,4602000,0.0,0.0
2021-08-05 00:00:00-04:00,95.82731907345007,96.18522559154944,95.26132751808947,95.81900024414062,5132400,0.0,0.0
2021-08-06 00:00:00-04:00,95.93553718826136,96.17691661825062,95.2446932696975,95.26133728027344,5340400,0.0,0.0
2021-08-09 00:00:00-04:00,95.36954992891104,95.87727800305935,94.67038079801326,94.93672943115234,5277900,0.0,0.0
2021-08-10 00:00:00-04:00,95.05324460052098,95.74408846369445,93.98785020202537,95.56929779052734,5120800,0.0,0.0
2021-08-11 00:00:00-04:00,95.85232744525061,96.00214262715484,94.51225883824303,94.65375518798828,6840400,0.0,0.0
2021-08-12 00:00:00-04:00,94.8534915887166,96.32673734791862,94.81187838748188,96.25182342529297,4863600,0.0,0.0
2021-08-13 00:00:00-04:00,96.40164877852469,97.18405065597392,96.30176566111024,96.95099639892578,4416400,0.0,0.0
2021-08-16 00:00:00-04:00,97.3837933263386,98.73218659694753,97.14241393127737,98.5573959350586,8180500,0.0,0.0
2021-08-17 00:00:00-04:00,98.28274021010108,99.66442175060902,98.21615146470853,99.59783935546875,6551700,0.0,0.0
2021-08-18 00:00:00-04:00,99.1899803999533,99.81423555177851,97.53362517518092,97.62518310546875,5586900,0.0,0.0
2021-08-19 00:00:00-04:00,96.72625649173321,99.01519210353813,96.72625649173321,98.15788269042969,6145200,0.0,0.0
2021-08-20 00:00:00-04:00,98.29937281395843,99.43968113303029,97.92482227753234,98.8986587524414,4112500,0.0,0.0
2021-08-23 00:00:00-04:00,99.71435334421038,100.25536936603486,99.23159452911176,99.3481216430664,4748300,0.0,0.0
2021-08-24 00:00:00-04:00,99.64776580425537,99.64776580425537,98.56572104710934,99.61447143554688,3831500,0.0,0.0
2021-08-25 00:00:00-04:00,99.76431110066765,101.04611595340944,98.94029596328103,100.21377563476562,5241100,0.0,0.0
2021-08-26 00:00:00-04:00,100.59665141931146,100.92126363556234,100.00569055510468,100.21377563476562,5035400,0.0,0.0
2021-08-27 00:00:00-04:00,100.16382402659505,100.41352864516043,99.3980725100312,99.53125,4279900,0.0,0.0
2021-08-30 00:00:00-04:00,99.74765158538047,100.62993656035688,99.49795332285106,100.35526275634766,3260900,0.0,0.0
2021-08-31 00:00:00-04:00,100.57167936930429,100.8546720214842,99.90580459320068,100.53005981445312,6021800,0.0,0.0
2021-09-01 00:00:00-04:00,100.71314698908692,101.15428620366016,88.31127885839716,93.44681549072266,50943200,0.0,0.0
2021-09-02 00:00:00-04:00,94.51222475286336,94.67036506014757,92.23993339300341,93.23873901367188,14719200,0.0,0.0
2021-09-03 00:00:00-04:00,92.5395834055569,93.2803656732597,92.4064059258454,92.90581512451172,5364800,0.0,0.0
2021-09-07 00:00:00-04:00,91.93196726840534,92.86419052493973,90.15908503034811,90.75004577636719,12694200,0.0,0.0
2021-09-08 00:00:00-04:00,89.94267832850585,92.30652775523475,89.65968571382264,91.85706329345703,10823200,0.0,0.0
2021-09-09 00:00:00-04:00,91.09132426444442,91.34102254374565,89.22687742434873,89.28514099121094,10337100,0.0,0.0
2021-09-10 00:00:00-04:00,89.4599191325218,90.15908178708327,88.527695909522,88.7940444946289,7620100,0.0,0.0
2021-09-13 00:00:00-04:00,89.38500887433187,90.5336360039006,88.90225005963214,89.45992279052734,7398900,0.0,0.0
2021-09-14 00:00:00-04:00,89.88442321902929,89.95101196412666,88.43615293954872,88.62759399414062,6102700,0.0,0.0
2021-09-15 00:00:00-04:00,88.71915496530228,90.55863272924176,88.25304640082146,89.7013168334961,7444300,0.0,0.0
2021-09-16 00:00:00-04:00,90.09249118302276,90.5169864146237,88.66919036556777,89.95932006835938,5821800,0.0,0.0
2021-09-17 00:00:00-04:00,89.47658109512155,90.10083631206425,89.14364370936828,89.66802215576172,14157200,0.0,0.0
2021-09-20 00:00:00-04:00,88.31131523716955,89.46826788602992,87.86185065879702,88.56101989746094,7103400,0.0,0.0
2021-09-21 00:00:00-04:00,88.43615704590418,89.40167484389127,88.39453749072274,89.18526458740234,6400400,0.0,0.0
2021-09-22 00:00:00-04:00,89.0687388562816,89.54317258166202,88.16980979232312,88.5693359375,6319100,0.0,0.0
2021-09-23 00:00:00-04:00,89.05207821971227,90.11747268359684,88.76908559347815,89.36004638671875,5847800,0.0,0.0
2021-09-24 00:00:00-04:00,88.95220209770373,89.93436381683689,88.594295547081,89.11866760253906,5836100,0.0,0.0
2021-09-27 00:00:00-04:00,89.1686144052563,90.42545004129336,89.07705646387431,89.65969848632812,4969600,0.0,0.0
2021-09-28 00:00:00-04:00,89.5764673004755,90.40880761839396,89.09370839202215,89.3434066772461,6445600,0.0,0.0
2021-09-29 00:00:00-04:00,89.76789623235318,91.20784768366546,89.4599343987317,90.59191131591797,6270100,0.0,0.0
2021-09-30 00:00:00-04:00,90.8915536151625,91.90700974575799,89.70963197310147,89.7845458984375,7886400,0.0,0.0
2021-10-01 00:00:00-04:00,90.10084022652777,91.29941232721096,88.95221286354155,90.80000305175781,8611500,0.0,0.0
2021-10-04 00:00:00-04:00,90.59189489299554,91.72387795522289,89.63470884280058,90.5003433227539,9779200,0.0,0.0
2021-10-05 00:00:00-04:00,91.04969879379723,92.04018571635385,90.80831936097873,91.14958190917969,7146900,0.0,0.0
2021-10-06 00:00:00-04:00,90.97478055172763,91.28274234176897,90.01758811321102,90.99142456054688,5710300,0.0,0.0
2021-10-07 00:00:00-04:00,91.37431621441033,93.04732197893762,91.19120033418065,92.28157043457031,7842600,0.0,0.0
2021-10-08 00:00:00-04:00,92.43138698218851,93.01402261506794,92.09012443275046,92.53958892822266,5019800,0.0,0.0
2021-10-11 00:00:00-04:00,92.5063060337882,92.72271630295917,91.79049282443673,91.8404312133789,4613800,0.0,0.0
2021-10-12 00:00:00-04:00,91.65730978652978,91.77383691245495,90.02592367332518,90.36717987060547,6305800,0.0,0.0
2021-10-13 00:00:00-04:00,90.38382357516927,90.75838049316175,89.8927458818984,90.3338851928711,5471100,0.0,0.0
2021-10-14 00:00:00-04:00,90.94885504515848,91.81655799504148,90.8140694198289,91.7491683959961,7289500,1.3,0.0
2021-10-15 00:00:00-04:00,91.95136658277805,92.63373379670567,91.8923966559848,92.1030044555664,4634500,0.0,0.0
2021-10-18 00:00:00-04:00,91.81654771207575,91.81654771207575,90.21592761690032,90.50235748291016,7949400,0.0,0.0
2021-10-19 00:00:00-04:00,90.77195034382335,91.0415280367108,90.0221871846289,90.51921844482422,4614900,0.0,0.0
2021-10-20 00:00:00-04:00,90.56133421433917,91.91764866419348,90.56133421433917,91.32794952392578,5626800,0.0,0.0
2021-10-21 00:00:00-04:00,91.32795315252632,91.78286026324209,90.26648823063223,91.622802734375,4811800,0.0,0.0
2021-10-22 00:00:00-04:00,91.54698087672034,92.01032052620788,91.24370518382648,91.94292449951172,4614400,0.0,0.0
2021-10-25 00:00:00-04:00,91.89238967662807,91.94293348797198,90.77195472541493,91.40377807617188,5697400,0.0,0.0
2021-10-26 00:00:00-04:00,91.66493189700232,92.31360748545204,91.15104837839553,92.23778533935547,5047400,0.0,0.0
2021-10-27 00:00:00-04:00,92.31359556373845,92.431535396,91.12576470379712,91.31952667236328,4875300,0.0,0.0
2021-10-28 00:00:00-04:00,91.3111087484639,92.5831815416013,91.15104477865657,92.38941955566406,5193300,0.0,0.0
2021-10-29 00:00:00-04:00,94.42810386430753,96.81218554483014,93.8636765402549,96.60157775878906,16545000,0.0,0.0
2021-11-01 00:00:00-04:00,97.09017702308874,97.48612063887298,95.67489262371035,96.7195053100586,7096800,0.0,0.0
2021-11-02 00:00:00-04:00,97.0901768516324,99.14571063518596,97.01436114350399,98.16848754882812,10357800,0.0,0.0
2021-11-03 00:00:00-04:00,98.16849521194072,99.078322343936,97.92418942128056,99.04462432861328,6186900,0.0,0.0
2021-11-04 00:00:00-04:00,99.04462426602439,99.17099021659486,98.00001150063767,98.61498260498047,4912200,0.0,0.0
2021-11-05 00:00:00-04:00,98.3369730754949,98.83400427848719,97.30078012154033,98.716064453125,4635800,0.0,0.0
2021-11-08 00:00:00-05:00,98.73291573633863,98.94352349723289,97.53666519699647,97.77254486083984,7015000,0.0,0.0
2021-11-09 00:00:00-05:00,97.92418476015301,98.21903434614296,97.22497186401652,97.3934555053711,3146800,0.0,0.0
2021-11-10 00:00:00-05:00,97.21655530064632,98.64868567451511,97.20812918957945,98.35383605957031,4981100,0.0,0.0
2021-11-11 00:00:00-05:00,98.51389696967065,98.97723022810491,97.96631545766711,98.25273895263672,3120900,0.0,0.0
2021-11-12 00:00:00-05:00,98.90142260830423,98.90142260830423,98.08426332881152,98.53917694091797,2740300,0.0,0.0
2021-11-15 00:00:00-05:00,98.52230965418438,99.23838119521722,97.90733858114824,98.42964172363281,3941000,0.0,0.0
2021-11-16 00:00:00-05:00,98.23588487845498,98.96037609285942,98.00842489657235,98.07582092285156,3476400,0.0,0.0
2021-11-17 00:00:00-05:00,98.22746773391128,99.08675107930382,97.93261812607635,98.85929107666016,4361500,0.0,0.0
2021-11-18 00:00:00-05:00,98.90982771196764,99.71856070819597,98.26115223670088,98.62339782714844,3160300,0.0,0.0
2021-11-19 00:00:00-05:00,99.0951731114042,99.23839129052338,97.6040728151643,97.9241943359375,5885800,0.0,0.0
2021-11-22 00:00:00-05:00,97.67988765488347,98.85086641982319,96.888006757513,97.42716217041016,3975800,0.0,0.0
2021-11-23 00:00:00-05:00,98.19376868882892,100.52730647618488,97.8483752739097,100.14820861816406,8948300,0.0,0.0
2021-11-24 00:00:00-05:00,99.97972115988107,100.4514805095141,99.47426379566868,99.96287536621094,5792800,0.0,0.0
2021-11-26 00:00:00-05:00,99.07831470024924,99.49953021842826,97.57878848389011,98.15164184570312,5016700,0.0,0.0
2021-11-29 00:00:00-05:00,98.4212121797499,99.33945885582047,98.21060443636804,98.47175598144531,4372500,0.0,0.0
2021-11-30 00:00:00-05:00,98.29486044618314,98.38752838083536,96.96381777321406,97.1154556274414,8172100,0.0,0.0
2021-12-01 00:00:00-05:00,97.53666667785264,100.23244991457148,97.39345494080753,97.64618682861328,6287500,0.0,0.0
2021-12-02 00:00:00-05:00,97.93260834937887,99.06988896734325,97.38502688821416,98.45491790771484,4919800,0.0,0.0
2021-12-03 00:00:00-05:00,99.18784098053588,100.24930602037874,98.56444373432196,100.12294006347656,6428100,0.0,0.0
2021-12-06 00:00:00-05:00,100.78002151052699,103.15567675109371,100.42620202149845,102.22900390625,8939900,0.0,0.0
2021-12-07 00:00:00-05:00,102.75973601705607,102.89452163464163,101.9341508106051,102.3637924194336,6123300,0.0,0.0
2021-12-08 00:00:00-05:00,102.74289182154534,103.14726156035822,101.72355100510244,102.66707611083984,5278100,0.0,0.0
2021-12-09 00:00:00-05:00,102.95351859617787,104.8489888406485,102.86085064782455,104.58783721923828,8082300,0.0,0.0
2021-12-10 00:00:00-05:00,104.22558975103469,106.1547579824953,104.22558975103469,105.69984436035156,7059500,0.0,0.0
2021-12-13 00:00:00-05:00,105.47235406044517,107.61212947902689,105.47235406044517,106.57594299316406,7834200,0.0,0.0
2021-12-14 00:00:00-05:00,105.89359386236671,107.70482213533664,105.62401614922047,107.23306274414062,6381400,0.0,0.0
2021-12-15 00:00:00-05:00,108.04179070853017,110.17314040526023,107.49420919726909,109.70980072021484,9585600,0.0,0.0
2021-12-16 00:00:00-05:00,109.6002934875178,112.27921827001529,109.44022951853613,111.01557159423828,9569000,0.0,0.0
2021-12-17 00:00:00-05:00,110.22367693247298,110.37532120777638,108.98530224448623,109.1200942993164,12631100,0.0,0.0
2021-12-20 00:00:00-05:00,108.26082122898033,110.68702702685054,108.02494153801841,110.24053955078125,7119200,0.0,0.0
2021-12-21 00:00:00-05:00,110.55222584256568,110.65332631212569,108.79996767243566,109.47391510009766,6085900,0.0,0.0
2021-12-22 00:00:00-05:00,109.440239747097,111.68952949766692,109.33071957819377,111.2430419921875,7070900,0.0,0.0
2021-12-23 00:00:00-05:00,111.47890526747513,112.69200806751444,111.34411321092009,112.11914825439453,5702300,0.0,0.0
2021-12-27 00:00:00-05:00,112.20341121305707,113.2901417821155,112.17813930594964,113.2311782836914,4436800,0.0,0.0
2021-12-28 00:00:00-05:00,113.34911702407685,113.94723595906333,112.66674982990487,113.21432495117188,4237200,0.0,0.0
2021-12-29 00:00:00-05:00,113.3996555309513,114.46111413282505,112.95316805801784,114.03147888183594,5594300,0.0,0.0
2021-12-30 00:00:00-05:00,114.36001866179302,115.26984576716454,114.25893104602221,114.51165008544922,6354300,0.0,0.0
2021-12-31 00:00:00-05:00,114.60431803367261,114.74754262867155,113.98092726369697,114.0651626586914,3963400,0.0,0.0
2022-01-03 00:00:00-05:00,114.07359630797288,114.31789566665898,112.47296953374317,114.08201599121094,6839800,0.0,0.0
2022-01-04 00:00:00-05:00,114.00621835642218,114.75598162680188,113.205911269643,113.86300659179688,6298300,0.0,0.0
2022-01-05 00:00:00-05:00,113.7281792682609,116.38183164272982,113.7281792682609,114.46109008789062,7724900,0.0,0.0
2022-01-06 00:00:00-05:00,114.90760180993374,115.12664213216283,113.86299542814825,113.92195892333984,4667000,0.0,0.0
2022-01-07 00:00:00-05:00,113.93880109227946,114.43583233359624,112.99528241663029,113.62710571289062,8630300,0.0,0.0
2022-01-10 00:00:00-05:00,113.79559486375456,115.32881278591535,113.36595962910874,114.89917755126953,9794400,0.0,0.0
2022-01-11 00:00:00-05:00,114.44428329646888,115.48888975426716,113.55972796839652,115.38780212402344,7159400,0.0,0.0
2022-01-12 00:00:00-05:00,115.0086860051432,115.74159687627778,114.59589017932686,115.6573486328125,6589300,0.0,0.0
2022-01-13 00:00:00-05:00,114.90832984490822,115.0104664264309,113.12086174106308,113.64859771728516,8386400,1.41,0.0
2022-01-14 00:00:00-05:00,113.50391825991467,115.80208263103141,112.60166402165626,115.64886474609375,10484500,0.0,0.0
2022-01-18 00:00:00-05:00,115.34243058885978,117.444828610424,115.14666446595533,116.42342376708984,12341900,0.0,0.0
2022-01-19 00:00:00-05:00,116.10849438563278,117.03626969741872,114.7721467447296,115.08708953857422,6196700,0.0,0.0
2022-01-20 00:00:00-05:00,114.48275443110512,114.73810889729822,112.99320186415765,113.23152923583984,6612800,0.0,0.0
2022-01-21 00:00:00-05:00,113.25706739036109,114.26996524977741,112.07393754341629,112.33779907226562,7583000,0.0,0.0
2022-01-24 00:00:00-05:00,113.05279746679282,113.41879560116003,109.17143790451581,112.49102020263672,13733800,0.0,0.0
2022-01-25 00:00:00-05:00,111.92073152839622,114.32955244197363,111.32490009622082,113.28260040283203,10296500,0.0,0.0
2022-01-26 00:00:00-05:00,113.45283269472264,115.31690346598097,113.06130042506494,114.25293731689453,8040300,0.0,0.0
2022-01-27 00:00:00-05:00,115.33392597630102,117.7172126530896,115.21476229185497,115.73397827148438,8869100,0.0,0.0
2022-01-28 00:00:00-05:00,115.75098823083437,117.44481370987072,114.56785861473804,117.39374542236328,8014400,0.0,0.0
2022-01-31 00:00:00-05:00,116.45748397606306,116.7553867023429,115.43606609205244,116.51705932617188,10300000,0.0,0.0
2022-02-01 00:00:00-05:00,116.9255941226249,117.32564634598118,115.79353282970875,116.61066436767578,7413900,0.0,0.0
2022-02-02 00:00:00-05:00,115.25732807966236,118.66201975568552,113.24855947129397,117.98958587646484,11363100,0.0,0.0
2022-02-03 00:00:00-05:00,118.73860643436687,120.61970405024633,118.34706122895439,119.7855453491211,10272700,0.0,0.0
2022-02-04 00:00:00-05:00,119.29186658914342,121.54748237493061,118.5087891463207,119.71745300292969,6921500,0.0,0.0
2022-02-07 00:00:00-05:00,120.16006194962223,121.72621677582987,119.4450799186839,121.31765747070312,9597800,0.0,0.0
2022-02-08 00:00:00-05:00,120.8920926261858,122.22844038718367,120.22817876653987,122.15182495117188,7559500,0.0,0.0
2022-02-09 00:00:00-05:00,122.55186852415142,122.55186852415142,121.58153195335316,121.88795471191406,5989100,0.0,0.0
2022-02-10 00:00:00-05:00,121.84540669002756,122.92640000944031,121.13042450510041,121.47090148925781,7333400,0.0,0.0
2022-02-11 00:00:00-05:00,121.59855553330196,122.23693517953143,120.47500112176189,120.87505340576172,6475200,0.0,0.0
2022-02-14 00:00:00-05:00,120.67928809453602,121.87944495459445,118.6875467020139,121.71772003173828,9931900,0.0,0.0
2022-02-15 00:00:00-05:00,122.01563826837328,123.81161357536274,121.88795454289391,123.21578216552734,9530100,0.0,0.0
2022-02-16 00:00:00-05:00,123.19877454647417,125.30967977597365,122.70509268859955,124.16059112548828,8028900,0.0,0.0
2022-02-17 00:00:00-05:00,123.24981818063105,123.82010237098669,122.21138637494897,123.39451599121094,5486600,0.0,0.0
2022-02-18 00:00:00-05:00,123.15621389903856,124.04142803574027,122.03265939197706,122.59443664550781,7585900,0.0,0.0
2022-02-22 00:00:00-05:00,120.22817529786926,124.56916239757672,120.22817529786926,123.896728515625,11576800,0.0,0.0
2022-02-23 00:00:00-05:00,124.45850892154178,126.27151144853747,123.72649967012333,124.91813659667969,9271000,0.0,0.0
2022-02-24 00:00:00-05:00,122.23692945433525,124.01587753475286,122.1177657788017,123.6498794555664,12070200,0.0,0.0
2022-02-25 00:00:00-05:00,124.381881144905,127.98233832854875,124.31378576470159,127.28437042236328,8320700,0.0,0.0
2022-02-28 00:00:00-05:00,124.8245019120077,126.04168592559148,124.06695854249844,125.77782440185547,11090600,0.0,0.0
2022-03-01 00:00:00-05:00,125.6926744470237,127.25032208865946,124.44996954464656,125.70970153808594,7489900,0.0,0.0
2022-03-02 00:00:00-05:00,125.71822683922767,128.73989304208638,125.30966750948197,127.30992889404297,8247200,0.0,0.0
2022-03-03 00:00:00-05:00,127.51422387091057,128.34836976658136,126.69710507168547,128.02493286132812,5408400,0.0,0.0
2022-03-04 00:00:00-05:00,126.48429630398346,128.25472448102866,126.05870986014484,128.152587890625,5389500,0.0,0.0
2022-03-07 00:00:00-05:00,126.82474614203794,128.31429852961222,126.13529825784785,127.20777130126953,7137700,0.0,0.0
2022-03-08 00:00:00-05:00,126.8247512189922,127.5822945154836,124.57765547529787,125.25007629394531,8817500,0.0,0.0
2022-03-09 00:00:00-05:00,126.19487868751018,127.76955361300766,125.76929227390185,126.68856048583984,5368900,0.0,0.0
2022-03-10 00:00:00-05:00,126.03315441996293,127.4631183955,125.71821167298019,126.96943664550781,4635700,0.0,0.0
2022-03-11 00:00:00-05:00,127.11414369179212,128.01638478781555,126.80772096221186,126.87581634521484,5171400,0.0,0.0
2022-03-14 00:00:00-04:00,128.297263421088,130.20389503368776,126.84176530937481,129.46337890625,8647200,0.0,0.0
2022-03-15 00:00:00-04:00,129.5995772699749,133.14896660012897,129.51446777519655,132.6808319091797,8384300,0.0,0.0
2022-03-16 00:00:00-04:00,133.2085562056824,133.4809377624519,130.67206465063717,132.82553100585938,7178900,0.0,0.0
2022-03-17 00:00:00-04:00,133.77880888416803,135.00449962442335,132.9616903825741,134.9874725341797,7227900,0.0,0.0
2022-03-18 00:00:00-04:00,134.48530905422245,135.71100002492724,133.75329989048862,135.5067138671875,9912800,0.0,0.0
2022-03-21 00:00:00-04:00,136.14508687536883,136.99625967607494,135.32796825989607,136.23020935058594,5825000,0.0,0.0
2022-03-22 00:00:00-04:00,136.2301906551693,136.44298382614338,134.50231114588905,136.19613647460938,5756600,0.0,0.0
2022-03-23 00:00:00-04:00,136.19618110768727,137.19205191566064,134.79175091415604,134.8428192138672,6300600,0.0,0.0
2022-03-24 00:00:00-04:00,135.523708180329,136.80897418541258,135.20877846103855,136.4259490966797,4638100,0.0,0.0
2022-03-25 00:00:00-04:00,136.65578843844227,137.872959244145,136.38340692261576,137.3197021484375,5129400,0.0,0.0
2022-03-28 00:00:00-04:00,136.70690606876997,137.9155702588087,135.78763760285244,137.864501953125,4516500,0.0,0.0
2022-03-29 00:00:00-04:00,138.73264317045866,138.97947753901494,137.28563918889623,138.04318237304688,6154100,0.0,0.0
2022-03-30 00:00:00-04:00,137.651667360296,139.8902559983878,137.651667360296,139.37954711914062,5151800,0.0,0.0
2022-03-31 00:00:00-04:00,138.681566946877,140.15410512403585,137.97510500886102,137.98361206054688,8670100,0.0,0.0
2022-04-01 00:00:00-04:00,138.01767519586383,138.80076566286647,136.2727812087196,138.4687957763672,5703300,0.0,0.0
2022-04-04 00:00:00-04:00,138.31557209902746,139.4561404687871,137.43035815225448,137.79635620117188,6892400,0.0,0.0
2022-04-05 00:00:00-04:00,137.7963620970387,141.26064157755062,137.75380086007561,139.10716247558594,6683300,0.0,0.0
2022-04-06 00:00:00-04:00,140.0094389387182,144.07804447624386,139.4221275431231,143.77162170410156,8810800,0.0,0.0
2022-04-07 00:00:00-04:00,142.71613135988102,148.6062451457369,142.60547474787222,147.4912109375,7469000,0.0,0.0
2022-04-08 00:00:00-04:00,147.25291424457964,149.72983054346983,146.82732778722536,148.9212188720703,7204200,0.0,0.0
2022-04-11 00:00:00-04:00,148.87014283478152,148.9893065275263,144.12060923261916,144.55470275878906,8163200,0.0,0.0
2022-04-12 00:00:00-04:00,144.11209016360684,145.17605635167655,141.47346180991508,142.4097442626953,8279700,0.0,0.0
2022-04-13 00:00:00-04:00,141.63713562140614,141.63713562140614,134.29775415591973,136.4437713623047,18312600,1.41,0.0
2022-04-14 00:00:00-04:00,135.49956052893307,140.66716163251883,134.61540229932527,139.3280487060547,11074800,0.0,0.0
2022-04-18 00:00:00-04:00,139.02757836814976,139.74004452298286,136.27208663269377,136.79571533203125,6500200,0.0,0.0
2022-04-19 00:00:00-04:00,137.68848257816452,137.77432852059337,131.94575054142646,134.21194458007812,9359900,0.0,0.0
2022-04-20 00:00:00-04:00,134.22051964021344,135.71415254221947,133.4994609005904,134.5123748779297,6250000,0.0,0.0
2022-04-21 00:00:00-04:00,134.76990936460507,137.6713294391819,133.35354294497864,136.07469177246094,7903300,0.0,0.0
2022-04-22 00:00:00-04:00,135.01024073290625,135.9029912740047,132.48652226615715,133.04449462890625,7938300,0.0,0.0
2022-04-25 00:00:00-04:00,132.9157415775669,134.46087685349514,131.19892751503593,134.1690216064453,6932600,0.0,0.0
2022-04-26 00:00:00-04:00,134.28923431031075,137.07905791487107,133.75702599872864,134.0660400390625,6787800,0.0,0.0
2022-04-27 00:00:00-04:00,134.39219942950044,136.9159181353647,132.6753854089943,135.30210876464844,6039100,0.0,0.0
2022-04-28 00:00:00-04:00,135.93733402829147,136.00600816057892,132.48653419579287,134.17759704589844,7465000,0.0,0.0
2022-04-29 00:00:00-04:00,128.38335695496028,128.6408816909199,120.11689282999421,126.08283233642578,25155900,0.0,0.0
2022-05-02 00:00:00-04:00,125.88537491166342,127.81679056348523,123.12989591675135,126.93263244628906,9690800,0.0,0.0
2022-05-03 00:00:00-04:00,127.08719080641114,129.39630831059108,127.00134484560525,128.417724609375,6163400,0.0,0.0
2022-05-04 00:00:00-04:00,127.19874447910048,130.79547194741238,126.69228748668344,130.12591552734375,5791500,0.0,0.0
2022-05-05 00:00:00-04:00,131.1388553939459,131.61098191521023,128.79539459701178,130.63238525390625,6869300,0.0,0.0
2022-05-06 00:00:00-04:00,128.48634833396227,131.78264103679638,127.91121723875509,131.19033813476562,6145600,0.0,0.0
2022-05-09 00:00:00-04:00,130.1516674595683,131.79980735704297,127.84255049284675,129.5851287841797,6969000,0.0,0.0
2022-05-10 00:00:00-04:00,129.85125818500174,132.6496608850267,129.198860343315,130.55514526367188,6525200,0.0,0.0
2022-05-11 00:00:00-04:00,129.63663774909293,132.84707176764917,129.56796361256602,130.44354248046875,5630000,0.0,0.0
2022-05-12 00:00:00-04:00,131.66244797131955,132.49510367080606,128.88978439134942,132.44358825683594,6914800,0.0,0.0
2022-05-13 00:00:00-04:00,131.6968135322438,132.5294694533338,130.39203109431114,131.76548767089844,6398500,0.0,0.0
2022-05-16 00:00:00-04:00,132.13457369030937,134.67546399023357,131.56803506585194,133.45652770996094,6565600,0.0,0.0
2022-05-17 00:00:00-04:00,133.37929202457235,133.7312289614671,131.20752322935218,132.86424255371094,6032200,0.0,0.0
2022-05-18 00:00:00-04:00,132.87281060014237,133.65396409510623,130.26325914556384,130.8469696044922,6498100,0.0,0.0
2022-05-19 00:00:00-04:00,129.79112777179031,130.8212134885802,128.14298800527638,130.2375030517578,5994800,0.0,0.0
2022-05-20 00:00:00-04:00,130.76112463527718,131.7826309418916,126.8811217801682,129.62802124023438,6746400,0.0,0.0
2022-05-23 00:00:00-04:00,130.17740570196196,130.47785336677765,126.34891812898323,127.06997680664062,6886400,0.0,0.0
2022-05-24 00:00:00-04:00,126.21155958364578,129.91988350617305,125.8510302742194,127.9970474243164,6367200,0.0,0.0
2022-05-25 00:00:00-04:00,129.07008594643514,131.32770070359274,128.58078763552555,130.44354248046875,5042600,0.0,0.0
2022-05-26 00:00:00-04:00,130.16029102767865,131.39639952084173,129.09586135895384,129.25038146972656,6659300,0.0,0.0
2022-05-27 00:00:00-04:00,128.34903088919043,128.8039855959282,126.82964668273925,128.7610626220703,8405000,0.0,0.0
2022-05-31 00:00:00-04:00,127.59359837605388,127.79962074303832,125.90253577119063,126.50341796875,11227800,0.0,0.0
2022-06-01 00:00:00-04:00,126.86396785908677,126.9498138004798,123.88530754687297,125.34459686279297,5597900,0.0,0.0
2022-06-02 00:00:00-04:00,125.88541410913378,126.24595666953142,122.6663870204421,125.97126007080078,5998900,0.0,0.0
2022-06-03 00:00:00-04:00,125.97121200841934,127.22449184001239,125.97121200841934,126.33174133300781,4891800,0.0,0.0
2022-06-06 00:00:00-04:00,126.18583915009805,126.88973923387879,125.03557682115391,125.78238677978516,3912400,0.0,0.0
2022-06-07 00:00:00-04:00,126.11714741441718,128.20308311222462,125.21581749803742,128.02281188964844,4991200,0.0,0.0
2022-06-08 00:00:00-04:00,127.81677039096778,128.63226734941054,127.25881119668983,128.11721801757812,4835200,0.0,0.0
2022-06-09 00:00:00-04:00,128.52070845639454,129.2074367367906,124.72655075256554,124.838134765625,5642900,0.0,0.0
2022-06-10 00:00:00-04:00,123.9024726908978,124.15141807491453,122.02255912172926,122.92388916015625,5464700,0.0,0.0
2022-06-13 00:00:00-04:00,120.91521589645434,121.95389417566385,119.1297276856264,119.67910766601562,5997000,0.0,0.0
2022-06-14 00:00:00-04:00,119.69624834034116,120.74350570216,117.01802326985283,118.13394165039062,5861800,0.0,0.0
2022-06-15 00:00:00-04:00,117.23262275960195,119.39579846110715,116.94075449344004,118.53739166259766,5981800,0.0,0.0
2022-06-16 00:00:00-04:00,117.20690636543921,119.56752602527402,116.53734983705544,119.44734954833984,6963400,0.0,0.0
2022-06-17 00:00:00-04:00,118.11682806542602,119.77354756354354,117.76487799336617,118.7005386352539,10429900,0.0,0.0
2022-06-21 00:00:00-04:00,120.13405111900308,123.58485075671253,119.91944937956282,123.15564727783203,7160500,0.0,0.0
2022-06-22 00:00:00-04:00,123.37025469782952,128.84689553195574,123.27582940419799,126.66653442382812,7995700,0.0,0.0
2022-06-23 00:00:00-04:00,127.66230690465224,129.4477952716425,126.64937970012994,128.2889404296875,7795000,0.0,0.0
2022-06-24 00:00:00-04:00,129.5250268715767,131.1130850016033,128.43484635475707,130.76971435546875,8527600,0.0,0.0
2022-06-27 00:00:00-04:00,131.33627495632552,133.4393695500281,131.12167319986094,131.45645141601562,5377300,0.0,0.0
2022-06-28 00:00:00-04:00,131.48220905432638,133.15610021753758,129.95424552090768,130.89849853515625,5735700,0.0,0.0
2022-06-29 00:00:00-04:00,132.108857935372,134.44372648053647,131.63674447150552,132.31488037109375,6140900,0.0,0.0
2022-06-30 00:00:00-04:00,131.48221216801366,132.2290221435352,129.50787324489934,131.4736328125,7289500,0.0,0.0
2022-07-01 00:00:00-04:00,131.40492573967748,132.07448205300744,130.01431079633824,132.02297973632812,4620000,0.0,0.0
2022-07-05 00:00:00-04:00,130.39203242422556,132.2376155364793,128.46920891529498,132.1345977783203,5478800,0.0,0.0
2022-07-06 00:00:00-04:00,132.7183036411327,133.0445024848241,130.2117568324673,130.9328155517578,5113600,0.0,0.0
2022-07-07 00:00:00-04:00,128.93273940883688,130.97575242869178,128.76963996967166,130.47787475585938,6516100,0.0,0.0
2022-07-08 00:00:00-04:00,130.47785314386945,133.26767566174826,130.29758192563796,131.20750427246094,4078400,0.0,0.0
2022-07-11 00:00:00-04:00,130.71820743502315,132.6238718847219,130.71820743502315,131.53369140625,4491000,0.0,0.0
2022-07-12 00:00:00-04:00,131.33627573269158,132.68398105841666,130.5293710278946,130.87274169921875,5319500,0.0,0.0
2022-07-13 00:00:00-04:00,130.4778573550375,132.0487436568257,129.87697510528943,130.6066131591797,5221200,0.0,0.0
2022-07-14 00:00:00-04:00,129.00373097531408,130.84057213917836,128.65716166088484,130.34671020507812,7576900,1.41,0.0
2022-07-15 00:00:00-04:00,131.55968836942256,133.3185530509015,131.20444630331107,133.10194396972656,4873000,0.0,0.0
2022-07-18 00:00:00-04:00,133.2579333782125,133.83844423379938,129.00372708491378,129.59291076660156,6838400,0.0,0.0
2022-07-19 00:00:00-04:00,129.96548786903895,130.164764581955,128.92576661024125,129.74021911621094,5647100,0.0,0.0
2022-07-20 00:00:00-04:00,129.5582598991383,130.35537996101215,127.66076168607243,127.96401977539062,5315700,0.0,0.0
2022-07-21 00:00:00-04:00,127.57408294891985,128.09393678577192,126.51702962698833,128.01596069335938,4066800,0.0,0.0
2022-07-22 00:00:00-04:00,128.63980102539062,129.3502719304354,127.86867323219487,128.63980102539062,3639700,0.0,0.0
2022-07-25 00:00:00-04:00,128.7004469814811,130.77990211144288,128.67445494917388,130.15606689453125,4347000,0.0,0.0
2022-07-26 00:00:00-04:00,130.96185467085624,133.04996953753331,130.25138370796884,130.71925354003906,4900600,0.0,0.0
2022-07-27 00:00:00-04:00,129.53223829434293,131.2651110474445,129.03836321373942,130.96185302734375,4145800,0.0,0.0
2022-07-28 00:00:00-04:00,131.21310441309774,132.0535486114673,127.03687545041458,129.7488250732422,6572300,0.0,0.0
2022-07-29 00:00:00-04:00,126.01452204398743,126.75965793543277,120.477993541299,124.34229278564453,17754700,0.0,0.0
2022-08-01 00:00:00-04:00,122.6094193289724,123.76178141322227,120.56462874397066,121.4917221069336,8523900,0.0,0.0
2022-08-02 00:00:00-04:00,122.32348651791871,123.76177413738368,121.38774682557114,121.63900756835938,5197100,0.0,0.0
2022-08-03 00:00:00-04:00,122.79137861187445,123.91774867643853,121.86428523525917,122.34082794189453,5474200,0.0,0.0
2022-08-04 00:00:00-04:00,123.11192733735574,123.53648587225685,120.16604928598291,120.36532592773438,7071700,0.0,0.0
2022-08-05 00:00:00-04:00,120.47796861011061,121.22310434736079,119.52488340405739,119.60285949707031,5371100,0.0,0.0
2022-08-08 00:00:00-04:00,119.60288139285515,121.99425444919049,119.36895307099095,121.59568786621094,4854600,0.0,0.0
2022-08-09 00:00:00-04:00,121.89028444466199,123.24193653414099,121.1971457987001,121.5177230834961,3819700,0.0,0.0
2022-08-10 00:00:00-04:00,122.08954751831179,122.21950768065909,120.43465094031988,122.11553955078125,4075300,0.0,0.0
2022-08-11 00:00:00-04:00,121.5003816260982,123.7877733618733,121.00651971649569,123.1032943725586,5972800,0.0,0.0
2022-08-12 00:00:00-04:00,122.93865736121475,123.97837837248436,121.53503465703928,123.5538330078125,5208700,0.0,0.0
2022-08-15 00:00:00-04:00,123.99571675523313,124.14300936033096,121.66500066709855,123.28523254394531,4513200,0.0,0.0
2022-08-16 00:00:00-04:00,123.12927916865672,124.74951103016748,123.1032871339308,123.51051330566406,3852300,0.0,0.0
2022-08-17 00:00:00-04:00,122.5314270316336,123.6924485676596,121.77763163777291,122.54875946044922,3605200,0.0,0.0
2022-08-18 00:00:00-04:00,122.59209822083399,122.6700743284449,121.14515093404596,122.4188003540039,3525200,0.0,0.0
2022-08-19 00:00:00-04:00,122.84336531612081,124.21233656596915,122.5661125122678,122.90402221679688,4530700,0.0,0.0
2022-08-22 00:00:00-04:00,123.00798350624835,123.60582677033219,121.26645100629321,121.59568786621094,4023500,0.0,0.0
2022-08-23 00:00:00-04:00,120.99781881689078,122.03755290890982,119.95809794563992,120.45197296142578,3768100,0.0,0.0
2022-08-24 00:00:00-04:00,120.47798662192812,120.83322872645486,119.30829216878715,119.49024963378906,5018900,0.0,0.0
2022-08-25 00:00:00-04:00,120.23538640139593,120.91986536002011,119.2823010455692,120.72058868408203,3301200,0.0,0.0
2022-08-26 00:00:00-04:00,120.33935352362808,121.17113830174603,118.0519619097669,118.13861083984375,3838800,0.0,0.0
2022-08-29 00:00:00-04:00,118.00864422367896,118.45919488857328,116.76097359521546,117.58409881591797,3835800,0.0,0.0
2022-08-30 00:00:00-04:00,117.09023057174373,118.25992515993251,116.87362144213634,117.44547271728516,4337100,0.0,0.0
2022-08-31 00:00:00-04:00,117.56674290861429,117.86998767920898,116.24975603924211,116.50102996826172,5789600,0.0,0.0
2022-09-01 00:00:00-04:00,116.65697928008227,120.07939991463631,116.18910950975143,119.95809936523438,4521000,0.0,0.0
2022-09-02 00:00:00-04:00,120.14008787673204,120.78124242337677,117.67073857136234,118.07796478271484,3601600,0.0,0.0
2022-09-06 00:00:00-04:00,118.96172143660814,120.73791871677483,118.04330095965172,119.21298217773438,4810600,0.0,0.0
2022-09-07 00:00:00-04:00,119.17834114900425,120.46932305028572,117.26351070012564,120.18341064453125,4141700,0.0,0.0
2022-09-08 00:00:00-04:00,120.98921000477166,121.79500294227988,120.13143298499331,121.75167846679688,3988300,0.0,0.0
2022-09-09 00:00:00-04:00,121.64765670847024,123.1812527303305,121.38773638338319,122.53142547607422,4427000,0.0,0.0
2022-09-12 00:00:00-04:00,122.17620928826217,123.78778174907517,121.57837919313675,123.24193572998047,4938400,0.0,0.0
2022-09-13 00:00:00-04:00,121.7776483004386,122.97332163692865,119.12635482196458,120.0274429321289,6195900,0.0,0.0
2022-09-14 00:00:00-04:00,120.5819438079285,121.68232166114807,119.80215639051677,120.91119384765625,4673600,0.0,0.0
2022-09-15 00:00:00-04:00,121.29245013925316,124.68020679933805,120.77258295203836,123.47586059570312,6416900,0.0,0.0
2022-09-16 00:00:00-04:00,124.24699635853017,125.50333993645867,122.47947160830921,124.81884765625,13887500,0.0,0.0
2022-09-19 00:00:00-04:00,124.45493903391595,124.64555612265403,122.54010854096408,123.6058349609375,5042500,0.0,0.0
2022-09-20 00:00:00-04:00,122.87803363764381,123.45854451967055,121.62169010676773,122.83470916748047,4532900,0.0,0.0
2022-09-21 00:00:00-04:00,123.16392666277687,124.44626202969192,121.55235446015769,121.56968688964844,5076100,0.0,0.0
2022-09-22 00:00:00-04:00,121.48303893450542,125.16539319417885,121.30108149512452,123.90904998779297,6161000,0.0,0.0
2022-09-23 00:00:00-04:00,123.09462140391793,124.26430257069045,122.12420367961482,123.95238494873047,5751600,0.0,0.0
2022-09-26 00:00:00-04:00,123.1032980790892,123.72713340951746,121.39641713621903,122.34950256347656,5697800,0.0,0.0
2022-09-27 00:00:00-04:00,123.54516200781975,126.10114672100757,122.41879205365068,122.79136657714844,5598000,0.0,0.0
2022-09-28 00:00:00-04:00,124.95744735485165,125.91053259688906,123.57114395202797,125.28669738769531,5226700,0.0,0.0
2022-09-29 00:00:00-04:00,125.50332793717527,125.84989723678216,122.88668609659798,123.6578140258789,5509400,0.0,0.0
2022-09-30 00:00:00-04:00,123.20724961769052,123.31123097259196,116.18045010261811,116.28443145751953,15359000,0.0,0.0
2022-10-03 00:00:00-04:00,117.73136008076715,120.26135230559643,117.23748507984888,119.84546661376953,7437500,0.0,0.0
2022-10-04 00:00:00-04:00,120.61661461614781,123.65780155902333,119.36027128499865,123.02530670166016,6612300,0.0,0.0
2022-10-05 00:00:00-04:00,122.57479056664572,125.17410044525568,122.26287285238156,124.18636322021484,4777900,0.0,0.0
2022-10-06 00:00:00-04:00,123.71847489836642,123.89177279302615,121.21447368150217,121.55238342285156,5124800,0.0,0.0
2022-10-07 00:00:00-04:00,120.44331655372883,121.34441779352817,119.17832684120089,120.2267074584961,4648800,0.0,0.0
2022-10-10 00:00:00-04:00,120.4606424691741,120.94584470093459,118.58913681458145,119.83680725097656,3830800,0.0,0.0
2022-10-11 00:00:00-04:00,119.58555105846285,124.4895708472133,119.58555105846285,122.60940551757812,5675100,0.0,0.0
2022-10-12 00:00:00-04:00,122.72203218654597,123.95237009776514,121.24042035455838,121.28374481201172,4528000,0.0,0.0
2022-10-13 00:00:00-04:00,119.64704484076616,125.31867875948812,119.27069257954497,125.09111785888672,5066200,1.41,0.0
2022-10-14 00:00:00-04:00,124.81102937401656,126.45649522355168,124.46968138527997,125.10861206054688,5290500,0.0,0.0
2022-10-17 00:00:00-04:00,124.85479507956111,126.85037021135771,124.37341676813122,126.39524841308594,4016200,0.0,0.0
2022-10-18 00:00:00-04:00,127.11294644753742,127.6731076438199,125.62501952197111,126.5615463256836,3540400,0.0,0.0
2022-10-19 00:00:00-04:00,126.73660338012992,127.30551233677407,124.55721918157657,125.27493286132812,3333300,0.0,0.0
2022-10-20 00:00:00-04:00,125.30120180547281,126.07141523552225,124.66225760612782,125.09988403320312,3880100,0.0,0.0
2022-10-21 00:00:00-04:00,125.45873438671597,129.3273501983162,124.66225112557234,128.7146759033203,5419400,0.0,0.0
2022-10-24 00:00:00-04:00,130.1588648750684,132.62707111285883,130.15010379866064,132.06690979003906,5139700,0.0,0.0
2022-10-25 00:00:00-04:00,129.56366122002376,131.81306715823843,128.91596938858484,131.13037109375,5229400,0.0,0.0
2022-10-26 00:00:00-04:00,132.17187769511213,133.81735669965616,131.9005515518721,133.48475646972656,4727900,0.0,0.0
2022-10-27 00:00:00-04:00,134.5788793024343,134.7801970825667,133.09095206332518,134.351318359375,6850400,0.0,0.0
2022-10-28 00:00:00-04:00,127.72561351691346,130.39513678537367,124.58345969114511,129.196044921875,10812200,0.0,0.0
2022-10-31 00:00:00-04:00,127.0604362975298,128.46959371690573,126.10641403396323,128.13699340820312,8604800,0.0,0.0
2022-11-01 00:00:00-04:00,128.36457608694212,129.2748331029945,126.51779218452944,128.58338928222656,6351200,0.0,0.0
2022-11-02 00:00:00-04:00,128.68841097018185,129.60742903021315,126.45651378304785,126.49153137207031,5345000,0.0,0.0
2022-11-03 00:00:00-04:00,126.03637195818698,127.27922902347265,125.18737588421175,126.40397644042969,3850700,0.0,0.0
2022-11-04 00:00:00-04:00,127.21798949463518,127.41929388281001,125.23116206044129,127.1567153930664,4623700,0.0,0.0
2022-11-07 00:00:00-05:00,127.1567197736388,130.23761322515438,126.64907157072507,129.62493896484375,4304000,0.0,0.0
2022-11-08 00:00:00-05:00,130.26386021787758,132.71457043528284,129.50239464681485,130.00128173828125,4637500,0.0,0.0
2022-11-09 00:00:00-05:00,130.05378432254477,131.78679413557833,128.6971400829541,129.2047882080078,4573700,0.0,0.0
2022-11-10 00:00:00-05:00,131.86558642590316,131.86558642590316,129.31859764269444,131.0428466796875,5607700,0.0,0.0
2022-11-11 00:00:00-05:00,130.88529744087026,131.7430547980974,127.56809521520724,131.42796325683594,6786400,0.0,0.0
2022-11-14 00:00:00-05:00,132.14566662100867,135.26156451385597,132.14566662100867,132.8108673095703,7077100,0.0,0.0
2022-11-15 00:00:00-05:00,134.2550285192057,134.28128503518502,131.2529177796528,133.9486846923828,5909500,0.0,0.0
2022-11-16 00:00:00-05:00,134.2988055471326,137.14337743896928,132.36449078435194,132.92465209960938,7358700,0.0,0.0
2022-11-17 00:00:00-05:00,132.13691384723816,133.97495003545583,131.26166106338167,133.178466796875,5069500,0.0,0.0
2022-11-18 00:00:00-05:00,134.50010364441664,136.22435282461703,134.50010364441664,135.6466827392578,5691100,0.0,0.0
2022-11-21 00:00:00-05:00,136.01426777825853,138.84134368865912,135.1652715687359,137.51095581054688,6492100,0.0,0.0
2022-11-22 00:00:00-05:00,138.0185906324322,139.9353960466295,137.90480351578995,139.8566131591797,5351100,0.0,0.0
2022-11-23 00:00:00-05:00,139.9967007737656,140.8632059656083,139.00767406360532,139.50656127929688,3221100,0.0,0.0
2022-11-25 00:00:00-05:00,139.6815834516906,140.69687984902956,139.37525300174502,139.7078399658203,1661900,0.0,0.0
2022-11-28 00:00:00-05:00,140.04044354604142,140.67937433023695,138.14114663308393,138.66629028320312,3902800,0.0,0.0
2022-11-29 00:00:00-05:00,138.56125941490964,139.5415382120122,137.59848941212587,138.46498107910156,3689000,0.0,0.0
2022-11-30 00:00:00-05:00,138.98141856075475,141.07327270507812,136.94209081509845,141.07327270507812,12342500,0.0,0.0
2022-12-01 00:00:00-05:00,140.91568856097814,142.8412418826775,140.0229270430342,141.46710205078125,5827800,0.0,0.0
2022-12-02 00:00:00-05:00,140.67062078632915,143.3313832272113,140.48681183545423,143.24386596679688,4304900,0.0,0.0
2022-12-05 00:00:00-05:00,142.56990416211463,144.58298793576785,142.56990416211463,143.48892211914062,4859400,0.0,0.0
2022-12-06 00:00:00-05:00,143.56772823234664,143.88281980202942,141.39710483858698,143.29640197753906,5480400,0.0,0.0
2022-12-07 00:00:00-05:00,143.27014029992935,144.88060232906463,142.893774631916,144.76681518554688,4637800,0.0,0.0
2022-12-08 00:00:00-05:00,144.76679387257636,145.4932552294332,143.78651510443052,145.283203125,4274400,0.0,0.0
2022-12-09 00:00:00-05:00,145.95713656749916,146.82364155507517,142.49989104694865,142.7187042236328,4644800,0.0,0.0
2022-12-12 00:00:00-05:00,142.85000874589122,144.84558396900962,142.4473866002142,144.69679260253906,4109400,0.0,0.0
2022-12-13 00:00:00-05:00,146.12345950285533,146.60485123768055,144.1278840887603,144.23291015625,5050400,0.0,0.0
2022-12-14 00:00:00-05:00,144.06658280944217,145.27442231171116,142.51738197325753,144.2941436767578,4485400,0.0,0.0
2022-12-15 00:00:00-05:00,143.44518224567926,144.07536533620038,141.74718966040282,142.7537384033203,5268300,0.0,0.0
2022-12-16 00:00:00-05:00,141.8347092431497,142.94628396286458,140.46055603027344,140.46055603027344,18905500,0.0,0.0
2022-12-19 00:00:00-05:00,140.72313863448292,141.992252473992,140.0929555746044,141.34457397460938,4033400,0.0,0.0
2022-12-20 00:00:00-05:00,141.44960501534325,141.65967049446803,140.10172158469487,140.548095703125,4221000,0.0,0.0
2022-12-21 00:00:00-05:00,141.30957647761434,142.4298991088516,140.3555540323934,141.9747772216797,3707200,0.0,0.0
2022-12-22 00:00:00-05:00,141.67714980754752,143.00753764663813,141.37956709580112,142.9025115966797,3606000,0.0,0.0
2022-12-23 00:00:00-05:00,143.00755584144505,143.38392149384143,142.07979000131618,142.7537384033203,2685100,0.0,0.0
2022-12-27 00:00:00-05:00,143.09511244560633,143.37518645041317,141.5984239950466,142.65748596191406,2669200,0.0,0.0
2022-12-28 00:00:00-05:00,143.2788403396716,144.1453451755593,141.8871919848502,141.99221801757812,2944500,0.0,0.0
2022-12-29 00:00:00-05:00,142.63120655606826,143.43643755422627,141.9572581398334,142.28109741210938,3112500,0.0,0.0
2022-12-30 00:00:00-05:00,141.99225266161224,142.5349184587953,139.88290364300948,141.44960021972656,3680400,0.0,0.0
2023-01-03 00:00:00-05:00,141.82593909355057,142.68369634001348,140.74938203129963,142.12353515625,4937500,0.0,0.0
2023-01-04 00:00:00-05:00,142.14107308110056,143.78655289319346,141.3620984934119,143.27015686035156,4440400,0.0,0.0
2023-01-05 00:00:00-05:00,142.7449836214351,143.9703456204956,142.08854398614153,143.0950927734375,3516000,0.0,0.0
2023-01-06 00:00:00-05:00,144.27664278927185,147.1387226777606,143.6464598164799,145.77333068847656,5099100,0.0,0.0
2023-01-09 00:00:00-05:00,145.20440987136416,145.5370101533838,140.81065116667259,141.49334716796875,7833000,0.0,0.0
2023-01-10 00:00:00-05:00,141.9922586120925,142.15855878165175,138.55252150391706,139.72535705566406,5936200,0.0,0.0
2023-01-11 00:00:00-05:00,139.35774741602768,139.4627734749648,135.71669267950375,137.5634765625,7492000,0.0,0.0
2023-01-12 00:00:00-05:00,136.95381414590577,137.18353827086167,134.05569580255982,134.4974822998047,7665100,1.48,0.0
2023-01-13 00:00:00-05:00,134.38262344349545,135.90237018509305,133.71994364857514,135.71682739257812,6019300,0.0,0.0
2023-01-17 00:00:00-05:00,135.89352007243014,137.04216758415237,134.81556001336423,135.0364532470703,8507000,0.0,0.0
2023-01-18 00:00:00-05:00,134.40911779495892,134.6741923861821,131.71423098390878,131.82908630371094,6190800,0.0,0.0
2023-01-19 00:00:00-05:00,131.60816700926787,133.01304453775782,130.17678337512723,131.3961181640625,7169900,0.0,0.0
2023-01-20 00:00:00-05:00,132.0322853856359,132.27969818895954,130.01774035276435,132.1736602783203,7059000,0.0,0.0
2023-01-23 00:00:00-05:00,132.41225451045287,132.91588412562186,130.81298948699296,131.25477600097656,7616400,0.0,0.0
2023-01-24 00:00:00-05:00,130.83946591030002,131.5374825118143,129.39040701253182,130.494873046875,5171400,0.0,0.0
2023-01-25 00:00:00-05:00,130.22096682502578,130.7511024288927,129.44341842731941,130.58322143554688,5744300,0.0,0.0
2023-01-26 00:00:00-05:00,130.6980938574328,131.38727959923352,129.98240200881295,130.23863220214844,4577800,0.0,0.0
2023-01-27 00:00:00-05:00,130.1591484087433,130.48606613440114,129.01050070695877,129.2490692138672,4591500,0.0,0.0
2023-01-30 00:00:00-05:00,128.88680048568605,129.9912668324332,128.3478203691832,128.69241333007812,4573400,0.0,0.0
2023-01-31 00:00:00-05:00,128.6747120457706,130.6362447535742,127.59675214392355,130.54788208007812,5628700,0.0,0.0
2023-02-01 00:00:00-05:00,129.5583359500371,130.27402804797347,128.33900068258617,129.53182983398438,5439900,0.0,0.0
2023-02-02 00:00:00-05:00,128.9397757125658,128.9397757125658,126.73968800982671,127.9766845703125,6160800,0.0,0.0
2023-02-03 00:00:00-05:00,128.93097345765366,129.7085220295577,127.85301329469736,128.2947998046875,6553000,0.0,0.0
2023-02-06 00:00:00-05:00,128.77193107102372,129.2932358939371,127.95020118813572,128.13575744628906,4297000,0.0,0.0
2023-02-07 00:00:00-05:00,127.74699202514482,128.52454061639534,126.93410644440773,128.24179077148438,5401900,0.0,0.0
2023-02-08 00:00:00-05:00,128.48035199577572,129.31091276537313,127.64979122617831,127.77349090576172,5753800,0.0,0.0
2023-02-09 00:00:00-05:00,131.21060192383882,135.80517922741447,130.68045268477982,131.38731384277344,12216900,0.0,0.0
2023-02-10 00:00:00-05:00,132.26201195690518,135.3456723388941,131.4491266149532,134.3472442626953,8956700,0.0,0.0
2023-02-13 00:00:00-05:00,134.32076285340517,135.87584638275638,133.64923878666573,135.8316650390625,5602600,0.0,0.0
2023-02-14 00:00:00-05:00,135.99954018045287,136.0702276308587,134.09101946625344,134.8243865966797,4662800,0.0,0.0
2023-02-15 00:00:00-05:00,134.8509213081209,135.61963906792676,133.26933140186375,133.47254943847656,5648100,0.0,0.0
2023-02-16 00:00:00-05:00,131.74958268643545,132.97774873010098,131.41382060123377,132.1206817626953,3757500,0.0,0.0
2023-02-17 00:00:00-05:00,131.7849146504774,133.7641231306206,131.3077911369878,133.6934356689453,4562400,0.0,0.0
2023-02-21 00:00:00-05:00,132.376902811701,135.2043334905588,132.376902811701,134.30308532714844,8466100,0.0,0.0
2023-02-22 00:00:00-05:00,133.41952565997278,134.43562923732912,132.74801502019636,133.12794494628906,6041700,0.0,0.0
2023-02-23 00:00:00-05:00,133.33115224612555,135.69030387787885,131.80257482357186,134.3649444580078,5993300,0.0,0.0
2023-02-24 00:00:00-05:00,133.684624283795,135.16902074864183,133.34003128429435,134.9304656982422,5621100,0.0,0.0
2023-02-27 00:00:00-05:00,135.41639397126,136.73292260308534,135.27503253689108,136.31764221191406,6828800,0.0,0.0
2023-02-28 00:00:00-05:00,136.03494405527312,136.39719884272998,134.85094564894334,135.98191833496094,7561700,0.0,0.0
2023-03-01 00:00:00-05:00,134.97463598897687,137.4663188625033,134.63004298330375,137.19241333007812,5485800,0.0,0.0
2023-03-02 00:00:00-05:00,137.1570194871595,137.63415641016167,136.25578482327123,136.40599060058594,4567800,0.0,0.0
2023-03-03 00:00:00-05:00,136.36181864869738,137.98758968456102,136.07906882563225,137.89039611816406,4851200,0.0,0.0
2023-03-06 00:00:00-05:00,137.65181972965678,138.2438254523963,136.54735357600563,137.20120239257812,4051900,0.0,0.0
2023-03-07 00:00:00-05:00,137.45744711256413,137.54579631616156,134.34726662572118,135.1248016357422,4606900,0.0,0.0
2023-03-08 00:00:00-05:00,135.00111216777086,135.84051730002972,131.245926933627,132.18252563476562,5860100,0.0,0.0
2023-03-09 00:00:00-05:00,132.5977926527248,133.33999065901952,129.50528747757753,130.19447326660156,5350200,0.0,0.0
2023-03-10 00:00:00-05:00,130.62740325232787,133.10140985953703,130.30048562129804,132.27969360351562,6825500,0.0,0.0
2023-03-13 00:00:00-04:00,131.65235858506486,135.46939988263637,131.65235858506486,134.25889587402344,7653800,0.0,0.0
2023-03-14 00:00:00-04:00,134.25890173642338,136.06139803306644,133.82595963671957,135.9376983642578,6644100,0.0,0.0
2023-03-15 00:00:00-04:00,134.46212379456378,136.4059950520794,134.06451866725493,136.1232452392578,6304600,0.0,0.0
2023-03-16 00:00:00-04:00,135.36337866685963,137.76669826572848,134.75371114977287,137.21888732910156,6331200,0.0,0.0
2023-03-17 00:00:00-04:00,137.64298952928,137.8992332282457,134.19706050588474,136.26461791992188,42756400,0.0,0.0
2023-03-20 00:00:00-04:00,136.52971161788497,138.13780755995995,136.47669939198482,137.94342041015625,4408200,0.0,0.0
2023-03-21 00:00:00-04:00,138.40284667261088,138.76511476634968,137.0421504552463,138.51771545410156,4675700,0.0,0.0
2023-03-22 00:00:00-04:00,137.55464827147694,138.61494673515577,135.7256590379155,135.77867126464844,4376900,0.0,0.0
2023-03-23 00:00:00-04:00,136.15860244307208,138.27917221513104,136.0879149863696,137.21888732910156,4584000,0.0,0.0
2023-03-24 00:00:00-04:00,137.20122778982716,140.0286589701078,136.59156020299602,139.62222290039062,4678700,0.0,0.0
2023-03-27 00:00:00-04:00,140.33790636152935,140.6118118444274,139.0567281609312,139.19808959960938,3887800,0.0,0.0
2023-03-28 00:00:00-04:00,139.42780383407634,140.13466483794187,139.11854793168135,139.82540893554688,3532500,0.0,0.0
2023-03-29 00:00:00-04:00,140.47043575342198,141.10660941006552,138.15547874201343,139.6045379638672,3959900,0.0,0.0
2023-03-30 00:00:00-04:00,139.61333179197794,140.07279341812966,139.09202708125338,139.5338134765625,3635800,0.0,0.0
2023-03-31 00:00:00-04:00,139.98447213308475,140.9917583551582,139.36597369324085,140.81503295898438,4957300,0.0,0.0
2023-04-03 00:00:00-04:00,139.82540064784698,141.7869334132405,139.4189512129833,141.7427520751953,4389400,0.0,0.0
2023-04-04 00:00:00-04:00,141.82229638055705,142.90025651156827,140.95639862166823,141.1772918701172,4224400,0.0,0.0
2023-04-05 00:00:00-04:00,141.37169109417187,142.84725650209668,140.49694890191483,142.07855224609375,5743000,0.0,0.0
2023-04-06 00:00:00-04:00,142.07853123350256,143.30669707895436,141.91948109377157,142.7412109375,5498300,0.0,0.0
2023-04-10 00:00:00-04:00,142.88258313770976,143.19182557103403,141.55722375481272,142.5026397705078,3309500,0.0,0.0
2023-04-11 00:00:00-04:00,142.68819697932727,143.6601191106597,142.4231224045083,142.59100341796875,2875800,0.0,0.0
2023-04-12 00:00:00-04:00,143.24486204768928,144.44652196430698,142.7854137576995,143.45692443847656,4005000,0.0,0.0
2023-04-13 00:00:00-04:00,143.5639300014669,145.22249520287806,143.16266707986244,145.07090759277344,3868500,1.48,0.0
2023-04-14 00:00:00-04:00,145.02626997872142,145.34728292698313,143.50145507290858,144.08998107910156,3473100,0.0,0.0
2023-04-17 00:00:00-04:00,144.38430553791133,144.63398086991117,143.2518408208717,143.7244415283203,4354100,0.0,0.0
2023-04-18 00:00:00-04:00,143.56389683800097,143.76898430943947,141.25439393698403,142.3065948486328,4996200,0.0,0.0
2023-04-19 00:00:00-04:00,141.48626098631888,143.9562776999343,141.3525112174322,143.75119018554688,4826900,0.0,0.0
2023-04-20 00:00:00-04:00,143.72440599477653,144.2505200915391,143.18939338974377,144.22377014160156,3808100,0.0,0.0
2023-04-21 00:00:00-04:00,144.98171247305768,145.51673870063198,144.47344980251603,144.8212127685547,4812100,0.0,0.0
2023-04-24 00:00:00-04:00,144.96386934996423,146.56000849727184,144.74985616557086,146.31033325195312,4728900,0.0,0.0
2023-04-25 00:00:00-04:00,146.9612998252551,148.20076417866258,146.67596246365122,147.0415496826172,5506200,0.0,0.0
2023-04-26 00:00:00-04:00,145.0619399755198,145.57912828748286,143.11803795364364,144.27725219726562,5192000,0.0,0.0
2023-04-27 00:00:00-04:00,137.2060963144362,137.2060963144362,131.22278726738432,132.74758911132812,17063000,0.0,0.0
2023-04-28 00:00:00-04:00,131.94503744525448,134.99465414283856,131.47243686268123,134.75389099121094,7123800,0.0,0.0
2023-05-01 00:00:00-04:00,134.50420851944725,137.95510148696462,134.4863842916012,137.0634002685547,5601000,0.0,0.0
2023-05-02 00:00:00-04:00,136.92075892198932,138.23156112814155,134.82525509411764,135.19976806640625,5135600,0.0,0.0
2023-05-03 00:00:00-04:00,134.7092978709332,135.1016349436082,132.37303162977986,133.08639526367188,6815300,0.0,0.0
2023-05-04 00:00:00-04:00,132.86348198813656,132.86348198813656,130.50047919394711,131.40109252929688,5694300,0.0,0.0
2023-05-05 00:00:00-04:00,132.45331320756156,133.202352686099,131.20493675380396,131.99855041503906,4447700,0.0,0.0
2023-05-08 00:00:00-04:00,132.10554194754087,132.1501297337281,130.84825345726577,131.48135375976562,3689500,0.0,0.0
2023-05-09 00:00:00-04:00,131.44571631485405,132.38200557502836,130.42917718828082,130.92852783203125,4201600,0.0,0.0
2023-05-10 00:00:00-04:00,130.65207229694082,131.0622472566213,129.43043231966647,130.56289672851562,4127300,0.0,0.0
2023-05-11 00:00:00-04:00,131.33869633016866,131.58838524586375,129.46613150958459,130.71450805664062,4300400,0.0,0.0
2023-05-12 00:00:00-04:00,130.89280844644455,131.61509782170316,130.25079612334807,131.2138214111328,3526500,0.0,0.0
2023-05-15 00:00:00-04:00,131.67754722420554,132.77433616242504,129.88523226601424,130.71450805664062,4391800,0.0,0.0
2023-05-16 00:00:00-04:00,130.0635523494346,131.0265913875744,127.71837357304922,127.7718734741211,4685400,0.0,0.0
2023-05-17 00:00:00-04:00,127.5311458228297,127.97699655004642,125.30189218674612,127.82540893554688,5482000,0.0,0.0
2023-05-18 00:00:00-04:00,127.16553350457549,128.01264708871335,126.60375728488222,127.90564727783203,4791200,0.0,0.0
2023-05-19 00:00:00-04:00,128.28014877248725,130.01005146084213,128.22664887182177,129.394775390625,5610300,0.0,0.0
2023-05-22 00:00:00-04:00,129.71581114805733,130.77693805161036,128.20883351906414,129.20753479003906,3867300,0.0,0.0
2023-05-23 00:00:00-04:00,128.80627392768955,129.1362127220891,126.9247832918544,127.08529663085938,5121900,0.0,0.0
2023-05-24 00:00:00-04:00,127.14767653524939,127.45977741173522,125.67637493188731,125.8636245727539,4143500,0.0,0.0
2023-05-25 00:00:00-04:00,124.86493765398467,125.01652524915492,123.2866224711326,123.60763549804688,6986600,0.0,0.0
2023-05-26 00:00:00-04:00,123.69676812419289,124.70439464335703,122.25221680780233,122.66239166259766,7590300,0.0,0.0
2023-05-30 00:00:00-04:00,120.81660572179293,122.02039423019023,120.60259252625778,121.6637191772461,7671500,0.0,0.0
2023-05-31 00:00:00-04:00,121.82422916119488,123.68789524817625,121.06629120808586,123.01911926269531,12579100,0.0,0.0
2023-06-01 00:00:00-04:00,120.61150614263421,120.61150614263421,116.90203928445689,118.98861694335938,11895600,0.0,0.0
2023-06-02 00:00:00-04:00,119.22939141161577,122.13633286355234,119.04212814462393,122.04715728759766,6661600,0.0,0.0
2023-06-05 00:00:00-04:00,122.163083798357,123.3312103788397,121.52996985906098,122.03824615478516,4276200,0.0,0.0
2023-06-06 00:00:00-04:00,122.58219341764547,122.64460544082155,120.04976468915658,120.76311492919922,4359900,0.0,0.0
2023-06-07 00:00:00-04:00,120.2905192574974,122.21659764051506,119.71983087804226,121.71724700927734,4645200,0.0,0.0
2023-06-08 00:00:00-04:00,122.1630611809376,122.95667468377424,121.2713600044344,122.73374938964844,4714200,0.0,0.0
2023-06-09 00:00:00-04:00,122.662428175641,124.11590564301859,122.23441536305866,123.21527862548828,4359500,0.0,0.0
2023-06-12 00:00:00-04:00,124.46365566027977,124.54390550311516,122.08281507886596,122.81400299072266,4888500,0.0,0.0
2023-06-13 00:00:00-04:00,122.6178131577493,123.47385219908094,122.34138799421605,123.3311767578125,4229100,0.0,0.0
2023-06-14 00:00:00-04:00,123.77706983399734,124.18725846700565,121.34272880844203,121.47647857666016,6128300,0.0,0.0
2023-06-15 00:00:00-04:00,121.9401731163469,122.02042298122602,120.78988423422653,121.17330932617188,6614900,0.0,0.0
2023-06-16 00:00:00-04:00,121.89554768089958,123.8751253743236,121.70829805400494,123.62545013427734,14616000,0.0,0.0
2023-06-20 00:00:00-04:00,122.25223827753786,123.90187731103295,121.85988757794065,122.8942642211914,4868800,0.0,0.0
2023-06-21 00:00:00-04:00,121.94015846295852,122.54650884422665,120.09433015484358,122.03824615478516,5828400,0.0,0.0
2023-06-22 00:00:00-04:00,122.29682023307286,122.96559616640636,121.17328156333382,122.52867126464844,4826900,0.0,0.0
2023-06-23 00:00:00-04:00,122.43057949608111,123.6700436402276,120.97710216215165,121.20002746582031,7395600,0.0,0.0
2023-06-26 00:00:00-04:00,121.40512950194653,121.40512950194653,119.21155187017293,120.33509063720703,6468100,0.0,0.0
2023-06-27 00:00:00-04:00,120.27267906771246,120.27267906771246,118.16826339650137,118.2396011352539,7839900,0.0,0.0
2023-06-28 00:00:00-04:00,118.23959573174572,118.74785838849172,116.77720616985565,118.15933227539062,6911900,0.0,0.0
2023-06-29 00:00:00-04:00,118.03450499739525,119.40773271513208,117.8205053784213,118.8013687133789,4947600,0.0,0.0
2023-06-30 00:00:00-04:00,119.01538479954945,121.20896258446007,118.41794650508085,120.13892364501953,8711300,0.0,0.0
2023-07-03 00:00:00-04:00,119.4879972513609,120.76312382534012,118.73004555762571,120.38861083984375,2674600,0.0,0.0
2023-07-05 00:00:00-04:00,120.54016630621078,122.94777052353706,120.05865362651414,122.7159194946289,6903300,0.0,0.0
2023-07-06 00:00:00-04:00,122.59110435743379,123.30446819691683,121.66374089050434,122.38601684570312,6091000,0.0,0.0
2023-07-07 00:00:00-04:00,122.29684048977498,122.74269118584603,120.69178886894596,120.8255386352539,6873200,0.0,0.0
2023-07-10 00:00:00-04:00,120.74527505381293,121.35162540054704,119.54147286870943,119.92491149902344,5153300,0.0,0.0
2023-07-11 00:00:00-04:00,119.4879695648122,121.05735889367078,119.20261862886618,120.88794708251953,5144800,0.0,0.0
2023-07-12 00:00:00-04:00,121.110871060479,121.8063969513093,120.19240624947861,120.36183166503906,4944100,0.0,0.0
2023-07-13 00:00:00-04:00,119.84793490432583,120.90280363862497,119.64057377816067,120.44298553466797,4631800,1.48,0.0
2023-07-14 00:00:00-04:00,121.47079443759834,123.1747930617165,120.92082589980762,122.62482452392578,5544100,0.0,0.0
2023-07-17 00:00:00-04:00,122.45353481271347,122.8231749725682,121.3175265563525,121.56095886230469,4033000,0.0,0.0
2023-07-18 00:00:00-04:00,121.53390189706417,124.32881268842475,121.45276238777133,123.13872528076172,5392800,0.0,0.0
2023-07-19 00:00:00-04:00,123.73375319981947,124.47304707761475,123.47228537493666,124.13043975830078,4784200,0.0,0.0
2023-07-20 00:00:00-04:00,125.17630357990889,128.6744646423773,124.9148494702966,128.19662475585938,7009800,0.0,0.0
2023-07-21 00:00:00-04:00,128.20564947579678,129.99078761683938,127.97124184341706,129.59410095214844,5654300,0.0,0.0
2023-07-24 00:00:00-04:00,129.01705753619555,130.21615569690587,128.78263619824435,129.08917236328125,4468700,0.0,0.0
2023-07-25 00:00:00-04:00,128.38596153997733,128.8638014684292,127.4122598512583,127.6917495727539,4778200,0.0,0.0
2023-07-26 00:00:00-04:00,127.51140328724526,128.2777575025811,126.69096982693608,127.93515014648438,5006800,0.0,0.0
2023-07-27 00:00:00-04:00,130.2612882931679,136.47322228662713,130.2612882931679,134.20123291015625,13664400,0.0,0.0
2023-07-28 00:00:00-04:00,135.16589636399553,136.82481283514696,133.93973772072638,136.00437927246094,8000300,0.0,0.0
2023-07-31 00:00:00-04:00,135.6256849472746,135.68880262167986,133.09222844165714,134.85934448242188,9109200,0.0,0.0
2023-08-01 00:00:00-04:00,135.23801462333213,136.02239070586836,133.2905839110468,133.92169189453125,4409600,0.0,0.0
2023-08-02 00:00:00-04:00,133.53402749147497,135.75193717215183,133.53402749147497,134.67904663085938,5756400,0.0,0.0
2023-08-03 00:00:00-04:00,134.30037599251145,134.66100521022992,133.59712563085162,134.3815155029297,4674300,0.0,0.0
2023-08-04 00:00:00-04:00,134.30936338170548,135.75190751414226,132.6774937581226,133.19139099121094,4231200,0.0,0.0
2023-08-07 00:00:00-04:00,133.4348389422806,136.03141318343646,133.254524343783,135.53553771972656,3800600,0.0,0.0
2023-08-08 00:00:00-04:00,135.94124490065244,136.8157851219357,134.26429304673132,134.89540100097656,4013400,0.0,0.0
2023-08-09 00:00:00-04:00,135.67982299376237,137.09530733002143,135.15690091986338,135.93226623535156,3737100,0.0,0.0
2023-08-10 00:00:00-04:00,136.31989965036405,137.79850121607745,135.75190941186528,136.53628540039062,3275800,0.0,0.0
2023-08-11 00:00:00-04:00,136.9961148351077,138.39357716046536,136.78875371806694,137.20347595214844,3454800,0.0,0.0
2023-08-14 00:00:00-04:00,137.9607969402346,138.06898293901844,136.65349901215316,137.28460693359375,2570900,0.0,0.0
2023-08-15 00:00:00-04:00,136.65352179640692,137.8526201685094,135.95027141569622,137.14938354492188,3636300,0.0,0.0
2023-08-16 00:00:00-04:00,137.5731270103602,138.4837384862288,136.48221468238356,136.63548278808594,3214900,0.0,0.0
2023-08-17 00:00:00-04:00,136.28385078257998,136.9600408170511,135.16587830635734,135.25604248046875,5285700,0.0,0.0
2023-08-18 00:00:00-04:00,135.49947507181287,136.07649007758602,134.54379525823137,135.36424255371094,4050900,0.0,0.0
2023-08-21 00:00:00-04:00,134.97656713005338,135.55358213710753,134.22824842827455,135.3822784423828,3944800,0.0,0.0
2023-08-22 00:00:00-04:00,135.238002206266,135.238002206266,133.40778234364421,133.65121459960938,3209300,0.0,0.0
2023-08-23 00:00:00-04:00,134.0388967886676,134.33642205884718,131.57756888079152,132.60537719726562,5414800,0.0,0.0
2023-08-24 00:00:00-04:00,132.46113063180093,133.27256700378754,131.9472333109532,132.19967651367188,3986300,0.0,0.0
2023-08-25 00:00:00-04:00,132.55130950668203,133.13733548713762,131.81200164740028,132.2537841796875,3275100,0.0,0.0
2023-08-28 00:00:00-04:00,132.61439275946742,133.49795768628246,132.3258921509874,132.92092895507812,2806900,0.0,0.0
2023-08-29 00:00:00-04:00,133.42582850227592,134.25528666401493,132.0824592880114,133.065185546875,3419100,0.0,0.0
2023-08-30 00:00:00-04:00,133.54301455392635,134.1561006496372,132.44307770446002,133.7233428955078,3486400,0.0,0.0
2023-08-31 00:00:00-04:00,133.7864548080511,134.07496916613408,132.41603912140056,132.4971923828125,4110700,0.0,0.0
2023-09-01 00:00:00-04:00,132.85782848735732,134.23725516056413,132.85782848735732,133.6151580810547,3357800,0.0,0.0
2023-09-05 00:00:00-04:00,133.88565052465793,134.3003865390136,131.5054617322823,131.7218475341797,3911100,0.0,0.0
2023-09-06 00:00:00-04:00,131.72182700676944,131.73984883627614,129.59408176963137,131.28004455566406,5304300,0.0,0.0
2023-09-07 00:00:00-04:00,131.76689143069953,134.33641904275515,131.51444825387347,134.25527954101562,5142100,0.0,0.0
2023-09-08 00:00:00-04:00,134.33644133962375,135.0216423965768,133.61516910449635,134.35447692871094,4339800,0.0,0.0
2023-09-11 00:00:00-04:00,134.2101880489091,134.7060634533242,133.813487725377,134.37246704101562,2911600,0.0,0.0
2023-09-12 00:00:00-04:00,134.78722561243944,134.87738979462796,133.09223803857898,134.57986450195312,2424800,0.0,0.0
2023-09-13 00:00:00-04:00,134.71512348918037,137.40184880943332,134.38154071235587,136.2838897705078,5953700,0.0,0.0
2023-09-14 00:00:00-04:00,137.05019981355312,139.46645950836054,136.8608742960372,138.51979064941406,6336900,0.0,0.0
2023-09-15 00:00:00-04:00,137.74443415168767,139.47547920645098,136.97807984687205,137.14938354492188,8868300,0.0,0.0
2023-09-18 00:00:00-04:00,138.01491795450494,138.81732970831098,137.13136668514096,138.790283203125,2967600,0.0,0.0
2023-09-19 00:00:00-04:00,138.74519648929734,139.4213866106807,136.680568705141,138.3845672607422,3509700,0.0,0.0
2023-09-20 00:00:00-04:00,138.8984480895881,139.63775580451107,138.27635105071917,138.49273681640625,2744800,0.0,0.0
2023-09-21 00:00:00-04:00,138.55588686769107,139.61075578917033,137.6362780108455,138.3304901123047,3660300,0.0,0.0
2023-09-22 00:00:00-04:00,138.75420426543283,138.75420426543283,137.51002382508324,137.7083740234375,3049200,0.0,0.0
2023-09-25 00:00:00-04:00,137.43787529260663,139.511527401879,136.7346387848626,139.4303741455078,3740000,0.0,0.0
2023-09-26 00:00:00-04:00,139.20499810290838,139.38532647079037,138.24030736892993,138.7632293701172,3936300,0.0,0.0
2023-09-27 00:00:00-04:00,138.70011651261404,138.84437370908637,136.68958170635366,138.05999755859375,3621300,0.0,0.0
2023-09-28 00:00:00-04:00,138.51979136894104,138.69109505709346,136.47318554053018,137.26658630371094,3697400,0.0,0.0
2023-09-29 00:00:00-04:00,137.45592137985358,137.51902529838463,134.1831570888431,134.39051818847656,5581600,0.0,0.0
2023-10-02 00:00:00-04:00,133.85858272485007,134.21020099879547,132.2808059494578,133.6602325439453,3827800,0.0,0.0
2023-10-03 00:00:00-04:00,133.28157191208084,133.42582909488192,131.04564060715262,132.92092895507812,4580900,0.0,0.0
2023-10-04 00:00:00-04:00,132.14556182744278,133.50695271569455,131.91114049400358,133.15533447265625,3159600,0.0,0.0
2023-10-05 00:00:00-04:00,133.37172263601272,134.81426695305134,132.61439306027242,132.93896484375,3599500,0.0,0.0
2023-10-06 00:00:00-04:00,132.07343790720293,134.6339407805992,131.73984148025187,133.65121459960938,5370100,0.0,0.0
2023-10-09 00:00:00-04:00,133.6782783020522,135.01262291020544,132.6775164066566,134.43560791015625,2903300,0.0,0.0
2023-10-10 00:00:00-04:00,134.68806762388186,134.84133574737334,133.4709197953401,134.23727416992188,3729000,0.0,0.0
2023-10-11 00:00:00-04:00,134.45364932185052,135.59865469901135,134.1290775104441,134.64297485351562,3189800,0.0,0.0
2023-10-12 00:00:00-04:00,134.88885314552468,135.31684155805323,133.86895906501016,135.0436553955078,4554400,1.48,0.0
2023-10-13 00:00:00-04:00,135.6355355022269,136.28207556814593,134.1694509139887,134.73403930664062,4304700,0.0,0.0
2023-10-16 00:00:00-04:00,134.97081566024028,136.1363970788274,133.78701812406777,134.06930541992188,3704400,0.0,0.0
2023-10-17 00:00:00-04:00,134.16033326835492,136.28205877086748,133.99641604719994,135.84495544433594,5372400,0.0,0.0
2023-10-18 00:00:00-04:00,135.92694930439978,136.23655380404048,135.08007359088208,135.93605041503906,4910500,0.0,0.0
2023-10-19 00:00:00-04:00,135.27129682637008,135.27129682637008,130.5179052406848,132.51214599609375,6147100,0.0,0.0
2023-10-20 00:00:00-04:00,132.29358309907832,134.32424201682755,132.29358309907832,133.15866088867188,4223800,0.0,0.0
2023-10-23 00:00:00-04:00,133.0949363686718,133.33169027860964,131.31013230238707,131.79275512695312,3903300,0.0,0.0
2023-10-24 00:00:00-04:00,132.17520928636625,133.83252832940315,132.12968984251341,133.2315216064453,3362900,0.0,0.0
2023-10-25 00:00:00-04:00,133.0494311254115,133.76880801182443,131.87474854270943,132.27540588378906,5461500,0.0,0.0
2023-10-26 00:00:00-04:00,131.91114441538608,132.90370732946806,131.3374548894374,132.2207489013672,5569400,0.0,0.0
2023-10-27 00:00:00-04:00,126.36551272775453,130.217393988039,123.87043318346967,126.51119995117188,9427200,0.0,0.0
2023-10-30 00:00:00-04:00,128.0956725159092,132.68516062603433,128.0956725159092,129.2066192626953,9258500,0.0,0.0
2023-10-31 00:00:00-04:00,129.38873332325832,129.5071172175963,127.19415714490992,128.56007385253906,10394000,0.0,0.0
2023-11-01 00:00:00-04:00,129.17928317743852,130.86391916572143,129.07911540686783,129.73475646972656,4207800,0.0,0.0
2023-11-02 00:00:00-04:00,128.6784583890523,130.9185679144657,127.94996669571655,130.4541473388672,4066800,0.0,0.0
2023-11-03 00:00:00-04:00,131.08248608795608,131.08248608795608,128.29601789825708,128.7786407470703,5414500,0.0,0.0
2023-11-06 00:00:00-05:00,129.20661676943854,129.6437062351224,128.377957280153,128.5782928466797,4377000,0.0,0.0
2023-11-07 00:00:00-05:00,128.86969355194842,129.470686349546,128.00461574033702,129.45248413085938,5024400,0.0,0.0
2023-11-08 00:00:00-05:00,130.618056150094,131.02782835904858,129.23392341146143,129.33409118652344,5299100,0.0,0.0
2023-11-09 00:00:00-05:00,128.3961594806617,128.9425316746785,123.70651807883588,125.70074462890625,14970300,0.0,0.0
2023-11-10 00:00:00-05:00,126.25623356829753,126.90277361479765,124.20735842921343,126.20159912109375,4586400,0.0,0.0
2023-11-13 00:00:00-05:00,126.20160563708875,126.72066070197181,125.14529328719743,126.24713897705078,4454700,0.0,0.0
2023-11-14 00:00:00-05:00,126.51121384961002,127.57664123582208,125.62793372344456,125.71898651123047,4509200,0.0,0.0
2023-11-15 00:00:00-05:00,125.89198626953008,125.89198626953008,124.1162973795935,125.30009460449219,6473200,0.0,0.0
2023-11-16 00:00:00-05:00,125.9193344116211,126.41107231409012,124.79928635906033,125.9193344116211,5257000,0.0,0.0
2023-11-17 00:00:00-05:00,125.99215733317206,126.46567901444413,125.09976231043959,125.9375228881836,4332300,0.0,0.0
2023-11-20 00:00:00-05:00,125.23633400434842,126.29264613525542,124.88119625798747,125.94660949707031,4490000,0.0,0.0
2023-11-21 00:00:00-05:00,126.32908630371094,126.90277579887164,125.50954179190195,126.32908630371094,4690800,0.0,0.0
2023-11-22 00:00:00-05:00,126.62958819289382,127.33986380016691,125.96484592348673,126.09233093261719,3428500,0.0,0.0
2023-11-24 00:00:00-05:00,127.48555905851279,127.55840961678216,126.08322402259138,126.27444458007812,1636500,0.0,0.0
2023-11-27 00:00:00-05:00,126.30178353830316,126.92100644274545,125.47312392705824,126.65692138671875,5529400,0.0,0.0
2023-11-28 00:00:00-05:00,126.62048418060294,127.17595754225708,125.59148912668046,125.73719024658203,5347200,0.0,0.0
2023-11-29 00:00:00-05:00,125.68256230692427,126.65690907020802,125.34562671285573,126.1196517944336,3996500,0.0,0.0
2023-11-30 00:00:00-05:00,125.67345961636464,129.94422880613897,125.67345961636464,129.6619415283203,9297400,0.0,0.0
2023-12-01 00:00:00-05:00,129.79850289588984,131.21906791435603,129.5617490068903,130.5907440185547,4903400,0.0,0.0
2023-12-04 00:00:00-05:00,130.59074406616747,132.48481686332332,130.46325906514846,131.26458740234375,4845300,0.0,0.0
2023-12-05 00:00:00-05:00,131.2281921650954,132.11148621860792,129.90780858757248,131.64707946777344,3961700,0.0,0.0
2023-12-06 00:00:00-05:00,131.84742063512613,133.92362744411076,131.79278617341055,133.29530334472656,4978800,0.0,0.0
2023-12-07 00:00:00-05:00,134.44261497201768,135.11647215168392,132.22072178509748,134.7431182861328,7225100,0.0,0.0
2023-12-08 00:00:00-05:00,134.83421855019262,136.65544110547967,134.77046909124138,135.93605041503906,5695200,0.0,0.0
2023-12-11 00:00:00-05:00,137.2017854097671,139.05944000601008,137.17446818583622,137.72084045410156,6343500,0.0,0.0
2023-12-12 00:00:00-05:00,138.16703664531101,139.86077407183953,136.74648536399508,139.5420684814453,5882200,0.0,0.0
2023-12-13 00:00:00-05:00,139.30529552337532,140.9352973295188,139.07764272658173,140.50730895996094,8104500,0.0,0.0
2023-12-14 00:00:00-05:00,140.56195493784753,141.29044672630755,139.10497136092755,141.0354766845703,7869600,0.0,0.0
2023-12-15 00:00:00-05:00,140.9079772641055,141.9551745503098,139.42367661259834,140.27053833007812,15203000,0.0,0.0
2023-12-18 00:00:00-05:00,139.32352333022328,140.55285409400827,138.185259250728,139.7059783935547,5379600,0.0,0.0
2023-12-19 00:00:00-05:00,139.86078855861302,140.6712320733005,138.82269221513891,139.86990356445312,5476700,0.0,0.0
2023-12-20 00:00:00-05:00,140.22502377460142,140.425359350308,137.99401521739819,138.130615234375,4716400,0.0,0.0
2023-12-21 00:00:00-05:00,138.4584256377292,139.2415517683892,137.76635228353192,138.9501495361328,4036100,0.0,0.0
2023-12-22 00:00:00-05:00,139.5876014117923,141.5636401793289,139.40548192899806,141.09011840820312,3373400,0.0,0.0
2023-12-26 00:00:00-05:00,140.46179956313796,141.39972813421008,140.352530648396,140.79872131347656,2073400,0.0,0.0
2023-12-27 00:00:00-05:00,140.27966766984028,141.11742836338047,139.97916428604458,141.0354766845703,3747400,0.0,0.0
2023-12-28 00:00:00-05:00,141.3723893419799,141.71842604565023,140.72584927377858,140.91708374023438,2601200,0.0,0.0
2023-12-29 00:00:00-05:00,140.7258463471695,141.3359680682654,140.60747634165784,141.11741638183594,3712000,0.0,0.0
2024-01-02 00:00:00-05:00,141.0536851937278,145.82529342077592,140.93531517288903,145.53390502929688,8059900,0.0,0.0
2024-01-03 00:00:00-05:00,146.235038700133,147.29135095051714,145.55208034951235,146.11666870117188,5301400,0.0,0.0
2024-01-04 00:00:00-05:00,145.9800867032627,147.78309308078198,145.17874435999863,147.0272979736328,8332200,0.0,0.0
2024-01-05 00:00:00-05:00,146.9089219664152,148.45695838975814,146.2532807220869,147.64651489257812,5607600,0.0,0.0
2024-01-08 00:00:00-05:00,147.68294325919425,148.220214520076,145.49748155957832,146.99998474121094,6001600,0.0,0.0
2024-01-09 00:00:00-05:00,146.9999577551592,148.85761236415098,146.46270048773297,147.80130004882812,4454000,0.0,0.0
2024-01-10 00:00:00-05:00,147.76491367176948,150.32372944628753,147.40977578660195,150.1507110595703,6609900,0.0,0.0
2024-01-11 00:00:00-05:00,149.5679268366307,150.360154331521,148.51161424689192,149.1399383544922,4591500,0.0,0.0
2024-01-12 00:00:00-05:00,149.61795300424333,150.12357715631762,149.09393869366247,149.2961883544922,4971400,1.55,0.0
2024-01-16 00:00:00-05:00,148.91007996632646,149.20426639363924,148.02754873954999,148.45042419433594,4747700,0.0,0.0
2024-01-17 00:00:00-05:00,148.69863106414238,149.80180202849948,148.48719335263905,148.96522521972656,4423100,0.0,0.0
2024-01-18 00:00:00-05:00,148.1562396915254,150.4545183637286,148.00914648988524,150.12356567382812,5074300,0.0,0.0
2024-01-19 00:00:00-05:00,150.68435187320364,151.56688306093068,149.48005604828805,151.47496032714844,5863000,0.0,0.0
2024-01-22 00:00:00-05:00,151.1715787931328,152.10007831821144,150.54643970571712,152.044921875,4864000,0.0,0.0
2024-01-23 00:00:00-05:00,151.18076224283857,154.01224313775606,150.82223134532904,153.9846649169922,5784700,0.0,0.0
2024-01-24 00:00:00-05:00,154.23290392736965,154.39837327447842,150.822251876956,150.96934509277344,5422200,0.0,0.0
2024-01-25 00:00:00-05:00,150.7670817485927,151.87945480436073,150.03162976381526,151.805908203125,4465800,0.0,0.0
2024-01-26 00:00:00-05:00,151.9346373185955,152.47702781474948,150.30745180255127,151.13482666015625,4654300,0.0,0.0
2024-01-29 00:00:00-05:00,152.4678233072801,153.3043861410645,150.47290493707683,150.68435668945312,4704100,0.0,0.0
2024-01-30 00:00:00-05:00,150.96935394025752,151.668025714964,150.08680862121287,151.6128692626953,3819600,0.0,0.0
2024-01-31 00:00:00-05:00,152.37590297414602,152.47702781474948,150.72113923135376,151.13482666015625,4993900,0.0,0.0
2024-02-01 00:00:00-05:00,150.49129210020243,154.15014799975395,149.5444023625867,154.06741333007812,5584400,0.0,0.0
2024-02-02 00:00:00-05:00,155.74975585600407,158.90300166032029,151.89783834722024,155.06027221679688,7870400,0.0,0.0
2024-02-05 00:00:00-05:00,156.13584838630197,159.1603908170354,154.858006072131,157.44126892089844,6486700,0.0,0.0
2024-02-06 00:00:00-05:00,157.79982470988813,159.92344621074545,156.07152850437697,159.3074951171875,7037400,0.0,0.0
2024-02-07 00:00:00-05:00,159.96937571053488,161.3943112220947,159.3350626116559,160.88868713378906,6409100,0.0,0.0
2024-02-08 00:00:00-05:00,160.2819923169686,161.71611625128358,160.23602392880053,160.6864776611328,5709100,0.0,0.0
2024-02-09 00:00:00-05:00,160.94389124941665,161.24725173824174,159.08687785849222,160.0337677001953,3502700,0.0,0.0
2024-02-12 00:00:00-05:00,159.5373186458293,160.6588798480053,158.33302277158637,159.10525512695312,3477100,0.0,0.0
2024-02-13 00:00:00-05:00,160.38310199379504,161.0633835750564,158.09401114427888,159.3074951171875,5480400,0.0,0.0
2024-02-14 00:00:00-05:00,159.09604924949537,160.75081278937546,158.74670638341496,160.3463134765625,4348500,0.0,0.0
2024-02-15 00:00:00-05:00,159.97859374218902,162.47912218479166,159.78553215193477,162.34121704101562,5276200,0.0,0.0
2024-02-16 00:00:00-05:00,162.617001879151,164.48320300101562,161.86317378426168,163.16859436035156,6689900,0.0,0.0
2024-02-20 00:00:00-05:00,161.6425468493253,164.2625762745738,161.35756252147257,161.56900024414062,5484100,0.0,0.0
2024-02-21 00:00:00-05:00,162.06544251894385,162.37801913688057,159.500569220616,161.00823974609375,3818500,0.0,0.0
2024-02-22 00:00:00-05:00,160.6772518554805,163.03068689006358,159.16958165972702,162.48829650878906,4852300,0.0,0.0
2024-02-23 00:00:00-05:00,162.95712371012675,164.47399584355315,162.7272958742359,163.72015380859375,3941800,0.0,0.0
2024-02-26 00:00:00-05:00,164.40965829974544,165.28300138207925,163.63744003921323,164.382080078125,4327400,0.0,0.0
2024-02-27 00:00:00-05:00,164.34534248417287,165.0440142665021,162.69976682643318,164.54759216308594,3888500,0.0,0.0
2024-02-28 00:00:00-05:00,165.3381676838885,165.37493396926217,162.61699965612027,163.63743591308594,4331300,0.0,0.0
2024-02-29 00:00:00-05:00,163.51792718386966,163.65583232134244,161.23803865896772,161.84478759765625,7485700,0.0,0.0
2024-03-01 00:00:00-05:00,161.84478298377704,164.7314203650751,161.56898674427376,164.47401428222656,4028700,0.0,0.0
2024-03-04 00:00:00-05:00,163.9592068416634,165.45767500409175,162.05622535907037,162.76409912109375,4723600,0.0,0.0
2024-03-05 00:00:00-05:00,163.44437594230936,165.09913935194248,163.44437594230936,164.70384216308594,5309800,0.0,0.0
2024-03-06 00:00:00-05:00,164.00517418581148,167.4617945762219,163.72939194409233,166.45054626464844,6047100,0.0,0.0
2024-03-07 00:00:00-05:00,167.48935636339831,167.70079407049334,165.05317258917282,166.0000762939453,6125200,0.0,0.0
2024-03-08 00:00:00-05:00,165.2370557005753,167.44339771145005,164.26257371773218,164.4188690185547,6195600,0.0,0.0
2024-03-11 00:00:00-04:00,164.01437932268288,166.63440886070384,163.85809804028145,165.1359405517578,5134800,0.0,0.0
2024-03-12 00:00:00-04:00,165.21866736132563,168.13288319402983,165.19108913795466,166.32183837890625,5391100,0.0,0.0
2024-03-13 00:00:00-04:00,167.77434812283215,167.7835361878689,164.94286703010704,165.3473663330078,5987900,0.0,0.0
2024-03-14 00:00:00-04:00,165.6231762870179,167.35147250475873,164.2442089281114,166.57925415039062,6999400,0.0,0.0
2024-03-15 00:00:00-04:00,165.32895734071366,166.00925282059873,163.21453833398093,163.52711486816406,20957800,0.0,0.0
2024-03-18 00:00:00-04:00,164.5659530415332,165.36576361676416,163.24215621260285,164.08792114257812,8569000,0.0,0.0
2024-03-19 00:00:00-04:00,163.8121241095285,165.4117171973423,163.8121241095285,165.16351318359375,7625600,0.0,0.0
2024-03-20 00:00:00-04:00,164.75900897978576,164.76819704490302,161.55060677874116,162.0470428466797,7326600,0.0,0.0
2024-03-21 00:00:00-04:00,162.5434530150985,163.39841994628915,161.68850011148714,163.1777801513672,5743600,0.0,0.0
2024-03-22 00:00:00-04:00,162.92955591028937,164.54755295607103,162.51586858474886,164.05111694335938,4084400,0.0,0.0
2024-03-25 00:00:00-04:00,164.55677238789067,164.7406318978916,163.75697580421695,164.12469482421875,4366400,0.0,0.0
2024-03-26 00:00:00-04:00,164.76819634160339,165.2646324074229,163.98678998256193,164.73143005371094,4392400,0.0,0.0
2024-03-27 00:00:00-04:00,165.29219695585385,166.009258744867,164.3820735955314,165.79782104492188,5073500,0.0,0.0
2024-03-28 00:00:00-04:00,166.39536803175704,167.59047569053965,165.75185283936,167.4066162109375,5418700,0.0,0.0
2024-04-01 00:00:00-04:00,167.2043820832568,167.222758213616,164.77740025570102,166.17474365234375,3502100,0.0,0.0
2024-04-02 00:00:00-04:00,164.91527443319666,166.4229445950471,164.10627589790846,166.11038208007812,4523800,0.0,0.0
2024-04-03 00:00:00-04:00,166.13796485993072,166.94696341742144,162.35040620909572,163.02149963378906,5893000,0.0,0.0
2024-04-04 00:00:00-04:00,163.31567309066062,163.36164146856652,153.9386991286152,154.35238647460938,10539000,0.0,0.0
2024-04-05 00:00:00-04:00,154.4443208582261,157.2390214444782,153.7916035681785,156.28294372558594,7030100,0.0,0.0
2024-04-08 00:00:00-04:00,155.55671538068896,158.09401023865883,154.81206123324603,156.09910583496094,4745000,0.0,0.0
2024-04-09 00:00:00-04:00,156.03473054522212,156.78857267743413,153.8927331550725,156.41165161132812,5933200,0.0,0.0
2024-04-10 00:00:00-04:00,154.98673601167258,156.2462024158901,153.85598669522136,155.3912353515625,3231700,0.0,0.0
2024-04-11 00:00:00-04:00,155.54751902128274,155.70380030907552,153.73647405747576,154.00308227539062,3307000,0.0,0.0
2024-04-12 00:00:00-04:00,152.5926515159004,152.5926515159004,148.4635128952189,150.57911682128906,7029400,1.55,0.0
2024-04-15 00:00:00-04:00,152.6576194310228,152.82463409602536,149.85536650777402,150.0131072998047,5433700,0.0,0.0
2024-04-16 00:00:00-04:00,150.48633004574546,151.93386127224872,150.39354884004425,150.82037353515625,4881300,0.0,0.0
2024-04-17 00:00:00-04:00,152.31429386571264,152.8617638813224,151.46063028562733,152.40708923339844,4792200,0.0,0.0
2024-04-18 00:00:00-04:00,153.06587800368624,155.36705833850277,152.57407962352113,152.78750610351562,4480100,0.0,0.0
2024-04-19 00:00:00-04:00,153.1215398819283,154.58761858222886,151.47915851736764,154.41131591796875,5532400,0.0,0.0
2024-04-22 00:00:00-04:00,155.58975759832362,157.36204421437873,154.88456099610704,155.7846221923828,5580700,0.0,0.0
2024-04-23 00:00:00-04:00,156.4341440361925,158.08579948119703,156.09082669404845,157.31564331054688,4084100,0.0,0.0
2024-04-24 00:00:00-04:00,156.36919777566425,156.91665357739433,154.7175423394924,155.70111083984375,4074700,0.0,0.0
2024-04-25 00:00:00-04:00,155.57120625568328,157.08366865849115,153.63190502549318,155.22787475585938,5503700,0.0,0.0
2024-04-26 00:00:00-04:00,155.04230793191113,155.3856394532917,146.28295789614478,148.1109161376953,10721700,0.0,0.0
2024-04-29 00:00:00-04:00,148.08308325876564,149.90176766291097,147.12735045288153,149.87393188476562,6219000,0.0,0.0
2024-04-30 00:00:00-04:00,149.641947916687,151.29360338618955,148.17586900897206,150.9131622314453,5484800,0.0,0.0
2024-05-01 00:00:00-04:00,150.40282664873305,151.88746756464948,149.52132729928866,150.05950927734375,5176400,0.0,0.0
2024-05-02 00:00:00-04:00,150.47705892925123,150.72759509054492,146.71907314418564,149.21511840820312,5904300,0.0,0.0
2024-05-03 00:00:00-04:00,149.53988044271617,152.40707870802146,149.15016541080337,151.98023986816406,5849900,0.0,0.0
2024-05-06 00:00:00-04:00,152.55556330974287,152.75970180135297,149.391430848372,150.99668884277344,5834600,0.0,0.0
2024-05-07 00:00:00-04:00,151.58126047200082,152.16584013583184,150.2172506954519,150.8296661376953,5301700,0.0,0.0
2024-05-08 00:00:00-04:00,150.44919037736315,151.15438686604656,148.3428606238754,148.88104248046875,5906700,0.0,0.0
2024-05-09 00:00:00-04:00,149.2151121831592,149.6883487079251,148.4820797933583,148.8346710205078,3570000,0.0,0.0
2024-05-10 00:00:00-04:00,149.12232943760264,149.7996902665642,148.78828595946274,149.15943908691406,3509500,0.0,0.0
2024-05-13 00:00:00-04:00,149.65121459960938,150.84820955901296,149.20582804099993,149.65121459960938,3505900,0.0,0.0
2024-05-14 00:00:00-04:00,149.99452958135797,150.5512733898384,148.20369534424285,149.93885803222656,4025000,0.0,0.0
2024-05-15 00:00:00-04:00,150.60695630448322,152.56481949532537,150.19867936859814,151.98023986816406,5261300,0.0,0.0
2024-05-16 00:00:00-04:00,151.6647621328049,153.0380457312491,150.48632897595738,152.4998779296875,4642000,0.0,0.0
2024-05-17 00:00:00-04:00,153.46486063157892,154.48555283783622,152.62975912361017,154.42059326171875,5152200,0.0,0.0
2024-05-20 00:00:00-04:00,154.0401805249313,154.42062170448094,152.55555377524624,152.69473266601562,3058700,0.0,0.0
2024-05-21 00:00:00-04:00,153.44632191538687,153.76181765499854,150.78326206383724,151.1822509765625,3645200,0.0,0.0
2024-05-22 00:00:00-04:00,149.92032311986995,150.26364047462016,147.70263572671436,148.1016387939453,6904900,0.0,0.0
2024-05-23 00:00:00-04:00,147.56343779990388,148.50060853958658,146.38500481302458,146.8489532470703,5672900,0.0,0.0
2024-05-24 00:00:00-04:00,146.94174234169458,147.3314573106721,145.0859486845166,145.7354736328125,3691700,0.0,0.0
2024-05-28 00:00:00-04:00,145.07671146230464,145.07671146230464,142.8497500159714,144.1395263671875,5533500,0.0,0.0
2024-05-29 00:00:00-04:00,143.7219610097785,145.10453259113777,142.59919944713877,143.62916564941406,4254500,0.0,0.0
2024-05-30 00:00:00-04:00,143.49925374691804,145.1509091402606,142.50641139991438,145.03956604003906,4311100,0.0,0.0
2024-05-31 00:00:00-04:00,145.35506240444704,149.98527362767052,144.9375115774947,149.61412048339844,15664400,0.0,0.0
2024-06-03 00:00:00-04:00,148.46349835572002,151.4234916195604,147.3778607230237,148.63980102539062,4467800,0.0,0.0
2024-06-04 00:00:00-04:00,148.63983751016517,151.0709233617221,148.25012243035277,150.44923400878906,4215500,0.0,0.0
2024-06-05 00:00:00-04:00,151.15442504834624,154.0123496853279,150.4677902870864,153.51129150390625,5100500,0.0,0.0
2024-06-06 00:00:00-04:00,153.55769416684888,156.70326472834688,152.49989205303325,156.41561889648438,5186700,0.0,0.0
2024-06-07 00:00:00-04:00,156.8145696849414,158.05794808201665,155.6918082520954,157.20428466796875,3781700,0.0,0.0
2024-06-10 00:00:00-04:00,156.8145909501581,158.43841067893194,155.5990481614209,158.16932678222656,4247500,0.0,0.0
2024-06-11 00:00:00-04:00,157.97446229600467,158.3363415551852,155.34851211945505,155.6083221435547,3790200,0.0,0.0
2024-06-12 00:00:00-04:00,155.77535397071307,156.38775523443445,153.13084183894523,154.11441040039062,4725600,0.0,0.0
2024-06-13 00:00:00-04:00,154.03085617418472,154.86595756229937,153.10295945024384,154.55047607421875,3690800,0.0,0.0
2024-06-14 00:00:00-04:00,154.46700606737863,157.03728457776094,154.03089336912873,156.43414306640625,4377600,0.0,0.0
2024-06-17 00:00:00-04:00,156.2578344660326,158.11362829179822,155.2928279064111,157.44554138183594,4076000,0.0,0.0
2024-06-18 00:00:00-04:00,158.1507615370512,160.53544938303745,157.62185346901782,159.00442504882812,4250900,0.0,0.0
2024-06-20 00:00:00-04:00,158.83740435487755,160.34988102124876,157.76105457716648,159.7189178466797,5847500,0.0,0.0
2024-06-21 00:00:00-04:00,160.24780993338538,160.46122228013382,157.36204968146313,158.1043701171875,12228100,0.0,0.0
2024-06-24 00:00:00-04:00,158.7910277997374,160.90663195573927,158.39202470300273,160.28494262695312,6249900,0.0,0.0
2024-06-25 00:00:00-04:00,159.6910667833061,160.90660949217465,158.3177691373107,158.4384002685547,4844600,0.0,0.0
2024-06-26 00:00:00-04:00,158.01156312180086,159.92304270462444,157.88165811700546,158.80955505371094,5576100,0.0,0.0
2024-06-27 00:00:00-04:00,158.93944933513063,159.18998545554126,155.65470063058643,156.8052978515625,5382000,0.0,0.0
2024-06-28 00:00:00-04:00,157.7331967051119,159.43124970505767,156.86097136713707,159.1528778076172,24463400,0.0,0.0
2024-07-01 00:00:00-04:00,158.92091592807546,161.34272755429612,157.31564399688824,158.08580017089844,5194500,0.0,0.0
2024-07-02 00:00:00-04:00,156.47127292075447,156.47127292075447,153.52055314958383,153.99378967285156,5965500,0.0,0.0
2024-07-03 00:00:00-04:00,154.1144410428651,155.05162626719653,151.7297526246504,152.02667236328125,3527600,0.0,0.0
2024-07-05 00:00:00-04:00,152.84320225055163,155.2464521969258,151.83179787045236,155.19078063964844,5978300,0.0,0.0
2024-07-08 00:00:00-04:00,154.53196022141358,155.626886044382,153.67829668005047,154.51341247558594,3500200,0.0,0.0
2024-07-09 00:00:00-04:00,154.9773422886604,156.37846149326873,152.97308161135015,155.93307495117188,4224600,0.0,0.0
2024-07-10 00:00:00-04:00,155.37635036487416,156.30424736813836,154.13297177856043,156.0166015625,3887800,0.0,0.0
2024-07-11 00:00:00-04:00,155.441323122657,158.0672735634367,155.28358231776596,157.65899658203125,3689500,0.0,0.0
2024-07-12 00:00:00-04:00,158.32708898905972,159.2549861024531,157.6497139021004,158.0023193359375,4133500,0.0,0.0
2024-07-15 00:00:00-04:00,158.17087205603227,159.5380386929238,156.77559964402352,157.34681701660156,2395100,1.55,0.0
2024-07-16 00:00:00-04:00,157.88056936359442,159.05109548791333,156.62575449895132,158.44241333007812,3829500,0.0,0.0
2024-07-17 00:00:00-04:00,158.7327165827745,164.56662962771009,158.7327165827745,164.1265106201172,6983200,0.0,0.0
2024-07-18 00:00:00-04:00,163.35861444846907,165.4468289434505,159.86576867828387,160.25906372070312,5957800,0.0,0.0
2024-07-19 00:00:00-04:00,162.62823449268168,162.7967977039588,160.3340058843674,161.36407470703125,4293600,0.0,0.0
2024-07-22 00:00:00-04:00,162.30048096295147,163.62082360281178,161.0643984880958,162.57203674316406,4066900,0.0,0.0
2024-07-23 00:00:00-04:00,162.30050053657556,163.48974496240413,161.78546610993862,162.14129638671875,2933800,0.0,0.0
2024-07-24 00:00:00-04:00,162.1880631434369,165.37190211156656,161.9539579673382,165.00669860839844,6117700,0.0,0.0
2024-07-25 00:00:00-04:00,165.74648975394544,174.27728423316617,160.87710421212412,170.58778381347656,9442200,0.0,0.0
2024-07-26 00:00:00-04:00,171.7863941867331,174.97023350372743,170.53159373462623,173.38768005371094,6948800,0.0,0.0
2024-07-29 00:00:00-04:00,172.33891202135996,174.29604274198437,169.05207950355722,170.3724365234375,5458500,0.0,0.0
2024-07-30 00:00:00-04:00,171.9174936644636,175.775557131091,170.990446204139,174.90467834472656,6032200,0.0,0.0
2024-07-31 00:00:00-04:00,174.53949960350357,175.57892742540798,171.78641973528923,173.53753662109375,6473900,0.0,0.0
2024-08-01 00:00:00-04:00,175.83174823453814,178.82829211775694,174.89532737799175,177.64840698242188,6595500,0.0,0.0
2024-08-02 00:00:00-04:00,178.83766535348445,181.5813861106746,174.60505303432984,177.25511169433594,6303900,0.0,0.0
2024-08-05 00:00:00-04:00,175.53211785322875,177.2551291057779,171.40249771370804,172.63858032226562,6459300,0.0,0.0
2024-08-06 00:00:00-04:00,173.6405142318289,175.87857381748563,171.4399337710839,173.90272521972656,4273200,0.0,0.0
2024-08-07 00:00:00-04:00,175.9534603717573,177.53601378985888,174.15553417321001,175.5882568359375,6351000,0.0,0.0
2024-08-08 00:00:00-04:00,175.03576959072774,178.5848123304791,175.03576959072774,178.2945098876953,5744600,0.0,0.0
2024-08-09 00:00:00-04:00,178.65037937945232,178.86575218710203,176.14077820885817,177.8544158935547,3206500,0.0,0.0
2024-08-12 00:00:00-04:00,177.99488272046952,178.45373409593216,175.7661964520062,178.08851623535156,4808300,0.0,0.0
2024-08-13 00:00:00-04:00,178.4443466004546,179.7366118857918,177.33937690733543,179.07174682617188,3477300,0.0,0.0
2024-08-14 00:00:00-04:00,178.8563909975358,181.05698581689177,178.36008906613196,180.72923278808594,4153400,0.0,0.0
2024-08-15 00:00:00-04:00,182.12449988941438,182.59271032374392,179.12794167878658,181.10379028320312,4719900,0.0,0.0
2024-08-16 00:00:00-04:00,181.55327283825582,181.89974396868604,180.0456347491316,181.57199096679688,3674900,0.0,0.0
2024-08-19 00:00:00-04:00,181.1037982316893,184.64346812748167,181.0569886171207,184.35317993164062,4309300,0.0,0.0
2024-08-20 00:00:00-04:00,184.58726916619403,184.92438123604495,181.7873800333399,183.67893981933594,3631800,0.0,0.0
2024-08-21 00:00:00-04:00,183.95051559113668,184.79328864769147,183.22946752981414,184.0347900390625,4250400,0.0,0.0
2024-08-22 00:00:00-04:00,184.4842727820722,184.9805747063412,182.92982497763558,183.8849639892578,3676700,0.0,0.0
2024-08-23 00:00:00-04:00,184.70903057682085,185.39261386279784,183.75387721636216,184.98995971679688,4720300,0.0,0.0
2024-08-26 00:00:00-04:00,184.9992983011375,185.38323427364443,183.60404039851898,184.88693237304688,4182300,0.0,0.0
2024-08-27 00:00:00-04:00,185.40197535251392,185.6922635394079,182.77062067473125,183.4635772705078,2504500,0.0,0.0
2024-08-28 00:00:00-04:00,183.0890037504648,183.75385453473774,181.69373157695372,182.97662353515625,3910200,0.0,0.0
2024-08-29 00:00:00-04:00,183.53847125659314,183.9504986823323,181.52517231285975,182.77059936523438,4538300,0.0,0.0
2024-08-30 00:00:00-04:00,182.83617727882256,184.00670338175996,181.8248410112468,183.8287811279297,3820800,0.0,0.0
2024-09-03 00:00:00-04:00,183.66957759769582,187.23733860724388,183.63212705219968,185.12103271484375,4872400,0.0,0.0
2024-09-04 00:00:00-04:00,186.04808930752785,187.17180576864232,183.95051572923072,184.48426818847656,4214300,0.0,0.0
2024-09-05 00:00:00-04:00,184.43746054881296,184.5966503818219,179.94263752223335,180.59812927246094,5902800,0.0,0.0
2024-09-06 00:00:00-04:00,181.16934660256055,182.35860510657915,180.57003781816468,181.10379028320312,4312600,0.0,0.0
2024-09-09 00:00:00-04:00,182.5739554604116,184.10968492466822,181.60944322735915,183.9317626953125,3606900,0.0,0.0
2024-09-10 00:00:00-04:00,183.6508418751557,186.7878572561215,180.6449391226857,186.6754913330078,6333300,0.0,0.0
2024-09-11 00:00:00-04:00,185.11167680249147,185.11167680249147,181.12252890919325,182.2181396484375,4909300,0.0,0.0
2024-09-12 00:00:00-04:00,182.39606194785486,182.6676320107796,179.10922972936362,181.68438720703125,4165200,0.0,0.0
2024-09-13 00:00:00-04:00,181.53456689659944,182.21815019288513,179.6149010812384,181.86231994628906,2718100,0.0,0.0
2024-09-16 00:00:00-04:00,183.36993326508153,183.6883129170961,182.09640036837536,183.28564453125,3235700,0.0,0.0
2024-09-17 00:00:00-04:00,182.41479343212836,183.61341103613722,179.62426316235607,181.15061950683594,3534100,0.0,0.0
2024-09-18 00:00:00-04:00,180.85097218314849,183.1452005201912,179.58679825832448,180.6730499267578,3236800,0.0,0.0
2024-09-19 00:00:00-04:00,181.13189219165525,181.81548975294942,179.7553665810538,181.309814453125,3929300,0.0,0.0
2024-09-20 00:00:00-04:00,180.72920787901492,181.49707976585972,179.91452638477708,181.16932678222656,11661200,0.0,0.0
2024-09-23 00:00:00-04:00,181.38473043386477,181.94658870469343,179.9800990454425,181.5064697265625,3178000,0.0,0.0
2024-09-24 00:00:00-04:00,180.68242416743053,182.79874471448255,179.40889107059704,181.20681762695312,4286500,0.0,0.0
2024-09-25 00:00:00-04:00,181.66565188722407,182.19941865080497,178.81893868073902,179.099853515625,5589300,0.0,0.0
2024-09-26 00:00:00-04:00,178.0136115940452,180.6074870941388,177.56411929242708,179.69915771484375,6215700,0.0,0.0
2024-09-27 00:00:00-04:00,180.35466111114008,183.66022556278733,178.1727988198048,182.40541076660156,4891900,0.0,0.0
2024-09-30 00:00:00-04:00,182.4616305400917,185.05550632239064,182.01213818957027,184.92440795898438,4550200,0.0,0.0
2024-10-01 00:00:00-04:00,185.08355728603854,186.31963954636984,183.93176375338209,184.43743896484375,3924600,0.0,0.0
2024-10-02 00:00:00-04:00,183.22012947669933,184.47493014076662,182.08705382182367,184.30638122558594,2946900,0.0,0.0
2024-10-03 00:00:00-04:00,184.3531686546678,184.52173183821066,182.3586019551738,183.02345275878906,3453800,0.0,0.0
2024-10-04 00:00:00-04:00,182.69573833566417,183.20139937625885,180.7760724750053,181.93722534179688,4749700,0.0,0.0
2024-10-07 00:00:00-04:00,182.0589441765977,182.68634444605166,180.57939748454936,181.30044555664062,5033800,0.0,0.0
2024-10-08 00:00:00-04:00,181.98402789373597,182.6020690953343,180.0269117106565,180.73858642578125,4419000,0.0,0.0
2024-10-09 00:00:00-04:00,180.58878685827625,182.49907931916425,179.74599942572138,182.36798095703125,4478900,0.0,0.0
2024-10-10 00:00:00-04:00,182.17130089851435,182.43351187491206,180.99141580363988,181.99339294433594,3562500,0.0,0.0
2024-10-11 00:00:00-04:00,182.6020808182275,182.8268269846868,181.27236481613784,181.8435821533203,2973000,0.0,0.0
2024-10-14 00:00:00-04:00,181.89041170545082,183.85688714059714,181.3472858361295,183.21075439453125,3623900,0.0,0.0
2024-10-15 00:00:00-04:00,183.8053896874896,185.2401197432394,180.4923104378366,181.09640502929688,6553500,1.55,0.0
2024-10-16 00:00:00-04:00,179.7654999155992,180.32239667763017,178.1419930410931,179.7749481201172,5576000,0.0,0.0
2024-10-17 00:00:00-04:00,179.8504646339494,180.8698770301124,177.88716787402674,177.99099731445312,4419000,0.0,0.0
2024-10-18 00:00:00-04:00,178.36853890600776,179.04814712380823,177.60398326166998,178.26470947265625,5607900,0.0,0.0
2024-10-21 00:00:00-04:00,178.12313250115955,178.7555429106591,175.46133121667503,176.07485961914062,4496500,0.0,0.0
2024-10-22 00:00:00-04:00,175.867217806913,178.4912551169309,175.78225597535368,178.17031860351562,4210400,0.0,0.0
2024-10-23 00:00:00-04:00,178.11369592681456,178.65172514177954,176.98102027758847,177.33970642089844,4266700,0.0,0.0
2024-10-24 00:00:00-04:00,177.85880329292377,179.78436447007377,177.61339484604164,179.01036071777344,6741800,0.0,0.0
2024-10-25 00:00:00-04:00,179.03869274059718,179.22748399672216,176.669512264836,177.31137084960938,4017400,0.0,0.0
2024-10-28 00:00:00-04:00,177.5379159621604,179.47291131869886,176.99990115339003,179.03871154785156,5383700,0.0,0.0
2024-10-29 00:00:00-04:00,179.80327223071737,180.43568264434023,177.9437906014114,178.8216094970703,6131500,0.0,0.0
2024-10-30 00:00:00-04:00,180.8698779476654,190.99792213369827,177.97211620920493,190.1956024169922,10396400,0.0,0.0
2024-10-31 00:00:00-04:00,190.63921547612702,195.6890791202441,190.12006832722938,192.4326171875,8829300,0.0,0.0
2024-11-01 00:00:00-04:00,192.90460480772938,193.24440897237983,190.96962367296666,192.130615234375,4493900,0.0,0.0
2024-11-04 00:00:00-05:00,192.3571251170238,192.7818910881898,188.98741397800603,189.223388671875,3531800,0.0,0.0
2024-11-05 00:00:00-05:00,189.24226635557773,191.0639840372951,187.22232359832927,190.36549377441406,5109300,0.0,0.0
2024-11-06 00:00:00-05:00,194.24489049722072,194.58469457622394,189.5820434169404,189.9123992919922,7194800,0.0,0.0
2024-11-07 00:00:00-05:00,190.62032472492197,190.96957701056732,188.04348550756603,189.2611083984375,4520200,0.0,0.0
2024-11-08 00:00:00-05:00,189.87469105762116,190.5637331669695,188.28893354249055,188.3078155517578,4596900,0.0,0.0
2024-11-11 00:00:00-05:00,168.55199573030634,168.55199573030634,163.01130063456128,164.6442413330078,20760300,0.0,0.0
2024-11-12 00:00:00-05:00,166.13561843474827,166.72084546993702,161.43500656145505,161.49163818359375,10557000,0.0,0.0
2024-11-13 00:00:00-05:00,162.03910604681738,162.95468903944007,160.13242642887857,160.7931671142578,8483500,0.0,0.0
2024-11-14 00:00:00-05:00,160.46279385064432,161.99190527728143,159.13189310381074,160.11355590820312,8442500,0.0,0.0
2024-11-15 00:00:00-05:00,160.11356140761504,160.11356140761504,155.47901474585038,155.73387145996094,11265400,0.0,0.0
2024-11-18 00:00:00-05:00,156.3284852445024,157.3856614955381,155.55449586350747,156.9514617919922,8336900,0.0,0.0
2024-11-19 00:00:00-05:00,155.99813334671916,157.7254695982205,154.62003498555808,157.22520446777344,5246000,0.0,0.0
2024-11-20 00:00:00-05:00,157.54612922670557,158.49002788927848,156.3568076941033,158.3484344482422,7135600,0.0,0.0
2024-11-21 00:00:00-05:00,159.13189204608824,162.78479012275028,157.55558281001024,162.09573364257812,6847700,0.0,0.0
2024-11-22 00:00:00-05:00,164.55929672929946,168.82572290753578,163.7664252739705,167.0228729248047,11328600,0.0,0.0
2024-11-25 00:00:00-05:00,167.08894411655646,170.08110112772252,166.83408744666835,167.12669372558594,12465000,0.0,0.0
2024-11-26 00:00:00-05:00,167.15502102066463,171.45919688335186,166.75858528623306,170.97781372070312,6947500,0.0,0.0
2024-11-27 00:00:00-05:00,170.9778094426334,173.90390116518967,170.74183476832246,172.80897521972656,5271500,0.0,0.0
2024-11-29 00:00:00-05:00,172.86562926415348,173.24318303093318,172.26153459565418,172.6674041748047,2710700,0.0,0.0
2024-12-02 00:00:00-05:00,172.05387772555153,172.4503135061561,168.8257454525544,171.57249450683594,3936600,0.0,0.0
2024-12-03 00:00:00-05:00,172.05386684235626,173.2148582980283,171.29874494493254,171.317626953125,4107600,0.0,0.0
2024-12-04 00:00:00-05:00,169.99615431352578,170.32651020265473,166.04121662632798,166.56036376953125,6125500,0.0,0.0
2024-12-05 00:00:00-05:00,165.16337941167316,166.8057682244683,163.7947292690523,166.28662109375,5444200,0.0,0.0
2024-12-06 00:00:00-05:00,166.1261684201702,166.8246586314726,164.38939829789226,166.30551147460938,4839600,0.0,0.0
2024-12-09 00:00:00-05:00,165.73916873613575,168.13667949186203,164.59705937839894,166.66419982910156,4394500,0.0,0.0
2024-12-10 00:00:00-05:00,165.6825367656583,166.99455537547576,164.07791186485838,165.81468200683594,4089600,0.0,0.0
2024-12-11 00:00:00-05:00,166.0884412826307,166.12619089789624,164.08736600748864,164.58763122558594,9492200,0.0,0.0
2024-12-12 00:00:00-05:00,165.0973382222766,166.0412369974502,162.34115552709994,163.4738311767578,4999500,0.0,0.0
2024-12-13 00:00:00-05:00,163.5304440442402,165.1067530896699,162.7186906145772,163.64370727539062,5471600,0.0,0.0
2024-12-16 00:00:00-05:00,162.03909238522516,163.61540152757496,160.963048414883,162.0013427734375,8157900,0.0,0.0
2024-12-17 00:00:00-05:00,161.0102232182865,166.5981011430258,160.66098534884952,165.5409393310547,7664700,0.0,0.0
2024-12-18 00:00:00-05:00,166.1544998729549,166.5981334485224,163.12459287691112,163.31336975097656,5471600,0.0,0.0
2024-12-19 00:00:00-05:00,163.22839291551637,164.12510818974047,160.7836987745551,161.8975067138672,6110500,0.0,0.0
2024-12-20 00:00:00-05:00,162.1523671005728,166.88130926509095,161.085771259747,165.72975158691406,18950900,0.0,0.0
2024-12-23 00:00:00-05:00,165.4559884936708,168.6274885428355,164.8330263289825,168.382080078125,6945600,0.0,0.0
2024-12-24 00:00:00-05:00,168.4009684580844,170.0622249647173,167.8629392923632,169.90176391601562,2692800,0.0,0.0
2024-12-26 00:00:00-05:00,168.97674211743958,170.2321290633577,168.60862221621176,169.14663696289062,2759300,0.0,0.0
2024-12-27 00:00:00-05:00,167.93844430269175,169.58083312130356,167.3437835506038,168.0233917236328,2745400,0.0,0.0
2024-12-30 00:00:00-05:00,167.0889452226076,167.39098530509432,165.66364902486387,166.31494140625,3405700,0.0,0.0
2024-12-31 00:00:00-05:00,166.45653463382948,167.86293442100455,166.05065072015606,167.7307891845703,3326400,0.0,0.0
2025-01-02 00:00:00-05:00,168.63694437392232,169.69410630387176,167.91957214766995,169.37318420410156,4092000,0.0,0.0
2025-01-03 00:00:00-05:00,169.58084974941121,171.38369978527209,168.76909626329467,171.05332946777344,4380200,0.0,0.0
2025-01-06 00:00:00-05:00,170.63799896198788,171.77067447582348,169.2032689629958,169.99615478515625,6302100,0.0,0.0
2025-01-07 00:00:00-05:00,169.55252551247804,171.9500218368227,168.3820859572797,169.4581298828125,5905200,0.0,0.0
2025-01-08 00:00:00-05:00,169.14662702141086,169.18439103112522,166.29604920346281,168.48590087890625,4488500,0.0,0.0
2025-01-10 00:00:00-05:00,166.9379341177546,167.57977835680455,163.60597267016698,165.34274291992188,5372200,0.0,0.0
2025-01-13 00:00:00-05:00,165.3332995820555,167.99508642394264,164.5592957355149,166.8246612548828,4734100,0.0,0.0
2025-01-14 00:00:00-05:00,166.701946311146,166.86240735828136,164.32331760677002,165.701416015625,4779100,0.0,0.0
2025-01-15 00:00:00-05:00,165.32982664497317,166.22546079006875,160.75638466190142,163.2622528076172,8048700,1.64,0.0
2025-01-16 00:00:00-05:00,163.35752789777845,165.74906477506147,162.47143103465325,165.50132751464844,5236000,0.0,0.0
2025-01-17 00:00:00-05:00,164.72005947583213,165.777667998456,163.1860509797484,163.4623565673828,7852500,0.0,0.0
2025-01-21 00:00:00-05:00,164.0340420047713,167.3688418119524,163.1384077303852,164.46279907226562,7548500,0.0,0.0
2025-01-22 00:00:00-05:00,162.2618154967747,162.80490384497202,160.12753862343206,161.21372985839844,9465000,0.0,0.0
2025-01-23 00:00:00-05:00,162.41426953746063,162.63340943311778,160.52771535844764,162.61434936523438,7116200,0.0,0.0
2025-01-24 00:00:00-05:00,161.32808573214334,163.03359115284792,161.2613827607584,162.26182556152344,5584900,0.0,0.0
2025-01-27 00:00:00-05:00,164.51041588888242,169.0743205042719,164.44371292480145,168.55027770996094,6985200,0.0,0.0
2025-01-28 00:00:00-05:00,168.45500626480498,168.79801477173555,165.52990392256763,166.55892944335938,5603700,0.0,0.0
2025-01-29 00:00:00-05:00,166.26357874248455,168.5693527030525,166.07302167456294,166.98770141601562,3748300,0.0,0.0
2025-01-30 00:00:00-05:00,167.70227667574898,167.80708522848695,165.76809437041487,167.35926818847656,5209200,0.0,0.0
2025-01-31 00:00:00-05:00,178.4594227667097,182.71843944912123,175.0007545047127,175.2198944091797,11926500,0.0,0.0
2025-02-03 00:00:00-05:00,174.53385156832206,182.61360393191748,173.5524689869856,181.16534423828125,9830000,0.0,0.0
2025-02-04 00:00:00-05:00,178.77385619649354,182.12770149504502,178.22123049036816,180.98434448242188,7377800,0.0,0.0
2025-02-05 00:00:00-05:00,181.52744675345713,184.25245513508614,180.95576097996786,182.6993865966797,6449600,0.0,0.0
2025-02-06 00:00:00-05:00,182.84229825775103,185.31006109210836,181.5655498582224,183.86180114746094,4586400,0.0,0.0
2025-02-07 00:00:00-05:00,184.042802722827,184.70975963838637,181.45118624645025,181.6036376953125,3805900,0.0,0.0
2025-02-10 00:00:00-05:00,182.42307227046584,182.42307227046584,180.16492665813095,181.35592651367188,3685700,0.0,0.0
2025-02-11 00:00:00-05:00,180.84140654129936,182.87086024695463,179.3740866947694,182.7755889892578,3977000,0.0,0.0
2025-02-12 00:00:00-05:00,181.50838110731056,185.19571207116306,181.40357253667682,183.890380859375,4525000,0.0,0.0
2025-02-13 00:00:00-05:00,185.10996323412417,185.10996323412417,182.39447770625918,184.3191375732422,4108900,0.0,0.0
2025-02-14 00:00:00-05:00,184.7955356349101,185.96747542803055,183.68076150898005,183.76651000976562,3976900,0.0,0.0
2025-02-18 00:00:00-05:00,182.9375696656051,187.72062894328718,181.67034413110537,186.98696899414062,6065500,0.0,0.0
2025-02-19 00:00:00-05:00,187.50148454478952,188.75918738205291,186.7583017913421,188.03506469726562,4888700,0.0,0.0
2025-02-20 00:00:00-05:00,188.6543692942856,191.85577735476178,187.53959522035706,191.3984375,5067000,0.0,0.0
2025-02-21 00:00:00-05:00,190.86490158693334,194.35213851219174,190.57905868130257,192.5418243408203,5889400,0.0,0.0
2025-02-24 00:00:00-05:00,192.30358811480957,195.80036168593466,191.77954530963902,194.4473876953125,6305000,0.0,0.0
2025-02-25 00:00:00-05:00,195.49545249648466,196.28627806099934,192.79904190455002,194.50454711914062,7746800,0.0,0.0
2025-02-26 00:00:00-05:00,193.98052790761292,194.2092051172113,191.9224766369456,193.4279022216797,4766700,0.0,0.0
2025-02-27 00:00:00-05:00,193.4755235873855,197.03900004611452,192.7037580814384,195.343017578125,5696900,0.0,0.0
2025-02-28 00:00:00-05:00,195.43830631218782,199.70686023316338,194.7618265404458,199.16375732421875,13136400,0.0,0.0
2025-03-03 00:00:00-05:00,200.06890813726315,202.279410764519,199.04941985932345,201.49810791015625,7016400,0.0,0.0
2025-03-04 00:00:00-05:00,204.34698290020373,205.4808170362655,197.86794107883057,197.9536895751953,7554000,0.0,0.0
2025-03-05 00:00:00-05:00,197.29628045448428,202.16507394161457,196.27677759235863,201.55528259277344,5752800,0.0,0.0
2025-03-06 00:00:00-05:00,201.46952350943073,201.97450626216948,198.6587668856692,200.8025665283203,4346000,0.0,0.0
2025-03-07 00:00:00-05:00,201.14557949093214,204.8424476086176,199.1351712001438,204.17547607421875,6806100,0.0,0.0
2025-03-10 00:00:00-04:00,200.07843606120272,208.33920861664961,199.32571607449793,206.43360900878906,8604000,0.0,0.0
2025-03-11 00:00:00-04:00,206.43360141447883,206.43360141447883,202.38420239674508,203.5084991455078,7144500,0.0,0.0
2025-03-12 00:00:00-04:00,201.99360031729302,203.77533166774802,199.43056598709512,202.05076599121094,6139800,0.0,0.0
2025-03-13 00:00:00-04:00,201.9935763780821,203.70861908523318,200.73587354664718,201.5648193359375,5559500,0.0,0.0
2025-03-14 00:00:00-04:00,199.87836749175793,202.7748874109865,198.45869036686332,201.77444458007812,4511600,0.0,0.0
2025-03-17 00:00:00-04:00,202.20317010342833,205.32835221300465,199.6306136098659,204.3469696044922,5075400,0.0,0.0
2025-03-18 00:00:00-04:00,204.3469720620035,205.0234517710972,202.2508154323576,203.75624084472656,5088200,0.0,0.0
2025-03-19 00:00:00-04:00,203.92776368348228,204.37558080450805,200.83116397432306,202.23178100585938,5412900,0.0,0.0
2025-03-20 00:00:00-04:00,202.9558724570904,203.34652384951295,201.14555872126354,201.9554443359375,5836100,0.0,0.0
2025-03-21 00:00:00-04:00,201.7363052849718,202.8320338199466,198.88744307889513,200.0974884033203,16657700,0.0,0.0
2025-03-24 00:00:00-04:00,199.5067667954182,201.05983525608292,197.70597559921404,199.29714965820312,7393800,0.0,0.0
2025-03-25 00:00:00-04:00,199.3447672103923,199.38287280387095,189.96922104901594,191.83670043945312,10089100,0.0,0.0
2025-03-26 00:00:00-04:00,193.5327180818193,193.5327180818193,187.21566440105667,191.7986297607422,6742900,0.0,0.0
2025-03-27 00:00:00-04:00,192.484639049888,194.06627582784378,191.79862196172078,193.15159606933594,4995300,0.0,0.0
2025-03-28 00:00:00-04:00,193.16111539766553,196.29583514115652,192.0749241171552,195.60028076171875,6478100,0.0,0.0
2025-03-31 00:00:00-04:00,194.78086816239724,200.8597359140849,194.78086816239724,199.63063049316406,11093700,0.0,0.0
2025-04-01 00:00:00-04:00,200.58341084708678,202.13646457973272,195.89563774210794,196.5340118408203,7853200,0.0,0.0
2025-04-02 00:00:00-04:00,197.43918742843564,197.43918742843564,190.88391976332545,195.5050048828125,9262800,0.0,0.0
2025-04-03 00:00:00-04:00,200.37382458737852,200.74541597186067,191.7414597028143,192.12257385253906,7593100,0.0,0.0
2025-04-04 00:00:00-04:00,190.55997125837095,190.55997125837095,177.38274750122596,178.13546752929688,13505200,0.0,0.0
2025-04-07 00:00:00-04:00,172.48535285512878,179.31692592302076,167.95955364181322,177.74481201171875,12581100,0.0,0.0
2025-04-08 00:00:00-04:00,178.74523472723322,179.49794011512554,164.18645605144687,167.37832641601562,12517100,0.0,0.0
2025-04-09 00:00:00-04:00,160.3562131603243,172.07565389398695,156.63076236216813,171.3515167236328,18977800,0.0,0.0
2025-04-10 00:00:00-04:00,169.3601643639647,169.5983643138437,157.18338408923623,165.97772216796875,13970000,0.0,0.0
2025-04-11 00:00:00-04:00,165.60615104431216,168.61700226759376,161.33761149219234,166.78762817382812,9047700,0.0,0.0
2025-04-14 00:00:00-04:00,169.06481778173125,171.68501752532228,167.8833406634622,170.64646911621094,7164400,0.0,0.0
2025-04-15 00:00:00-04:00,170.87723381786384,173.56973119762074,169.5406032337855,170.0117950439453,8078500,1.64,0.0
2025-04-16 00:00:00-04:00,169.75217014269828,170.0598908594225,163.23248785465043,165.08837890625,9459300,0.0,0.0
2025-04-17 00:00:00-04:00,165.94421108579616,168.47322270310718,165.309548152644,166.34808349609375,8998100,0.0,0.0
2025-04-21 00:00:00-04:00,166.80963471630346,167.48275533898823,162.06891403303177,163.62672424316406,7364600,0.0,0.0
2025-04-22 00:00:00-04:00,164.51141133113302,167.95395953952297,164.34794021587948,167.1077423095703,6191900,0.0,0.0
2025-04-23 00:00:00-04:00,168.28091882643238,171.3099694961355,167.70394980699766,170.25221252441406,7119700,0.0,0.0
2025-04-24 00:00:00-04:00,170.7906924571641,174.52172516025226,169.34828472220906,173.44471740722656,8789400,0.0,0.0
2025-04-25 00:00:00-04:00,179.93557426770704,181.4549123621571,173.07933863816896,178.91627502441406,10482100,0.0,0.0
2025-04-28 00:00:00-04:00,180.7817612327109,185.705174715626,180.4355828051353,184.9551239013672,10408000,0.0,0.0
2025-04-29 00:00:00-04:00,185.19552525181433,188.0322574015074,183.26270425630602,186.0802001953125,6671400,0.0,0.0
2025-04-30 00:00:00-04:00,187.0226120996413,188.26307642762467,183.67621523390926,187.60919189453125,8400700,0.0,0.0
2025-05-01 00:00:00-04:00,185.4744178664812,188.30153953560995,182.51267205467636,185.916748046875,5823600,0.0,0.0
2025-05-02 00:00:00-04:00,187.67647726004728,191.34019057087738,187.15721692989266,190.8497772216797,6424800,0.0,0.0
2025-05-05 00:00:00-04:00,190.84977767192262,190.8786246529476,187.541853567044,188.54193115234375,5121500,0.0,0.0
2025-05-06 00:00:00-04:00,187.99381026365788,188.30153096029295,178.60854911024376,179.9644012451172,9392000,0.0,0.0
2025-05-07 00:00:00-04:00,180.94526209161506,182.87808340415816,179.57978436748428,180.8683319091797,5771700,0.0,0.0
2025-05-08 00:00:00-04:00,177.06035689561494,179.49321669536826,174.66595484488852,178.45468139648438,8816700,0.0,0.0
2025-05-09 00:00:00-04:00,178.61815387917918,182.48381063144504,177.15650996512568,177.51231384277344,7806100,0.0,0.0
2025-05-12 00:00:00-04:00,173.08892244229244,185.29169382214283,173.08892244229244,182.7722930908203,12792700,0.0,0.0
2025-05-13 00:00:00-04:00,181.77222093277453,182.4741885861793,178.29121497358156,180.78176879882812,7523800,0.0,0.0
2025-05-14 00:00:00-04:00,179.3585726166325,180.4451763127186,169.819452569527,170.627197265625,12212000,0.0,0.0
2025-05-15 00:00:00-04:00,171.1849581909531,175.1179198542467,169.7906336150366,174.7044219970703,12073300,0.0,0.0
2025-05-16 00:00:00-04:00,174.33902257275167,177.00267303747518,173.58897170401707,176.95458984375,6152800,0.0,0.0
2025-05-19 00:00:00-04:00,177.1468997172285,178.66623759620052,175.5025484749641,178.57969665527344,5216700,0.0,0.0
2025-05-20 00:00:00-04:00,177.7623268336019,178.85855610669347,176.58916738853006,177.75271606445312,5505100,0.0,0.0
2025-05-21 00:00:00-04:00,176.86801783184126,177.7142350095897,174.56978224493747,174.81980895996094,5140900,0.0,0.0
2025-05-22 00:00:00-04:00,174.44478355092892,176.51222863299068,173.3293181208534,175.53138732910156,4689200,0.0,0.0
2025-05-23 00:00:00-04:00,175.36792688440335,177.05073590049452,174.74288940474156,176.2237548828125,4027000,0.0,0.0
2025-05-27 00:00:00-04:00,177.19500029865316,178.84896247236392,176.8391963850399,178.58932495117188,5726700,0.0,0.0
2025-05-28 00:00:00-04:00,178.23350910852875,178.95471292525124,175.36791537890892,176.06027221679688,4787800,0.0,0.0
2025-05-29 00:00:00-04:00,176.41609276648424,179.57976735237233,175.67565266951576,178.49314880371094,4925900,0.0,0.0
2025-05-30 00:00:00-04:00,177.89694270800666,179.52205766744038,175.9833432852714,178.96432495117188,11609000,0.0,0.0
2025-06-02 00:00:00-04:00,178.59891503175075,179.810546875,176.12759750047115,179.810546875,4435600,0.0,0.0
2025-06-03 00:00:00-04:00,179.72400969650363,181.48374900934306,177.7238837516654,180.06057739257812,5335600,0.0,0.0
2025-06-04 00:00:00-04:00,181.17603456573588,182.87806516118712,180.07980525301707,180.14710998535156,4382200,0.0,0.0
2025-06-05 00:00:00-04:00,180.30097222586232,181.35874379875966,177.9450424566972,180.27212524414062,4417900,0.0,0.0
2025-06-06 00:00:00-04:00,181.25297170238963,183.17618212649845,181.07026436443033,182.54151916503906,3607800,0.0,0.0
2025-06-09 00:00:00-04:00,183.19539019270283,184.42624359977202,181.7529824807064,181.89723205566406,4661500,0.0,0.0
2025-06-10 00:00:00-04:00,181.78182206700845,184.51279170873102,181.5510462331512,182.2241668701172,4087500,0.0,0.0
2025-06-11 00:00:00-04:00,182.07031401588918,185.3205440903141,181.8010657500359,184.1473846435547,3908000,0.0,0.0
2025-06-12 00:00:00-04:00,184.82051965317183,186.15715031701933,180.21443712281325,185.03207397460938,5781400,0.0,0.0
2025-06-13 00:00:00-04:00,184.20509667834142,186.04176620078297,182.98385392008228,183.7435302734375,4965700,0.0,0.0
2025-06-16 00:00:00-04:00,183.57044017658552,184.30126957247296,181.6760766208225,183.531982421875,4203900,0.0,0.0
2025-06-17 00:00:00-04:00,181.8972351173984,183.29155966121183,177.92580112151595,178.3585205078125,4733900,0.0,0.0
2025-06-18 00:00:00-04:00,178.13735827995964,179.93555525794727,176.64686732737658,178.36814880371094,3573200,0.0,0.0
2025-06-20 00:00:00-04:00,178.94511701181125,179.91634770260384,177.08922592687338,178.18545532226562,12158100,0.0,0.0
2025-06-23 00:00:00-04:00,177.40654165909785,178.66624207392923,175.30062400618056,176.70455932617188,5157900,0.0,0.0
2025-06-24 00:00:00-04:00,177.4353901335739,178.99318581413442,176.15645349631316,178.42584228515625,4074400,0.0,0.0
2025-06-25 00:00:00-04:00,178.18543171693062,179.90669842608926,177.55076881606243,178.27197265625,4471100,0.0,0.0
2025-06-26 00:00:00-04:00,179.36821303313695,181.7337682317834,178.65661991775505,179.61822509765625,5734000,0.0,0.0
2025-06-27 00:00:00-04:00,180.68561124678504,180.78177763597654,174.75250892235604,175.31024169921875,29264700,0.0,0.0
2025-06-30 00:00:00-04:00,175.42562593205776,179.09896476240613,174.77174145271042,178.49314880371094,6482600,0.0,0.0
2025-07-01 00:00:00-04:00,177.90655431267555,184.3973887392783,177.31036384586574,182.6953582763672,5937600,0.0,0.0
2025-07-02 00:00:00-04:00,182.4165048353572,185.19554329670106,182.25303371091707,183.4261932373047,4658200,0.0,0.0
2025-07-03 00:00:00-04:00,183.8108313375727,184.11855204998147,181.61837261691917,182.01263427734375,3706200,0.0,0.0
2025-07-07 00:00:00-04:00,182.16648259411252,184.04160970851598,179.65669255700942,180.4259796142578,11049100,0.0,0.0
2025-07-08 00:00:00-04:00,179.61820154121486,185.58977538133504,179.50281363009734,182.48379516601562,7106900,0.0,0.0
2025-07-09 00:00:00-04:00,181.26257965597202,183.75313359499364,181.08949776349831,183.30117797851562,5594100,0.0,0.0
2025-07-10 00:00:00-04:00,183.18577740009016,189.9170133150541,182.2818662295548,187.51300048828125,6049400,0.0,0.0
2025-07-11 00:00:00-04:00,186.4456115133305,186.55138866082856,183.82043370915247,185.06089782714844,4991000,0.0,0.0
2025-07-14 00:00:00-04:00,184.35894407567332,185.27246605114746,182.7434397626956,184.1666259765625,4072800,0.0,0.0
2025-07-15 00:00:00-04:00,184.4867125413202,184.9328631556363,179.44316528624307,180.78164672851562,6729200,1.64,0.0
2025-07-16 00:00:00-04:00,181.29567444627915,185.63117569826719,180.8883137997403,184.84555053710938,6202600,0.0,0.0
2025-07-17 00:00:00-04:00,183.3130897932729,186.33920590476268,182.59535067467027,185.640869140625,4853100,0.0,0.0
2025-07-18 00:00:00-04:00,185.74757597661375,186.55260356053472,182.89605120904363,183.56527709960938,5332000,0.0,0.0
2025-07-21 00:00:00-04:00,183.91444200115455,184.18601578335807,179.07459761143647,179.28797912597656,4954800,0.0,0.0
2025-07-22 00:00:00-04:00,179.37526107377758,182.53716416690665,179.336456363624,181.47996520996094,4432100,0.0,0.0
2025-07-23 00:00:00-04:00,181.42178019442792,185.05894493449398,181.15020641114253,184.81646728515625,4344500,0.0,0.0
2025-07-24 00:00:00-04:00,185.02012711326068,186.45560535138594,184.2733066619722,185.08802795410156,3462700,0.0,0.0
2025-07-25 00:00:00-04:00,185.64087578282027,185.64087578282027,182.85723720373414,184.55458068847656,3786800,0.0,0.0
2025-07-28 00:00:00-04:00,185.45659582938706,185.45659582938706,181.99400819177274,182.8475341796875,3776900,0.0,0.0
2025-07-29 00:00:00-04:00,183.45858652108998,186.69809921611153,182.20740834222556,185.46630859375,6715500,0.0,0.0
2025-07-30 00:00:00-04:00,185.99975606989298,186.90176580545275,182.35288281732196,183.61376953125,5008400,0.0,0.0
2025-07-31 00:00:00-04:00,191.13059482933534,192.84734086423435,181.97463570942378,183.33251953125,10347900,0.0,0.0
2025-08-01 00:00:00-04:00,184.20540331510816,191.13056380331457,184.07931021221066,189.34593200683594,8082000,0.0,0.0
2025-08-04 00:00:00-04:00,188.9482761932044,191.43124488997066,187.8910772214761,191.2566680908203,4217500,0.0,0.0
2025-08-05 00:00:00-04:00,191.60584925094003,193.87543658902857,190.5680377657742,192.5757598876953,4153400,0.0,0.0
2025-08-06 00:00:00-04:00,191.29545760235803,192.09079137369983,188.81248891077715,190.39344787597656,4057200,0.0,0.0
2025-08-07 00:00:00-04:00,191.12088328064453,193.8172335165731,190.58742950022824,192.8764190673828,4683300,0.0,0.0
2025-08-08 00:00:00-04:00,193.0898118281151,194.3022001271165,191.20818282011908,192.09080505371094,4101700,0.0,0.0
2025-08-11 00:00:00-04:00,192.21687477520598,193.42926301997744,190.9656966184528,192.6630401611328,6067800,0.0,0.0
2025-08-12 00:00:00-04:00,192.12958637350113,194.00152151925207,191.1208858657022,192.6630401611328,3049800,0.0,0.0
2025-08-13 00:00:00-04:00,193.74931398335565,195.6503450539264,193.21587505405458,195.40786743164062,3558500,0.0,0.0
2025-08-14 00:00:00-04:00,195.72795366602017,198.88985675886508,194.8162353730808,198.5212860107422,4635400,0.0,0.0
2025-08-15 00:00:00-04:00,199.71429610783858,200.61630586611082,198.17214179873105,200.4708251953125,4430900,0.0,0.0
2025-08-18 00:00:00-04:00,200.38352728512288,202.07116218495455,199.76278511973385,200.35443115234375,6083500,0.0,0.0
2025-08-19 00:00:00-04:00,200.31563641568397,201.54742703008526,198.9286713519549,199.98587036132812,3975500,0.0,0.0
2025-08-20 00:00:00-04:00,200.4320197623234,205.320377478821,200.4320197623234,202.85679626464844,5782100,0.0,0.0
2025-08-21 00:00:00-04:00,202.84710539039114,206.05750715748243,202.5852253804859,203.19627380371094,5323900,0.0,0.0
2025-08-22 00:00:00-04:00,204.49593739584498,205.10698577998662,200.88786895553707,204.26316833496094,5516900,0.0,0.0
2025-08-25 00:00:00-04:00,203.97218557399964,204.9420960952268,200.81997638001144,201.304931640625,2796200,0.0,0.0
2025-08-26 00:00:00-04:00,201.2758548078449,202.3039576909774,200.35444268426357,202.090576171875,3702900,0.0,0.0
2025-08-27 00:00:00-04:00,202.53674788483312,204.08859603620917,201.55712866212139,201.7996063232422,3459100,0.0,0.0
2025-08-28 00:00:00-04:00,201.40192310386894,201.75109149960468,199.30692752911526,201.66380310058594,4523100,0.0,0.0
2025-08-29 00:00:00-04:00,201.74138875580962,204.65112032440302,201.64439178365913,204.0691680908203,4264700,0.0,0.0
2025-09-02 00:00:00-04:00,203.81701730980186,205.77624090817372,202.70162601548998,205.54345703125,4335500,0.0,0.0
2025-09-03 00:00:00-04:00,206.02840757703154,206.99831817562392,205.11668924640892,205.48526000976562,3973500,0.0,0.0
2025-09-04 00:00:00-04:00,205.8635246921593,207.74515362266243,205.29128099051675,206.59095764160156,3531600,0.0,0.0
2025-09-05 00:00:00-04:00,206.15449079267006,207.89062416894268,204.65112647710046,206.1641845703125,4465400,0.0,0.0
2025-09-08 00:00:00-04:00,204.64144362680707,205.62104800878214,201.36314105002072,203.4775390625,5525500,0.0,0.0
2025-09-09 00:00:00-04:00,203.22537266252618,204.3795686775743,202.82770575320242,204.08859252929688,3097100,0.0,0.0
2025-09-10 00:00:00-04:00,203.90430359019706,205.88292952428804,202.16817010849797,205.27188110351562,4520600,0.0,0.0
2025-09-11 00:00:00-04:00,213.71981259983573,215.09708391434856,210.2281284224358,213.59371948242188,7647700,0.0,0.0
2025-09-12 00:00:00-04:00,212.52679270881708,213.74888946053915,211.6635729205288,211.770263671875,4418800,0.0,0.0
2025-09-15 00:00:00-04:00,212.99235257240002,212.99235257240002,207.86151771905358,211.06222534179688,5162100,0.0,0.0
2025-09-16 00:00:00-04:00,211.76059077115903,212.12916154844766,209.3455079614961,209.75286865234375,4251000,0.0,0.0
2025-09-17 00:00:00-04:00,212.5074157720074,214.8836937529138,210.76157375349982,214.16595458984375,5258400,0.0,0.0
2025-09-18 00:00:00-04:00,214.41815455876682,215.38806520903563,213.30274843116044,215.3104705810547,4445600,0.0,0.0
2025-09-19 00:00:00-04:00,215.72750248919016,216.76531388024824,214.92247495772298,215.7760009765625,14415100,0.0,0.0
2025-09-22 00:00:00-04:00,215.7663167064003,218.38507234363288,214.76729518142326,215.89239501953125,5990700,0.0,0.0
2025-09-23 00:00:00-04:00,215.3298671236977,217.647953082584,215.25227249247885,215.9118194580078,4629900,0.0,0.0
2025-09-24 00:00:00-04:00,215.32013554581954,215.55291939861155,211.96423863311986,213.37062072753906,5074500,0.0,0.0
2025-09-25 00:00:00-04:00,213.47732157244008,215.57231714800352,211.46959959626838,211.96424865722656,6666000,0.0,0.0
2025-09-26 00:00:00-04:00,213.99137195963078,214.81578705726346,211.12043018520353,213.9719696044922,4185600,0.0,0.0
2025-09-29 00:00:00-04:00,214.10777847802402,216.52286135249483,213.17665773134183,216.4452667236328,4958400,0.0,0.0
2025-09-30 00:00:00-04:00,216.3482373098497,225.35871429041782,215.87299062883858,224.5730743408203,9187300,0.0,0.0
2025-10-01 00:00:00-04:00,226.6099038591992,237.44380309642148,225.01925112427264,237.02674865722656,12243100,0.0,0.0
2025-10-02 00:00:00-04:00,233.64174621751016,235.36818577130524,227.4634208974568,229.44203186035156,8107700,0.0,0.0
2025-10-03 00:00:00-04:00,229.77183437708874,231.65346346591312,226.6778317368454,226.87181091308594,6547300,0.0,0.0
2025-10-06 00:00:00-04:00,224.73800122897865,225.94068095252211,221.06203161028924,223.26373291015625,11940300,0.0,0.0
2025-10-07 00:00:00-04:00,224.33060921957204,227.0366679976353,220.7419430705662,225.82427978515625,4901000,0.0,0.0
2025-10-08 00:00:00-04:00,224.51490408461635,225.98917235720373,222.76906202492884,224.28213500976562,5412800,0.0,0.0
2025-10-09 00:00:00-04:00,226.25105896945018,226.7554018461208,223.68078689555313,223.74868774414062,4607600,0.0,0.0
2025-10-10 00:00:00-04:00,224.54399646266307,227.6186112720608,223.56439208984375,223.56439208984375,6156900,0.0,0.0
2025-10-13 00:00:00-04:00,223.07943097372473,226.77478787538723,222.32290191352584,223.3704071044922,5411900,0.0,0.0
2025-10-14 00:00:00-04:00,221.20750813804906,223.70986435479261,220.66434579367944,222.23561096191406,5527600,0.0,0.0
2025-10-15 00:00:00-04:00,221.95230989688548,223.66188977160718,220.11574279636199,220.9949493408203,5459400,1.64,0.0
2025-10-16 00:00:00-04:00,220.9949477453818,222.84129340049773,220.25250700000703,221.6299285888672,4737500,0.0,0.0
2025-10-17 00:00:00-04:00,222.26493956935656,225.38126203134183,221.57133199029485,224.26759338378906,7150000,0.0,0.0
2025-10-20 00:00:00-04:00,225.66454341594357,226.8954355591978,224.68764063059317,226.70005798339844,5246700,0.0,0.0
2025-10-21 00:00:00-04:00,226.78797296834108,227.43273237655458,224.52156628449666,226.0455322265625,3298100,0.0,0.0
2025-10-22 00:00:00-04:00,226.3190616980245,226.79774941899083,223.15389137426683,223.3981170654297,3523500,0.0,0.0
2025-10-23 00:00:00-04:00,223.7009712793892,224.55087192157671,222.00115508866074,222.97805786132812,5818000,0.0,0.0
2025-10-24 00:00:00-04:00,223.49582197259375,223.74981133496678,221.02425907467585,222.7240753173828,3554700,0.0,0.0
2025-10-27 00:00:00-04:00,222.68498380689172,223.31997955224926,221.87415271769424,222.7631378173828,2784400,0.0,0.0
2025-10-28 00:00:00-04:00,221.75693339773758,223.1245913416139,219.1290625068183,222.28445434570312,3724200,0.0,0.0
2025-10-29 00:00:00-04:00,222.36262582514667,222.73385368465463,218.86531177238822,219.93991088867188,5469300,0.0,0.0
2025-10-30 00:00:00-04:00,221.80576704575194,224.34570519098529,221.18054989701037,222.92919921875,5020700,0.0,0.0
2025-10-31 00:00:00-04:00,217.84932008320254,218.69922073232811,211.01100061870739,213.00387573242188,10825300,0.0,0.0
2025-11-03 00:00:00-05:00,211.67528311431965,213.9417046750593,206.80054787662974,207.06431579589844,8874300,0.0,0.0
2025-11-04 00:00:00-05:00,207.46484709447003,212.0660659350467,207.46484709447003,210.90354919433594,6184000,0.0,0.0
2025-11-05 00:00:00-05:00,210.75702065372565,212.40797390524332,207.68954638207143,211.7632293701172,4928200,0.0,0.0
2025-11-06 00:00:00-05:00,210.9035361952691,214.6059910957348,210.6690741666541,213.98077392578125,6615300,0.0,0.0
2025-11-07 00:00:00-05:00,214.2445519192415,215.88575638401574,212.075826498219,214.0980224609375,4647900,0.0,0.0
2025-11-10 00:00:00-05:00,211.98790641062376,214.78184899920225,211.15753307274113,213.65841674804688,4530800,0.0,0.0
2025-11-11 00:00:00-05:00,213.94171910993086,220.21343347041838,213.94171910993086,219.96920776367188,4802400,0.0,0.0
2025-11-12 00:00:00-05:00,220.19389697250656,228.5952674658444,220.08643706248637,227.84304809570312,8583200,0.0,0.0
2025-11-13 00:00:00-05:00,228.3412646299307,233.76306321615613,226.79775642533633,226.92474365234375,7968500,0.0,0.0
2025-11-14 00:00:00-05:00,228.21427737687034,229.57217175396943,225.00027353111082,226.99314880371094,5461500,0.0,0.0
2025-11-17 00:00:00-05:00,227.8723471646892,229.91408539392876,223.93542997985105,228.5952606201172,5023100,0.0,0.0
2025-11-18 00:00:00-05:00,229.5721513620755,231.7115708172322,226.74890294796197,228.46824645996094,6232600,0.0,0.0
2025-11-19 00:00:00-05:00,228.14587992959937,232.64940256366936,225.03933609110183,227.5304412841797,7618400,0.0,0.0
2025-11-20 00:00:00-05:00,227.87232662559848,229.52329463295175,222.733823605204,224.15032958984375,4283600,0.0,0.0
2025-11-21 00:00:00-05:00,225.22495223165413,232.5126390539411,224.82441849063892,230.82260131835938,8017600,0.0,0.0
2025-11-24 00:00:00-05:00,230.54905832772153,232.13163607671763,223.20274517672019,224.20895385742188,10225900,0.0,0.0
2025-11-25 00:00:00-05:00,225.00024828604296,228.67339725569084,224.99046971848787,226.44606018066406,7134100,0.0,0.0
2025-11-26 00:00:00-05:00,226.68052715966894,227.11036679186768,221.40525781588542,222.40170288085938,5920800,0.0,0.0
2025-11-28 00:00:00-05:00,221.61040694167733,222.82175687797908,220.30134585612794,222.44076538085938,2655600,0.0,0.0
2025-12-01 00:00:00-05:00,221.9425430496452,224.18942240544223,218.80667859422815,219.91058349609375,5208300,0.0,0.0
2025-12-02 00:00:00-05:00,219.62728601447526,221.39547762792668,217.95677573337036,219.1876678466797,5096700,0.0,0.0
2025-12-03 00:00:00-05:00,219.6468347695128,225.4594037868403,219.33423360660686,224.922119140625,4872900,0.0,0.0
2025-12-04 00:00:00-05:00,224.79508705416092,225.60591810614545,222.33328800891235,223.42742919921875,3732900,0.0,0.0
2025-12-05 00:00:00-05:00,223.64233337430682,223.95494940092988,219.85196094279405,220.85816955566406,3985200,0.0,0.0
2025-12-08 00:00:00-05:00,220.85817618321164,220.89724573453563,217.253402639687,217.96653747558594,4006100,0.0,0.0
2025-12-09 00:00:00-05:00,218.7187603625964,219.62728768910102,215.14329265041,217.8395538330078,4267900,0.0,0.0
2025-12-10 00:00:00-05:00,219.80312278670303,220.7604833255062,215.89551171493943,219.9789581298828,8735200,0.0,0.0
2025-12-11 00:00:00-05:00,220.33065239431838,220.74096469059342,217.10688505831573,218.8066864013672,4170600,0.0,0.0
2025-12-12 00:00:00-05:00,218.52339079607194,218.65039293073227,215.99321610910297,218.1619415283203,5467600,0.0,0.0
2025-12-15 00:00:00-05:00,219.06069868622512,223.026921840269,218.3963970022703,222.19654846191406,5971900,0.0,0.0
2025-12-16 00:00:00-05:00,221.18056422529378,221.60062526987542,216.7845016710119,218.50384521484375,6405900,0.0,0.0
2025-12-17 00:00:00-05:00,218.70899780014523,221.18056062570994,217.71255279694554,219.12905883789062,5243400,0.0,0.0
2025-12-18 00:00:00-05:00,218.82621525889815,221.03401010013388,217.6441563766061,217.67347717285156,4760400,0.0,0.0
2025-12-19 00:00:00-05:00,217.80047648791552,224.16988692381207,217.21434375116482,221.5811004638672,18968800,0.0,0.0
2025-12-22 00:00:00-05:00,220.88749178584516,223.3688183287326,219.0704519891459,222.6459197998047,4828100,0.0,0.0
2025-12-23 00:00:00-05:00,222.94875787293896,225.45939031385612,222.64592039041136,223.50558471679688,3612100,0.0,0.0
2025-12-24 00:00:00-05:00,224.16012388600063,225.4691700653765,223.69119980767036,224.58018493652344,1744900,0.0,0.0
2025-12-26 00:00:00-05:00,224.5118129569329,225.28355962493848,223.3981294334741,224.66810607910156,1593900,0.0,0.0
2025-12-29 00:00:00-05:00,224.83417442617286,226.66099280636442,224.43365560527607,225.50823974609375,3803000,0.0,0.0
2025-12-30 00:00:00-05:00,225.43984815010728,225.86968773818123,223.33949832771907,224.4336395263672,2348000,0.0,0.0
2025-12-31 00:00:00-05:00,224.43365290462978,224.93186796249393,223.1538977251782,223.2125244140625,3196900,0.0,0.0
2026-01-02 00:00:00-05:00,223.45675347349484,225.41055908779236,220.49673916034243,224.01358032226562,3336800,0.0,0.0
2026-01-05 00:00:00-05:00,221.75693617254836,221.99139821144107,212.82804515374926,215.09445190429688,9341300,0.0,0.0
2026-01-06 00:00:00-05:00,214.6743813795205,219.02159567760762,214.47900380890988,218.75782775878906,9151700,0.0,0.0
2026-01-07 00:00:00-05:00,220.0375980389832,231.56503946826768,219.54914662566253,228.02865600585938,10285400,0.0,0.0
2026-01-08 00:00:00-05:00,225.7915514889001,226.19207031260316,217.96655043229256,218.95323181152344,9365900,0.0,0.0
2026-01-09 00:00:00-05:00,218.58199654264465,219.92034857825814,213.9417083478846,214.99676513671875,6714200,0.0,0.0
2026-01-12 00:00:00-05:00,216.08111921274156,217.35109575464344,213.3457885624189,214.95767211914062,6546100,0.0,0.0
2026-01-13 00:00:00-05:00,214.45946829724056,215.6512908935547,210.8644731850727,215.6512908935547,4872600,0.0,0.0
2026-01-14 00:00:00-05:00,215.89551074995413,218.18145963919358,211.98789969565632,216.76495361328125,8426400,0.0,0.0
2026-01-15 00:00:00-05:00,217.38041621669825,217.87863128067283,210.8449340700102,211.74368286132812,6954200,0.0,0.0
2026-01-16 00:00:00-05:00,212.32468842695135,214.03818095119146,210.621053146631,211.08389282226562,8649700,1.73,0.0
2026-01-20 00:00:00-05:00,208.47425393254102,210.77859497070312,206.76077650603958,210.77859497070312,8251400,0.0,0.0
2026-01-21 00:00:00-05:00,209.23254089507478,214.67827765363515,208.34626043821217,212.85646057128906,10727100,0.0,0.0
2026-01-22 00:00:00-05:00,212.98447305317677,215.71226990750898,211.4876295593915,214.78659057617188,5650900,0.0,0.0
2026-01-23 00:00:00-05:00,213.9495419537121,216.4705471250413,212.59057962550767,215.9190673828125,5816400,0.0,0.0
2026-01-26 00:00:00-05:00,215.7713571956343,218.10524000133958,215.170651343692,217.40606689453125,6553400,0.0,0.0
2026-01-27 00:00:00-05:00,217.51438442240152,223.40326101045827,217.2878781882673,220.5178985595703,5747400,0.0,0.0
2026-01-28 00:00:00-05:00,220.19294641136008,220.61638716105196,213.39807474457828,215.3380584716797,5215800,0.0,0.0
2026-01-29 00:00:00-05:00,214.6782619530531,220.72470414278948,214.6782619530531,217.07122802734375,7834000,0.0,0.0
2026-01-30 00:00:00-05:00,217.15001648010207,220.60654315661586,216.2144949250442,219.61192321777344,6622200,0.0,0.0
2026-02-02 00:00:00-05:00,221.42390258684242,226.28861777924718,221.00044680551576,222.2018585205078,5413000,0.0,0.0
2026-02-03 00:00:00-05:00,220.5376067649115,225.21522965577242,220.23233272781906,222.2215576171875,8158500,0.0,0.0
2026-02-04 00:00:00-05:00,206.58352158708928,217.48485207779035,201.15748442543773,213.8018341064453,15319700,0.0,0.0
2026-02-05 00:00:00-05:00,213.59501692260497,216.5197632520078,210.77859508785727,215.68272399902344,10794000,0.0,0.0
2026-02-06 00:00:00-05:00,215.41684562377395,222.37912528695193,215.17065494306107,220.02552795410156,6067100,0.0,0.0
2026-02-09 00:00:00-05:00,220.01568942390278,220.54746971787606,216.76596937876855,219.85812377929688,6767700,0.0,0.0
2026-02-10 00:00:00-05:00,220.34065011262308,222.36925883347655,218.55823206228652,219.0506134033203,6044500,0.0,0.0
2026-02-11 00:00:00-05:00,218.88320828366528,220.7345519311951,214.72750851134595,217.52423095703125,8072400,0.0,0.0
2026-02-12 00:00:00-05:00,218.1938877185254,225.55990881325556,217.54394070320856,224.0335235595703,8712000,0.0,0.0
2026-02-13 00:00:00-05:00,224.93949378280422,231.16320124979194,224.52589525259853,227.97256469726562,8252200,0.0,0.0
2026-02-17 00:00:00-05:00,229.11489433651246,231.66542613375927,227.6672919594186,229.3118438720703,7336400,0.0,0.0
2026-02-18 00:00:00-05:00,230.43448574371988,230.43448574371988,222.62532427280055,225.2349395751953,5495100,0.0,0.0
2026-02-19 00:00:00-05:00,225.4811174367331,225.8750165076434,219.62178235579546,220.9315185546875,5410800,0.0,0.0
2026-02-20 00:00:00-05:00,221.61099744540795,223.23586496053125,219.71041259514806,221.38450622558594,6830300,0.0,0.0
2026-02-23 00:00:00-05:00,222.37913240018597,227.90363702686005,222.34957569337126,225.9833526611328,5463200,0.0,0.0
2026-02-24 00:00:00-05:00,225.51066271664155,227.24383969312285,224.2009264968359,224.95919799804688,4880800,0.0,0.0
2026-02-25 00:00:00-05:00,226.2098375484582,229.0065599003612,223.0290433333975,223.46234130859375,5410900,0.0,0.0
2026-02-26 00:00:00-05:00,224.12213263907722,224.30923995073329,217.76057420048568,221.26632690429688,5331300,0.0,0.0
2026-02-27 00:00:00-05:00,221.67009217651702,228.73083900868136,221.63069325337082,228.54373168945312,8018100,0.0,0.0
2026-03-02 00:00:00-05:00,230.09965737391593,232.06918278492,228.36646539540905,230.6905059814453,7438800,0.0,0.0
2026-03-03 00:00:00-05:00,229.80423422925367,232.11843268503017,226.73177928055205,230.29661560058594,6595700,0.0,0.0
2026-03-04 00:00:00-05:00,230.00117945647355,233.4970901325881,228.54373483203983,232.5911102294922,5380800,0.0,0.0
2026-03-05 00:00:00-05:00,229.8633043491551,231.222281664165,224.52589239451012,228.8096160888672,9423100,0.0,0.0
2026-03-06 00:00:00-05:00,226.84993518075905,228.0710463328807,223.3441823882998,226.60374450683594,6139600,0.0,0.0
2026-03-09 00:00:00-04:00,226.46588977315912,227.16506290770764,219.82858345936515,223.98428344726562,7915800,0.0,0.0
2026-03-10 00:00:00-04:00,224.19108439790529,227.74607841746533,222.71394031819258,223.5509796142578,6466800,0.0,0.0
2026-03-11 00:00:00-04:00,222.60560148248783,225.7962228723725,221.86702949019443,224.21075439453125,5299200,0.0,0.0
2026-03-12 00:00:00-04:00,221.6897681939918,224.33878218924437,220.16339807148051,221.9359588623047,7607000,0.0,0.0
2026-03-13 00:00:00-04:00,223.43281810608008,225.13645344371216,216.09633867769944,216.33267211914062,5676100,0.0,0.0
2026-03-16 00:00:00-04:00,217.7211836763293,220.95120415900206,216.9629272095003,218.07569885253906,3991800,0.0,0.0
2026-03-17 00:00:00-04:00,218.65671108090154,219.87782228183778,216.4114532470703,216.4114532470703,4405700,0.0,0.0
2026-03-18 00:00:00-04:00,215.17064338274338,215.66302471771533,204.43673629086913,205.1654510498047,8597000,0.0,0.0
2026-03-19 00:00:00-04:00,205.19499221537362,207.22360090618636,201.18701597237956,203.0876007080078,7006800,0.0,0.0
2026-03-20 00:00:00-04:00,203.12700949432545,204.61399578498018,199.9659145666147,201.94529724121094,27982400,0.0,0.0
2026-03-23 00:00:00-04:00,204.20040006816654,205.44119569713197,200.12348297152388,201.8074188232422,7419900,0.0,0.0
2026-03-24 00:00:00-04:00,199.94622728053946,202.87097392521315,198.72513105602079,202.0733184814453,6990500,0.0,0.0
2026-03-25 00:00:00-04:00,203.70800083349056,206.4850236717388,202.72323819096692,204.0231170654297,6000100,0.0,0.0
2026-03-26 00:00:00-04:00,204.03299629982286,208.22808019966658,202.6247777555646,207.90310668945312,4576300,0.0,0.0
2026-03-27 00:00:00-04:00,208.19852968482243,210.23699570067572,205.93357245374762,206.2093048095703,5654000,0.0,0.0
2026-03-30 00:00:00-04:00,209.0257231146787,210.68013224711012,207.56827854122412,209.87261962890625,7491200,0.0,0.0
2026-03-31 00:00:00-04:00,211.78305952371684,215.83043473893997,211.5762677756691,214.17604064941406,8311700,0.0,0.0
2026-04-01 00:00:00-04:00,215.04262967714786,217.09093793141716,210.49303073356393,211.70428466796875,5702800,0.0,0.0
2026-04-02 00:00:00-04:00,210.72938942680952,211.29069638901697,204.5450804666202,205.65785217285156,5151100,0.0,0.0
2026-04-06 00:00:00-04:00,203.88526156484158,205.81540305674832,202.1717840940153,203.5406036376953,4929100,0.0,0.0
2026-04-07 00:00:00-04:00,203.08761294527287,203.34366087107026,198.5872550973625,203.22547912597656,8801600,0.0,0.0
2026-04-08 00:00:00-04:00,203.11714928029073,208.98634158928198,201.44305569400052,208.36593627929688,5477500,0.0,0.0
2026-04-09 00:00:00-04:00,206.28809927309473,210.256692003712,205.55938444569702,209.16360473632812,4477800,0.0,0.0
2026-04-10 00:00:00-04:00,210.29608008246763,210.83770257914364,204.5844533495221,204.7715606689453,4633200,0.0,0.0
2026-04-13 00:00:00-04:00,203.28456042719137,204.9094279257695,199.91667373871107,203.32395935058594,7532500,0.0,0.0
2026-04-14 00:00:00-04:00,201.67940223886336,207.21376375707712,200.9506724376383,207.0561981201172,6199400,0.0,0.0
2026-04-15 00:00:00-04:00,207.51295446683528,208.33709020370273,204.09726447580036,206.9469757080078,5952100,1.73,0.0
2026-04-16 00:00:00-04:00,206.31149980107602,208.17821762418268,205.0604103893249,207.51295471191406,5075400,0.0,0.0
2026-04-17 00:00:00-04:00,208.17822468465647,210.8492154452588,206.35123258145273,206.9072723388672,8986600,0.0,0.0
2026-04-20 00:00:00-04:00,206.47037901159248,206.85762206655826,201.40641738424267,202.27027893066406,5774300,0.0,0.0
2026-04-21 00:00:00-04:00,202.56814769727748,204.7426722301592,199.4999900020088,203.67030334472656,7772100,0.0,0.0
2026-04-22 00:00:00-04:00,203.71993928067758,204.5341511234929,198.3978209952055,199.08294677734375,7646200,0.0,0.0
2026-04-23 00:00:00-04:00,199.6290692013965,201.3269751816899,198.99359304867002,199.52976989746094,7461100,0.0,0.0
2026-04-24 00:00:00-04:00,197.52404949122166,198.83472762743767,195.74670703178018,197.3056182861328,7605800,0.0,0.0
2026-04-27 00:00:00-04:00,196.6006291525273,199.9964563834118,194.84313443753496,195.98501586914062,7467600,0.0,0.0
2026-04-28 00:00:00-04:00,197.26588570943002,197.77227579864916,195.05165061416844,196.29281616210938,6313100,0.0,0.0
2026-04-29 00:00:00-04:00,190.64302403770057,204.37528118102975,189.4018585166218,202.44898986816406,10406300,0.0,0.0
2026-04-30 00:00:00-04:00,207.52288175637523,213.35139038132547,206.6987460059277,209.8264923095703,10319200,0.0,0.0
2026-05-01 00:00:00-04:00,209.50874344835918,209.50874344835918,204.11712760742685,205.1398468017578,6343100,0.0,0.0
2026-05-04 00:00:00-04:00,204.25614598247176,206.86754808759213,203.4220711892264,206.68882751464844,4579300,0.0,0.0
2026-05-05 00:00:00-04:00,207.49309242759287,208.03920829775223,204.3752851836201,204.65330505371094,4490500,0.0,0.0
2026-05-06 00:00:00-04:00,204.65330144761927,205.5469345641726,202.12132074945646,203.5809326171875,7290000,0.0,0.0
2026-05-07 00:00:00-04:00,203.47171598154063,205.53701729713268,200.60214180502433,201.27734375,6681100,0.0,0.0
2026-05-08 00:00:00-04:00,200.49291420797542,200.96951753154104,198.60634865360774,200.1255340576172,4915400,0.0,0.0
2026-05-11 00:00:00-04:00,200.58227007975088,203.92846259391789,200.58227007975088,201.34683227539062,4931700,0.0,0.0
2026-05-12 00:00:00-04:00,203.1440369712674,209.8264829612744,202.07166815644783,206.39093017578125,7044100,0.0,0.0
2026-05-13 00:00:00-04:00,205.39800437440988,208.04913216115733,202.85609976169084,207.0264129638672,5705700,0.0,0.0
2026-05-14 00:00:00-04:00,208.01935177404684,212.0010055111805,206.8774854977185,209.28038024902344,5006500,0.0,0.0
2026-05-15 00:00:00-04:00,211.59391456232896,213.40104377193384,207.54274828298603,208.90306091308594,5385000,0.0,0.0
2026-05-18 00:00:00-04:00,208.88319936472857,209.86620796671846,206.21220858989463,207.92999267578125,5069000,0.0,0.0
2026-05-19 00:00:00-04:00,208.4165171613416,214.27482776219156,207.25478800199255,212.24923706054688,7220300,0.0,0.0
2026-05-20 00:00:00-04:00,211.8520665116434,212.98400888991557,210.0052115627839,210.799560546875,5129000,0.0,0.0
2026-05-21 00:00:00-04:00,209.45909559010315,214.11595116679868,208.01934657952725,212.9840087890625,3813800,0.0,0.0
2026-05-22 00:00:00-04:00,215.4663370381466,218.455058194335,214.17552185058594,214.17552185058594,5406100,0.0,0.0
2026-05-26 00:00:00-04:00,214.3939681019095,215.51598659419918,210.41231451873963,211.61375427246094,4706700,0.0,0.0
2026-05-27 00:00:00-04:00,211.61375503785547,214.41383176826292,209.8661994120553,213.8776397705078,4640100,0.0,0.0
2026-05-28 00:00:00-04:00,214.37410714597283,217.82952293635012,214.37410714597283,217.08482360839844,5189300,0.0,0.0
2026-05-29 00:00:00-04:00,217.47207439989498,218.04797705213986,213.38118230997378,216.18125915527344,7618500,0.0,0.0
2026-06-01 00:00:00-04:00,213.7386289796587,214.9698706446199,210.01513237495973,211.4250946044922,4858400,0.0,0.0
2026-06-02 00:00:00-04:00,209.51866700051227,215.03938404866173,207.51295439675928,213.8776397705078,5861800,0.0,0.0
2026-06-03 00:00:00-04:00,213.28189403213514,217.9883841649017,212.21944903448474,215.59542846679688,5667500,0.0,0.0
2026-06-04 00:00:00-04:00,220.92746221119617,223.39986937747335,218.28625835257904,223.3502197265625,6782000,0.0,0.0
2026-06-05 00:00:00-04:00,225.76304863468368,228.84114532178216,224.40273601246867,225.62403869628906,6248900,0.0,0.0
2026-06-08 00:00:00-04:00,225.147438206934,226.9645064502679,219.60687319060779,221.4934539794922,4915600,0.0,0.0
2026-06-09 00:00:00-04:00,223.21121474064327,225.53467300567257,220.1529810183117,223.8268280029297,4257500,0.0,0.0
2026-06-10 00:00:00-04:00,225.32615522106838,225.53467770347956,222.5360174407216,223.3601531982422,4147300,0.0,0.0
2026-06-11 00:00:00-04:00,224.41265352113243,225.941777951073,222.45657541784976,223.18142700195312,4569000,0.0,0.0
2026-06-12 00:00:00-04:00,225.89212843996987,226.7857615690241,222.73461057642814,226.12049865722656,4086500,0.0,0.0
2026-06-15 00:00:00-04:00,224.40273095075224,224.89919716966983,218.4451363237411,220.02389526367188,5261900,0.0,0.0
2026-06-16 00:00:00-04:00,221.7317341490814,221.92039373121457,217.60113168546346,220.89767456054688,5945500,0.0,0.0
2026-06-17 00:00:00-04:00,220.8281720258257,221.26506473036358,217.2834110384559,219.66644287109375,5624200,0.0,0.0
2026-06-18 00:00:00-04:00,219.80544559961086,220.7785302826924,213.84785106246724,214.95994567871094,9646100,0.0,0.0
2026-06-22 00:00:00-04:00,220.37142727506134,230.67807080928134,220.37142727506134,228.38438415527344,9912800,0.0,0.0
2026-06-23 00:00:00-04:00,231.32347241312564,233.64693069306986,229.66527705174937,233.10081481933594,7365600,0.0,0.0
2026-06-24 00:00:00-04:00,234.67959222816853,235.68244855520894,231.20432862932248,233.2299041748047,7311000,0.0,0.0
2026-06-25 00:00:00-04:00,232.00859009712372,242.88119693489142,232.00859009712372,241.4215850830078,10278100,0.0,0.0
2026-06-26 00:00:00-04:00,243.52659824465232,251.55943298339844,242.93084788720816,251.55943298339844,52635100,0.0,0.0
2026-06-29 00:00:00-04:00,251.26156010049706,254.18078393459402,247.43876409852305,252.5126495361328,9760500,0.0,0.0
2026-06-30 00:00:00-04:00,253.19776473656486,253.6942309419307,248.3324019843584,249.86151123046875,6999700,0.0,0.0
2026-07-01 00:00:00-04:00,248.97780738382934,250.0203894678692,245.81035050083676,249.28561401367188,6988000,0.0,0.0
2026-07-02 00:00:00-04:00,250.51686213593447,259.79086280661,248.7395045519223,259.2248840332031,7113400,0.0,0.0
2026-07-06 00:00:00-04:00,258.0830074623675,259.07593988053287,251.80766730710835,252.95945739746094,8580200,0.0,0.0
2026-07-07 00:00:00-04:00,255.39213955934298,258.50996190666103,252.4729309679583,252.85023498535156,8238300,0.0,0.0
2026-07-08 00:00:00-04:00,251.4601407009564,254.0119843469605,248.9281599460388,250.95375061035156,7578700,0.0,0.0
2026-07-09 00:00:00-04:00,249.42462925015664,253.0587656656278,246.2373245594484,248.1437530517578,5526000,0.0,0.0
2026-07-10 00:00:00-04:00,249.2359601195237,249.88137528006084,243.31809140864215,246.32667541503906,5780700,0.0,0.0
2026-07-13 00:00:00-04:00,246.61461830329182,247.9749460102823,242.88119788876747,246.2472381591797,4156400,0.0,0.0
2026-07-14 00:00:00-04:00,244.25145797848666,244.678411658044,241.47124409798792,243.0500030517578,5246800,0.0,0.0
2026-07-15 00:00:00-04:00,243.32000732421875,247.75,243.07000732421875,244.11000061035156,6389000,1.73,0.0
2026-07-16 00:00:00-04:00,244.75,254.5399932861328,243.5,254.38999938964844,6555500,0.0,0.0
2026-07-17 00:00:00-04:00,257.0,260.9599914550781,254.2899932861328,254.49000549316406,6872400,0.0,0.0
2026-07-20 00:00:00-04:00,253.10000610351562,256.1499938964844,252.67999267578125,253.3800048828125,4332400,0.0,0.0
2026-07-21 00:00:00-04:00,253.6999969482422,257.05999755859375,252.60000610351562,256.1000061035156,4819300,0.0,0.0
2026-07-22 00:00:00-04:00,257.80999755859375,257.80999755859375,252.25,253.3000030517578,4953200,0.0,0.0
2026-07-23 00:00:00-04:00,253.97999572753906,258.3800048828125,253.10000610351562,256.9200134277344,4622700,0.0,0.0
2026-07-24 00:00:00-04:00,258.5400085449219,260.2200012207031,256.7699890136719,259.3599853515625,4195000,0.0,0.0
2026-07-27 00:00:00-04:00,259.0,262.1000061035156,256.7799987792969,256.9100036621094,5404400,0.0,0.0
2026-07-28 00:00:00-04:00,262.8299865722656,266.9200134277344,261.45001220703125,263.20001220703125,7058400,0.0,0.0
2026-07-29 00:00:00-04:00,264.2099914550781,267.4700012207031,262.760009765625,263.29998779296875,5562300,0.0,0.0
2026-07-30 00:00:00-04:00,258.3800048828125,259.8900146484375,253.50999450683594,257.4100036621094,6403400,0.0,0.0
2026-07-31 00:00:00-04:00,252.5399932861328,255.52000427246094,247.0,250.94000244140625,7258200,0.0,0.0
2026-08-03 00:00:00-04:00,251.4499969482422,256.20001220703125,244.44000244140625,245.10000610351562,7435600,0.0,0.0
2026-08-04 00:00:00-04:00,246.74000549316406,246.91000366210938,242.38999938964844,243.8000030517578,8028800,0.0,0.0
2026-08-05 00:00:00-04:00,247.0,249.3800048828125,243.75999450683594,246.1999969482422,5193700,0.0,0.0
2026-08-06 00:00:00-04:00,249.0399932861328,249.9499969482422,241.1999969482422,243.8699951171875,4570200,0.0,0.0
2026-08-07 00:00:00-04:00,243.6199951171875,246.75999450683594,241.9499969482422,246.0399932861328,4930700,0.0,0.0
2026-08-10 00:00:00-04:00,245.64999389648438,248.00999450683594,244.02999877929688,247.97000122070312,4209500,0.0,0.0
2026-08-11 00:00:00-04:00,248.13999938964844,250.77000427246094,247.17999267578125,250.08999633789062,4485200,0.0,0.0
2026-08-12 00:00:00-04:00,245.97999572753906,250.08999633789062,245.52000427246094,248.75999450683594,3780500,0.0,0.0
2026-08-13 00:00:00-04:00,252.94000244140625,255.3000030517578,249.35000610351562,250.82000732421875,4370400,0.0,0.0
2026-08-14 00:00:00-04:00,250.60000610351562,250.61000061035156,247.67999267578125,249.4600067138672,4195000,0.0,0.0
2026-08-17 00:00:00-04:00,249.49000549316406,251.49000549316406,248.30999755859375,250.3300018310547,4648600,0.0,0.0
2026-08-18 00:00:00-04:00,253.92999267578125,259.17999267578125,252.41000366210938,258.9200134277344,5010200,0.0,0.0
2026-08-19 00:00:00-04:00,261.510009765625,266.9700012207031,259.54998779296875,265.9700012207031,5536000,0.0,0.0
2026-08-20 00:00:00-04:00,265.69000244140625,265.92999267578125,260.4800109863281,261.8299865722656,5228900,0.0,0.0
2026-08-21 00:00:00-04:00,260.70001220703125,266.8399963378906,260.1000061035156,264.9599914550781,5157200,0.0,0.0
2026-08-24 00:00:00-04:00,263.989990234375,266.0400085449219,262.07000732421875,264.5199890136719,3883600,0.0,0.0
2026-08-25 00:00:00-04:00,264.5,266.9100036621094,263.0299987792969,265.7900085449219,3671000,0.0,0.0
2026-08-26 00:00:00-04:00,264.6000061035156,265.0,260.30999755859375,262.8999938964844,3305100,0.0,0.0
2026-08-27 00:00:00-04:00,260.80999755859375,262.5,257.25,258.1499938964844,4761900,0.0,0.0
2026-08-28 00:00:00-04:00,258.6700134277344,259.0,255.0800018310547,255.47999572753906,3224400,0.0,0.0
2026-08-31 00:00:00-04:00,254.1699981689453,258.239990234375,252.3300018310547,256.4200134277344,4315000,0.0,0.0
2026-09-01 00:00:00-04:00,260.989990234375,262.2699890136719,257.7900085449219,259.989990234375,3866100,0.0,0.0
2026-09-02 00:00:00-04:00,262.70001220703125,262.9700012207031,257.70001220703125,261.7200012207031,4225200,0.0,0.0
2026-09-03 00:00:00-04:00,264.0,264.25,257.1400146484375,260.2099914550781,2878400,0.0,0.0
2026-09-04 00:00:00-04:00,257.9599914550781,258.9100036621094,255.5800018310547,256.4599914550781,4728800,0.0,0.0
2026-09-08 00:00:00-04:00,251.83999633789062,254.6199951171875,248.41000366210938,248.77999877929688,5570300,0.0,0.0
2026-09-09 00:00:00-04:00,247.72999572753906,251.17999267578125,246.77000427246094,250.91000366210938,3866400,0.0,0.0
2026-09-10 00:00:00-04:00,251.22999572753906,255.30999755859375,249.74000549316406,255.0,4396100,0.0,0.0
2026-09-11 00:00:00-04:00,253.9199981689453,259.6099853515625,253.9199981689453,257.1199951171875,4308700,0.0,0.0
2026-09-14 00:00:00-04:00,261.6700134277344,264.6499938964844,260.1000061035156,261.7699890136719,4512200,0.0,0.0
2026-09-15 00:00:00-04:00,260.0,264.80999755859375,257.79998779296875,263.0400085449219,5119300,0.0,0.0
2026-09-16 00:00:00-04:00,261.989990234375,264.0,260.9800109863281,262.510009765625,3117800,0.0,0.0
2026-09-17 00:00:00-04:00,262.6099853515625,264.6199951171875,260.8800048828125,264.0199890136719,3507500,0.0,0.0
2026-09-18 00:00:00-04:00,263.2900085449219,266.3399963378906,262.44000244140625,263.9599914550781,8162700,0.0,0.0
