Date,open,high,low,close,volume,dividends,stock splits
2016-09-19 00:00:00-04:00,128.51440341818355,129.27468853600627,128.06667795478026,128.2271728515625,1321300,0.0,0.0
2016-09-20 00:00:00-04:00,128.7677761712895,129.0043226956849,128.12575814826295,128.5481414794922,1396700,0.0,0.0
2016-09-21 00:00:00-04:00,128.9029705166599,129.16484617767745,127.7709860315626,128.9958953857422,1535100,0.0,0.0
2016-09-22 00:00:00-04:00,129.27470019441526,130.3306590033549,128.9790265718633,129.37606811523438,2502200,0.0,0.0
2016-09-23 00:00:00-04:00,129.3760003154297,129.89976437546702,128.5481326523013,128.8522491455078,2282100,0.0,0.0
2016-09-26 00:00:00-04:00,128.47216375120138,128.6411145690272,127.5682568961454,127.72032165527344,1862200,0.0,0.0
2016-09-27 00:00:00-04:00,127.91457857988304,128.21025209575268,126.71501135255957,127.09515380859375,2569000,0.0,0.0
2016-09-28 00:00:00-04:00,127.22190372886475,127.28103071059779,125.81958754339739,126.21662902832031,2626300,0.0,0.0
2016-09-29 00:00:00-04:00,126.03076657334688,126.45314999217833,124.34967592595488,124.59466552734375,4501300,0.0,0.0
2016-09-30 00:00:00-04:00,128.2271246443752,130.81212143140505,128.06662980793126,128.83535766601562,7318100,0.0,0.0
2016-10-03 00:00:00-04:00,128.59044162636016,128.6157836066985,126.9853893843616,127.56826782226562,3197100,0.0,0.0
2016-10-04 00:00:00-04:00,127.95682239152725,128.08353224970108,126.28418781304367,127.12049865722656,2840500,0.0,0.0
2016-10-05 00:00:00-04:00,127.24727990441592,127.49225670621348,126.57146360652354,126.69817352294922,2377700,0.0,0.0
2016-10-06 00:00:00-04:00,126.9092909665523,127.25564838871692,125.87023159017467,126.26727294921875,2465500,0.0,0.0
2016-10-07 00:00:00-04:00,126.5207618552517,126.87556246149394,125.69288088389789,126.70661163330078,2282100,0.0,0.0
2016-10-10 00:00:00-04:00,127.01072373962518,127.4331072400694,126.50385838304354,126.95158386230469,1587700,0.0,0.0
2016-10-11 00:00:00-04:00,126.43628306674569,127.67809166381325,126.30111724485973,127.56826782226562,2596800,0.0,0.0
2016-10-12 00:00:00-04:00,127.53447184352872,127.97375428181746,127.04450544892228,127.10364532470703,1664500,0.0,0.0
2016-10-13 00:00:00-04:00,126.65588168339748,127.84700597957128,126.47848787169755,126.90087127685547,1795300,0.0,0.0
2016-10-14 00:00:00-04:00,126.86707018290939,127.55978513713602,126.10678522886779,126.84172821044922,1745000,0.0,0.0
2016-10-17 00:00:00-04:00,126.78263440525787,126.88400232161707,125.55772481880496,125.61685180664062,1988400,0.0,0.0
2016-10-18 00:00:00-04:00,126.30111271203603,126.39403759998237,125.37187672269442,125.96321105957031,1847800,0.0,0.0
2016-10-19 00:00:00-04:00,127.30633985085528,127.83010397317466,126.13211464664482,126.25038146972656,1812000,0.0,0.0
2016-10-20 00:00:00-04:00,126.58829208485517,127.37391890956981,126.37710041497061,126.74878692626953,2251200,0.0,0.0
2016-10-21 00:00:00-04:00,126.30105509151491,126.95997203630007,125.44784542970746,125.84488677978516,2188000,0.0,0.0
2016-10-24 00:00:00-04:00,126.1659256747258,128.67488408082963,126.1152288394528,128.50592041015625,2432800,0.0,0.0
2016-10-25 00:00:00-04:00,126.63057049915506,128.37924440893696,126.63057049915506,127.55137634277344,2060600,0.0,0.0
2016-10-26 00:00:00-04:00,127.01070571569514,127.90615654714514,126.95156584676711,127.54290008544922,2246100,0.0,0.0
2016-10-27 00:00:00-04:00,127.41617109010541,127.94837827011958,126.56296130875685,127.44151306152344,1993500,0.0,0.0
2016-10-28 00:00:00-04:00,127.08672384249702,127.44152436393344,126.19127306599765,126.51227569580078,1843900,0.0,0.0
2016-10-31 00:00:00-04:00,125.77731506840028,126.16591342705992,124.26518832756358,124.9156494140625,3239400,0.0,0.0
2016-11-01 00:00:00-04:00,125.43097787026362,125.55770063142242,123.65697522511269,123.89350891113281,2112000,0.0,0.0
2016-11-02 00:00:00-04:00,124.07991242618652,124.85101930558143,123.81723079095752,123.94434356689453,2260500,0.45,0.0
2016-11-03 00:00:00-04:00,124.3087208993201,124.3087208993201,122.13946371708273,122.40214538574219,2168200,0.0,0.0
2016-11-04 00:00:00-04:00,121.17345119917836,122.86818478238365,120.41929527184364,120.52945709228516,2702100,0.0,0.0
2016-11-07 00:00:00-05:00,121.49548122027542,121.73274293929663,120.96163588758075,121.63105010986328,3010100,0.0,0.0
2016-11-08 00:00:00-05:00,121.92759724810442,124.24938672371223,121.85133734618852,123.79180145263672,3505200,0.0,0.0
2016-11-09 00:00:00-05:00,121.631007032372,124.89337390818697,121.631007032372,124.38494873046875,3170200,0.0,0.0
2016-11-10 00:00:00-05:00,124.61372251851081,127.10498223916443,124.2324101577508,124.30867004394531,3944200,0.0,0.0
2016-11-11 00:00:00-05:00,124.23240984483118,126.78297849394919,123.19015261343579,126.56266784667969,3218000,0.0,0.0
2016-11-14 00:00:00-05:00,127.8846011778208,128.91838975083297,126.68134182377865,128.7997589111328,3890800,0.0,0.0
2016-11-15 00:00:00-05:00,128.78278366536713,128.79973461921065,127.35073191563723,128.0794677734375,2799900,0.0,0.0
2016-11-16 00:00:00-05:00,128.96078218965587,129.26583481831042,128.6303095860963,128.9184112548828,2152300,0.0,0.0
2016-11-17 00:00:00-05:00,128.14730718252727,128.29135802026948,126.72373683557306,128.12188720703125,2098700,0.0,0.0
2016-11-18 00:00:00-05:00,127.81678946205729,128.12184199014436,126.69827214559783,127.4100570678711,2020500,0.0,0.0
2016-11-21 00:00:00-05:00,127.57108747305489,128.1981306946097,127.20671298801209,128.09645080566406,1181200,0.0,0.0
2016-11-22 00:00:00-05:00,128.74040619578787,129.68946561590133,128.13031411614244,129.36746215820312,1954200,0.0,0.0
2016-11-23 00:00:00-05:00,129.43529747793164,129.93524085931142,128.104925202627,128.46083068847656,2166900,0.0,0.0
2016-11-25 00:00:00-05:00,128.7065586139294,130.00302894349758,128.5540387774121,128.69808959960938,886800,0.0,0.0
2016-11-28 00:00:00-05:00,127.99477480880854,129.16413235661904,127.96087289160072,128.16424560546875,1733500,0.0,0.0
2016-11-29 00:00:00-05:00,128.47782279648428,128.98624833616793,128.23209197450961,128.35919189453125,1496800,0.0,0.0
2016-11-30 00:00:00-05:00,128.06256002077714,128.40997061305987,127.16435320159158,127.1982421875,2750500,0.0,0.0
2016-12-01 00:00:00-05:00,127.19825548456897,129.54546559521592,127.19825548456897,128.5794677734375,2305200,0.0,0.0
2016-12-02 00:00:00-05:00,128.7912934109367,129.53696745376894,128.3167571093989,128.8760223388672,1829200,0.0,0.0
2016-12-05 00:00:00-05:00,128.8760243325077,128.99465517727927,127.76597580004685,128.60487365722656,2432100,0.0,0.0
2016-12-06 00:00:00-05:00,128.67265150286005,128.86754224311204,127.4609102765485,127.96085357666016,2245400,0.0,0.0
2016-12-07 00:00:00-05:00,127.6135184779599,130.41830212660906,127.51182561134935,130.36746215820312,2811300,0.0,0.0
2016-12-08 00:00:00-05:00,132.73154884202435,136.3413271308017,132.69765985560724,133.5365447998047,5504300,0.0,0.0
2016-12-09 00:00:00-05:00,133.27382194779966,135.4346094307854,133.25687099493314,135.32444763183594,2614700,0.0,0.0
2016-12-12 00:00:00-05:00,134.39239627733662,136.66333337596998,134.35849436045956,135.85833740234375,2299200,0.0,0.0
2016-12-13 00:00:00-05:00,136.2989467026868,137.3073022726334,134.84994387327674,135.3837890625,3583300,0.0,0.0
2016-12-14 00:00:00-05:00,135.6210306486348,135.95997212604814,134.09576814069757,134.7228240966797,2119100,0.0,0.0
2016-12-15 00:00:00-05:00,135.02789618636595,136.8497295188807,134.79063453180004,135.67189025878906,1811100,0.0,0.0
2016-12-16 00:00:00-05:00,135.9939383744518,136.6379326581455,135.45162399613218,135.9261474609375,3767100,0.0,0.0
2016-12-19 00:00:00-05:00,137.28191245904273,139.41728075518697,136.97685984530784,138.51060485839844,3231900,0.0,0.0
2016-12-20 00:00:00-05:00,139.2393428242563,139.77317520817317,138.54449572197976,138.84954833984375,2204600,0.0,0.0
2016-12-21 00:00:00-05:00,138.62922992825517,138.99359148873475,138.13775557497664,138.15469360351562,1313400,0.0,0.0
2016-12-22 00:00:00-05:00,138.68001234485112,138.68848135560742,137.20558989664994,137.33270263671875,1965900,0.0,0.0
2016-12-23 00:00:00-05:00,137.41750748691288,137.84119099507868,136.87519311365247,137.34124755859375,1254100,0.0,0.0
2016-12-27 00:00:00-05:00,137.32426491192064,137.91741910053028,137.10395419323467,137.3157958984375,1301100,0.0,0.0
2016-12-28 00:00:00-05:00,137.2903732837337,137.99368928303494,136.0447430467508,136.4345245361328,1281000,0.0,0.0
2016-12-29 00:00:00-05:00,136.12944854205057,136.79887544307505,136.12944854205057,136.53619384765625,858200,0.0,0.0
2016-12-30 00:00:00-05:00,136.33283528647846,136.4175771330193,135.29904682167395,135.67189025878906,1472300,0.0,0.0
2017-01-03 00:00:00-05:00,136.12945987248327,136.41757438704843,134.31609558920792,135.34988403320312,2099000,0.0,0.0
2017-01-04 00:00:00-05:00,135.40917656070502,135.9938615458826,134.6804408143628,135.37527465820312,2163600,0.0,0.0
2017-01-05 00:00:00-05:00,136.38366549440948,138.41735329821597,136.11251487844234,138.0445098876953,2880900,0.0,0.0
2017-01-06 00:00:00-05:00,137.84114856265285,138.0784102198045,136.53620944831871,137.9767303466797,2167000,0.0,0.0
2017-01-09 00:00:00-05:00,137.55306951797678,137.68016938021827,136.18880830081645,136.40065002441406,2318300,0.0,0.0
2017-01-10 00:00:00-05:00,136.07017849915667,137.62086147939087,136.01085660979265,136.98533630371094,1477900,0.0,0.0
2017-01-11 00:00:00-05:00,136.8243275180749,137.59543446156786,135.87528077518644,136.88363647460938,1378300,0.0,0.0
2017-01-12 00:00:00-05:00,136.72263237688537,137.23952661948778,136.14641625457563,137.1632537841797,1296900,0.0,0.0
2017-01-13 00:00:00-05:00,137.26493170223333,137.3835625189923,136.72261754993661,137.15476989746094,1250100,0.0,0.0
2017-01-17 00:00:00-05:00,137.14635781733978,139.18003350021965,136.99382502973674,138.80718994140625,2430500,0.0,0.0
2017-01-18 00:00:00-05:00,138.67158419343093,139.290171322843,137.7733773729385,139.19696044921875,1834700,0.0,0.0
2017-01-19 00:00:00-05:00,139.12066062423403,139.64603677813653,138.5952974001215,138.71392822265625,1980400,0.0,0.0
2017-01-20 00:00:00-05:00,139.2986544378778,139.62065802113796,138.3157056583,139.1715545654297,1897100,0.0,0.0
2017-01-23 00:00:00-05:00,139.01046448892222,139.264677002163,137.41741147374637,138.1291961669922,1421600,0.0,0.0
2017-01-24 00:00:00-05:00,138.31570931435064,138.81566566204708,138.08692953789682,138.6885528564453,1347400,0.0,0.0
2017-01-25 00:00:00-05:00,139.1376929910647,139.60374754150266,138.88348024266242,139.08685302734375,1299200,0.0,0.0
2017-01-26 00:00:00-05:00,139.25626081222887,139.34100266658157,138.45973392856348,139.02748107910156,1180000,0.0,0.0
2017-01-27 00:00:00-05:00,139.44269706662487,139.45964802521866,136.18034221103898,137.32427978515625,2341100,0.0,0.0
2017-01-30 00:00:00-05:00,137.2988984194965,138.3665763748536,136.0871696000688,138.3326873779297,2149800,0.0,0.0
2017-01-31 00:00:00-05:00,137.6886481125205,138.9681674384788,137.5700172672647,138.92579650878906,1796600,0.0,0.0
2017-02-01 00:00:00-05:00,138.8325522858493,138.92576313685916,137.1123989779493,137.15476989746094,2219700,0.0,0.0
2017-02-02 00:00:00-05:00,141.37469262397116,143.10332836671304,140.79848932958583,142.4847412109375,5816300,0.0,0.0
2017-02-03 00:00:00-05:00,142.1203589341967,143.069405600669,141.63735365800136,142.6287841796875,3227700,0.0,0.0
2017-02-06 00:00:00-05:00,142.510141693326,142.510141693326,141.2645243973173,141.53567504882812,2172800,0.0,0.0
2017-02-07 00:00:00-05:00,141.95933571110635,142.4253899607066,141.11196904993824,141.95086669921875,2732600,0.0,0.0
2017-02-08 00:00:00-05:00,142.31627029782723,143.2254013520014,142.31627029782723,143.0979461669922,2089900,0.45,0.0
2017-02-09 00:00:00-05:00,143.12342958575087,145.6468891778072,142.88552880629817,145.2560577392578,2606900,0.0,0.0
2017-02-10 00:00:00-05:00,145.84229651554273,146.3690878951592,144.66978930265827,146.13967895507812,2070000,0.0,0.0
2017-02-13 00:00:00-05:00,146.55598010678847,146.55598010678847,145.10307441974027,146.1056671142578,2272200,0.0,0.0
2017-02-14 00:00:00-05:00,145.85078717930472,147.5330889928458,145.75732524718478,147.52459716796875,2244700,0.0,0.0
2017-02-15 00:00:00-05:00,147.14224608411214,148.68861389160156,147.04029232612146,148.68861389160156,2346500,0.0,0.0
2017-02-16 00:00:00-05:00,148.77358462948453,149.39382493425066,148.2722817331322,149.3258514404297,2206500,0.0,0.0
2017-02-17 00:00:00-05:00,149.08791839815015,149.9630558740134,148.24676117952725,149.41928100585938,2424400,0.0,0.0
2017-02-21 00:00:00-05:00,150.0055666567252,150.38790619820386,149.53825701064338,150.33692932128906,2317000,0.0,0.0
2017-02-22 00:00:00-05:00,150.44737200233405,150.46435564976986,148.74807380637404,149.9715576171875,1815200,0.0,0.0
2017-02-23 00:00:00-05:00,149.98006045161702,150.42186864228708,148.86702222210226,149.41079711914062,2599900,0.0,0.0
2017-02-24 00:00:00-05:00,148.87554755550843,150.99117892537754,148.79057744184527,150.8637237548828,1684300,0.0,0.0
2017-02-27 00:00:00-05:00,150.66829554457115,151.11011676263118,150.00557019979013,150.91468811035156,2340400,0.0,0.0
2017-02-28 00:00:00-05:00,150.34547779800639,151.12715378935343,149.0964919844892,150.5408935546875,2992100,0.0,0.0
2017-03-01 00:00:00-05:00,150.70227379394748,151.84081357006048,150.57483160035395,151.1186065673828,2352300,0.0,0.0
2017-03-02 00:00:00-05:00,150.81273779701934,151.44997471728843,149.97158039500152,151.22056579589844,3190300,0.0,0.0
2017-03-03 00:00:00-05:00,145.0351178691526,146.04620250558798,144.35539590675236,144.66127014160156,10396500,0.0,0.0
2017-03-06 00:00:00-05:00,143.939069081955,144.72074476303942,141.13522422645863,141.66200256347656,5793600,0.0,0.0
2017-03-07 00:00:00-05:00,141.50057411493322,143.2678460323079,141.50057411493322,141.89141845703125,2811900,0.0,0.0
2017-03-08 00:00:00-05:00,141.89139513185535,142.23975436314797,141.17769302234066,141.24566650390625,2375900,0.0,0.0
2017-03-09 00:00:00-05:00,141.381675412735,141.713038208053,140.29412506068493,140.84640502929688,1993700,0.0,0.0
2017-03-10 00:00:00-05:00,141.4581469979899,141.46663882555026,140.1751679821537,140.50653076171875,2164200,0.0,0.0
2017-03-13 00:00:00-04:00,140.0646812984662,140.2855854318665,139.59737162721714,139.80978393554688,2127700,0.0,0.0
2017-03-14 00:00:00-04:00,139.52093453747668,140.46404589586834,139.42747258431638,140.3960723876953,1974400,0.0,0.0
2017-03-15 00:00:00-04:00,140.676401652342,141.50054931640625,140.0476566781545,141.50054931640625,2079700,0.0,0.0
2017-03-16 00:00:00-04:00,141.70448209120943,142.46066930487237,141.2626609096911,141.9423828125,2726600,0.0,0.0
2017-03-17 00:00:00-04:00,142.79206320974654,143.0384687737084,141.95091867697562,142.57965087890625,3976000,0.0,0.0
2017-03-20 00:00:00-04:00,142.53710920536903,142.9874221307207,141.72145343910043,142.26522827148438,1603300,0.0,0.0
2017-03-21 00:00:00-04:00,142.32470795094642,143.4207624875773,141.59400924806437,141.7044677734375,2241900,0.0,0.0
2017-03-22 00:00:00-04:00,142.16333119410697,142.71559806916756,141.92541745580385,142.4691925048828,1534200,0.0,0.0
2017-03-23 00:00:00-04:00,142.7410922587196,143.09794343361196,141.40713654256976,141.8064727783203,1430500,0.0,0.0
2017-03-24 00:00:00-04:00,142.20579560274388,142.2822738909242,140.75290259660488,141.05877685546875,1410400,0.0,0.0
2017-03-27 00:00:00-04:00,140.64239597036314,141.3136259311814,140.46397694303707,141.16917419433594,1212300,0.0,0.0
2017-03-28 00:00:00-04:00,141.13524276660866,141.93391516611263,140.31957375136952,141.69601440429688,1446400,0.0,0.0
2017-03-29 00:00:00-04:00,141.2796834012527,142.29925995991715,141.16922484448577,142.25677490234375,1216700,0.0,0.0
2017-03-30 00:00:00-04:00,142.14630836909635,142.8939908208375,141.68749055828815,142.64759826660156,1034000,0.0,0.0
2017-03-31 00:00:00-04:00,142.39270628577273,142.88550437742057,142.00187491404307,142.47767639160156,1720300,0.0,0.0
2017-04-03 00:00:00-04:00,142.5201628222799,142.99596430443802,141.38162303040946,141.6365203857422,1547900,0.0,0.0
2017-04-04 00:00:00-04:00,141.55159963579132,142.1633482600196,141.13526674955722,142.10386657714844,1322400,0.0,0.0
2017-04-05 00:00:00-04:00,142.13781102417138,143.08092216842857,141.65351771475179,141.89141845703125,1715200,0.0,0.0
2017-04-06 00:00:00-04:00,144.16849157786632,146.23314618401454,143.85412547556444,144.45738220214844,3313800,0.0,0.0
2017-04-07 00:00:00-04:00,144.18547208939802,145.290018684013,143.9560631666459,144.96714782714844,1510000,0.0,0.0
2017-04-10 00:00:00-04:00,144.61031328236567,145.77434167967704,144.31294379582414,145.47695922851562,2002300,0.0,0.0
2017-04-11 00:00:00-04:00,145.1115504451929,145.66383008705267,144.12596743493864,144.97561645507812,1191400,0.0,0.0
2017-04-12 00:00:00-04:00,145.6553309718367,145.67232758299366,144.17694991657427,144.58477783203125,1422300,0.0,0.0
2017-04-13 00:00:00-04:00,144.48283885429225,144.96713212250606,143.42077742926014,143.4547576904297,1422500,0.0,0.0
2017-04-17 00:00:00-04:00,143.39527267617703,144.22792510856715,143.34429580791456,144.18544006347656,1504100,0.0,0.0
2017-04-18 00:00:00-04:00,144.4828382808918,144.71224717788107,143.9900402258786,144.55081176757812,1542700,0.0,0.0
2017-04-19 00:00:00-04:00,145.18805153688172,145.2305236228741,144.28742550827397,144.4913330078125,1441300,0.0,0.0
2017-04-20 00:00:00-04:00,144.7207536602834,145.4429477208176,144.397882806975,144.56781005859375,1933600,0.0,0.0
2017-04-21 00:00:00-04:00,145.7318567486381,146.03773102610046,144.98416118937018,145.09461975097656,2257900,0.0,0.0
2017-04-24 00:00:00-04:00,146.1396886208288,146.6579752444061,145.57042511044395,146.42007446289062,1906900,0.0,0.0
2017-04-25 00:00:00-04:00,146.91288170056762,147.02332730725314,146.38609025363104,146.7174530029297,1503000,0.0,0.0
2017-04-26 00:00:00-04:00,151.28004860231457,151.46697247083517,149.04546696975743,150.21798706054688,4591300,0.0,0.0
2017-04-27 00:00:00-04:00,150.6598180802961,151.0591413184956,149.8951259417707,150.770263671875,2148700,0.0,0.0
2017-04-28 00:00:00-04:00,151.2971439606648,151.2971439606648,150.32853075637672,150.829833984375,2364500,0.0,0.0
2017-05-01 00:00:00-04:00,151.66238153441168,151.66238153441168,150.6682935305285,151.1186065673828,3328000,0.0,0.0
2017-05-02 00:00:00-04:00,151.84928909874515,152.03621293903413,151.18656383394475,151.73883056640625,2505300,0.0,0.0
2017-05-03 00:00:00-04:00,151.86635829541407,153.3277564918119,151.8323650547782,152.7839813232422,2900500,0.0,0.0
2017-05-04 00:00:00-04:00,152.97932570399686,155.6387186172309,152.93684065533594,155.0184783935547,3762200,0.0,0.0
2017-05-05 00:00:00-04:00,155.2903856409118,155.4178278331991,152.732933288993,153.10678100585938,3713600,0.0,0.0
2017-05-08 00:00:00-04:00,154.39741569875392,154.43276929943374,151.69241337890188,152.61175537109375,3538000,7.0,0.0
2017-05-09 00:00:00-04:00,153.46919552704708,153.74322971727503,152.3200081424807,152.64707946777344,2662100,0.0,0.0
2017-05-10 00:00:00-04:00,152.5141519468198,152.56734311599226,151.29957515816798,151.9113006591797,2554500,0.5,0.0
2017-05-11 00:00:00-04:00,151.40593910414364,152.08859059038014,150.80308788973622,151.83148193359375,2106000,0.0,0.0
2017-05-12 00:00:00-04:00,151.85807583910628,152.35455825037553,150.99812950516514,151.49459838867188,1586800,0.0,0.0
2017-05-15 00:00:00-04:00,150.98039404629455,152.46980069126832,150.98039404629455,152.1063232421875,1733600,0.0,0.0
2017-05-16 00:00:00-04:00,152.45211254315703,152.45211254315703,151.27299192839723,151.60101318359375,1129200,0.0,0.0
2017-05-17 00:00:00-04:00,151.299584097681,152.04428756562453,149.8810897063709,149.96087646484375,2201400,0.0,0.0
2017-05-18 00:00:00-04:00,150.78532731606794,151.61869146399482,150.4395712895621,151.35272216796875,1589700,0.0,0.0
2017-05-19 00:00:00-04:00,151.91130083554035,152.86876893728453,151.43255325690396,152.16839599609375,1871800,0.0,0.0
2017-05-22 00:00:00-04:00,152.7003549760196,153.58691065475873,152.1595554708781,152.84219360351562,1594100,0.0,0.0
2017-05-23 00:00:00-04:00,153.34748300603687,153.85281253110014,152.7712274282388,152.90420532226562,1788000,0.0,0.0
2017-05-24 00:00:00-04:00,153.32975866782857,153.48934567940984,152.31022533606335,153.38294982910156,1420800,0.0,0.0
2017-05-25 00:00:00-04:00,153.7907970158887,155.19155645080284,153.6400841911388,154.90785217285156,2726900,0.0,0.0
2017-05-26 00:00:00-04:00,159.8015905953493,159.88137732457358,157.3812984478916,157.68272399902344,4471300,0.0,0.0
2017-05-30 00:00:00-04:00,157.52316394398946,159.03917969723943,157.36359045825915,158.62249755859375,2086300,0.0,0.0
2017-05-31 00:00:00-04:00,158.90619209567342,159.9966514315756,158.4983706663114,159.961181640625,2456200,0.0,0.0
2017-06-01 00:00:00-04:00,160.29812332678188,160.55523203828795,159.45589817316423,160.1385498046875,2028300,0.0,0.0
2017-06-02 00:00:00-04:00,160.09412441707966,160.68811472127013,159.46466433271684,160.43988037109375,2239900,0.0,0.0
2017-06-05 00:00:00-04:00,160.55520589012136,161.53928303273221,160.11192814169777,161.4240264892578,1561100,0.0,0.0
2017-06-06 00:00:00-04:00,161.0871326507987,161.99142305422177,160.47540718753496,160.86549377441406,2248900,0.0,0.0
2017-06-07 00:00:00-04:00,160.85663345087283,161.56588056245036,160.59066409306084,161.53041076660156,1246200,0.0,0.0
2017-06-08 00:00:00-04:00,161.28214016859104,161.7963438710742,160.32465881166658,160.8300018310547,1823600,0.0,0.0
2017-06-09 00:00:00-04:00,161.0960058139918,161.29103557839716,159.5090638938701,159.91688537597656,2167600,0.0,0.0
2017-06-12 00:00:00-04:00,159.20759681217484,160.35124715683995,158.5072105741993,159.2607879638672,2395200,0.0,0.0
2017-06-13 00:00:00-04:00,159.49130517698737,160.28033891282743,158.72000633626766,160.0321044921875,1745400,0.0,0.0
2017-06-14 00:00:00-04:00,160.31581307519255,161.31762499651452,159.7838744291649,161.06051635742188,1440400,0.0,0.0
2017-06-15 00:00:00-04:00,159.92571307126175,160.75907723357267,158.13486754338683,159.63314819335938,1753800,0.0,0.0
2017-06-16 00:00:00-04:00,151.069059770522,151.24638170210136,146.2816652286887,148.1522979736328,24233000,0.0,0.0
2017-06-19 00:00:00-04:00,148.0990736315325,148.39163851978793,143.96772246200203,145.69650268554688,13809100,0.0,0.0
2017-06-20 00:00:00-04:00,146.7249411613953,146.7249411613953,144.00320917341313,144.41989135742188,7337600,0.0,0.0
2017-06-21 00:00:00-04:00,144.94297971202502,145.19121419745795,144.28692369894387,144.64154052734375,3421700,0.0,0.0
2017-06-22 00:00:00-04:00,144.65923537320333,144.77449189801476,140.97116185684902,141.6626739501953,8043100,0.0,0.0
2017-06-23 00:00:00-04:00,141.31689873965968,141.67152894954177,138.7990851244137,139.30442810058594,9506700,0.0,0.0
2017-06-26 00:00:00-04:00,140.20875772019212,142.72658581534864,140.1644407639872,142.0261993408203,6473900,0.0,0.0
2017-06-27 00:00:00-04:00,142.43401114509408,143.2230450060102,141.13963415135126,141.1928253173828,5533800,0.0,0.0
2017-06-28 00:00:00-04:00,141.48536901320708,142.2921376509124,141.40558227614036,141.99957275390625,3234400,0.0,0.0
2017-06-29 00:00:00-04:00,142.03509254883005,142.26559215742554,139.89849009676175,140.67864990234375,3664200,0.0,0.0
2017-06-30 00:00:00-04:00,141.49423758285005,142.3275882385875,140.7761163945991,141.7867889404297,4755100,0.0,0.0
2017-07-03 00:00:00-04:00,142.0350612256923,142.31875194849596,140.68749309102583,140.80274963378906,1994300,0.0,0.0
2017-07-05 00:00:00-04:00,140.90019970793222,141.40554262316942,139.95159275737066,140.09344482421875,3770400,0.0,0.0
2017-07-06 00:00:00-04:00,142.8330009597585,143.0457792150225,139.23358669008977,139.26904296875,6963400,0.0,0.0
2017-07-07 00:00:00-04:00,139.5083651278484,139.6768128265525,136.60932503988025,136.62705993652344,7688400,0.0,0.0
2017-07-10 00:00:00-04:00,136.09513787041874,136.1749381511719,133.83443203581257,133.86988830566406,8999800,0.0,0.0
2017-07-11 00:00:00-04:00,134.26881756820904,135.72276793663283,133.8078049554613,133.96739196777344,6275600,0.0,0.0
2017-07-12 00:00:00-04:00,134.27769490981956,135.5543233992584,134.24222511614028,134.5347900390625,5112200,0.0,0.0
2017-07-13 00:00:00-04:00,135.8469224763158,136.46750874410242,135.3061229727233,136.17495727539062,5673500,0.0,0.0
2017-07-14 00:00:00-04:00,136.75999900753445,136.76887321721736,135.55428340566021,135.6429443359375,4368400,0.0,0.0
2017-07-17 00:00:00-04:00,135.64295071682565,136.0330371839822,135.21740799254547,135.5010986328125,3096500,0.0,0.0
2017-07-18 00:00:00-04:00,135.29721788790616,135.50112183874614,133.81667201782855,134.31314086914062,3256900,0.0,0.0
2017-07-19 00:00:00-04:00,134.58798645401907,134.89828628589018,133.78121771336473,134.08265686035156,4100000,0.0,0.0
2017-07-20 00:00:00-04:00,134.28658111870527,134.92490224863408,133.76351654849742,133.8610382080078,3207400,0.0,0.0
2017-07-21 00:00:00-04:00,133.81666022192198,134.0737553087737,132.9832960687826,133.37338256835938,4078000,0.0,0.0
2017-07-24 00:00:00-04:00,133.38228004668,134.28657049718097,133.08085440576772,133.86988830566406,3655600,0.0,0.0
2017-07-25 00:00:00-04:00,134.2333683979475,136.26357449378963,134.22449418538415,135.793701171875,4605700,0.0,0.0
2017-07-26 00:00:00-04:00,136.00645642839459,136.08624316143576,134.35746297340614,134.83619689941406,3017200,0.0,0.0
2017-07-27 00:00:00-04:00,134.76524019453643,135.63407396033105,134.25991080579578,135.21739196777344,3637900,0.0,0.0
2017-07-28 00:00:00-04:00,135.35039742359575,135.90893159723944,134.8539286149171,135.54544067382812,2779500,0.0,0.0
2017-07-31 00:00:00-04:00,135.71391842302697,140.66089976769578,135.6695879421935,140.5279083251953,6937100,0.0,0.0
2017-08-01 00:00:00-04:00,141.0509564868718,141.82225528454978,139.99595349414497,141.60061645507812,4787500,0.0,0.0
2017-08-02 00:00:00-04:00,141.0775389738465,143.22300102072722,140.46581369682394,142.98362731933594,5486300,0.0,0.0
2017-08-03 00:00:00-04:00,143.27622407642235,143.93227996687426,139.24239415048953,139.9959716796875,5562600,0.0,0.0
2017-08-04 00:00:00-04:00,140.37716822802463,140.46582917245894,138.15191921143608,138.69271850585938,3117900,0.0,0.0
2017-08-07 00:00:00-04:00,138.7459349350444,139.70341649275204,137.7175273144218,139.14488220214844,2629500,0.0,0.0
2017-08-08 00:00:00-04:00,139.27783993792775,141.35237604704363,139.21577457498566,139.85409545898438,2569200,0.0,0.0
2017-08-09 00:00:00-04:00,139.3133284478551,139.6945543410501,138.479964127058,139.06509399414062,2157600,0.0,0.0
2017-08-10 00:00:00-04:00,138.45337397560067,139.69455982062223,137.7441268538403,138.87005615234375,2764600,0.0,0.0
2017-08-11 00:00:00-04:00,138.7547890277364,139.89845313723066,138.66614159912675,138.87890625,1887000,0.0,0.0
2017-08-14 00:00:00-04:00,139.7122674477854,140.25306680305675,138.78138153752977,139.9959716796875,2028400,0.0,0.0
2017-08-15 00:00:00-04:00,140.0757317565659,140.4126270858762,139.0029939345703,139.08279418945312,1869100,0.0,0.0
2017-08-16 00:00:00-04:00,139.88323000694908,142.19564897071004,139.732035365851,142.0889129638672,3381800,0.5,0.0
2017-08-17 00:00:00-04:00,140.95052319942428,142.2579275832439,140.2034388575315,141.03057861328125,2650000,0.0,0.0
2017-08-18 00:00:00-04:00,140.50587491372536,141.137347994017,139.56312337299556,139.70542907714844,2747900,0.0,0.0
2017-08-21 00:00:00-04:00,139.80316406781506,140.6747621424698,138.70921857618654,139.69644165039062,1857400,0.0,0.0
2017-08-22 00:00:00-04:00,140.1055643168844,141.81319098502362,140.1055643168844,141.14614868164062,2204600,0.0,0.0
2017-08-23 00:00:00-04:00,141.07506855899697,141.8043750338684,140.32798405133653,141.7421112060547,1731400,0.0,0.0
2017-08-24 00:00:00-04:00,142.30234584847102,142.8893462821382,134.37788070699207,134.59133911132812,10301700,0.0,0.0
2017-08-25 00:00:00-04:00,135.51640207575412,136.02336108481322,133.46191255697687,135.58755493164062,5703500,0.0,0.0
2017-08-28 00:00:00-04:00,135.098325777233,136.32568823097625,134.47575553657097,135.6764373779297,3776400,0.0,0.0
2017-08-29 00:00:00-04:00,135.52524863439115,136.95716703593746,134.70701148650951,136.57472229003906,2446200,0.0,0.0
2017-08-30 00:00:00-04:00,136.7081708420458,137.62424164379482,135.96997536248762,137.357421875,2493500,0.0,0.0
2017-08-31 00:00:00-04:00,138.94049804867205,139.86545761859566,136.92157907719698,139.40298461914062,4567700,0.0,0.0
2017-09-01 00:00:00-04:00,140.15899456628355,141.01281510641485,139.8121329405152,140.7371063232422,2833500,0.0,0.0
2017-09-05 00:00:00-04:00,140.48804769637343,142.05336918100474,140.05224171910595,141.5375213623047,3413000,0.0,0.0
2017-09-06 00:00:00-04:00,141.58195238598458,142.24899467922515,140.60361826082766,141.2884521484375,2873700,0.0,0.0
2017-09-07 00:00:00-04:00,141.3863700494882,141.9466902533652,140.14122911978185,141.66207885742188,2479300,0.0,0.0
2017-09-08 00:00:00-04:00,140.8526785202518,140.96830355358782,137.88211941850014,139.90992736816406,3364600,0.0,0.0
2017-09-11 00:00:00-04:00,140.4258129588022,140.52364642003656,139.68761749149135,139.95443725585938,2442500,0.0,0.0
2017-09-12 00:00:00-04:00,140.23011700179885,142.8804953514573,140.03445011984277,142.3379669189453,2988400,0.0,0.0
2017-09-13 00:00:00-04:00,142.4269331708811,145.8155073542661,142.31130811263958,144.96170043945312,4202000,0.0,0.0
2017-09-14 00:00:00-04:00,144.6859718151798,144.6859718151798,143.76101210249237,144.41026306152344,2493300,0.0,0.0
2017-09-15 00:00:00-04:00,144.29466122389098,144.67709247006857,143.81438294843943,144.3480224609375,3757800,0.0,0.0
2017-09-18 00:00:00-04:00,144.24128633612028,145.37971820022148,142.97835396632377,143.1117706298828,2047100,0.0,0.0
2017-09-19 00:00:00-04:00,143.15620878054045,143.7787790159309,142.25791626782188,143.68983459472656,1790800,0.0,0.0
2017-09-20 00:00:00-04:00,143.64536536095005,145.00613089329366,143.4230178743447,144.837158203125,2432300,0.0,0.0
2017-09-21 00:00:00-04:00,144.90829555249303,144.90829555249303,142.65814010329134,143.61868286132812,1738800,0.0,0.0
2017-09-22 00:00:00-04:00,143.10289114000622,144.08122587994418,142.63151537558667,143.4497528076172,1535900,0.0,0.0
2017-09-25 00:00:00-04:00,143.04059457248098,144.70374952096577,142.76488584530057,144.3746795654297,1799600,0.0,0.0
2017-09-26 00:00:00-04:00,144.71268525619854,146.50924368711628,144.60594920402252,145.92225646972656,2370400,0.0,0.0
2017-09-27 00:00:00-04:00,146.29579959499273,147.0339950931046,145.30857592535122,146.23353576660156,2053100,0.0,0.0
2017-09-28 00:00:00-04:00,146.27797015195304,146.70487353971313,145.4508304189655,145.77101135253906,1730200,0.0,0.0
2017-09-29 00:00:00-04:00,145.77102781799718,146.8116261479118,145.64651375037718,146.11788940429688,1852300,0.0,0.0
2017-10-02 00:00:00-04:00,146.67818424503514,148.012269127465,146.11786425169035,147.5408935546875,2267100,0.0,0.0
2017-10-03 00:00:00-04:00,147.92332866337154,148.78602434593827,146.7760081392866,146.8204803466797,2839400,0.0,0.0
2017-10-04 00:00:00-04:00,146.95391999834862,147.57649034387293,146.4736553235201,146.93614196777344,1918600,0.0,0.0
2017-10-05 00:00:00-04:00,147.5142100522979,148.63483644601646,146.97168166789965,148.5903778076172,4715400,0.0,0.0
2017-10-06 00:00:00-04:00,141.41307919825547,141.82220476970096,139.2251727563917,139.71434020996094,18001200,0.0,0.0
2017-10-09 00:00:00-04:00,139.64310580919724,140.30125923252467,137.06388048150535,137.50857543945312,7028800,0.0,0.0
2017-10-10 00:00:00-04:00,138.45133521244296,139.95440643539658,137.92659838638636,139.5186004638672,5420200,0.0,0.0
2017-10-11 00:00:00-04:00,139.9010138711832,141.37740414997145,139.68755544030665,140.407958984375,3859300,0.0,0.0
2017-10-12 00:00:00-04:00,140.40797776153687,140.51471377675475,139.06500391157581,139.8298797607422,3596300,0.0,0.0
2017-10-13 00:00:00-04:00,140.0077664207112,142.3735469805811,139.7142661042449,142.1689910888672,3634500,0.0,0.0
2017-10-16 00:00:00-04:00,141.75103860443,142.12458092364204,140.80828700293955,141.24407958984375,2453700,0.0,0.0
2017-10-17 00:00:00-04:00,141.41305091760833,141.6531900869762,140.141229363696,140.86163330078125,2426800,0.0,0.0
2017-10-18 00:00:00-04:00,141.2706895771953,141.2706895771953,139.9099241051051,140.12338256835938,3011300,0.0,0.0
2017-10-19 00:00:00-04:00,139.75875312633178,141.19956067710353,139.63423906109244,140.93275451660156,2981700,0.0,0.0
2017-10-20 00:00:00-04:00,141.38636900708934,143.2007191442874,140.97724352119172,142.98727416992188,3993200,0.0,0.0
2017-10-23 00:00:00-04:00,143.05838232879773,144.4280369135143,142.81824323663463,144.1167449951172,2811200,0.0,0.0
2017-10-24 00:00:00-04:00,143.33410975754768,144.8727508090276,143.1918040865049,144.339111328125,3040700,0.0,0.0
2017-10-25 00:00:00-04:00,143.19184366975682,144.97062433646187,142.8183013582711,144.24131774902344,3603900,0.0,0.0
2017-10-26 00:00:00-04:00,144.4903564453125,145.45978863094135,143.00506267780213,144.4903564453125,3038900,0.0,0.0
2017-10-27 00:00:00-04:00,143.01396637577187,144.68601095148216,142.9250219152363,144.41920471191406,3399900,0.0,0.0
2017-10-30 00:00:00-04:00,144.07230854280897,144.08119755832703,141.83104166979493,142.50697326660156,2550700,0.0,0.0
2017-10-31 00:00:00-04:00,142.16013641752127,143.4319715508687,142.05341392865967,143.2629852294922,2513600,0.0,0.0
2017-11-01 00:00:00-04:00,144.0544776883087,145.22846525455614,143.44968552247454,144.69483947753906,2129400,0.0,0.0
2017-11-02 00:00:00-04:00,145.61983800638615,147.23853451062476,144.6237254320953,146.70489501953125,3255700,0.0,0.0
2017-11-03 00:00:00-04:00,146.00228199085404,148.59041043744094,145.66430941031922,148.03009033203125,3112500,0.0,0.0
2017-11-06 00:00:00-05:00,147.46089640311112,148.16350868285406,146.7315899322984,146.79385375976562,1917300,0.0,0.0
2017-11-07 00:00:00-05:00,146.92721359555992,148.0834232177692,146.3935877806264,147.88775634765625,1944200,0.0,0.0
2017-11-08 00:00:00-05:00,148.1990723037726,150.47590872078123,147.65654381604668,150.3513946533203,3494300,0.0,0.0
2017-11-09 00:00:00-05:00,148.95504448803374,150.58262993770967,148.57261327365322,150.40475463867188,2094000,0.0,0.0
2017-11-10 00:00:00-05:00,149.80889639623717,152.42370591158686,149.48871536229603,152.40591430664062,2673100,0.0,0.0
2017-11-13 00:00:00-05:00,152.08567143163407,153.9444930476443,151.7743795412344,152.4947967529297,4093300,0.0,0.0
2017-11-14 00:00:00-05:00,151.92558761547446,152.8238665193514,150.99172551620893,152.4770050048828,1774300,0.0,0.0
2017-11-15 00:00:00-05:00,150.57373500678457,151.84555623740144,148.58149645119332,150.30691528320312,2439900,0.0,0.0
2017-11-16 00:00:00-05:00,151.85014306785143,152.84029612969528,150.89567880012615,152.5191650390625,2342700,0.5,0.0
2017-11-17 00:00:00-05:00,152.5370094361218,153.6074418678021,152.2247937383752,152.5191650390625,2100600,0.0,0.0
2017-11-20 00:00:00-05:00,152.6350995609556,153.9017792472406,152.4031768954501,153.67877197265625,1955000,0.0,0.0
2017-11-21 00:00:00-05:00,154.28532252701152,155.38251424858768,153.91958741605924,154.69564819335938,2360200,0.0,0.0
2017-11-22 00:00:00-05:00,155.0703532526774,155.21308119174614,152.6262019497312,153.85719299316406,1950100,0.0,0.0
2017-11-24 00:00:00-05:00,153.76796234334924,154.46374386977578,152.9829724730086,153.0900115966797,789400,0.0,0.0
2017-11-27 00:00:00-05:00,153.65204396256811,154.3745855038315,152.64404651739062,153.97317504882812,2346700,0.0,0.0
2017-11-28 00:00:00-05:00,154.60653645180543,155.3736686407376,153.91967002792177,154.90089416503906,2728400,0.0,0.0
2017-11-29 00:00:00-05:00,155.2131214413277,158.5493164229467,154.8117109184786,158.3619842529297,4683000,0.0,0.0
2017-11-30 00:00:00-05:00,160.9488204898392,164.93619206476959,160.76150198194287,164.51693725585938,7716600,0.0,0.0
2017-12-01 00:00:00-05:00,163.4732839001029,165.1859785152278,161.57327075512123,165.14138793945312,4034400,0.0,0.0
2017-12-04 00:00:00-05:00,167.0057483059208,169.3785498185294,166.41700562481546,169.0930938720703,5774200,0.0,0.0
2017-12-05 00:00:00-05:00,169.19123149480572,170.57387992460124,166.67571541444678,167.54098510742188,3182800,0.0,0.0
2017-12-06 00:00:00-05:00,167.3625283115793,167.68365939520672,165.48034599584668,167.00572204589844,3569200,0.0,0.0
2017-12-07 00:00:00-05:00,166.37233677012637,167.52306189153114,165.52491187677703,166.09580993652344,2240800,0.0,0.0
2017-12-08 00:00:00-05:00,166.62213657795067,168.1742723633203,165.87283527933886,167.76394653320312,1772500,0.0,0.0
2017-12-11 00:00:00-05:00,167.88881441941797,168.50430310717041,166.84512832287712,168.4686279296875,1964100,0.0,0.0
2017-12-12 00:00:00-05:00,166.773800241986,168.70057314295013,166.63107229042225,167.9691162109375,3365700,0.0,0.0
2017-12-13 00:00:00-05:00,168.17428601573448,169.59260936280785,167.52310842559862,167.95127868652344,3062900,0.0,0.0
2017-12-14 00:00:00-05:00,168.21887567656125,169.2536328614485,166.06908194191257,166.3902130126953,3743200,0.0,0.0
2017-12-15 00:00:00-05:00,172.5274092123405,174.25794842305353,171.26964449387935,171.9208221435547,8452900,0.0,0.0
2017-12-18 00:00:00-05:00,171.8315984710239,173.36588986714017,171.18040731958058,171.546142578125,3492300,0.0,0.0
2017-12-19 00:00:00-05:00,172.08134470489756,172.1616240608083,166.80944921953966,167.995849609375,3959900,0.0,0.0
2017-12-20 00:00:00-05:00,168.6291926141363,168.82544012545065,165.38220689686906,167.26438903808594,3894400,0.0,0.0
2017-12-21 00:00:00-05:00,167.7015207735585,168.05832707537007,166.43484070745322,166.63108825683594,1908100,0.0,0.0
2017-12-22 00:00:00-05:00,167.05031404376265,167.23763255562787,165.89067334797863,166.4794158935547,1078300,0.0,0.0
2017-12-26 00:00:00-05:00,166.08690425024426,167.11273229508717,166.02445567834528,166.4080352783203,1120000,0.0,0.0
2017-12-27 00:00:00-05:00,166.67564681530823,166.86296530852488,165.7390135153723,166.18502807617188,1175200,0.0,0.0
2017-12-28 00:00:00-05:00,166.42591418446358,166.82732464998006,166.08693869250936,166.4705047607422,1017000,0.0,0.0
2017-12-29 00:00:00-05:00,166.32776009224486,167.3446727714218,165.85497212379028,166.0244598388672,2028000,0.0,0.0
2018-01-02 00:00:00-05:00,167.01458600356722,170.09208333397757,166.5775005044092,167.98690795898438,2509300,0.0,0.0
2018-01-03 00:00:00-05:00,168.43302363826723,171.3588794294821,168.04052846434735,170.00299072265625,3364400,0.0,0.0
2018-01-04 00:00:00-05:00,171.26958769316974,171.53719914619708,167.30897629995977,168.68270874023438,3525800,0.0,0.0
2018-01-05 00:00:00-05:00,168.97705686447546,169.20006412757778,166.55966575476484,167.47845458984375,2819000,0.0,0.0
2018-01-08 00:00:00-05:00,167.0949407691528,168.57569911361625,167.0324921825825,168.1296844482422,1961800,0.0,0.0
2018-01-09 00:00:00-05:00,168.60245298550535,168.8611491046612,166.05124864467948,166.17613220214844,2241900,0.0,0.0
2018-01-10 00:00:00-05:00,165.6944720629279,166.13157139804366,164.0263813296701,165.4001007080078,2609500,0.0,0.0
2018-01-11 00:00:00-05:00,165.40892404852326,170.08316071393745,165.05211790789454,168.9324493408203,4678600,0.0,0.0
2018-01-12 00:00:00-05:00,169.57473962867186,171.43014820362484,169.48553127296196,171.12686157226562,3499500,0.0,0.0
2018-01-16 00:00:00-05:00,171.58181223237662,172.0188978041077,170.27944368604054,170.850341796875,2006600,0.0,0.0
2018-01-17 00:00:00-05:00,171.74238170412778,171.76914149136783,170.68086477265408,171.52828979492188,2585200,0.0,0.0
2018-01-18 00:00:00-05:00,171.47472042591963,172.18834630475743,170.57377609079683,170.83245849609375,1908000,0.0,0.0
2018-01-19 00:00:00-05:00,171.01092483409053,171.84050546110313,170.52030604921376,171.52828979492188,2353800,0.0,0.0
2018-01-22 00:00:00-05:00,171.71571058635573,173.73169273005752,171.32321535578012,173.39273071289062,3009100,0.0,0.0
2018-01-23 00:00:00-05:00,172.70575785160247,173.14285701890563,171.33203900066763,172.53627014160156,2316400,0.0,0.0
2018-01-24 00:00:00-05:00,173.4372353494124,173.72269123427998,171.20716229120598,173.26776123046875,2799200,0.0,0.0
2018-01-25 00:00:00-05:00,173.94568048303339,177.02317826163016,173.71375780911836,176.57716369628906,3558700,0.0,0.0
2018-01-26 00:00:00-05:00,176.39882107810158,177.7190208330372,174.5612426166113,177.43357849121094,2756200,0.0,0.0
2018-01-29 00:00:00-05:00,176.95180186808537,178.29877447202128,176.22926050079218,176.90721130371094,2031100,0.0,0.0
2018-01-30 00:00:00-05:00,176.2560480261367,177.3264803539905,174.9090888214766,176.54150390625,2285000,0.0,0.0
2018-01-31 00:00:00-05:00,176.12227968778961,177.0410688431901,173.14290488073786,173.8297576904297,2682300,0.0,0.0
2018-02-01 00:00:00-05:00,172.5273520136766,174.3024812167637,171.66208269518617,172.58087158203125,2096600,0.0,0.0
2018-02-02 00:00:00-05:00,170.60055974324266,172.69683350355535,170.19914938375055,170.36863708496094,2386600,0.0,0.0
2018-02-05 00:00:00-05:00,170.0742724239934,171.35879651298362,162.82207144481845,163.03616333007812,3407200,0.0,0.0
2018-02-06 00:00:00-05:00,159.59290280867998,165.23944769898245,157.17549836373965,165.03427124023438,4067900,0.0,0.0
2018-02-07 00:00:00-05:00,164.6686535519731,166.08697721099944,163.30384948592288,163.410888671875,2594800,0.0,0.0
2018-02-08 00:00:00-05:00,164.58836241890876,164.58836241890876,159.25402968154984,159.3253936767578,3013200,0.0,0.0
2018-02-09 00:00:00-05:00,160.3690098980669,162.41176440635942,156.80980845868936,161.20751953125,2777200,0.0,0.0
2018-02-12 00:00:00-05:00,162.20664620116258,163.47332649832015,160.9042907118316,161.5108642578125,1596200,0.0,0.0
2018-02-13 00:00:00-05:00,160.76149803457622,164.66859015304416,160.60985470909807,164.2671661376953,2123900,0.0,0.0
2018-02-14 00:00:00-05:00,162.98264382098714,168.12964195852766,162.62582401209093,167.1216583251953,2191000,0.0,0.0
2018-02-15 00:00:00-05:00,168.23071690546294,171.46851238960835,166.87121429268663,171.26278686523438,2072900,0.5,0.0
2018-02-16 00:00:00-05:00,171.23593376630316,174.07123073757222,170.86921994521134,171.33432006835938,1969300,0.0,0.0
2018-02-20 00:00:00-05:00,169.8227658816962,171.26277622431178,167.81928272515654,168.25753784179688,2202100,0.0,0.0
2018-02-21 00:00:00-05:00,168.6242779630536,169.1698723678887,166.08413933792616,166.13780212402344,1747200,0.0,0.0
2018-02-22 00:00:00-05:00,166.67449370616097,168.4454342729384,166.05734423575248,166.88914489746094,1360100,0.0,0.0
2018-02-23 00:00:00-05:00,167.99817919035038,169.8049035497283,166.28090190084822,169.7691192626953,1561700,0.0,0.0
2018-02-26 00:00:00-05:00,170.02851717276192,172.71176564799094,169.87645441584968,172.45237731933594,1852400,0.0,0.0
2018-02-27 00:00:00-05:00,173.0248357006762,174.87628404816815,170.02854919433594,170.02854919433594,2170400,0.0,0.0
2018-02-28 00:00:00-05:00,171.37013602284594,173.30206449201722,170.7350945653482,170.74403381347656,2179800,0.0,0.0
2018-03-01 00:00:00-05:00,171.11078608704503,172.61341261982074,167.5420736611592,169.07151794433594,2447700,0.0,0.0
2018-03-02 00:00:00-05:00,167.68510765774414,170.28786149007507,167.45256441119656,169.33978271484375,2275900,0.0,0.0
2018-03-05 00:00:00-05:00,168.55270723958495,171.70999490442017,167.70301469467321,171.26278686523438,2155800,0.0,0.0
2018-03-06 00:00:00-05:00,171.8531458687266,171.95153220679492,170.00171124034406,171.2449493408203,2458700,0.0,0.0
2018-03-07 00:00:00-05:00,169.23252607267017,169.71550490376725,165.27025448719826,167.57785034179688,5157100,0.0,0.0
2018-03-08 00:00:00-05:00,166.53139093721038,166.67450083600588,163.74975540003697,166.0841827392578,6061500,0.0,0.0
2018-03-09 00:00:00-05:00,166.80861903914618,168.72266913529563,164.7693512226022,168.66900634765625,3288100,0.0,0.0
2018-03-12 00:00:00-04:00,168.39176061025898,170.02854407686655,167.7477797824885,169.3756103515625,2394100,0.0,0.0
2018-03-13 00:00:00-04:00,169.98381699770567,170.04641904059042,167.0769640833593,167.6672821044922,1964300,0.0,0.0
2018-03-14 00:00:00-04:00,168.847899887959,169.05361180569017,164.12538314328236,165.13607788085938,2866000,0.0,0.0
2018-03-15 00:00:00-04:00,165.30602097827463,166.87124944515,164.71570296674574,165.92315673828125,1811300,0.0,0.0
2018-03-16 00:00:00-04:00,166.52238399661442,166.58499967490823,164.99294009869075,166.2451171875,3569400,0.0,0.0
2018-03-19 00:00:00-04:00,166.03047178256242,166.34350924170707,163.50821172678155,164.70672607421875,2493200,0.0,0.0
2018-03-20 00:00:00-04:00,165.55642667657682,167.77457479805733,165.1092186235852,167.56886291503906,1852500,0.0,0.0
2018-03-21 00:00:00-04:00,167.1037931994109,168.05187226105593,166.4150888508217,166.42404174804688,2048300,0.0,0.0
2018-03-22 00:00:00-04:00,165.37756175657583,165.95894051680852,163.23096818203274,163.35618591308594,2489800,0.0,0.0
2018-03-23 00:00:00-04:00,163.92859344407876,164.9750587182209,161.73727657184733,161.7462158203125,2351800,0.0,0.0
2018-03-26 00:00:00-04:00,163.70502988135675,167.75673501424882,163.08788039197265,167.45263671875,2036600,0.0,0.0
2018-03-27 00:00:00-04:00,167.6493855419135,167.84615821044179,162.8374217077903,163.8123321533203,2495300,0.0,0.0
2018-03-28 00:00:00-04:00,164.2238006591797,165.1271563370084,162.09508519627676,164.2238006591797,2168700,0.0,0.0
2018-03-29 00:00:00-04:00,165.23448146453867,168.72269977155992,164.9393224312199,168.5348663330078,3016000,0.0,0.0
2018-04-02 00:00:00-04:00,167.17534957189372,167.17534957189372,161.934069643945,163.45457458496094,3599200,0.0,0.0
2018-04-03 00:00:00-04:00,164.1522223195491,164.72464820519565,162.2024013379658,163.32936096191406,2287000,0.0,0.0
2018-04-04 00:00:00-04:00,162.0056415849599,166.6744961316233,161.83570029090072,165.93212890625,2111000,0.0,0.0
2018-04-05 00:00:00-04:00,166.98753713583636,167.25586478214137,165.4044163055768,166.58505249023438,1933600,0.0,0.0
2018-04-06 00:00:00-04:00,165.77107385683053,167.47941185399506,163.76759056170735,164.5367889404297,2259000,0.0,0.0
2018-04-09 00:00:00-04:00,165.64591400336087,167.61362734731964,164.12540885792504,164.9393310546875,1946000,0.0,0.0
2018-04-10 00:00:00-04:00,166.13780255401616,166.33457520202055,162.93579104741707,164.1700897216797,2526000,0.0,0.0
2018-04-11 00:00:00-04:00,163.0073374407973,166.6923274782284,162.98050604908448,165.1539306640625,1697300,0.0,0.0
2018-04-12 00:00:00-04:00,165.9141987705693,169.97484215866896,165.90525952208526,168.8836669921875,2841600,0.0,0.0
2018-04-13 00:00:00-04:00,169.76912617532372,169.78701831956874,167.264758241604,168.9641571044922,1744400,0.0,0.0
2018-04-16 00:00:00-04:00,171.58481692562415,175.12671142100544,171.1733930770336,174.0355224609375,3026800,0.0,0.0
2018-04-17 00:00:00-04:00,175.0014438172422,176.09263246635697,174.16962981200302,175.3055419921875,2160500,0.0,0.0
2018-04-18 00:00:00-04:00,175.573898994776,176.88869187217537,175.4128969854476,175.76171875,1663100,0.0,0.0
2018-04-19 00:00:00-04:00,175.44869584281582,175.66334700946567,173.06954532924786,174.47378540039062,2427600,0.0,0.0
2018-04-20 00:00:00-04:00,173.9013831806174,175.01046448769938,172.39877010106622,173.1232452392578,2252800,0.0,0.0
2018-04-23 00:00:00-04:00,173.34680284069472,173.85662662942485,171.96045499073767,172.9353790283203,1618000,0.0,0.0
2018-04-24 00:00:00-04:00,173.99971524210616,174.73314305044707,170.96764497981223,172.18405151367188,1598900,0.0,0.0
2018-04-25 00:00:00-04:00,171.9335794507872,174.11595661847048,171.18227330549763,173.4898681640625,1311700,0.0,0.0
2018-04-26 00:00:00-04:00,173.62407332424394,175.69912551827355,172.92642976018087,174.64370727539062,1445800,0.0,0.0
2018-04-27 00:00:00-04:00,174.36642289333238,176.1284237721562,173.99076975413183,175.82432556152344,1563100,0.0,0.0
2018-04-30 00:00:00-04:00,176.28946159424547,178.02461778568517,175.6544200039869,176.34312438964844,2165000,0.0,0.0
2018-05-01 00:00:00-04:00,175.7438530780176,176.27155538767235,173.07848283876464,175.79751586914062,1413200,0.0,0.0
2018-05-02 00:00:00-04:00,174.84045564123073,174.9299027104334,172.13037594641108,173.5167236328125,2498100,0.0,0.0
2018-05-03 00:00:00-04:00,173.44520873648082,173.50782442891511,170.10008683279617,172.63128662109375,1815500,0.0,0.0
2018-05-04 00:00:00-04:00,172.47923200742875,175.66335177778328,171.08394479549446,174.58111572265625,1704500,0.0,0.0
2018-05-07 00:00:00-04:00,175.10880810613656,175.12670025206316,171.91574926752418,172.67599487304688,2361900,0.0,0.0
2018-05-08 00:00:00-04:00,172.61343419192778,174.59008688759994,172.10361026868094,173.94610595703125,1908600,0.0,0.0
2018-05-09 00:00:00-04:00,173.65089310413583,175.681221621546,172.75647693847412,175.34133911132812,1999100,0.0,0.0
2018-05-10 00:00:00-04:00,175.86169135264964,176.6510637639966,174.20219021869104,175.32347106933594,1874200,0.57,0.0
2018-05-11 00:00:00-04:00,175.2157722959418,175.79883266297475,174.53403870044883,175.6014862060547,1296300,0.0,0.0
2018-05-14 00:00:00-04:00,175.78093108461988,176.9560310166403,175.29653017847673,175.70916748046875,1440900,0.0,0.0
2018-05-15 00:00:00-04:00,174.7044678726597,176.4446974051967,173.3589312676061,175.35032653808594,2319600,0.0,0.0
2018-05-16 00:00:00-04:00,175.8795373785712,178.82177559122698,174.91971493686503,178.2476806640625,2163200,0.0,0.0
2018-05-17 00:00:00-04:00,178.56169590370516,180.61588968663668,177.51217887460135,179.0460968017578,2391000,0.0,0.0
2018-05-18 00:00:00-04:00,178.95637202822323,178.97431634914892,177.41348892876886,178.47198486328125,1624600,0.0,0.0
2018-05-21 00:00:00-04:00,179.04604947217157,180.60686293939878,178.58855833522227,179.06398010253906,1202800,0.0,0.0
2018-05-22 00:00:00-04:00,179.15366410774786,180.99256635043625,178.35531316275174,178.48089599609375,1563600,0.0,0.0
2018-05-23 00:00:00-04:00,178.5886054790755,178.5886054790755,176.50751574423805,177.73643493652344,1635100,0.0,0.0
2018-05-24 00:00:00-04:00,177.87099000609902,178.58861237556843,176.5523765248659,178.40921020507812,1176300,0.0,0.0
2018-05-25 00:00:00-04:00,178.4091528374071,179.6021967344298,177.4493440057822,177.93373107910156,1331000,0.0,0.0
2018-05-29 00:00:00-04:00,177.7005138608593,178.36430306252012,175.8167574135694,176.48056030273438,2298100,0.0,0.0
2018-05-30 00:00:00-04:00,177.7543777904421,179.88032147048153,177.38659446129802,179.08197021484375,2390900,0.0,0.0
2018-05-31 00:00:00-04:00,179.6022152080406,180.0327830605569,177.3417100291958,177.82611083984375,4822800,0.0,0.0
2018-06-01 00:00:00-04:00,175.32342092737596,178.49889505323233,174.91976267409092,176.83042907714844,4056400,0.0,0.0
2018-06-04 00:00:00-04:00,177.00085619156755,178.54372552359652,176.93805791533376,178.16697692871094,1870600,0.0,0.0
2018-06-05 00:00:00-04:00,178.70518307673333,178.82180061634543,176.70482270976035,177.46728515625,1868500,0.0,0.0
2018-06-06 00:00:00-04:00,177.61978221139117,177.96962115171564,176.4446825320321,177.3058319091797,2066900,0.0,0.0
2018-06-07 00:00:00-04:00,179.8533885553286,181.98831096406704,178.8756352641439,181.71023559570312,2735000,0.0,0.0
2018-06-08 00:00:00-04:00,180.7593142635951,183.00187442427068,180.30183691831763,182.77761840820312,2052500,0.0,0.0
2018-06-11 00:00:00-04:00,182.77766438312648,183.79130621071823,182.47267940956053,183.44146728515625,1684800,0.0,0.0
2018-06-12 00:00:00-04:00,183.2172645619846,183.96179658189783,182.30229568736118,183.7823944091797,1384800,0.0,0.0
2018-06-13 00:00:00-04:00,183.81824715448,184.63454268233372,182.28434302247598,183.09165954589844,1665800,0.0,0.0
2018-06-14 00:00:00-04:00,183.7734092749774,184.54485091069603,183.2531334101897,183.99766540527344,1685000,0.0,0.0
2018-06-15 00:00:00-04:00,184.24881612729664,186.28506545657177,183.50429788053097,185.9711151123047,3879600,0.0,0.0
2018-06-18 00:00:00-04:00,184.7870521768285,186.6797744723536,184.0245758554646,184.97543334960938,1975000,0.0,0.0
2018-06-19 00:00:00-04:00,183.80032122175308,186.41066589615258,183.54915544767078,186.1595001220703,1940600,0.0,0.0
2018-06-20 00:00:00-04:00,186.36573342497982,187.11026511576927,185.6481250513295,186.56307983398438,1527700,0.0,0.0
2018-06-21 00:00:00-04:00,186.73355219084124,189.3708058977274,186.58105969801173,188.3392333984375,1825800,0.0,0.0
2018-06-22 00:00:00-04:00,188.70702449532183,189.96286690673935,188.39307415809733,189.3618621826172,1738600,0.0,0.0
2018-06-25 00:00:00-04:00,188.3841186624192,190.24096602967631,188.3482437033334,189.9449462890625,2398600,0.0,0.0
2018-06-26 00:00:00-04:00,190.5100653265514,190.581828928162,188.34823302336906,188.45587158203125,2276700,0.0,0.0
2018-06-27 00:00:00-04:00,188.82362585533278,190.54591096647698,188.02527473057054,188.4020233154297,2211700,0.0,0.0
2018-06-28 00:00:00-04:00,188.3751272753752,189.44258851993666,186.62593240246227,187.2179718017578,1826700,0.0,0.0
2018-06-29 00:00:00-04:00,188.07011240746874,188.85051914516532,186.8681031663603,187.4601287841797,2164600,0.0,0.0
2018-07-02 00:00:00-04:00,186.95782696562614,187.31664494419485,184.8318834816935,186.57211303710938,1876100,0.0,0.0
2018-07-03 00:00:00-04:00,187.0565100474814,188.29440818558382,185.59435579378115,185.7917022705078,842100,0.0,0.0
2018-07-05 00:00:00-04:00,186.7604783411698,187.7382316573967,186.17741795305443,187.6036834716797,1436700,0.0,0.0
2018-07-06 00:00:00-04:00,185.80960907877085,188.72493799296117,185.37904125625317,188.0342254638672,1523200,0.0,0.0
2018-07-09 00:00:00-04:00,188.84155893268672,189.98076993545104,188.37510246550895,189.2183074951172,1738300,0.0,0.0
2018-07-10 00:00:00-04:00,189.26322092168394,190.7971252873442,189.119693703988,189.9001007080078,1687800,0.0,0.0
2018-07-11 00:00:00-04:00,189.46049947127673,189.9717961806096,188.34818446434497,189.22726440429688,1472800,0.0,0.0
2018-07-12 00:00:00-04:00,190.6535646545569,192.11571884261207,190.36652395698235,191.98117065429688,2222000,0.0,0.0
2018-07-13 00:00:00-04:00,191.96320245730354,194.33134608965045,191.70307142974664,194.24163818359375,1951200,0.0,0.0
2018-07-16 00:00:00-04:00,194.33132958848313,194.77087639083038,191.8734782587819,192.7256622314453,2078200,0.0,0.0
2018-07-17 00:00:00-04:00,192.01703963043644,193.9007963332391,191.96322035678597,192.86024475097656,2064800,0.0,0.0
2018-07-18 00:00:00-04:00,193.16519231099628,193.64959305495162,191.60437892770395,192.8332977294922,1869500,0.0,0.0
2018-07-19 00:00:00-04:00,192.37583386794805,195.73069592834054,191.9901063085287,195.13865661621094,2790800,0.0,0.0
2018-07-20 00:00:00-04:00,194.63632476571644,196.3944983799434,193.97253555741483,196.1702423095703,1793900,0.0,0.0
2018-07-23 00:00:00-04:00,197.23773791011092,197.75801372692254,195.73072973598298,196.30482482910156,1394300,0.0,0.0
2018-07-24 00:00:00-04:00,196.81609549644958,197.95530644773882,195.18350477884806,196.07156372070312,1453900,0.0,0.0
2018-07-25 00:00:00-04:00,195.2014797561035,198.08093409559353,194.98618897312565,197.97328186035156,1560200,0.0,0.0
2018-07-26 00:00:00-04:00,199.13939507972188,201.48959437138197,198.0809129731742,198.8882293701172,1820000,0.0,0.0
2018-07-27 00:00:00-04:00,199.41744442924508,199.58788121443988,196.2330058341658,197.03135681152344,1596800,0.0,0.0
2018-07-30 00:00:00-04:00,196.48424456036471,197.4530326830953,196.09853058731412,196.5470428466797,1292700,0.0,0.0
2018-07-31 00:00:00-04:00,197.06729726327023,197.4081709232934,195.84734350306275,196.18821716308594,1888500,0.0,0.0
2018-08-01 00:00:00-04:00,196.1344178161499,196.53808982483983,193.9815643115112,194.7709503173828,1841300,0.0,0.0
2018-08-02 00:00:00-04:00,192.8692019956769,198.60118708716607,192.8692019956769,198.3500213623047,1904800,0.0,0.0
2018-08-03 00:00:00-04:00,198.2423867899282,199.69556189680276,198.2423867899282,199.16632080078125,1195700,0.0,0.0
2018-08-06 00:00:00-04:00,198.62812433316853,200.27865978134017,198.2513756935065,199.78529357910156,1285500,0.0,0.0
2018-08-07 00:00:00-04:00,200.25172585593387,202.26105169044592,200.0184907590668,200.80787658691406,1428100,0.0,0.0
2018-08-08 00:00:00-04:00,199.91085233484336,201.72284540099133,199.35470160352796,201.4537353515625,2010700,0.0,0.0
2018-08-09 00:00:00-04:00,198.7985191014663,199.45335668926197,194.57354235351997,195.76658630371094,3637100,0.0,0.0
2018-08-10 00:00:00-04:00,195.67694762123713,198.88829736332605,195.32710857129638,197.6234893798828,2830800,0.0,0.0
2018-08-13 00:00:00-04:00,198.26932597474197,198.762692191809,196.50218659838862,196.95069885253906,1518900,0.0,0.0
2018-08-14 00:00:00-04:00,197.35432092545068,199.64173573933476,197.21977274890082,199.139404296875,1450600,0.0,0.0
2018-08-15 00:00:00-04:00,197.9912134036331,199.2380766886311,196.242018678277,198.8433837890625,1844100,0.0,0.0
2018-08-16 00:00:00-04:00,200.44010007934818,201.16668765565575,199.26500030161557,200.20687866210938,1657700,0.0,0.0
2018-08-17 00:00:00-04:00,199.43543667486412,202.61987603524526,199.27396516521492,202.44046020507812,1980900,0.0,0.0
2018-08-20 00:00:00-04:00,202.72751863974963,204.71891394439723,202.70060900218735,203.93850708007812,1783700,0.0,0.0
2018-08-21 00:00:00-04:00,205.8581350601263,206.40532049315925,204.25245371462523,205.00595092773438,2066700,0.0,0.0
2018-08-22 00:00:00-04:00,204.9521264590863,206.5219191236971,204.862432233612,205.60696411132812,1267900,0.0,0.0
2018-08-23 00:00:00-04:00,205.41860581695556,206.62959433935103,205.03289186075256,205.87608337402344,1337900,0.0,0.0
2018-08-24 00:00:00-04:00,206.31560081878104,208.16346879263534,205.95679655322877,207.4637908935547,1453200,0.0,0.0
2018-08-27 00:00:00-04:00,208.77345609506506,208.88109463909913,204.61126357984512,206.34251403808594,1904100,0.0,0.0
2018-08-28 00:00:00-04:00,207.15878121117305,207.9571322412638,206.17204906723896,206.54879760742188,1882100,0.0,0.0
2018-08-29 00:00:00-04:00,207.92131505624806,208.1096962348264,205.17642211487626,206.486083984375,1793600,0.0,0.0
2018-08-30 00:00:00-04:00,206.48604253834608,207.87089697906615,206.32418391933084,207.5741424560547,1272000,0.57,0.0
2018-08-31 00:00:00-04:00,207.01661381883946,209.99313293766465,207.01661381883946,209.64242553710938,1881300,0.0,0.0
2018-09-04 00:00:00-04:00,209.65139898019103,211.24307725459198,209.65139898019103,211.03623962402344,1858400,0.0,0.0
2018-09-05 00:00:00-04:00,210.9373434590678,212.3761370294622,209.70536008439697,211.87255859375,2126000,0.0,0.0
2018-09-06 00:00:00-04:00,211.74669151088204,212.91572087231546,211.37799520770568,212.83477783203125,1853200,0.0,0.0
2018-09-07 00:00:00-04:00,213.40130837058157,218.47308478684099,213.30239018587767,217.13320922851562,2722400,0.0,0.0
2018-09-10 00:00:00-04:00,218.5180577401932,219.23746149762673,217.72671223486782,218.67991638183594,2817300,0.0,0.0
2018-09-11 00:00:00-04:00,219.354352419912,220.46044134491763,218.6709264046812,219.6061553955078,2185700,0.0,0.0
2018-09-12 00:00:00-04:00,220.31651539209247,220.424421131206,217.82558604952186,218.01443481445312,1912000,0.0,0.0
2018-09-13 00:00:00-04:00,218.0683857716775,219.4082748136784,216.76447445672065,216.96231079101562,2078200,0.0,0.0
2018-09-14 00:00:00-04:00,214.9210412460527,214.9210412460527,210.84743432350112,211.66575622558594,3875300,0.0,0.0
2018-09-17 00:00:00-04:00,210.47867546737965,210.95527737385368,208.18558279725178,208.626220703125,2884600,0.0,0.0
2018-09-18 00:00:00-04:00,208.6082675035879,211.74665879988765,208.35647829189725,210.739501953125,2000200,0.0,0.0
2018-09-19 00:00:00-04:00,210.98226936112533,211.0901888138462,209.00391986667645,210.28985595703125,1581400,0.0,0.0
2018-09-20 00:00:00-04:00,210.96432690136743,211.3240218755408,208.91403536131492,210.3528289794922,1910100,0.0,0.0
2018-09-21 00:00:00-04:00,210.75750789867055,212.07940831398815,210.43377690468492,211.10821533203125,3717800,0.0,0.0
2018-09-24 00:00:00-04:00,210.5956066779926,211.1891156672006,209.43556513349674,209.83123779296875,1530400,0.0,0.0
2018-09-25 00:00:00-04:00,210.45173664343287,211.01826923486686,209.28270745353743,209.46255493164062,1889700,0.0,0.0
2018-09-26 00:00:00-04:00,210.03804902938236,211.9174802042924,209.93012958577668,210.2538604736328,2008500,0.0,0.0
2018-09-27 00:00:00-04:00,210.1550113133515,211.92653734771372,208.93202908234232,210.42478942871094,1421400,0.0,0.0
2018-09-28 00:00:00-04:00,210.29887023303462,211.74666510410177,210.2359160674962,211.2161102294922,1602800,0.0,0.0
2018-10-01 00:00:00-04:00,212.05238130485964,212.69984313842573,210.81141050361103,211.00924682617188,1673100,0.0,0.0
2018-10-02 00:00:00-04:00,210.51466437800062,213.63506644259758,210.307826768741,212.53797912597656,1647600,0.0,0.0
2018-10-03 00:00:00-04:00,212.78080536663674,213.4012908632857,209.28271889852067,209.7053680419922,2322300,0.0,0.0
2018-10-04 00:00:00-04:00,209.7593040850025,210.42475483061082,207.42125948644087,208.33848571777344,2862800,0.0,0.0
2018-10-05 00:00:00-04:00,202.3315205066905,204.18397578789205,195.84791330100077,196.77415466308594,7379000,0.0,0.0
2018-10-08 00:00:00-04:00,197.2417040449916,201.88184233342756,197.16976232096766,201.3692626953125,3863500,0.0,0.0
2018-10-09 00:00:00-04:00,201.56713991915223,202.4663910697556,200.13733388284894,201.5851287841797,2502800,0.0,0.0
2018-10-10 00:00:00-04:00,201.52218340821122,202.33150393535934,198.77046342864438,198.7794647216797,3021400,0.0,0.0
2018-10-11 00:00:00-04:00,200.45204308679934,202.61924128329107,198.6715162328076,199.47186279296875,3650900,0.0,0.0
2018-10-12 00:00:00-04:00,202.5113780668762,204.68756443789587,200.88373550535013,204.08506774902344,3130500,0.0,0.0
2018-10-15 00:00:00-04:00,203.45557106891113,204.07605655291223,201.6570687832191,201.890869140625,2441900,0.0,0.0
2018-10-16 00:00:00-04:00,202.21462231967345,205.2630834800183,201.7200451139522,204.74151611328125,2541800,0.0,0.0
2018-10-17 00:00:00-04:00,205.4339471923979,205.82063236859796,202.79014629784064,205.4699249267578,2129300,0.0,0.0
2018-10-18 00:00:00-04:00,205.51489506512664,207.4123159400841,203.45561553539372,205.55087280273438,2624600,0.0,0.0
2018-10-19 00:00:00-04:00,205.83863947618067,207.39435427390876,205.67678081088405,206.53106689453125,2099800,0.0,0.0
2018-10-22 00:00:00-04:00,206.7198295589633,207.05254804660055,204.3727838400644,205.98243713378906,2007300,0.0,0.0
2018-10-23 00:00:00-04:00,204.19298460365076,206.16233328308178,201.27041808867145,205.70372009277344,2656700,0.0,0.0
2018-10-24 00:00:00-04:00,203.16783480983614,207.8079747010723,200.6139644714915,201.21646118164062,3100200,0.0,0.0
2018-10-25 00:00:00-04:00,201.48623991383383,204.6605958394379,200.38915225281357,203.59048461914062,2218900,0.0,0.0
2018-10-26 00:00:00-04:00,199.9125058930706,202.33149349968178,195.13748484191532,196.2075958251953,3995400,0.0,0.0
2018-10-29 00:00:00-04:00,197.6104300327712,202.23258015680582,196.71117892909533,200.0114288330078,3801400,0.0,0.0
2018-10-30 00:00:00-04:00,200.62292280814225,205.21809640721625,200.54197978206216,204.95730590820312,2410500,0.0,0.0
2018-10-31 00:00:00-04:00,205.61378508137727,207.3313581973573,202.83510211666695,205.59580993652344,2674600,0.0,0.0
2018-11-01 00:00:00-04:00,205.19111468477175,207.54716195792673,204.6155945148411,206.4680633544922,2095000,0.0,0.0
2018-11-02 00:00:00-04:00,206.65690577701457,208.83309192597778,204.29187084801026,206.97164916992188,2167200,0.0,0.0
2018-11-05 00:00:00-05:00,207.4662766416193,211.22514054694227,206.64795465291502,210.8294677734375,2513900,0.0,0.0
2018-11-06 00:00:00-05:00,211.32404494622486,213.56318551113444,210.5866523307379,212.8617706298828,2101300,0.0,0.0
2018-11-07 00:00:00-05:00,214.69621736979275,216.61162675751646,213.0685749434948,216.1529998779297,2603600,0.0,0.0
2018-11-08 00:00:00-05:00,214.99021770794738,216.15301685391742,213.6561662593766,215.16148376464844,2140600,0.57,0.0
2018-11-09 00:00:00-05:00,214.50342756935203,216.56760123185802,213.69218340161197,214.29611206054688,2256700,0.0,0.0
2018-11-12 00:00:00-05:00,214.20599639091992,215.612160472153,211.04212720814547,211.35760498046875,2301400,0.0,0.0
2018-11-13 00:00:00-05:00,211.6009645152669,213.10628176036832,209.81621901714817,211.05111694335938,1548100,0.0,0.0
2018-11-14 00:00:00-05:00,213.73722046239942,213.73722046239942,208.86071950140695,210.3029327392578,1896500,0.0,0.0
2018-11-15 00:00:00-05:00,209.4106293309673,209.70807549828115,204.61523484625877,207.26531982421875,2722300,0.0,0.0
2018-11-16 00:00:00-05:00,206.688395397724,208.3289153917658,204.18253635170035,208.23878479003906,2822400,0.0,0.0
2018-11-19 00:00:00-05:00,208.77063593522425,210.47426001645684,205.3453561477339,206.18365478515625,1949500,0.0,0.0
2018-11-20 00:00:00-05:00,202.74032333785414,202.8124360767288,196.54778802428956,197.68353271484375,3704800,0.0,0.0
2018-11-21 00:00:00-05:00,198.8102952902202,200.1353378183302,196.0069758010073,197.01654052734375,2036500,0.0,0.0
2018-11-23 00:00:00-05:00,196.59285940833598,199.36912419621314,196.19624622318253,198.3595733642578,1007500,0.0,0.0
2018-11-26 00:00:00-05:00,200.8744988378711,201.44236442697942,197.31400208777313,197.8097686767578,2205600,0.0,0.0
2018-11-27 00:00:00-05:00,197.73765265984105,201.1178605915515,196.84528656849432,201.01870727539062,2369800,0.0,0.0
2018-11-28 00:00:00-05:00,200.81138814109266,207.73406101444843,200.2795720702642,207.62588500976562,2765600,0.0,0.0
2018-11-29 00:00:00-05:00,206.41798698128045,208.752580126941,205.84109883420413,208.22076416015625,1478700,0.0,0.0
2018-11-30 00:00:00-05:00,208.84274771258083,210.37510573421662,207.04897926864197,208.47317504882812,2764000,0.0,0.0
2018-12-03 00:00:00-05:00,207.96843132348664,209.30248293666833,205.70595031856544,209.19432067871094,2481500,0.0,0.0
2018-12-04 00:00:00-05:00,209.22136803087102,210.29402297075467,203.3172682700181,204.0293731689453,3418600,0.0,0.0
2018-12-06 00:00:00-05:00,205.462557465511,210.79877730825368,204.25469982039144,210.203857421875,4029800,0.0,0.0
2018-12-07 00:00:00-05:00,210.15880196692768,210.7537219006776,201.03675133250408,202.68629455566406,2881900,0.0,0.0
2018-12-10 00:00:00-05:00,202.39780261315437,202.99272242664767,197.50326881674886,200.7032012939453,2650000,0.0,0.0
2018-12-11 00:00:00-05:00,202.92058441413783,204.84054641218376,201.91103364721303,204.1645050048828,2466800,0.0,0.0
2018-12-12 00:00:00-05:00,205.83210072961083,207.7250086145665,204.6783243747524,205.33633422851562,2891400,0.0,0.0
2018-12-13 00:00:00-05:00,206.27380624499142,206.97688839691756,203.24513937742447,204.17356872558594,2170200,0.0,0.0
2018-12-14 00:00:00-05:00,196.5027189620781,197.4041075811702,185.24437015814217,186.6415252685547,8822300,0.0,0.0
2018-12-17 00:00:00-05:00,186.29898776662424,187.48882731114296,180.87263834066604,182.28781127929688,4739400,0.0,0.0
2018-12-18 00:00:00-05:00,183.06301574344877,184.48721144628297,181.69291491250118,182.97288513183594,3308500,0.0,0.0
2018-12-19 00:00:00-05:00,183.4325743510829,186.58743435220717,180.1515205000776,181.54867553710938,3369600,0.0,0.0
2018-12-20 00:00:00-05:00,180.57522208282532,180.9087315414437,174.5809782397138,177.69078063964844,4250900,0.0,0.0
2018-12-21 00:00:00-05:00,177.7178003969036,180.9087103611249,175.15785977542663,175.338134765625,5080200,0.0,0.0
2018-12-24 00:00:00-05:00,174.7792562553737,176.0682491956051,171.0835709895056,171.2548370361328,2031700,0.0,0.0
2018-12-26 00:00:00-05:00,172.00298828589015,179.17803421635858,170.82215760444168,179.04283142089844,3268800,0.0,0.0
2018-12-27 00:00:00-05:00,177.53753397774807,181.2963234089537,174.83336773192235,181.25125122070312,2705900,0.0,0.0
2018-12-28 00:00:00-05:00,181.91826903487174,184.73960623552261,179.90816238617933,182.11656188964844,2037800,0.0,0.0
2018-12-31 00:00:00-05:00,183.3244425373025,184.23484019432942,181.5216650947222,183.6219024658203,1729400,0.0,0.0
2019-01-02 00:00:00-05:00,180.7284033468287,184.87479615717308,180.14250629397682,184.5683135986328,2143100,0.0,0.0
2019-01-03 00:00:00-05:00,183.61284918936184,185.63196454017935,180.31376371802455,180.6562957763672,2877700,0.0,0.0
2019-01-04 00:00:00-05:00,183.05401327880756,187.42574008837917,181.58474534118412,185.90240478515625,2761600,0.0,0.0
2019-01-07 00:00:00-05:00,185.25341193633074,188.49840304698202,183.4686523836673,186.58746337890625,2226600,0.0,0.0
2019-01-08 00:00:00-05:00,188.07468869518564,188.46229286866526,184.04548134966362,187.98455810546875,2366500,0.0,0.0
2019-01-09 00:00:00-05:00,188.52542034144327,190.39130134692564,187.41671621369056,189.2014617919922,1862900,0.0,0.0
2019-01-10 00:00:00-05:00,187.62406728098708,190.10288640254473,185.68608692395517,189.8685302734375,2340700,0.0,0.0
2019-01-11 00:00:00-05:00,189.327688956228,190.41837540681226,188.66967901307106,189.7513427734375,1861100,0.0,0.0
2019-01-14 00:00:00-05:00,188.81388203826015,189.87751404567214,187.6330651047742,188.39022827148438,1523100,0.0,0.0
2019-01-15 00:00:00-05:00,189.32765208884717,190.4994599986025,188.4623267506974,190.22003173828125,1681900,0.0,0.0
2019-01-16 00:00:00-05:00,190.60766288454457,190.60766288454457,188.84093495913712,189.45387268066406,1455000,0.0,0.0
2019-01-17 00:00:00-05:00,189.1744474884404,190.77891832008817,188.97614086842998,190.607666015625,1517100,0.0,0.0
2019-01-18 00:00:00-05:00,191.5992194732111,193.04144719294683,190.88712830483215,192.52764892578125,2115400,0.0,0.0
2019-01-22 00:00:00-05:00,191.99577947916953,194.30333218680792,190.012727230674,191.45494079589844,3310800,0.0,0.0
2019-01-23 00:00:00-05:00,191.9957735261552,193.66334795278706,189.29160770184316,191.17550659179688,2220200,0.0,0.0
2019-01-24 00:00:00-05:00,191.44593496576172,191.44593496576172,188.30008362344563,189.571044921875,1994400,0.0,0.0
2019-01-25 00:00:00-05:00,191.12144142336922,191.38285184382704,188.1558787070603,188.45333862304688,2252300,0.0,0.0
2019-01-28 00:00:00-05:00,188.1017745476041,190.00370512568446,186.86687651372839,189.98568725585938,1999400,0.0,0.0
2019-01-29 00:00:00-05:00,189.58006761100523,189.77836046038144,188.0026374723317,189.571044921875,1636500,0.0,0.0
2019-01-30 00:00:00-05:00,189.72428165706765,191.24763069594516,188.6786812626465,190.5084991455078,1589800,0.0,0.0
2019-01-31 00:00:00-05:00,190.31913086552308,193.69032816091422,189.0391610913186,193.46498107910156,4341100,0.0,0.0
2019-02-01 00:00:00-05:00,192.89721068296632,193.79859951793344,188.7237759757558,189.5350341796875,3453700,0.0,0.0
2019-02-04 00:00:00-05:00,189.92262285926384,190.36430833541516,187.3987313960171,190.35528564453125,1630300,0.0,0.0
2019-02-05 00:00:00-05:00,190.63466614629286,191.56309523666278,188.96709185553658,190.74282836914062,2074500,0.0,0.0
2019-02-06 00:00:00-05:00,191.32874698922447,191.32874698922447,189.72427631694123,190.7338409423828,1618800,0.0,0.0
2019-02-07 00:00:00-05:00,189.86617858492684,189.89329218224546,186.43164708165148,188.94427490234375,2526600,0.57,0.0
2019-02-08 00:00:00-05:00,187.8416556856504,188.4381825564436,185.96170099031193,187.76934814453125,2013700,0.0,0.0
2019-02-11 00:00:00-05:00,188.58275235169648,188.82678853830984,186.8745266279049,188.64602661132812,2376600,0.0,0.0
2019-02-12 00:00:00-05:00,189.85711012761485,192.2883968823391,189.13404876769246,191.5201416015625,2091200,0.0,0.0
2019-02-13 00:00:00-05:00,191.81841699936572,192.97530973153658,190.97786794183108,192.33360290527344,1703000,0.0,0.0
2019-02-14 00:00:00-05:00,191.61055836294256,193.91531076187897,190.8332696971787,193.27359008789062,1411100,0.0,0.0
2019-02-15 00:00:00-05:00,194.45761169746038,196.35564647795968,193.45436710626814,195.65066528320312,2635500,0.0,0.0
2019-02-19 00:00:00-05:00,195.83141136337449,198.47962105544912,195.68679631173381,197.14195251464844,1938100,0.0,0.0
2019-02-20 00:00:00-05:00,197.24134256089314,198.00056456675654,194.37622453404325,196.22906494140625,1785600,0.0,0.0
2019-02-21 00:00:00-05:00,195.76813931119122,195.8765936978776,193.71645648512634,194.52989196777344,1615300,0.0,0.0
2019-02-22 00:00:00-05:00,194.47568300148302,195.7591105988085,193.6441671127053,195.4879608154297,1542500,0.0,0.0
2019-02-25 00:00:00-05:00,196.46409731163678,198.01867473626328,195.7229692601295,196.1748809814453,1794000,0.0,0.0
2019-02-26 00:00:00-05:00,196.03024584052395,197.8559728691733,195.34334505933649,196.68099975585938,1884100,0.0,0.0
2019-02-27 00:00:00-05:00,195.68677870429246,197.8107689864957,195.63255151261905,197.07867431640625,1482700,0.0,0.0
2019-02-28 00:00:00-05:00,197.47636045611975,198.56094567255764,196.5996507399472,197.7023162841797,2055600,0.0,0.0
2019-03-01 00:00:00-05:00,198.6242077458938,199.35631621940252,195.01796152717208,198.33499145507812,2178200,0.0,0.0
2019-03-04 00:00:00-05:00,199.22976589353337,199.8172593206382,195.1083338005334,197.404052734375,2444700,0.0,0.0
2019-03-05 00:00:00-05:00,197.85596899574293,200.29628923485166,197.84692193601967,198.67845153808594,2160200,0.0,0.0
2019-03-06 00:00:00-05:00,199.29309292521285,200.5674874415741,197.24140960361564,198.14523315429688,1985300,0.0,0.0
2019-03-07 00:00:00-05:00,197.1509835736447,198.2897959825728,195.42467773682768,195.93984985351562,3279100,0.0,0.0
2019-03-08 00:00:00-05:00,203.79408523659416,206.70439752889547,202.24855503013123,205.90904235839844,6782700,0.0,0.0
2019-03-11 00:00:00-04:00,205.64693554851152,207.79803963749646,205.22213745041364,207.5991973876953,3748400,0.0,0.0
2019-03-12 00:00:00-04:00,208.16863973534174,210.95240404049437,207.7890217206594,210.5547332763672,2647100,0.0,0.0
2019-03-13 00:00:00-04:00,211.72063419058316,214.61286634977108,210.5456609971238,213.64578247070312,2421200,0.0,0.0
2019-03-14 00:00:00-04:00,213.4197688794566,213.64572467125166,210.84386733649424,211.35000610351562,2300300,0.0,0.0
2019-03-15 00:00:00-04:00,211.64832035121486,212.98597509909007,210.75353023546538,211.13314819335938,5075400,0.0,0.0
2019-03-18 00:00:00-04:00,211.11500760716083,213.9168510254169,211.0336668356502,213.83551025390625,1735400,0.0,0.0
2019-03-19 00:00:00-04:00,214.67615616981809,215.15518150944226,213.56444336314152,214.25135803222656,1852300,0.0,0.0
2019-03-20 00:00:00-04:00,214.23325850325654,215.55284672989126,213.10347925797876,214.1880645751953,1499500,0.0,0.0
2019-03-21 00:00:00-04:00,213.9169259723915,216.78205842438152,213.79943830279583,216.50186157226562,1617000,0.0,0.0
2019-03-22 00:00:00-04:00,216.6916248863427,217.22487729566288,214.11572309903596,214.71224975585938,1873600,0.0,0.0
2019-03-25 00:00:00-04:00,214.14284020068425,215.18224523330937,213.1124822271354,214.1790008544922,1357100,0.0,0.0
2019-03-26 00:00:00-04:00,215.10995927160172,217.1435618277408,214.53151287394994,216.07705688476562,1193000,0.0,0.0
2019-03-27 00:00:00-04:00,215.751725687317,217.1074610123086,215.25461997656947,216.3843994140625,1351200,0.0,0.0
2019-03-28 00:00:00-04:00,216.89951778344906,218.6800508379143,216.537993969763,218.020263671875,1396700,0.0,0.0
2019-03-29 00:00:00-04:00,218.41791433793807,219.1228953193932,217.6135122544189,218.85174560546875,1968000,0.0,0.0
2019-04-01 00:00:00-04:00,219.69235783739146,220.9034778690455,219.24947941182373,220.7046356201172,1610200,0.0,0.0
2019-04-02 00:00:00-04:00,220.53288843230249,220.70461706841934,217.19777819982065,217.3695068359375,1574300,0.0,0.0
2019-04-03 00:00:00-04:00,218.44510415473266,220.12621641817688,217.83954406403663,219.15911865234375,1663600,0.0,0.0
2019-04-04 00:00:00-04:00,218.87888708062965,221.219786119597,218.04737129891632,220.8944091796875,1319700,0.0,0.0
2019-04-05 00:00:00-04:00,221.4005993754583,223.32573395456183,220.54195606109718,222.2230682373047,1616200,0.0,0.0
2019-04-08 00:00:00-04:00,222.3315215796422,223.09072992044506,221.61749337552365,222.810546875,1244200,0.0,0.0
2019-04-09 00:00:00-04:00,221.53612383551126,222.05129593162263,220.5419127149473,221.35536193847656,1450200,0.0,0.0
2019-04-10 00:00:00-04:00,221.6897585327208,222.94607225819934,221.17458646822493,221.98802185058594,1556600,0.0,0.0
2019-04-11 00:00:00-04:00,220.1894817146412,220.6956206796671,217.74916096683648,218.03839111328125,2719800,0.0,0.0
2019-04-12 00:00:00-04:00,218.28241492902814,219.37604746428866,217.73108202619065,218.6800994873047,2187600,0.0,0.0
2019-04-15 00:00:00-04:00,219.05966264192065,223.01841335912454,218.6891055468684,222.63880920410156,1859700,0.0,0.0
2019-04-16 00:00:00-04:00,222.9280249428646,223.08168704947911,220.7588544078646,221.7440185546875,1360500,0.0,0.0
2019-04-17 00:00:00-04:00,222.61172067695045,222.75633574026938,220.82215408994617,221.94288635253906,1363000,0.0,0.0
2019-04-18 00:00:00-04:00,223.0545969339216,223.4703618147512,221.16560911665195,222.16885375976562,1365000,0.0,0.0
2019-04-22 00:00:00-04:00,221.6084534714679,222.13267267906534,219.23139360402175,220.00868225097656,1300000,0.0,0.0
2019-04-23 00:00:00-04:00,221.12037462232044,222.81956691478044,218.91505725729218,221.9609375,1524600,0.0,0.0
2019-04-24 00:00:00-04:00,222.05131534968652,224.7808657447266,221.97902161754962,224.11204528808594,1156400,0.0,0.0
2019-04-25 00:00:00-04:00,222.53032136405338,223.3799036073494,220.47863879034077,221.97898864746094,1278200,0.0,0.0
2019-04-26 00:00:00-04:00,221.99709505642838,222.24113123153927,218.77948601756032,220.37022399902344,1842900,0.0,0.0
2019-04-29 00:00:00-04:00,221.43670357184843,222.11457103176224,220.07193538407148,220.78594970703125,1429700,0.0,0.0
2019-04-30 00:00:00-04:00,221.22884020129493,222.1507300675937,219.647149374827,221.91574096679688,1427600,0.0,0.0
2019-05-01 00:00:00-04:00,221.7440282808907,221.85249646627332,218.31854368413062,218.3546905517578,1350400,0.0,0.0
2019-05-02 00:00:00-04:00,218.5082989197571,219.52962358192073,217.29717910256622,219.34886169433594,1237600,0.0,0.0
2019-05-03 00:00:00-04:00,219.87304778231046,221.32820351426378,219.37594232271536,221.09320068359375,905900,0.0,0.0
2019-05-06 00:00:00-04:00,219.49350161296002,221.28306794812002,218.77947345783966,220.7407684326172,1194900,0.0,0.0
2019-05-07 00:00:00-04:00,218.47218746967513,219.39409117440616,215.3088056548385,217.08029174804688,1775200,0.0,0.0
2019-05-08 00:00:00-04:00,216.519964129731,219.67431323598203,215.2817302983135,218.12876892089844,1611900,0.0,0.0
2019-05-09 00:00:00-04:00,218.10151720855401,221.1828095547646,217.64838516772937,220.6481170654297,1919300,0.65,0.0
2019-05-10 00:00:00-04:00,220.16782736075038,225.25197008513143,217.53059521511815,223.86538696289062,2036500,0.0,0.0
2019-05-13 00:00:00-04:00,221.23723263908082,221.97130449674108,218.11062362421507,219.2434539794922,1962800,0.0,0.0
2019-05-14 00:00:00-04:00,219.57873484752199,222.11627723355073,219.14373192744358,219.9774932861328,1635100,0.0,0.0
2019-05-15 00:00:00-04:00,219.4156377337207,222.3972410264251,218.61812077000863,221.7356719970703,1194800,0.0,0.0
2019-05-16 00:00:00-04:00,222.6056966021155,226.3213718042883,222.2250672689268,224.24603271484375,1800600,0.0,0.0
2019-05-17 00:00:00-04:00,222.8322356514011,226.61135553181268,222.56941130155715,225.07070922851562,1672000,0.0,0.0
2019-05-20 00:00:00-04:00,223.98322079218966,226.51170598483372,223.98322079218966,225.56918334960938,1600500,0.0,0.0
2019-05-21 00:00:00-04:00,225.7594645766346,227.31824003207876,224.8441427568363,226.50259399414062,1504200,0.0,0.0
2019-05-22 00:00:00-04:00,227.48135972845782,227.48135972845782,225.78665018998242,226.12196350097656,1242300,0.0,0.0
2019-05-23 00:00:00-04:00,225.3244728939506,226.49354762960695,224.0103787386892,225.2338409423828,1822800,0.0,0.0
2019-05-24 00:00:00-04:00,225.75947662321866,226.1672927497021,223.6388217027093,224.119140625,1340200,0.0,0.0
2019-05-28 00:00:00-04:00,225.2791473505939,226.74729086987892,223.06786057979826,223.221923828125,3164100,0.0,0.0
2019-05-29 00:00:00-04:00,221.24632050184331,221.82632913351932,216.51561948190897,218.12876892089844,2594900,0.0,0.0
2019-05-30 00:00:00-04:00,219.45190015899794,220.74786533097335,218.18313563891363,218.89907836914062,2030300,0.0,0.0
2019-05-31 00:00:00-04:00,216.5790081816243,218.10153918301123,211.20486827365792,217.12277221679688,4058100,0.0,0.0
2019-06-03 00:00:00-04:00,217.3040406466069,218.89906074752577,215.76339418810076,218.47312927246094,2512500,0.0,0.0
2019-06-04 00:00:00-04:00,220.22221986833367,222.77789177361933,219.7690877286869,222.5875701904297,1761500,0.0,0.0
2019-06-05 00:00:00-04:00,223.031617986473,225.4422701713748,222.05285102249672,224.71726989746094,1825500,0.0,0.0
2019-06-06 00:00:00-04:00,224.75354423193068,228.32422775204566,224.5179204944621,227.66265869140625,1487800,0.0,0.0
2019-06-07 00:00:00-04:00,227.61732359640428,232.54740313939004,227.49044715942279,232.01271057128906,2270200,0.0,0.0
2019-06-10 00:00:00-04:00,232.36611112975058,234.5683262685428,232.10328679518722,232.77394104003906,1839500,0.0,0.0
2019-06-11 00:00:00-04:00,234.64089009067698,235.28432999110555,232.1939654506376,233.0095977783203,1613500,0.0,0.0
2019-06-12 00:00:00-04:00,233.43550222880864,234.49584342904004,231.79518019601895,233.1183319091797,1071700,0.0,0.0
2019-06-13 00:00:00-04:00,233.55334678556684,235.51088083966525,233.4083411900422,235.36587524414062,1228500,0.0,0.0
2019-06-14 00:00:00-04:00,235.6286990760265,236.71622721148083,234.64087438720034,235.76463317871094,1287800,0.0,0.0
2019-06-17 00:00:00-04:00,236.6527381683169,237.6677494893503,236.0183422641789,236.9246063232422,1191900,0.0,0.0
2019-06-18 00:00:00-04:00,238.90029235226646,239.4350125681156,237.48652241362078,238.11184692382812,2763200,0.0,0.0
2019-06-19 00:00:00-04:00,237.7221554980138,239.3443761286386,236.48057799311212,238.94561767578125,1628400,0.0,0.0
2019-06-20 00:00:00-04:00,240.16002265845938,242.68850762210369,239.7521926892624,242.2897491455078,1745100,0.0,0.0
2019-06-21 00:00:00-04:00,241.76406140861053,243.73066665360082,241.05717652446825,241.18406677246094,2964000,0.0,0.0
2019-06-24 00:00:00-04:00,242.25350483981913,242.8516425892988,241.53754830767042,241.7641143798828,1586100,0.0,0.0
2019-06-25 00:00:00-04:00,241.70973036752292,242.04504371489617,240.4862680986554,241.3925323486328,1182400,0.0,0.0
2019-06-26 00:00:00-04:00,241.47413789950983,241.80945127108686,239.56190581239278,239.62535095214844,1334400,0.0,0.0
2019-06-27 00:00:00-04:00,240.06937017852582,241.50128303760394,238.3384023160635,240.6856231689453,1122900,0.0,0.0
2019-06-28 00:00:00-04:00,240.61316927104264,241.4197577654238,238.67375041286184,239.48941040039062,1952500,0.0,0.0
2019-07-01 00:00:00-04:00,241.4559774717591,241.97255473189804,237.29622788340907,238.84593200683594,1955800,0.0,0.0
2019-07-02 00:00:00-04:00,239.1812391741243,240.67656944356952,237.14214490024827,240.5859375,1201300,0.0,0.0
2019-07-03 00:00:00-04:00,240.28693009982265,243.93010263419484,240.28693009982265,243.9119873046875,986500,0.0,0.0
2019-07-05 00:00:00-04:00,243.06002928119045,243.43157320355743,241.31091864532223,243.10533142089844,1081500,0.0,0.0
2019-07-08 00:00:00-04:00,243.1778584260825,244.4103921086124,242.28973721855647,244.14756774902344,1236000,0.0,0.0
2019-07-09 00:00:00-04:00,244.11125759632844,245.39816464451337,243.32281234198928,244.66409301757812,1400300,0.0,0.0
2019-07-10 00:00:00-04:00,244.73668132808072,246.07796254821073,244.09324137125196,245.97828674316406,1257000,0.0,0.0
2019-07-11 00:00:00-04:00,246.8029393746969,250.8267549932502,246.33169190528642,250.6183319091797,1985600,0.0,0.0
2019-07-12 00:00:00-04:00,250.5821316982447,253.75405741594398,250.13807094800595,253.24655151367188,2046400,0.0,0.0
2019-07-15 00:00:00-04:00,253.6996530050018,254.38842278473285,252.75713030489524,254.27964782714844,1568000,0.0,0.0
2019-07-16 00:00:00-04:00,254.66026138227397,254.9955747390467,253.5546178600286,254.3430633544922,1379200,0.0,0.0
2019-07-17 00:00:00-04:00,254.7054905934759,256.33678241620606,253.95330362938807,255.16769409179688,1716600,0.0,0.0
2019-07-18 00:00:00-04:00,255.74776500424005,256.5271389308334,253.01990094718687,256.3912048339844,1696100,0.0,0.0
2019-07-19 00:00:00-04:00,256.53626779598284,257.66002679057556,254.9774919371956,255.12249755859375,1607600,0.0,0.0
2019-07-22 00:00:00-04:00,254.85967813866904,255.85657451970755,253.1377812934179,253.90811157226562,1459100,0.0,0.0
2019-07-23 00:00:00-04:00,255.43056682057514,255.63898988326224,252.86582368161203,253.8446044921875,1117800,0.0,0.0
2019-07-24 00:00:00-04:00,253.59990034567545,254.87773619371325,252.85678471680012,254.50616455078125,1257100,0.0,0.0
2019-07-25 00:00:00-04:00,254.841438775067,255.51206526091786,253.15577341354748,253.57264709472656,1600200,0.0,0.0
2019-07-26 00:00:00-04:00,253.57268787901998,255.3580292887854,252.95643491955423,254.9955291748047,1447700,0.0,0.0
2019-07-29 00:00:00-04:00,254.66932788491275,254.93212460659046,253.33711831992713,253.87181091308594,1257400,0.0,0.0
2019-07-30 00:00:00-04:00,253.99859455489087,254.2704903418348,252.93828119105643,253.30078125,978200,0.0,0.0
2019-07-31 00:00:00-04:00,252.8658927074337,253.50028887475767,247.07487734918666,249.79367065429688,1886900,0.0,0.0
2019-08-01 00:00:00-04:00,249.9023011555933,254.5967420971957,248.5972787665558,248.83291625976562,2634300,0.0,0.0
2019-08-02 00:00:00-04:00,248.58835742827677,249.16838002129705,245.14456316746703,246.95709228515625,1969200,0.0,0.0
2019-08-05 00:00:00-04:00,244.77290584606976,245.1897796535061,238.08467131381295,240.2506561279297,3329800,0.0,0.0
2019-08-06 00:00:00-04:00,241.4922074141069,244.89976944375286,239.29903601785912,244.0659942626953,2383000,0.0,0.0
2019-08-07 00:00:00-04:00,243.04196916031236,249.0958084407881,238.8822190713181,248.5883026123047,3037500,0.0,0.0
2019-08-08 00:00:00-04:00,247.44640603213003,249.07767066856715,245.59761916237463,249.04141235351562,2046700,0.0,0.0
2019-08-09 00:00:00-04:00,248.84204923682617,249.64863777131026,246.42233894735932,248.26205444335938,1284300,0.0,0.0
2019-08-12 00:00:00-04:00,248.34357979089293,249.2045418512154,244.0569401309006,245.8785400390625,1638600,0.0,0.0
2019-08-13 00:00:00-04:00,245.7607102713098,252.08644411610885,244.70039668339305,250.3645477294922,1724600,0.0,0.0
2019-08-14 00:00:00-04:00,248.3164066896718,249.5489128051849,242.87882114172277,243.01475524902344,2122100,0.0,0.0
2019-08-15 00:00:00-04:00,245.1716853473971,247.38297250043246,243.57665129419328,246.06887817382812,1623200,0.0,0.0
2019-08-16 00:00:00-04:00,248.40699768066406,250.19233908075617,247.80886005019312,248.40699768066406,1230800,0.0,0.0
2019-08-19 00:00:00-04:00,250.50051018792408,251.37958763609805,248.8148442640998,249.77548217773438,1313400,0.0,0.0
2019-08-20 00:00:00-04:00,250.3826204651328,250.45510941711765,247.2741415374766,247.3828887939453,1390600,0.0,0.0
2019-08-21 00:00:00-04:00,249.59423158153962,250.61831457292942,248.95079173075956,249.8389129638672,1682300,0.0,0.0
2019-08-22 00:00:00-04:00,251.04431628647748,254.65123098409526,250.9174259920913,253.68154907226562,2345500,0.0,0.0
2019-08-23 00:00:00-04:00,252.13173214885762,253.87177142189682,247.13823567287417,248.325439453125,1984300,0.0,0.0
2019-08-26 00:00:00-04:00,249.9023387878693,252.42175201279662,249.84796515155327,252.35830688476562,1426400,0.0,0.0
2019-08-27 00:00:00-04:00,254.66030850747148,265.9342403920345,254.06217065619447,264.9736022949219,5169000,0.0,0.0
2019-08-28 00:00:00-04:00,266.2151763944883,271.834026925017,265.00985687129514,266.88580322265625,5162100,0.0,0.0
2019-08-29 00:00:00-04:00,270.1919152109537,270.418982497185,265.9048837381788,269.3653869628906,2613100,0.65,0.0
2019-08-30 00:00:00-04:00,270.66406459008545,270.91837870983295,265.96830335405895,267.7212829589844,1801000,0.0,0.0
2019-09-03 00:00:00-04:00,265.73229691910853,267.03111507818164,263.81583470696813,265.2599792480469,1842900,0.0,0.0
2019-09-04 00:00:00-04:00,267.03101761675975,269.1200246945236,266.82210582171814,268.95654296875,1375700,0.0,0.0
2019-09-05 00:00:00-04:00,271.05464129798327,272.2172242102212,269.4651709568208,269.72857666015625,1865300,0.0,0.0
2019-09-06 00:00:00-04:00,271.75413843486075,276.69512478590724,270.9276101892737,275.8958435058594,3018100,0.0,0.0
2019-09-09 00:00:00-04:00,276.56789747767624,279.14737799003984,270.8548779755887,271.5724182128906,3397200,0.0,0.0
2019-09-10 00:00:00-04:00,270.10109765675884,270.891287421538,267.5579272797331,269.7559509277344,2725000,0.0,0.0
2019-09-11 00:00:00-04:00,267.3035879376463,268.61149767326486,261.40893028462216,264.0247497558594,4754700,0.0,0.0
2019-09-12 00:00:00-04:00,263.7069223540605,265.89585483533415,262.19919189200635,263.2982177734375,2942600,0.0,0.0
2019-09-13 00:00:00-04:00,263.57970791671363,267.0947049522743,263.26180818324326,265.1237487792969,2306300,0.0,0.0
2019-09-16 00:00:00-04:00,263.9156797124706,264.65137524488387,261.8902302497311,262.2081298828125,1508900,0.0,0.0
2019-09-17 00:00:00-04:00,262.99837717674603,265.02382708500534,262.20818755835546,264.6786804199219,1758900,0.0,0.0
2019-09-18 00:00:00-04:00,264.03384521306714,266.6405731618574,262.30811170437244,265.6051330566406,1666000,0.0,0.0
2019-09-19 00:00:00-04:00,262.9347622122907,263.1800125616531,258.593237859784,261.4270324707031,3004700,0.0,0.0
2019-09-20 00:00:00-04:00,262.26266456644277,262.86212541163206,259.89209586417377,260.0918884277344,3409500,0.0,0.0
2019-09-23 00:00:00-04:00,260.0919533210992,261.6996075355458,259.5379224169896,261.19097900390625,2025400,0.0,0.0
2019-09-24 00:00:00-04:00,262.76226614029497,265.7777265098902,260.1282910273109,261.4997863769531,2483200,0.0,0.0
2019-09-25 00:00:00-04:00,261.8176409931214,263.1073675011096,260.55513372929494,262.0447082519531,1827800,0.0,0.0
2019-09-26 00:00:00-04:00,262.88031678673843,263.22546347679196,260.3099274509906,261.8176574707031,1877300,0.0,0.0
2019-09-27 00:00:00-04:00,262.97119622830877,262.97119622830877,258.3117705163686,259.7196044921875,1538100,0.0,0.0
2019-09-30 00:00:00-04:00,261.30896959793336,262.1445614509071,260.28262132181345,261.68133544921875,2151500,0.0,0.0
2019-10-01 00:00:00-04:00,261.6177959379411,262.1990736520909,257.2035944305498,257.8847961425781,2648900,0.0,0.0
2019-10-02 00:00:00-04:00,257.2490509691391,259.5742175012385,256.33169036610207,258.9565734863281,2480600,0.0,0.0
2019-10-03 00:00:00-04:00,259.2108781084702,264.1790824478241,255.76853117079614,262.4897155761719,3590200,0.0,0.0
2019-10-04 00:00:00-04:00,261.44514093183153,265.1690480043557,257.3306849854648,264.91473388671875,4513300,0.0,0.0
2019-10-07 00:00:00-04:00,264.3425853892195,268.5660301822093,263.85211242775074,266.49517822265625,1988700,0.0,0.0
2019-10-08 00:00:00-04:00,266.0774787306309,268.4662034927695,263.80680568366586,265.1147155761719,2201100,0.0,0.0
2019-10-09 00:00:00-04:00,266.2227221938004,271.1818910568299,266.2227221938004,269.6650695800781,2235500,0.0,0.0
2019-10-10 00:00:00-04:00,271.2363378734777,272.0083719588609,269.0837450802109,269.8830261230469,1637500,0.0,0.0
2019-10-11 00:00:00-04:00,270.72769923022025,273.17094462221115,270.0828083980774,270.3008117675781,1855500,0.0,0.0
2019-10-14 00:00:00-04:00,270.6641895922048,272.7895359426877,270.2100550459092,270.22821044921875,1297600,0.0,0.0
2019-10-15 00:00:00-04:00,270.95469457513354,272.15361577582235,269.96468513034233,271.0182800292969,1580700,0.0,0.0
2019-10-16 00:00:00-04:00,269.5742066559294,271.5451624250457,268.01198299154805,271.3725891113281,1811100,0.0,0.0
2019-10-17 00:00:00-04:00,271.43611848612346,274.85119010009123,271.43611848612346,274.66046142578125,1734600,0.0,0.0
2019-10-18 00:00:00-04:00,274.29717971857644,276.11371733260677,273.37075551396015,275.0782775878906,1853900,0.0,0.0
2019-10-21 00:00:00-04:00,275.2054975025312,275.66872354635956,272.6351085172314,273.46160888671875,1322900,0.0,0.0
2019-10-22 00:00:00-04:00,273.9430381661826,276.9130959519327,272.4353358069351,272.4534912109375,1955600,0.0,0.0
2019-10-23 00:00:00-04:00,272.0991468503472,272.52603428243236,269.9193073385315,270.0464782714844,1798700,0.0,0.0
2019-10-24 00:00:00-04:00,267.98470139306295,270.91841962888554,267.5396585458264,269.8012390136719,2056700,0.0,0.0
2019-10-25 00:00:00-04:00,268.41170504965004,269.9830207503063,268.03931135002017,269.30181884765625,1686200,0.0,0.0
2019-10-28 00:00:00-04:00,268.5751917539032,271.6542096788358,268.1301210336252,271.5179748535156,1672600,0.0,0.0
2019-10-29 00:00:00-04:00,270.854835205306,271.5178814179268,268.67499559579403,268.72039794921875,1295300,0.0,0.0
2019-10-30 00:00:00-04:00,269.6832580840765,272.70778181966966,268.82039140070896,272.33538818359375,1264300,0.0,0.0
2019-10-31 00:00:00-04:00,271.5798192248972,272.72673315830167,268.11179905124374,270.4420166015625,2277400,0.65,0.0
2019-11-01 00:00:00-04:00,271.2430961851156,271.6345214887188,268.9766017296765,269.5136413574219,1364500,0.0,0.0
2019-11-04 00:00:00-05:00,270.48751850017493,271.4523728066323,268.6761457928717,270.17803955078125,1651600,0.0,0.0
2019-11-05 00:00:00-05:00,270.423799893595,272.7904347144443,269.2586912126452,272.3262023925781,2204500,0.0,0.0
2019-11-06 00:00:00-05:00,273.0453161099726,274.5745161278225,271.18841450064997,274.501708984375,1675000,0.0,0.0
2019-11-07 00:00:00-05:00,276.6498024165912,279.53528134125986,275.32996838388095,277.8149108886719,2399400,0.0,0.0
2019-11-08 00:00:00-05:00,275.5668052217284,276.9776977620297,274.23785895131516,275.45758056640625,1501600,0.0,0.0
2019-11-11 00:00:00-05:00,274.483575094665,275.19356303092013,272.79964893574703,273.8373107910156,1160900,0.0,0.0
2019-11-12 00:00:00-05:00,273.8281081374177,275.557590283283,271.85289841265217,273.5277404785156,1540800,0.0,0.0
2019-11-13 00:00:00-05:00,273.236451309253,276.7135825995194,272.6356882241508,275.7123107910156,1517900,0.0,0.0
2019-11-14 00:00:00-05:00,277.068639611767,278.43400292664995,275.13890279288677,277.25067138671875,1336400,0.0,0.0
2019-11-15 00:00:00-05:00,277.90603833155586,278.02437425974387,274.5290476146802,276.4041442871094,1706100,0.0,0.0
2019-11-18 00:00:00-05:00,275.90347183502723,278.87998130433357,275.57579800999423,277.20513916015625,1241300,0.0,0.0
2019-11-19 00:00:00-05:00,277.16866687534076,277.2961140787905,274.3924401083023,275.11151123046875,1761400,0.0,0.0
2019-11-20 00:00:00-05:00,275.29376291743546,275.9582499885076,271.2613950310188,273.59161376953125,1979500,0.0,0.0
2019-11-21 00:00:00-05:00,273.7006732431322,274.77475215217817,272.63567786492104,273.318359375,1302500,0.0,0.0
2019-11-22 00:00:00-05:00,274.8384598442219,274.8384598442219,270.5512279871436,272.44451904296875,1277300,0.0,0.0
2019-11-25 00:00:00-05:00,273.33660482242124,273.6460837994322,270.84252260799485,272.2078857421875,1613000,0.0,0.0
2019-11-26 00:00:00-05:00,272.3990931793589,274.30149606852365,271.998584383915,274.20135498046875,3359100,0.0,0.0
2019-11-27 00:00:00-05:00,274.7293198853604,275.61225597039424,273.591517083945,273.76446533203125,1906500,0.0,0.0
2019-11-29 00:00:00-05:00,273.818980913399,273.8827045145802,272.7630969532864,272.8996276855469,981600,0.0,0.0
2019-12-02 00:00:00-05:00,272.84508810065927,273.2547081849755,267.8569510519277,270.6969299316406,2705500,0.0,0.0
2019-12-03 00:00:00-05:00,268.6397481224941,269.6046025000222,266.4278665463711,269.13128662109375,1921400,0.0,0.0
2019-12-04 00:00:00-05:00,269.4681003150045,270.48756710286875,268.65797144848483,269.9049987792969,1742000,0.0,0.0
2019-12-05 00:00:00-05:00,270.46029804945965,270.46029804945965,266.2458717714074,266.7920227050781,1941100,0.0,0.0
2019-12-06 00:00:00-05:00,268.5032583037238,269.4225840506209,267.84788279846487,268.4759521484375,1462000,0.0,0.0
2019-12-09 00:00:00-05:00,268.52138065674,270.5148127896486,268.1117606596403,268.6670227050781,1960000,0.0,0.0
2019-12-10 00:00:00-05:00,269.4590058696908,270.05976907408126,268.11183737090124,269.2314453125,1565900,0.0,0.0
2019-12-11 00:00:00-05:00,269.43170583244375,269.7502961754234,266.74648008525804,268.7945251464844,1749800,0.0,0.0
2019-12-12 00:00:00-05:00,268.76722009179144,271.03374219147673,267.7204470563296,270.65142822265625,2742700,0.0,0.0
2019-12-13 00:00:00-05:00,268.1937825405562,268.52145640797005,263.1510328354883,265.6723937988281,5195600,0.0,0.0
2019-12-16 00:00:00-05:00,266.7282824482185,268.02992218446934,266.5644455118489,267.1560974121094,2410000,0.0,0.0
2019-12-17 00:00:00-05:00,267.1561394699327,269.7048070315425,266.47345768253086,269.0221252441406,2474100,0.0,0.0
2019-12-18 00:00:00-05:00,269.42258732174645,269.7593725004957,265.6268927989278,265.6723937988281,3309800,0.0,0.0
2019-12-19 00:00:00-05:00,265.8453652744862,267.43828930762777,265.33563180615215,267.3472595214844,2333600,0.0,0.0
2019-12-20 00:00:00-05:00,267.4746187966188,268.5395863868606,266.5006531841962,268.36663818359375,4866500,0.0,0.0
2019-12-23 00:00:00-05:00,268.4394860962961,268.8035773603447,266.7282265990464,266.98309326171875,1309800,0.0,0.0
2019-12-24 00:00:00-05:00,267.5292115182937,268.02074994310414,267.02856178501554,267.82049560546875,543600,0.0,0.0
2019-12-26 00:00:00-05:00,268.05725474313283,269.18597412109375,267.5202151020992,269.18597412109375,1101800,0.0,0.0
2019-12-27 00:00:00-05:00,269.63199055309695,269.70479771874625,266.8648460257597,267.71136474609375,1439100,0.0,0.0
2019-12-30 00:00:00-05:00,267.79323495613403,269.0766518626894,267.301696447812,268.64886474609375,1238900,0.0,0.0
2019-12-31 00:00:00-05:00,268.5214710651488,268.9310912001634,265.95458118340736,267.5384216308594,1550700,0.0,0.0
2020-01-02 00:00:00-05:00,267.66580605752137,268.13912197822157,264.88046728361405,265.32647705078125,2103600,0.0,0.0
2020-01-03 00:00:00-05:00,264.0157244691611,266.6099201520732,263.3603490100927,265.5449523925781,1926000,0.0,0.0
2020-01-06 00:00:00-05:00,264.47082291656744,265.85440864421645,262.7140623843642,265.61773681640625,2655100,0.0,0.0
2020-01-07 00:00:00-05:00,265.1716989788224,265.50848406522834,263.31479757079035,265.1990051269531,1963400,0.0,0.0
2020-01-08 00:00:00-05:00,264.8713809256727,268.95838747870516,264.4253711164883,268.2392883300781,2492800,0.0,0.0
2020-01-09 00:00:00-05:00,271.75283513018206,274.85676479312724,270.9882349102717,272.5447692871094,3261200,0.0,0.0
2020-01-10 00:00:00-05:00,273.0725177516129,273.31827301737513,270.0323137207164,270.56024169921875,2024200,0.0,0.0
2020-01-13 00:00:00-05:00,270.26911744997517,273.66430296730323,270.15986505568554,272.9543151855469,1778600,0.0,0.0
2020-01-14 00:00:00-05:00,272.3900021512475,273.98292614043606,271.7801276014666,272.8451232910156,1459900,0.0,0.0
2020-01-15 00:00:00-05:00,271.5707922339368,274.01934621141,271.28861934687245,273.819091796875,1604000,0.0,0.0
2020-01-16 00:00:00-05:00,274.3379057364779,276.76823681688506,273.96470310686004,275.8306884765625,1758600,0.0,0.0
2020-01-17 00:00:00-05:00,276.1675020772224,277.8969568527986,275.83071687831006,277.3326110839844,2506500,0.0,0.0
2020-01-21 00:00:00-05:00,278.7162383844037,285.2153547780763,278.3157294998195,285.1425476074219,3585900,0.0,0.0
2020-01-22 00:00:00-05:00,285.269862914145,285.4155049806563,282.3661884505893,283.8954162597656,2218900,0.0,0.0
2020-01-23 00:00:00-05:00,284.0138384274515,285.26997744936216,282.8396456707915,284.7966613769531,1535900,0.0,0.0
2020-01-24 00:00:00-05:00,285.8342748205405,286.07094670578294,281.35589829530363,282.63934326171875,1986100,0.0,0.0
2020-01-27 00:00:00-05:00,278.6706831622758,283.786240601107,278.21556199827455,281.67449951171875,2265100,0.0,0.0
2020-01-28 00:00:00-05:00,282.6393124914147,283.73158645696356,281.3558676647253,282.94879150390625,1571700,0.0,0.0
2020-01-29 00:00:00-05:00,282.9578639783711,283.9682472187837,281.6198346730019,281.7927551269531,1713700,0.0,0.0
2020-01-30 00:00:00-05:00,281.1192308900644,281.8474414030345,279.1440206388627,281.69268798828125,1232600,0.0,0.0
2020-01-31 00:00:00-05:00,280.85516971519274,281.4286266436773,277.22331287263387,278.0971374511719,1837000,0.0,0.0
2020-02-03 00:00:00-05:00,279.4443691834709,280.8825397079175,274.5927902406593,274.8931579589844,2816800,0.0,0.0
2020-02-04 00:00:00-05:00,277.2324996997675,278.4522210295388,275.5849633844623,277.5328674316406,1982300,0.0,0.0
2020-02-05 00:00:00-05:00,279.4444071391473,281.8019315402366,277.98801379381854,281.2193908691406,1731800,0.0,0.0
2020-02-06 00:00:00-05:00,282.1771116743652,284.4483844675463,280.8088696858071,283.326416015625,1917900,0.65,0.0
2020-02-07 00:00:00-05:00,282.7699058521588,286.24523698422496,281.96719973002223,286.0810546875,1903500,0.0,0.0
2020-02-10 00:00:00-05:00,286.19968706063634,289.1003527934796,285.1415768019935,286.22705078125,2336300,0.0,0.0
2020-02-11 00:00:00-05:00,286.4460971735962,286.81095623478967,283.1988042061386,283.3903503417969,2047500,0.0,0.0
2020-02-12 00:00:00-05:00,283.4723997982432,287.7687002097755,283.4723997982432,287.4403076171875,1384600,0.0,0.0
2020-02-13 00:00:00-05:00,287.19397953998305,290.78789714712667,285.9990505110901,290.2497253417969,1438000,0.0,0.0
2020-02-14 00:00:00-05:00,290.86081410767116,291.71824779399253,289.1094803325518,290.3500061035156,1113400,0.0,0.0
2020-02-18 00:00:00-05:00,290.97948504179027,295.0659781132113,290.6237287359561,293.7615661621094,1547100,0.0,0.0
2020-02-19 00:00:00-05:00,293.7888675132167,296.0236735915378,293.46963336227145,294.64630126953125,1413600,0.0,0.0
2020-02-20 00:00:00-05:00,294.0078352648835,296.51627882595955,292.81290619547264,295.61322021484375,1427500,0.0,0.0
2020-02-21 00:00:00-05:00,294.22669301567663,296.6895392110808,292.8310875948006,293.6702880859375,2239000,0.0,0.0
2020-02-24 00:00:00-05:00,287.7868584759699,291.8915838742009,285.74362629667473,286.0719909667969,2300400,0.0,0.0
2020-02-25 00:00:00-05:00,287.33083649817115,288.762936554603,277.66192024227,278.09063720703125,2881800,0.0,0.0
2020-02-26 00:00:00-05:00,280.53516849753913,283.9557730289038,277.9172702834469,278.83856201171875,2236000,0.0,0.0
2020-02-27 00:00:00-05:00,275.45453157423384,278.2092492007524,267.2633115272802,267.38189697265625,3625300,0.0,0.0
2020-02-28 00:00:00-05:00,260.1940073733261,262.09129060389756,247.45111306789227,256.4450378417969,7091800,0.0,0.0
2020-03-02 00:00:00-05:00,268.5767825821425,282.3230604216607,265.7855711564468,281.9855651855469,7563800,0.0,0.0
2020-03-03 00:00:00-05:00,281.9856929899889,286.5738654177215,274.5880468210833,276.13873291015625,5131400,0.0,0.0
2020-03-04 00:00:00-05:00,281.2102278693464,292.7764270029732,278.22744246588746,292.5666198730469,4219300,0.0,0.0
2020-03-05 00:00:00-05:00,288.0331810535612,296.0054902255712,285.68894752724424,288.0240783691406,6407700,0.0,0.0
2020-03-06 00:00:00-05:00,284.72199415587284,289.6020340290977,276.15678761269004,283.99224853515625,6185500,0.0,0.0
2020-03-09 00:00:00-04:00,269.86297458262237,283.0710547603456,267.26330884388227,275.45452880859375,5203100,0.0,0.0
2020-03-10 00:00:00-04:00,280.9183332301524,282.5237461205912,268.5585580215215,282.22271728515625,4245500,0.0,0.0
2020-03-11 00:00:00-04:00,274.4329066092094,280.75420721553803,268.3488047472453,271.30419921875,3622700,0.0,0.0
2020-03-12 00:00:00-04:00,255.8064058452266,269.6621321877202,252.0665405758168,255.2682342529297,7307600,0.0,0.0
2020-03-13 00:00:00-04:00,263.45951452481654,276.6128916453798,253.82709421005723,275.7189636230469,6100100,0.0,0.0
2020-03-16 00:00:00-04:00,257.07442376493975,273.21969096697404,254.95823056644832,258.30584716796875,5465500,0.0,0.0
2020-03-17 00:00:00-04:00,263.61463968997106,280.20685747388455,261.1517928210608,280.0244140625,7170600,0.0,0.0
2020-03-18 00:00:00-04:00,271.82406134876777,290.06728694264484,269.9997387893801,280.4895935058594,6701800,0.0,0.0
2020-03-19 00:00:00-04:00,283.1440011101577,286.28183830482726,276.0473870931683,278.4098815917969,5429500,0.0,0.0
2020-03-20 00:00:00-04:00,280.87273577017487,280.95482695142437,261.8085412428553,264.909912109375,6581200,0.0,0.0
2020-03-23 00:00:00-04:00,266.3602480154509,269.6987619381735,253.96397845607862,260.4494323730469,5646400,0.0,0.0
2020-03-24 00:00:00-04:00,268.71370091452474,271.2312760117818,257.9866708517405,259.9113464355469,7124200,0.0,0.0
2020-03-25 00:00:00-04:00,259.2453207102426,265.1834988892565,254.68451481839173,256.1895751953125,5639600,0.0,0.0
2020-03-26 00:00:00-04:00,256.62741634654736,267.92910643367475,256.18956897026675,266.62469482421875,5463100,0.0,0.0
2020-03-27 00:00:00-04:00,261.9089272154469,267.7102608002582,258.44269692885393,259.3548583984375,4250400,0.0,0.0
2020-03-30 00:00:00-04:00,262.23728094732195,266.0592395709987,260.7322201532366,265.5484313964844,4396000,0.0,0.0
2020-03-31 00:00:00-04:00,262.173390684202,265.91322942496504,259.05378705659984,260.08453369140625,5618600,0.0,0.0
2020-04-01 00:00:00-04:00,257.5578947698995,263.4322167601646,256.22614684151023,261.58966064453125,3745800,0.0,0.0
2020-04-02 00:00:00-04:00,259.40038983097946,267.0625378509283,257.9774206774296,265.8767395019531,3500600,0.0,0.0
2020-04-03 00:00:00-04:00,263.76056028386813,266.6612264868011,260.6956838936921,263.29534912109375,2650100,0.0,0.0
2020-04-06 00:00:00-04:00,267.2632735264006,278.65615979381306,264.1345668004591,278.31866455078125,5272500,0.0,0.0
2020-04-07 00:00:00-04:00,279.57746291515787,282.7700277445316,276.585574702823,276.9595642089844,4036500,0.0,0.0
2020-04-08 00:00:00-04:00,278.30949051542336,280.416608498517,275.72808656633526,279.0939636230469,3964400,0.0,0.0
2020-04-09 00:00:00-04:00,273.14669315568494,277.6162776430698,271.44092826194554,273.6575012207031,6487600,0.0,0.0
2020-04-13 00:00:00-04:00,272.353163111803,277.2514936543489,271.5139901368614,273.30181884765625,3120400,0.0,0.0
2020-04-14 00:00:00-04:00,276.1568259204137,287.1027612170115,274.78858400833906,286.5463562011719,4288300,0.0,0.0
2020-04-15 00:00:00-04:00,284.2659195337778,286.1905662350089,279.8692960266063,283.0162353515625,2937300,0.0,0.0
2020-04-16 00:00:00-04:00,287.0845259813435,294.2905944332213,284.63080994276305,293.3145751953125,3940000,0.0,0.0
2020-04-17 00:00:00-04:00,293.0865051231513,293.83448396805744,286.43684235827135,289.9942932128906,3688000,0.0,0.0
2020-04-20 00:00:00-04:00,290.02170778624816,290.41393047968353,284.1656197634876,284.66729736328125,3156300,0.0,0.0
2020-04-21 00:00:00-04:00,283.8099008792456,284.49402190398735,273.05551057595864,274.861572265625,3833000,0.0,0.0
2020-04-22 00:00:00-04:00,277.2970102302232,283.8007241674955,275.50918203755884,282.2409362792969,2970600,0.0,0.0
2020-04-23 00:00:00-04:00,280.06092427264053,282.4416800931922,278.0176915660811,278.5740966796875,2625200,0.0,0.0
2020-04-24 00:00:00-04:00,280.33456751911876,283.5271326093665,278.6744548282784,283.271728515625,2019400,0.0,0.0
2020-04-27 00:00:00-04:00,285.55220802131436,285.77114575766234,280.5718129516101,281.65728759765625,2287300,0.0,0.0
2020-04-28 00:00:00-04:00,283.5271521089289,283.9285054034055,277.5525053067713,278.1636657714844,2425900,0.0,0.0
2020-04-29 00:00:00-04:00,278.1635596417698,281.56590298674195,274.66996677555125,280.1155700683594,3667700,0.0,0.0
2020-04-30 00:00:00-04:00,279.8961631947876,281.4960922993314,276.62317764573413,277.01629638671875,3794300,0.7,0.0
2020-05-01 00:00:00-04:00,275.9008924368469,278.6802054262839,274.438094658167,276.0289001464844,2525400,0.0,0.0
2020-05-04 00:00:00-04:00,277.016262745642,279.3293017112917,274.3375313234736,278.37847900390625,2477500,0.0,0.0
2020-05-05 00:00:00-04:00,278.89967865749276,283.2331926015913,277.4186056842213,281.5144348144531,2460900,0.0,0.0
2020-05-06 00:00:00-04:00,283.34288604418686,284.3668362091003,280.25273278900556,282.4012145996094,2406700,0.0,0.0
2020-05-07 00:00:00-04:00,282.81267034397996,283.2972192927951,278.41515217627415,278.8448486328125,2601800,0.0,0.0
2020-05-08 00:00:00-04:00,279.6675849796108,280.83781765213564,277.65626239587476,279.70416259765625,2337400,0.0,0.0
2020-05-11 00:00:00-04:00,279.4299880178237,285.08914158937256,278.8448575474243,283.7177734375,1865900,0.0,0.0
2020-05-12 00:00:00-04:00,284.1839883099552,284.83309462107087,278.6528157437213,278.6985168457031,2264900,0.0,0.0
2020-05-13 00:00:00-04:00,278.6985174453788,280.12473779710905,274.3832787681933,276.2300720214844,2954900,0.0,0.0
2020-05-14 00:00:00-04:00,275.1969368136716,276.9065707507863,269.2817696785169,274.03582763671875,3718900,0.0,0.0
2020-05-15 00:00:00-04:00,273.42335073168033,274.11815819280514,270.4886032070498,273.55133056640625,4577200,0.0,0.0
2020-05-18 00:00:00-04:00,275.846082629281,277.1900242856202,274.2004523115622,276.7969055175781,3987300,0.0,0.0
2020-05-19 00:00:00-04:00,278.49740989775614,282.5200837976275,277.1534681372855,278.5065612792969,3523000,0.0,0.0
2020-05-20 00:00:00-04:00,280.4629335093451,281.5143375981621,277.19910000669387,278.762451171875,2827000,0.0,0.0
2020-05-21 00:00:00-04:00,278.65285516271877,278.8814165060622,275.41641872882064,276.0746765136719,2492100,0.0,0.0
2020-05-22 00:00:00-04:00,276.1112413255492,277.87572811813175,275.03241063061876,276.4952087402344,2366400,0.0,0.0
2020-05-26 00:00:00-04:00,279.7682136905211,280.5818775007152,277.5008752981944,278.6619567871094,3234600,0.0,0.0
2020-05-27 00:00:00-04:00,278.44264324029183,280.0425730721036,273.7891363918325,279.768310546875,2980200,0.0,0.0
2020-05-28 00:00:00-04:00,280.90179850728464,284.3302175289358,280.58180715182147,283.0137023925781,4301900,0.0,0.0
2020-05-29 00:00:00-04:00,278.1134552282298,282.3921169023737,276.4220956983298,282.01727294921875,4971800,0.0,0.0
2020-06-01 00:00:00-04:00,281.4961225907444,283.178330596476,280.17960712529316,281.8526916503906,2293700,0.0,0.0
2020-06-02 00:00:00-04:00,281.5418195769259,282.52004073330045,278.58879754641237,280.75555419921875,2528900,0.0,0.0
2020-06-03 00:00:00-04:00,281.13044537309986,281.7704282788862,279.68594999506877,280.3442077636719,2165900,0.0,0.0
2020-06-04 00:00:00-04:00,284.1931757215749,288.30727984136445,282.58409495987985,284.10174560546875,4553900,0.0,0.0
2020-06-05 00:00:00-04:00,286.2776520169758,286.7347746937441,280.9384625003891,285.2811279296875,4375600,0.0,0.0
2020-06-08 00:00:00-04:00,284.01941681927326,284.5953957586295,280.1795758239313,280.84698486328125,3764500,0.0,0.0
2020-06-09 00:00:00-04:00,281.1304151349615,282.13609049279023,279.0002359729455,279.3476257324219,3155800,0.0,0.0
2020-06-10 00:00:00-04:00,280.1978590240333,282.1634804842091,279.4390199376631,280.9749450683594,2713700,0.0,0.0
2020-06-11 00:00:00-04:00,280.6641642349174,282.68466649762246,274.85872872420697,275.03240966796875,3443000,0.0,0.0
2020-06-12 00:00:00-04:00,276.714668897823,278.981979644968,270.84520112380693,273.0851135253906,4020000,0.0,0.0
2020-06-15 00:00:00-04:00,271.576578207157,272.50912634849686,268.64185835774265,271.6954345703125,3266800,0.0,0.0
2020-06-16 00:00:00-04:00,275.50781377566415,276.77860017460114,273.56046691417583,275.5169372558594,2633800,0.0,0.0
2020-06-17 00:00:00-04:00,275.206050612052,276.10202085637866,273.26785545953175,273.9169616699219,2188400,0.0,0.0
2020-06-18 00:00:00-04:00,274.2735814170498,275.0141178548317,272.25310717943194,273.8804626464844,1881800,0.0,0.0
2020-06-19 00:00:00-04:00,274.43817753744145,276.0106807418165,273.03025970952547,274.18218994140625,3438000,0.0,0.0
2020-06-22 00:00:00-04:00,273.9993745013048,275.6267302980191,272.67370742902136,274.68505859375,2094400,0.0,0.0
2020-06-23 00:00:00-04:00,275.8552731356166,278.75341541406567,274.94102774042415,275.4530029296875,2409600,0.0,0.0
2020-06-24 00:00:00-04:00,274.977553524107,275.44382756323193,271.1651661824298,272.46337890625,2398100,0.0,0.0
2020-06-25 00:00:00-04:00,271.58571577895253,275.32497583445775,270.0680651815148,274.7581481933594,2274300,0.0,0.0
2020-06-26 00:00:00-04:00,274.6484512818219,276.211803031488,270.57092479823274,271.12860107421875,2866000,0.0,0.0
2020-06-29 00:00:00-04:00,271.93312151025117,275.763811510503,271.37541737461163,275.72723388671875,1841700,0.0,0.0
2020-06-30 00:00:00-04:00,275.19699004403464,278.49740222509996,274.40160108740355,277.20831298828125,2391700,0.0,0.0
2020-07-01 00:00:00-04:00,276.55918963137367,279.3750527404689,274.95926043515914,278.6162414550781,1906100,0.0,0.0
2020-07-02 00:00:00-04:00,279.7589528479747,282.42856036054,278.4790155065563,279.521240234375,2540500,0.0,0.0
2020-07-06 00:00:00-04:00,281.1577954459915,284.84220209553695,280.89265655393416,284.7781982421875,2332400,0.0,0.0
2020-07-07 00:00:00-04:00,283.4343626257619,290.7757524281958,283.1601001526674,289.1118469238281,3346600,0.0,0.0
2020-07-08 00:00:00-04:00,289.9437796696094,290.7757183740826,287.0821872997124,289.194091796875,2364500,0.0,0.0
2020-07-09 00:00:00-04:00,292.55848647665596,300.7684190476057,292.26592129404696,297.6234130859375,5313600,0.0,0.0
2020-07-10 00:00:00-04:00,298.04395548884673,299.3238932758665,295.4017732887209,298.2542419433594,2484100,0.0,0.0
2020-07-13 00:00:00-04:00,298.31824472416025,300.88727190993734,293.92987823116374,295.2281188964844,2583200,0.0,0.0
2020-07-14 00:00:00-04:00,293.7653747492913,300.475933462441,292.9699856175689,299.8725280761719,1844800,0.0,0.0
2020-07-15 00:00:00-04:00,299.96389784064013,301.07927825735675,297.6965593819146,298.6839599609375,1770700,0.0,0.0
2020-07-16 00:00:00-04:00,298.6108239852502,299.78105696516565,296.2703580254193,298.29083251953125,1402000,0.0,0.0
2020-07-17 00:00:00-04:00,299.2325116659465,299.6896343711499,296.74576303361755,296.9377746582031,1768100,0.0,0.0
2020-07-20 00:00:00-04:00,297.0291201920999,299.36043416450906,294.9903434632906,298.51019287109375,1863300,0.0,0.0
2020-07-21 00:00:00-04:00,298.95817208882744,303.06312399453213,298.50104950153565,299.63470458984375,1874200,0.0,0.0
2020-07-22 00:00:00-04:00,301.3809346392707,301.3900860197514,297.1388512782472,300.1466979980469,1312600,0.0,0.0
2020-07-23 00:00:00-04:00,299.96392913334535,302.04840758361803,297.4314514530258,298.1445617675781,1561700,0.0,0.0
2020-07-24 00:00:00-04:00,298.24501296268375,300.5580517582923,296.82794433514357,297.8427429199219,1423400,0.0,0.0
2020-07-27 00:00:00-04:00,297.75147227454414,300.7867740768643,297.2943495175884,299.5068359375,2083300,0.0,0.0
2020-07-28 00:00:00-04:00,299.84506269432046,301.70097972631163,297.87944067924496,299.4793701171875,1374000,0.0,0.0
2020-07-29 00:00:00-04:00,298.976509555956,299.90905768566455,297.48631304578765,298.1719970703125,1341300,0.0,0.0
2020-07-30 00:00:00-04:00,295.65237681948565,299.0973420048368,295.02018846450227,297.6039123535156,1390300,0.7,0.0
2020-07-31 00:00:00-04:00,297.6039225021566,298.9690691318016,295.5241038289731,298.2544250488281,2149900,0.0,0.0
2020-08-03 00:00:00-04:00,298.2727313981737,302.2491150967205,297.12746668237577,301.72686767578125,2480200,0.0,0.0
2020-08-04 00:00:00-04:00,301.9467243602759,311.3470653105883,301.36036341420504,311.319580078125,3933300,0.0,0.0
2020-08-05 00:00:00-04:00,313.2161533549746,314.0132811099567,309.3039390244354,311.4845275878906,2923700,0.0,0.0
2020-08-06 00:00:00-04:00,313.7200318132135,316.2029575350321,312.9870457229952,314.54461669921875,2104300,0.0,0.0
2020-08-07 00:00:00-04:00,314.3888650798234,315.8456381835451,311.1729533833559,312.345703125,1759000,0.0,0.0
2020-08-10 00:00:00-04:00,312.16252649972654,312.4923772998483,310.2109908173244,311.51202392578125,1503800,0.0,0.0
2020-08-11 00:00:00-04:00,312.2908099074456,312.2908099074456,303.99907601491464,304.5762939453125,2065600,0.0,0.0
2020-08-12 00:00:00-04:00,305.78565090269535,310.5041355042875,305.2542604262457,308.54345703125,1853900,0.0,0.0
2020-08-13 00:00:00-04:00,308.75418917032965,311.0172333148086,307.0500487337221,307.5722961425781,1536500,0.0,0.0
2020-08-14 00:00:00-04:00,308.3326905967739,310.37585254361073,307.48062051387177,308.1036376953125,1522900,0.0,0.0
2020-08-17 00:00:00-04:00,309.3589251803981,311.8510225277597,309.09321591526583,311.4753723144531,1504700,0.0,0.0
2020-08-18 00:00:00-04:00,312.4282106552068,314.0773806415952,308.58928113787687,312.19915771484375,1489400,0.0,0.0
2020-08-19 00:00:00-04:00,312.53811553424896,313.28941580249494,311.4661635549407,312.3365478515625,1730100,0.0,0.0
2020-08-20 00:00:00-04:00,311.6402653757457,313.0328971132333,310.3575466095284,312.30908203125,1717500,0.0,0.0
2020-08-21 00:00:00-04:00,311.57613655968754,316.8626682918368,310.89812085144627,315.7357177734375,2372600,0.0,0.0
2020-08-24 00:00:00-04:00,316.1938291084766,317.11004087437607,313.4451938107784,315.29595947265625,1461500,0.0,0.0
2020-08-25 00:00:00-04:00,315.30514258406134,316.01061560495367,312.84967370760995,315.8273620605469,1176200,0.0,0.0
2020-08-26 00:00:00-04:00,314.26972578640346,315.9372095206285,313.0603198565248,315.42413330078125,1757000,0.0,0.0
2020-08-27 00:00:00-04:00,316.6520438202679,318.6035800260394,313.84843708990076,317.3392028808594,2220700,0.0,0.0
2020-08-28 00:00:00-04:00,318.3561400056861,319.8129135256324,316.55120150099145,319.18072509765625,1487300,0.0,0.0
2020-08-31 00:00:00-04:00,317.7880526005589,319.5288493417777,315.4425527461783,318.5301818847656,1586900,0.0,0.0
2020-09-01 00:00:00-04:00,316.74366394162877,322.039368538499,316.46881150741723,321.9385986328125,1773700,0.0,0.0
2020-09-02 00:00:00-04:00,323.9816662423107,329.76298887131236,321.8743901235039,328.7917785644531,2434900,0.0,0.0
2020-09-03 00:00:00-04:00,332.6489804857442,333.19871308439826,316.5694487680601,319.11651611328125,3630400,0.0,0.0
2020-09-04 00:00:00-04:00,324.32065733220077,324.32065733220077,311.87848564886593,317.5315246582031,2557000,0.0,0.0
2020-09-08 00:00:00-04:00,315.0302433394568,316.0197676828956,309.8444815026508,310.4674987792969,2144300,0.0,0.0
2020-09-09 00:00:00-04:00,312.3366089483947,320.3992898724507,311.8693599257462,317.40325927734375,2100900,0.0,0.0
2020-09-10 00:00:00-04:00,317.25661782314563,318.841674142588,310.37588691445785,311.08135986328125,1959600,0.0,0.0
2020-09-11 00:00:00-04:00,311.7684508746825,314.49877123476824,307.9386934811512,310.7148132324219,1599600,0.0,0.0
2020-09-14 00:00:00-04:00,312.4189464369962,315.94636625893764,311.9425265288971,314.187255859375,1522300,0.0,0.0
2020-09-15 00:00:00-04:00,316.11128065709937,318.6217191722794,314.03149062452553,315.09429931640625,1362500,0.0,0.0
2020-09-16 00:00:00-04:00,318.1728741617502,319.5380488103171,314.48971264753055,314.92950439453125,1656500,0.0,0.0
2020-09-17 00:00:00-04:00,311.12723244853885,314.1599196367962,308.1862000052462,310.48590087890625,2681500,0.0,0.0
2020-09-18 00:00:00-04:00,311.69518079359784,312.6297065096947,303.4492768356779,307.8104248046875,3409300,0.0,0.0
2020-09-21 00:00:00-04:00,305.9873104417553,311.1639024412717,305.7490863839615,311.11810302734375,2427400,0.0,0.0
2020-09-22 00:00:00-04:00,312.15337804067576,316.00145090565445,311.1363683816904,315.58917236328125,2128100,0.0,0.0
2020-09-23 00:00:00-04:00,318.84165713555035,319.0707100501592,315.2317809644697,315.7540283203125,3577100,0.0,0.0
2020-09-24 00:00:00-04:00,316.0930525809956,318.22781364795264,309.96359375931905,317.92547607421875,5779300,0.0,0.0
2020-09-25 00:00:00-04:00,312.1899976295148,314.9661182459281,307.26077370585165,313.8758239746094,7338500,0.0,0.0
2020-09-28 00:00:00-04:00,314.9569706388377,320.4633844269269,314.3522675083885,320.3259582519531,3459200,0.0,0.0
2020-09-29 00:00:00-04:00,319.7121088720171,324.6046763769093,318.017111502508,322.63482666015625,2526000,0.0,0.0
2020-09-30 00:00:00-04:00,323.01962896638986,327.72897102481255,321.7461091078451,325.25518798828125,2525800,0.0,0.0
2020-10-01 00:00:00-04:00,326.40964366866604,329.55224361364566,325.0902963636159,328.42529296875,2053000,0.0,0.0
2020-10-02 00:00:00-04:00,325.0077441023771,327.85714869741633,323.285261856893,325.2642822265625,2125000,0.0,0.0
2020-10-05 00:00:00-04:00,325.5574986729319,328.9016938246002,325.5574986729319,328.5351867675781,2093500,0.0,0.0
2020-10-06 00:00:00-04:00,331.57697236804,332.5848107199091,327.1241974141806,328.3244323730469,2760400,0.0,0.0
2020-10-07 00:00:00-04:00,330.2668208465552,334.1790346003197,329.52469163285,332.6031494140625,1959100,0.0,0.0
2020-10-08 00:00:00-04:00,334.23398562718285,335.30596551828665,331.4395513885043,334.49969482421875,1793100,0.0,0.0
2020-10-09 00:00:00-04:00,335.33351610069496,338.76931032303816,335.0586637471335,338.50360107421875,1730700,0.0,0.0
2020-10-12 00:00:00-04:00,339.91466434920704,348.7652759460211,339.7039255157452,344.9355163574219,2806900,0.0,0.0
2020-10-13 00:00:00-04:00,346.71297961369817,350.2587158077665,344.9355259826781,348.7835998535156,1823300,0.0,0.0
2020-10-14 00:00:00-04:00,350.8083680893121,351.7062378060694,345.1370145103152,346.63958740234375,1904400,0.0,0.0
2020-10-15 00:00:00-04:00,344.917067120476,346.65786385106406,341.8019527667032,345.0270080566406,1697800,0.0,0.0
2020-10-16 00:00:00-04:00,348.618573594001,352.62241449903826,347.35419689544955,349.5714416503906,2459400,0.0,0.0
2020-10-19 00:00:00-04:00,350.02032811242185,350.99151020399285,343.3136522660348,344.0924377441406,1938100,0.0,0.0
2020-10-20 00:00:00-04:00,346.04398327514434,350.06613791343904,344.60552426184785,346.6120300292969,1282300,0.0,0.0
2020-10-21 00:00:00-04:00,346.84110417598185,349.33320115620404,345.4301303076231,346.1631164550781,1466500,0.0,0.0
2020-10-22 00:00:00-04:00,345.73251546250873,346.6762124629851,340.8582621572721,344.2665710449219,1813200,0.0,0.0
2020-10-23 00:00:00-04:00,344.13830658057736,344.9720626879059,342.26008354312853,343.21295166015625,1108000,0.0,0.0
2020-10-26 00:00:00-04:00,335.95650216603764,341.40797300940847,335.44342584672773,339.6488342285156,2145000,0.0,0.0
2020-10-27 00:00:00-04:00,337.871370170922,343.49692329059354,337.871370170922,341.49041748046875,1525400,0.0,0.0
2020-10-28 00:00:00-04:00,336.5520017806277,341.20637246411223,334.11490347882983,334.3805847167969,1908300,0.0,0.0
2020-10-29 00:00:00-04:00,333.43512500408195,338.8144298223005,332.7741837553775,334.931396484375,1838500,0.7,0.0
2020-10-30 00:00:00-04:00,331.507308707096,334.00419423907476,326.6053404670038,328.28521728515625,2724100,0.0,0.0
2020-11-02 00:00:00-05:00,332.5080177603103,335.6658455694535,331.12187024699074,334.5000305175781,1646300,0.0,0.0
2020-11-03 00:00:00-05:00,338.6766780320703,344.05598187294066,337.7128183927151,341.4489440917969,2013100,0.0,0.0
2020-11-04 00:00:00-05:00,343.34008779955263,350.3350622590049,343.32173843344725,345.3137512207031,2449800,0.0,0.0
2020-11-05 00:00:00-05:00,351.1060692394797,354.8697334065146,348.3705015924229,353.6304931640625,2255800,0.0,0.0
2020-11-06 00:00:00-05:00,350.5553337150109,355.07174261018525,349.6465499280922,354.0252685546875,1950200,0.0,0.0
2020-11-09 00:00:00-05:00,356.402795493766,357.5502610298052,334.83963210509245,335.0599365234375,4371300,0.0,0.0
2020-11-10 00:00:00-05:00,334.031822534856,341.06349492559946,331.01168530371183,336.54705810546875,2662600,0.0,0.0
2020-11-11 00:00:00-05:00,339.35601176551427,343.9642508935757,337.9607038780802,342.33026123046875,1688800,0.0,0.0
2020-11-12 00:00:00-05:00,346.0297539535198,347.2139183385896,342.862737541593,344.8914489746094,1535900,0.0,0.0
2020-11-13 00:00:00-05:00,345.6349761515738,348.6734627143278,344.23047942623526,347.7646789550781,1274600,0.0,0.0
2020-11-16 00:00:00-05:00,345.99295395962383,350.00448855593106,345.99295395962383,348.63671875,1691500,0.0,0.0
2020-11-17 00:00:00-05:00,355.5490865096512,356.6139378847716,350.4727001180424,350.592041015625,3299100,0.0,0.0
2020-11-18 00:00:00-05:00,351.48248260652804,356.21919576601874,350.41763120954073,350.8766174316406,2134600,0.0,0.0
2020-11-19 00:00:00-05:00,352.143399378525,353.15317468005713,349.1141014882246,352.07916259765625,1768900,0.0,0.0
2020-11-20 00:00:00-05:00,352.4554515814522,353.8782973430041,349.7566109636854,349.8575744628906,1807600,0.0,0.0
2020-11-23 00:00:00-05:00,351.58348441817407,351.6385605296805,349.1416740889586,350.3992919921875,1679600,0.0,0.0
2020-11-24 00:00:00-05:00,352.2167839210016,354.38318503997516,349.481216460356,352.70330810546875,2061100,0.0,0.0
2020-11-25 00:00:00-05:00,354.14459898243797,356.48541752192557,353.93345523399836,355.9438171386719,2034200,0.0,0.0
2020-11-27 00:00:00-05:00,358.4315232773409,358.6243176665954,355.9438257242768,356.5313415527344,1329400,0.0,0.0
2020-11-30 00:00:00-05:00,359.6156838404679,360.90083958381626,353.630513941849,359.634033203125,3733800,0.0,0.0
2020-12-01 00:00:00-05:00,362.2057767564655,365.56878657673843,359.0782713424062,365.0883483886719,2996800,10.0,0.0
2020-12-02 00:00:00-05:00,363.11956999503377,364.4478184238484,359.44570665368434,361.2637939453125,2212800,0.0,0.0
2020-12-03 00:00:00-05:00,356.08261391366636,356.77029703588175,351.63629017730744,352.36163330078125,3976400,0.0,0.0
2020-12-04 00:00:00-05:00,353.4544392156696,353.54864673157067,350.3269624236751,351.77764892578125,2839700,0.0,0.0
2020-12-07 00:00:00-05:00,352.5689094699623,354.6696190235862,351.0428455893967,351.68341064453125,2652900,0.0,0.0
2020-12-08 00:00:00-05:00,352.26748267503837,357.514498704409,349.25301494431875,355.7058410644531,2685500,0.0,0.0
2020-12-09 00:00:00-05:00,357.85358143767746,358.90863634640294,351.18408201766425,352.58770751953125,2461600,0.0,0.0
2020-12-10 00:00:00-05:00,352.587831310953,353.2566558632527,350.0161125069524,351.1748046875,2566300,0.0,0.0
2020-12-11 00:00:00-05:00,357.7499746571266,357.7499746571266,350.93920654934516,353.35076904296875,3483900,0.0,0.0
2020-12-14 00:00:00-05:00,354.72622989850316,356.2522941753771,351.5704644349872,352.6726379394531,2778400,0.0,0.0
2020-12-15 00:00:00-05:00,352.7855863612655,353.9065895897377,347.88708340921403,350.3175048828125,2133900,0.0,0.0
2020-12-16 00:00:00-05:00,349.6392533438306,351.2218360008725,347.4631950033741,348.01898193359375,2385100,0.0,0.0
2020-12-17 00:00:00-05:00,348.791412255499,349.46023663775617,346.6624434847086,348.8196716308594,2314200,0.0,0.0
2020-12-18 00:00:00-05:00,349.5827368915853,349.82764191872747,344.7124932534607,345.720458984375,4140000,0.0,0.0
2020-12-21 00:00:00-05:00,343.92126507205313,344.89154222769065,340.8314479285383,343.8082275390625,2329700,0.0,0.0
2020-12-22 00:00:00-05:00,342.98855722804285,343.6102921910677,339.7008967986497,341.03857421875,2105500,0.0,0.0
2020-12-23 00:00:00-05:00,341.4342657990543,342.04657144492427,338.6553025818297,340.90673828125,1782100,0.0,0.0
2020-12-24 00:00:00-05:00,340.45452517096635,344.15664679682317,340.45452517096635,343.4407043457031,972500,0.0,0.0
2020-12-28 00:00:00-05:00,344.3074284552526,350.1385196255189,343.9117684190832,349.5450439453125,3207700,0.0,0.0
2020-12-29 00:00:00-05:00,350.6660762305715,351.6175232727912,348.79147027429093,351.10882568359375,2072600,0.0,0.0
2020-12-30 00:00:00-05:00,352.5029599804813,354.06668373207657,351.63629123136667,352.73846435546875,1778000,0.0,0.0
2020-12-31 00:00:00-05:00,353.24713024864224,355.17828335676984,350.8638271429764,354.933349609375,1628900,0.0,0.0
2021-01-04 00:00:00-05:00,355.5457125667222,359.4268206613038,353.07763093850366,358.1080017089844,3322200,0.0,0.0
2021-01-05 00:00:00-05:00,356.8927953207425,358.1645249058468,353.49212538197736,353.9537048339844,2748400,0.0,0.0
2021-01-06 00:00:00-05:00,352.14496056192746,354.01013666384927,348.2167352522034,348.5652770996094,2661400,0.0,0.0
2021-01-07 00:00:00-05:00,349.4978970690254,350.1007732772285,345.5225823512468,346.5870666503906,2849500,0.0,0.0
2021-01-08 00:00:00-05:00,346.77551131763784,348.7914427633147,343.16759658995704,348.489990234375,2599700,0.0,0.0
2021-01-11 00:00:00-05:00,347.2088068359444,349.48850189639734,342.76248296647617,342.90380859375,2562500,0.0,0.0
2021-01-12 00:00:00-05:00,342.89444018680575,343.9024060176678,339.36187383872743,343.0828552246094,2387600,0.0,0.0
2021-01-13 00:00:00-05:00,343.2430094566026,347.3596225022286,341.9524497144014,345.6734313964844,1968800,0.0,0.0
2021-01-14 00:00:00-05:00,344.7784156041802,345.24942436866684,340.59585547569185,341.3400573730469,2363900,0.0,0.0
2021-01-15 00:00:00-05:00,340.1248163208637,343.75158923297494,339.8798825858257,341.1610412597656,2340400,0.0,0.0
2021-01-19 00:00:00-05:00,341.34943398402027,341.9052495853324,332.00463685299127,333.91693115234375,4533800,0.0,0.0
2021-01-20 00:00:00-05:00,333.84163573957846,340.9161684659743,332.9184481293319,340.3509521484375,2767200,0.0,0.0
2021-01-21 00:00:00-05:00,340.35101142006715,342.88504154070944,339.0698810420999,341.7640380859375,2121600,0.0,0.0
2021-01-22 00:00:00-05:00,342.14089937800946,343.48797802270093,338.9851337869959,341.2930603027344,1960300,0.0,0.0
2021-01-25 00:00:00-05:00,339.93643207024775,340.97265710284677,336.1307019477475,340.8973083496094,2735900,0.0,0.0
2021-01-26 00:00:00-05:00,339.31472330763665,344.68420594025724,338.07125327764703,343.81756591796875,1807000,0.0,0.0
2021-01-27 00:00:00-05:00,341.9429397769408,344.59000678099557,334.274931902546,335.72564697265625,3120800,0.0,0.0
2021-01-28 00:00:00-05:00,336.1590568705384,340.6430420390369,335.4242841382309,336.35687255859375,2251100,0.0,0.0
2021-01-29 00:00:00-05:00,334.18072688000944,335.63144196089297,331.47714110297267,331.9952392578125,2598700,0.0,0.0
2021-02-01 00:00:00-05:00,330.8459783012042,332.334382140902,328.9619431863118,330.19598388671875,2371200,0.0,0.0
2021-02-02 00:00:00-05:00,331.3641002818081,336.95968678972235,330.3843939871583,334.96258544921875,1905000,0.0,0.0
2021-02-03 00:00:00-05:00,335.5748898791492,336.79950107701507,332.7299787532559,334.614013671875,1759800,0.0,0.0
2021-02-04 00:00:00-05:00,336.6906272962821,338.266915827712,333.99115073228734,335.87890625,3411600,0.7,0.0
2021-02-05 00:00:00-05:00,336.539495688402,336.82267620834455,334.2270132022348,335.2369689941406,2165600,0.0,0.0
2021-02-08 00:00:00-05:00,336.55841586874305,339.8336720313864,335.61453834411793,339.63543701171875,2520700,0.0,0.0
2021-02-09 00:00:00-05:00,339.8337173939995,341.37224257328506,338.1913506946188,339.3806457519531,2154000,0.0,0.0
2021-02-10 00:00:00-05:00,340.7397940243407,340.7397940243407,335.1897894464137,336.1336669921875,2162400,0.0,0.0
2021-02-11 00:00:00-05:00,335.7655410853163,336.492316363816,331.6691163426871,332.43365478515625,2088400,0.0,0.0
2021-02-12 00:00:00-05:00,332.2355245420225,333.1699831145905,330.45161054868976,332.952880859375,2096600,0.0,0.0
2021-02-16 00:00:00-05:00,333.2643407497602,335.41638085112436,332.28272863676096,334.1327209472656,1829000,0.0,0.0
2021-02-17 00:00:00-05:00,333.2925846826511,338.06863154067196,332.1599489163431,337.9459228515625,2143000,0.0,0.0
2021-02-18 00:00:00-05:00,332.509188207353,338.0969560790846,332.509188207353,336.8887939453125,1914900,0.0,0.0
2021-02-19 00:00:00-05:00,336.67175501402096,337.842154199728,334.6801579944557,334.8594970703125,1839400,0.0,0.0
2021-02-22 00:00:00-05:00,332.952816002815,333.46251796085136,329.24338403039314,330.55535888671875,2215600,0.0,0.0
2021-02-23 00:00:00-05:00,330.1683814534922,331.3010461245797,322.834462682535,322.9477233886719,3692600,0.0,0.0
2021-02-24 00:00:00-05:00,322.60789404821617,323.2780389980059,318.9267776132974,321.5790710449219,3305800,0.0,0.0
2021-02-25 00:00:00-05:00,321.72066600636407,323.74999696103777,314.64158444016067,315.16070556640625,3618100,0.0,0.0
2021-02-26 00:00:00-05:00,316.68042065167174,317.0390987913279,312.36689259083744,312.42352294921875,3362200,0.0,0.0
2021-03-01 00:00:00-05:00,316.3972715495996,317.1429430823279,312.763336232475,313.15032958984375,4653200,0.0,0.0
2021-03-02 00:00:00-05:00,314.9624597536609,315.90633717716554,309.98823610153835,310.0259704589844,4660100,0.0,0.0
2021-03-03 00:00:00-05:00,309.7523245247312,309.98829392462346,305.58982085404847,305.7408447265625,4064200,0.0,0.0
2021-03-04 00:00:00-05:00,305.22177454283013,307.3266325097866,297.35928475745754,301.1347961425781,5501200,0.0,0.0
2021-03-05 00:00:00-05:00,297.63286423458334,300.55889009645483,289.7703777343632,299.5111999511719,8102800,0.0,0.0
2021-03-08 00:00:00-05:00,301.01201701006397,304.2400623586094,293.4704439997417,293.9423828125,4873500,0.0,0.0
2021-03-09 00:00:00-05:00,296.15105736396976,302.30512920328016,295.1599685596563,300.8893127441406,5426800,0.0,0.0
2021-03-10 00:00:00-05:00,303.1169096995012,309.01614554432683,299.5112898379768,305.6559143066406,4523500,0.0,0.0
2021-03-11 00:00:00-05:00,311.8666171790657,312.65947094692154,308.38370635303426,310.20538330078125,4338900,0.0,0.0
2021-03-12 00:00:00-05:00,309.68626789326174,313.0181549011618,307.32657372888895,312.5556640625,3182100,0.0,0.0
2021-03-15 00:00:00-04:00,314.87760770044645,314.9531052425998,308.9500568736844,311.9610290527344,3243000,0.0,0.0
2021-03-16 00:00:00-04:00,311.1680766082048,311.5078586474875,308.3081292248323,308.8838806152344,3066700,0.0,0.0
2021-03-17 00:00:00-04:00,307.70414608537135,311.951595954648,305.9296513089844,310.7151184082031,2672400,0.0,0.0
2021-03-18 00:00:00-04:00,308.15717888133196,309.7240192030499,304.2872748390029,304.8536071777344,2736900,0.0,0.0
2021-03-19 00:00:00-04:00,305.4481767144732,310.77165951472307,304.29667384440637,310.45074462890625,4859300,0.0,0.0
2021-03-22 00:00:00-04:00,310.0165907083498,317.3033264969242,309.7711733294668,315.71759033203125,4064900,0.0,0.0
2021-03-23 00:00:00-04:00,315.1512952938295,323.287515328647,315.0663209643573,321.2392883300781,3641200,0.0,0.0
2021-03-24 00:00:00-04:00,323.0137604267924,323.28749296818967,317.9262468561742,319.068359375,3006400,0.0,0.0
2021-03-25 00:00:00-04:00,318.851342305369,328.26180468061574,318.34164025199846,326.9026184082031,4307100,0.0,0.0
2021-03-26 00:00:00-04:00,326.7797771611754,332.67901074098484,324.78820973096043,332.2637023925781,3061200,0.0,0.0
2021-03-29 00:00:00-04:00,331.72581016950494,337.69109499982767,331.31050170092516,336.1620178222656,3012000,0.0,0.0
2021-03-30 00:00:00-04:00,333.7362237785882,334.8594404089533,329.26225324393414,330.1211853027344,2602400,0.0,0.0
2021-03-31 00:00:00-04:00,330.9801034837255,337.38904008152224,329.6303655071437,332.6979675292969,2832200,0.0,0.0
2021-04-01 00:00:00-04:00,332.754657740866,337.26639206677015,331.89572556355665,335.01995849609375,2938600,0.0,0.0
2021-04-05 00:00:00-04:00,337.4362352886449,342.3160950577259,336.8132726284522,340.5699157714844,2705700,0.0,0.0
2021-04-06 00:00:00-04:00,339.60710146699455,342.4387338710157,338.85201101453066,339.9091491699219,2142000,0.0,0.0
2021-04-07 00:00:00-04:00,340.61714579480326,341.17403018907504,337.54009523184425,338.6727600097656,1808400,0.0,0.0
2021-04-08 00:00:00-04:00,342.43876258081457,345.47804943480287,339.4183717128774,340.94744873046875,2839200,0.0,0.0
2021-04-09 00:00:00-04:00,340.65486818769415,343.29771394664385,339.41839083566504,342.8257751464844,1610800,0.0,0.0
2021-04-12 00:00:00-04:00,342.476467379267,344.7512153367708,341.0606512998552,344.3359069824219,1836600,0.0,0.0
2021-04-13 00:00:00-04:00,344.8362096629262,346.68620153656644,343.82625380346997,344.7135009765625,1796400,0.0,0.0
2021-04-14 00:00:00-04:00,344.37376294300554,344.37376294300554,342.2028270866523,342.7880554199219,1509400,0.0,0.0
2021-04-15 00:00:00-04:00,344.4020364903794,348.8099284085721,343.82625622066865,348.1020202636719,1850100,0.0,0.0
2021-04-16 00:00:00-04:00,348.95162272115243,351.87762076116076,347.8944554237873,349.91436767578125,2249200,0.0,0.0
2021-04-19 00:00:00-04:00,350.1786011280149,350.67885512028914,347.53575528295477,348.8099670410156,1560000,0.0,0.0
2021-04-20 00:00:00-04:00,348.290909525272,354.2939585297791,348.0360728880536,350.8677062988281,2330700,0.0,0.0
2021-04-21 00:00:00-04:00,350.7543573997081,353.55767515409656,350.6222295080981,353.0951843261719,1531800,0.0,0.0
2021-04-22 00:00:00-04:00,353.33111082872756,354.3693818718323,349.26300098221134,350.4239807128906,2138000,0.0,0.0
2021-04-23 00:00:00-04:00,350.42400506962315,353.8125221784362,349.6217033530564,352.33062744140625,1404500,0.0,0.0
2021-04-26 00:00:00-04:00,352.91586569883907,352.91586569883907,347.5451992901273,347.8377990722656,2059700,0.0,0.0
2021-04-27 00:00:00-04:00,347.50740242659083,350.1407999922505,344.78903053507196,349.4328918457031,1875900,0.0,0.0
2021-04-28 00:00:00-04:00,348.81001514450116,349.706710539625,347.5169072203797,348.8477783203125,1305600,0.0,0.0
2021-04-29 00:00:00-04:00,348.6018315507807,354.4380156644393,348.5923633178905,353.3313293457031,1848300,0.79,0.0
2021-04-30 00:00:00-04:00,352.735422430094,353.9177969271781,351.2408849005033,351.95977783203125,2118900,0.0,0.0
2021-05-03 00:00:00-04:00,353.6150747165882,359.08237281263115,352.7164874883994,358.7986145019531,2685800,0.0,0.0
2021-05-04 00:00:00-04:00,358.5242882120488,358.7134796596665,353.5299399804985,354.98663330078125,2133800,0.0,0.0
2021-05-05 00:00:00-04:00,355.9893760543541,357.09606259461214,351.9219898166272,352.34765625,1905300,0.0,0.0
2021-05-06 00:00:00-04:00,353.00016587288707,362.22268414707645,353.00016587288707,362.05242919921875,2641400,0.0,0.0
2021-05-07 00:00:00-04:00,362.11872718924786,365.5429079515517,361.5228346957076,363.52813720703125,1817100,0.0,0.0
2021-05-10 00:00:00-04:00,364.6348655544739,366.9050479242341,360.6526359062421,360.8418273925781,1998700,0.0,0.0
2021-05-11 00:00:00-04:00,358.7891163533632,360.31202947118743,355.6581914981696,357.7202453613281,1859700,0.0,0.0
2021-05-12 00:00:00-04:00,355.65818804960537,356.5473358290542,351.03272595013914,352.06378173828125,2344600,0.0,0.0
2021-05-13 00:00:00-04:00,352.9056580344526,360.8039250142087,351.46790111697896,358.99725341796875,2023100,0.0,0.0
2021-05-14 00:00:00-04:00,361.46603106445843,364.9469341258263,359.5363880964251,363.6226806640625,1876100,0.0,0.0
2021-05-17 00:00:00-04:00,364.20914865226746,366.11038700281273,362.18490988249334,363.18756103515625,1830800,0.0,0.0
2021-05-18 00:00:00-04:00,365.5428805848314,368.38057914121543,361.8160341714553,362.09979248046875,1698200,0.0,0.0
2021-05-19 00:00:00-04:00,356.7459311189806,361.0781662713046,355.781124181947,359.1201477050781,1725000,0.0,0.0
2021-05-20 00:00:00-04:00,358.6660823848354,363.7171810805893,357.81477880538125,362.8280334472656,1427300,0.0,0.0
2021-05-21 00:00:00-04:00,364.2186268244831,364.50241402238936,359.84857532243615,360.1228942871094,1706600,0.0,0.0
2021-05-24 00:00:00-04:00,363.54703579859245,364.8902258838449,361.2295991814092,362.7052001953125,1657000,0.0,0.0
2021-05-25 00:00:00-04:00,362.8660300822852,364.87133278224655,361.3620530573142,364.53082275390625,1379700,0.0,0.0
2021-05-26 00:00:00-04:00,364.98472756530583,366.7724912820485,364.1901755356064,364.7577209472656,1648000,0.0,0.0
2021-05-27 00:00:00-04:00,364.2942034932394,366.7913626446767,362.7523830093876,366.5359802246094,4452000,0.0,0.0
2021-05-28 00:00:00-04:00,363.3672520277428,364.46449880566774,356.6324528573944,357.80535888671875,4681200,0.0,0.0
2021-06-01 00:00:00-04:00,359.3755592996383,359.6309706173429,355.185231801828,357.7675476074219,2117800,0.0,0.0
2021-06-02 00:00:00-04:00,357.9093874906531,361.2578791489717,357.27562224820804,359.99981689453125,1881000,0.0,0.0
2021-06-03 00:00:00-04:00,359.10128079615845,363.4051117439447,358.36345151379015,363.1024169921875,1780300,0.0,0.0
2021-06-04 00:00:00-04:00,363.4050992836728,366.7819671299386,362.95105717160504,366.554931640625,1765900,0.0,0.0
2021-06-07 00:00:00-04:00,364.61593909888336,365.5429311474881,358.0892372897256,359.8202209472656,2515800,0.0,0.0
2021-06-08 00:00:00-04:00,359.82960052266174,360.5863085092967,357.2567529549198,359.15802001953125,1553800,0.0,0.0
2021-06-09 00:00:00-04:00,359.6404055158539,361.1254745130783,358.6188468574009,359.4039306640625,1398900,0.0,0.0
2021-06-10 00:00:00-04:00,359.6971564301312,362.6199821282665,358.95935604872386,362.2889404296875,1404000,0.0,0.0
2021-06-11 00:00:00-04:00,363.09302670214504,363.09302670214504,359.94319356104785,361.1728515625,1404200,0.0,0.0
2021-06-14 00:00:00-04:00,360.18906004410854,363.20648160225056,358.5715511989069,362.9983825683594,1652600,0.0,0.0
2021-06-15 00:00:00-04:00,362.99834914020596,363.69830543221786,360.9173589929304,363.1402282714844,1252000,0.0,0.0
2021-06-16 00:00:00-04:00,363.603788151758,365.53343135304095,356.71764045164815,358.8837585449219,1801700,0.0,0.0
2021-06-17 00:00:00-04:00,359.8012082922122,365.56173201254614,358.6944933239881,363.9347839355469,1686500,0.0,0.0
2021-06-18 00:00:00-04:00,363.93482682748913,364.08617420906563,359.7255625729183,360.2742004394531,3415700,0.0,0.0
2021-06-21 00:00:00-04:00,361.57007034980495,366.677921685424,359.9714979452776,365.8739013671875,1631600,0.0,0.0
2021-06-22 00:00:00-04:00,366.08201520862735,371.26555487631504,365.6469095199447,370.9628601074219,1934800,0.0,0.0
2021-06-23 00:00:00-04:00,371.73852710117734,372.1547252169261,369.4589056974598,370.7642517089844,1538000,0.0,0.0
2021-06-24 00:00:00-04:00,372.13579578807173,374.10325405628396,370.6034143427609,370.85882568359375,1487300,0.0,0.0
2021-06-25 00:00:00-04:00,371.71014621429754,373.20465479757144,370.08319783846656,373.1668395996094,2056100,0.0,0.0
2021-06-28 00:00:00-04:00,373.63031226452756,375.9194018156383,371.8614847719506,375.0870056152344,1645500,0.0,0.0
2021-06-29 00:00:00-04:00,374.85987062257715,377.8300081979565,374.0747869266864,377.2151794433594,1523600,0.0,0.0
2021-06-30 00:00:00-04:00,376.43959521620275,378.8043437780387,373.6302727700792,374.2640380859375,2031700,0.0,0.0
2021-07-01 00:00:00-04:00,374.8599923642778,376.1748066376805,372.5709315437744,373.1857604980469,1523400,0.0,0.0
2021-07-02 00:00:00-04:00,374.7748312009378,379.0881305930669,374.68023547803216,377.3571472167969,1676600,0.0,0.0
2021-07-06 00:00:00-04:00,378.20842493959594,379.6840257422899,375.6261091016015,377.28143310546875,2113100,0.0,0.0
2021-07-07 00:00:00-04:00,377.6031401640279,384.1487493745839,377.6031401640279,382.7866516113281,2308600,0.0,0.0
2021-07-08 00:00:00-04:00,381.670428102826,386.5323651321294,381.3488257537898,385.1229553222656,2235500,0.0,0.0
2021-07-09 00:00:00-04:00,386.4472040915906,391.6023675785604,385.5391487131757,390.060546875,2304200,0.0,0.0
2021-07-12 00:00:00-04:00,391.640251681563,391.93347822818345,382.6447378634837,385.8135070800781,2491300,0.0,0.0
2021-07-13 00:00:00-04:00,382.80550252907136,387.1471773542106,382.80550252907136,385.0378112792969,1540300,0.0,0.0
2021-07-14 00:00:00-04:00,386.47560831856777,388.26337224482825,385.2270429064618,387.7715148925781,1265800,0.0,0.0
2021-07-15 00:00:00-04:00,388.25393630722454,389.89982121748625,385.8135280746196,389.5403747558594,1894100,0.0,0.0
2021-07-16 00:00:00-04:00,389.8240556374493,391.053742175896,387.6011862768284,388.1687316894531,1413900,0.0,0.0
2021-07-19 00:00:00-04:00,387.8756279462802,392.8510695962642,387.8661597119962,391.7443542480469,2293100,0.0,0.0
2021-07-20 00:00:00-04:00,391.60232509579635,395.45214232120935,390.5145466327305,393.72113037109375,2045400,0.0,0.0
2021-07-21 00:00:00-04:00,394.5441050059008,394.5441050059008,389.91867171454277,392.5577392578125,1480000,0.0,0.0
2021-07-22 00:00:00-04:00,393.4941126451922,395.9534566225359,391.1766477909238,394.9508056640625,1339200,0.0,0.0
2021-07-23 00:00:00-04:00,395.6603686906809,401.0519793213636,394.4874335072454,400.52227783203125,1344500,0.0,0.0
2021-07-26 00:00:00-04:00,400.4938861324662,401.5343814690677,397.60890388997404,400.3330993652344,1220000,0.0,0.0
2021-07-27 00:00:00-04:00,401.06142372838445,401.5911251862477,398.79127049946123,401.3830261230469,1666500,0.0,0.0
2021-07-28 00:00:00-04:00,400.3708990625087,401.8748759090383,397.7886117209386,399.3777160644531,1362700,0.0,0.0
2021-07-29 00:00:00-04:00,399.6145268317758,403.5663338222665,398.3635922096825,403.0261535644531,1434200,0.79,0.0
2021-07-30 00:00:00-04:00,403.68960031107014,408.9207428557428,403.6516853078024,407.23388671875,2283900,0.0,0.0
2021-08-02 00:00:00-04:00,408.08676457003224,408.1720516323363,403.2157425141872,406.4757385253906,1366900,0.0,0.0
2021-08-03 00:00:00-04:00,407.42341646015507,413.9433796474777,406.6652610286018,412.3039245605469,1448100,0.0,0.0
2021-08-04 00:00:00-04:00,413.18527033036133,415.07112962610677,410.2380223069466,412.2755126953125,1280500,0.0,0.0
2021-08-05 00:00:00-04:00,414.84377259002446,420.29289124768894,413.8771567352397,419.9991149902344,1742600,0.0,0.0
2021-08-06 00:00:00-04:00,419.5630959875532,420.2548784687021,415.9334937739601,416.62530517578125,1789800,0.0,0.0
2021-08-09 00:00:00-04:00,417.5919913903194,419.61053897458135,416.32211337614444,417.4214172363281,1472500,0.0,0.0
2021-08-10 00:00:00-04:00,417.60134149782937,420.5770179250783,417.60134149782937,419.8473205566406,1893700,0.0,0.0
2021-08-11 00:00:00-04:00,422.1882137510851,424.5573956464335,418.6818129776985,421.0509948730469,2267500,0.0,0.0
2021-08-12 00:00:00-04:00,419.8189570108889,423.25901313695385,419.1082025689969,422.0554504394531,1230700,0.0,0.0
2021-08-13 00:00:00-04:00,422.4534586936342,424.8984410926233,421.27835401264247,424.38671875,1309300,0.0,0.0
2021-08-16 00:00:00-04:00,424.47200224185235,429.47571199461197,423.65698883525454,429.1629638671875,1515600,0.0,0.0
2021-08-17 00:00:00-04:00,429.163006398969,430.03487792956446,426.16838638679405,428.67022705078125,1936700,0.0,0.0
2021-08-18 00:00:00-04:00,427.3624373847228,431.4184750487783,422.56721623256703,422.8609924316406,2030100,0.0,0.0
2021-08-19 00:00:00-04:00,419.77160151820084,431.6648814136895,418.217404528663,430.4897766113281,1953700,0.0,0.0
2021-08-20 00:00:00-04:00,431.655374968078,436.5169399393281,429.9211468687263,434.97222900390625,1911200,0.0,0.0
2021-08-23 00:00:00-04:00,433.3421839187147,435.0385257533554,430.80242861678846,431.1246337890625,1835900,0.0,0.0
2021-08-24 00:00:00-04:00,431.42795647264927,431.5606445202091,426.73696547650616,428.1490173339844,1541700,0.0,0.0
2021-08-25 00:00:00-04:00,427.23925496531507,429.12514323529086,423.91294357622365,427.61834716796875,1520600,0.0,0.0
2021-08-26 00:00:00-04:00,427.61837247512756,428.8029633768398,423.3254162041495,425.798828125,1418600,0.0,0.0
2021-08-27 00:00:00-04:00,425.79873976496657,427.98786098339906,423.42007247332344,426.77484130859375,1310200,0.0,0.0
2021-08-30 00:00:00-04:00,427.438253249668,432.6978245578466,426.86964391132295,432.0723571777344,1219800,0.0,0.0
2021-08-31 00:00:00-04:00,432.27140585174453,432.97267434093067,428.7650055644671,431.6553955078125,1699000,0.0,0.0
2021-09-01 00:00:00-04:00,431.6459415281625,432.783131335985,428.20588524116886,432.6315002441406,1325400,0.0,0.0
2021-09-02 00:00:00-04:00,435.3797822884848,437.29407063312163,434.4036806142415,436.8486633300781,1455000,0.0,0.0
2021-09-03 00:00:00-04:00,434.9817211215163,439.34102084281625,434.9817211215163,438.345947265625,1302400,0.0,0.0
2021-09-07 00:00:00-04:00,438.2986296040557,438.9620120711863,433.68346812072224,435.5503845214844,1463400,0.0,0.0
2021-09-08 00:00:00-04:00,435.0858981159232,441.4542583340327,434.1097966190117,441.3310852050781,1372000,0.0,0.0
2021-09-09 00:00:00-04:00,442.88529905726347,445.1881364804534,440.8951808596651,441.5585632324219,1398700,0.0,0.0
2021-09-10 00:00:00-04:00,442.7242894819236,443.8899084502914,438.9620275234085,440.8194580078125,1324800,0.0,0.0
2021-09-13 00:00:00-04:00,442.6199799889925,443.73822676086667,434.2236142982669,435.6072082519531,1679500,0.0,0.0
2021-09-14 00:00:00-04:00,436.8297039645851,438.01429473472376,433.4844207865406,434.422607421875,1383900,0.0,0.0
2021-09-15 00:00:00-04:00,434.2614913347985,438.0616677886186,432.2714019730004,436.6212158203125,1770300,0.0,0.0
2021-09-16 00:00:00-04:00,436.67809842365534,439.50214447565764,432.6789185928659,439.06622314453125,1577500,0.0,0.0
2021-09-17 00:00:00-04:00,437.46463273081355,438.6018514496174,433.1053328696299,435.4650573730469,3411400,0.0,0.0
2021-09-20 00:00:00-04:00,432.7357640985529,436.82971686198755,423.249551676587,427.5330505371094,2602000,0.0,0.0
2021-09-21 00:00:00-04:00,427.5330253434806,432.93474174408266,426.6042957955569,428.4522399902344,1531300,0.0,0.0
2021-09-22 00:00:00-04:00,430.90677512547825,431.52275657756974,426.3010709050954,428.6607666015625,1380800,0.0,0.0
2021-09-23 00:00:00-04:00,428.6322954718099,431.7122313503866,427.4951057305847,429.0871887207031,2061200,0.0,0.0
2021-09-24 00:00:00-04:00,432.1197982518045,444.1931389184267,431.19106861565086,443.2738952636719,3353800,0.0,0.0
2021-09-27 00:00:00-04:00,441.1890216441791,445.87052717782996,433.3138636828993,436.46014404296875,2526000,0.0,0.0
2021-09-28 00:00:00-04:00,433.2190992919158,433.5602475720158,422.3492925839391,423.9413757324219,2632700,0.0,0.0
2021-09-29 00:00:00-04:00,426.3294731944402,432.1387109314181,425.41022960427233,428.1490173339844,1922000,0.0,0.0
2021-09-30 00:00:00-04:00,429.8832521425722,431.5321932578249,425.78929945573105,425.8367004394531,1836400,0.0,0.0
2021-10-01 00:00:00-04:00,426.1967597409738,427.4760944671446,417.69613634083237,424.8699951171875,1860700,0.0,0.0
2021-10-04 00:00:00-04:00,424.87960291420575,425.8367616590499,413.3464415889268,417.10870361328125,2264000,0.0,0.0
2021-10-05 00:00:00-04:00,416.5779014219193,425.6092199835079,416.26518219454107,422.889404296875,1808700,0.0,0.0
2021-10-06 00:00:00-04:00,420.70029715359226,426.2441877370266,419.2314161682009,425.82720947265625,1334600,0.0,0.0
2021-10-07 00:00:00-04:00,432.58408173247943,435.540815404285,428.414328376839,429.1724548339844,1966200,0.0,0.0
2021-10-08 00:00:00-04:00,431.6080127573721,431.90178895073905,426.4526714818049,428.20587158203125,1545800,0.0,0.0
2021-10-11 00:00:00-04:00,426.490631762518,429.94963134763054,426.0167954105662,426.1684265136719,1011700,0.0,0.0
2021-10-12 00:00:00-04:00,426.5948766500812,429.1536046074941,422.42512239265136,423.48651123046875,1380900,0.0,0.0
2021-10-13 00:00:00-04:00,425.0691365532902,426.93605299762197,420.83303827202366,421.9986572265625,1621500,0.0,0.0
2021-10-14 00:00:00-04:00,423.7138397379897,428.06368198519857,423.13577339198486,427.0780944824219,1480400,0.0,0.0
2021-10-15 00:00:00-04:00,430.1391603665639,430.1865324316066,425.6756012856362,428.7176513671875,1494800,0.0,0.0
2021-10-18 00:00:00-04:00,426.0830687963675,438.156437527885,425.0311660799655,437.7773742675781,2141300,0.0,0.0
2021-10-19 00:00:00-04:00,438.77242443896967,442.71474602104036,436.2231827695041,442.638916015625,1365300,0.0,0.0
2021-10-20 00:00:00-04:00,444.0035805715375,447.77532813851735,443.3591701090407,445.18817138671875,1352900,0.0,0.0
2021-10-21 00:00:00-04:00,445.18812392818376,452.6557882583165,444.5342275542573,452.2577819824219,1423300,0.0,0.0
2021-10-22 00:00:00-04:00,453.925689475042,459.6496400775322,453.5276831785699,456.7687072753906,1710300,0.0,0.0
2021-10-25 00:00:00-04:00,456.76873591314893,466.4539516503916,454.40904024553043,464.4543762207031,1903400,0.0,0.0
2021-10-26 00:00:00-04:00,456.90142338450903,462.701175426137,456.04852377615333,460.1235046386719,2378600,0.0,0.0
2021-10-27 00:00:00-04:00,458.53143564605193,465.78112592152974,458.25660246887884,463.51617431640625,1741800,0.0,0.0
2021-10-28 00:00:00-04:00,462.22522014943496,466.84784747954143,461.76961993231555,465.6138916015625,1362400,0.79,0.0
2021-10-29 00:00:00-04:00,462.0542820237349,469.06892502692216,461.9403819911587,466.572509765625,2471600,0.0,0.0
2021-11-01 00:00:00-04:00,469.05005237895443,469.7524843869529,462.45308927921667,466.8858642578125,1548700,0.0,0.0
2021-11-02 00:00:00-04:00,469.610014732327,474.1187417687686,467.6926296630097,471.7457275390625,2012200,0.0,0.0
2021-11-03 00:00:00-04:00,475.87480973230026,477.41251842059586,470.5687530379824,476.81451416015625,1856000,0.0,0.0
2021-11-04 00:00:00-04:00,481.2567961039289,493.7863230578942,480.3075903943091,489.429443359375,2615000,0.0,0.0
2021-11-05 00:00:00-04:00,488.6226702058065,491.5936888851572,482.79453290411544,487.05645751953125,2071700,0.0,0.0
2021-11-08 00:00:00-05:00,487.3316815407321,487.3316815407321,474.79271110092924,478.2193298339844,2834800,0.0,0.0
2021-11-09 00:00:00-05:00,479.46277738465307,483.24062648976246,478.45662166249366,482.87042236328125,1881800,0.0,0.0
2021-11-10 00:00:00-05:00,482.44332362424063,484.43663252469224,478.18137011010725,479.8330078125,1226600,0.0,0.0
2021-11-11 00:00:00-05:00,480.48798299681965,486.467967893205,478.4376950121402,486.1642150878906,1227300,0.0,0.0
2021-11-12 00:00:00-05:00,488.1290010324179,493.26417806042423,487.1607927391313,490.9006652832031,1780200,0.0,0.0
2021-11-15 00:00:00-05:00,492.1537545903772,496.52957985626625,491.69815430054604,493.482666015625,1392300,0.0,0.0
2021-11-16 00:00:00-05:00,493.4351547855079,501.46539855093323,491.1285337731808,499.96563720703125,1690700,0.0,0.0
2021-11-17 00:00:00-05:00,500.7060855691379,503.78150325167087,497.86796934895995,499.5575256347656,1609400,0.0,0.0
2021-11-18 00:00:00-05:00,501.3324278620603,503.8383446686911,495.95044807786496,502.4809875488281,1664200,0.0,0.0
2021-11-19 00:00:00-05:00,506.9517288137424,508.0907870886933,501.1900440315778,506.6764221191406,1909800,0.0,0.0
2021-11-22 00:00:00-05:00,506.2304634722928,517.7158309153874,505.2812576361717,512.2389526367188,2190500,0.0,0.0
2021-11-23 00:00:00-05:00,510.6348342944733,518.0955788732891,506.65765919786423,517.5640258789062,2147000,0.0,0.0
2021-11-24 00:00:00-05:00,517.829649584884,522.8509847470294,515.7224407686856,521.8068237304688,2316400,0.0,0.0
2021-11-26 00:00:00-05:00,521.6359767191844,526.3820051816189,516.66214816014,518.3897094726562,1844800,0.0,0.0
2021-11-29 00:00:00-05:00,518.3896417061701,532.2955264572233,514.8585668655614,526.6951904296875,2919100,0.0,0.0
2021-11-30 00:00:00-05:00,523.0123400483546,528.8689229882806,508.66985584360503,511.9825744628906,4244200,0.0,0.0
2021-12-01 00:00:00-05:00,515.5136981065083,520.4021316369422,502.5096237003691,502.9272766113281,2877100,0.0,0.0
2021-12-02 00:00:00-05:00,492.1727584346252,503.9428767847864,487.92977795308224,498.81719970703125,3277500,0.0,0.0
2021-12-03 00:00:00-05:00,503.06960193404916,510.1981471762773,498.1147751786095,502.0634460449219,2984400,0.0,0.0
2021-12-06 00:00:00-05:00,505.2147895294489,508.821760000166,500.7725133158384,506.1165466308594,2432900,0.0,0.0
2021-12-07 00:00:00-05:00,510.9100011305726,515.4187284977259,507.54983359141346,514.488525390625,2579800,0.0,0.0
2021-12-08 00:00:00-05:00,518.465719788633,519.9654232363463,498.85509555815037,503.1834716796875,3037500,0.0,0.0
2021-12-09 00:00:00-05:00,501.93997376681403,505.2906977712995,497.19394516097253,497.6970520019531,3200500,0.0,0.0
2021-12-10 00:00:00-05:00,507.549843224195,532.7607464108733,507.45488788528905,530.4351806640625,6333600,0.0,0.0
2021-12-13 00:00:00-05:00,522.4807972006171,531.3179001087904,520.1457302801468,528.9163818359375,3415200,0.0,0.0
2021-12-14 00:00:00-05:00,528.1949936725681,528.8688926016614,510.2644851477411,517.6398315429688,3494400,0.0,0.0
2021-12-15 00:00:00-05:00,518.4656809748853,537.7155429913084,517.8202280327484,536.7568359375,2937100,0.0,0.0
2021-12-16 00:00:00-05:00,536.1018865663189,537.7724979306038,521.5411030254072,524.5595703125,2683000,0.0,0.0
2021-12-17 00:00:00-05:00,521.4177183806481,528.2045048472369,513.5013168000933,519.7945556640625,5752000,0.0,0.0
2021-12-20 00:00:00-05:00,514.5928428964125,521.2467835038954,510.7011230624781,520.6962280273438,2033600,0.0,0.0
2021-12-21 00:00:00-05:00,522.5378224270044,523.7528337284245,508.8502902393428,517.725341796875,2472800,0.0,0.0
2021-12-22 00:00:00-05:00,517.67774579762,522.0630709588817,512.3811624195712,521.7498168945312,1454500,0.0,0.0
2021-12-23 00:00:00-05:00,523.714713740569,524.5405180176163,519.6805897459462,522.414306640625,1757800,0.0,0.0
2021-12-27 00:00:00-05:00,523.524980046816,537.0037148684322,523.4300826346279,534.8489990234375,2262900,0.0,0.0
2021-12-28 00:00:00-05:00,534.8110348136082,537.8580063900017,532.21972143219,535.9595947265625,1155000,0.0,0.0
2021-12-29 00:00:00-05:00,537.6301348103464,542.4615594081571,534.8774150902182,538.9305419921875,1753000,0.0,0.0
2021-12-30 00:00:00-05:00,540.6013145898099,540.9335135119031,533.8049672666921,535.2667236328125,1338700,0.0,0.0
2021-12-31 00:00:00-05:00,534.7920664200267,539.3862484312502,530.6345979108726,538.8641967773438,1509200,0.0,0.0
2022-01-03 00:00:00-05:00,536.3298405428209,538.6458473344888,527.2933817841358,537.9244995117188,2714100,0.0,0.0
2022-01-04 00:00:00-05:00,535.5703125,539.8322368148838,533.2542482792384,535.5703125,2097500,0.0,0.0
2022-01-05 00:00:00-05:00,535.0579513431846,536.3488576443647,521.8450195785938,521.9873657226562,2887500,0.0,0.0
2022-01-06 00:00:00-05:00,518.4561129768367,525.4043049568068,515.9406949499183,521.8732299804688,2503100,0.0,0.0
2022-01-07 00:00:00-05:00,519.7376875743922,520.5160433774877,507.1037591533401,508.9452209472656,2323900,0.0,0.0
2022-01-10 00:00:00-05:00,502.40512730544856,503.4682331884075,482.67115917623244,492.4479675292969,4916800,0.0,0.0
2022-01-11 00:00:00-05:00,492.44791165344583,495.93148039368157,484.37019074457953,495.5138854980469,2457300,0.0,0.0
2022-01-12 00:00:00-05:00,495.51397098930585,503.1076179932028,495.49496833261884,499.0924377441406,1729500,0.0,0.0
2022-01-13 00:00:00-05:00,500.83895174530426,502.17730640395644,489.0592755700252,490.62548828125,2428100,0.0,0.0
2022-01-14 00:00:00-05:00,485.5852424336651,486.9235971874813,476.3684327964257,477.4410400390625,3872500,0.0,0.0
2022-01-18 00:00:00-05:00,469.3442485519001,469.9327514589318,462.1302793424854,463.2788391113281,3801900,0.0,0.0
2022-01-19 00:00:00-05:00,465.0064201875057,471.03385354438655,462.3581280260545,465.2626953125,2709400,0.0,0.0
2022-01-20 00:00:00-05:00,465.82275797377747,474.4890117788223,457.36533060864195,458.2955627441406,2893700,0.0,0.0
2022-01-21 00:00:00-05:00,457.4412225550043,469.4866162080634,456.87169334292514,457.1469421386719,3295600,0.0,0.0
2022-01-24 00:00:00-05:00,451.39480815861873,465.08236858747233,445.18702306179813,464.06671142578125,4412600,0.0,0.0
2022-01-25 00:00:00-05:00,455.52382819681867,458.1246716186622,448.37631014329156,453.07489013671875,3076800,0.0,0.0
2022-01-26 00:00:00-05:00,458.68473649503994,468.7842713054156,454.4512577027888,458.91253662109375,3074900,0.0,0.0
2022-01-27 00:00:00-05:00,462.1873014037656,470.6067522244822,455.91303599559797,458.0107727050781,2372300,0.0,0.0
2022-01-28 00:00:00-05:00,459.16881846198703,467.7021985627785,451.72704823854247,467.41741943359375,1918500,0.0,0.0
2022-01-31 00:00:00-05:00,467.009244023417,480.69680412442057,465.7088367388773,479.4723205566406,2480700,0.0,0.0
2022-02-01 00:00:00-05:00,479.3488983124964,483.79117421991475,471.69830237167787,482.585693359375,2347200,0.0,0.0
2022-02-02 00:00:00-05:00,485.14852755630983,497.3743020136733,484.41764957128964,495.50439453125,2547600,0.0,0.0
2022-02-03 00:00:00-05:00,490.4184818032051,500.4572852488,488.83092175884525,496.0177917480469,2665100,0.79,0.0
2022-02-04 00:00:00-05:00,492.53841373208604,496.23643480580824,485.5892046766919,494.11651611328125,2387400,0.0,0.0
2022-02-07 00:00:00-05:00,495.5709394525688,496.2364021711379,488.8498762382127,490.427978515625,1863600,0.0,0.0
2022-02-08 00:00:00-05:00,490.4280366037383,497.5578708127501,485.30404849340437,495.4284362792969,1462000,0.0,0.0
2022-02-09 00:00:00-05:00,501.94013608174464,507.87214658816686,499.7346345816897,502.72918701171875,2256700,0.0,0.0
2022-02-10 00:00:00-05:00,495.1621909758173,498.5844879314928,489.3442513375279,492.89013671875,2558900,0.0,0.0
2022-02-11 00:00:00-05:00,492.8140898321005,495.6184444489042,482.3379697714132,484.51495361328125,2349700,0.0,0.0
2022-02-14 00:00:00-05:00,483.8685614971301,486.28320678368243,476.69120673024656,481.5585021972656,1749600,0.0,0.0
2022-02-15 00:00:00-05:00,488.00381329767214,490.53250182747996,485.5511345421708,488.5551452636719,1984600,0.0,0.0
2022-02-16 00:00:00-05:00,486.2450801041562,489.15404955889596,476.9477793149879,487.1101989746094,1770800,0.0,0.0
2022-02-17 00:00:00-05:00,484.48641396887774,492.63344323827675,482.00521706028314,489.59136962890625,2022800,0.0,0.0
2022-02-18 00:00:00-05:00,489.4772819119084,492.3387306809477,485.1423169977206,487.3668212890625,2154700,0.0,0.0
2022-02-22 00:00:00-05:00,484.8287003551532,489.18266845961074,473.5730728321938,477.3946533203125,2451800,0.0,0.0
2022-02-23 00:00:00-05:00,478.1170732607514,482.8988131963071,470.359811858226,470.8161315917969,2021400,0.0,0.0
2022-02-24 00:00:00-05:00,459.4178963486628,481.54889622310657,459.142230368283,480.62677001953125,2859800,0.0,0.0
2022-02-25 00:00:00-05:00,483.47881927078214,492.671565343792,480.3131855088296,491.9490661621094,2003000,0.0,0.0
2022-02-28 00:00:00-05:00,488.91642970907816,493.9833808809763,486.0644963551196,493.62213134765625,2408900,0.0,0.0
2022-03-01 00:00:00-05:00,493.82177508666274,503.2331201031648,493.56508252402125,497.1204833984375,2316000,0.0,0.0
2022-03-02 00:00:00-05:00,498.1377295291785,506.7791137641832,494.1165217683848,501.9403076171875,2571500,0.0,0.0
2022-03-03 00:00:00-05:00,508.10977460232857,512.3591840590096,503.40407452796325,506.7408447265625,3851800,0.0,0.0
2022-03-04 00:00:00-05:00,493.85985329262314,503.76555344916096,486.5208760639892,499.563720703125,4417900,0.0,0.0
2022-03-07 00:00:00-05:00,497.61485694604886,518.3768995746447,497.58630976117894,502.43463134765625,3896900,0.0,0.0
2022-03-08 00:00:00-05:00,500.2480341953602,513.0912484469661,496.6260815993214,497.5292053222656,3649700,0.0,0.0
2022-03-09 00:00:00-05:00,501.5789662463859,504.6590446502479,490.25681759178576,501.6075134277344,2789700,0.0,0.0
2022-03-10 00:00:00-05:00,497.2914476622235,507.9957100809101,492.56677408495494,506.4271240234375,1777700,0.0,0.0
2022-03-11 00:00:00-05:00,510.1347640461343,515.8671773004725,500.44769584447124,501.3888244628906,1735100,0.0,0.0
2022-03-14 00:00:00-04:00,501.72157367617376,508.88941099425904,497.70030872834604,499.99139404296875,1950000,0.0,0.0
2022-03-15 00:00:00-04:00,503.84146143137974,517.0078613181867,501.8641051099663,515.5534057617188,2547900,0.0,0.0
2022-03-16 00:00:00-04:00,517.6543660981438,524.3944016607563,505.0392977291336,516.5706176757812,3017200,0.0,0.0
2022-03-17 00:00:00-04:00,516.5325681291711,525.8679023154956,516.3900062947876,525.5066528320312,1974200,0.0,0.0
2022-03-18 00:00:00-04:00,525.6683634261716,534.7850109915644,522.3886285473269,533.6442260742188,3597800,0.0,0.0
2022-03-21 00:00:00-04:00,532.4940295293962,538.7777758123555,523.65304719472,528.111572265625,3136900,0.0,0.0
2022-03-22 00:00:00-04:00,529.4709002660074,532.6935405286368,525.0694122653856,531.8094482421875,1777500,0.0,0.0
2022-03-23 00:00:00-04:00,529.4614678584636,533.0168690181146,524.6701824260049,526.6760864257812,1546800,0.0,0.0
2022-03-24 00:00:00-04:00,528.0924956447492,530.7067678225552,522.1129050562374,530.5641479492188,1614200,0.0,0.0
2022-03-25 00:00:00-04:00,532.1897886141358,532.7696678093389,523.0730827118045,528.2826538085938,1974900,0.0,0.0
2022-03-28 00:00:00-04:00,529.2617327856326,537.3612413166768,526.1816543365671,537.313720703125,2056100,0.0,0.0
2022-03-29 00:00:00-04:00,539.9660701145102,543.0271175202325,536.6673615863784,541.8483276367188,2005400,0.0,0.0
2022-03-30 00:00:00-04:00,542.7704267520479,549.710119203158,540.5269199143045,548.0179443359375,2086500,0.0,0.0
2022-03-31 00:00:00-04:00,550.1382057397074,557.3821151108639,547.105646240136,547.4288330078125,3439800,0.0,0.0
2022-04-01 00:00:00-04:00,548.8831398532935,554.216241706936,544.0633651543737,547.1624755859375,1933500,0.0,0.0
2022-04-04 00:00:00-04:00,545.612932331002,551.0791384632772,543.2648101336615,546.7442016601562,2201800,0.0,0.0
2022-04-05 00:00:00-04:00,544.3295030053318,555.1572986335923,543.8636385098289,546.9247436523438,1826800,0.0,0.0
2022-04-06 00:00:00-04:00,545.6984822322485,557.8381728648499,542.2190909202294,555.9273681640625,2646200,0.0,0.0
2022-04-07 00:00:00-04:00,563.0571418507901,582.0510561167685,559.7204287988443,578.039306640625,4804200,0.0,0.0
2022-04-08 00:00:00-04:00,576.4517940418373,577.9918334298811,568.2286962288484,570.4246826171875,3230200,0.0,0.0
2022-04-11 00:00:00-04:00,569.2363264018358,571.3372713660896,554.035532076248,555.813232421875,2792700,0.0,0.0
2022-04-12 00:00:00-04:00,557.7335153857881,562.5247418443271,550.1949129319501,552.6665649414062,2142000,0.0,0.0
2022-04-13 00:00:00-04:00,553.7217743408394,564.1978934114044,553.7217743408394,561.9163818359375,2211800,0.0,0.0
2022-04-14 00:00:00-04:00,562.572508597742,566.8504094449498,558.0759200295442,561.2510986328125,2206200,0.0,0.0
2022-04-18 00:00:00-04:00,556.4882090682826,562.8860271469322,550.9934567280073,553.3890991210938,2161900,0.0,0.0
2022-04-19 00:00:00-04:00,554.558268914646,565.4717037477922,553.2749224582369,564.9678344726562,2327800,0.0,0.0
2022-04-20 00:00:00-04:00,569.5786651984234,575.4061205210309,567.819938091233,573.7424926757812,1793300,0.0,0.0
2022-04-21 00:00:00-04:00,577.3074153431925,579.1136050655732,561.973515035041,562.5343627929688,2027900,0.0,0.0
2022-04-22 00:00:00-04:00,561.2128811408033,562.6864263338518,542.8654563873359,543.4833984375,2878200,0.0,0.0
2022-04-25 00:00:00-04:00,542.1619793488876,542.181010803245,526.2101972564647,540.1656494140625,3154500,0.0,0.0
2022-04-26 00:00:00-04:00,537.3517274813828,540.2892441001356,526.0010314388855,526.4288330078125,2057400,0.0,0.0
2022-04-27 00:00:00-04:00,528.7388165912029,535.8020962571975,525.5636393330869,526.7329711914062,2261600,0.0,0.0
2022-04-28 00:00:00-04:00,528.9134521383355,537.7974095217605,519.7057823940012,535.1312866210938,2118700,0.9,0.0
2022-04-29 00:00:00-04:00,534.1124691052407,534.7314164771177,504.3755639725645,506.2989501953125,2968000,0.0,0.0
2022-05-02 00:00:00-04:00,506.78456352143013,513.4213645695492,493.49201524322854,503.6614074707031,3303400,0.0,0.0
2022-05-03 00:00:00-04:00,504.66119814430385,508.7270720551344,498.6624068463904,502.8330078125,2398000,0.0,0.0
2022-05-04 00:00:00-04:00,506.184858917722,520.0297572614389,497.8151185264499,518.4014892578125,2465200,0.0,0.0
2022-05-05 00:00:00-04:00,515.6780635691422,516.4112692035297,487.68362618580875,492.5874328613281,3977000,0.0,0.0
2022-05-06 00:00:00-04:00,489.8071181474535,491.7495670417659,474.97196474683517,479.2948913574219,3560800,0.0,0.0
2022-05-09 00:00:00-04:00,472.3819823619424,482.8084568502566,470.70611682710336,474.9814453125,3292700,0.0,0.0
2022-05-10 00:00:00-04:00,485.3317607987002,486.21729144821387,471.93442655194326,477.4856872558594,2729400,0.0,0.0
2022-05-11 00:00:00-04:00,479.82814253826814,483.7130693647198,464.48832910603124,465.6976013183594,2782900,0.0,0.0
2022-05-12 00:00:00-04:00,463.5171004441331,473.48654213824915,456.8231983649889,462.9362487792969,2829500,0.0,0.0
2022-05-13 00:00:00-04:00,469.5348539374154,474.94332048581373,466.192683544374,473.4959716796875,2338600,0.0,0.0
2022-05-16 00:00:00-04:00,472.4201584291266,473.8865119627569,466.2118531746175,470.8871154785156,1579700,0.0,0.0
2022-05-17 00:00:00-04:00,465.77387203041593,469.96350768895877,457.2708112023377,467.021240234375,2602800,0.0,0.0
2022-05-18 00:00:00-04:00,438.0078374884217,441.6832806114106,404.2526566498567,408.87078857421875,9511600,0.0,0.0
2022-05-19 00:00:00-04:00,409.7944786623996,409.9468327252807,398.70145816981164,402.7101745605469,5839600,0.0,0.0
2022-05-20 00:00:00-04:00,408.2994715351486,408.34709851822873,387.07515598435475,396.5208740234375,5115000,0.0,0.0
2022-05-23 00:00:00-04:00,399.9202398942501,409.4421503679227,396.74945649228556,408.947021484375,3687200,0.0,0.0
2022-05-24 00:00:00-04:00,404.4907488032972,417.7547922925718,404.0622802634079,416.7835388183594,3473400,0.0,0.0
2022-05-25 00:00:00-04:00,415.46947537997704,422.0681809219332,410.23242501692243,419.0687561035156,3225100,0.0,0.0
2022-05-26 00:00:00-04:00,427.6290071592407,445.67301015504296,426.1150268739626,442.7593078613281,5917600,0.0,0.0
2022-05-27 00:00:00-04:00,434.9609003099338,452.17653236153006,433.36122617180075,448.2535095214844,5719600,0.0,0.0
2022-05-31 00:00:00-04:00,448.2534977828427,448.2915645052056,436.13209444980146,443.9305419921875,4424500,0.0,0.0
2022-06-01 00:00:00-04:00,446.9394458889909,448.00589523039207,434.8656701818109,435.14178466796875,2319400,0.0,0.0
2022-06-02 00:00:00-04:00,438.8648374315359,467.64958256661197,435.9892309982934,464.2978515625,4950600,0.0,0.0
2022-06-03 00:00:00-04:00,461.8412238052335,464.81205523177357,452.8525379688193,453.4809875488281,2857400,0.0,0.0
2022-06-06 00:00:00-04:00,457.52780696060694,458.0039024933443,446.4919159987827,449.8817138671875,2297000,0.0,0.0
2022-06-07 00:00:00-04:00,437.9221678494591,451.0814544901638,437.6174597543237,449.22467041015625,2435500,0.0,0.0
2022-06-08 00:00:00-04:00,449.2246874199787,451.7479878627555,444.5684883476191,445.6158752441406,1697000,0.0,0.0
2022-06-09 00:00:00-04:00,444.99693900907437,461.0889611174715,444.8160203941632,449.48175048828125,3087500,0.0,0.0
2022-06-10 00:00:00-04:00,442.7688426664081,445.8063344708908,435.87498869438593,441.1596374511719,2549900,0.0,0.0
2022-06-13 00:00:00-04:00,428.48592729710816,436.7128710493223,427.43851144089183,430.62835693359375,3113400,0.0,0.0
2022-06-14 00:00:00-04:00,430.6284124262911,436.82718560539723,428.75259485161064,433.0564880371094,2224600,0.0,0.0
2022-06-15 00:00:00-04:00,436.57959986512907,442.1594255139855,429.8095353943939,436.8557434082031,2250200,0.0,0.0
2022-06-16 00:00:00-04:00,428.7811460815591,435.884483123173,426.5530225288351,430.1618347167969,2906600,0.0,0.0
2022-06-17 00:00:00-04:00,429.48573678927676,433.9039169554004,422.01106072332436,425.3341979980469,3623400,0.0,0.0
2022-06-21 00:00:00-04:00,429.00971952454915,442.5975061022385,427.6671555479401,440.96923828125,2420600,0.0,0.0
2022-06-22 00:00:00-04:00,437.4270912629606,442.5022571316855,436.57962722057084,437.9698181152344,1827500,0.0,0.0
2022-06-23 00:00:00-04:00,444.0732977342135,453.5095137276657,443.44484820740394,452.29071044921875,2030100,0.0,0.0
2022-06-24 00:00:00-04:00,457.05166812459504,461.65073774933126,453.89038711267824,461.2127380371094,2862600,0.0,0.0
2022-06-27 00:00:00-04:00,462.58391074148807,463.94553690731186,454.5283829594407,458.718017578125,2034700,0.0,0.0
2022-06-28 00:00:00-04:00,460.3843451090729,463.945530124103,445.52065765666066,446.2062072753906,1754600,0.0,0.0
2022-06-29 00:00:00-04:00,448.4344191765144,450.3578347760678,444.1209945692096,447.3774719238281,1275600,0.0,0.0
2022-06-30 00:00:00-04:00,445.91105132977646,459.0417738760072,442.50222020059186,456.3661193847656,3852400,0.0,0.0
2022-07-01 00:00:00-04:00,458.17529503411345,467.76386614471323,455.1473343861026,462.5363464355469,2660400,0.0,0.0
2022-07-05 00:00:00-04:00,462.34594233390715,467.4306396963659,455.5853792129505,464.9168701171875,2489400,0.0,0.0
2022-07-06 00:00:00-04:00,464.9168201501513,473.25799414582264,464.45975797643786,469.096923828125,2262300,0.0,0.0
2022-07-07 00:00:00-04:00,468.53511079228076,471.8392147927241,465.83089178357176,471.2869567871094,2125200,0.0,0.0
2022-07-08 00:00:00-04:00,473.54367266486656,481.3516220492089,473.23896454663594,477.5619201660156,2607800,0.0,0.0
2022-07-11 00:00:00-04:00,477.16196093715115,481.3801601962302,471.1822024732897,475.048095703125,1891100,0.0,0.0
2022-07-12 00:00:00-04:00,473.24844520398864,477.9046439555845,464.7072910063549,467.1163330078125,1775300,0.0,0.0
2022-07-13 00:00:00-04:00,461.16519619240177,473.54368037607884,460.6891006468757,468.6875,2008400,0.0,0.0
2022-07-14 00:00:00-04:00,472.37248669702285,488.73115213528393,470.0205734809105,487.4647216796875,3715600,0.0,0.0
2022-07-15 00:00:00-04:00,492.206653999527,499.70992523124335,491.12120021120757,497.9483947753906,4265100,0.0,0.0
2022-07-18 00:00:00-04:00,496.9104215187649,503.2615778469917,491.01635642716906,491.6162414550781,2464100,0.0,0.0
2022-07-19 00:00:00-04:00,497.4341988790559,500.45268694668636,492.25427622165984,495.3584289550781,2391000,0.0,0.0
2022-07-20 00:00:00-04:00,496.33910585037074,501.0048070294798,492.10184414127815,499.1385498046875,1740700,0.0,0.0
2022-07-21 00:00:00-04:00,498.9861773864036,504.41367799990445,496.66282889754604,504.1470947265625,1716100,0.0,0.0
2022-07-22 00:00:00-04:00,505.3373407750014,511.43132871766835,500.91916028750484,504.3946228027344,1800800,0.0,0.0
2022-07-25 00:00:00-04:00,506.0134646377098,506.841866387029,500.85260426579373,503.8424987792969,1452700,0.0,0.0
2022-07-26 00:00:00-04:00,490.3783418486238,494.83458854418365,484.4366795878774,487.4551086425781,3334800,0.0,0.0
2022-07-27 00:00:00-04:00,488.56922732051316,500.2050327157217,486.73153454082757,497.33892822265625,2060100,0.0,0.0
2022-07-28 00:00:00-04:00,496.2611563787709,514.288597667663,496.2611563787709,511.4270935058594,2083300,0.9,0.0
2022-07-29 00:00:00-04:00,507.4399586228313,517.0927591933743,507.34459845893764,516.3106079101562,2131500,0.0,0.0
2022-08-01 00:00:00-04:00,516.4249809560483,527.1938080992684,516.2628454163357,521.566162109375,2256000,0.0,0.0
2022-08-02 00:00:00-04:00,518.9146643867376,525.6009960172557,515.8051542819128,518.3709716796875,1984200,0.0,0.0
2022-08-03 00:00:00-04:00,519.8398631944882,523.3690629000314,517.0928148563585,521.757080078125,1693300,0.0,0.0
2022-08-04 00:00:00-04:00,521.7473935805687,521.9381720955647,515.7096057963887,518.1991577148438,2000500,0.0,0.0
2022-08-05 00:00:00-04:00,512.4381925282845,516.5968982345179,508.7277612283281,515.7098388671875,1711500,0.0,0.0
2022-08-08 00:00:00-04:00,518.7334983210596,522.2245077710286,513.8021309155886,516.883056640625,1344100,0.0,0.0
2022-08-09 00:00:00-04:00,518.5426110771675,519.8398120488104,509.2427245313401,511.0836181640625,1877300,0.0,0.0
2022-08-10 00:00:00-04:00,519.3438918784195,524.5232072440346,512.4858181484717,514.8990478515625,2336600,0.0,0.0
2022-08-11 00:00:00-04:00,518.1611116264484,518.3995702823561,507.335111935216,507.63079833984375,2340200,0.0,0.0
2022-08-12 00:00:00-04:00,511.4270073222485,513.5445503182181,509.09010100709133,512.4094848632812,1918200,0.0,0.0
2022-08-15 00:00:00-04:00,511.6369065271432,521.747530075262,510.9501153369713,520.5552368164062,1848000,0.0,0.0
2022-08-16 00:00:00-04:00,525.658280515825,534.1187896576141,523.6266079449833,527.4896850585938,2498000,0.0,0.0
2022-08-17 00:00:00-04:00,524.609026449116,533.6227750015939,523.6647395162985,530.6372680664062,1835200,0.0,0.0
2022-08-18 00:00:00-04:00,533.2508620440219,538.6781841922042,530.7327242891549,535.0631713867188,1619200,0.0,0.0
2022-08-19 00:00:00-04:00,532.8597255572084,533.441550694276,527.6326723321123,528.929931640625,1617000,0.0,0.0
2022-08-22 00:00:00-04:00,527.4704259156896,527.4704259156896,519.1625072906407,520.2880249023438,1860900,0.0,0.0
2022-08-23 00:00:00-04:00,520.5456000532348,520.8031539826441,512.0946408532112,517.0450439453125,1359000,0.0,0.0
2022-08-24 00:00:00-04:00,517.6937544690429,520.0496981018929,514.4602410447137,518.1420288085938,1145800,0.0,0.0
2022-08-25 00:00:00-04:00,520.5455688796246,525.4768763579523,514.6413316972912,525.3433837890625,1483300,0.0,0.0
2022-08-26 00:00:00-04:00,524.6089845695203,527.1557064300932,507.1251815647115,507.2682800292969,1886800,0.0,0.0
2022-08-29 00:00:00-04:00,502.69956372216694,510.7785162305866,499.8094164422547,506.5434875488281,1579900,0.0,0.0
2022-08-30 00:00:00-04:00,509.6147366061365,511.26485170041775,497.4342511246979,499.9428405761719,1872700,0.0,0.0
2022-08-31 00:00:00-04:00,501.27826398764927,502.022282993139,496.24204707779785,497.9970703125,2179800,0.0,0.0
2022-09-01 00:00:00-04:00,495.72694257588597,505.1317969676303,493.1611831204151,504.7406921386719,2280600,0.0,0.0
2022-09-02 00:00:00-04:00,508.1076874809685,510.1489074345554,492.22631859103683,495.1450500488281,1901700,0.0,0.0
2022-09-06 00:00:00-04:00,496.146576385958,498.99859072229407,488.86887199985,494.9447937011719,1933400,0.0,0.0
2022-09-07 00:00:00-04:00,495.9939255247578,507.1156098545065,494.94473089235294,505.18890380859375,1827900,0.0,0.0
2022-09-08 00:00:00-04:00,500.12408559548857,508.4224578188845,497.4819452640288,504.69293212890625,1600800,0.0,0.0
2022-09-09 00:00:00-04:00,507.5545612027974,513.2203421551322,505.08416171110105,511.8086853027344,1930900,0.0,0.0
2022-09-12 00:00:00-04:00,512.9055136699951,517.5506839931636,512.2092329698436,514.6129150390625,1522400,0.0,0.0
2022-09-13 00:00:00-04:00,506.2858209100693,507.66889265399095,485.20610059733485,486.74176025390625,2881400,0.0,0.0
2022-09-14 00:00:00-04:00,490.1374303800912,490.2805288561334,479.89325615784196,484.5479736328125,2007300,0.0,0.0
2022-09-15 00:00:00-04:00,484.92952118064494,485.55905553093316,477.42284728275183,480.2557373046875,1749600,0.0,0.0
2022-09-16 00:00:00-04:00,476.50717963250395,483.0600189731082,474.34195636311614,480.8662109375,3004800,0.0,0.0
2022-09-19 00:00:00-04:00,478.9775462331377,483.31748165725264,475.8585178307248,483.1839599609375,1441300,0.0,0.0
2022-09-20 00:00:00-04:00,479.77885843898844,480.18900037760363,470.6411347381884,476.4595031738281,1843100,0.0,0.0
2022-09-21 00:00:00-04:00,479.30190460829226,483.0504677418218,470.24047556594644,470.3072509765625,2082600,0.0,0.0
2022-09-22 00:00:00-04:00,471.1943041372844,471.1943041372844,462.04703358847576,464.67962646484375,3133100,0.0,0.0
2022-09-23 00:00:00-04:00,456.8295637464697,460.0535294795577,442.13096848525186,444.86846923828125,5377800,0.0,0.0
2022-09-26 00:00:00-04:00,444.36291342739935,461.760846941867,443.73337910829406,458.1267395019531,4001900,0.0,0.0
2022-09-27 00:00:00-04:00,463.0771898950052,465.85285230934915,453.48161533427066,456.2191162109375,2412400,0.0,0.0
2022-09-28 00:00:00-04:00,459.2999331293298,468.8573444964365,452.29879127792077,465.74786376953125,2419500,0.0,0.0
2022-09-29 00:00:00-04:00,463.191636173204,466.43469731050396,452.1844051336313,456.86773681640625,1963900,0.0,0.0
2022-09-30 00:00:00-04:00,458.4701858043534,461.4938254721915,450.08597072486214,450.4674987792969,2436700,0.0,0.0
2022-10-03 00:00:00-04:00,452.59445817198474,458.641765247559,448.6837310046033,455.67535400390625,2338500,0.0,0.0
2022-10-04 00:00:00-04:00,461.49378500939554,465.4903543406649,458.5369210152344,463.6876220703125,2175600,0.0,0.0
2022-10-05 00:00:00-04:00,459.08058278723115,461.53194470307085,452.89975318928145,458.1458435058594,1587700,0.0,0.0
2022-10-06 00:00:00-04:00,461.1313393621457,471.0798270458335,459.6719736190386,460.21563720703125,2430700,0.0,0.0
2022-10-07 00:00:00-04:00,456.1809415588568,456.9916776755666,444.6013756328315,446.53765869140625,2568100,0.0,0.0
2022-10-10 00:00:00-04:00,448.0065889927694,448.54073405603623,440.2995888935374,444.7826232910156,1616300,0.0,0.0
2022-10-11 00:00:00-04:00,443.53312546053246,455.2176002710519,442.29315202208954,450.2290344238281,2341400,0.0,0.0
2022-10-12 00:00:00-04:00,452.4228139436662,457.59258094036664,444.77304216895146,444.849365234375,2043900,0.0,0.0
2022-10-13 00:00:00-04:00,437.0374729483795,449.961919994292,428.30034461437987,446.3850402832031,3390900,0.0,0.0
2022-10-14 00:00:00-04:00,450.2385384327547,451.5357686061563,432.8406049001605,433.660888671875,2301600,0.0,0.0
2022-10-17 00:00:00-04:00,440.3377427092639,445.32630820804474,439.22177251435875,442.7414245605469,2097500,0.0,0.0
2022-10-18 00:00:00-04:00,451.3545793790443,454.5212883740852,447.1862974023475,451.42132568359375,1864000,0.0,0.0
2022-10-19 00:00:00-04:00,446.2133527244237,452.94742253329264,445.39306895747296,449.6662292480469,1207600,0.0,0.0
2022-10-20 00:00:00-04:00,449.25609313779455,450.2862216900182,441.53957477630877,443.1706237792969,1709500,0.0,0.0
2022-10-21 00:00:00-04:00,442.30265626111344,457.4304889076608,440.93867970122244,456.1046447753906,2508400,0.0,0.0
2022-10-24 00:00:00-04:00,459.37633544520673,475.00970081572825,458.8040578878314,474.0272521972656,2366200,0.0,0.0
2022-10-25 00:00:00-04:00,470.5457198209777,477.0985592549945,467.8558991030378,476.0207214355469,2130900,0.0,0.0
2022-10-26 00:00:00-04:00,475.0095979598653,483.9947320785092,472.80624251489365,476.3926696777344,2088700,0.0,0.0
2022-10-27 00:00:00-04:00,477.5966745239097,480.65446687696254,472.1786856967043,474.4720153808594,1576600,0.9,0.0
2022-10-28 00:00:00-04:00,475.1982519870109,490.02850803584994,473.92737462964016,488.1651611328125,2369300,0.0,0.0
2022-10-31 00:00:00-04:00,486.98979116006126,486.98979116006126,478.25599142513863,479.2115478515625,2192200,0.0,0.0
2022-11-01 00:00:00-04:00,481.3138833921607,484.83988966922584,477.5680885934169,477.7400817871094,1586300,0.0,0.0
2022-11-02 00:00:00-04:00,475.6759677054062,480.8741968920085,461.79173427915936,462.0210876464844,2464400,0.0,0.0
2022-11-03 00:00:00-04:00,459.50801758674567,469.4935655845431,458.3900036429987,464.6775817871094,2010400,0.0,0.0
2022-11-04 00:00:00-04:00,468.6049281638606,470.73582977694974,455.31313300079273,464.7922668457031,1987300,0.0,0.0
2022-11-07 00:00:00-05:00,455.84825746936633,468.2227269166732,453.41159984073767,466.837158203125,2036000,0.0,0.0
2022-11-08 00:00:00-05:00,468.9202070080682,476.11554560018203,462.9766449786332,470.8599853515625,1709900,0.0,0.0
2022-11-09 00:00:00-05:00,470.0382172146994,475.4657709131013,465.2222044873228,468.1940002441406,1640500,0.0,0.0
2022-11-10 00:00:00-05:00,482.50826193136504,491.96823620141555,479.1160188905941,490.32470703125,3098300,0.0,0.0
2022-11-11 00:00:00-05:00,490.3247602090186,493.8698961722299,484.1900740387732,492.56072998046875,2393500,0.0,0.0
2022-11-14 00:00:00-05:00,492.8473797069796,497.5582661102677,486.7795902839238,487.02801513671875,1820200,0.0,0.0
2022-11-15 00:00:00-05:00,496.88938523599984,506.25382737017014,496.88938523599984,503.0718078613281,2502200,0.0,0.0
2022-11-16 00:00:00-05:00,498.1411952009802,505.06898036167274,497.05184670933636,500.8167419433594,1833600,0.0,0.0
2022-11-17 00:00:00-05:00,495.93391936386314,498.5999015180821,490.1623779843406,498.15081787109375,1902500,0.0,0.0
2022-11-18 00:00:00-05:00,503.4540940105189,506.0054137658929,495.1598698392764,500.39630126953125,1584400,0.0,0.0
2022-11-21 00:00:00-05:00,502.3742528073777,503.84584710815113,498.8769417640247,500.1095886230469,1268300,0.0,0.0
2022-11-22 00:00:00-05:00,506.4067708864543,509.1205188313258,503.272517403596,508.3083190917969,1809100,0.0,0.0
2022-11-23 00:00:00-05:00,510.26716872876864,512.9427152523515,506.8271886730963,510.7353820800781,1288200,0.0,0.0
2022-11-25 00:00:00-05:00,510.4199779041689,512.0444354389437,509.3784540950278,509.94219970703125,744200,0.0,0.0
2022-11-28 00:00:00-05:00,507.2954297933902,512.4171988935452,505.4320828601778,507.3240661621094,1684300,0.0,0.0
2022-11-29 00:00:00-05:00,507.43874861752494,509.9996332702291,504.53387759114685,505.45123291015625,1685700,0.0,0.0
2022-11-30 00:00:00-05:00,503.96999949464157,518.4658327718741,498.9342566838295,515.2838134765625,3601800,0.0,0.0
2022-12-01 00:00:00-05:00,496.06760583784245,496.06760583784245,473.64069404902585,481.4666748046875,6970400,0.0,0.0
2022-12-02 00:00:00-05:00,476.36399147445024,476.79400354192575,470.238871123931,472.55133056640625,3632100,0.0,0.0
2022-12-05 00:00:00-05:00,470.6115328291286,470.8026557760027,463.18687000722076,466.94219970703125,2455300,0.0,0.0
2022-12-06 00:00:00-05:00,468.8533294529742,469.6273278415956,455.96288232366146,459.7755432128906,2995900,0.0,0.0
2022-12-07 00:00:00-05:00,457.7975835376703,464.91649149186526,457.58735993045013,460.5495910644531,2072600,0.0,0.0
2022-12-08 00:00:00-05:00,461.438283495956,461.84916584165114,452.456057148287,460.0240783691406,2901000,0.0,0.0
2022-12-09 00:00:00-05:00,453.98492588235166,468.3087093344764,449.58935988964595,461.55291748046875,4211100,0.0,0.0
2022-12-12 00:00:00-05:00,461.27578083788404,466.1395597241919,459.3073368614614,466.0057678222656,2276400,0.0,0.0
2022-12-13 00:00:00-05:00,474.9497391966548,475.83839960874144,460.1481514173764,466.50262451171875,2626700,0.0,0.0
2022-12-14 00:00:00-05:00,467.1333692509809,469.83761066535203,459.66093906113105,462.03070068359375,2145000,0.0,0.0
2022-12-15 00:00:00-05:00,454.2142718106301,455.5138439535421,442.5755993940212,443.2922668457031,3437700,0.0,0.0
2022-12-16 00:00:00-05:00,440.7600312748992,444.13314478880176,436.5746888470707,440.94158935546875,4909200,0.0,0.0
2022-12-19 00:00:00-05:00,440.43508911192714,442.8144153264889,435.12216845356323,438.2468566894531,1939200,0.0,0.0
2022-12-20 00:00:00-05:00,436.2688593898491,439.79486509526896,432.4179679841458,437.4728698730469,1993700,0.0,0.0
2022-12-21 00:00:00-05:00,438.96356009774865,443.0820063780032,435.92489735403217,441.5244445800781,1462400,0.0,0.0
2022-12-22 00:00:00-05:00,438.2660026805475,439.93822663104874,433.2397950932769,438.3233337402344,1906100,0.0,0.0
2022-12-23 00:00:00-05:00,437.1861562559559,442.5946090117945,434.5870416658933,442.0881652832031,1229500,0.0,0.0
2022-12-27 00:00:00-05:00,443.7603966882788,444.04708111173227,436.79438220448753,438.12261962890625,1230800,0.0,0.0
2022-12-28 00:00:00-05:00,437.2052820129122,439.99549036161534,432.6759248618397,432.85748291015625,1324100,0.0,0.0
2022-12-29 00:00:00-05:00,435.38023930482234,438.60046024034773,433.3066687424432,436.240234375,1465000,0.0,0.0
2022-12-30 00:00:00-05:00,434.4437320777047,436.40264028757565,430.7170677728225,436.2115173339844,1803200,0.0,0.0
2023-01-03 00:00:00-05:00,437.64490217819485,438.4093357576655,427.9937751407008,433.1346740722656,1978100,0.0,0.0
2023-01-04 00:00:00-05:00,436.8613307682418,439.08779383068764,432.47532976094425,436.2688903808594,2097300,0.0,0.0
2023-01-05 00:00:00-05:00,434.338622047938,436.144608512623,429.6372716442621,430.18194580078125,2169300,0.0,0.0
2023-01-06 00:00:00-05:00,442.49907527823973,462.89067591694305,441.67731071519734,461.4095458984375,5174500,0.0,0.0
2023-01-09 00:00:00-05:00,461.4669060470736,465.2318010919633,456.8898112841982,457.4726867675781,2384800,0.0,0.0
2023-01-10 00:00:00-05:00,455.9342320446837,460.66421911541585,454.3480047913839,460.0048828125,1649900,0.0,0.0
2023-01-11 00:00:00-05:00,458.98242771896406,462.9862116726351,457.81664765577375,462.7855529785156,1576400,0.0,0.0
2023-01-12 00:00:00-05:00,463.43529679874416,463.44486169450846,457.4726340953524,460.98907470703125,1628200,0.0,0.0
2023-01-13 00:00:00-05:00,459.5175646455831,464.0086625557679,457.7115489206997,463.68377685546875,1405900,0.0,0.0
2023-01-17 00:00:00-05:00,463.56919379046906,468.6814276065982,462.8429614181614,465.13629150390625,1539900,0.0,0.0
2023-01-18 00:00:00-05:00,463.2633432464159,467.0855692366332,457.2528847116435,458.1606750488281,1925500,0.0,0.0
2023-01-19 00:00:00-05:00,455.07427475429637,456.33561648967554,447.26739350989556,448.624267578125,1919500,0.0,0.0
2023-01-20 00:00:00-05:00,452.85734889566777,458.9729046578055,448.6051108100592,458.772216796875,2588600,0.0,0.0
2023-01-23 00:00:00-05:00,458.61938487552493,473.2298237531384,456.3738211163075,470.7167053222656,2709400,0.0,0.0
2023-01-24 00:00:00-05:00,470.18162157261986,471.66275182523725,465.36563722067245,470.23895263671875,1510200,0.0,0.0
2023-01-25 00:00:00-05:00,467.6110731838412,470.07642506451805,462.96708300497676,469.06353759765625,1329800,0.0,0.0
2023-01-26 00:00:00-05:00,471.2804029901401,476.5072973856078,469.9139352485117,476.1537170410156,1576400,0.0,0.0
2023-01-27 00:00:00-05:00,477.54897499680106,486.4738701274165,475.73339413063695,480.9220886230469,2034100,0.0,0.0
2023-01-30 00:00:00-05:00,478.1317419810566,483.12931235473076,478.1317419810566,480.91241455078125,1855900,0.0,0.0
2023-01-31 00:00:00-05:00,480.86470142713506,488.6811464917013,479.68935645012647,488.42315673828125,1924100,0.0,0.0
2023-02-01 00:00:00-05:00,485.71889338690653,497.31936260659796,482.2884492546282,494.8922119140625,2080200,0.0,0.0
2023-02-02 00:00:00-05:00,501.86082330372204,507.37441952787736,498.367005563283,501.0376281738281,2287400,0.9,0.0
2023-02-03 00:00:00-05:00,496.92157297277663,499.2380287795519,490.57520034126577,492.77679443359375,1844100,0.0,0.0
2023-02-06 00:00:00-05:00,492.43222424548,495.09326527641326,490.35507335139755,493.5330505371094,1740100,0.0,0.0
2023-02-07 00:00:00-05:00,490.08704525375464,495.83036509908294,485.6838567419646,494.432861328125,1927300,0.0,0.0
2023-02-08 00:00:00-05:00,489.41700438431354,490.2689149634277,480.10324360282004,482.2569885253906,2062900,0.0,0.0
2023-02-09 00:00:00-05:00,483.6736302213955,487.3780663978784,477.097534470953,479.2129821777344,1517300,0.0,0.0
2023-02-10 00:00:00-05:00,477.18370554672475,479.1364131258152,474.18760256162716,478.6003723144531,1536800,0.0,0.0
2023-02-13 00:00:00-05:00,480.27553059905205,485.1095088962571,479.90223000707374,484.7840576171875,1452600,0.0,0.0
2023-02-14 00:00:00-05:00,483.4056927613037,486.12419411891983,477.2986243457136,481.6922607421875,1257300,0.0,0.0
2023-02-15 00:00:00-05:00,481.22328088895756,489.54152605912765,479.89273090191296,489.4075012207031,1422600,0.0,0.0
2023-02-16 00:00:00-05:00,482.06548829446683,488.8809183576662,482.0559359598777,482.5345458984375,1456000,0.0,0.0
2023-02-17 00:00:00-05:00,482.6972313033579,485.99006984287007,480.3711941362814,485.7699279785156,1340400,0.0,0.0
2023-02-21 00:00:00-05:00,479.3949171904054,482.4292881669737,475.30756918184267,480.2755432128906,1811800,0.0,0.0
2023-02-22 00:00:00-05:00,482.3623400892909,483.8364379325236,475.35548231763136,476.1116943359375,1332000,0.0,0.0
2023-02-23 00:00:00-05:00,477.4612344700126,477.5186653222428,466.98924730359187,472.04339599609375,1546300,0.0,0.0
2023-02-24 00:00:00-05:00,467.6784989261496,469.38234922716634,463.9645101487227,467.70721435546875,1587600,0.0,0.0
2023-02-27 00:00:00-05:00,471.4786368851882,471.9093975129643,464.9025410298759,466.1947937011719,1501700,0.0,0.0
2023-02-28 00:00:00-05:00,464.8260009853606,467.96568116792724,463.0838537126105,463.46673583984375,1918200,0.0,0.0
2023-03-01 00:00:00-05:00,460.5185424446603,461.9352093323524,454.6986285541354,458.1925048828125,1759300,0.0,0.0
2023-03-02 00:00:00-05:00,456.93842170431975,466.5776319324051,455.21543777930464,464.9120788574219,2379200,0.0,0.0
2023-03-03 00:00:00-05:00,454.51665698332505,455.63661698340496,445.4230690393285,454.92828369140625,5354200,0.0,0.0
2023-03-06 00:00:00-05:00,456.1344274799109,467.9082500674724,455.177207556306,462.4137878417969,3104700,0.0,0.0
2023-03-07 00:00:00-05:00,465.30460375294484,474.0248631048882,464.2516560103086,464.3952331542969,2659100,0.0,0.0
2023-03-08 00:00:00-05:00,462.3372052305837,466.05122306453933,460.55679026327266,465.2471618652344,1548500,0.0,0.0
2023-03-09 00:00:00-05:00,466.62553336184334,469.03771681771764,458.1445504756587,459.00604248046875,1629400,0.0,0.0
2023-03-10 00:00:00-05:00,458.489220007834,459.90588683145927,448.34268274321755,450.984619140625,2123000,0.0,0.0
2023-03-13 00:00:00-04:00,446.83021486423894,456.2971332145705,446.83021486423894,451.8077697753906,1799600,0.0,0.0
2023-03-14 00:00:00-04:00,455.0910290333778,464.4047887466693,452.764991794665,461.30340576171875,2422900,0.0,0.0
2023-03-15 00:00:00-04:00,460.91099634259746,466.1852585044173,458.06805186790353,464.8834533691406,2226300,0.0,0.0
2023-03-16 00:00:00-04:00,464.1846393006226,467.2573362136402,462.10748847544596,466.41497802734375,1979600,0.0,0.0
2023-03-17 00:00:00-04:00,468.1475310649807,468.9420107075764,460.9109511502228,466.21392822265625,3959300,0.0,0.0
2023-03-20 00:00:00-04:00,467.12333239048957,469.7939842120097,464.94087208796617,468.358154296875,1623800,0.0,0.0
2023-03-21 00:00:00-04:00,471.9094269254627,471.9094269254627,465.19930584790086,469.8514099121094,1664000,0.0,0.0
2023-03-22 00:00:00-04:00,468.5208578746128,475.37455606592806,466.50113784789914,466.6638488769531,1299700,0.0,0.0
2023-03-23 00:00:00-04:00,469.6982017848731,472.148682218268,463.57200070138595,466.8935546875,1565900,0.0,0.0
2023-03-24 00:00:00-04:00,466.1086467118156,474.7523409856987,465.74489848660596,474.082275390625,1635200,0.0,0.0
2023-03-27 00:00:00-04:00,476.00633630078954,478.4759509222987,471.44040764858835,472.1200256347656,1452100,0.0,0.0
2023-03-28 00:00:00-04:00,471.5361453612727,472.9241260907789,464.6441786665791,465.94598388671875,1407800,0.0,0.0
2023-03-29 00:00:00-04:00,468.2719730884412,470.2821114501066,465.1131299834787,469.8705139160156,1643000,0.0,0.0
2023-03-30 00:00:00-04:00,471.9094315694491,474.5322048635865,469.994991684786,470.4544677734375,1545500,0.0,0.0
2023-03-31 00:00:00-04:00,473.823864492051,477.040109429251,472.80921370505087,475.6138610839844,2082000,0.0,0.0
2023-04-03 00:00:00-04:00,475.25970340546405,477.844208945655,473.82387348581005,475.76702880859375,1804700,0.0,0.0
2023-04-04 00:00:00-04:00,475.25965131492666,481.0795350980775,474.30243147340616,476.4370422363281,1913300,0.0,0.0
2023-04-05 00:00:00-04:00,477.65278973129205,482.5633331052611,473.9770683618504,475.86279296875,1941500,0.0,0.0
2023-04-06 00:00:00-04:00,461.38001241224816,466.9797549198245,457.07252266981016,465.18975830078125,4114700,0.0,0.0
2023-04-10 00:00:00-04:00,463.1987611999422,472.7709613868063,461.05459770593643,472.7039489746094,1653600,0.0,0.0
2023-04-11 00:00:00-04:00,472.7038509267381,478.60032852424786,471.90937132931487,477.3176574707031,1547400,0.0,0.0
2023-04-12 00:00:00-04:00,478.60994382233736,478.6577931319065,467.64021208929853,468.4155578613281,2063700,0.0,0.0
2023-04-13 00:00:00-04:00,472.37844945657656,477.11669975024114,469.33449711874823,476.5902404785156,1600500,0.0,0.0
2023-04-14 00:00:00-04:00,474.96298526165384,478.964157775998,469.19094993799337,470.28216552734375,1675300,0.0,0.0
2023-04-17 00:00:00-04:00,471.6893048455236,476.5902959494824,470.13861306697436,472.80926513671875,1411800,0.0,0.0
2023-04-18 00:00:00-04:00,474.87678339615934,476.34132862892227,472.9814775370412,475.6425476074219,1339600,0.0,0.0
2023-04-19 00:00:00-04:00,475.86276224901013,476.6859573908618,472.7039188613548,474.809814453125,1098800,0.0,0.0
2023-04-20 00:00:00-04:00,474.54177397687977,488.81392644852707,474.3120505445904,483.95123291015625,2936500,0.0,0.0
2023-04-21 00:00:00-04:00,487.57914838569417,488.79483648553526,483.8364146675103,484.6883544921875,1508600,0.0,0.0
2023-04-24 00:00:00-04:00,484.44899549291284,489.79985120925573,484.1713935435404,489.5414123535156,1374100,0.0,0.0
2023-04-25 00:00:00-04:00,489.2638723415301,491.17831237701074,480.77333545809944,481.6444091796875,1789900,0.0,0.0
2023-04-26 00:00:00-04:00,479.01200921902193,481.35718051538186,472.28275429371996,473.4984130859375,1441900,0.0,0.0
2023-04-27 00:00:00-04:00,473.6610636372978,480.7732289953332,473.6610636372978,479.8255615234375,1361600,0.0,0.0
2023-04-28 00:00:00-04:00,480.10327199988376,483.2333709561589,479.2226459381963,481.6922607421875,1170200,0.0,0.0
2023-05-01 00:00:00-04:00,477.7963226070877,478.65781470238403,467.88909048109423,472.47418212890625,2203200,0.0,0.0
2023-05-02 00:00:00-04:00,473.8239334759843,474.4748361110823,468.8559589880306,473.6420593261719,1940800,0.0,0.0
2023-05-03 00:00:00-04:00,475.35541068449254,477.44214306658836,468.71230220656315,469.0951843261719,1426400,0.0,0.0
2023-05-04 00:00:00-04:00,468.9992355585846,470.8888929029332,466.1119850328492,470.3421325683594,1487000,1.02,0.0
2023-05-05 00:00:00-04:00,473.0855789725428,479.03270357630873,472.8745501763243,478.7065734863281,1709200,0.0,0.0
2023-05-08 00:00:00-04:00,477.0854952955959,479.84804343774226,475.48362016913325,478.7065734863281,1015000,0.0,0.0
2023-05-09 00:00:00-04:00,476.69218204717197,481.27723534615933,476.145450937333,480.3659973144531,1571800,0.0,0.0
2023-05-10 00:00:00-04:00,481.4786570881003,484.3754799177884,474.90801925652744,479.28204345703125,1257600,0.0,0.0
2023-05-11 00:00:00-04:00,479.13826356297625,482.48591992232485,477.25817806686285,481.42120361328125,1046700,0.0,0.0
2023-05-12 00:00:00-04:00,482.64900953429327,485.3923548457731,480.75935173955213,483.5122985839844,1472800,0.0,0.0
2023-05-15 00:00:00-04:00,483.4547518040153,484.404366838984,478.5147630604524,481.5650939941406,1135700,0.0,0.0
2023-05-16 00:00:00-04:00,479.6082112491799,479.88639220813377,474.14066593175437,475.91522216796875,1229300,0.0,0.0
2023-05-17 00:00:00-04:00,477.68981378728694,477.69941531957096,471.8385873220466,474.8121643066406,2069500,0.0,0.0
2023-05-18 00:00:00-04:00,474.8121591317985,478.26534432553166,473.92966708724737,477.7857360839844,2298900,0.0,0.0
2023-05-19 00:00:00-04:00,479.02308671060325,479.02308671060325,473.77617189013654,476.2701110839844,1635000,0.0,0.0
2023-05-22 00:00:00-04:00,476.73056893844466,476.73056893844466,468.61560608211914,471.8097839355469,1943800,0.0,0.0
2023-05-23 00:00:00-04:00,467.3014912798238,467.3014912798238,463.2727704767313,465.09527587890625,1800200,0.0,0.0
2023-05-24 00:00:00-04:00,467.37825346037823,467.37825346037823,461.2968241831109,463.0713806152344,1600600,0.0,0.0
2023-05-25 00:00:00-04:00,460.625237392463,468.6155253243448,457.30635729056837,466.7066650390625,3421900,0.0,0.0
2023-05-26 00:00:00-04:00,465.84343172617474,489.91976885488873,464.3758318273957,486.5721130371094,5302600,0.0,0.0
2023-05-30 00:00:00-04:00,488.99896029308866,493.79501325101165,481.13337372525075,487.31072998046875,2544800,0.0,0.0
2023-05-31 00:00:00-04:00,488.10682044045245,492.9125037471981,484.35631025194516,490.69671630859375,3320800,0.0,0.0
2023-06-01 00:00:00-04:00,488.5576783161646,492.7878261718323,481.6225624478541,491.6943054199219,2407700,0.0,0.0
2023-06-02 00:00:00-04:00,489.5073438678983,497.3537273725854,488.62485185725893,491.6847839355469,2284800,0.0,0.0
2023-06-05 00:00:00-04:00,491.68475262184563,497.7565501867517,491.1379922568022,497.1138916015625,2023500,0.0,0.0
2023-06-06 00:00:00-04:00,497.11394006777164,497.4784470133383,491.84785096725307,495.2051086425781,1410300,0.0,0.0
2023-06-07 00:00:00-04:00,493.5265086037081,498.1115331953914,489.747193115399,490.3802795410156,1784700,0.0,0.0
2023-06-08 00:00:00-04:00,491.5983976057237,499.07067217279877,491.5983976057237,498.8788757324219,1530400,0.0,0.0
2023-06-09 00:00:00-04:00,497.0564551007141,500.76861867998696,494.47616009031617,496.18359375,1287300,0.0,0.0
2023-06-12 00:00:00-04:00,496.18353926216497,500.0108037301258,494.9557140400198,499.7229919433594,1404500,0.0,0.0
2023-06-13 00:00:00-04:00,500.73016357421875,501.6222278001941,496.78773967758866,500.73016357421875,1204700,0.0,0.0
2023-06-14 00:00:00-04:00,503.5886864996188,506.3224302365297,501.8045577756152,505.698974609375,1841400,0.0,0.0
2023-06-15 00:00:00-04:00,507.4254620917788,509.5933004654162,505.1808700153262,507.5981140136719,1871600,0.0,0.0
2023-06-16 00:00:00-04:00,508.48063113047004,508.7875874286764,501.3153121480409,502.2937316894531,3147800,0.0,0.0
2023-06-20 00:00:00-04:00,500.6630282310737,501.5742955503665,497.00841596816235,498.5047912597656,1684400,0.0,0.0
2023-06-21 00:00:00-04:00,496.7876671180349,500.3655835766197,495.4735455264031,498.4279479980469,1273600,0.0,0.0
2023-06-22 00:00:00-04:00,499.4544298601456,503.2816942368638,498.4856118508154,502.8212890625,1114000,0.0,0.0
2023-06-23 00:00:00-04:00,501.79491193220986,503.9723520334007,498.15950262151284,503.0514831542969,1434300,0.0,0.0
2023-06-26 00:00:00-04:00,503.0130392923815,503.463842840725,500.0010861302932,502.0729675292969,1278500,0.0,0.0
2023-06-27 00:00:00-04:00,501.33445822832823,510.6963608028307,500.80684238911283,508.70123291015625,1673600,0.0,0.0
2023-06-28 00:00:00-04:00,507.40631216337806,511.7323878325721,507.05140675133543,511.0705261230469,1245200,0.0,0.0
2023-06-29 00:00:00-04:00,508.941173489426,510.73490389522027,507.37764570637415,510.0058898925781,1121800,0.0,0.0
2023-06-30 00:00:00-04:00,512.3845906141114,517.5547808857505,511.8666348522136,516.4229125976562,2221900,0.0,0.0
2023-07-03 00:00:00-04:00,515.3390171460017,519.0128323953874,512.5477231483767,518.9744262695312,951400,0.0,0.0
2023-07-05 00:00:00-04:00,519.1471487538387,523.7801810445118,515.5788913196826,519.0608520507812,1630400,0.0,0.0
2023-07-06 00:00:00-04:00,516.9025888706653,518.2646598990226,514.6964026440768,515.4541625976562,1750100,0.0,0.0
2023-07-07 00:00:00-04:00,512.1160339856463,514.5812270442946,503.23368116816016,503.63653564453125,2740600,0.0,0.0
2023-07-10 00:00:00-04:00,503.64623965020115,509.4878942027998,503.64623965020115,505.5167236328125,1955600,0.0,0.0
2023-07-11 00:00:00-04:00,505.9866610057456,509.11371589892985,504.69174225850804,508.0393981933594,1262300,0.0,0.0
2023-07-12 00:00:00-04:00,510.3031727390219,518.0824044227988,509.4494560118003,516.0584716796875,1960500,0.0,0.0
2023-07-13 00:00:00-04:00,515.8665981900832,517.1327709371768,511.0609143794563,516.4901123046875,1647200,0.0,0.0
2023-07-14 00:00:00-04:00,516.7395558473149,524.5571354074027,516.1543892714918,524.4036865234375,1828700,0.0,0.0
2023-07-17 00:00:00-04:00,523.9048701442216,531.6074068765234,523.8281164300137,530.4083862304688,1909900,0.0,0.0
2023-07-18 00:00:00-04:00,530.1301739672701,532.3651648359281,526.9839742477989,531.0126953125,1778800,0.0,0.0
2023-07-19 00:00:00-04:00,531.8664411292115,533.2189694213725,529.5068055873855,531.5115356445312,1261100,0.0,0.0
2023-07-20 00:00:00-04:00,531.2236231951769,538.1875435092365,531.1277249751611,534.2451782226562,1732800,0.0,0.0
2023-07-21 00:00:00-04:00,536.3649082874888,539.1274556381134,534.7150845189855,535.1083374023438,5264300,0.0,0.0
2023-07-24 00:00:00-04:00,535.2427618633143,543.4632536005969,533.2092277384752,540.930908203125,2086400,0.0,0.0
2023-07-25 00:00:00-04:00,543.6551046913613,544.4032630490165,541.2858097092857,542.1395263671875,1602500,0.0,0.0
2023-07-26 00:00:00-04:00,542.4465936774644,544.8638382657499,540.44180520535,543.0796508789062,1306400,0.0,0.0
2023-07-27 00:00:00-04:00,544.5661816771243,547.8658876785821,537.7365671583246,538.9164428710938,1485300,0.0,0.0
2023-07-28 00:00:00-04:00,541.5543861348841,544.6526362270463,539.6743010024275,540.3457641601562,1371400,0.0,0.0
2023-07-31 00:00:00-04:00,540.0388235728282,541.2761916302376,536.2499071511879,537.8038330078125,1365900,0.0,0.0
2023-08-01 00:00:00-04:00,537.7653842890271,539.9236207446431,531.9237318556254,532.8157958984375,1445300,0.0,0.0
2023-08-02 00:00:00-04:00,529.7368234326058,533.9285941399893,528.5474045425361,529.8231201171875,1635000,0.0,0.0
2023-08-03 00:00:00-04:00,530.9549986624721,537.4968019633465,529.6983691716099,534.9453125,1463400,0.0,0.0
2023-08-04 00:00:00-04:00,538.1876323847998,538.3986319220473,528.921567800959,529.52587890625,1142000,0.0,0.0
2023-08-07 00:00:00-04:00,532.355482742218,536.7391085697623,532.355482742218,535.635986328125,1015400,0.0,0.0
2023-08-08 00:00:00-04:00,535.2427847537225,536.106102986212,529.3340371195163,533.439453125,1020400,0.0,0.0
2023-08-09 00:00:00-04:00,535.2235304884621,539.1659542573631,534.1012637303269,536.8734130859375,1471800,0.0,0.0
2023-08-10 00:00:00-04:00,540.2307965863731,545.9956976744469,537.8327551052066,538.5905151367188,1107200,0.0,0.0
2023-08-11 00:00:00-04:00,537.4969497221923,541.9573299266865,536.2308354452596,540.0005493164062,1043100,0.0,0.0
2023-08-14 00:00:00-04:00,541.7366891252681,544.5567878088873,537.5832655351585,538.5712280273438,1247600,0.0,0.0
2023-08-15 00:00:00-04:00,538.168383361623,542.1107489625764,535.4346398680395,535.7319946289062,1124300,0.0,0.0
2023-08-16 00:00:00-04:00,538.7920699221324,541.9095244159763,535.9335641442267,536.2501220703125,1340100,0.0,0.0
2023-08-17 00:00:00-04:00,536.652775753443,537.5640430503495,522.8496961353799,524.796875,1941900,0.0,0.0
2023-08-18 00:00:00-04:00,524.6145615675315,527.0605514194522,520.9599498121893,522.71533203125,1878100,0.0,0.0
2023-08-21 00:00:00-04:00,521.6796081042813,522.9170351823724,514.4279318091645,521.05615234375,2076100,0.0,0.0
2023-08-22 00:00:00-04:00,519.8569427242923,519.8569427242923,515.5788164913849,516.413330078125,1286000,0.0,0.0
2023-08-23 00:00:00-04:00,516.9794034575241,519.0992346890716,514.3703038432423,518.8018798828125,1295800,0.0,0.0
2023-08-24 00:00:00-04:00,518.2731416711091,519.9165218491295,510.1332568131927,510.98858642578125,1587500,1.02,0.0
2023-08-25 00:00:00-04:00,512.1418686948579,514.9096365296961,509.8834743156577,513.1990356445312,1511500,0.0,0.0
2023-08-28 00:00:00-04:00,515.1114695529404,516.1109184521341,512.3437017404308,515.2940673828125,945800,0.0,0.0
2023-08-29 00:00:00-04:00,513.5161490909612,521.9059116515796,513.5161490909612,521.6176147460938,1468500,0.0,0.0
2023-08-30 00:00:00-04:00,521.57921892416,523.2033601824102,518.2925163663381,521.1275634765625,1292800,0.0,0.0
2023-08-31 00:00:00-04:00,518.955526388192,530.6800889008629,518.955526388192,527.8739013671875,2086500,0.0,0.0
2023-09-01 00:00:00-04:00,531.516259951203,531.9102559907205,519.5706777812063,523.0399780273438,1437700,0.0,0.0
2023-09-05 00:00:00-04:00,524.4622495421337,527.7874304414602,522.7996884207431,523.501220703125,1714300,0.0,0.0
2023-09-06 00:00:00-04:00,520.6085435971983,527.2973258067336,519.128580218801,525.3848876953125,1476600,0.0,0.0
2023-09-07 00:00:00-04:00,527.2685440815383,529.5173189222837,523.0784133822672,527.2396850585938,1340000,0.0,0.0
2023-09-08 00:00:00-04:00,527.6720354691481,530.8530381206183,526.7398071285346,529.7094116210938,1075300,0.0,0.0
2023-09-11 00:00:00-04:00,531.266410853794,537.5899977608983,530.3534216210996,537.0037841796875,1388600,0.0,0.0
2023-09-12 00:00:00-04:00,537.4843201745034,538.5606679477595,534.5050951199285,537.0133666992188,1055500,0.0,0.0
2023-09-13 00:00:00-04:00,536.5423724277264,538.5989881569185,533.0057934487699,537.9454956054688,1162700,0.0,0.0
2023-09-14 00:00:00-04:00,542.7987349813542,544.6150936943774,538.4164455087498,542.7603149414062,1257300,0.0,0.0
2023-09-15 00:00:00-04:00,543.2984995241956,543.4714776922057,533.889988792146,534.6780395507812,2945300,0.0,0.0
2023-09-18 00:00:00-04:00,536.4272320747363,542.2030265238736,535.7448802769256,540.790283203125,1003100,0.0,0.0
2023-09-19 00:00:00-04:00,539.7522169347097,543.298415471668,537.6283222190486,542.3565673828125,1144700,0.0,0.0
2023-09-20 00:00:00-04:00,542.3565676369221,547.0367730952888,540.732426655136,541.8568725585938,1311500,0.0,0.0
2023-09-21 00:00:00-04:00,542.0875153941731,542.5680297880917,532.6790646776011,533.4478759765625,1687700,0.0,0.0
2023-09-22 00:00:00-04:00,533.5247861987156,541.0304196723602,533.1596491753453,536.8211669921875,1527300,0.0,0.0
2023-09-25 00:00:00-04:00,537.6860660615819,539.3967257102204,533.121178649168,536.8499755859375,1313300,0.0,0.0
2023-09-26 00:00:00-04:00,537.3592932593892,539.4927491048716,530.4879136686359,531.4105224609375,2425100,0.0,0.0
2023-09-27 00:00:00-04:00,526.0479644831673,544.4228309792095,523.5012146267368,541.568603515625,4591400,0.0,0.0
2023-09-28 00:00:00-04:00,542.0874382597856,549.8813665425669,542.0874382597856,546.4697265625,2192400,0.0,0.0
2023-09-29 00:00:00-04:00,547.7864968796944,548.7379061471214,538.8489394513887,542.9429321289062,1887500,0.0,0.0
2023-10-02 00:00:00-04:00,545.7778278114431,549.4585844570807,542.0202310962322,549.0453491210938,1831700,0.0,0.0
2023-10-03 00:00:00-04:00,548.8434850868327,553.7351471389538,541.068795496804,543.0196533203125,2007400,0.0,0.0
2023-10-04 00:00:00-04:00,547.296139676516,550.2945440606625,541.7894648538768,549.51611328125,1798800,0.0,0.0
2023-10-05 00:00:00-04:00,549.8719480106912,552.3514192613109,542.3663138464169,547.3252563476562,1579700,0.0,0.0
2023-10-06 00:00:00-04:00,544.0287716264146,544.8552422445707,521.4830168336501,535.8023681640625,4246700,0.0,0.0
2023-10-09 00:00:00-04:00,533.371144041535,537.9360322112598,528.3546003554285,537.1864013671875,1781500,0.0,0.0
2023-10-10 00:00:00-04:00,538.0992176989552,544.8552781727892,535.5236676091341,540.1846923828125,2176800,0.0,0.0
2023-10-11 00:00:00-04:00,542.8371475096345,544.4228686479275,538.3683983448473,543.4810791015625,1449800,0.0,0.0
2023-10-12 00:00:00-04:00,545.9123294287614,546.9598764978508,540.4633132421211,541.8087768554688,1458000,0.0,0.0
2023-10-13 00:00:00-04:00,541.876047465607,545.3261665521871,540.0789283616671,544.7495727539062,1243900,0.0,0.0
2023-10-16 00:00:00-04:00,547.4884753132674,551.7265863257916,546.3640880906042,549.9390869140625,1428300,0.0,0.0
2023-10-17 00:00:00-04:00,549.6507221591579,553.6101554594827,548.4686757032285,551.9572143554688,1404600,0.0,0.0
2023-10-18 00:00:00-04:00,551.5536342291433,554.8019162760143,549.7084753510976,552.24560546875,1311900,0.0,0.0
2023-10-19 00:00:00-04:00,551.342302405102,553.4084793864354,542.1260092656261,543.5867919921875,2019600,0.0,0.0
2023-10-20 00:00:00-04:00,544.461365932503,544.5863043990176,530.4976446179421,531.3817749023438,2295400,0.0,0.0
2023-10-23 00:00:00-04:00,532.5445401259542,535.2161698230823,525.3272040894769,530.7666015625,1776500,0.0,0.0
2023-10-24 00:00:00-04:00,530.5840467649687,534.3224633659701,527.9220365254849,530.334228515625,1678600,0.0,0.0
2023-10-25 00:00:00-04:00,527.1723904541881,532.2466511925772,524.3469631468007,528.5562744140625,1757500,0.0,0.0
2023-10-26 00:00:00-04:00,528.2295555739568,533.0442610661742,524.2701212192711,526.2593994140625,1925300,0.0,0.0
2023-10-27 00:00:00-04:00,526.259342634105,526.6726366321063,519.1765651350053,521.8674926757812,1503100,0.0,0.0
2023-10-30 00:00:00-04:00,524.4719188080063,534.6780413508145,522.4537815178774,533.2557373046875,1696200,0.0,0.0
2023-10-31 00:00:00-04:00,530.641589371116,532.438767031861,527.6624238177611,530.9107055664062,1394700,0.0,0.0
2023-11-01 00:00:00-04:00,533.3709899501359,536.6769314052779,528.2295092753963,535.100830078125,1735300,0.0,0.0
2023-11-02 00:00:00-04:00,535.7940607060349,538.692075719672,531.4711315053049,535.2837524414062,2100600,1.02,0.0
2023-11-03 00:00:00-04:00,536.5931582104843,542.0425378812027,534.5712587105177,540.0303344726562,1826800,0.0,0.0
2023-11-06 00:00:00-05:00,539.6357181786182,551.3433113416794,539.2891268797389,548.6185913085938,2056900,0.0,0.0
2023-11-07 00:00:00-05:00,551.1988035819143,552.5370994966394,548.3681907815107,550.0145874023438,1373100,0.0,0.0
2023-11-08 00:00:00-05:00,550.8328532282391,551.6704780216129,543.2941713236833,546.2692260742188,1343600,0.0,0.0
2023-11-09 00:00:00-05:00,547.8288541857197,547.8288541857197,541.0989449750572,542.3120727539062,1288400,0.0,0.0
2023-11-10 00:00:00-05:00,546.7699912409774,556.3882807956969,543.9201037282376,555.6469116210938,1908800,0.0,0.0
2023-11-13 00:00:00-05:00,553.6057747115178,558.3716100901352,552.1519484052208,556.715576171875,1650700,0.0,0.0
2023-11-14 00:00:00-05:00,560.0950323610441,569.540026675134,559.5847827724297,568.8179321289062,2037600,0.0,0.0
2023-11-15 00:00:00-05:00,571.8891495372443,577.5696492087553,571.3114975006342,574.5753784179688,2165100,0.0,0.0
2023-11-16 00:00:00-05:00,564.5623835509751,564.7645911714492,550.9484807799164,557.0526123046875,2954700,0.0,0.0
2023-11-17 00:00:00-05:00,557.3606071060177,558.3426155057947,552.700665505041,555.6757202148438,1773600,0.0,0.0
2023-11-20 00:00:00-05:00,555.8587165533352,560.6534049917882,555.8587165533352,559.18994140625,1624100,0.0,0.0
2023-11-21 00:00:00-05:00,560.3452812030622,563.185531065092,556.2149221926036,562.5596923828125,1173700,0.0,0.0
2023-11-22 00:00:00-05:00,565.0148586414953,569.1452768323536,564.5334623032937,567.1619262695312,1068600,0.0,0.0
2023-11-24 00:00:00-05:00,569.0297390662639,572.091412685996,568.4423908804474,569.3570556640625,645800,0.0,0.0
2023-11-27 00:00:00-05:00,570.4738080298093,577.6177116393812,570.3678561982729,572.7652587890625,1627400,0.0,0.0
2023-11-28 00:00:00-05:00,571.1188831045183,575.1914765584261,569.4147215819031,571.8987426757812,1286800,0.0,0.0
2023-11-29 00:00:00-05:00,573.0541671915884,573.0638045198584,565.5636125578359,565.9872436523438,1319800,0.0,0.0
2023-11-30 00:00:00-05:00,565.9583831966618,571.0034069531806,561.1444202588848,570.6856689453125,1755200,0.0,0.0
2023-12-01 00:00:00-05:00,571.2055370511499,574.1612581814235,568.6156229914546,574.0650024414062,1475300,0.0,0.0
2023-12-04 00:00:00-05:00,570.1176493983255,577.2230633354447,569.4533201679706,576.789794921875,1624000,0.0,0.0
2023-12-05 00:00:00-05:00,576.2602228820977,586.225101745374,574.816034132974,582.826416015625,2349700,0.0,0.0
2023-12-06 00:00:00-05:00,582.9709188974866,585.8400220389626,581.3919249311696,584.8291015625,2233900,0.0,0.0
2023-12-07 00:00:00-05:00,587.3034749428185,589.5660140045429,583.7892585133021,588.2181396484375,1690400,0.0,0.0
2023-12-08 00:00:00-05:00,585.9555647713504,590.779165197723,585.1179398934506,588.0545043945312,1502100,0.0,0.0
2023-12-11 00:00:00-05:00,598.8281348801107,601.7743368940884,595.7376079868781,600.6478271484375,2139300,0.0,0.0
2023-12-12 00:00:00-05:00,604.0944089821944,606.2606916784222,600.0218163178234,606.0777587890625,2374400,0.0,0.0
2023-12-13 00:00:00-05:00,610.3334130144843,618.6904449705208,607.5220753322138,618.11279296875,2436900,0.0,0.0
2023-12-14 00:00:00-05:00,617.3234339112648,618.0166752323889,606.8482443358699,607.3104248046875,3839200,0.0,0.0
2023-12-15 00:00:00-05:00,617.6313730723625,637.2530884254303,616.6685805968016,634.3069458007812,8807700,0.0,0.0
2023-12-18 00:00:00-05:00,639.7757430585096,656.5379379496627,636.5022244039967,655.8928833007812,5733400,0.0,0.0
2023-12-19 00:00:00-05:00,649.8850288704381,655.4692144027072,644.2238034733641,652.5230712890625,3437300,0.0,0.0
2023-12-20 00:00:00-05:00,646.7943943829449,649.2591409922863,636.2133135237307,636.4058837890625,3782700,0.0,0.0
2023-12-21 00:00:00-05:00,641.0849772211345,642.5099500302712,634.9135033711475,640.4110107421875,2388400,0.0,0.0
2023-12-22 00:00:00-05:00,643.1454205364223,648.2193560568728,641.2198354449959,646.6114501953125,1641700,0.0,0.0
2023-12-26 00:00:00-05:00,647.9690221050964,650.7129573611061,645.8220135276867,649.5191040039062,1774800,0.0,0.0
2023-12-27 00:00:00-05:00,652.5519803627376,658.3419437853174,650.287212652664,656.5891723632812,1875900,15.0,0.0
2023-12-28 00:00:00-05:00,655.6537508016357,656.6482941904758,651.4590350762253,652.9458618164062,1496900,0.0,0.0
2023-12-29 00:00:00-05:00,650.87806311953,653.0345299081678,647.0968388502191,649.97216796875,1947500,0.0,0.0
2024-01-02 00:00:00-05:00,645.5409609016871,647.7269366537096,639.554048591731,640.6864624023438,2657700,0.0,0.0
2024-01-03 00:00:00-05:00,641.23792632841,645.4129888332949,633.2520705338487,634.8177490234375,2612600,0.0,0.0
2024-01-04 00:00:00-05:00,632.2478066898423,639.94806576572,630.701840983382,638.4217529296875,2171100,0.0,0.0
2024-01-05 00:00:00-05:00,646.1317964367429,649.5486909866747,642.2521279252879,645.9644165039062,2233500,0.0,0.0
2024-01-08 00:00:00-05:00,645.7674706857287,651.9414763717027,644.0147593721621,651.5574340820312,2245300,0.0,0.0
2024-01-09 00:00:00-05:00,648.7904899029684,657.0716800378575,648.1799888514316,656.96337890625,1886200,0.0,0.0
2024-01-10 00:00:00-05:00,659.306876035535,663.5115078056891,658.7653103282614,662.4578857421875,1801900,0.0,0.0
2024-01-11 00:00:00-05:00,660.7248111736794,664.1810712923238,657.4162781081691,663.2653198242188,1670800,0.0,0.0
2024-01-12 00:00:00-05:00,667.1252516034191,673.2499741425898,665.7565226409522,672.77734375,2388400,0.0,0.0
2024-01-16 00:00:00-05:00,672.7773399307206,676.007141196436,667.7751146023476,671.0541381835938,1626700,0.0,0.0
2024-01-17 00:00:00-05:00,670.0793937859023,674.3824704633047,668.7894564311285,673.712890625,1786800,0.0,0.0
2024-01-18 00:00:00-05:00,672.3737781348701,677.1888514380017,669.7939032442698,676.78515625,1900600,0.0,0.0
2024-01-19 00:00:00-05:00,677.9569849543157,685.4701514111613,672.2162430393372,684.327880859375,2267900,0.0,0.0
2024-01-22 00:00:00-05:00,684.7807864256371,687.9613058004481,679.94600031251,681.905517578125,2452900,0.0,0.0
2024-01-23 00:00:00-05:00,680.1428052603925,681.0389038620089,674.1460965902337,677.060791015625,2208600,0.0,0.0
2024-01-24 00:00:00-05:00,678.4491748593945,679.4042921644351,672.6592119262837,675.997314453125,1946500,0.0,0.0
2024-01-25 00:00:00-05:00,675.9875569618049,675.9875569618049,665.6089786702751,669.4886474609375,2751900,0.0,0.0
2024-01-26 00:00:00-05:00,669.6658359146392,676.7161671704764,669.0947007253167,676.3616943359375,1825500,0.0,0.0
2024-01-29 00:00:00-05:00,679.335398257707,683.500603888481,675.751124140656,683.3824462890625,2215400,0.0,0.0
2024-01-30 00:00:00-05:00,682.3288546079023,691.8901848060103,680.2216104904205,690.0093994140625,1610500,0.0,0.0
2024-01-31 00:00:00-05:00,690.5805824364332,694.716279188103,682.4273465459545,684.2391967773438,1928500,0.0,0.0
2024-02-01 00:00:00-05:00,684.3771851120237,695.5204903534534,681.9118494307844,694.7118530273438,2039200,1.02,0.0
2024-02-02 00:00:00-05:00,693.5876984634284,704.3760096995221,692.522656607365,699.6425170898438,2377400,0.0,0.0
2024-02-05 00:00:00-05:00,700.7865064539661,702.9756957501005,695.8952585668453,701.2992553710938,2276900,0.0,0.0
2024-02-06 00:00:00-05:00,701.3683497855777,702.8376804108017,694.5739295156934,700.9344482421875,1920200,0.0,0.0
2024-02-07 00:00:00-05:00,704.247924091625,713.2907599211578,702.1277110011163,709.7998657226562,2145500,0.0,0.0
2024-02-08 00:00:00-05:00,713.8528032107989,718.0734268959661,710.6675483580013,714.1190185546875,1918500,0.0,0.0
2024-02-09 00:00:00-05:00,715.0854930836143,715.47009993409,710.1350792748638,713.36962890625,1426100,0.0,0.0
2024-02-12 00:00:00-05:00,713.4879654515588,713.7640517795835,705.3819095545938,712.393310546875,1572600,0.0,0.0
2024-02-13 00:00:00-05:00,711.3874490118794,711.7720558406342,699.2086540900164,704.346435546875,1951100,0.0,0.0
2024-02-14 00:00:00-05:00,706.0722007924649,712.5313688038409,701.2105656269905,712.16650390625,1472500,0.0,0.0
2024-02-15 00:00:00-05:00,711.48608829325,715.9631769251066,708.3206354360951,714.4642333984375,1264100,0.0,0.0
2024-02-16 00:00:00-05:00,711.9790864004865,718.9510630533871,708.5374873586351,713.9513549804688,1764900,0.0,0.0
2024-02-20 00:00:00-05:00,717.9353271465792,724.769230088214,713.6752200812374,715.6277465820312,2407300,0.0,0.0
2024-02-21 00:00:00-05:00,715.6278961544525,718.6848888086591,710.2830644024106,712.9949340820312,1564200,0.0,0.0
2024-02-22 00:00:00-05:00,715.7855447506513,725.8441264681466,715.7855447506513,724.217041015625,1801600,0.0,0.0
2024-02-23 00:00:00-05:00,729.8577567703674,732.2146323330668,726.8993536941683,727.6981201171875,1265800,0.0,0.0
2024-02-26 00:00:00-05:00,731.7117933502753,736.4255451145385,728.753389873118,735.0153198242188,1707000,0.0,0.0
2024-02-27 00:00:00-05:00,735.6563080956181,736.2874485961498,731.051077014445,734.3842163085938,1471300,0.0,0.0
2024-02-28 00:00:00-05:00,732.9049729037632,741.454741343347,732.9049729037632,737.589111328125,1365000,0.0,0.0
2024-02-29 00:00:00-05:00,741.0010608903277,742.125268501431,732.6879554923862,733.5755004882812,3361200,0.0,0.0
2024-03-01 00:00:00-05:00,730.173313879947,740.9616259783719,728.9998116065666,739.0485229492188,1678100,0.0,0.0
2024-03-04 00:00:00-05:00,744.6103157650008,754.1363467691757,743.2198326744495,748.6534423828125,2133400,0.0,0.0
2024-03-05 00:00:00-05:00,757.7653094749758,758.6035597516131,746.4050831546355,749.4127807617188,2353400,0.0,0.0
2024-03-06 00:00:00-05:00,754.2348807151261,764.4117323246306,753.071189435048,762.5183715820312,2400600,0.0,0.0
2024-03-07 00:00:00-05:00,768.3070139470266,776.1665349402516,766.2361561706816,774.6972045898438,4187900,0.0,0.0
2024-03-08 00:00:00-05:00,745.5669239731451,745.7345499734089,715.0460513182985,715.4996948242188,8590200,0.0,0.0
2024-03-11 00:00:00-04:00,709.8293635689195,710.0167315028428,701.1513933327686,704.1788330078125,3762500,0.0,0.0
2024-03-12 00:00:00-04:00,707.1372112965021,729.7886876163827,706.9695251270086,726.6626586914062,3727400,0.0,0.0
2024-03-13 00:00:00-04:00,724.8087318512481,726.2879333448221,716.5054976535345,724.0198364257812,2270300,0.0,0.0
2024-03-14 00:00:00-04:00,728.0926902827414,730.410082244141,718.8821677208722,721.8011474609375,1826100,0.0,0.0
2024-03-15 00:00:00-04:00,722.3632678148258,722.3632678148258,713.1921687551431,715.5687866210938,3390700,0.0,0.0
2024-03-18 00:00:00-04:00,716.0320944561776,723.1717573797428,715.9532470477939,721.3966674804688,1595200,0.0,0.0
2024-03-19 00:00:00-04:00,721.6432084812452,725.153844233998,719.8977916726647,722.0179443359375,1322700,0.0,0.0
2024-03-20 00:00:00-04:00,720.8642651637828,731.8005224275503,719.0201986028918,730.449462890625,1398700,0.0,0.0
2024-03-21 00:00:00-04:00,733.1908847064668,741.8787258688706,730.824138205507,732.263916015625,2106900,0.0,0.0
2024-03-22 00:00:00-04:00,734.10798987393,734.4629837960176,724.1973516546999,724.6115112304688,1794100,0.0,0.0
2024-03-25 00:00:00-04:00,720.8641917714265,723.980349756176,716.6632499155637,720.8247680664062,1604700,0.0,0.0
2024-03-26 00:00:00-04:00,720.8642243697092,724.5129335759746,720.0950106705608,720.844482421875,1353500,0.0,0.0
2024-03-27 00:00:00-04:00,723.822560179964,725.6863684110398,717.6592209413744,721.92919921875,1246700,0.0,0.0
2024-03-28 00:00:00-04:00,723.6746125402179,724.7101016784917,718.2213213059111,722.4715576171875,1713300,0.0,0.0
2024-04-01 00:00:00-04:00,721.6137161069997,723.1027886769527,710.2140048832114,711.2395629882812,1600700,0.0,0.0
2024-04-02 00:00:00-04:00,710.0168209220934,710.0168209220934,698.5776851050083,701.4374389648438,2326700,0.0,0.0
2024-04-03 00:00:00-04:00,700.1355846515097,700.9540929425249,687.6018566920266,695.9050903320312,3205500,0.0,0.0
2024-04-04 00:00:00-04:00,698.9424613377377,707.1865300445841,694.4555019016714,695.1063842773438,2252400,0.0,0.0
2024-04-05 00:00:00-04:00,696.2502867882325,706.9498807831873,696.2306050293215,703.8237915039062,1552900,0.0,0.0
2024-04-08 00:00:00-04:00,703.6166869128623,706.2102249107623,701.0132779418442,701.9402465820312,1459000,0.0,0.0
2024-04-09 00:00:00-04:00,706.3088299917802,709.0798650009265,697.1772166325054,708.6262817382812,1386400,0.0,0.0
2024-04-10 00:00:00-04:00,701.1414614599124,713.9414649417415,699.119898257188,712.5609130859375,1832000,0.0,0.0
2024-04-11 00:00:00-04:00,721.3573054504851,723.6155315329806,714.1092417679167,722.1954956054688,2107800,0.0,0.0
2024-04-12 00:00:00-04:00,717.9057587672886,722.7378408345356,716.4659810446284,721.1698608398438,1481800,0.0,0.0
2024-04-15 00:00:00-04:00,725.2327233603437,730.7254985002082,707.9951154766713,708.320556640625,1808000,0.0,0.0
2024-04-16 00:00:00-04:00,708.340251261545,712.4820273336442,702.2558195211407,706.0425415039062,1412300,0.0,0.0
2024-04-17 00:00:00-04:00,712.9751444676772,713.7640399203249,701.1415321113672,705.2734375,1376700,0.0,0.0
2024-04-18 00:00:00-04:00,705.2733719249024,708.9812464153463,699.7313021350985,701.3880004882812,1846400,0.0,0.0
2024-04-19 00:00:00-04:00,703.1433309501098,704.9577842586257,692.2662413162693,699.672119140625,2190400,0.0,0.0
2024-04-22 00:00:00-04:00,704.9480171380994,708.3008981470089,696.3785068626266,705.5397338867188,1437100,0.0,0.0
2024-04-23 00:00:00-04:00,709.0601917298985,714.2275259563731,706.3680040975081,712.6595458984375,1176200,0.0,0.0
2024-04-24 00:00:00-04:00,709.7307489921346,715.3714083791124,706.1609475895818,713.852783203125,1206600,0.0,0.0
2024-04-25 00:00:00-04:00,718.3567659916789,718.3567659916789,705.6349646014412,712.9934692382812,1613600,1.16,0.0
2024-04-26 00:00:00-04:00,706.2177500662307,721.9718503940328,706.2177500662307,720.2235717773438,1524400,0.0,0.0
2024-04-29 00:00:00-04:00,720.5693373783785,723.2558991490137,711.3736326336156,717.4086303710938,1526900,0.0,0.0
2024-04-30 00:00:00-04:00,716.5986179909675,716.5986179909675,708.2918837084621,714.0206909179688,1734800,0.0,0.0
2024-05-01 00:00:00-04:00,713.3984331057027,720.8951719666773,706.533787357594,713.3489990234375,1609100,0.0,0.0
2024-05-02 00:00:00-04:00,715.8480556772887,725.3795509709003,711.778665550985,723.443603515625,1826900,0.0,0.0
2024-05-03 00:00:00-04:00,725.2609229071705,738.3086268877256,724.3422929760342,734.7627563476562,2323300,0.0,0.0
2024-05-06 00:00:00-04:00,740.3829053701978,747.6426021160908,737.3110592981598,747.1586303710938,1773300,0.0,0.0
2024-05-07 00:00:00-04:00,749.3710748270746,762.7546292216706,746.2894023562388,761.8360595703125,1897800,0.0,0.0
2024-05-08 00:00:00-04:00,760.5422247991219,763.8906004911014,753.3417882956768,754.0331420898438,1511900,0.0,0.0
2024-05-09 00:00:00-04:00,754.41833097281,770.1329442529736,754.2306623069062,769.4711303710938,1716200,0.0,0.0
2024-05-10 00:00:00-04:00,769.4711383311635,777.7778732307439,768.6019424259298,777.5210571289062,1652700,0.0,0.0
2024-05-13 00:00:00-04:00,778.321170501741,779.7829726981334,764.0783050483807,765.6290283203125,1596800,0.0,0.0
2024-05-14 00:00:00-04:00,765.411602682297,771.2193840350266,761.9545928430755,768.3451538085938,1327700,0.0,0.0
2024-05-15 00:00:00-04:00,768.957494490581,779.9606165738998,768.957494490581,777.372802734375,1661700,0.0,0.0
2024-05-16 00:00:00-04:00,782.084324151253,794.6777179751174,778.1532291352328,783.328857421875,2000000,0.0,0.0
2024-05-17 00:00:00-04:00,783.86216653611,787.8031481861702,780.8990151859331,786.03515625,1309100,0.0,0.0
2024-05-20 00:00:00-04:00,785.4820681905085,793.117102513886,782.6572115932877,783.2597045898438,1347100,0.0,0.0
2024-05-21 00:00:00-04:00,785.798075104576,791.5959694715004,782.2719179371941,791.0922241210938,1375700,0.0,0.0
2024-05-22 00:00:00-04:00,790.2131509029765,796.4456432657469,788.2081165792155,792.0108032226562,1192800,0.0,0.0
2024-05-23 00:00:00-04:00,794.4209058921876,798.1248452709143,785.6598594378775,786.5587158203125,1519200,0.0,0.0
2024-05-24 00:00:00-04:00,790.7959778366038,806.8364945286172,789.2749151452819,799.7841796875,1623000,0.0,0.0
2024-05-28 00:00:00-04:00,799.794022399866,805.275840162039,794.835663344063,803.181884765625,1986300,0.0,0.0
2024-05-29 00:00:00-04:00,797.1075060311958,803.448633193382,796.386431524499,796.6136474609375,2282800,0.0,0.0
2024-05-30 00:00:00-04:00,800.2484368277518,809.4341941490422,798.3717501523885,805.3253173828125,2277800,0.0,0.0
2024-05-31 00:00:00-04:00,799.0928384578139,801.76951336386,778.518673249244,799.9422607421875,4360700,0.0,0.0
2024-06-03 00:00:00-04:00,801.0386628091935,817.7409344193472,797.21620200309,805.374755859375,2008700,0.0,0.0
2024-06-04 00:00:00-04:00,804.9696915147764,817.8396747228317,803.0535178611628,817.227294921875,1754500,0.0,0.0
2024-06-05 00:00:00-04:00,820.7040534987038,824.1413502708089,811.587443240977,824.0524291992188,2080000,0.0,0.0
2024-06-06 00:00:00-04:00,825.1586895027551,838.660827083982,824.0722246927857,832.2900390625,1735000,0.0,0.0
2024-06-07 00:00:00-04:00,836.2803734735874,839.9349390911995,831.9442805913789,835.1939086914062,1593600,0.0,0.0
2024-06-10 00:00:00-04:00,836.7741363191551,839.0458735127204,832.3886701369,837.919921875,1401600,0.0,0.0
2024-06-11 00:00:00-04:00,838.808843292807,840.4879743857387,829.9391632066097,838.8779907226562,1690500,0.0,0.0
2024-06-12 00:00:00-04:00,841.8411502431366,845.2290126262793,833.2479995063437,837.3964233398438,1838300,0.0,0.0
2024-06-13 00:00:00-04:00,837.3965276315263,837.3965276315263,827.262539384229,835.5692749023438,1322400,0.0,0.0
2024-06-14 00:00:00-04:00,833.060437251255,845.6637185702539,831.5689746097548,845.1599731445312,1395500,0.0,0.0
2024-06-17 00:00:00-04:00,843.9943652715624,859.8669861173528,842.8881269553258,857.24951171875,1904900,0.0,0.0
2024-06-18 00:00:00-04:00,857.3384654033879,863.2252811773598,857.0421623226695,860.0546875,1763800,0.0,0.0
2024-06-20 00:00:00-04:00,860.6079099292053,863.1166900275668,849.9899495503945,851.8468627929688,1944600,0.0,0.0
2024-06-21 00:00:00-04:00,855.995129422697,856.3210326477524,837.2383920534863,837.8902587890625,3833100,0.0,0.0
2024-06-24 00:00:00-04:00,839.5596748274517,840.1819415269267,831.1739648974986,837.7422485351562,1722900,0.0,0.0
2024-06-25 00:00:00-04:00,838.8879206396886,845.1796739391048,834.6209754010152,845.0018920898438,1564200,0.0,0.0
2024-06-26 00:00:00-04:00,842.2461625595236,849.1799564360911,839.6188613932972,846.3156127929688,1505300,0.0,0.0
2024-06-27 00:00:00-04:00,847.1748769769334,847.787256771589,838.2162754190284,840.1719360351562,1254900,0.0,0.0
2024-06-28 00:00:00-04:00,840.7942158599064,846.7106318858915,836.4087493446192,839.5496826171875,2131700,0.0,0.0
2024-07-01 00:00:00-04:00,843.0164335250724,845.4857259489889,830.1761129207069,835.2825927734375,1989000,0.0,0.0
2024-07-02 00:00:00-04:00,835.3024893483354,849.7922825446315,832.7245621468443,848.8045654296875,1377900,0.0,0.0
2024-07-03 00:00:00-04:00,844.4981392505254,852.9135084207228,844.4981392505254,852.0640258789062,814400,0.0,0.0
2024-07-05 00:00:00-04:00,853.9407480287528,876.04586295945,848.1724532712464,874.7914428710938,2620700,0.0,0.0
2024-07-08 00:00:00-04:00,875.8976818838458,877.0434675535876,866.8798193565394,870.0208129882812,1611300,0.0,0.0
2024-07-09 00:00:00-04:00,872.9938186300357,885.6563603033726,872.1246226756541,875.9569702148438,1356800,0.0,0.0
2024-07-10 00:00:00-04:00,876.5001312816805,879.3348743826328,869.8824150122571,873.4480590820312,1755800,0.0,0.0
2024-07-11 00:00:00-04:00,879.8189158115601,879.8189158115601,836.1223198521578,836.1914672851562,6021100,0.0,0.0
2024-07-12 00:00:00-04:00,839.4510087731065,839.5596431995947,828.0823738412806,832.546875,3288400,0.0,0.0
2024-07-15 00:00:00-04:00,836.4580885924722,847.3625239559773,834.2949857326871,838.3051147460938,2064000,0.0,0.0
2024-07-16 00:00:00-04:00,837.3865781441082,840.784327512701,831.0059640107205,840.3201293945312,1687600,0.0,0.0
2024-07-17 00:00:00-04:00,837.5940463528813,839.5102200726715,832.2998967941418,835.8853149414062,1783100,0.0,0.0
2024-07-18 00:00:00-04:00,838.9966132765284,844.7945084129553,814.9753237578899,829.0601806640625,2338500,0.0,0.0
2024-07-19 00:00:00-04:00,826.2351693727683,838.4532240182272,825.2968261519829,827.8352661132812,1984400,0.0,0.0
2024-07-22 00:00:00-04:00,835.3617597474066,839.1546200388185,828.2995581786591,837.01123046875,1920200,0.0,0.0
2024-07-23 00:00:00-04:00,838.473143173968,844.0833695552838,835.1939148827216,841.6436767578125,1744100,0.0,0.0
2024-07-24 00:00:00-04:00,834.2258223296719,835.6086503569787,819.3113185237752,820.6151123046875,2511300,0.0,0.0
2024-07-25 00:00:00-04:00,825.5241318130438,826.3736144167844,804.2783856113798,805.9278564453125,2183700,0.0,0.0
2024-07-26 00:00:00-04:00,809.1027657078563,813.3362419198517,800.2105579299597,808.7070922851562,1441500,1.16,0.0
2024-07-29 00:00:00-04:00,813.6132551551399,814.7804133987344,805.2354098243532,806.6893920898438,1320400,0.0,0.0
2024-07-30 00:00:00-04:00,809.1028884984793,813.0593818407701,794.5430219770717,801.2196044921875,2017200,0.0,0.0
2024-07-31 00:00:00-04:00,811.4965554225483,816.5015171187275,802.4461130651027,813.0593872070312,2135000,0.0,0.0
2024-08-01 00:00:00-04:00,809.6468007966439,815.2056684711671,800.8732826525949,808.0048828125,1861400,0.0,0.0
2024-08-02 00:00:00-04:00,807.322439011634,821.2591523190578,796.2541470140461,813.1384887695312,2598500,0.0,0.0
2024-08-05 00:00:00-04:00,789.3202839604198,802.0008501528096,784.3746681461315,793.108642578125,2820900,0.0,0.0
2024-08-06 00:00:00-04:00,796.3036715088175,824.0288290241451,796.3036715088175,807.9951171875,2476300,0.0,0.0
2024-08-07 00:00:00-04:00,815.1464242619991,824.7607345555373,800.4579667570326,801.4866333007812,1702000,0.0,0.0
2024-08-08 00:00:00-04:00,812.5647705726534,833.5935410627051,811.5262032079575,830.2997436523438,2345000,0.0,0.0
2024-08-09 00:00:00-04:00,829.3798163269634,848.4402400114536,828.5192839590464,845.631103515625,1710600,0.0,0.0
2024-08-12 00:00:00-04:00,847.9258581918053,860.7844597158572,843.1286348486552,854.1771240234375,1748200,0.0,0.0
2024-08-13 00:00:00-04:00,855.5124623949914,858.6084229896277,846.847733086763,855.41357421875,1484100,0.0,0.0
2024-08-14 00:00:00-04:00,855.4631401118619,857.3028951252082,849.1624289573397,853.32666015625,1341500,0.0,0.0
2024-08-15 00:00:00-04:00,863.3759374540714,870.754818043506,859.5480356119467,867.8071899414062,1923800,0.0,0.0
2024-08-16 00:00:00-04:00,867.8073336761818,867.8073336761818,859.1723062818155,861.1209106445312,1516300,0.0,0.0
2024-08-19 00:00:00-04:00,861.1208880242314,864.1278011495009,859.2514304813741,862.8616943359375,1318400,0.0,0.0
2024-08-20 00:00:00-04:00,862.5154700992173,867.2237064073307,861.6944809014685,866.6697998046875,1104600,0.0,0.0
2024-08-21 00:00:00-04:00,871.1604722276398,881.42757722537,867.6787387863342,871.8330688476562,1465500,0.0,0.0
2024-08-22 00:00:00-04:00,872.7035106549654,874.3850324069306,863.6827106254484,868.0150756835938,1440900,0.0,0.0
2024-08-23 00:00:00-04:00,872.8913876694469,874.9388800894383,862.1890666093263,869.6470947265625,1305800,0.0,0.0
2024-08-26 00:00:00-04:00,873.5640515875871,883.5344318535249,871.8528875119367,882.802490234375,1737000,0.0,0.0
2024-08-27 00:00:00-04:00,882.9805102355309,908.9350968247815,877.4216419357583,899.0142211914062,2098900,0.0,0.0
2024-08-28 00:00:00-04:00,901.0517160656391,902.2979606190336,872.0703572347446,878.390869140625,1668400,0.0,0.0
2024-08-29 00:00:00-04:00,881.3088531162191,890.6659811916129,875.5422474202616,876.9863891601562,1709900,0.0,0.0
2024-08-30 00:00:00-04:00,880.8142715485125,886.5808771140443,873.4947352052068,882.673828125,1933500,0.0,0.0
2024-09-03 00:00:00-04:00,886.927046006581,887.1347836268312,864.9289541534023,869.0140380859375,1784200,0.0,0.0
2024-09-04 00:00:00-04:00,867.9061912784983,882.0605423019198,867.0555597887882,880.3394775390625,1425200,0.0,0.0
2024-09-05 00:00:00-04:00,878.9646457261388,878.9646457261388,859.2514255385054,876.3434448242188,1998800,0.0,0.0
2024-09-06 00:00:00-04:00,881.566026651754,883.4849282351595,861.5263792836369,867.1445922851562,2074600,0.0,0.0
2024-09-09 00:00:00-04:00,875.1169369909815,889.0537108228187,872.1100238988037,886.7391357421875,1954000,0.0,0.0
2024-09-10 00:00:00-04:00,882.8914285338275,890.8934625498077,877.8667256650334,884.5630493164062,1360800,0.0,0.0
2024-09-11 00:00:00-04:00,885.265277870608,892.1891403790931,868.321592359426,890.6065673828125,1796100,0.0,0.0
2024-09-12 00:00:00-04:00,890.6263174128395,905.7401492701163,886.7588721661868,905.0774536132812,1867300,0.0,0.0
2024-09-13 00:00:00-04:00,903.6927697982427,913.7818400280786,899.4691937809655,906.0369873046875,1327500,0.0,0.0
2024-09-16 00:00:00-04:00,911.9716163361535,912.5947687995788,895.5026904392673,897.9953002929688,1661000,0.0,0.0
2024-09-17 00:00:00-04:00,898.5492705976026,898.7174046543448,885.7104695049475,887.5106811523438,1387000,0.0,0.0
2024-09-18 00:00:00-04:00,890.1515946259967,895.136754154131,881.2593861219948,882.8123168945312,1338200,0.0,0.0
2024-09-19 00:00:00-04:00,894.4247268176908,895.285259337784,885.7599962568754,890.9429931640625,1747500,0.0,0.0
2024-09-20 00:00:00-04:00,891.7638599897846,897.9359794397428,885.9577113143641,897.114990234375,4658200,0.0,0.0
2024-09-23 00:00:00-04:00,897.1150429272867,909.4988861223954,890.9825266849447,907.105224609375,1697600,0.0,0.0
2024-09-24 00:00:00-04:00,902.090405909964,902.8421493235527,887.7679189649141,891.7342529296875,2432600,0.0,0.0
2024-09-25 00:00:00-04:00,893.1783363152601,900.4582692849316,891.3286805813873,898.5393676757812,1728100,0.0,0.0
2024-09-26 00:00:00-04:00,895.4532551150864,899.3504030869093,888.3612584039507,891.63525390625,2738600,0.0,0.0
2024-09-27 00:00:00-04:00,883.5442821686108,883.771761207136,864.4937578902492,875.9873657226562,3459100,0.0,0.0
2024-09-30 00:00:00-04:00,881.6748484627192,900.1022207344928,871.8231584669476,876.8776245117188,2142900,0.0,0.0
2024-10-01 00:00:00-04:00,875.6214319463368,877.3424968891169,863.2573902639542,867.8370361328125,1836700,0.0,0.0
2024-10-02 00:00:00-04:00,865.1367449886062,871.6451330345951,857.728160532828,868.9745483398438,1317100,0.0,0.0
2024-10-03 00:00:00-04:00,864.9289665276401,871.5956477997095,863.1781989968508,866.1455688476562,1451900,0.0,0.0
2024-10-04 00:00:00-04:00,868.4403323464741,874.6717968888477,866.1455591097622,873.504638671875,1516400,0.0,0.0
2024-10-07 00:00:00-04:00,872.0110222230118,878.0546110876455,862.841890861851,864.0881958007812,1963200,0.0,0.0
2024-10-08 00:00:00-04:00,867.1643654091578,881.615441603546,867.1643654091578,880.735107421875,1697900,0.0,0.0
2024-10-09 00:00:00-04:00,882.5353706149374,900.1022102233185,878.2129065889533,899.2119750976562,1956500,0.0,0.0
2024-10-10 00:00:00-04:00,900.1022222580419,900.1022222580419,882.139769309098,883.9102783203125,1765800,0.0,0.0
2024-10-11 00:00:00-04:00,884.7707044303847,884.7707044303847,875.8685956099561,879.3602294921875,1527300,0.0,0.0
2024-10-14 00:00:00-04:00,882.7431416749106,885.4335281961709,876.6204657520436,880.0823974609375,1431500,0.0,0.0
2024-10-15 00:00:00-04:00,882.3870279824589,890.853920984154,879.8746161721631,884.8795776367188,1613900,0.0,0.0
2024-10-16 00:00:00-04:00,880.240623026309,881.6353207391952,869.9339747602868,877.728271484375,1475500,0.0,0.0
2024-10-17 00:00:00-04:00,881.8628336209935,885.5918480628018,873.1981031983458,875.6610107421875,1321500,0.0,0.0
2024-10-18 00:00:00-04:00,876.1258650137163,880.9230888764748,874.1377175187077,879.884521484375,1654000,0.0,0.0
2024-10-21 00:00:00-04:00,879.3305423557558,881.7044622316665,874.0882013653508,877.1248168945312,1184900,0.0,0.0
2024-10-22 00:00:00-04:00,881.2890194831762,885.1565252228108,874.6915842683371,883.771728515625,1189700,0.0,0.0
2024-10-23 00:00:00-04:00,886.2742515361481,895.8291557591672,885.2554255900205,889.3899536132812,2193500,0.0,0.0
2024-10-24 00:00:00-04:00,891.6947093390377,893.672956059701,878.5987257076537,883.7025756835938,1649600,0.0,0.0
2024-10-25 00:00:00-04:00,885.9082975175693,891.813334571853,880.319726788875,881.5264282226562,1425800,0.0,0.0
2024-10-28 00:00:00-04:00,886.2446071257122,886.2446071257122,880.3197680094158,881.2693481445312,912500,0.0,0.0
2024-10-29 00:00:00-04:00,880.3196165765373,881.4768737752674,864.5826935896421,877.3423461914062,1361700,0.0,0.0
2024-10-30 00:00:00-04:00,876.7391296224293,876.9270654673119,867.8271188863026,869.5284423828125,1412200,0.0,0.0
2024-10-31 00:00:00-04:00,867.6590469468545,868.10416454516,859.202054064251,864.671875,1771900,0.0,0.0
2024-11-01 00:00:00-04:00,865.9098679368611,871.0006710698158,859.0461428763741,868.9207763671875,1625200,1.16,0.0
2024-11-04 00:00:00-05:00,872.9123561340912,878.5182067056081,868.3463925664589,877.5971069335938,1576700,0.0,0.0
2024-11-05 00:00:00-05:00,879.5085433244575,887.0160768706996,878.3200061756089,881.6577758789062,1622300,0.0,0.0
2024-11-06 00:00:00-05:00,889.6903055329636,891.2948095893441,877.8050544773965,890.6510009765625,2437400,0.0,0.0
2024-11-07 00:00:00-05:00,890.027075831088,910.6875906930007,885.8177158203654,905.190673828125,2145500,0.0,0.0
2024-11-08 00:00:00-05:00,905.2598768729848,952.8008769713473,905.0122674974725,934.77490234375,3277100,0.0,0.0
2024-11-11 00:00:00-05:00,934.7749730349626,942.1834872175758,922.5331790922255,923.9594116210938,2181800,0.0,0.0
2024-11-12 00:00:00-05:00,927.0001642265081,930.5756297643123,918.1357348472262,923.4642944335938,1691400,0.0,0.0
2024-11-13 00:00:00-05:00,921.1068958818248,928.6243432759114,914.3719328194423,924.8012084960938,1757600,0.0,0.0
2024-11-14 00:00:00-05:00,918.1356663870431,922.2460066577311,913.3518357943306,915.055419921875,1859900,0.0,0.0
2024-11-15 00:00:00-05:00,908.9642542430521,911.7473816674325,896.9007307211012,898.3963012695312,2269900,0.0,0.0
2024-11-18 00:00:00-05:00,901.9321085005514,917.0857916554394,898.4358347638561,910.71728515625,1797300,0.0,0.0
2024-11-19 00:00:00-05:00,919.126089186984,925.068714763624,907.5973810599393,921.2555541992188,1690500,0.0,0.0
2024-11-20 00:00:00-05:00,916.2339487003936,919.9183472209628,907.7359779379564,919.2052612304688,1452100,0.0,0.0
2024-11-21 00:00:00-05:00,926.0591580833818,949.3245276874804,921.1069700722408,946.51171875,2320500,0.0,0.0
2024-11-22 00:00:00-05:00,953.5338729667286,966.9642042302274,949.3542553657423,954.791748046875,2078700,0.0,0.0
2024-11-25 00:00:00-05:00,965.6767210676442,965.6767210676442,940.6087462444515,951.70166015625,3240900,0.0,0.0
2024-11-26 00:00:00-05:00,954.7818013582412,965.0526339495943,951.7015550759148,962.2100830078125,1438000,0.0,0.0
2024-11-27 00:00:00-05:00,962.1704946909082,962.992514341381,949.4235681180281,952.355224609375,1499500,0.0,0.0
2024-11-29 00:00:00-05:00,958.8326893273653,963.9631484481439,953.266374826403,962.58642578125,1095900,0.0,0.0
2024-12-02 00:00:00-05:00,962.0714892676779,967.1623532339243,955.5346250393299,965.6766967773438,1955800,0.0,0.0
2024-12-03 00:00:00-05:00,965.3696146156703,973.6001485500524,961.4772021508268,972.75830078125,1653900,0.0,0.0
2024-12-04 00:00:00-05:00,972.609771107073,981.6722997740644,968.2023114796756,981.4444580078125,1784700,0.0,0.0
2024-12-05 00:00:00-05:00,977.2251377127004,980.6619876261534,968.8460742894176,972.8672485351562,2089400,0.0,0.0
2024-12-06 00:00:00-05:00,972.8672203948906,988.1694929922533,972.8672203948906,983.1182250976562,1737300,0.0,0.0
2024-12-09 00:00:00-05:00,987.4762247251263,987.4762247251263,971.1240898881181,978.4136962890625,1855500,0.0,0.0
2024-12-10 00:00:00-05:00,980.2658072419468,985.4755188004053,976.4526465818815,983.9007568359375,1556800,0.0,0.0
2024-12-11 00:00:00-05:00,985.4853779538947,998.1629667056123,984.088887584806,985.1783447265625,1903600,0.0,0.0
2024-12-12 00:00:00-05:00,992.1014920990889,992.8839160122986,977.7698895611844,978.9385986328125,2344300,0.0,0.0
2024-12-13 00:00:00-05:00,971.6192746110154,997.0537046371711,956.4952732855829,979.889404296875,2951900,0.0,0.0
2024-12-16 00:00:00-05:00,979.5923753004564,998.6087908465031,976.9380095722746,983.3758544921875,2581300,0.0,0.0
2024-12-17 00:00:00-05:00,984.4949022084536,987.3869628619593,971.3815190182806,972.6889038085938,2050200,0.0,0.0
2024-12-18 00:00:00-05:00,972.6097333341769,976.175284550723,954.781856348418,955.5147705078125,2725300,0.0,0.0
2024-12-19 00:00:00-05:00,965.1913464860113,965.3201082089635,944.3921570748312,945.6697998046875,2610800,0.0,0.0
2024-12-20 00:00:00-05:00,940.3115975174742,952.741577703016,934.0321963348348,944.9468383789062,5373800,0.0,0.0
2024-12-23 00:00:00-05:00,944.7586067261412,945.1349778438891,928.0400154851229,940.8265380859375,1856800,0.0,0.0
2024-12-24 00:00:00-05:00,941.6486751398883,950.2060708847382,936.4092817703726,949.6514282226562,939000,0.0,0.0
2024-12-26 00:00:00-05:00,947.6705606611238,950.2357603248439,944.8775192305998,946.9970703125,969000,0.0,0.0
2024-12-27 00:00:00-05:00,939.6478779048254,941.3613759632967,923.0877911827356,930.7141723632812,1943400,0.0,0.0
2024-12-30 00:00:00-05:00,922.0973426037108,925.2370126547895,906.7455608525212,913.3914184570312,1881200,0.0,0.0
2024-12-31 00:00:00-05:00,914.8176737532712,915.8972168376134,903.8138665512558,907.5082397460938,1742900,0.0,0.0
2025-01-02 00:00:00-05:00,906.2504814230896,916.9175146308835,893.3747915230895,901.110107421875,1765100,0.0,0.0
2025-01-03 00:00:00-05:00,905.5868230287673,915.3723513020403,902.2886489114816,907.8153076171875,1612200,0.0,0.0
2025-01-06 00:00:00-05:00,909.2018469748283,918.5416658599868,904.536924781898,913.8866577148438,1970400,0.0,0.0
2025-01-07 00:00:00-05:00,915.0058604459406,922.4043999896144,907.6666842861924,912.5594482421875,1888000,0.0,0.0
2025-01-08 00:00:00-05:00,914.1541005447084,921.6022108354399,906.6663945114891,918.5021362304688,1774800,0.0,0.0
2025-01-10 00:00:00-05:00,924.4348073490942,935.2504292733898,914.6691072955363,927.9805908203125,2765800,0.0,0.0
2025-01-13 00:00:00-05:00,925.0686620086685,926.0491855006545,912.1929739935586,915.8576049804688,1693800,0.0,0.0
2025-01-14 00:00:00-05:00,915.4613848743832,918.8883204457521,901.2188885437778,908.458984375,1683800,0.0,0.0
2025-01-15 00:00:00-05:00,918.3930609185081,923.9494006338721,909.518719397574,914.6690063476562,1839400,0.0,0.0
2025-01-16 00:00:00-05:00,915.8873771801044,918.5318891973186,909.0434797036523,910.9550170898438,1353000,0.0,0.0
2025-01-17 00:00:00-05:00,921.1069029280296,934.7749287521436,915.728834394147,934.1707763671875,2375000,0.0,0.0
2025-01-21 00:00:00-05:00,936.2110317474527,947.402963226309,934.4777661504593,938.6672973632812,2042400,0.0,0.0
2025-01-22 00:00:00-05:00,942.1339691720932,942.8372016532314,930.2586316388084,935.6664428710938,2155000,0.0,0.0
2025-01-23 00:00:00-05:00,932.6850971195341,934.3688529694514,927.5348099998198,933.1505737304688,1352400,0.0,0.0
2025-01-24 00:00:00-05:00,933.150662876855,936.9935656020449,924.6329236950916,930.6943969726562,1562400,0.0,0.0
2025-01-27 00:00:00-05:00,921.1069719126359,957.7432492200156,918.3139306145902,956.0198974609375,3044700,0.0,0.0
2025-01-28 00:00:00-05:00,952.6326243208161,956.4755270876425,944.9468187871634,949.5028076171875,2166400,0.0,0.0
2025-01-29 00:00:00-05:00,948.6410826854501,959.0010813234946,945.8678696083143,954.8016357421875,1713700,0.0,0.0
2025-01-30 00:00:00-05:00,961.0216427435194,977.3143542278415,960.8235431225895,969.6483764648438,1788200,0.0,0.0
2025-01-31 00:00:00-05:00,966.9046807413378,981.5235476930433,966.449118187175,970.5098876953125,1873800,0.0,0.0
2025-02-03 00:00:00-05:00,963.0916767735066,999.9557369283134,959.6746548056699,996.2119140625,2751000,0.0,0.0
2025-02-04 00:00:00-05:00,995.7859976342007,1014.5547419892671,990.0909813746442,1012.0885620117188,2001600,0.0,0.0
2025-02-05 00:00:00-05:00,1010.2462557382867,1033.1154238903414,1010.2462557382867,1032.907470703125,2047600,0.0,0.0
2025-02-06 00:00:00-05:00,1039.9594179130306,1052.8351059443348,1034.2148318147792,1040.93994140625,2218000,0.0,0.0
2025-02-07 00:00:00-05:00,1038.133998300996,1047.761735236424,1026.7413053664677,1034.9710693359375,1632900,1.16,0.0
2025-02-10 00:00:00-05:00,1043.0915721575507,1053.9984231972207,1037.1423806813668,1052.9276123046875,2036900,0.0,0.0
2025-02-11 00:00:00-05:00,1050.9347026882735,1056.9730986014752,1040.156754826363,1049.3779296875,1748500,0.0,0.0
2025-02-12 00:00:00-05:00,1045.223508668837,1057.9646709865137,1042.1001585818426,1056.1005859375,1662300,0.0,0.0
2025-02-13 00:00:00-05:00,1057.9744023427033,1069.0993605814256,1055.6344017157126,1067.740966796875,1623300,0.0,0.0
2025-02-14 00:00:00-05:00,1067.3642350155371,1068.3656919124644,1058.9659889132656,1062.7734375,1410700,0.0,0.0
2025-02-18 00:00:00-05:00,1060.1558478619452,1061.9307288014631,1036.3888558375575,1047.0875244140625,2090600,0.0,0.0
2025-02-19 00:00:00-05:00,1047.1173722888648,1054.17707549149,1044.0832261835722,1053.54248046875,1349600,0.0,0.0
2025-02-20 00:00:00-05:00,1044.7177916303149,1044.7177916303149,1025.0953346068397,1026.0670166015625,2000500,0.0,0.0
2025-02-21 00:00:00-05:00,1025.8488938519336,1027.435320822737,1016.0030490081889,1026.265380859375,1816300,0.0,0.0
2025-02-24 00:00:00-05:00,1019.8302918366646,1029.398478148976,1016.5383380426779,1026.8304443359375,1759700,0.0,0.0
2025-02-25 00:00:00-05:00,1031.9169567916606,1048.0690498906035,1028.674628169767,1046.7205810546875,2083800,0.0,0.0
2025-02-26 00:00:00-05:00,1041.2474424529078,1049.9233475649637,1021.4565022090112,1023.2312622070312,1555700,0.0,0.0
2025-02-27 00:00:00-05:00,1025.243949278174,1033.701745142571,1010.2024278185114,1013.0580444335938,1629100,0.0,0.0
2025-02-28 00:00:00-05:00,1021.8827708396007,1040.493845678706,1015.318833899878,1039.7303466796875,3307100,0.0,0.0
2025-03-03 00:00:00-05:00,1042.8338354008208,1056.9730911244962,1032.3236206157246,1037.9852294921875,2422500,0.0,0.0
2025-03-04 00:00:00-05:00,1036.8746801769623,1039.0561230751916,1020.0186371331289,1028.0897216796875,2536800,0.0,0.0
2025-03-05 00:00:00-05:00,1024.331746716839,1042.0801921947223,1019.7905741213501,1038.8775634765625,1898600,0.0,0.0
2025-03-06 00:00:00-05:00,1024.2029286797188,1037.0334156698784,1010.4206702217309,1017.9265747070312,2594600,0.0,0.0
2025-03-07 00:00:00-05:00,986.7230997605704,993.931496290149,934.7965734592694,956.1442260742188,5510700,0.0,0.0
2025-03-10 00:00:00-04:00,947.3789742611464,951.533495425396,916.2052688035435,926.497314453125,4459900,0.0,0.0
2025-03-11 00:00:00-04:00,923.116225634543,930.0569491355545,913.3992248367879,922.6105346679688,3204900,0.0,0.0
2025-03-12 00:00:00-04:00,930.0570045490639,936.3829834726428,915.4319077291293,919.2294921875,2331600,0.0,0.0
2025-03-13 00:00:00-04:00,914.1924004781276,915.6796983097081,879.9547753463595,883.078125,3447200,0.0,0.0
2025-03-14 00:00:00-04:00,884.2580660804148,899.2698736516536,874.0948640506812,896.2655029296875,3186400,0.0,0.0
2025-03-17 00:00:00-04:00,893.9949542945714,915.5706991461391,890.3956884851767,908.8480834960938,2256100,0.0,0.0
2025-03-18 00:00:00-04:00,905.2687282034894,909.7901117637076,889.245597495546,890.4453125,2182000,0.0,0.0
2025-03-19 00:00:00-04:00,895.2145447434405,902.4527160598606,888.4126499169083,896.3944702148438,1908500,0.0,0.0
2025-03-20 00:00:00-04:00,893.8661312764336,899.795473491309,886.5287699959575,887.8178100585938,1891800,0.0,0.0
2025-03-21 00:00:00-04:00,881.2239738352868,902.0659936849897,876.474557833217,901.560302734375,3447600,0.0,0.0
2025-03-24 00:00:00-04:00,912.2093502481737,920.7861254116333,912.2093502481737,918.1981811523438,2208100,0.0,0.0
2025-03-25 00:00:00-04:00,918.7833023565192,924.3953468506313,914.6783453505384,922.382568359375,1623000,0.0,0.0
2025-03-26 00:00:00-04:00,926.4181256693043,931.4649897416606,915.630252491257,921.8768920898438,1644700,0.0,0.0
2025-03-27 00:00:00-04:00,921.6884172982883,934.915479856301,920.1416299101198,930.8005981445312,1547000,0.0,0.0
2025-03-28 00:00:00-04:00,929.5612350391939,930.8006500192462,918.1586172227131,921.78759765625,2100500,0.0,0.0
2025-03-31 00:00:00-04:00,914.549396286117,986.5742917694374,914.2320987994315,937.7711181640625,3102000,0.0,0.0
2025-04-01 00:00:00-04:00,934.4395213466953,949.609948045123,930.8006160432158,946.318115234375,2041500,0.0,0.0
2025-04-02 00:00:00-04:00,942.7882487808918,962.6684519123535,941.9553353300188,956.9076538085938,1719900,0.0,0.0
2025-04-03 00:00:00-04:00,923.1954789004266,973.0397431486922,920.1415439001166,958.890625,3096900,0.0,0.0
2025-04-04 00:00:00-04:00,946.9130071189925,956.3524105977019,906.3990263859181,908.7191772460938,5167000,0.0,0.0
2025-04-07 00:00:00-04:00,880.2325148220939,929.8785282990386,864.3283636571264,900.43994140625,4626600,0.0,0.0
2025-04-08 00:00:00-04:00,924.1573705476449,935.0047328377033,891.9524311789785,901.0546875,3545400,0.0,0.0
2025-04-09 00:00:00-04:00,900.3109516682177,959.2674593426839,890.0684103500391,957.0166625976562,5084500,0.0,0.0
2025-04-10 00:00:00-04:00,958.3156835876123,984.9977832351299,934.9056274555107,956.1442260742188,4209100,0.0,0.0
2025-04-11 00:00:00-04:00,955.7970999370722,961.9941742331431,935.1731882651052,955.251708984375,2721800,0.0,0.0
2025-04-14 00:00:00-04:00,961.7860143535949,978.7709619021495,956.8283544857928,971.027099609375,2219900,0.0,0.0
2025-04-15 00:00:00-04:00,977.0060071879337,985.5827829775062,966.0000264746835,968.6473999023438,1788200,0.0,0.0
2025-04-16 00:00:00-04:00,963.897907223182,970.3627145531273,951.117046555063,959.5549926757812,2531700,0.0,0.0
2025-04-17 00:00:00-04:00,965.0382129862237,991.4525772546136,963.7590980818968,986.0784912109375,2711100,0.0,0.0
2025-04-21 00:00:00-04:00,984.5912593365427,988.5474622666574,934.9848851673038,949.6596069335938,2841300,0.0,0.0
2025-04-22 00:00:00-04:00,961.5381017220212,979.088229216742,958.5932809001055,970.9378051757812,2230600,0.0,0.0
2025-04-23 00:00:00-04:00,986.0983471399743,987.3179120390504,960.7944331065427,967.5765380859375,2109700,0.0,0.0
2025-04-24 00:00:00-04:00,965.3554585953644,969.7182232755009,952.5746580677829,967.2195434570312,2468500,0.0,0.0
2025-04-25 00:00:00-04:00,965.7223256611969,970.0355258714676,954.7262704380942,968.8853149414062,1780900,0.0,0.0
2025-04-28 00:00:00-04:00,970.2139615849131,976.9563663834264,960.5763005911796,970.2536010742188,1616200,0.0,0.0
2025-04-29 00:00:00-04:00,969.7182462864844,984.7994690199231,962.8370121385249,983.30224609375,1523100,0.0,0.0
2025-04-30 00:00:00-04:00,981.6165975855486,989.3108949424814,968.2804812015586,986.0784912109375,2212400,0.0,0.0
2025-05-01 00:00:00-04:00,981.715719398096,997.8578879336982,976.6589308669193,990.5800170898438,1829900,0.0,0.0
2025-05-02 00:00:00-04:00,1000.5976108926707,1010.6946118056873,997.4006867986391,1001.064208984375,1547400,1.3,0.0
2025-05-05 00:00:00-04:00,1000.2799498920505,1010.4762700501984,995.3058927921276,1007.6069946289062,1952600,0.0,0.0
2025-05-06 00:00:00-04:00,1001.2131974013879,1008.9373352413483,996.3086452870928,1003.2484741210938,1381200,0.0,0.0
2025-05-07 00:00:00-04:00,1003.9235336387728,1006.8225620833248,994.2831930059408,999.9224853515625,1316000,0.0,0.0
2025-05-08 00:00:00-04:00,1006.2269437402217,1009.7018271177162,984.2855615097615,1000.478515625,1882600,0.0,0.0
2025-05-09 00:00:00-04:00,997.400705886322,1003.4569674410807,990.8877841645015,1000.8557739257812,1176700,0.0,0.0
2025-05-12 00:00:00-04:00,1002.5435655030452,1009.6124664096416,985.1195191970307,1008.8579711914062,2069000,0.0,0.0
2025-05-13 00:00:00-04:00,1006.4453640253838,1016.4828592016277,980.5128099139903,991.86083984375,2917000,0.0,0.0
2025-05-14 00:00:00-04:00,991.592718935969,992.6848008889488,983.411860430804,984.4244995117188,2215000,0.0,0.0
2025-05-15 00:00:00-04:00,985.526621242042,1006.7233862501616,975.9458468283125,1003.2186889648438,2470700,0.0,0.0
2025-05-16 00:00:00-04:00,1005.2241483788706,1020.8809989217085,1001.7592030509785,1018.4683837890625,2033700,0.0,0.0
2025-05-19 00:00:00-04:00,1011.2902009186434,1027.5625959747529,1005.6212163495045,1026.917236328125,1879800,0.0,0.0
2025-05-20 00:00:00-04:00,1022.6185708288378,1030.551224217587,1022.6185708288378,1029.379638671875,2271200,0.0,0.0
2025-05-21 00:00:00-04:00,1023.5416801588563,1032.0104960109402,1016.452964488741,1017.9422607421875,1438900,0.0,0.0
2025-05-22 00:00:00-04:00,1020.3448770601148,1021.3973284927519,1006.8424972165469,1010.82373046875,1660900,0.0,0.0
2025-05-23 00:00:00-04:00,1004.7377007351574,1007.825368256352,999.773581660379,1001.2628173828125,1413900,0.0,0.0
2025-05-27 00:00:00-04:00,1007.7162492141902,1011.6379157024855,1003.6754487067656,1010.4862060546875,1868200,0.0,0.0
2025-05-28 00:00:00-04:00,1009.7514824538891,1017.2671662546471,1005.690866850119,1005.8695678710938,1674700,0.0,0.0
2025-05-29 00:00:00-04:00,1008.7190087290177,1010.2379977680172,996.3980303373625,1001.5011596679688,2016700,0.0,0.0
2025-05-30 00:00:00-04:00,995.1073429046229,1044.9371748692229,994.8095078660111,1032.715576171875,5403800,0.0,0.0
2025-06-02 00:00:00-04:00,1026.84795007719,1052.8897004579153,1026.84795007719,1049.265869140625,2148000,0.0,0.0
2025-06-03 00:00:00-04:00,1046.5851625053879,1059.4223055057962,1035.7732975084145,1048.0147705078125,1992900,0.0,0.0
2025-06-04 00:00:00-04:00,1047.429249728743,1050.238897830285,1041.8396461359719,1044.1429443359375,1422100,0.0,0.0
2025-06-05 00:00:00-04:00,1042.4650435589738,1043.5075570802599,998.7907320486532,1003.5562744140625,3289400,0.0,0.0
2025-06-06 00:00:00-04:00,1013.305847581126,1013.305847581126,1001.3720850807247,1007.6566772460938,1855400,0.0,0.0
2025-06-09 00:00:00-04:00,1005.1546222379095,1006.0779410704971,989.8154829027787,998.9594116210938,1696700,0.0,0.0
2025-06-10 00:00:00-04:00,999.7041002439418,1004.2512503906336,990.5601708780738,1000.0416870117188,2255000,0.0,0.0
2025-06-11 00:00:00-04:00,995.2463092649327,998.2247807151175,986.2513279092612,989.626953125,2459800,0.0,0.0
2025-06-12 00:00:00-04:00,991.8310060729586,996.0505073500459,988.2171127887945,995.514404296875,1720100,0.0,0.0
2025-06-13 00:00:00-04:00,991.9104686751822,996.3881139326476,981.5751384659204,983.1041259765625,1786000,0.0,0.0
2025-06-16 00:00:00-04:00,985.2089192278667,994.6605611811519,974.3970528352456,977.2960815429688,2109300,0.0,0.0
2025-06-17 00:00:00-04:00,975.9458131624492,979.0235427596023,969.1946233190071,970.7036743164062,1668200,0.0,0.0
2025-06-18 00:00:00-04:00,972.9672463660323,975.5982534649642,967.0798089734552,967.9038696289062,1509600,0.0,0.0
2025-06-20 00:00:00-04:00,976.9287705738398,981.5652411764859,966.911211450477,973.2553100585938,3255700,0.0,0.0
2025-06-23 00:00:00-04:00,976.0947786867104,997.6588833198603,974.2183270931902,997.2716674804688,2082900,0.0,0.0
2025-06-24 00:00:00-04:00,998.6219545737422,998.6219545737422,984.9507509512288,994.7300415039062,2385100,0.0,0.0
2025-06-25 00:00:00-04:00,995.8022279991717,997.767999646406,978.9242241347789,979.4603271484375,1827700,0.0,0.0
2025-06-26 00:00:00-04:00,980.6419247852516,980.6419247852516,969.4925318540484,975.8565063476562,2262800,0.0,0.0
2025-06-27 00:00:00-04:00,975.1912213653359,986.0130248216635,973.2651408054971,978.0704345703125,2129200,0.0,0.0
2025-06-30 00:00:00-04:00,978.0902716674318,984.6230692621605,972.7191215528384,982.8359985351562,2127600,0.0,0.0
2025-07-01 00:00:00-04:00,982.8955075994018,989.6864486782902,967.5067395511284,978.884521484375,2200600,0.0,0.0
2025-07-02 00:00:00-04:00,976.8095985169025,978.6264831334482,969.8598315522092,975.3104248046875,1606100,0.0,0.0
2025-07-03 00:00:00-04:00,975.360047735556,980.5823108602552,970.3165462286087,979.93701171875,1101400,0.0,0.0
2025-07-07 00:00:00-04:00,977.9315293170587,985.7649243337901,969.1946912253334,985.0599975585938,1832600,0.0,0.0
2025-07-08 00:00:00-04:00,982.3992116024248,988.7234947565797,976.869175418562,978.7655029296875,1716200,0.0,0.0
2025-07-09 00:00:00-04:00,981.2971976841445,981.2971976841445,965.3028197099356,975.0424194335938,2922600,0.0,0.0
2025-07-10 00:00:00-04:00,979.917127899409,980.9099517371997,962.115803759481,963.2078857421875,2897000,0.0,0.0
2025-07-11 00:00:00-04:00,966.3054187759661,971.95458841308,958.7699203468574,963.36669921875,1942000,0.0,0.0
2025-07-14 00:00:00-04:00,964.1311288795467,974.4465822869355,962.6617691061674,973.8707275390625,1679300,0.0,0.0
2025-07-15 00:00:00-04:00,972.222758059573,973.2155819125826,959.7230790874332,960.7357788085938,1878000,0.0,0.0
2025-07-16 00:00:00-04:00,961.0435746618193,962.6321292227539,943.3117547681885,944.5428466796875,2950300,0.0,0.0
2025-07-17 00:00:00-04:00,943.5400626356906,947.8985738947963,940.7105388927787,947.0645751953125,2280600,0.0,0.0
2025-07-18 00:00:00-04:00,953.0613307759595,953.369103766192,942.8352565553096,944.1259155273438,2115500,0.0,0.0
2025-07-21 00:00:00-04:00,944.6817980251126,948.9012992393937,939.8069991584412,940.7601318359375,1742400,0.0,0.0
2025-07-22 00:00:00-04:00,941.9911885919297,950.8273444563513,934.4953811863071,934.852783203125,1799900,0.0,0.0
2025-07-23 00:00:00-04:00,935.6173759308737,941.6934532484997,929.2831547080608,934.4359130859375,2401600,0.0,0.0
2025-07-24 00:00:00-04:00,934.5748694523932,936.1336101314669,926.7911039908339,927.098876953125,2057100,0.0,0.0
2025-07-25 00:00:00-04:00,929.5809074518013,934.5350884949731,927.6448889314689,928.7667846679688,1827700,0.0,0.0
2025-07-28 00:00:00-04:00,928.7865880602976,933.4925627874214,924.209685264268,927.2874145507812,2006300,0.0,0.0
2025-07-29 00:00:00-04:00,927.2874875162815,935.0315010055317,920.7249367681395,927.8633422851562,2065900,0.0,0.0
2025-07-30 00:00:00-04:00,928.290244403844,931.0205098285612,918.5010163698116,920.85400390625,1699600,0.0,0.0
2025-07-31 00:00:00-04:00,918.7194797724563,939.1617498733949,918.3620777233635,932.8970336914062,2564400,0.0,0.0
2025-08-01 00:00:00-04:00,934.0502564768314,951.1703395548275,934.0502564768314,946.9947509765625,2934500,1.3,0.0
2025-08-04 00:00:00-04:00,947.0742345398234,954.610282269351,943.1570868472836,949.8281860351562,2389900,0.0,0.0
2025-08-05 00:00:00-04:00,945.8115964172642,945.9805933002916,930.2523537684162,938.15625,2462300,0.0,0.0
2025-08-06 00:00:00-04:00,938.1562696687758,964.9200972451105,937.1918648148212,962.941650390625,2753000,0.0,0.0
2025-08-07 00:00:00-04:00,969.0260780690746,976.3036235631105,965.327686137293,971.780029296875,1893300,0.0,0.0
2025-08-08 00:00:00-04:00,971.4819329771695,982.4678238150933,971.3327788000978,975.2896728515625,2189700,0.0,0.0
2025-08-11 00:00:00-04:00,977.456868022354,983.8396706371514,970.6565794114183,983.0045166015625,2290100,0.0,0.0
2025-08-12 00:00:00-04:00,982.7659520807061,985.9970996216897,974.3649563379275,985.5,1588500,0.0,0.0
2025-08-13 00:00:00-04:00,978.2523404479118,980.6781891060909,964.47269237914,973.1719360351562,2352600,0.0,0.0
2025-08-14 00:00:00-04:00,974.9117951056974,982.5571900385688,969.5232519689048,969.7320556640625,1808700,0.0,0.0
2025-08-15 00:00:00-04:00,973.460340868355,974.3153377237071,961.6094412333973,966.4014892578125,1638300,0.0,0.0
2025-08-18 00:00:00-04:00,967.6541130514462,975.5878642899376,964.3732676790686,973.6690063476562,2078500,0.0,0.0
2025-08-19 00:00:00-04:00,972.9432943793875,982.7958432239907,971.1238927065757,975.1603393554688,1673400,0.0,0.0
2025-08-20 00:00:00-04:00,973.3210912403687,993.5033244077011,973.3210912403687,988.80078125,2229600,0.0,0.0
2025-08-21 00:00:00-04:00,983.1637179971615,983.5812647149797,961.9077319799319,964.05517578125,2145600,0.0,0.0
2025-08-22 00:00:00-04:00,965.9043267012479,967.8529790950096,947.5812416309304,952.979736328125,3136000,0.0,0.0
2025-08-25 00:00:00-04:00,949.4206170296861,952.741208820983,935.104122359888,936.1182250976562,2284300,0.0,0.0
2025-08-26 00:00:00-04:00,935.8795776367188,938.5738188516299,927.8364787557995,935.8795776367188,4341300,0.0,0.0
2025-08-27 00:00:00-04:00,935.0344971212877,946.4777408610539,931.7834459673917,944.0121459960938,1893600,0.0,0.0
2025-08-28 00:00:00-04:00,944.7776151501293,945.4835184865225,938.6533742642473,939.4785766601562,2067900,0.0,0.0
2025-08-29 00:00:00-04:00,939.5182698812159,943.1073145286197,935.0046272340744,937.8480224609375,1609000,0.0,0.0
2025-09-02 00:00:00-04:00,933.2151006714276,939.0312030625806,931.1472097902763,933.3742065429688,1793900,0.0,0.0
2025-09-03 00:00:00-04:00,933.5531324198988,944.5788292351743,931.0676341972686,944.2706298828125,1670500,0.0,0.0
2025-09-04 00:00:00-04:00,947.8696043743313,953.9341956238324,945.5928492195287,950.3551025390625,1471900,0.0,0.0
2025-09-05 00:00:00-04:00,953.148823927292,963.9259102581342,950.6732167210704,957.89111328125,1928500,0.0,0.0
2025-09-08 00:00:00-04:00,958.1396312952687,966.6997330225112,953.0294932278521,966.2125244140625,1737000,0.0,0.0
2025-09-09 00:00:00-04:00,964.3733582680463,974.1861008837693,957.5233102628611,973.5697021484375,1496800,0.0,0.0
2025-09-10 00:00:00-04:00,970.726239582781,975.3094836529953,948.4263572433756,950.7427978515625,2277500,0.0,0.0
2025-09-11 00:00:00-04:00,952.244058598278,959.5613507383054,948.7445183945437,958.7262573242188,1532000,0.0,0.0
2025-09-12 00:00:00-04:00,954.7196802592288,963.9458794343038,954.4313842904252,962.2855834960938,1461600,0.0,0.0
2025-09-15 00:00:00-04:00,962.2059506490402,964.1147962683868,954.1430090835681,954.5307006835938,2199400,0.0,0.0
2025-09-16 00:00:00-04:00,953.5364915303011,954.0137484410251,945.2846497606079,946.5473022460938,2012600,0.0,0.0
2025-09-17 00:00:00-04:00,947.959025977033,958.3881663213825,947.959025977033,957.4437255859375,1556800,0.0,0.0
2025-09-18 00:00:00-04:00,951.8165191780566,956.9565122453687,945.1553721503954,946.8355712890625,1860900,0.0,0.0
2025-09-19 00:00:00-04:00,949.4603301311843,951.8861788469313,938.3153341490523,945.642578125,4606000,0.0,0.0
2025-09-22 00:00:00-04:00,941.8845484567781,944.4893457980693,934.1596003895061,937.7884521484375,2794300,0.0,0.0
2025-09-23 00:00:00-04:00,937.2913104059656,939.5083553528063,928.0850154871215,938.1264038085938,3258500,0.0,0.0
2025-09-24 00:00:00-04:00,938.8025565881361,948.128090319258,937.6392997013016,939.7868041992188,2149800,0.0,0.0
2025-09-25 00:00:00-04:00,946.925130887585,947.4719283637453,930.1927397579848,937.838134765625,2991500,0.0,0.0
2025-09-26 00:00:00-04:00,920.1811296166691,922.2490811056193,899.8000444176693,910.6368408203125,4812900,0.0,0.0
2025-09-29 00:00:00-04:00,911.02461959339,911.8994591568494,898.0502700933295,911.551513671875,4107000,0.0,0.0
2025-09-30 00:00:00-04:00,910.9350870843747,925.1123784761057,908.0717883135935,920.2606811523438,3096700,0.0,0.0
2025-10-01 00:00:00-04:00,917.6459400817009,918.6401393667298,905.8845455490982,912.018798828125,2642100,0.0,0.0
2025-10-02 00:00:00-04:00,907.2664866156281,913.1819844292902,904.7312906043752,911.4520874023438,2063800,0.0,0.0
2025-10-03 00:00:00-04:00,910.2789330856883,912.7743222723942,905.9143837424253,910.0701293945312,2319200,0.0,0.0
2025-10-06 00:00:00-04:00,910.1894300247486,910.4678349467725,899.0046882576504,905.6558837890625,2504000,0.0,0.0
2025-10-07 00:00:00-04:00,903.45873308962,912.3170830558148,898.6368906363464,909.4935302734375,2601800,0.0,0.0
2025-10-08 00:00:00-04:00,907.2466300902075,911.0643821974753,905.6758388472809,909.4935302734375,2376900,0.0,0.0
2025-10-09 00:00:00-04:00,926.901947668915,938.2954935008806,921.9011567402443,937.4205932617188,3742900,0.0,0.0
2025-10-10 00:00:00-04:00,938.9416805414743,939.965734941546,923.6111444139257,924.6152954101562,3142500,0.0,0.0
2025-10-13 00:00:00-04:00,923.6111119266006,930.5506033388376,917.6459163705623,930.133056640625,2169600,0.0,0.0
2025-10-14 00:00:00-04:00,934.8058466394673,941.9242869514803,930.5208500694445,941.0195922851562,1925900,0.0,0.0
2025-10-15 00:00:00-04:00,940.5125364329377,958.4081238069259,939.7768386609846,949.4503784179688,2009800,0.0,0.0
2025-10-16 00:00:00-04:00,949.9970948717305,952.3434511338452,915.8165210481483,920.2506713867188,2721400,0.0,0.0
2025-10-17 00:00:00-04:00,924.1877755247817,933.3741670818115,922.7660778486803,930.8986206054688,2502200,0.0,0.0
2025-10-20 00:00:00-04:00,930.7593624979636,934.3484070890028,926.0965657674992,930.6798095703125,1523700,0.0,0.0
2025-10-21 00:00:00-04:00,930.6798161005973,937.897712137699,929.57626953125,932.061767578125,1448200,0.0,0.0
2025-10-22 00:00:00-04:00,934.5473498312437,947.4719408395481,927.0908550187603,939.2001953125,2372400,0.0,0.0
2025-10-23 00:00:00-04:00,939.9855938732109,939.9855938732109,929.0693048514044,936.58544921875,1974800,0.0,0.0
2025-10-24 00:00:00-04:00,934.5473017542614,937.5298995258175,924.7544633434281,926.73291015625,1639400,0.0,0.0
2025-10-27 00:00:00-04:00,924.8141346164572,927.7867807563591,919.7536335787106,924.4561767578125,1967600,0.0,0.0
2025-10-28 00:00:00-04:00,921.4934962722537,925.321139287928,914.8622039612118,918.7991943359375,2090800,0.0,0.0
2025-10-29 00:00:00-04:00,913.6691678001249,914.5440680492427,904.0254223367415,907.1273193359375,2449600,0.0,0.0
2025-10-30 00:00:00-04:00,907.3958028047791,917.6459956266251,905.089253042164,914.8423461914062,2677100,0.0,0.0
2025-10-31 00:00:00-04:00,912.1841011184814,915.9574255934614,905.6827654404211,907.4450073242188,2456300,1.3,0.0
2025-11-03 00:00:00-05:00,908.3908067378604,925.1070071732609,904.3884517538837,923.9620361328125,3206600,0.0,0.0
2025-11-04 00:00:00-05:00,929.1093210118256,937.0343043786866,924.8879013277955,936.606201171875,2554500,0.0,0.0
2025-11-05 00:00:00-05:00,935.8695187294234,941.1263468963847,923.364711420483,930.92138671875,2974800,0.0,0.0
2025-11-06 00:00:00-05:00,920.2982084442473,920.9354107719865,904.308780932225,919.5216674804688,3247700,0.0,0.0
2025-11-07 00:00:00-05:00,925.4454436448345,932.8825894426918,916.7437983298055,918.6852416992188,2584000,0.0,0.0
2025-11-10 00:00:00-05:00,914.9617516975228,917.9485691676997,905.0753931632721,911.536865234375,2612700,0.0,0.0
2025-11-11 00:00:00-05:00,912.4727744167678,914.8522870159566,908.9881538925358,909.8443603515625,1663400,0.0,0.0
2025-11-12 00:00:00-05:00,911.4472149750238,914.0656630973244,907.6639250783817,909.9837036132812,1829700,0.0,0.0
2025-11-13 00:00:00-05:00,912.3233953014628,922.6777204364514,907.7137353598572,921.0150756835938,2430600,0.0,0.0
2025-11-14 00:00:00-05:00,923.0560438986494,924.8083198933047,911.0788765194511,918.9242553710938,1739100,0.0,0.0
2025-11-17 00:00:00-05:00,917.9685117903665,920.8358614576421,904.8165368287791,908.5799560546875,2481900,0.0,0.0
2025-11-18 00:00:00-05:00,908.5799799805292,914.8721555509553,890.240876257535,891.1469116210938,2984700,0.0,0.0
2025-11-19 00:00:00-05:00,891.0672133742793,891.0672133742793,870.1295937064068,886.6865234375,3462300,0.0,0.0
2025-11-20 00:00:00-05:00,889.5738452026396,900.5952094800058,887.0848305266389,889.36474609375,2648300,0.0,0.0
2025-11-21 00:00:00-05:00,890.5893707718235,901.3419018755138,888.2098581891953,895.0596313476562,2870100,0.0,0.0
2025-11-24 00:00:00-05:00,895.049603704043,897.3992187804205,877.4473006584941,882.2261962890625,3661200,0.0,0.0
2025-11-25 00:00:00-05:00,882.7638062945748,891.7839923547164,881.2405610290477,890.400146484375,2534700,0.0,0.0
2025-11-26 00:00:00-05:00,892.0827158007344,907.9924768152962,891.6844491795599,904.2689208984375,1936200,0.0,0.0
2025-11-28 00:00:00-05:00,901.0432122255621,910.1828664987099,899.0320689934615,909.5755615234375,1092600,0.0,0.0
2025-12-01 00:00:00-05:00,909.1872392374836,914.5436033648414,902.227964337641,907.9526977539062,2149400,0.0,0.0
2025-12-02 00:00:00-05:00,907.952696786441,918.9441630578544,901.0232584695106,917.9784545898438,2160600,0.0,0.0
2025-12-03 00:00:00-05:00,916.7638178640503,922.2496158056405,911.9948877313677,918.2074584960938,1886800,0.0,0.0
2025-12-04 00:00:00-05:00,903.0443614604421,903.9702675660149,884.1776193235453,891.9234008789062,3787800,0.0,0.0
2025-12-05 00:00:00-05:00,893.3073716181336,901.9094209648463,889.076046648084,890.7486572265625,2359800,0.0,0.0
2025-12-08 00:00:00-05:00,889.5738206829622,890.0716236044411,879.0204230543907,883.6201171875,2407900,0.0,0.0
2025-12-09 00:00:00-05:00,882.9529707981908,885.1134791152941,877.6364699076195,884.5360107421875,1899500,0.0,0.0
2025-12-10 00:00:00-05:00,883.9187965188386,885.6710725444503,867.2623300281923,870.5676879882812,3318300,0.0,0.0
2025-12-11 00:00:00-05:00,872.011327238483,882.1067851651885,868.715874297946,880.5934448242188,3041600,0.0,0.0
2025-12-12 00:00:00-05:00,879.4185932842979,884.7152234461712,863.3096986902442,880.5834350585938,4808900,0.0,0.0
2025-12-15 00:00:00-05:00,878.2337957186988,883.590159650272,847.6587812552082,856.7785034179688,4771400,0.0,0.0
2025-12-16 00:00:00-05:00,853.672264615328,859.795264771658,840.3510537593472,856.6093139648438,3843300,0.0,0.0
2025-12-17 00:00:00-05:00,854.7276473295165,864.7633716070278,854.4588142966937,858.8594360351562,2363700,0.0,0.0
2025-12-18 00:00:00-05:00,856.519647032183,859.3571599873912,848.7638998218569,853.8215942382812,2467500,0.0,0.0
2025-12-19 00:00:00-05:00,852.8061282582343,854.677872157167,845.5879856931141,851.8602905273438,10097600,0.0,0.0
2025-12-22 00:00:00-05:00,850.2473769244026,851.7407856660731,843.5867715058739,846.2649536132812,2373300,0.0,0.0
2025-12-23 00:00:00-05:00,845.3688749818153,851.2230420476435,843.0789937559065,851.0338745117188,1903300,0.0,0.0
2025-12-24 00:00:00-05:00,854.8271869313126,872.1507536042078,854.5782854605351,868.0289306640625,1822200,0.0,0.0
2025-12-26 00:00:00-05:00,866.8142153418314,873.7336875421604,865.1814073078376,869.5122680664062,1324100,0.0,0.0
2025-12-29 00:00:00-05:00,869.4526146204612,870.6573195802624,861.886034434609,864.026611328125,1792500,0.0,0.0
2025-12-30 00:00:00-05:00,860.2034784362196,864.0067001815262,857.6447640381878,861.8462524414062,1680800,0.0,0.0
2025-12-31 00:00:00-05:00,860.7809286464137,864.1858836617611,857.5551753932468,858.55078125,1490000,0.0,0.0
2026-01-02 00:00:00-05:00,857.3560770000715,859.3074256679585,848.7540274631775,850.7452392578125,2373400,0.0,0.0
2026-01-05 00:00:00-05:00,860.1536747646152,874.9085605564455,857.0672602106911,871.891845703125,2805600,0.0,0.0
2026-01-06 00:00:00-05:00,872.1009350879064,890.1512735673949,867.4713436920824,885.193115234375,2742300,0.0,0.0
2026-01-07 00:00:00-05:00,888.0803718291135,889.6733167991548,875.754767188335,878.7017822265625,2680100,0.0,0.0
2026-01-08 00:00:00-05:00,897.1702204925471,927.5759984293196,892.0627580987726,911.2879028320312,5207200,0.0,0.0
2026-01-09 00:00:00-05:00,911.9450965080015,925.7641111015383,907.3255313683187,920.8159790039062,2895400,0.0,0.0
2026-01-12 00:00:00-05:00,916.355640925395,940.6782843439128,912.970556757135,938.9359741210938,3246400,0.0,0.0
2026-01-13 00:00:00-05:00,933.898162687959,938.7567238050707,925.5151181829934,937.7909545898438,2222100,0.0,0.0
2026-01-14 00:00:00-05:00,934.2068312635929,951.410868329552,934.16696813972,946.8012084960938,2894900,0.0,0.0
2026-01-15 00:00:00-05:00,950.345526735376,954.0691434256956,945.825498335225,952.5458374023438,2185900,0.0,0.0
2026-01-16 00:00:00-05:00,957.7728215976579,960.7397075663279,946.8211573174351,959.375732421875,3862900,0.0,0.0
2026-01-20 00:00:00-05:00,954.1687210368059,965.6381196536895,949.9373962556692,960.0228881835938,3209900,0.0,0.0
2026-01-21 00:00:00-05:00,955.3833362199402,985.2913744336598,955.3833362199402,978.5411376953125,4073700,0.0,0.0
2026-01-22 00:00:00-05:00,973.5930278752248,979.6761650886052,967.2908257740831,971.8805541992188,2074400,0.0,0.0
2026-01-23 00:00:00-05:00,967.1713408054876,980.5223883985109,966.7432375858068,978.929443359375,1680600,0.0,0.0
2026-01-26 00:00:00-05:00,982.0954794431643,988.6366172237797,972.0597553774433,973.3739624023438,2458700,0.0,0.0
2026-01-27 00:00:00-05:00,973.383926369191,973.7025275352663,957.4841300110141,966.0164794921875,2077900,0.0,0.0
2026-01-28 00:00:00-05:00,965.2497856635111,965.8371590540582,951.4108407828544,956.5581665039062,2474800,0.0,0.0
2026-01-29 00:00:00-05:00,953.7803850678829,956.0802320218186,944.3420615842438,948.7028198242188,1825000,0.0,0.0
2026-01-30 00:00:00-05:00,945.9512631165533,948.2342933416287,927.4774540008517,937.3972778320312,2396300,1.3,0.0
2026-02-02 00:00:00-05:00,941.3651427114987,967.37601120982,928.444502899354,965.4219360351562,2451300,0.0,0.0
2026-02-03 00:00:00-05:00,961.4241064136298,987.6443600387222,961.354372343882,974.9529418945312,2960700,0.0,0.0
2026-02-04 00:00:00-05:00,980.3266260527595,991.5823501837411,972.231267074857,975.3816528320312,2631500,0.0,0.0
2026-02-05 00:00:00-05:00,992.4796327883465,997.9131095476899,984.334437772215,986.2884521484375,2988800,0.0,0.0
2026-02-06 00:00:00-05:00,985.151960201742,998.3318212858073,980.5160440419301,998.1224365234375,2358600,0.0,0.0
2026-02-09 00:00:00-05:00,998.2820182591898,1006.55682402047,989.6682172785426,994.5633544921875,1861700,0.0,0.0
2026-02-10 00:00:00-05:00,992.9880481396989,994.4236815164606,966.0599885675732,968.283203125,1781500,0.0,0.0
2026-02-11 00:00:00-05:00,970.3370415451359,986.5676776564984,964.1857782026741,975.17236328125,1769400,0.0,0.0
2026-02-12 00:00:00-05:00,975.7804358356041,1006.1480409605498,975.1723012024485,995.8294067382812,2970400,0.0,0.0
2026-02-13 00:00:00-05:00,996.9659807262948,1019.7765672333104,990.7449227425586,1015.389892578125,2661600,0.0,0.0
2026-02-17 00:00:00-05:00,1019.2382502670578,1025.3196576953085,1007.414187225658,1008.9794311523438,1732200,0.0,0.0
2026-02-18 00:00:00-05:00,1006.93561032551,1012.917406030414,990.4856721370239,993.057861328125,1926800,0.0,0.0
2026-02-19 00:00:00-05:00,989.2993045047693,1004.8021132505144,981.1241713374068,984.8229370117188,1750000,0.0,0.0
2026-02-20 00:00:00-05:00,980.1471788604691,984.3743049231244,974.843312490353,982.2807006835938,1662200,0.0,0.0
2026-02-23 00:00:00-05:00,978.8212141883375,988.3023706575459,975.0925710555415,983.0284423828125,1489300,0.0,0.0
2026-02-24 00:00:00-05:00,983.3873286967852,995.8494037062743,982.0513674817787,995.4007568359375,1671100,0.0,0.0
2026-02-25 00:00:00-05:00,994.6530059311631,999.4583892292547,988.4319479875674,991.7418823242188,1554600,0.0,0.0
2026-02-26 00:00:00-05:00,993.8953223438048,1002.4692664077395,980.5459939214853,983.7462158203125,1804400,0.0,0.0
2026-02-27 00:00:00-05:00,987.5247860470829,1011.1129754268824,986.5776561532456,1007.7232666015625,3935000,0.0,0.0
2026-03-02 00:00:00-05:00,1007.8428569683352,1017.7228239541612,999.4484204139111,999.7276000976562,1986900,0.0,0.0
2026-03-03 00:00:00-05:00,999.4982290086558,1012.6681712116741,997.5940508040426,1004.71240234375,1947100,0.0,0.0
2026-03-04 00:00:00-05:00,1001.9508357610218,1010.9235298126131,993.975107715163,1003.685546875,1806600,0.0,0.0
2026-03-05 00:00:00-05:00,993.4766578436514,996.2183144508467,975.8403261800947,979.5889282226562,2766000,0.0,0.0
2026-03-06 00:00:00-05:00,964.0760781906463,999.4583909429965,957.5459632178216,995.0717163085938,2708900,0.0,0.0
2026-03-09 00:00:00-04:00,996.5970979151931,1004.3534615233565,984.9923994150885,1002.2498779296875,2348200,0.0,0.0
2026-03-10 00:00:00-04:00,997.4644721850519,1007.0353213412905,992.978125233695,994.333984375,1613400,0.0,0.0
2026-03-11 00:00:00-04:00,993.2971611246434,994.3639220345076,984.8927451422288,989.2195434570312,1260500,0.0,0.0
2026-03-12 00:00:00-04:00,985.6105480944931,1003.1571863012988,981.014549413127,1000.2759399414062,1669200,0.0,0.0
2026-03-13 00:00:00-04:00,1002.8481300094999,1009.7570971306956,998.9599382452018,1005.3704223632812,1469700,0.0,0.0
2026-03-16 00:00:00-04:00,1007.4341152491746,1009.5776164301199,992.4098307410371,998.70068359375,1243400,0.0,0.0
2026-03-17 00:00:00-04:00,1003.4362485360494,1005.0413491103668,991.7318780277169,993.1375732421875,1210400,0.0,0.0
2026-03-18 00:00:00-04:00,987.365144531171,990.964176939235,975.1722706631457,976.9468383789062,1434400,0.0,0.0
2026-03-19 00:00:00-04:00,982.8489508726994,985.7899517809818,967.4657125291749,971.822509765625,1340200,0.0,0.0
2026-03-20 00:00:00-04:00,972.1216002798619,977.784359717839,967.5953358078008,969.3799438476562,2621600,0.0,0.0
2026-03-23 00:00:00-04:00,982.6794306340596,983.6465192669677,961.6036162737646,962.7999267578125,1779100,0.0,0.0
2026-03-24 00:00:00-04:00,959.1410878252898,978.3028055936963,958.0843063209951,970.8654174804688,1259300,0.0,0.0
2026-03-25 00:00:00-04:00,975.0327093997498,977.8341813148442,965.1128859224673,971.9022216796875,1067100,0.0,0.0
2026-03-26 00:00:00-04:00,972.7297272378161,984.1948358637566,969.7687066724347,976.677734375,1498300,0.0,0.0
2026-03-27 00:00:00-04:00,979.0405556292399,984.1150784146625,975.1423845536259,980.8749389648438,1540900,0.0,0.0
2026-03-30 00:00:00-04:00,984.653436889757,1002.4891113449531,982.0214321990616,993.5563354492188,2129100,0.0,0.0
2026-03-31 00:00:00-04:00,993.9750772242385,1005.5398581959852,982.8588822613299,993.4067993164062,2447900,0.0,0.0
2026-04-01 00:00:00-04:00,992.0111116449531,1000.086511933104,987.5845801555284,993.5364379882812,1769800,0.0,0.0
2026-04-02 00:00:00-04:00,1004.9417100920344,1012.9174379499077,996.178401014187,1011.880615234375,1828600,0.0,0.0
2026-04-06 00:00:00-04:00,1011.8806428987896,1017.5932386611796,1000.9638529248699,1015.459716796875,1448600,0.0,0.0
2026-04-07 00:00:00-04:00,1017.1645233013951,1017.7626785510582,1001.8012434311581,1010.1359252929688,1428500,0.0,0.0
2026-04-08 00:00:00-04:00,1001.3923975936035,1027.3334080674565,996.9658667114062,1027.14404296875,2265700,0.0,0.0
2026-04-09 00:00:00-04:00,1026.366593011215,1032.6773444428839,1021.9501014587078,1028.89892578125,1433300,0.0,0.0
2026-04-10 00:00:00-04:00,1023.3955783764184,1025.8780139803748,992.4796529810136,995.4406127929688,2333000,0.0,0.0
2026-04-13 00:00:00-04:00,995.440558531616,997.0157817637139,976.3885539144973,977.8740234375,2255500,0.0,0.0
2026-04-14 00:00:00-04:00,970.7258711825651,974.6439403558414,963.069179418379,971.8424682617188,2136500,0.0,0.0
2026-04-15 00:00:00-04:00,967.3660765987653,982.3903615141269,965.3621652036542,981.7622680664062,2346200,0.0,0.0
2026-04-16 00:00:00-04:00,982.0115269459875,992.728911630931,978.6317975436714,984.21484375,1484300,0.0,0.0
2026-04-17 00:00:00-04:00,982.0114852720008,997.6339250606195,974.0357574728373,996.8563232421875,2346500,0.0,0.0
2026-04-20 00:00:00-04:00,1000.8042754656635,1008.2316841924668,991.1237747362767,994.8125610351562,1475400,0.0,0.0
2026-04-21 00:00:00-04:00,991.3530684357826,1003.4462707847734,983.7063563163795,1002.7583618164062,1367100,0.0,0.0
2026-04-22 00:00:00-04:00,1001.9308699927149,1005.051378436928,995.2611650268059,1000.65478515625,1215200,0.0,0.0
2026-04-23 00:00:00-04:00,1004.5230115862379,1013.5156034590391,1003.9746924604534,1011.3023681640625,1570700,0.0,0.0
2026-04-24 00:00:00-04:00,1008.9295500450844,1010.3751628549658,999.4583734389299,1008.0821533203125,1695200,0.0,0.0
2026-04-27 00:00:00-04:00,1005.5698298040464,1011.3322616899435,993.6062377046318,994.9820556640625,1620400,0.0,0.0
2026-04-28 00:00:00-04:00,1007.414171901837,1009.5776319073915,983.0084639919596,990.9841918945312,1776000,0.0,0.0
2026-04-29 00:00:00-04:00,985.3712770548768,995.939092277381,982.1311375663762,995.6400146484375,1516900,0.0,0.0
2026-04-30 00:00:00-04:00,993.4267427076054,1014.6022899555215,993.2971322648473,1011.451904296875,2049300,0.0,0.0
2026-05-01 00:00:00-04:00,1013.7682062878171,1029.6329973715185,1004.7225904299318,1010.0940551757812,1509700,1.47,0.0
2026-05-04 00:00:00-04:00,1005.4215125381143,1023.0933674505529,1000.6191501948939,1011.1823120117188,1479400,0.0,0.0
2026-05-05 00:00:00-04:00,1008.905926897308,1019.1596438068837,1007.4682103147495,1014.8065185546875,1456300,0.0,0.0
2026-05-06 00:00:00-04:00,1009.7046705850466,1010.6231931384533,990.8446414505653,994.1693725585938,2619100,0.0,0.0
2026-05-07 00:00:00-04:00,991.9229551012324,1011.052514417975,989.087436398622,1010.4534912109375,2014000,0.0,0.0
2026-05-08 00:00:00-04:00,1010.1339891275397,1014.3872367008379,1003.5145084854244,1007.1886596679688,1805200,0.0,0.0
2026-05-11 00:00:00-04:00,1004.2233794930132,1005.4014990611479,983.5862078907894,997.8834228515625,2053500,0.0,0.0
2026-05-12 00:00:00-04:00,1000.94854701992,1024.371328576014,999.5508059415497,1020.2578735351562,2143200,0.0,0.0
2026-05-13 00:00:00-04:00,1016.32414275388,1040.8651419658145,1016.32414275388,1031.4400634765625,1654600,0.0,0.0
2026-05-14 00:00:00-04:00,1033.3071195463888,1040.1363497982506,1024.4711920018672,1039.59716796875,1606600,0.0,0.0
2026-05-15 00:00:00-04:00,1047.6942954258584,1055.8213891123912,1037.5703764171271,1047.284912109375,1967000,0.0,0.0
2026-05-18 00:00:00-04:00,1048.333277011971,1078.115882330003,1043.3412137881044,1074.76123046875,2295200,0.0,0.0
2026-05-19 00:00:00-04:00,1075.29043213977,1094.7594789612422,1070.3981857426552,1092.5828857421875,2853300,0.0,0.0
2026-05-20 00:00:00-04:00,1087.6407794000645,1088.0101872040575,1070.298356612478,1072.30517578125,2223400,0.0,0.0
2026-05-21 00:00:00-04:00,1061.7219809218534,1063.039831932931,1037.3606890186563,1048.782470703125,2149700,0.0,0.0
2026-05-22 00:00:00-04:00,1038.339136433185,1043.980192141425,1023.5625808281633,1026.6077880859375,2048300,0.0,0.0
2026-05-26 00:00:00-04:00,1024.501136400399,1025.868956801072,994.5786787900382,1001.3379516601562,2704600,0.0,0.0
2026-05-27 00:00:00-04:00,1002.2664538012281,1011.9011597260693,998.1030903394299,1002.0967407226562,2390100,0.0,0.0
2026-05-28 00:00:00-04:00,1010.0041633354696,1010.393558877613,992.6917228453493,993.6202392578125,2844300,0.0,0.0
2026-05-29 00:00:00-04:00,985.0039219405999,997.2344762390208,943.9492008767987,954.8019409179688,7028000,0.0,0.0
2026-06-01 00:00:00-04:00,953.484057160972,957.6873962512601,935.0234174693086,944.608154296875,2816300,0.0,0.0
2026-06-02 00:00:00-04:00,940.7942241638574,953.8734663046481,937.9587663930275,952.7552490234375,2218200,0.0,0.0
2026-06-03 00:00:00-04:00,951.3674175633403,967.6415310020179,950.4688218344311,960.30322265625,2174100,0.0,0.0
2026-06-04 00:00:00-04:00,985.3933117726406,988.438457984513,966.6730757099798,970.8064575195312,2345200,0.0,0.0
2026-06-05 00:00:00-04:00,975.9483384472815,995.826706947471,970.0576795995038,970.3272705078125,3092000,0.0,0.0
2026-06-08 00:00:00-04:00,961.9306412534771,977.425963620676,959.4745242795628,973.2026977539062,2086100,0.0,0.0
2026-06-09 00:00:00-04:00,972.6635641898084,980.4111948031996,963.4082598570556,967.052490234375,1998600,0.0,0.0
2026-06-10 00:00:00-04:00,975.8884414254012,983.696035487958,962.7792787463713,981.8090209960938,1715600,0.0,0.0
2026-06-11 00:00:00-04:00,985.3433342331716,987.5498479765957,972.4538546157332,974.1411743164062,1903400,0.0,0.0
2026-06-12 00:00:00-04:00,973.9714742302206,983.2167846105712,968.4602172052602,980.7905883789062,1737300,0.0,0.0
2026-06-15 00:00:00-04:00,972.6436034824163,985.4332668486661,966.4634268586715,977.895263671875,1893700,0.0,0.0
2026-06-16 00:00:00-04:00,978.8337760067219,993.7999716270218,971.615211231262,985.11376953125,1523400,0.0,0.0
2026-06-17 00:00:00-04:00,978.4443497555376,982.1484824459604,959.6342295249499,964.0572509765625,1928000,0.0,0.0
2026-06-18 00:00:00-04:00,961.1718392143634,962.4697634296748,946.8046670209701,949.939697265625,3742900,0.0,0.0
2026-06-22 00:00:00-04:00,947.0642274329521,954.7120409757252,941.033837393197,949.8397827148438,2191900,0.0,0.0
2026-06-23 00:00:00-04:00,962.9689714159962,964.845992015539,951.9764387262253,956.1597900390625,2529800,0.0,0.0
2026-06-24 00:00:00-04:00,960.5029023709275,966.4034940212789,955.4808577449501,959.5643920898438,2020200,0.0,0.0
2026-06-25 00:00:00-04:00,948.0626439932809,954.2328264451996,937.110026267083,940.7442626953125,2492700,0.0,0.0
2026-06-26 00:00:00-04:00,951.7368490136909,960.1135456878924,941.5031194544038,951.0279541015625,8239200,0.0,0.0
2026-06-29 00:00:00-04:00,957.0283989466781,968.320443173306,940.8840840412729,945.17724609375,2450000,0.0,0.0
2026-06-30 00:00:00-04:00,940.5046487380878,944.4982990512007,930.9298452995619,933.9849853515625,2870900,0.0,0.0
2026-07-01 00:00:00-04:00,938.9371405362266,938.9371405362266,919.0886934600077,923.2021484375,2909700,0.0,0.0
2026-07-02 00:00:00-04:00,925.528479984269,951.1277936674867,923.37193558161,950.1593017578125,2785800,0.0,0.0
2026-07-06 00:00:00-04:00,947.5933782782907,953.9832433205282,939.9056499765064,948.7415771484375,2327500,0.0,0.0
2026-07-07 00:00:00-04:00,965.9842121329974,967.4618433325775,943.829433324414,945.9959716796875,1940200,0.0,0.0
2026-07-08 00:00:00-04:00,957.4776814696542,964.9757698306605,946.4951428917958,951.6170043945312,1645500,0.0,0.0
2026-07-09 00:00:00-04:00,933.4559091796973,933.5158115001236,906.2391710643403,911.520751953125,4545200,0.0,0.0
2026-07-10 00:00:00-04:00,912.2895068847466,915.2747507677559,905.7699043838991,914.7955322265625,2102300,0.0,0.0
2026-07-13 00:00:00-04:00,916.9721105282216,929.5021769300105,915.424583129132,924.9594116210938,2373300,0.0,0.0
2026-07-14 00:00:00-04:00,919.9173964162345,927.944611696534,917.1018656017798,920.2868041992188,2409200,0.0,0.0
2026-07-15 00:00:00-04:00,916.2931842187085,926.1075973597352,909.0546927062207,915.0850830078125,2423200,0.0,0.0
2026-07-16 00:00:00-04:00,922.5332631819883,944.2587315975229,920.03723162576,944.0690307617188,2735300,0.0,0.0
2026-07-17 00:00:00-04:00,959.9937095573548,962.7992465460038,932.2777658318746,939.37646484375,2508000,0.0,0.0
2026-07-20 00:00:00-04:00,937.2598435659402,945.4767598979683,930.5305522820987,934.3145141601562,1507900,0.0,0.0
2026-07-21 00:00:00-04:00,928.7733283183376,930.5105565056226,922.9725535050976,927.7449340820312,1833500,0.0,0.0
2026-07-22 00:00:00-04:00,929.4023530939542,932.1180061948597,919.5080498136913,925.8380126953125,1762700,0.0,0.0
2026-07-23 00:00:00-04:00,919.048788102527,925.0592514281323,915.3047408691222,924.5899658203125,1785200,0.0,0.0
2026-07-24 00:00:00-04:00,925.010009765625,936.6599731445312,921.280029296875,935.030029296875,1586300,1.47,0.0
2026-07-27 00:00:00-04:00,938.1099853515625,956.6099853515625,936.6599731445312,951.5800170898438,2109500,0.0,0.0
2026-07-28 00:00:00-04:00,970.5499877929688,987.5499877929688,965.8699951171875,966.5800170898438,2682800,0.0,0.0
2026-07-29 00:00:00-04:00,968.0700073242188,978.7999877929688,963.0,974.030029296875,1973400,0.0,0.0
2026-07-30 00:00:00-04:00,955.0399780273438,960.760009765625,949.6799926757812,954.1699829101562,2334500,0.0,0.0
2026-07-31 00:00:00-04:00,945.739990234375,955.5599975585938,937.510009765625,951.8900146484375,1760200,0.0,0.0
2026-08-03 00:00:00-04:00,965.1500244140625,967.97998046875,948.75,954.0800170898438,2014100,0.0,0.0
2026-08-04 00:00:00-04:00,945.0,950.8599853515625,937.010009765625,947.8499755859375,2437300,0.0,0.0
2026-08-05 00:00:00-04:00,956.989990234375,956.989990234375,935.219970703125,941.989990234375,1692400,0.0,0.0
2026-08-06 00:00:00-04:00,959.5499877929688,966.1400146484375,941.780029296875,949.1500244140625,2116500,0.0,0.0
2026-08-07 00:00:00-04:00,943.510009765625,949.7899780273438,937.510009765625,947.8200073242188,1523800,0.0,0.0
2026-08-10 00:00:00-04:00,942.469970703125,952.8900146484375,940.5599975585938,952.75,1479200,0.0,0.0
2026-08-11 00:00:00-04:00,950.0499877929688,954.9000244140625,938.0900268554688,944.3200073242188,1801400,0.0,0.0
2026-08-12 00:00:00-04:00,937.4000244140625,951.3900146484375,935.0499877929688,949.5800170898438,1311800,0.0,0.0
2026-08-13 00:00:00-04:00,954.25,962.5800170898438,949.510009765625,961.8499755859375,1324900,0.0,0.0
2026-08-14 00:00:00-04:00,959.989990234375,965.3599853515625,957.75,961.0999755859375,1165100,0.0,0.0
2026-08-17 00:00:00-04:00,954.8400268554688,956.75,949.4199829101562,953.5,1242800,0.0,0.0
2026-08-18 00:00:00-04:00,966.1099853515625,971.9600219726562,955.030029296875,961.3499755859375,1845200,0.0,0.0
2026-08-19 00:00:00-04:00,960.22998046875,978.7000122070312,956.0,956.989990234375,1642300,0.0,0.0
2026-08-20 00:00:00-04:00,931.1500244140625,944.219970703125,925.77001953125,933.510009765625,2503700,0.0,0.0
2026-08-21 00:00:00-04:00,939.6400146484375,949.9000244140625,933.8200073242188,947.739990234375,2365600,0.0,0.0
2026-08-24 00:00:00-04:00,953.010009765625,974.489990234375,951.3900146484375,971.4000244140625,2204700,0.0,0.0
2026-08-25 00:00:00-04:00,965.8599853515625,969.0499877929688,959.8900146484375,960.010009765625,1359900,0.0,0.0
2026-08-26 00:00:00-04:00,960.5800170898438,964.4500122070312,954.5399780273438,956.1199951171875,1221600,0.0,0.0
2026-08-27 00:00:00-04:00,948.27001953125,948.8499755859375,933.25,934.6599731445312,2239600,0.0,0.0
2026-08-28 00:00:00-04:00,938.9400024414062,953.72998046875,937.1099853515625,945.469970703125,1401300,0.0,0.0
2026-08-31 00:00:00-04:00,945.1900024414062,949.2999877929688,940.7100219726562,943.8900146484375,2392600,0.0,0.0
2026-09-01 00:00:00-04:00,947.3499755859375,952.0999755859375,935.9299926757812,939.9600219726562,1507800,0.0,0.0
2026-09-02 00:00:00-04:00,938.489990234375,938.8800048828125,920.3099975585938,928.47998046875,2163000,0.0,0.0
2026-09-03 00:00:00-04:00,927.7899780273438,930.760009765625,915.3099975585938,925.4099731445312,2171100,0.0,0.0
2026-09-04 00:00:00-04:00,926.0900268554688,928.0399780273438,914.5399780273438,915.739990234375,2076200,0.0,0.0
2026-09-08 00:00:00-04:00,912.4000244140625,915.1300048828125,906.0999755859375,910.1799926757812,2236900,0.0,0.0
2026-09-09 00:00:00-04:00,907.0,909.22998046875,898.4299926757812,902.5999755859375,2065600,0.0,0.0
2026-09-10 00:00:00-04:00,906.6199951171875,912.0999755859375,899.0,902.3800048828125,1925700,0.0,0.0
2026-09-11 00:00:00-04:00,905.1699829101562,907.3599853515625,900.75,904.77001953125,1772000,0.0,0.0
2026-09-14 00:00:00-04:00,913.6500244140625,921.989990234375,910.7899780273438,918.9099731445312,2012800,0.0,0.0
2026-09-15 00:00:00-04:00,916.9199829101562,916.9199829101562,900.25,901.3499755859375,2198700,0.0,0.0
2026-09-16 00:00:00-04:00,901.0499877929688,902.0,892.6699829101562,893.739990234375,2096900,0.0,0.0
2026-09-17 00:00:00-04:00,895.3200073242188,896.0,888.0399780273438,893.9299926757812,2320000,0.0,0.0
2026-09-18 00:00:00-04:00,892.4299926757812,898.4000244140625,890.5499877929688,895.3099975585938,4175000,0.0,0.0
