Date,open,high,low,close,volume,dividends,stock splits
2016-09-19 00:00:00-04:00,22.9248478431549,23.222090315723378,22.902554126200798,23.051176071166992,16833500,0.0,0.0
2016-09-20 00:00:00-04:00,23.095765647791392,23.199800174885706,23.066042104634786,23.110628128051758,15878900,0.0,0.0
2016-09-21 00:00:00-04:00,23.118054389311865,23.31869216015952,23.01401846725934,23.303831100463867,21169400,0.0,0.0
2016-09-22 00:00:00-04:00,23.407868825259996,23.630800342364484,23.400437585707976,23.526765823364258,20261900,0.0,0.0
2016-09-23 00:00:00-04:00,23.563923573215718,23.630803320247853,23.266681040497446,23.28897476196289,20442200,0.0,0.0
2016-09-26 00:00:00-04:00,23.110632576610577,23.155218608609903,22.88026975768892,23.08833885192871,20361500,0.0,0.0
2016-09-27 00:00:00-04:00,23.10320166234046,23.489617724780505,23.006596938048236,23.39301300048828,18045400,0.0,0.0
2016-09-28 00:00:00-04:00,23.36328712549388,23.474752904657628,23.30383861544893,23.407873153686523,15841000,0.0,0.0
2016-09-29 00:00:00-04:00,23.415305297868183,23.45989132778075,23.222097278427942,23.32613182067871,15417100,0.0,0.0
2016-09-30 00:00:00-04:00,23.489611204099994,23.630800504464812,23.45245500608502,23.571352005004883,30380600,0.0,0.0
2016-10-03 00:00:00-04:00,23.458970280094945,23.661267719326133,23.376553916357807,23.601327896118164,14070500,0.26,0.0
2016-10-04 00:00:00-04:00,23.571355643327948,23.69872793748975,23.33908902306043,23.48893928527832,18460400,0.0,0.0
2016-10-05 00:00:00-04:00,23.533889651187636,23.73618704086126,23.533889651187636,23.66875457763672,11808600,0.0,0.0
2016-10-06 00:00:00-04:00,23.653770509977402,23.698725011461132,23.384040642919352,23.58633804321289,14077100,0.0,0.0
2016-10-07 00:00:00-04:00,23.586338633064173,23.676249067357965,23.39902653827349,23.578845977783203,13073200,0.0,0.0
2016-10-10 00:00:00-04:00,23.631294564750007,23.73618888052787,23.55636944101816,23.578845977783203,12759400,0.0,0.0
2016-10-11 00:00:00-04:00,23.616306934514796,23.623799589059814,23.11431051262043,23.256668090820312,19412000,0.0,0.0
2016-10-12 00:00:00-04:00,22.87455056690434,22.94947425185194,22.432493966140605,22.732192993164062,36899900,0.0,0.0
2016-10-13 00:00:00-04:00,22.54488615419697,22.66476579282451,22.37255935230463,22.604825973510742,24286600,0.0,0.0
2016-10-14 00:00:00-04:00,22.739690330290063,22.889539160121522,22.59733272723389,22.61231803894043,20545100,0.0,0.0
2016-10-17 00:00:00-04:00,22.574851928166982,22.792134633424652,22.552375392504327,22.642284393310547,13957500,0.0,0.0
2016-10-18 00:00:00-04:00,22.994435296425376,22.994435296425376,22.79963052822589,22.8071231842041,14444900,0.0,0.0
2016-10-19 00:00:00-04:00,22.80712134257187,22.814613997945063,22.619809245475697,22.739688873291016,14830900,0.0,0.0
2016-10-20 00:00:00-04:00,22.687240524065466,22.754672989807272,22.507421091779925,22.59733009338379,17315300,0.0,0.0
2016-10-21 00:00:00-04:00,22.48494181516079,22.627299393319802,22.41750935335272,22.58983612060547,15140500,0.0,0.0
2016-10-24 00:00:00-04:00,22.732194500834968,22.852074119595148,22.702223881606034,22.82210350036621,14115300,0.0,0.0
2016-10-25 00:00:00-04:00,22.852072603973447,22.859565258283745,22.64977522482848,22.732192993164062,15257800,0.0,0.0
2016-10-26 00:00:00-04:00,22.919506523080223,23.121803915106405,22.717209131054037,22.889535903930664,18008600,0.0,0.0
2016-10-27 00:00:00-04:00,22.927000627166947,22.979447784916275,22.74718118813589,22.762165069580078,16926200,0.0,0.0
2016-10-28 00:00:00-04:00,22.747183089520878,23.076851374095103,22.73969043363356,22.919509887695312,19946800,0.0,0.0
2016-10-31 00:00:00-04:00,22.732195821971214,23.054372852017455,22.717210511485842,22.986940383911133,23225400,0.0,0.0
2016-11-01 00:00:00-04:00,23.114310128473043,23.12180278289354,22.649775557946352,22.837087631225586,17542100,0.0,0.0
2016-11-02 00:00:00-04:00,22.799625845418326,22.986937919167634,22.649775614787792,22.769655227661133,19174000,0.0,0.0
2016-11-03 00:00:00-04:00,22.852075707398626,22.897030210287767,22.657270956108505,22.71721076965332,15937100,0.0,0.0
2016-11-04 00:00:00-04:00,22.46246529963322,22.852074786513104,22.200228090037996,22.619808197021484,18524000,0.0,0.0
2016-11-07 00:00:00-05:00,23.009421100143157,23.271658364960256,22.93449739226238,23.18174934387207,23061100,0.0,0.0
2016-11-08 00:00:00-05:00,23.181745326348334,23.376550077049497,23.024402423095214,23.226699829101562,19399800,0.0,0.0
2016-11-09 00:00:00-05:00,23.25666830467639,23.59382918783617,23.0019237641142,23.496427536010742,38564100,0.0,0.0
2016-11-10 00:00:00-05:00,23.53389155122474,23.796128770594688,23.084342236458813,23.226699829101562,38345000,0.0,0.0
2016-11-11 00:00:00-05:00,23.174250533001047,23.578843878608335,23.16675787838713,23.496427536010742,23150300,0.0,0.0
2016-11-14 00:00:00-05:00,23.54887409891929,23.728693517912436,23.48893429258824,23.50391960144043,22917600,0.0,0.0
2016-11-15 00:00:00-05:00,23.428996003610216,23.8635599849238,23.428996003610216,23.75117301940918,24160200,0.0,0.0
2016-11-16 00:00:00-05:00,23.69123181177569,23.893527766138515,23.60881404169005,23.65376853942871,27097100,0.0,0.0
2016-11-17 00:00:00-05:00,22.41002303853826,22.514917373657227,22.185249054975284,22.514917373657227,75252300,0.0,0.0
2016-11-18 00:00:00-05:00,22.55987087704552,22.747182986143333,22.4849457475908,22.61231803894043,38748600,0.0,0.0
2016-11-21 00:00:00-05:00,22.70222950298575,22.724707472973304,22.484948176085293,22.514917373657227,27481700,0.0,0.0
2016-11-22 00:00:00-05:00,22.53739047033972,22.619808246727914,22.365063691598795,22.39503288269043,26769300,0.0,0.0
2016-11-23 00:00:00-05:00,22.350082337604,22.43999278494921,22.147784902885835,22.26017189025879,24496800,0.0,0.0
2016-11-25 00:00:00-05:00,22.177754071893105,22.58984014155727,22.14029079251037,22.544885635375977,17678900,0.0,0.0
2016-11-28 00:00:00-05:00,22.53738869204267,22.54488134649383,22.34258396354558,22.417509078979492,21468900,0.0,0.0
2016-11-29 00:00:00-05:00,22.43249635989399,22.55237598349563,22.32010939140218,22.350078582763672,23553700,0.0,0.0
2016-11-30 00:00:00-05:00,22.29763201456636,22.439989607254695,22.23769220118357,22.342586517333984,26224900,0.0,0.0
2016-12-01 00:00:00-05:00,22.357569308982118,22.365061963445523,22.02789965798082,22.06536293029785,25996200,0.0,0.0
2016-12-02 00:00:00-05:00,21.96046849266483,22.147780578069185,21.818112336693535,21.91551399230957,27069500,0.0,0.0
2016-12-05 00:00:00-05:00,21.975449244859057,22.177746598118805,21.9454800605303,22.12529945373535,20865800,0.0,0.0
2016-12-06 00:00:00-05:00,22.04289062353902,22.170262923947686,21.908025666744187,21.9754581451416,27352100,0.0,0.0
2016-12-07 00:00:00-05:00,22.0878433214334,22.507423470181976,21.967963687241795,22.439990997314453,30180100,0.0,0.0
2016-12-08 00:00:00-05:00,22.559870631506055,22.724704771250018,22.41751302999929,22.439990997314453,21369900,0.0,0.0
2016-12-09 00:00:00-05:00,22.46246010507575,22.529892555636934,22.275148059978566,22.52239990234375,21362000,0.0,0.0
2016-12-12 00:00:00-05:00,22.537393498147996,22.62730394165766,22.499931646981146,22.604825973510742,17287800,0.0,0.0
2016-12-13 00:00:00-05:00,22.70222715419695,22.956971738053934,22.62730345347971,22.919509887695312,25052900,0.0,0.0
2016-12-14 00:00:00-05:00,22.926999238589705,23.279145440063004,22.784641655407825,22.82210350036621,27556000,0.0,0.0
2016-12-15 00:00:00-05:00,22.919508956160822,23.076850436165667,22.859569140576415,22.949478149414062,20914100,0.0,0.0
2016-12-16 00:00:00-05:00,23.001927673377864,23.01691155607452,22.67975061561297,22.919509887695312,45875500,0.0,0.0
2016-12-19 00:00:00-05:00,22.964461628495048,23.129297180010177,22.882045281815298,23.039386749267578,18178500,0.0,0.0
2016-12-20 00:00:00-05:00,23.099323431979272,23.129294047860814,22.822100951385483,22.89702606201172,17475200,0.0,0.0
2016-12-21 00:00:00-05:00,22.994430715172175,22.994430715172175,22.784640676813403,22.792133331298828,14488900,0.0,0.0
2016-12-22 00:00:00-05:00,22.77714900060059,22.83708880998068,22.664762036647645,22.82210350036621,12935800,0.0,0.0
2016-12-23 00:00:00-05:00,22.882046335750065,22.927000838653036,22.777150590205952,22.874553680419922,9167500,0.0,0.0
2016-12-27 00:00:00-05:00,22.956969762940382,23.09183469915303,22.927000571047497,22.986940383911133,14175500,0.0,0.0
2016-12-28 00:00:00-05:00,23.001923369657604,23.054370521977866,22.739686178978562,22.792133331298828,12022200,0.0,0.0
2016-12-29 00:00:00-05:00,22.75467246525667,22.889535964553534,22.724701846027735,22.82210350036621,10995600,0.0,0.0
2016-12-30 00:00:00-05:00,22.89702894405784,22.92699956371178,22.574851928166982,22.642284393310547,20190000,0.0,0.0
2017-01-03 00:00:00-05:00,22.754675363408047,22.89703153564335,22.634794300301422,22.882047653198242,22370600,0.0,0.0
2017-01-04 00:00:00-05:00,22.851818172170542,22.98784113103117,22.685568689867942,22.746023178100586,22281000,0.26,0.0
2017-01-05 00:00:00-05:00,22.74602598886004,22.94250346023232,22.723355012465554,22.79892349243164,18372500,0.0,0.0
2017-01-06 00:00:00-05:00,22.79892447074517,22.93494745225117,22.693129459062252,22.84426498413086,15923200,0.0,0.0
2017-01-09 00:00:00-05:00,22.8367012051605,22.919826656122172,22.73090622491729,22.806474685668945,17177800,0.0,0.0
2017-01-10 00:00:00-05:00,22.814036379137235,23.086080876038977,22.746024894574596,22.95761489868164,21046000,0.0,0.0
2017-01-11 00:00:00-05:00,22.919828800980394,22.980283286969403,22.69312483885878,22.78380584716797,22291300,0.0,0.0
2017-01-12 00:00:00-05:00,22.7838076176012,22.79136460910563,22.519318680341243,22.70068359375,18611100,0.0,0.0
2017-01-13 00:00:00-05:00,22.746021496819612,22.836702501791514,22.678010022416395,22.723350524902344,17136600,0.0,0.0
2017-01-17 00:00:00-05:00,22.67045219299621,22.859372627937844,22.549543229941445,22.66289520263672,21983500,0.0,0.0
2017-01-18 00:00:00-05:00,22.761140073951303,22.806480585592258,22.63267408984453,22.69312858581543,15724000,0.0,0.0
2017-01-19 00:00:00-05:00,22.678009258507114,22.814032202731614,22.60999778639486,22.655338287353516,16866000,0.0,0.0
2017-01-20 00:00:00-05:00,22.76113716049592,22.85937516336821,22.670454707472604,22.746023178100586,22754400,0.0,0.0
2017-01-23 00:00:00-05:00,22.776247488541994,22.89715645325945,22.738463977573495,22.874486923217773,17155300,0.0,0.0
2017-01-24 00:00:00-05:00,22.927387671653378,23.237217117917716,22.889604155318217,23.123865127563477,24934200,0.0,0.0
2017-01-25 00:00:00-05:00,23.456364306296546,23.463919856084466,23.161647417363877,23.199432373046875,23630500,0.0,0.0
2017-01-26 00:00:00-05:00,23.244775925782882,23.305230421452258,23.093638965935003,23.22966194152832,20116800,0.0,0.0
2017-01-27 00:00:00-05:00,23.244772706550076,23.411022186279297,23.146533263849747,23.411022186279297,18461900,0.0,0.0
2017-01-30 00:00:00-05:00,23.380799653803464,23.4261401666774,23.14653721436547,23.29767417907715,15481800,0.0,0.0
2017-01-31 00:00:00-05:00,23.184323488466717,23.343016013182062,23.10875500183365,23.214550018310547,16603100,0.0,0.0
2017-02-01 00:00:00-05:00,23.31278297609791,23.31278297609791,22.98783958322067,23.048294067382812,19504600,0.0,0.0
2017-02-02 00:00:00-05:00,23.191874678228476,23.62261307050455,23.07096570640883,23.562158584594727,27456700,0.0,0.0
2017-02-03 00:00:00-05:00,23.63016997815616,23.690624463852984,23.51681799764319,23.667953491210938,21288800,0.0,0.0
2017-02-06 00:00:00-05:00,23.64528029758547,23.660392835657472,23.51681435520876,23.652835845947266,16774200,0.0,0.0
2017-02-07 00:00:00-05:00,23.71329445270709,23.909771895350065,23.675510938923257,23.766193389892578,18420200,0.0,0.0
2017-02-08 00:00:00-05:00,23.773751248896556,23.841762733392855,23.615058745971055,23.630172729492188,20434300,0.0,0.0
2017-02-09 00:00:00-05:00,23.690620283750167,23.947552162964364,23.652835336013737,23.803972244262695,18706900,0.0,0.0
2017-02-10 00:00:00-05:00,23.788860096507392,23.902212065746102,23.60749665745576,23.81153106689453,21557700,0.0,0.0
2017-02-13 00:00:00-05:00,23.93244707205071,24.181822054332052,23.841764605153443,24.159151077270508,26518800,0.0,0.0
2017-02-14 00:00:00-05:00,24.106257137313772,24.416088104248047,24.008019104882752,24.416088104248047,31463500,0.0,0.0
2017-02-15 00:00:00-05:00,24.446311689758264,24.816597140308954,24.40097261442011,24.801483154296875,41169400,0.0,0.0
2017-02-16 00:00:00-05:00,25.133977248735754,25.670513557059014,25.1264216985667,25.39090919494629,50143700,0.0,0.0
2017-02-17 00:00:00-05:00,25.330456980087817,25.519377450211355,25.262445495535438,25.496707916259766,31841200,0.0,0.0
2017-02-21 00:00:00-05:00,25.458920037229134,25.851874938183997,25.43625050459436,25.79142189025879,26992700,0.0,0.0
2017-02-22 00:00:00-05:00,25.723412617940568,25.806538088334072,25.43625268822601,25.76119613647461,26632700,0.0,0.0
2017-02-23 00:00:00-05:00,25.90477743623517,25.90477743623517,25.655403881026622,25.72341537475586,17450100,0.0,0.0
2017-02-24 00:00:00-05:00,25.678059981646882,25.93499183654785,25.54203706536422,25.93499183654785,21137300,0.0,0.0
2017-02-27 00:00:00-05:00,25.851878268782198,25.93500374274899,25.783866779418258,25.88966178894043,15625400,0.0,0.0
2017-02-28 00:00:00-05:00,25.814092483398227,25.91233193334721,25.723411466436307,25.829206466674805,23093100,0.0,0.0
2017-03-01 00:00:00-05:00,25.904771567498628,26.078578038164537,25.829204539451652,26.025680541992188,22754200,0.0,0.0
2017-03-02 00:00:00-05:00,26.003008038649266,26.09368903848262,25.851871117129,25.98789405822754,16137700,0.0,0.0
2017-03-03 00:00:00-05:00,26.010571018901214,26.025685003641104,25.866992487919,25.912334442138672,14175000,0.0,0.0
2017-03-06 00:00:00-05:00,25.723407128499275,25.904769131838638,25.662951205588108,25.83675765991211,17605100,0.0,0.0
2017-03-07 00:00:00-05:00,25.69317955567701,25.8820999935864,25.685624006547364,25.844316482543945,21033700,0.0,0.0
2017-03-08 00:00:00-05:00,25.829206714165792,25.866990231370497,25.640286245444685,25.708297729492188,18686700,0.0,0.0
2017-03-09 00:00:00-05:00,25.72340895985385,25.776306454818574,25.594941555870037,25.746078491210938,17490200,0.0,0.0
2017-03-10 00:00:00-05:00,25.87455068703538,25.919889758146137,25.753641692910357,25.88966178894043,19038400,0.0,0.0
2017-03-13 00:00:00-04:00,25.859433132157424,25.942558594647526,25.693182207177227,25.768749237060547,16164800,0.0,0.0
2017-03-14 00:00:00-04:00,25.647836313907856,25.798973233120666,25.572269295649935,25.783859252929688,14578400,0.0,0.0
2017-03-15 00:00:00-04:00,25.74608244202513,25.95767245435316,25.730968457902026,25.874549865722656,14961700,0.0,0.0
2017-03-16 00:00:00-04:00,25.882099301597236,26.055905753903296,25.768745888803398,25.866985321044922,14521600,0.0,0.0
2017-03-17 00:00:00-04:00,25.957666321661772,25.98033873383876,25.836757359940293,25.866985321044922,26787200,0.0,0.0
2017-03-20 00:00:00-04:00,25.844313049665093,25.987891525633856,25.844313049665093,25.904766082763672,14974100,0.0,0.0
2017-03-21 00:00:00-04:00,26.03323544422243,26.04834942432179,25.526927200333294,25.602497100830078,21406000,0.0,0.0
2017-03-22 00:00:00-04:00,25.526931282197026,25.84431914964128,25.526931282197026,25.768749237060547,16646100,0.0,0.0
2017-03-23 00:00:00-04:00,25.753632483587626,25.88965253097786,25.625165101751328,25.662948608398438,16709300,0.0,0.0
2017-03-24 00:00:00-04:00,25.7460807882665,25.919887270471442,25.65539977205034,25.753639221191406,18125100,0.0,0.0
2017-03-27 00:00:00-04:00,25.55715577635372,25.715848247175376,25.504258286079835,25.685623168945312,17740600,0.0,0.0
2017-03-28 00:00:00-04:00,25.617616711661377,25.8518762479491,25.557160777975785,25.708297729492188,21179300,0.0,0.0
2017-03-29 00:00:00-04:00,25.693183936801297,25.730967454286485,25.428696431707387,25.496707916259766,16504100,0.0,0.0
2017-03-30 00:00:00-04:00,25.542046984162948,25.640286435782517,25.48159393272617,25.496707916259766,12801600,0.0,0.0
2017-03-31 00:00:00-04:00,25.481590642282622,25.60249961224078,25.436248697536854,25.542043685913086,14038500,0.0,0.0
2017-04-03 00:00:00-04:00,25.466472541810386,25.647834526065925,25.285107674858082,25.375791549682617,19367800,0.0,0.0
2017-04-04 00:00:00-04:00,25.345313325830297,25.47489699069455,25.101388738477215,25.467275619506836,18602600,0.29,0.0
2017-04-05 00:00:00-04:00,25.528256232878697,25.558744623066474,25.13187808233532,25.15474510192871,17572500,0.0,0.0
2017-04-06 00:00:00-04:00,25.15473855025829,25.36817176503418,25.070888956507915,25.215721130371094,15316800,0.0,0.0
2017-04-07 00:00:00-04:00,25.23096511731243,25.26908068567558,25.093757213071996,25.124248504638672,13942800,0.0,0.0
2017-04-10 00:00:00-04:00,25.124248484496547,25.322438971711446,25.05564453243133,25.16236114501953,14824100,0.0,0.0
2017-04-11 00:00:00-04:00,25.185231505612172,25.215722797684723,24.880324400506012,25.09375762939453,18945800,0.0,0.0
2017-04-12 00:00:00-04:00,25.048022811283747,25.124248131258017,24.773607006881072,24.86507797241211,25455100,0.0,0.0
2017-04-13 00:00:00-04:00,24.933684936459684,25.040401560442955,24.712627410888672,24.712627410888672,16234900,0.0,0.0
2017-04-17 00:00:00-04:00,24.758360966640907,24.903190235407063,24.735493952575073,24.85745620727539,11961200,0.0,0.0
2017-04-18 00:00:00-04:00,24.81934582493788,24.948929460278908,24.735496221924375,24.9031925201416,13349600,0.0,0.0
2017-04-19 00:00:00-04:00,25.002283142638703,25.07088708624309,24.857453887389116,24.8879451751709,16373800,0.0,0.0
2017-04-20 00:00:00-04:00,24.99465901465737,25.11662124450803,24.941300720835763,25.025150299072266,11927500,0.0,0.0
2017-04-21 00:00:00-04:00,25.10900714583778,25.10900714583778,24.903195254337867,25.017536163330078,13877700,0.0,0.0
2017-04-24 00:00:00-04:00,25.33768711984812,25.429158095698938,25.253837513730748,25.368175506591797,15400500,0.0,0.0
2017-04-25 00:00:00-04:00,25.452022740370186,25.551117984527846,25.421531448658655,25.474889755249023,15058800,0.0,0.0
2017-04-26 00:00:00-04:00,25.59685412559835,25.634966785147,25.43677630299877,25.459646224975586,17949700,0.0,0.0
2017-04-27 00:00:00-04:00,25.92462225854591,26.00085047643925,25.627339478284856,25.7264347076416,26639000,0.0,0.0
2017-04-28 00:00:00-04:00,25.825530546544204,25.977984078119974,25.665452739094555,25.970359802246094,20461700,0.0,0.0
2017-05-01 00:00:00-04:00,26.00085495179154,26.02372196719089,25.77217607436894,25.89413833618164,13577300,0.0,0.0
2017-05-02 00:00:00-04:00,25.962746673919902,26.09995460510254,25.863651410774622,26.09995460510254,15983600,0.0,0.0
2017-05-03 00:00:00-04:00,26.03896479426444,26.176172687425016,26.008473505160005,26.107568740844727,14432200,0.0,0.0
2017-05-04 00:00:00-04:00,26.168553459781062,26.29051571836659,25.97036297219858,26.05421257019043,13638500,0.0,0.0
2017-05-05 00:00:00-04:00,26.107566395034482,26.221907264997693,25.97035851420227,26.214282989501953,15091800,0.0,0.0
2017-05-08 00:00:00-04:00,26.267648981430725,26.374365607159156,26.031348712406334,26.138065338134766,13232700,0.0,0.0
2017-05-09 00:00:00-04:00,26.023726040323545,26.115197024047333,25.79504712710901,25.840784072875977,18855900,0.0,0.0
2017-05-10 00:00:00-04:00,25.84077901422831,25.84077901422831,25.596854500175983,25.71881675720215,17481400,0.0,0.0
2017-05-11 00:00:00-04:00,25.703569844539928,25.77979516099516,25.520625014114163,25.634965896606445,17515600,0.0,0.0
2017-05-12 00:00:00-04:00,25.61209492801481,25.62734057224427,25.261453834165124,25.497756958007812,20194300,0.0,0.0
2017-05-15 00:00:00-04:00,25.917004645728515,26.267645775414064,25.894137630951946,26.09232521057129,31531000,0.0,0.0
2017-05-16 00:00:00-04:00,26.099949259420512,26.168553210960656,25.93987143395378,26.14568328857422,18950000,0.0,0.0
2017-05-17 00:00:00-04:00,26.069456124321565,26.15330571558579,25.764549048417,25.779794692993164,38787800,0.0,0.0
2017-05-18 00:00:00-04:00,23.70643336821873,24.01896179086937,23.149980464855844,23.91986656188965,85500500,0.0,0.0
2017-05-19 00:00:00-04:00,24.194286001659705,24.224777293328756,23.64545583676007,23.790285110473633,39859200,0.0,0.0
2017-05-22 00:00:00-04:00,23.744553341338477,24.377233203396052,23.744553341338477,24.0799503326416,35085200,0.0,0.0
2017-05-23 00:00:00-04:00,24.26288244466476,24.29337372689678,24.02658082298404,24.209524154663086,29827500,0.0,0.0
2017-05-24 00:00:00-04:00,24.339120130232462,24.34674295421488,23.797911258721072,24.00372314453125,23446300,0.0,0.0
2017-05-25 00:00:00-04:00,24.049449090127354,24.156167129623462,23.912242674611388,23.965600967407227,21586500,0.0,0.0
2017-05-26 00:00:00-04:00,24.018962009451773,24.079943130184787,23.904622589815446,24.01133918762207,16403100,0.0,0.0
2017-05-30 00:00:00-04:00,23.935113467391826,24.247641906520563,23.927490645229582,24.148548126220703,17108300,0.0,0.0
2017-05-31 00:00:00-04:00,24.224782176757056,24.308630337940123,23.98847898040042,24.034215927124023,30196700,0.0,0.0
2017-06-01 00:00:00-04:00,24.026587326553187,24.255266189575195,23.98847321344635,24.255266189575195,15525500,0.0,0.0
2017-06-02 00:00:00-04:00,24.339120838133457,24.43821609888202,24.14855459474551,24.377233505249023,20085200,0.0,0.0
2017-06-05 00:00:00-04:00,24.430580135227792,24.430580135227792,24.064693471869706,24.209524154663086,15976000,0.0,0.0
2017-06-06 00:00:00-04:00,24.201910050138007,24.209532873441283,24.01134382927078,24.057079315185547,16186600,0.0,0.0
2017-06-07 00:00:00-04:00,24.095190048217773,24.179038184969947,23.9656049780684,24.095190048217773,14948400,0.0,0.0
2017-06-08 00:00:00-04:00,24.03420892425952,24.247642131161065,24.026586102026652,24.095190048217773,21828600,0.0,0.0
2017-06-09 00:00:00-04:00,24.118057089009156,24.262887803792392,23.69881204304757,23.912246704101562,25376600,0.0,0.0
2017-06-12 00:00:00-04:00,23.889379936869023,24.11805880477,23.74454921178252,23.820775985717773,25784400,0.0,0.0
2017-06-13 00:00:00-04:00,23.858888378860907,24.24002079036926,23.8436441873682,24.163795471191406,27781000,0.0,0.0
2017-06-14 00:00:00-04:00,24.293378207040952,24.36960351886963,23.88175454442389,24.087566375732422,24940400,0.0,0.0
2017-06-15 00:00:00-04:00,23.82077173935036,24.118054505408004,23.797903275074955,24.07231903076172,19328000,0.0,0.0
2017-06-16 00:00:00-04:00,24.095191294490316,24.118058308466985,23.782662836301313,24.110435485839844,36367400,0.0,0.0
2017-06-19 00:00:00-04:00,24.2171499299673,24.40771610545542,24.07231922950306,24.38484764099121,18459200,0.0,0.0
2017-06-20 00:00:00-04:00,24.346741163923316,24.51443891749008,24.270514383609363,24.27813720703125,18190100,0.0,0.0
2017-06-21 00:00:00-04:00,24.18666583450254,24.29338391315734,24.01896807362353,24.27051544189453,20386100,0.0,0.0
2017-06-22 00:00:00-04:00,24.32387269365766,24.39247665054972,24.16379776351278,24.27813720703125,19436600,0.0,0.0
2017-06-23 00:00:00-04:00,24.278135258074297,24.621153561093497,24.201908483879546,24.461078643798828,25792200,0.0,0.0
2017-06-26 00:00:00-04:00,24.56017854582372,24.773611809374476,24.52968724879929,24.575424194335938,22175000,0.0,0.0
2017-06-27 00:00:00-04:00,24.461071417459813,24.590655005232822,24.209524154663086,24.209524154663086,23224200,0.0,0.0
2017-06-28 00:00:00-04:00,24.22477844929504,24.60590943601145,24.209532802733015,24.453458786010742,17732300,0.0,0.0
2017-06-29 00:00:00-04:00,24.23240288234421,24.415344837621873,23.820779121254546,23.94274139404297,27664500,0.0,0.0
2017-06-30 00:00:00-04:00,24.23239386105896,24.23239386105896,23.858882904052734,23.858882904052734,23604600,0.0,0.0
2017-07-03 00:00:00-04:00,23.69881434633863,24.118059433046707,23.653078862347982,23.881757736206055,14112100,0.0,0.0
2017-07-05 00:00:00-04:00,23.735569190411265,24.058711516102804,23.643242182718826,23.935609817504883,24270300,0.29,0.0
2017-07-06 00:00:00-04:00,23.84328999664124,23.86637212239375,23.59708652523491,23.635555267333984,20789100,0.0,0.0
2017-07-07 00:00:00-04:00,23.666326592340447,23.904835973024877,23.658632551997318,23.77404022216797,15860600,0.0,0.0
2017-07-10 00:00:00-04:00,23.75865333010513,23.92022525041785,23.712490553225017,23.83559226989746,15528800,0.0,0.0
2017-07-11 00:00:00-04:00,23.88945088555265,23.943309174702698,23.743268503181795,23.92022705078125,12806000,0.0,0.0
2017-07-12 00:00:00-04:00,24.04332784837974,24.189511692594603,23.966388905767268,23.974082946777344,18586200,0.0,0.0
2017-07-13 00:00:00-04:00,24.05102559281495,24.066413677204586,23.912535768285217,24.058719635009766,15934200,0.0,0.0
2017-07-14 00:00:00-04:00,24.135653121918345,24.197203978045017,24.05871418488796,24.174121856689453,13573100,0.0,0.0
2017-07-17 00:00:00-04:00,24.23567008972168,24.34338370941317,24.19720135911415,24.23567008972168,16427500,0.0,0.0
2017-07-18 00:00:00-04:00,24.166423503458077,24.243362426757812,23.98177096803145,24.243362426757812,15530700,0.0,0.0
2017-07-19 00:00:00-04:00,24.243370047415947,24.658838015852034,24.204899839929407,24.54343032836914,21567900,0.0,0.0
2017-07-20 00:00:00-04:00,24.551125907935496,24.65883956066908,24.43571821322259,24.512657165527344,16389500,0.0,0.0
2017-07-21 00:00:00-04:00,24.51265676046217,24.643451069483923,24.397247600167912,24.497268676757812,13973800,0.0,0.0
2017-07-24 00:00:00-04:00,24.512657165527344,24.566513991894137,24.35877926091783,24.512657165527344,15504100,0.0,0.0
2017-07-25 00:00:00-04:00,24.543433450778608,24.812719067489382,24.528045365826326,24.712697982788086,14990000,0.0,0.0
2017-07-26 00:00:00-04:00,24.712689302490404,24.797322272512204,24.24336461620378,24.35877227783203,21941500,0.0,0.0
2017-07-27 00:00:00-04:00,24.412639182107572,24.428027268016983,24.012557753394745,24.28953742980957,21437400,0.0,0.0
2017-07-28 00:00:00-04:00,24.197207477074343,24.312615165564324,24.051023622326564,24.25106430053711,15771000,0.0,0.0
2017-07-31 00:00:00-04:00,24.26645140097993,24.30492013975598,24.13565563465771,24.197206497192383,19256400,0.0,0.0
2017-08-01 00:00:00-04:00,24.304919070147132,24.358775889058805,24.181817350495237,24.35108184814453,12962800,0.0,0.0
2017-08-02 00:00:00-04:00,24.289533040870978,24.289533040870978,24.043329580762116,24.25106430053711,15845600,0.0,0.0
2017-08-03 00:00:00-04:00,24.304921495773957,24.404941102664967,24.18181976383653,24.28183937072754,14420800,0.0,0.0
2017-08-04 00:00:00-04:00,24.366472093429117,24.551124689301936,24.29722718654076,24.46649169921875,16929500,0.0,0.0
2017-08-07 00:00:00-04:00,24.458799934985347,24.528043376678095,24.381860983951988,24.497268676757812,11877400,0.0,0.0
2017-08-08 00:00:00-04:00,24.42802119776796,24.620367821372433,24.312613517102932,24.366470336914062,15375700,0.0,0.0
2017-08-09 00:00:00-04:00,24.274144639442582,24.3741657109805,24.127962254100026,24.3280029296875,16131300,0.0,0.0
2017-08-10 00:00:00-04:00,24.281836774378462,24.281836774378462,23.850980758666992,23.850980758666992,23517400,0.0,0.0
2017-08-11 00:00:00-04:00,24.027942384068094,24.274145853259853,23.881759991415755,24.212594985961914,20756600,0.0,0.0
2017-08-14 00:00:00-04:00,24.381860983951988,24.535737418530275,24.281839907362087,24.497268676757812,21761600,0.0,0.0
2017-08-15 00:00:00-04:00,24.50495886201021,24.78193698765558,24.49726482136892,24.689611434936523,25251500,0.0,0.0
2017-08-16 00:00:00-04:00,24.697305860893778,24.98198098351331,24.666532630996404,24.881959915161133,29052000,0.0,0.0
2017-08-17 00:00:00-04:00,24.227980781754162,24.443409530697735,23.735573889869766,23.881757736206055,53288800,0.0,0.0
2017-08-18 00:00:00-04:00,23.85098294395768,23.89714572585569,23.358576023743222,23.366270065307617,34802200,0.0,0.0
2017-08-21 00:00:00-04:00,23.366263219088452,23.697098104494042,23.358569179778378,23.604772567749023,24198400,0.0,0.0
2017-08-22 00:00:00-04:00,23.735577200269894,24.104882420690178,23.65863824581021,24.058719635009766,24747200,0.0,0.0
2017-08-23 00:00:00-04:00,24.012548089525414,24.158731911855735,23.781732763730634,23.789426803588867,22436600,0.0,0.0
2017-08-24 00:00:00-04:00,23.81251366414765,24.15873672177156,23.77404345719721,24.035634994506836,22576100,0.0,0.0
2017-08-25 00:00:00-04:00,24.15103633392056,24.466484610578284,24.12795568330382,24.18950653076172,19558300,0.0,0.0
2017-08-28 00:00:00-04:00,24.31261366099958,24.358776440041154,24.16642981529826,24.266450881958008,12958900,0.0,0.0
2017-08-29 00:00:00-04:00,24.051020922695926,24.335693091185348,23.997164105278372,24.220285415649414,16362700,0.0,0.0
2017-08-30 00:00:00-04:00,24.21258961598844,24.774242806440743,24.174120882767152,24.6126708984375,22988700,0.0,0.0
2017-08-31 00:00:00-04:00,24.69730746877998,24.881961535069,24.612675944843286,24.781940460205078,27800200,0.0,0.0
2017-09-01 00:00:00-04:00,24.789637350112777,24.88965549557056,24.643452016790366,24.851186752319336,14686600,0.0,0.0
2017-09-05 00:00:00-04:00,24.735778322326006,24.805023228009684,24.204899733758907,24.3280029296875,32475500,0.0,0.0
2017-09-06 00:00:00-04:00,24.428018672386038,24.551120381367515,24.335691656905865,24.52034568786621,16962300,0.0,0.0
2017-09-07 00:00:00-04:00,24.58958729809467,24.597281337773488,24.42032282762479,24.435710906982422,14751700,0.0,0.0
2017-09-08 00:00:00-04:00,24.37416329468947,24.451102234209497,24.204897334247768,24.220285415649414,15339500,0.0,0.0
2017-09-11 00:00:00-04:00,24.397246779878394,24.85118496147554,24.36647208099282,24.766551971435547,22440800,0.0,0.0
2017-09-12 00:00:00-04:00,24.851180927506654,24.981978145875914,24.766547951204714,24.935813903808594,18923100,0.0,0.0
2017-09-13 00:00:00-04:00,24.881957532433134,24.920426267353502,24.589589864080917,24.75885581970215,22705100,0.0,0.0
2017-09-14 00:00:00-04:00,24.551124676771398,24.789635563704397,24.551124676771398,24.766551971435547,18194800,0.0,0.0
2017-09-15 00:00:00-04:00,24.774247416498483,25.00506279375316,24.712695083909633,24.958898544311523,29336100,0.0,0.0
2017-09-18 00:00:00-04:00,24.95120378408531,25.128162322308604,24.820406556282393,25.020448684692383,17290900,0.0,0.0
2017-09-19 00:00:00-04:00,24.97428236327025,25.120467660720255,24.9281210566871,24.997365951538086,12927700,0.0,0.0
2017-09-20 00:00:00-04:00,25.043528182493326,25.19740605839483,24.9204264687674,25.08199691772461,19865400,0.0,0.0
2017-09-21 00:00:00-04:00,25.174325535391578,25.31281533092673,25.005059577520537,25.158937454223633,19870000,0.0,0.0
2017-09-22 00:00:00-04:00,25.12816144766714,25.797526840252427,25.112773366403797,25.67442512512207,28234900,0.0,0.0
2017-09-25 00:00:00-04:00,25.628269557420293,26.03604352982893,25.543636559001055,25.94371795654297,32396900,0.0,0.0
2017-09-26 00:00:00-04:00,25.974491119384766,26.236082688788095,25.905246205866913,25.974491119384766,26138300,0.0,0.0
2017-09-27 00:00:00-04:00,25.989873346705448,26.097586980129524,25.620568202833017,25.759057998657227,22594600,0.0,0.0
2017-09-28 00:00:00-04:00,25.559016612279997,25.743667700828855,25.559016612279997,25.659034729003906,15496900,0.0,0.0
2017-09-29 00:00:00-04:00,25.628268192130722,25.905244897233285,25.574411366001595,25.87447166442871,14802700,0.0,0.0
2017-10-02 00:00:00-04:00,25.859081324789223,25.982183050199765,25.789836420809756,25.966794967651367,16555200,0.0,0.0
2017-10-03 00:00:00-04:00,25.94371545828037,26.082205272361897,25.859082468010904,26.043733596801758,13346900,0.0,0.0
2017-10-04 00:00:00-04:00,26.020456300188833,26.043739366527593,25.834209531512847,25.950613021850586,14652200,0.29,0.0
2017-10-05 00:00:00-04:00,26.059257553863485,26.12909786417066,25.927330060270776,26.0670166015625,14524800,0.0,0.0
2017-10-06 00:00:00-04:00,26.113575063801058,26.21445746740533,26.012689699858633,26.191177368164062,15464700,0.0,0.0
2017-10-09 00:00:00-04:00,26.206706100710644,26.29982948530273,26.082540601141524,26.198944091796875,8728400,0.0,0.0
2017-10-10 00:00:00-04:00,26.29206362961481,26.31534372965077,25.973889434324228,26.03597068786621,18011000,0.0,0.0
2017-10-11 00:00:00-04:00,25.904049956835053,26.098058713035922,25.80316457471577,26.0670166015625,12561400,0.0,0.0
2017-10-12 00:00:00-04:00,25.81092071533203,25.966128294879443,25.741077452552613,25.81092071533203,17905600,0.0,0.0
2017-10-13 00:00:00-04:00,25.919562385690593,26.051486875035817,25.857478183407405,25.97388458251953,13578800,0.0,0.0
2017-10-16 00:00:00-04:00,26.074767972093444,26.105810074427172,25.973885580015548,26.028207778930664,10509100,0.0,0.0
2017-10-17 00:00:00-04:00,26.06701664808792,26.129097910806887,25.966131265788572,26.07477569580078,9303100,0.0,0.0
2017-10-18 00:00:00-04:00,26.16789816219259,26.19117826222855,25.950606373950013,26.03597068786621,9971200,0.0,0.0
2017-10-19 00:00:00-04:00,26.00492769321944,26.299821778407527,25.9583674947369,26.191177368164062,13203100,0.0,0.0
2017-10-20 00:00:00-04:00,26.40070735285442,26.68783943369274,26.392945346153336,26.579195022583008,24361400,0.0,0.0
2017-10-23 00:00:00-04:00,26.734406500417702,26.912894196234266,26.59471996276324,26.656801223754883,22632000,0.0,0.0
2017-10-24 00:00:00-04:00,26.69560247879364,26.905129302462154,26.57919605645487,26.835289001464844,16280200,0.0,0.0
2017-10-25 00:00:00-04:00,26.951691456361413,26.951691456361413,26.509351804544266,26.617996215820312,17400900,0.0,0.0
2017-10-26 00:00:00-04:00,26.703363355888456,26.780965669208165,26.439511346127556,26.59471893310547,14616100,0.0,0.0
2017-10-27 00:00:00-04:00,26.501596567964008,26.866331006775614,26.45503340200698,26.71888542175293,20356600,0.0,0.0
2017-10-30 00:00:00-04:00,26.486078246066995,26.68008701706884,26.245506304302694,26.416234970092773,18345100,0.0,0.0
2017-10-31 00:00:00-04:00,26.36965947207827,26.571430157386498,26.354138422413207,26.5015869140625,13935100,0.0,0.0
2017-11-01 00:00:00-04:00,26.610241087653687,26.967216480219935,26.60247907979781,26.866331100463867,22051300,0.0,0.0
2017-11-02 00:00:00-04:00,26.812004905066267,26.88184816370388,26.509351771082684,26.548152923583984,19827600,0.0,0.0
2017-11-03 00:00:00-04:00,26.602475181784587,26.765444759153553,26.40846645855608,26.749923706054688,13414400,0.0,0.0
2017-11-06 00:00:00-05:00,26.672319403911562,26.819767933507215,26.586955088953722,26.70336151123047,12786900,0.0,0.0
2017-11-07 00:00:00-05:00,26.633510590813678,26.757676024044194,26.54814630040443,26.695594787597656,11332900,0.0,0.0
2017-11-08 00:00:00-05:00,26.625772511950345,26.773218154907227,26.478323908653692,26.773218154907227,13061300,0.0,0.0
2017-11-09 00:00:00-05:00,26.61024378736581,26.63352389261806,26.28430751213972,26.423994064331055,16785000,0.0,0.0
2017-11-10 00:00:00-05:00,26.431755995844814,26.45503610102913,26.129099826754143,26.37743377685547,19319400,0.0,0.0
2017-11-13 00:00:00-05:00,26.276542695048363,26.548153731157825,26.253262594907056,26.346385955810547,16441500,0.0,0.0
2017-11-14 00:00:00-05:00,26.27654841814433,26.509358351278763,26.22998524738188,26.416234970092773,17468500,0.0,0.0
2017-11-15 00:00:00-05:00,26.361904226784652,26.625756188442857,26.191175616200532,26.470548629760742,30829600,0.0,0.0
2017-11-16 00:00:00-05:00,27.9682988441608,28.457198705620094,27.805332223674366,27.844133377075195,61177100,0.0,0.0
2017-11-17 00:00:00-05:00,27.859661102294922,28.185594421321834,27.789817825312163,27.859661102294922,27988000,0.0,0.0
2017-11-20 00:00:00-05:00,27.882935740433997,28.356317529345585,27.882935740433997,28.325275421142578,26897800,0.0,0.0
2017-11-21 00:00:00-05:00,28.519281303258737,28.690009920953777,28.3873567971039,28.441679000854492,24146400,0.0,0.0
2017-11-22 00:00:00-05:00,28.480490645127183,28.496011703394075,28.21663857526838,28.286481857299805,17226400,0.0,0.0
2017-11-24 00:00:00-05:00,28.2554283042683,28.37959375980779,28.185585050506212,28.31751251220703,6155800,0.0,0.0
2017-11-27 00:00:00-05:00,28.33304029575835,28.783142076266895,28.325281247280852,28.61241340637207,20942200,0.0,0.0
2017-11-28 00:00:00-05:00,28.713295216017723,29.334122628620655,28.697774160660323,29.279800415039062,30966600,0.0,0.0
2017-11-29 00:00:00-05:00,29.295318512467535,29.5126073448544,28.891779994935995,29.08578872680664,36788600,0.0,0.0
2017-11-30 00:00:00-05:00,29.194433081780605,29.33411960526162,28.946102142333984,28.946102142333984,30749500,0.0,0.0
2017-12-01 00:00:00-05:00,28.783138473532247,29.22547818985743,28.503765397887165,29.17891502380371,26920900,0.0,0.0
2017-12-04 00:00:00-05:00,29.34187694202997,29.4815634432774,29.13234719015882,29.27203369140625,29414400,0.0,0.0
2017-12-05 00:00:00-05:00,29.287556457946767,29.349637706393786,28.845213871198467,28.953861236572266,23288200,0.0,0.0
2017-12-06 00:00:00-05:00,29.00042342387177,29.272037415447144,28.907300064638775,29.031465530395508,16581800,0.0,0.0
2017-12-07 00:00:00-05:00,28.915068564546303,29.318607200272503,28.915068564546303,29.02371597290039,17092000,0.0,0.0
2017-12-08 00:00:00-05:00,29.171153064240166,29.248755372910978,29.03922558709381,29.186674118041992,14044400,0.0,0.0
2017-12-11 00:00:00-05:00,29.17115229117309,29.52036859161376,29.15563123778259,29.458284378051758,16749500,0.0,0.0
2017-12-12 00:00:00-05:00,29.326357923624904,29.566926834408783,29.14787026195562,29.41948127746582,16658600,0.0,0.0
2017-12-13 00:00:00-05:00,29.559164996722174,29.776453788608798,29.48932174785322,29.605728149414062,20199500,0.0,0.0
2017-12-14 00:00:00-05:00,29.644533970063467,29.69885617659923,29.37291997704643,29.411724090576172,16738300,0.0,0.0
2017-12-15 00:00:00-05:00,29.4970856350942,29.706615416095474,29.256516707541007,29.63677215576172,47167700,0.0,0.0
2017-12-18 00:00:00-05:00,29.861827850341797,30.180002096904566,29.72214130693973,29.861827850341797,21591400,0.0,0.0
2017-12-19 00:00:00-05:00,30.00151627756398,30.15672388668286,29.706622116271994,29.722143173217773,19695200,0.0,0.0
2017-12-20 00:00:00-05:00,29.869587978542633,30.110156930108296,29.652296168960635,30.063596725463867,18939500,0.0,0.0
2017-12-21 00:00:00-05:00,30.1722450075459,30.257609340759068,29.869591797309337,29.900630950927734,16387500,0.0,0.0
2017-12-22 00:00:00-05:00,29.89286331874485,30.063591936145738,29.85406216760958,29.9161434173584,11441600,0.0,0.0
2017-12-26 00:00:00-05:00,29.91615006607163,30.017035449715063,29.76870447485333,29.861827850341797,8186100,0.0,0.0
2017-12-27 00:00:00-05:00,29.908394805100713,29.993759143581336,29.838551524556486,29.92391586303711,10543000,0.0,0.0
2017-12-28 00:00:00-05:00,30.055837580722446,30.055837580722446,29.83854871078146,29.947193145751953,8807700,0.0,0.0
2017-12-29 00:00:00-05:00,29.807507506250104,29.97047416367242,29.722143173217773,29.722143173217773,12583600,0.0,0.0
2018-01-02 00:00:00-05:00,30.009264975756896,30.226556737715583,29.823018277321328,30.156713485717773,20135700,0.0,0.0
2018-01-03 00:00:00-05:00,30.04807589729948,30.482653599066964,29.900627353909595,30.397289276123047,29536000,0.0,0.0
2018-01-04 00:00:00-05:00,30.53020484584334,30.91329964509242,30.436386867781835,30.48329734802246,20731400,0.29,0.0
2018-01-05 00:00:00-05:00,30.921112441115362,31.17911557438102,30.78038400159216,30.905475616455078,24588200,0.0,0.0
2018-01-08 00:00:00-05:00,30.897652691488883,31.241653819912845,30.764741198912706,31.226016998291016,16582000,0.0,0.0
2018-01-09 00:00:00-05:00,31.108743643716902,31.241652146756348,30.91328785753987,31.030559539794922,21449800,0.0,0.0
2018-01-10 00:00:00-05:00,30.999297201624483,31.460573100116907,30.983660376642774,31.20256996154785,19473000,0.0,0.0
2018-01-11 00:00:00-05:00,31.382393649738937,31.437121054117068,31.07748297322653,31.351119995117188,21685600,0.0,0.0
2018-01-12 00:00:00-05:00,31.444937770124003,32.00003166247813,31.312026242670175,31.953121185302734,23770500,0.0,0.0
2018-01-16 00:00:00-05:00,31.97657289713608,32.17984563482483,31.523113969525586,31.69511604309082,32845000,0.0,0.0
2018-01-17 00:00:00-05:00,31.929667521218555,32.30494239234198,31.828029644949847,32.211124420166016,24427100,0.0,0.0
2018-01-18 00:00:00-05:00,32.242387716719826,32.43002360081054,32.07820259011719,32.2892951965332,19610200,0.0,0.0
2018-01-19 00:00:00-05:00,32.2736627938814,32.46130168607748,32.13293437033909,32.2814826965332,24582000,0.0,0.0
2018-01-22 00:00:00-05:00,32.21110572417474,32.570743560791016,32.070377356382664,32.570743560791016,22995100,0.0,0.0
2018-01-23 00:00:00-05:00,32.47693767505172,32.93821349983644,32.47693767505172,32.914756774902344,23984500,0.0,0.0
2018-01-24 00:00:00-05:00,32.99294678039338,33.376038561189084,32.8443984314804,32.96949005126953,26696200,0.0,0.0
2018-01-25 00:00:00-05:00,33.04766992299843,33.2040351732088,32.695848855629855,32.75839614868164,19207500,0.0,0.0
2018-01-26 00:00:00-05:00,32.95384761053574,33.27439498901367,32.79748238099118,33.27439498901367,23380400,0.0,0.0
2018-01-29 00:00:00-05:00,33.07112314126086,33.60276319407818,33.07112314126086,33.50112533569336,23625900,0.0,0.0
2018-01-30 00:00:00-05:00,33.3760485838456,33.50896014739517,32.81313761696495,33.032047271728516,28993900,0.0,0.0
2018-01-31 00:00:00-05:00,32.82094518377186,32.844398930832824,32.32839561855511,32.47694396972656,36512100,0.0,0.0
2018-02-01 00:00:00-05:00,32.125126542661405,32.92258684097116,31.79675913398334,32.6020393371582,26148500,0.0,0.0
2018-02-02 00:00:00-05:00,32.44566186068871,32.797482886987154,31.95311242387089,32.000022888183594,27224200,0.0,0.0
2018-02-05 00:00:00-05:00,31.953121915746234,32.37530727271718,30.27220337453319,30.319110870361328,52399600,0.0,0.0
2018-02-06 00:00:00-05:00,29.967282479133637,31.51529194316341,29.201093175069097,31.405834197998047,55171600,0.0,0.0
2018-02-07 00:00:00-05:00,31.515303575664255,32.21894287407633,31.29639098695009,31.53875732421875,32690800,0.0,0.0
2018-02-08 00:00:00-05:00,31.61694222331934,31.86712551229836,30.27220779066212,30.311298370361328,42982100,0.0,0.0
2018-02-09 00:00:00-05:00,30.491110201425286,31.210386241282237,29.889105872891438,30.905475616455078,51304200,0.0,0.0
2018-02-12 00:00:00-05:00,31.679488675426562,31.984399364178138,31.452759143947702,31.742033004760742,38210700,0.0,0.0
2018-02-13 00:00:00-05:00,31.663842729735588,32.297120658001184,31.44493316647203,32.23457336425781,30999100,0.0,0.0
2018-02-14 00:00:00-05:00,32.08602665046522,33.03984898012779,32.04693608474789,32.90694046020508,43835900,0.0,0.0
2018-02-15 00:00:00-05:00,35.23677966376819,35.283690140459896,33.821678265640216,34.46277618408203,72267500,0.0,0.0
2018-02-16 00:00:00-05:00,34.314221875337445,35.252410369361215,34.236040743510046,34.658226013183594,39267500,0.0,0.0
2018-02-20 00:00:00-05:00,34.40021783427193,34.93967472209324,34.25167251274917,34.44712829589844,29006900,0.0,0.0
2018-02-21 00:00:00-05:00,34.48622539264673,34.72858870094207,33.83731063803337,33.86076736450195,28499200,0.0,0.0
2018-02-22 00:00:00-05:00,34.0015003035552,34.05622770187565,33.42294968677106,33.571495056152344,25887600,0.0,0.0
2018-02-23 00:00:00-05:00,33.907677058994686,34.431500242064594,33.55585596326405,34.40022659301758,25781400,0.0,0.0
2018-02-26 00:00:00-05:00,34.63477103300075,35.53386900641779,34.50186250571291,35.463504791259766,27771100,0.0,0.0
2018-02-27 00:00:00-05:00,35.50259546791845,35.65896072235081,34.88495435324113,35.213321685791016,27419300,0.0,0.0
2018-02-28 00:00:00-05:00,35.39313880175954,35.877868380536846,35.01004409790039,35.01004409790039,26885200,0.0,0.0
2018-03-01 00:00:00-05:00,34.93187142689009,35.182054688302216,33.892044823429906,34.243865966796875,32154300,0.0,0.0
2018-03-02 00:00:00-05:00,33.84512412590845,34.572219877817226,33.69657582196712,34.44712829589844,28848100,0.0,0.0
2018-03-05 00:00:00-05:00,34.33768589025109,35.00223763925541,34.165686752294825,34.80678176879883,22101700,0.0,0.0
2018-03-06 00:00:00-05:00,34.90841766901454,35.01787247305127,34.50968604582962,34.62696075439453,21930000,0.0,0.0
2018-03-07 00:00:00-05:00,34.42368331988175,34.70514022084204,34.24386429591703,34.55659484863281,22034400,0.0,0.0
2018-03-08 00:00:00-05:00,34.59568192445196,34.72077353640744,34.35331562147977,34.666046142578125,20285600,0.0,0.0
2018-03-09 00:00:00-05:00,34.884949898825276,35.604228784402686,34.877132979190414,35.471317291259766,22230900,0.0,0.0
2018-03-12 00:00:00-04:00,35.59641609262462,35.862236150335185,35.494781204690725,35.61205291748047,18299800,0.0,0.0
2018-03-13 00:00:00-04:00,35.791873831650875,36.08896755486049,35.11950523921732,35.30714416503906,23411200,0.0,0.0
2018-03-14 00:00:00-04:00,35.44788476682485,35.77624927156562,35.25242885235899,35.40097427368164,21141100,0.0,0.0
2018-03-15 00:00:00-04:00,35.41659530515302,35.76059946989957,35.275866870923835,35.4400520324707,23520400,0.0,0.0
2018-03-16 00:00:00-04:00,35.440035942664444,35.65112551575413,35.15857920198768,35.189849853515625,56129000,0.0,0.0
2018-03-19 00:00:00-04:00,34.86150757441464,35.04132660909384,34.32205047037704,34.611324310302734,26734100,0.0,0.0
2018-03-20 00:00:00-04:00,34.783316019465865,34.90058771183248,34.54094975003799,34.68949508666992,22809700,0.0,0.0
2018-03-21 00:00:00-04:00,34.58787360574321,35.10387700619541,34.50187254193118,34.642601013183594,22528200,0.0,0.0
2018-03-22 00:00:00-04:00,34.21257154739157,34.41584718791833,33.634024224946316,33.67311477661133,29520800,0.0,0.0
2018-03-23 00:00:00-04:00,34.17349649037167,34.275134356718794,33.16494369506836,33.16494369506836,31759200,0.0,0.0
2018-03-26 00:00:00-04:00,33.81385048482411,34.525309416190716,33.48548620069425,34.44712829589844,29731900,0.0,0.0
2018-03-27 00:00:00-04:00,34.783334569328225,34.80678832382561,33.02423140393393,33.36823272705078,30942000,0.0,0.0
2018-03-28 00:00:00-04:00,33.23529186681751,33.493294868575596,32.539469927411034,32.570743560791016,36696800,0.0,0.0
2018-03-29 00:00:00-04:00,32.78966182057546,33.56366805094418,32.50820799195092,33.53239440917969,55021200,0.0,0.0
2018-04-02 00:00:00-04:00,33.243127341921316,33.3291283828018,31.687297650112605,32.06257247924805,36791800,0.0,0.0
2018-04-03 00:00:00-04:00,32.3205711438785,32.4456627363363,31.835841595906892,32.351844787597656,28003900,0.0,0.0
2018-04-04 00:00:00-04:00,31.831700935960846,32.74590664991403,31.674078639128517,32.470069885253906,30117600,0.33,0.0
2018-04-05 00:00:00-04:00,32.70649999972635,33.116316746032496,32.61192782946957,32.95869445800781,29331600,0.0,0.0
2018-04-06 00:00:00-04:00,32.627689348945715,32.84835874151257,31.878985758800333,32.09965515136719,32208700,0.0,0.0
2018-04-09 00:00:00-04:00,32.273033178257556,33.147833809718904,32.23362836735453,32.446414947509766,25725800,0.0,0.0
2018-04-10 00:00:00-04:00,33.1793666327137,33.660113298523555,32.90352986039428,33.50249099731445,22724400,0.0,0.0
2018-04-11 00:00:00-04:00,33.43155128525283,33.80984589951726,33.30545408262951,33.43943405151367,21693000,0.0,0.0
2018-04-12 00:00:00-04:00,33.71527445002943,34.39304811605459,33.675869633575715,34.1566162109375,22297000,0.0,0.0
2018-04-13 00:00:00-04:00,34.322119439792004,34.47186195648642,33.60494093232393,33.8886604309082,18272300,0.0,0.0
2018-04-16 00:00:00-04:00,33.98324320325079,34.3930600506468,33.9123133064631,34.12510299682617,15807900,0.0,0.0
2018-04-17 00:00:00-04:00,34.55854134953901,35.267839890680136,34.44820668900462,35.14174270629883,21474600,0.0,0.0
2018-04-18 00:00:00-04:00,35.15751627979284,35.40182796021964,34.91320159297106,35.17327880859375,17605300,0.0,0.0
2018-04-19 00:00:00-04:00,35.00777295765874,35.425472445329774,34.97625090717376,35.11811065673828,21472300,0.0,0.0
2018-04-20 00:00:00-04:00,35.0708202135521,35.26784729340352,34.377284050684615,34.74769592285156,23539200,0.0,0.0
2018-04-23 00:00:00-04:00,34.88167431636577,35.055059115750986,34.57431254028816,34.87379455566406,20716800,0.0,0.0
2018-04-24 00:00:00-04:00,35.01564100802437,35.39393251240244,34.14872335295715,34.47184753417969,21421500,0.0,0.0
2018-04-25 00:00:00-04:00,34.51914535684368,34.66888786842592,33.69163218515394,34.44821548461914,21706000,0.0,0.0
2018-04-26 00:00:00-04:00,34.66100154045504,35.06293844390006,34.23542235082896,34.84226608276367,20549300,0.0,0.0
2018-04-27 00:00:00-04:00,35.22055796922992,35.732829554054355,34.9604838000197,35.23632049560547,20077400,0.0,0.0
2018-04-30 00:00:00-04:00,35.401825305080756,35.60673515772947,34.89743644686045,34.90531921386719,19958500,0.0,0.0
2018-05-01 00:00:00-04:00,34.60583704961507,35.42547044381356,34.542789945812345,35.33089828491211,16865500,0.0,0.0
2018-05-02 00:00:00-04:00,35.39394612486799,35.50428081361363,34.519145369249244,34.56643295288086,23601600,0.0,0.0
2018-05-03 00:00:00-04:00,34.68464982508478,35.31513895863338,34.235428271588155,35.023536682128906,23750200,0.0,0.0
2018-05-04 00:00:00-04:00,34.68464866691688,35.85893148222549,34.59795927002387,35.70130920410156,19504100,0.0,0.0
2018-05-07 00:00:00-04:00,35.748603777111946,36.252992760583744,35.70131618251315,36.04020309448242,17822400,0.0,0.0
2018-05-08 00:00:00-04:00,36.11112553834679,36.15053035585749,35.764358935299796,36.02443313598633,20285300,0.0,0.0
2018-05-09 00:00:00-04:00,36.17418067395244,36.33179996587933,35.61462136458898,36.284515380859375,20438300,0.0,0.0
2018-05-10 00:00:00-04:00,36.252974742996095,36.544573915442925,35.99289761155331,36.48940658569336,18469400,0.0,0.0
2018-05-11 00:00:00-04:00,36.32391980680115,36.465779573100974,36.079605096752516,36.19782257080078,17551500,0.0,0.0
2018-05-14 00:00:00-04:00,36.05595296853977,36.434244573344,35.99290286454185,36.01654815673828,22037700,0.0,0.0
2018-05-15 00:00:00-04:00,35.63037295020964,35.89832987312839,35.40970360418045,35.843162536621094,24753600,0.0,0.0
2018-05-16 00:00:00-04:00,35.748591339788675,35.89833082766228,35.47275164352326,35.59096908569336,31253700,0.0,0.0
2018-05-17 00:00:00-04:00,33.991119763795474,34.802870540438185,33.904427349514165,34.25119400024414,48210400,0.0,0.0
2018-05-18 00:00:00-04:00,34.2511804856825,34.33787286575741,33.97534382762058,34.05415344238281,24456000,0.0,0.0
2018-05-21 00:00:00-04:00,34.274837087671536,34.6294834775471,34.21966673145603,34.47974395751953,21785900,0.0,0.0
2018-05-22 00:00:00-04:00,34.511270832154956,34.6058430073379,34.26695612267084,34.400936126708984,16381800,0.0,0.0
2018-05-23 00:00:00-04:00,34.20390262127941,34.44033451828657,33.80196569061203,34.4245719909668,20638800,0.0,0.0
2018-05-24 00:00:00-04:00,34.36152146840616,34.65312371072261,33.896537440446956,34.3378791809082,18377500,0.0,0.0
2018-05-25 00:00:00-04:00,34.251185338083054,34.37728254340341,34.054158266870346,34.093563079833984,15362000,0.0,0.0
2018-05-29 00:00:00-04:00,33.69950430592894,34.01474877910157,33.51036002714064,33.86500930786133,25197400,0.0,0.0
2018-05-30 00:00:00-04:00,33.95169903059566,34.15660581764209,33.754672001884394,33.77043151855469,22498800,0.0,0.0
2018-05-31 00:00:00-04:00,33.77832411312235,33.99111372682175,33.58129702707417,33.66010665893555,31439600,0.0,0.0
2018-06-01 00:00:00-04:00,33.817732161912616,34.432455767102084,33.79408987137303,34.4088134765625,18352700,0.0,0.0
2018-06-04 00:00:00-04:00,34.2827102398795,34.54278741580312,34.05415811674562,34.345760345458984,18087700,0.0,0.0
2018-06-05 00:00:00-04:00,34.47185735698879,34.479737116944804,34.19601765621654,34.41668701171875,16728800,0.0,0.0
2018-06-06 00:00:00-04:00,34.48761775698243,34.92107972548674,34.408808129833226,34.88167190551758,17730200,0.0,0.0
2018-06-07 00:00:00-04:00,34.86592024708505,34.984134714464915,34.16450117915876,34.400936126708984,19722000,0.0,0.0
2018-06-08 00:00:00-04:00,34.29847375364845,34.46397577596726,34.13297173132963,34.26694869995117,18812400,0.0,0.0
2018-06-11 00:00:00-04:00,34.37728961943151,34.61372155227368,34.23542985844718,34.432456970214844,15069000,0.0,0.0
2018-06-12 00:00:00-04:00,34.42457540658854,34.63736503692647,34.25907336290181,34.62948226928711,17564900,0.0,0.0
2018-06-13 00:00:00-04:00,34.69252174227196,35.09445558312434,34.55066203223134,34.68463897705078,24383200,0.0,0.0
2018-06-14 00:00:00-04:00,34.85802530158717,35.31512950034631,34.71616558517186,35.22055435180664,24020500,0.0,0.0
2018-06-15 00:00:00-04:00,34.96048695535667,35.09446393204905,34.35364316390317,34.87379455566406,49379800,0.0,0.0
2018-06-18 00:00:00-04:00,34.574309149265154,35.0077680988201,34.19601753839569,34.84226608276367,17625400,0.0,0.0
2018-06-19 00:00:00-04:00,34.37728222319956,34.69252673676139,34.23542249273618,34.53490447998047,22199200,0.0,0.0
2018-06-20 00:00:00-04:00,34.63734950364629,34.668874547276204,34.440322490549775,34.47184753417969,21276500,0.0,0.0
2018-06-21 00:00:00-04:00,34.43245556153314,34.503385439123456,33.93594942479591,34.0147590637207,20924400,0.0,0.0
2018-06-22 00:00:00-04:00,34.1566184176805,34.24331082331645,33.801969033894785,34.04628372192383,27460000,0.0,0.0
2018-06-25 00:00:00-04:00,33.64434308655127,33.74679800990539,32.950809929801686,33.3291015625,28626700,0.0,0.0
2018-06-26 00:00:00-04:00,33.47884068487391,33.998992049790516,33.40791081664007,33.53400802612305,22171200,0.0,0.0
2018-06-27 00:00:00-04:00,33.67587159175553,34.006878683282636,33.32122221026041,33.36063003540039,20794800,0.0,0.0
2018-06-28 00:00:00-04:00,33.36062984739161,34.03840054261321,33.32122202247371,33.841373443603516,22197700,0.0,0.0
2018-06-29 00:00:00-04:00,33.928062637059604,34.28271198299016,33.86501553466898,33.91230010986328,20522900,0.0,0.0
2018-07-02 00:00:00-04:00,33.54188743177223,33.754677015151316,33.25816798726678,33.738914489746094,21810900,0.0,0.0
2018-07-03 00:00:00-04:00,33.841375455779826,34.06992762575536,33.58918099456376,33.62858581542969,13474700,0.0,0.0
2018-07-05 00:00:00-04:00,33.803321838378906,33.8668603394622,33.326769446032905,33.803321838378906,18118700,0.33,0.0
2018-07-06 00:00:00-04:00,33.66829100508547,34.05747523110906,33.604752516448244,33.92245101928711,20258300,0.0,0.0
2018-07-09 00:00:00-04:00,33.9542199207487,33.97804647395572,33.64446260975266,33.89067840576172,23210000,0.0,0.0
2018-07-10 00:00:00-04:00,34.049529004012946,34.18455320781512,33.922449004460056,34.041587829589844,20224600,0.0,0.0
2018-07-11 00:00:00-04:00,33.80332286139531,33.96217063382435,33.70801056214542,33.81126403808594,17721600,0.0,0.0
2018-07-12 00:00:00-04:00,33.962168180881335,34.653168666313256,33.954227004764256,34.61345672607422,17999500,0.0,0.0
2018-07-13 00:00:00-04:00,34.56580551124769,34.77230944784781,32.51663638043739,33.183807373046875,50831300,0.0,0.0
2018-07-16 00:00:00-04:00,33.398258846405525,34.105141855393164,33.35854689654182,33.755672454833984,24468000,0.0,0.0
2018-07-17 00:00:00-04:00,33.525332342131264,33.763607024504815,33.46973501723833,33.62858581542969,21188400,0.0,0.0
2018-07-18 00:00:00-04:00,33.54915535959495,33.731832681292495,33.47767266590231,33.525325775146484,20364000,0.0,0.0
2018-07-19 00:00:00-04:00,33.99394140308082,34.16073338204148,33.53327740930941,33.67624282836914,24498800,0.0,0.0
2018-07-20 00:00:00-04:00,33.5650368479023,33.65240491904253,33.24733835173252,33.36647415161133,20732100,0.0,0.0
2018-07-23 00:00:00-04:00,33.29500271636401,33.45385353306746,32.91376257417213,33.40620040893555,15656500,0.0,0.0
2018-07-24 00:00:00-04:00,33.533279408072744,34.057484965928175,33.41414054181264,33.66830062866211,17493900,0.0,0.0
2018-07-25 00:00:00-04:00,33.64447644692062,34.32753286482445,33.58887911335426,34.279876708984375,20658300,0.0,0.0
2018-07-26 00:00:00-04:00,34.61346070216704,34.812023455998215,34.327529851877806,34.57374572753906,23518700,0.0,0.0
2018-07-27 00:00:00-04:00,34.359296124551065,34.645226962646625,33.692125178937104,33.81126403808594,22050900,0.0,0.0
2018-07-30 00:00:00-04:00,33.72389813243056,33.843036999305845,33.42208492138042,33.49356460571289,15300400,0.0,0.0
2018-07-31 00:00:00-04:00,33.54915144312636,33.8509645325276,33.29498842758034,33.588863372802734,20900300,0.0,0.0
2018-08-01 00:00:00-04:00,33.35060992131452,33.62859663521965,32.826404239502025,33.24735641479492,21650000,0.0,0.0
2018-08-02 00:00:00-04:00,32.87404955243283,33.835092568811824,32.72314294790441,33.77949523925781,18033200,0.0,0.0
2018-08-03 00:00:00-04:00,33.922460370590706,34.05748461963439,33.72389761539433,34.01777267456055,13394300,0.0,0.0
2018-08-06 00:00:00-04:00,33.93834844423969,34.47843942356286,33.88275111076473,34.39107131958008,14345800,0.0,0.0
2018-08-07 00:00:00-04:00,34.39106440704732,34.66110984243033,34.34341129069121,34.61345672607422,18040500,0.0,0.0
2018-08-08 00:00:00-04:00,34.661114550190334,34.91527463803303,34.50226373783184,34.81996536254883,13917100,0.0,0.0
2018-08-09 00:00:00-04:00,34.85967262145439,35.03440879453896,34.708766036407525,34.77230453491211,14098900,0.0,0.0
2018-08-10 00:00:00-04:00,34.700821830452675,34.90732876770296,34.61345677373723,34.77230453491211,14322100,0.0,0.0
2018-08-13 00:00:00-04:00,35.01058603858043,35.256801913037364,34.70876980588172,34.74848175048828,18113200,0.0,0.0
2018-08-14 00:00:00-04:00,34.819952929919964,35.169422168467214,34.61344906846617,34.9470329284668,15981300,0.0,0.0
2018-08-15 00:00:00-04:00,34.67699515679276,35.34416605291731,34.16073084521268,34.835845947265625,27902200,0.0,0.0
2018-08-16 00:00:00-04:00,36.352863583621264,36.607023625928456,35.8048315604889,35.868370056152344,48648500,0.0,0.0
2018-08-17 00:00:00-04:00,35.820708045675524,36.59907645632289,35.67774266656284,36.432281494140625,23153900,0.0,0.0
2018-08-20 00:00:00-04:00,36.527607805432076,36.79765328867311,36.360812779145434,36.71028518676758,19288500,0.0,0.0
2018-08-21 00:00:00-04:00,36.73410826074465,36.87707368122668,36.313156205895915,36.360809326171875,18617300,0.0,0.0
2018-08-22 00:00:00-04:00,36.49582476095262,36.66261670131437,36.31314744105742,36.52759552001953,13202900,0.0,0.0
2018-08-23 00:00:00-04:00,36.440238901373945,36.73411094054667,36.416409309670485,36.55143356323242,15379000,0.0,0.0
2018-08-24 00:00:00-04:00,36.69438649487949,36.8850049846127,36.591133045542016,36.789695739746094,15575200,0.0,0.0
2018-08-27 00:00:00-04:00,36.93267149414052,37.2186023388675,36.80559145535377,37.004154205322266,17209900,0.0,0.0
2018-08-28 00:00:00-04:00,37.15505299237404,37.544237233606715,37.02797298030701,37.290077209472656,19147300,0.0,0.0
2018-08-29 00:00:00-04:00,37.385390115315644,37.822227510130745,37.250368914845815,37.71103286743164,20220600,0.0,0.0
2018-08-30 00:00:00-04:00,37.576008847962626,37.758686180096014,37.305963437455326,37.44892883300781,16238500,0.0,0.0
2018-08-31 00:00:00-04:00,37.2583080577909,37.989020431097906,37.17093997762985,37.94136428833008,24904200,0.0,0.0
2018-09-04 00:00:00-04:00,37.99695592720949,38.17169206141364,37.734851725903276,37.90958786010742,19122200,0.0,0.0
2018-09-05 00:00:00-04:00,37.774576362090016,37.84605906895218,37.139173176725485,37.54424285888672,20818100,0.0,0.0
2018-09-06 00:00:00-04:00,37.6792612655577,38.044618978932064,37.385389283558645,37.552181243896484,16537600,0.0,0.0
2018-09-07 00:00:00-04:00,37.33773225911716,37.718975344940766,37.23448182695713,37.369503021240234,17229700,0.0,0.0
2018-09-10 00:00:00-04:00,37.56806858666249,37.69514861495822,37.155057737244654,37.38539123535156,16597200,0.0,0.0
2018-09-11 00:00:00-04:00,37.258313167742784,37.46481708840537,36.88501423943029,37.35362243652344,17291500,0.0,0.0
2018-09-12 00:00:00-04:00,37.2185898293927,37.337725621435006,36.88500294605682,37.24241638183594,16649400,0.0,0.0
2018-09-13 00:00:00-04:00,37.20271844981956,37.64750011835478,37.17094768138978,37.52042007446289,17972100,0.0,0.0
2018-09-14 00:00:00-04:00,37.544234192120264,37.718970330741854,37.40920998596006,37.64748764038086,13937000,0.0,0.0
2018-09-17 00:00:00-04:00,37.512469292937716,37.79045892323647,37.38538927131811,37.41716003417969,14430200,0.0,0.0
2018-09-18 00:00:00-04:00,37.38539108961839,37.846058084036464,37.38539108961839,37.69514846801758,16469600,0.0,0.0
2018-09-19 00:00:00-04:00,37.663375884121706,37.822226668654906,37.42510122223527,37.552181243896484,12721900,0.0,0.0
2018-09-20 00:00:00-04:00,37.65542786298839,37.97312937430026,37.45686517587501,37.90958786010742,17007800,0.0,0.0
2018-09-21 00:00:00-04:00,38.068449618267614,38.63236708549418,37.981081525914504,38.56882858276367,59664600,0.0,0.0
2018-09-24 00:00:00-04:00,38.290829610553445,38.616472311149685,38.274944231277246,38.473506927490234,21819300,0.0,0.0
2018-09-25 00:00:00-04:00,38.57676885471036,38.82298774285593,38.465574205169446,38.497344970703125,15810800,0.0,0.0
2018-09-26 00:00:00-04:00,38.71177685997665,38.965936818013105,38.33847809606187,38.44967269897461,20080100,0.0,0.0
2018-09-27 00:00:00-04:00,38.386138916015625,38.72766393963566,38.29082664773341,38.386138916015625,15910100,0.0,0.0
2018-09-28 00:00:00-04:00,38.338484613074925,38.7594365470365,38.171692680353495,38.64030075073242,15474300,0.0,0.0
2018-10-01 00:00:00-04:00,38.918294053607305,39.02948869470248,38.65618980260292,38.815040588378906,13669500,0.0,0.0
2018-10-02 00:00:00-04:00,38.71973509296661,39.02949248893802,38.65619356054836,38.926239013671875,15671600,0.0,0.0
2018-10-03 00:00:00-04:00,39.12479304273634,39.29158801326736,38.973886481597795,39.029483795166016,16737500,0.0,0.0
2018-10-04 00:00:00-04:00,38.885566547738094,38.99751298950748,38.41379007863013,38.68566131591797,22110900,0.33,0.0
2018-10-05 00:00:00-04:00,38.701642427604,39.06146929610255,38.06994135350648,38.48574447631836,19103300,0.0,0.0
2018-10-08 00:00:00-04:00,38.31782467861621,38.7816061753783,37.702119388559204,37.99797821044922,23791400,0.0,0.0
2018-10-09 00:00:00-04:00,38.005970088430765,38.40578042994697,37.806064917672664,37.9739875793457,17008400,0.0,0.0
2018-10-10 00:00:00-04:00,37.93401382008752,37.98998703821002,36.41473596341573,36.48670196533203,33055800,0.0,0.0
2018-10-11 00:00:00-04:00,36.35076220653224,36.46270863470338,35.119345396026915,35.27927017211914,36496300,0.0,0.0
2018-10-12 00:00:00-04:00,35.926963547988436,36.66261323540023,35.55114078793904,36.55066680908203,35424000,0.0,0.0
2018-10-15 00:00:00-04:00,36.398730713129474,36.55865544598198,35.719051361083984,35.719051361083984,26160500,0.0,0.0
2018-10-16 00:00:00-04:00,36.214831806422445,36.734583568602964,35.86299665323569,36.63862991333008,22669400,0.0,0.0
2018-10-17 00:00:00-04:00,36.69458912931391,36.96646025742578,36.158844787325826,36.73456954956055,17803400,0.0,0.0
2018-10-18 00:00:00-04:00,37.02243913307592,37.174369023745726,36.10287712515002,36.35075759887695,19044600,0.0,0.0
2018-10-19 00:00:00-04:00,36.30278868351837,36.94248476884626,36.086890682786795,36.25481033325195,21356300,0.0,0.0
2018-10-22 00:00:00-04:00,36.59864275224394,37.006447999946786,36.310778789013156,36.59064483642578,19195400,0.0,0.0
2018-10-23 00:00:00-04:00,36.10286886977667,36.59863275417892,35.535135963916176,36.318763732910156,21836200,0.0,0.0
2018-10-24 00:00:00-04:00,36.37474751198857,36.526674349077155,35.15132574905712,35.23928451538086,29588800,0.0,0.0
2018-10-25 00:00:00-04:00,35.67908502802639,36.63063588653959,35.35124056887198,36.3587646484375,27054500,0.0,0.0
2018-10-26 00:00:00-04:00,35.639095244270166,36.07089116511929,35.00739414343284,35.383216857910156,31806600,0.0,0.0
2018-10-29 00:00:00-04:00,35.89498314329652,36.02292237038219,34.33572171610061,35.055381774902344,28214200,0.0,0.0
2018-10-30 00:00:00-04:00,35.11934209989702,35.74304836308754,34.98340803567914,35.6470947265625,25924600,0.0,0.0
2018-10-31 00:00:00-04:00,36.022921609802964,37.02244775352842,35.89498238541858,36.58265686035156,26023700,0.0,0.0
2018-11-01 00:00:00-04:00,36.51867909269448,36.68660177258932,36.062895497932395,36.502689361572266,24662100,0.0,0.0
2018-11-02 00:00:00-04:00,36.558659118578426,36.854517921374956,35.96693846267448,36.36674880981445,25581300,0.0,0.0
2018-11-05 00:00:00-05:00,36.57466182746189,37.13439402516022,36.26280710977206,36.894508361816406,17525200,0.0,0.0
2018-11-06 00:00:00-05:00,36.81454059918867,37.2783190547933,36.782555036647345,37.18236541748047,15446700,0.0,0.0
2018-11-07 00:00:00-05:00,37.56618145023317,38.32582175219526,37.382269048757884,38.30183410644531,19990400,0.0,0.0
2018-11-08 00:00:00-05:00,38.27785128386398,38.73363494873047,38.27785128386398,38.73363494873047,21002000,0.0,0.0
2018-11-09 00:00:00-05:00,38.44576473882589,38.581698793742696,37.34228731820278,37.67013168334961,22015400,0.0,0.0
2018-11-12 00:00:00-05:00,37.694114785214175,37.7820735397055,36.414723038914495,36.47869110107422,25913500,0.0,0.0
2018-11-13 00:00:00-05:00,36.54266944571801,36.83053340818434,36.00692194883654,36.078887939453125,26196700,0.0,0.0
2018-11-14 00:00:00-05:00,36.35075858282536,36.49469056192904,35.24728414344525,35.44718933105469,36613500,0.0,0.0
2018-11-15 00:00:00-05:00,37.422245852656474,37.66213143786817,36.102873608836795,37.398258209228516,45983300,0.0,0.0
2018-11-16 00:00:00-05:00,37.15039013161377,37.614171765822476,36.8865167934321,37.06243133544922,31327400,0.0,0.0
2018-11-19 00:00:00-05:00,37.06242818921509,37.24634368393489,36.18284640286138,36.58265686035156,28370400,0.0,0.0
2018-11-20 00:00:00-05:00,35.91896844930252,36.21483037099385,35.29526513928262,35.57513427734375,28430600,0.0,0.0
2018-11-21 00:00:00-05:00,35.94296355574633,36.126876014570016,35.50317262809735,35.89498519897461,20117400,0.0,0.0
2018-11-23 00:00:00-05:00,35.54313488740307,36.078879204262364,35.49515655517118,35.6151008605957,9372900,0.0,0.0
2018-11-26 00:00:00-05:00,36.094891062207225,36.49470155789018,36.054910622701335,36.43872833251953,18275900,0.0,0.0
2018-11-27 00:00:00-05:00,36.34276130372502,37.0944036611036,36.15085099422895,36.87850570678711,21472700,0.0,0.0
2018-11-28 00:00:00-05:00,37.02244191739849,37.96599469236083,36.87850993136618,37.81406784057617,24293800,0.0,0.0
2018-11-29 00:00:00-05:00,37.50221006198656,38.189881265269285,37.50221006198656,37.854042053222656,22650800,0.0,0.0
2018-11-30 00:00:00-05:00,37.798072257662625,38.30982903660335,37.518203172090594,38.2778434753418,41619100,0.0,0.0
2018-12-03 00:00:00-05:00,38.637679837816535,39.01350261934804,38.44577253896197,38.9735221862793,24690100,0.0,0.0
2018-12-04 00:00:00-05:00,38.94153132123621,39.29336335480628,37.78208061813082,37.86204147338867,30802700,0.0,0.0
2018-12-06 00:00:00-05:00,37.57418202335563,38.74962250290845,37.158378849183926,38.69364929199219,40133000,0.0,0.0
2018-12-07 00:00:00-05:00,38.509732733350155,38.7736090281113,37.07041608552918,37.13438415527344,38298000,0.0,0.0
2018-12-10 00:00:00-05:00,37.022433831036714,37.68612040503702,36.63861630222026,37.47022247314453,28682000,0.0,0.0
2018-12-11 00:00:00-05:00,38.26984880340606,38.301834364829105,37.350283739515255,37.65414047241211,26048500,0.0,0.0
2018-12-12 00:00:00-05:00,38.31782104671652,38.541716908553944,37.87003542366323,37.91801071166992,23157200,0.0,0.0
2018-12-13 00:00:00-05:00,38.12592364985599,38.35781443620281,37.686132777678225,37.958003997802734,20051700,0.0,0.0
2018-12-14 00:00:00-05:00,37.07842080450181,37.27832603233548,36.4946979052649,36.63862991333008,27364500,0.0,0.0
2018-12-17 00:00:00-05:00,36.638623630714946,36.77456074849409,35.11134807396805,35.343238830566406,36610300,0.0,0.0
2018-12-18 00:00:00-05:00,35.62309748505684,35.67107581966037,34.967408830361194,35.231285095214844,30513800,0.0,0.0
2018-12-19 00:00:00-05:00,35.09535538324158,35.9189638067189,34.039856202565986,34.49563980102539,34820100,0.0,0.0
2018-12-20 00:00:00-05:00,34.37569381739755,34.56760106930871,33.48011647410954,33.97588348388672,38810900,0.0,0.0
2018-12-21 00:00:00-05:00,34.311725665323785,34.751516460133054,33.37617086820104,33.46412658691406,77915100,0.0,0.0
2018-12-24 00:00:00-05:00,33.34417625471559,33.43213499986143,32.18472589202171,32.20871353149414,24069400,0.0,0.0
2018-12-26 00:00:00-05:00,32.52857048080017,33.98387991796829,32.30467765979305,33.95989227294922,33335900,0.0,0.0
2018-12-27 00:00:00-05:00,33.49611210072685,34.32771839719222,32.90439446500762,34.31172561645508,28404100,0.0,0.0
2018-12-28 00:00:00-05:00,34.51961442607638,34.80747828499653,33.95188462115612,34.19976806640625,22447300,0.0,0.0
2018-12-31 00:00:00-05:00,34.535610679644535,34.82347456755509,34.295725123155854,34.647560119628906,20581200,0.0,0.0
2019-01-02 00:00:00-05:00,33.80796811907992,34.54362087760623,33.751994904337984,34.34371566772461,23833500,0.0,0.0
2019-01-03 00:00:00-05:00,34.08584828864896,34.17448810386714,33.00606004440096,33.09469985961914,29606700,0.33,0.0
2019-01-04 00:00:00-05:00,33.723230633284246,34.64991565359134,33.46537104177647,34.58544921875,27515000,0.0,0.0
2019-01-07 00:00:00-05:00,34.537097020709965,35.173689131710255,34.45651398986468,34.819129943847656,19488100,0.0,0.0
2019-01-08 00:00:00-05:00,35.10923779985727,35.40738745733314,34.73050507689492,35.10118103027344,22071400,0.0,0.0
2019-01-09 00:00:00-05:00,35.35097959399545,35.35097959399545,34.78691045132518,34.90778350830078,22640000,0.0,0.0
2019-01-10 00:00:00-05:00,34.738562498345274,34.88360893217828,34.31148303979778,34.843318939208984,23277600,0.0,0.0
2019-01-11 00:00:00-05:00,34.738556049616015,35.08505545790213,34.5612764247453,35.04476547241211,17378400,0.0,0.0
2019-01-14 00:00:00-05:00,34.71437661464127,34.964176325440846,34.64991018996504,34.819129943847656,16243600,0.0,0.0
2019-01-15 00:00:00-05:00,34.915842069844025,35.48796796081073,34.77079563636945,35.47185134887695,17744100,0.0,0.0
2019-01-16 00:00:00-05:00,35.55242222012801,35.649121866940014,35.26232942754925,35.423492431640625,17262500,0.0,0.0
2019-01-17 00:00:00-05:00,35.3509779711378,35.88281386434231,35.294571366853184,35.62495422363281,18826200,0.0,0.0
2019-01-18 00:00:00-05:00,35.842524749000326,36.54358047221528,35.70553815636511,36.28572082519531,24416500,0.0,0.0
2019-01-22 00:00:00-05:00,36.16484589777715,36.4549387294754,35.761939870180484,36.08426284790039,21338400,0.0,0.0
2019-01-23 00:00:00-05:00,36.37435778058502,36.97066008839935,36.27766118907675,36.63221740722656,24770400,0.0,0.0
2019-01-24 00:00:00-05:00,36.76920269908137,36.86589927911339,36.44687666706949,36.75308609008789,17360600,0.0,0.0
2019-01-25 00:00:00-05:00,37.164051669160216,37.599190923081096,37.027065093256844,37.17211151123047,24196600,0.0,0.0
2019-01-28 00:00:00-05:00,36.84979296292088,36.88202618991115,36.44688684733163,36.865909576416016,18296700,0.0,0.0
2019-01-29 00:00:00-05:00,36.914259556343616,37.107652771156346,36.785329721825214,37.03512954711914,14470100,0.0,0.0
2019-01-30 00:00:00-05:00,37.01900868746363,37.816764060369955,37.0028920757562,37.63948440551758,18329300,0.0,0.0
2019-01-31 00:00:00-05:00,37.64754085163926,38.17937669428287,37.48637782303503,38.10685348510742,23693600,0.0,0.0
2019-02-01 00:00:00-05:00,38.171313879462545,38.324420127980964,37.91345428334916,38.14714050292969,16266500,0.0,0.0
2019-02-04 00:00:00-05:00,38.05044760053233,38.25190062158736,37.96986454775282,38.15520095825195,15743100,0.0,0.0
2019-02-05 00:00:00-05:00,38.21160956582703,38.243842788632335,37.93763639376994,38.082679748535156,16946300,0.0,0.0
2019-02-06 00:00:00-05:00,37.96986352552527,38.34859617856979,37.8328769503818,38.25995635986328,18160500,0.0,0.0
2019-02-07 00:00:00-05:00,38.026270139594835,38.131026568466346,37.46220415473838,37.63142395019531,20331200,0.0,0.0
2019-02-08 00:00:00-05:00,37.38967884762892,38.03432784694758,37.30909580150853,38.026268005371094,18407100,0.0,0.0
2019-02-11 00:00:00-05:00,38.147153170722206,38.44530285137531,37.97793333094044,38.34054946899414,19363600,0.0,0.0
2019-02-12 00:00:00-05:00,38.09072950576688,38.799844850081584,38.00208970348648,38.59033203125,23909200,0.0,0.0
2019-02-13 00:00:00-05:00,38.56617782465672,38.63870105584532,37.96987536000272,38.276084899902344,28325600,0.0,0.0
2019-02-14 00:00:00-05:00,39.363925291794786,40.03275090264916,38.95296241656749,39.001312255859375,47598600,0.0,0.0
2019-02-15 00:00:00-05:00,39.34781271904978,39.96022866214037,39.033543366828205,39.831298828125,30189600,0.0,0.0
2019-02-19 00:00:00-05:00,39.645951788198914,40.23419419080289,39.645951788198914,40.008567810058594,20204500,0.0,0.0
2019-02-20 00:00:00-05:00,40.048868768843754,40.129448762921875,39.766832641710856,39.992462158203125,17550900,0.0,0.0
2019-02-21 00:00:00-05:00,39.9199343569149,40.064980788768914,39.64595810496058,39.81517791748047,17120600,0.0,0.0
2019-02-22 00:00:00-05:00,40.04886291236178,40.467885582938315,39.95216631882236,40.37924575805664,22008100,0.0,0.0
2019-02-25 00:00:00-05:00,40.56457666903613,41.09641247218966,40.56457666903613,40.92719268798828,24264300,0.0,0.0
2019-02-26 00:00:00-05:00,40.70157830704,41.426810613499995,40.677404921468,41.24147415161133,19382500,0.0,0.0
2019-02-27 00:00:00-05:00,41.265644125403576,41.62020347877182,41.007784454188354,41.57185363769531,19940900,0.0,0.0
2019-02-28 00:00:00-05:00,41.53961259908369,41.86999543282267,41.37844956639729,41.71689224243164,30708500,0.0,0.0
2019-03-01 00:00:00-05:00,41.902232892722566,41.974756111070995,41.31399037675396,41.42680358886719,23683700,0.0,0.0
2019-03-04 00:00:00-05:00,41.620198731869635,41.83776530707547,40.79826997089077,41.22534942626953,18725900,0.0,0.0
2019-03-05 00:00:00-05:00,41.19311123853078,41.50737744698969,41.07224127508529,41.338157653808594,14994200,0.0,0.0
2019-03-06 00:00:00-05:00,41.39455617962051,41.73299877391563,41.03194021213589,41.63629913330078,19686900,0.0,0.0
2019-03-07 00:00:00-05:00,41.539610794825506,41.87805345615971,41.265634573337444,41.330101013183594,22209200,0.0,0.0
2019-03-08 00:00:00-05:00,40.870791391624564,41.20117423529331,40.70156851155675,41.15282440185547,18182200,0.0,0.0
2019-03-11 00:00:00-04:00,41.20923225584964,41.97475440192794,41.17699903257849,41.837764739990234,17859300,0.0,0.0
2019-03-12 00:00:00-04:00,41.91027411834706,42.1278436927008,41.64435779897806,42.02309036254883,19485300,0.0,0.0
2019-03-13 00:00:00-04:00,42.2326124187722,42.59522848182704,42.01504278093929,42.37765884399414,20568000,0.0,0.0
2019-03-14 00:00:00-04:00,42.409887712327254,42.67580408198296,42.31318805615343,42.49852752685547,19215900,0.0,0.0
2019-03-15 00:00:00-04:00,42.65968500977364,43.20763740074166,42.65162824252209,42.869197845458984,43670700,0.0,0.0
2019-03-18 00:00:00-04:00,42.92561771216403,43.46551042890616,42.78057126535248,43.11901092529297,19073800,0.0,0.0
2019-03-19 00:00:00-04:00,43.34463321625071,43.51385301802224,42.82085412627692,42.95784378051758,20596400,0.0,0.0
2019-03-20 00:00:00-04:00,42.836957733947884,43.40908340851516,42.59521479423633,42.917537689208984,21140800,0.0,0.0
2019-03-21 00:00:00-04:00,42.77250035897604,43.69918226963039,42.740267142797975,43.46549606323242,20082700,0.0,0.0
2019-03-22 00:00:00-04:00,43.44132612008332,43.62666251685643,42.466294308130855,42.49852752685547,23938500,0.0,0.0
2019-03-25 00:00:00-04:00,42.466297507330374,42.651633918065805,42.10368145418316,42.49047088623047,18774900,0.0,0.0
2019-03-26 00:00:00-04:00,42.861153612218835,43.102899752800035,42.708050387256634,42.89338684082031,17742700,0.0,0.0
2019-03-27 00:00:00-04:00,42.949783999105634,43.239876844799234,42.49853119374153,42.82085418701172,20447500,0.0,0.0
2019-03-28 00:00:00-04:00,42.861141153567935,43.264047172182174,42.724154582725006,42.998130798339844,13095000,0.0,0.0
2019-03-29 00:00:00-04:00,43.2721158781318,43.51385892403496,42.99813960639366,43.505802154541016,19582300,0.0,0.0
2019-04-01 00:00:00-04:00,43.90063709355138,44.33577630834474,43.82811389108582,44.30354309082031,19741700,0.0,0.0
2019-04-02 00:00:00-04:00,44.31966610601864,44.65004894857906,44.295492726345444,44.55335235595703,17264000,0.0,0.0
2019-04-03 00:00:00-04:00,44.69033427056909,44.96431048265041,44.37606807193177,44.82732391357422,21110400,0.0,0.0
2019-04-04 00:00:00-04:00,44.900304545545815,45.15168898366775,44.486739792136156,44.71379470825195,16412100,0.35,0.0
2019-04-05 00:00:00-04:00,44.80299852069064,45.09492805576809,44.7056897067953,44.77056121826172,13817500,0.0,0.0
2019-04-08 00:00:00-04:00,44.762450029600046,45.054379542439946,44.429975438508194,44.997615814208984,13862800,0.0,0.0
2019-04-09 00:00:00-04:00,44.665144730926464,44.94085252204908,44.486742660537544,44.74623489379883,15508400,0.0,0.0
2019-04-10 00:00:00-04:00,44.68947242657496,45.28143929380187,44.68947242657496,45.265220642089844,13460200,0.0,0.0
2019-04-11 00:00:00-04:00,45.35442180899162,45.37064046074983,44.85165597805305,45.08681869506836,13186000,0.0,0.0
2019-04-12 00:00:00-04:00,45.354417528585,45.703110774999246,45.24089007038339,45.64634704589844,14331700,0.0,0.0
2019-04-15 00:00:00-04:00,45.735556906070244,45.90584812625248,45.60581077258971,45.86530303955078,12198400,0.0,0.0
2019-04-16 00:00:00-04:00,45.91394598972612,46.65187754452892,45.90583821149364,46.181549072265625,19718300,0.0,0.0
2019-04-17 00:00:00-04:00,46.36806917947605,46.48159666023256,45.646356114616644,45.662574768066406,26093600,0.0,0.0
2019-04-18 00:00:00-04:00,45.92205594158379,45.97881966824777,45.50038033394342,45.73554611206055,18332000,0.0,0.0
2019-04-22 00:00:00-04:00,45.54093250271183,45.8977335677881,45.49227654654124,45.68689727783203,11951500,0.0,0.0
2019-04-23 00:00:00-04:00,45.759874488291686,45.978821626201125,45.57336465082614,45.97071075439453,18796600,0.0,0.0
2019-04-24 00:00:00-04:00,45.9301732649169,46.34374118043535,45.88152039960302,46.124794006347656,13212000,0.0,0.0
2019-04-25 00:00:00-04:00,45.7842038244957,46.043696057743674,45.41929190480591,45.67878723144531,15526900,0.0,0.0
2019-04-26 00:00:00-04:00,45.42740075132501,45.71121940209847,45.151689879120234,45.313873291015625,18010900,0.0,0.0
2019-04-29 00:00:00-04:00,45.143582572361126,45.58958776364439,45.04627375489547,45.516605377197266,16259500,0.0,0.0
2019-04-30 00:00:00-04:00,45.41118488313561,45.50849369887843,45.030054305838306,45.37063980102539,20846000,0.0,0.0
2019-05-01 00:00:00-04:00,45.41118481830154,45.695003486059335,45.013835590049155,45.07060241699219,17648500,0.0,0.0
2019-05-02 00:00:00-04:00,44.989503292506456,45.3219778714046,44.45430023639259,44.55160903930664,24220600,0.0,0.0
2019-05-03 00:00:00-04:00,44.30833548532598,44.59215720946264,43.93531582966291,44.55160903930664,26887100,0.0,0.0
2019-05-06 00:00:00-04:00,43.67582871155734,44.405649458473704,43.43255512925188,44.26779556274414,17025900,0.0,0.0
2019-05-07 00:00:00-04:00,43.675824038825546,43.98397219325347,42.9297816270618,43.34334945678711,25289700,0.0,0.0
2019-05-08 00:00:00-04:00,43.116292891793485,43.74069699950595,43.08385868503026,43.35956954956055,21525100,0.0,0.0
2019-05-09 00:00:00-04:00,42.83248404321263,43.14874005855706,42.35404458340153,42.91357421875,24322800,0.0,0.0
2019-05-10 00:00:00-04:00,42.66218875925828,43.42444685431354,42.126985608817016,43.2703742980957,21795900,0.0,0.0
2019-05-13 00:00:00-04:00,42.0296743741607,42.378364550475055,41.405270218952445,41.59988784790039,28869900,0.0,0.0
2019-05-14 00:00:00-04:00,41.721533154591874,42.524336421525696,41.66476941221845,42.183753967285156,25478300,0.0,0.0
2019-05-15 00:00:00-04:00,41.97289706182463,42.74326579297902,41.91613334311343,42.52431869506836,30577200,0.0,0.0
2019-05-16 00:00:00-04:00,44.00831001153966,45.73555796694512,43.886671655221235,45.354427337646484,46057800,0.0,0.0
2019-05-17 00:00:00-04:00,45.23276766398519,46.084229570152615,45.02193145157383,45.69498825073242,27299300,0.0,0.0
2019-05-20 00:00:00-04:00,45.24900505024393,45.72744448123164,45.046276530221874,45.41929626464844,21004100,0.0,0.0
2019-05-21 00:00:00-04:00,45.962597502846556,46.019361225168446,45.51659550172133,45.83285140991211,18562300,0.0,0.0
2019-05-22 00:00:00-04:00,45.58957647208738,45.654447969866695,45.14357139126998,45.1597900390625,19479200,0.0,0.0
2019-05-23 00:00:00-04:00,44.527294833465305,44.608385009252224,43.74070713608608,43.94343566894531,22734200,0.0,0.0
2019-05-24 00:00:00-04:00,44.25158086424106,44.33267103445578,43.838016046719275,44.08939743041992,13057600,0.0,0.0
2019-05-28 00:00:00-04:00,44.389435009056186,44.624597724901975,43.64339249884615,43.73259353637695,29769200,0.0,0.0
2019-05-29 00:00:00-04:00,43.424442208134344,43.424442208134344,42.86491268589151,43.12440490722656,19762100,0.0,0.0
2019-05-30 00:00:00-04:00,43.33524269872932,43.61095358025313,43.25415253673642,43.4406623840332,12954300,0.0,0.0
2019-05-31 00:00:00-04:00,42.80814891470244,42.881131295219795,42.1756339190883,42.19185256958008,20480400,0.0,0.0
2019-06-03 00:00:00-04:00,42.20807910996978,42.62975482140538,41.75396918487904,41.989131927490234,22380500,0.0,0.0
2019-06-04 00:00:00-04:00,42.55677711469744,43.49743746892763,42.500013367808805,43.16496276855469,21689300,0.0,0.0
2019-06-05 00:00:00-04:00,43.667713464256884,44.4299745307406,43.58662330940978,44.39753723144531,22521900,0.0,0.0
2019-06-06 00:00:00-04:00,44.51106714677271,44.843541749455404,43.95964540182707,44.681358337402344,15927300,0.0,0.0
2019-06-07 00:00:00-04:00,44.93275162070566,45.654464698268875,44.624603386519695,45.354427337646484,17394900,0.0,0.0
2019-06-10 00:00:00-04:00,45.52471127566384,45.9382791462425,45.37874650879978,45.751766204833984,16871000,0.0,0.0
2019-06-11 00:00:00-04:00,46.01126485079951,46.67621412855836,46.003153977948614,46.311302185058594,26723700,0.0,0.0
2019-06-12 00:00:00-04:00,45.451725733272035,45.889620003429954,45.127362013200056,45.29765319824219,23183000,0.0,0.0
2019-06-13 00:00:00-04:00,45.346309433179684,45.63013118945243,45.23278196802716,45.54903793334961,15785300,0.0,0.0
2019-06-14 00:00:00-04:00,45.40307185586146,45.42739828363737,44.32455485472647,44.39753723144531,22530500,0.0,0.0
2019-06-17 00:00:00-04:00,44.592162224530334,44.981400573353376,44.48674253837261,44.92463684082031,20392600,0.0,0.0
2019-06-18 00:00:00-04:00,45.46794365585632,45.9382752185141,45.2084514465938,45.451725006103516,21173200,0.0,0.0
2019-06-19 00:00:00-04:00,45.44362299075014,45.71122301212857,45.22467583140878,45.516605377197266,21096300,0.0,0.0
2019-06-20 00:00:00-04:00,46.22209086474689,46.659985099563585,45.962598672275725,46.5545654296875,20969800,0.0,0.0
2019-06-21 00:00:00-04:00,46.55457382279784,47.15465155944201,46.205880546289606,46.24642562866211,57588800,0.0,0.0
2019-06-24 00:00:00-04:00,46.42482861548639,46.457265919378436,45.97071564117246,46.368064880371094,17794100,0.0,0.0
2019-06-25 00:00:00-04:00,46.27074655224152,46.38427399913926,45.41928451372661,45.476051330566406,25520600,0.0,0.0
2019-06-26 00:00:00-04:00,45.8490751094673,46.26263985957427,45.703110352161026,45.897727966308594,19286100,0.0,0.0
2019-06-27 00:00:00-04:00,46.17344307341491,46.42482753262737,44.9814015704065,45.192237854003906,23959900,0.0,0.0
2019-06-28 00:00:00-04:00,45.338207473861644,45.394971213724084,43.813688090747476,44.38132858276367,103123400,0.0,0.0
2019-07-01 00:00:00-04:00,44.81109582985125,44.884078196568865,43.975855594497915,44.38942337036133,28410000,0.0,0.0
2019-07-02 00:00:00-04:00,44.46241526197476,45.34630853556345,44.42186708803028,45.257110595703125,20307100,0.0,0.0
2019-07-03 00:00:00-04:00,45.51008438469303,46.138429113426106,45.322397483317744,46.0894660949707,13866800,0.35,0.0
2019-07-05 00:00:00-04:00,45.69777918563625,46.293482005042165,45.46112922489695,46.18739700317383,14273900,0.0,0.0
2019-07-08 00:00:00-04:00,45.9017729177669,46.089459793481076,45.66512303029169,45.85280990600586,15835100,0.0,0.0
2019-07-09 00:00:00-04:00,45.999699678035114,46.26082953678788,45.730410873095956,45.9752197265625,19564000,0.0,0.0
2019-07-10 00:00:00-04:00,46.26083239302506,47.04422513056509,46.18738942115924,46.61988830566406,19362600,0.0,0.0
2019-07-11 00:00:00-04:00,46.81572791498899,47.019735797099,46.44851310460833,46.75860595703125,15994600,0.0,0.0
2019-07-12 00:00:00-04:00,46.98709737080361,47.32167017628722,46.978935312206325,47.28902816772461,13660400,0.0,0.0
2019-07-15 00:00:00-04:00,47.329835026991034,47.517521930272565,47.22375004238368,47.370635986328125,8809700,0.0,0.0
2019-07-16 00:00:00-04:00,47.43591892765346,47.542000796923105,46.889176123706235,47.01974105834961,11501100,0.0,0.0
2019-07-17 00:00:00-04:00,46.97893726874518,47.15846521040311,46.66884440031241,46.68516540527344,9266900,0.0,0.0
2019-07-18 00:00:00-04:00,46.554596791100266,47.15846147517514,46.43219393295767,47.11766052246094,10287400,0.0,0.0
2019-07-19 00:00:00-04:00,47.1747900852938,47.386956941365256,46.77493321323027,46.80757522583008,13882400,0.0,0.0
2019-07-22 00:00:00-04:00,46.88916819667905,47.33798488908213,46.81572523880123,47.1094970703125,10485600,0.0,0.0
2019-07-23 00:00:00-04:00,47.37880220576548,47.411441108352626,46.90550231974166,47.09318923950195,12692200,0.0,0.0
2019-07-24 00:00:00-04:00,46.98709758704316,47.068699495911964,46.603561766950556,46.70148468017578,18177000,0.0,0.0
2019-07-25 00:00:00-04:00,46.80756954210042,46.921813459413734,45.99969694937823,46.203704833984375,15127200,0.0,0.0
2019-07-26 00:00:00-04:00,46.2526740893732,46.383239028626136,45.99970315767089,46.13026809692383,15243000,0.0,0.0
2019-07-29 00:00:00-04:00,46.26082374246645,46.63620059120564,46.13842088752127,46.45667266845703,12051100,0.0,0.0
2019-07-30 00:00:00-04:00,46.39139239064708,46.43219645849384,45.983376615486016,46.081302642822266,9623400,0.0,0.0
2019-07-31 00:00:00-04:00,45.967058544165,46.37507431773118,44.80013318273264,45.20814895629883,17441200,0.0,0.0
2019-08-01 00:00:00-04:00,45.567196465933236,46.424028869111524,45.01229482878839,45.199981689453125,19020600,0.0,0.0
2019-08-02 00:00:00-04:00,44.245225811823154,44.32682771091415,42.90693474408816,43.45367431640625,29021900,0.0,0.0
2019-08-05 00:00:00-04:00,42.75188908036938,42.87429504851161,41.568642802342374,41.91953659057617,29931800,0.0,0.0
2019-08-06 00:00:00-04:00,42.39284107743386,43.029344711807504,42.107228157535694,42.92325973510742,20708400,0.0,0.0
2019-08-07 00:00:00-04:00,42.29491915788664,42.83349988727776,41.788977326554445,42.71109390258789,24128600,0.0,0.0
2019-08-08 00:00:00-04:00,43.07831056208717,43.54344834288062,42.915103613249514,43.38024139404297,26093500,0.0,0.0
2019-08-09 00:00:00-04:00,43.070148092101896,43.14359106273327,42.46628643394485,42.78453826904297,17425000,0.0,0.0
2019-08-12 00:00:00-04:00,42.65397606518002,42.72741904051438,41.89506635769625,42.05827331542969,16388300,0.0,0.0
2019-08-13 00:00:00-04:00,42.001143607196944,43.30679280263207,41.780814721796034,43.021183013916016,21499500,0.0,0.0
2019-08-14 00:00:00-04:00,42.53156860079669,42.53156860079669,40.90766736532343,41.29936218261719,28688100,0.0,0.0
2019-08-15 00:00:00-04:00,38.64726612306628,39.120562943170555,37.53746238914696,37.74147033691406,61129100,0.0,0.0
2019-08-16 00:00:00-04:00,37.880181166117666,38.64725277709595,37.863863275295856,38.320838928222656,24471800,0.0,0.0
2019-08-19 00:00:00-04:00,39.08791976071505,39.65913946163413,38.75334688749935,39.577537536621094,26384800,0.0,0.0
2019-08-20 00:00:00-04:00,39.61017989540551,39.650980858265974,39.104237994611196,39.11240005493164,18201600,0.0,0.0
2019-08-21 00:00:00-04:00,39.57753409273211,39.928427942999726,39.46329016248937,39.7978630065918,18365400,0.0,0.0
2019-08-22 00:00:00-04:00,40.18139704531327,40.25484001326618,39.120553483123814,39.316402435302734,21515100,0.0,0.0
2019-08-23 00:00:00-04:00,39.08792187261907,39.59386068344617,37.888354210049066,38.035240173339844,25871100,0.0,0.0
2019-08-26 00:00:00-04:00,38.39428053049593,38.573808452317316,38.08418769632618,38.435081481933594,14820100,0.0,0.0
2019-08-27 00:00:00-04:00,38.794152760051304,38.88391675667511,38.10052385799459,38.18212890625,20859000,0.0,0.0
2019-08-28 00:00:00-04:00,37.96994752132429,38.320841341440676,37.733300734547385,38.247398376464844,11187600,0.0,0.0
2019-08-29 00:00:00-04:00,38.834940416475234,39.09607025555789,38.44324565785125,38.57381057739258,14733400,0.0,0.0
2019-08-30 00:00:00-04:00,38.77782224422462,38.81862320189305,37.986270591220354,38.19844055175781,19248400,0.0,0.0
2019-09-03 00:00:00-04:00,38.051553880813046,38.32900474569259,37.700660048379696,37.94546890258789,17009400,0.0,0.0
2019-09-04 00:00:00-04:00,38.36980373767406,38.68805554313853,38.263718764881474,38.6146125793457,13691300,0.0,0.0
2019-09-05 00:00:00-04:00,39.18583065087065,39.748891231416316,38.98998173294745,39.51224136352539,18434200,0.0,0.0
2019-09-06 00:00:00-04:00,39.6999317972114,39.977382618288985,39.389838970615756,39.854976654052734,17939100,0.0,0.0
2019-09-09 00:00:00-04:00,39.96107413686416,39.99371303969627,39.544896218386825,39.642822265625,21175100,0.0,0.0
2019-09-10 00:00:00-04:00,39.63464650813315,40.27115003064607,39.128707890569366,40.15690612792969,16119200,0.0,0.0
2019-09-11 00:00:00-04:00,40.760776528823,40.858699443168206,40.25483783964055,40.82605743408203,18656000,0.0,0.0
2019-09-12 00:00:00-04:00,41.03006705415477,41.04638805938708,40.32012044757345,40.74445724487305,16546700,0.0,0.0
2019-09-13 00:00:00-04:00,40.809736429538944,40.98110542078471,40.605728542120325,40.82605743408203,15867800,0.0,0.0
2019-09-16 00:00:00-04:00,40.63836742912868,40.94846026579756,40.630208483940606,40.7689323425293,13025600,0.0,0.0
2019-09-17 00:00:00-04:00,40.78525567555585,40.81789768399886,40.13243107126207,40.32011795043945,16070600,0.0,0.0
2019-09-18 00:00:00-04:00,40.36908547111087,40.58941438333534,39.80602165778824,40.26300048828125,12563800,0.0,0.0
2019-09-19 00:00:00-04:00,40.27115941780554,40.73629719466695,40.01819160651359,40.140594482421875,15349400,0.0,0.0
2019-09-20 00:00:00-04:00,40.22218714321137,40.69548372108322,39.879452347658344,40.475154876708984,48301300,0.0,0.0
2019-09-23 00:00:00-04:00,40.52412652899501,40.597569492794996,40.21403366929361,40.328277587890625,16450000,0.0,0.0
2019-09-24 00:00:00-04:00,40.597574009361075,40.96478886921441,39.92842831492329,40.083473205566406,26717200,0.0,0.0
2019-09-25 00:00:00-04:00,40.026347166615366,40.613890882589075,39.64281445238883,40.48332595825195,14013500,0.0,0.0
2019-09-26 00:00:00-04:00,40.336446223922195,40.38540924541061,39.381687538837994,39.84682846069336,20172900,0.0,0.0
2019-09-27 00:00:00-04:00,39.98554156321201,40.369077345766804,39.65912773385733,39.854976654052734,16065300,0.0,0.0
2019-09-30 00:00:00-04:00,39.944744192084684,40.52412583383834,39.944744192084684,40.32011795043945,14903600,0.0,0.0
2019-10-01 00:00:00-04:00,40.5159680179867,40.69549284360282,38.64725500684398,38.95734786987305,24185600,0.0,0.0
2019-10-02 00:00:00-04:00,38.639100867214765,38.663583935704224,37.54561823307646,37.99443817138672,30722400,0.0,0.0
2019-10-03 00:00:00-04:00,38.084875090922075,38.709758221705115,37.57510432164517,38.69331359863281,15915500,0.35,0.0
2019-10-04 00:00:00-04:00,38.84953168811671,39.16197324446086,38.60286862215704,39.071529388427734,16718800,0.0,0.0
2019-10-07 00:00:00-04:00,39.030409900569786,39.57306976819948,38.90707682936247,39.27707290649414,14625200,0.0,0.0
2019-10-08 00:00:00-04:00,39.05508944268744,39.08797869181817,38.10954391737317,38.142433166503906,23022400,0.0,0.0
2019-10-09 00:00:00-04:00,38.57820364359248,38.78375674008176,38.36442980329982,38.512428283691406,16768600,0.0,0.0
2019-10-10 00:00:00-04:00,37.86287957153879,38.01087805124834,37.45177338045479,37.94510269165039,24698500,0.0,0.0
2019-10-11 00:00:00-04:00,38.37264821131099,38.89064286115055,38.19998437352818,38.28220748901367,25153600,0.0,0.0
2019-10-14 00:00:00-04:00,38.27398305408103,38.27398305408103,37.821766903188944,37.862876892089844,15076900,0.0,0.0
2019-10-15 00:00:00-04:00,38.02731205128349,38.298643567110766,37.85464825202456,38.11775588989258,18794400,0.0,0.0
2019-10-16 00:00:00-04:00,38.117773282853236,38.54532417360085,38.084884028989904,38.4713249206543,16454200,0.0,0.0
2019-10-17 00:00:00-04:00,38.76731168692987,38.89064165158561,38.31509240705233,38.668643951416016,14352400,0.0,0.0
2019-10-18 00:00:00-04:00,38.72619895404816,38.86597667919485,38.364426662976804,38.40553665161133,17226200,0.0,0.0
2019-10-21 00:00:00-04:00,38.759084695268385,39.038636983795826,38.619310119250066,38.964637756347656,13277700,0.0,0.0
2019-10-22 00:00:00-04:00,39.055085232211574,39.375747535437476,38.9728652547402,39.096195220947266,15067100,0.0,0.0
2019-10-23 00:00:00-04:00,39.03042761494105,39.21953610986161,38.512432871859325,38.685096740722656,15647100,0.0,0.0
2019-10-24 00:00:00-04:00,38.833088378500086,38.833088378500086,37.903987557597546,38.15887451171875,18338800,0.0,0.0
2019-10-25 00:00:00-04:00,38.26574786322617,38.63574389662022,38.19996939662726,38.561744689941406,15701200,0.0,0.0
2019-10-28 00:00:00-04:00,38.76731476870192,39.13730782857246,38.69331552942956,38.783756256103516,13859700,0.0,0.0
2019-10-29 00:00:00-04:00,38.643976271033424,38.9975277942196,38.56997704207607,38.84130859375,13713900,0.0,0.0
2019-10-30 00:00:00-04:00,38.89063515743266,39.120856698697054,38.77552595504573,39.10441207885742,12062000,0.0,0.0
2019-10-31 00:00:00-04:00,39.13728884571433,39.17840195375102,38.72618285726569,39.063289642333984,12488300,0.0,0.0
2019-11-01 00:00:00-04:00,38.52064548463629,39.04686399790369,38.34798165222362,38.668643951416016,24404100,0.0,0.0
2019-11-04 00:00:00-05:00,39.055076058138624,39.367517544821034,38.907077624262236,39.038631439208984,15018900,0.0,0.0
2019-11-05 00:00:00-05:00,39.1290890725257,39.40041753931294,38.857757469247,39.268863677978516,18988900,0.0,0.0
2019-11-06 00:00:00-05:00,39.309969754101566,39.87729509121094,39.29352513232422,39.68818664550781,15904500,0.0,0.0
2019-11-07 00:00:00-05:00,39.96773048428862,40.271948081560076,39.6306236504229,39.81150817871094,16717800,0.0,0.0
2019-11-08 00:00:00-05:00,39.811521962488364,40.16507353705992,39.50730425988888,40.14863204956055,14407000,0.0,0.0
2019-11-11 00:00:00-05:00,39.47441308689425,39.85263314725318,39.104420042866444,39.54841232299805,19590400,0.0,0.0
2019-11-12 00:00:00-05:00,39.70462946803601,40.07462560003235,39.56485175750817,39.77040481567383,15632900,0.0,0.0
2019-11-13 00:00:00-05:00,39.6635177627089,40.16506456821885,39.58951853952045,39.84440231323242,25187000,0.0,0.0
2019-11-14 00:00:00-05:00,37.459987720360985,37.82175994724149,36.670661650772715,36.9255485534668,65568900,0.0,0.0
2019-11-15 00:00:00-05:00,37.0571103692943,37.53399503788361,36.84333653831747,37.07355499267578,32385000,0.0,0.0
2019-11-18 00:00:00-05:00,36.98311273585458,37.15577658410976,36.53911729477727,37.12289047241211,22742800,0.0,0.0
2019-11-19 00:00:00-05:00,37.32021927656499,37.49288312291403,37.06533544714249,37.3859977722168,19612600,0.0,0.0
2019-11-20 00:00:00-05:00,37.56688508626718,37.60799821727635,36.9420050147212,37.065338134765625,18660800,0.0,0.0
2019-11-21 00:00:00-05:00,37.10643851331949,37.1228831341633,36.74466312773709,36.86799621582031,19868800,0.0,0.0
2019-11-22 00:00:00-05:00,37.12289074455662,37.1393322322803,36.74467066059324,36.876224517822266,18725700,0.0,0.0
2019-11-25 00:00:00-05:00,36.999556420798456,37.45177259419885,36.94200180617429,37.36955261230469,19653300,0.0,0.0
2019-11-26 00:00:00-05:00,37.435324880150155,37.632657211493665,37.20510644065856,37.25444030761719,29422000,0.0,0.0
2019-11-27 00:00:00-05:00,37.29555257342403,37.344883306905096,36.942001013184154,37.1968879699707,14889900,0.0,0.0
2019-11-29 00:00:00-05:00,37.19688569774429,37.443548759555426,37.12288646555185,37.25444030761719,9808900,0.0,0.0
2019-12-02 00:00:00-05:00,37.20511155343772,37.270890051755266,36.72822685010981,36.75289535522461,17630100,0.0,0.0
2019-12-03 00:00:00-05:00,36.50623764729211,36.58023690057482,35.96357750204956,36.407569885253906,19625500,0.0,0.0
2019-12-04 00:00:00-05:00,36.604897321318354,36.629562690245486,36.062237249481065,36.0869026184082,17202200,0.0,0.0
2019-12-05 00:00:00-05:00,36.21844045355507,36.25955042907301,35.68400449884175,35.78266906738281,22632800,0.0,0.0
2019-12-06 00:00:00-05:00,36.08690161854658,36.22667935707428,35.889572399613954,36.04579162597656,16541000,0.0,0.0
2019-12-09 00:00:00-05:00,36.086887969625465,36.48154939471173,35.97177877936991,36.09511184692383,17508500,0.0,0.0
2019-12-10 00:00:00-05:00,36.0540103581728,36.32534193967978,36.01290036789663,36.25956344604492,21862400,0.0,0.0
2019-12-11 00:00:00-05:00,36.47334839327937,36.54734764656208,36.30068451445036,36.407569885253906,16440500,0.0,0.0
2019-12-12 00:00:00-05:00,36.62956093892779,37.632661047224445,36.51445170744942,37.550437927246094,27061600,0.0,0.0
2019-12-13 00:00:00-05:00,37.74775808302379,37.862867277312276,37.16398823399485,37.24620819091797,21796900,0.0,0.0
2019-12-16 00:00:00-05:00,37.657326076304656,38.306874604081045,37.657326076304656,37.80532455444336,21871300,0.0,0.0
2019-12-17 00:00:00-05:00,38.00265576033949,38.24931883764962,37.76421342646019,38.18354034423828,22510000,0.0,0.0
2019-12-18 00:00:00-05:00,38.249312098328666,38.44664127081196,38.02731442691697,38.34797668457031,21921200,0.0,0.0
2019-12-19 00:00:00-05:00,38.76731238705081,39.45797086566552,38.73442314128556,39.36752700805664,30764700,0.0,0.0
2019-12-20 00:00:00-05:00,39.67174631049641,39.77041091533088,38.9893085472042,39.01397705078125,52575300,0.0,0.0
2019-12-23 00:00:00-05:00,39.096196163026484,39.71285541839438,38.98930768054519,39.54841232299805,20253500,0.0,0.0
2019-12-24 00:00:00-05:00,39.597731213820126,39.67173042193203,39.17840445884597,39.2852897644043,7044700,0.0,0.0
2019-12-26 00:00:00-05:00,39.28531417802096,39.46620194059277,39.17842880603938,39.34286880493164,11091700,0.0,0.0
2019-12-27 00:00:00-05:00,39.457960574534134,39.48262593417948,39.20307369106781,39.27707290649414,11056800,0.0,0.0
2019-12-30 00:00:00-05:00,39.260647045276905,39.36753554895819,38.882430046394575,39.129093170166016,12128600,0.0,0.0
2019-12-31 00:00:00-05:00,39.08797236778264,39.44974464021534,38.98108389364694,39.43330001831055,14892600,0.0,0.0
2020-01-02 00:00:00-05:00,39.806021046660064,40.104190826416016,39.65693457700768,40.104190826416016,16708100,0.35,0.0
2020-01-03 00:00:00-05:00,39.68177811196799,39.87227677258048,39.32562748052554,39.449867248535156,15577400,0.0,0.0
2020-01-06 00:00:00-05:00,39.04402221729941,39.607237053252156,38.9363479564279,39.59067153930664,22183600,0.0,0.0
2020-01-07 00:00:00-05:00,39.524410556746716,39.524410556746716,39.010889130188424,39.33391189575195,16501900,0.0,0.0
2020-01-08 00:00:00-05:00,38.90322025668477,39.58239053365082,38.77069930409502,39.358760833740234,25175900,0.0,0.0
2020-01-09 00:00:00-05:00,39.58238927311845,39.65693250404809,38.986043425681316,39.19310760498047,18203600,0.0,0.0
2020-01-10 00:00:00-05:00,39.32562079932776,39.391882840221626,38.977754563278985,39.03573226928711,13502600,0.0,0.0
2020-01-13 00:00:00-05:00,39.184822759589466,39.739753191576156,39.17653842384583,39.73147201538086,18237400,0.0,0.0
2020-01-14 00:00:00-05:00,39.72319195886947,39.74804180922902,39.44158454466778,39.58238983154297,17948700,0.0,0.0
2020-01-15 00:00:00-05:00,39.6900594319677,40.087625427214014,39.55753848673511,39.76460266113281,16289400,0.0,0.0
2020-01-16 00:00:00-05:00,40.07106133086645,40.650841671588395,39.94682155801579,40.62599182128906,20094900,0.0,0.0
2020-01-17 00:00:00-05:00,40.8413380790915,41.03183673658288,40.476903117326685,40.60114288330078,27176200,0.0,0.0
2020-01-21 00:00:00-05:00,40.55144718433967,40.75023018210296,40.31125198357737,40.41892623901367,21771800,0.0,0.0
2020-01-22 00:00:00-05:00,40.81649987525689,41.02356410459086,40.61771998444394,40.6425666809082,15186000,0.0,0.0
2020-01-23 00:00:00-05:00,40.5845832824707,40.73366975953758,40.09591164309573,40.5845832824707,16767700,0.0,0.0
2020-01-24 00:00:00-05:00,40.76679969045972,40.98214506288815,40.20358482774062,40.46034240722656,14066700,0.0,0.0
2020-01-27 00:00:00-05:00,39.665207097733514,39.81429353484873,39.15168890297449,39.31734085083008,20666000,0.0,0.0
2020-01-28 00:00:00-05:00,39.358762222814505,39.73147840248629,39.342196708212555,39.565826416015625,14035100,0.0,0.0
2020-01-29 00:00:00-05:00,39.731468664975985,39.73974984047296,38.870081074079124,38.9694709777832,14273600,0.0,0.0
2020-01-30 00:00:00-05:00,38.54706225687804,39.15168918529496,38.315148264388654,39.1268424987793,14822600,0.0,0.0
2020-01-31 00:00:00-05:00,38.919780954311754,38.92806213052123,37.967284553256256,38.07495880126953,20069900,0.0,0.0
2020-02-03 00:00:00-05:00,38.431120536854635,38.78727124839886,38.27374970737508,38.53879165649414,15374900,0.0,0.0
2020-02-04 00:00:00-05:00,39.110284736581,39.516128774635376,39.01917598857527,39.441585540771484,13947300,0.0,0.0
2020-02-05 00:00:00-05:00,40.02964984008105,40.253276379921175,39.88056337382182,40.1290397644043,17042300,0.0,0.0
2020-02-06 00:00:00-05:00,40.32781982421875,40.4354940858695,39.93854130210236,40.32781982421875,9814800,0.0,0.0
2020-02-07 00:00:00-05:00,40.25327142348969,40.394076695196446,39.6486444556862,39.73147201538086,16807500,0.0,0.0
2020-02-10 00:00:00-05:00,39.74804591561129,40.493475152886035,39.65693716049406,40.47690963745117,19012700,0.0,0.0
2020-02-11 00:00:00-05:00,40.90759463265507,41.17263650267352,40.46861962785233,40.6922492980957,23168300,0.0,0.0
2020-02-12 00:00:00-05:00,40.94073759026876,41.644754670306625,40.915890895070724,41.35486602783203,31686200,0.0,0.0
2020-02-13 00:00:00-05:00,39.05230547964039,39.48299619217984,38.5801994036022,39.19310760498047,47044700,0.0,0.0
2020-02-14 00:00:00-05:00,39.06059260787472,39.11028915591578,38.497377701605814,38.90322494506836,26747200,0.0,0.0
2020-02-18 00:00:00-05:00,38.77898057541432,38.80382726672621,38.34000551131113,38.58848190307617,18546300,0.0,0.0
2020-02-19 00:00:00-05:00,38.67130860410738,38.770701694338904,38.0169881376023,38.34000778198242,27626400,0.0,0.0
2020-02-20 00:00:00-05:00,38.17434791979323,38.89493029787232,38.01698029869843,38.8038215637207,20416700,0.0,0.0
2020-02-21 00:00:00-05:00,38.70443246887509,38.80382238115774,38.141217700026175,38.34828186035156,20028700,0.0,0.0
2020-02-24 00:00:00-05:00,37.27155512029474,37.83476998376533,36.44329833984375,36.44329833984375,35295900,0.0,0.0
2020-02-25 00:00:00-05:00,36.4847185786245,36.617239566287594,34.84477017146266,35.39970397949219,48024700,0.0,0.0
2020-02-26 00:00:00-05:00,35.5901891002423,35.92977419882119,34.737082606116125,34.9193000793457,38513200,0.0,0.0
2020-02-27 00:00:00-05:00,34.190431339710756,34.86960149701541,33.138545081556416,33.163394927978516,51442900,0.0,0.0
2020-02-28 00:00:00-05:00,32.053533205870195,33.58580675501794,31.76364148066089,33.072288513183594,80188000,0.0,0.0
2020-03-02 00:00:00-05:00,33.254504307052784,34.11588878412645,32.23574589170196,34.09932327270508,48864300,0.0,0.0
2020-03-03 00:00:00-05:00,34.17386582861208,34.70395270512505,32.890068734172694,33.163394927978516,49294700,0.0,0.0
2020-03-04 00:00:00-05:00,33.72661702154029,34.331244090519526,32.96461914258162,34.28154754638672,30022100,0.0,0.0
2020-03-05 00:00:00-05:00,33.27108087702162,33.55268837243088,32.5422170202973,32.77412796020508,30255900,0.0,0.0
2020-03-06 00:00:00-05:00,31.473762516254283,33.088864119392994,31.308110502679913,32.865234375,48605600,0.0,0.0
2020-03-09 00:00:00-04:00,30.56267228456044,32.76583489300699,30.057435212023147,31.440622329711914,61535300,0.0,0.0
2020-03-10 00:00:00-04:00,32.50908229599841,33.254514746223165,31.366086925503538,33.196537017822266,50536500,0.0,0.0
2020-03-11 00:00:00-04:00,32.31857334977571,32.43452876982175,30.12369206616735,30.686906814575195,63594300,0.0,0.0
2020-03-12 00:00:00-04:00,28.574858232869108,29.668156903797588,27.332473092309584,27.498125076293945,51855300,0.0,0.0
2020-03-13 00:00:00-04:00,29.138073866084945,31.2087158226882,27.60580008201809,31.17558479309082,53859600,0.0,0.0
2020-03-16 00:00:00-04:00,27.522971275197076,30.637218407780285,26.835519819363007,27.920534133911133,44211300,0.0,0.0
2020-03-17 00:00:00-04:00,28.740509557656612,30.024306874879652,27.829425246413784,29.403114318847656,41572400,0.0,0.0
2020-03-18 00:00:00-04:00,27.961946978815,31.23356183044085,27.589233962435763,30.744890213012695,56904300,0.0,0.0
2020-03-19 00:00:00-04:00,30.68691124615348,32.567054404333156,29.94148208411597,31.23356056213379,58319700,0.0,0.0
2020-03-20 00:00:00-04:00,31.697380039371964,31.863031989077392,29.320284513675723,29.485933303833008,48582500,0.0,0.0
2020-03-23 00:00:00-04:00,29.411392023403874,29.668152720351774,27.94538054466587,28.657678604125977,39823400,0.0,0.0
2020-03-24 00:00:00-04:00,30.15682592776423,32.03696899141738,29.43624349282488,31.970706939697266,48235600,0.0,0.0
2020-03-25 00:00:00-04:00,32.01212234598234,33.088855411532194,31.059625888256402,31.200428009033203,42873900,0.0,0.0
2020-03-26 00:00:00-04:00,31.44891349148871,33.89226866248721,30.951957487561714,33.61066436767578,38473300,0.0,0.0
2020-03-27 00:00:00-04:00,32.475947031846864,33.25451041388492,31.813342251052962,32.15292739868164,31278600,0.0,0.0
2020-03-30 00:00:00-04:00,32.67471954870204,33.53610706677715,32.268872473602954,33.395301818847656,27120300,0.0,0.0
2020-03-31 00:00:00-04:00,33.23793940914557,33.478131430318385,32.39311726835109,32.55876922607422,26014200,0.0,0.0
2020-04-01 00:00:00-04:00,31.614551949387188,32.1860510082158,31.366075608810796,31.7470760345459,26790700,0.0,0.0
2020-04-02 00:00:00-04:00,31.63839388696541,33.40258601547613,31.329034164515036,33.27716827392578,28180500,0.36,0.0
2020-04-03 00:00:00-04:00,33.293885369359515,33.686857917965106,32.22366605852488,32.658443450927734,21235200,0.0,0.0
2020-04-06 00:00:00-04:00,33.82899491487826,34.84904968564443,33.26044011046811,34.64002227783203,31641400,0.0,0.0
2020-04-07 00:00:00-04:00,35.66842187744128,35.73531215102855,33.93767591716805,33.9794807434082,30366100,0.0,0.0
2020-04-08 00:00:00-04:00,34.42263782269196,35.283833057726916,34.1718055286986,34.89922332763672,22683500,0.0,0.0
2020-04-09 00:00:00-04:00,35.19185668144758,35.283829256889014,34.155079271251374,34.44771957397461,27643900,0.0,0.0
2020-04-13 00:00:00-04:00,34.31394320408892,34.66510775071441,33.88752546660892,34.46444320678711,19592000,0.0,0.0
2020-04-14 00:00:00-04:00,35.041361312766746,35.80222109715778,34.72363869822263,35.768775939941406,22882400,0.0,0.0
2020-04-15 00:00:00-04:00,35.28382965677693,35.425966773520734,34.47280223451651,34.715274810791016,18428800,0.0,0.0
2020-04-16 00:00:00-04:00,34.915926772211144,34.94101222280935,34.0129302882811,34.69853973388672,26178000,0.0,0.0
2020-04-17 00:00:00-04:00,35.32562808030297,35.651710290723464,34.899213618100354,35.5179328918457,30701500,0.0,0.0
2020-04-20 00:00:00-04:00,35.04970977340053,36.19518211962869,34.941017831543185,35.56809997558594,23438800,0.0,0.0
2020-04-21 00:00:00-04:00,34.97446198553303,35.108239378218954,33.78718483462891,33.904239654541016,31661000,0.0,0.0
2020-04-22 00:00:00-04:00,34.506232288391026,35.19184168098049,34.372454923727325,34.915924072265625,18330700,0.0,0.0
2020-04-23 00:00:00-04:00,35.02463535060234,35.576467633339846,34.72363534374453,34.798885345458984,16100200,0.0,0.0
2020-04-24 00:00:00-04:00,34.98283288836507,35.66844264429074,34.82397318035983,35.551387786865234,14639200,0.0,0.0
2020-04-27 00:00:00-04:00,35.701876350886515,36.13665367439411,35.601544103770806,36.00287628173828,17937900,0.0,0.0
2020-04-28 00:00:00-04:00,36.370760009943886,36.47945512832218,35.45940060855133,35.52629089355469,16427700,0.0,0.0
2020-04-29 00:00:00-04:00,36.245347759754765,36.354042894445236,35.89418327929992,36.23698806762695,17430100,0.0,0.0
2020-04-30 00:00:00-04:00,36.094838682463084,36.094838682463084,35.258729342332785,35.4343147277832,26679900,0.0,0.0
2020-05-01 00:00:00-04:00,34.88248643958504,34.9577364158638,34.088181843199116,34.21359634399414,22095300,0.0,0.0
2020-05-04 00:00:00-04:00,34.23869340429381,34.62330310700642,33.85408370158121,34.57313537597656,15997700,0.0,0.0
2020-05-05 00:00:00-04:00,34.79052928754757,35.05808416838116,34.606584110909814,34.66511154174805,15060200,0.0,0.0
2020-05-06 00:00:00-04:00,34.74871529215461,34.85740724110835,34.255410512386725,34.40591049194336,16040300,0.0,0.0
2020-05-07 00:00:00-04:00,34.77378883207408,34.92428877386122,34.46442925818013,34.58984375,20173600,0.0,0.0
2020-05-08 00:00:00-04:00,35.13332763539292,35.96943727967307,34.86577280438368,35.94435501098633,21959100,0.0,0.0
2020-05-11 00:00:00-04:00,35.76876452499845,36.49618210953692,35.62662743644789,36.22026443481445,26182700,0.0,0.0
2020-05-12 00:00:00-04:00,36.73865445435208,37.03965441885873,36.11157225813154,36.13665771484375,25817100,0.0,0.0
2020-05-13 00:00:00-04:00,36.29551784237162,36.42929525165372,34.539688946855996,35.074798583984375,36986700,0.0,0.0
2020-05-14 00:00:00-04:00,36.31223429854648,37.273761458527275,36.17009403103855,36.66339874267578,50417700,0.0,0.0
2020-05-15 00:00:00-04:00,35.89418515897221,37.10654470930105,35.82729486042759,37.01457214355469,30573000,0.0,0.0
2020-05-18 00:00:00-04:00,37.8005091137464,37.87575909510076,37.06473506217554,37.67509460449219,26966500,0.0,0.0
2020-05-19 00:00:00-04:00,37.48279231846425,37.6082068361271,37.13162465209774,37.29884719848633,24345400,0.0,0.0
2020-05-20 00:00:00-04:00,37.666727145915296,38.31053175492746,37.65000457547942,37.9928092956543,20184500,0.0,0.0
2020-05-21 00:00:00-04:00,38.00117869915282,38.17676093461476,37.25704172928624,37.32392883300781,18674900,0.0,0.0
2020-05-22 00:00:00-04:00,37.34901658893386,37.58312946013836,36.889156918665144,37.541324615478516,12592800,0.0,0.0
2020-05-26 00:00:00-04:00,38.277095574485905,38.29381814883642,37.35737631174178,37.491153717041016,21776900,0.0,0.0
2020-05-27 00:00:00-04:00,37.658381471279974,38.44432343725544,37.45771374086849,38.4276008605957,22157200,0.0,0.0
2020-05-28 00:00:00-04:00,38.37743380208708,38.84565315981728,37.93429352344294,38.1265983581543,20013000,0.0,0.0
2020-05-29 00:00:00-04:00,38.494479949215616,39.98275375366211,37.96773010120753,39.98275375366211,43553600,0.0,0.0
2020-06-01 00:00:00-04:00,39.422559373106466,39.539614178451174,38.6533370687632,38.71186447143555,18712400,0.0,0.0
2020-06-02 00:00:00-04:00,38.795485403114085,39.21354018896874,38.36070804308466,39.205177307128906,17285900,0.0,0.0
2020-06-03 00:00:00-04:00,39.28042772317602,39.46437285159328,38.91254065584643,39.24698257446289,17492000,0.0,0.0
2020-06-04 00:00:00-04:00,39.104841874988885,39.50617405406743,38.9041741906973,39.180091857910156,14100700,0.0,0.0
2020-06-05 00:00:00-04:00,39.52290445112349,40.375736696562456,39.464377029432065,39.991127014160156,22591100,0.0,0.0
2020-06-08 00:00:00-04:00,39.68175596716616,40.267033253041234,39.39747861056996,40.24195098876953,17820900,0.0,0.0
2020-06-09 00:00:00-04:00,40.149981820526605,40.333926946047654,39.706844770322135,40.17506408691406,18597300,0.0,0.0
2020-06-10 00:00:00-04:00,39.84898313569635,39.99112342526615,39.39748318930518,39.6483154296875,18462400,0.0,0.0
2020-06-11 00:00:00-04:00,39.28879195911034,39.29715165182426,36.48782285320282,36.51290512084961,35582000,0.0,0.0
2020-06-12 00:00:00-04:00,37.591483861889714,38.343983717865854,36.880792034193725,37.68345642089844,26125600,0.0,0.0
2020-06-15 00:00:00-04:00,36.88915380532517,38.26037300727442,36.73029413322298,37.91756820678711,21300100,0.0,0.0
2020-06-16 00:00:00-04:00,39.63995163471887,39.70684192630088,38.38578737309793,38.862369537353516,28074600,0.0,0.0
2020-06-17 00:00:00-04:00,39.08812890868092,39.14665633316985,38.377436931597984,38.60318374633789,20399100,0.0,0.0
2020-06-18 00:00:00-04:00,38.28546353826584,38.5028506546678,37.917573232732025,38.31890869140625,22423500,0.0,0.0
2020-06-19 00:00:00-04:00,38.678416761513155,38.88744409703463,37.666725223070145,37.89247512817383,36103200,0.0,0.0
2020-06-22 00:00:00-04:00,37.71690792273549,38.00954503297516,37.46607565831501,37.75871276855469,18398600,0.0,0.0
2020-06-23 00:00:00-04:00,38.39415297375276,38.58646099689543,37.89248846769878,38.017906188964844,23222400,0.0,0.0
2020-06-24 00:00:00-04:00,37.867404953072594,38.017904937837024,37.11490502925043,37.4159049987793,22840100,0.0,0.0
2020-06-25 00:00:00-04:00,37.43262609059384,37.8924857193741,36.95604388755731,37.808876037597656,19114900,0.0,0.0
2020-06-26 00:00:00-04:00,37.72525780740958,38.887449442338294,37.31556595959522,38.72023010253906,106928300,0.0,0.0
2020-06-29 00:00:00-04:00,38.7453236229901,38.83729620030481,38.185128465484745,38.586463928222656,23875400,0.0,0.0
2020-06-30 00:00:00-04:00,38.58645905534717,39.30551062730944,38.54465102402536,38.996150970458984,21888800,0.0,0.0
2020-07-01 00:00:00-04:00,38.91254749655668,39.06304750271827,38.46104747807191,38.51121520996094,17129500,0.0,0.0
2020-07-02 00:00:00-04:00,38.82300216281731,38.949407841180644,38.32581142368745,38.45221710205078,19632000,0.36,0.0
2020-07-06 00:00:00-04:00,38.822989168015106,39.176923020185995,38.65444939148749,39.1179313659668,16152900,0.0,0.0
2020-07-07 00:00:00-04:00,38.86513631739511,39.00839630051555,38.393228642715876,38.45221710205078,17102800,0.0,0.0
2020-07-08 00:00:00-04:00,38.41850677998974,38.82300043223974,38.19097849785603,38.60390090942383,15020800,0.0,0.0
2020-07-09 00:00:00-04:00,39.269629386927484,39.77524887801589,38.949407245331045,39.35390090942383,26027700,0.0,0.0
2020-07-10 00:00:00-04:00,39.3791788853135,39.539289948494115,38.9662596959315,39.3201904296875,13775700,0.0,0.0
2020-07-13 00:00:00-04:00,39.497161637068395,39.598287474206366,38.57862284482819,38.70502853393555,17965500,0.0,0.0
2020-07-14 00:00:00-04:00,38.334246799919356,39.18536844196329,38.26682956925463,38.98311996459961,19303500,0.0,0.0
2020-07-15 00:00:00-04:00,39.18536542414417,39.46345665727352,38.75559186296183,39.101097106933594,15705000,0.0,0.0
2020-07-16 00:00:00-04:00,38.51120309586468,38.62075446245733,38.08985514780189,38.578617095947266,17709400,0.0,0.0
2020-07-17 00:00:00-04:00,38.79772842285238,39.54772742218861,38.66289717819228,39.39604187011719,20389700,0.0,0.0
2020-07-20 00:00:00-04:00,39.328620969587064,39.69098050853211,38.98311573648018,39.5814323425293,15966500,0.0,0.0
2020-07-21 00:00:00-04:00,39.842669051687345,39.88480642677614,39.48030948541034,39.62356948852539,16044700,0.0,0.0
2020-07-22 00:00:00-04:00,39.623564479255855,39.69940724434499,39.2106420438528,39.52244186401367,27218300,0.0,0.0
2020-07-23 00:00:00-04:00,39.58985378595504,40.19659587473943,39.33704565383815,39.952213287353516,23750200,0.0,0.0
2020-07-24 00:00:00-04:00,40.01963590890197,40.14603838471783,38.856714486540575,39.101097106933594,16983600,0.0,0.0
2020-07-27 00:00:00-04:00,39.32019496663066,39.82581127737377,38.89042142396203,39.766822814941406,15576000,0.0,0.0
2020-07-28 00:00:00-04:00,39.589857319768214,39.674128847749174,38.94098102015025,38.999969482421875,13975300,0.0,0.0
2020-07-29 00:00:00-04:00,39.101105253219266,39.505599046436316,39.07582218108445,39.36233901977539,11618200,0.0,0.0
2020-07-30 00:00:00-04:00,38.87356626215136,39.1516542625463,38.24154428032735,39.13479995727539,15385100,0.0,0.0
2020-07-31 00:00:00-04:00,39.092665635168444,39.69940776382088,38.646037798593746,39.69097900390625,17701100,0.0,0.0
2020-08-03 00:00:00-04:00,39.72468469750314,39.91007882645208,39.33704535027334,39.741539001464844,14141100,0.0,0.0
2020-08-04 00:00:00-04:00,39.61514256698314,40.171321868896484,39.53087424215375,40.171321868896484,12839500,0.0,0.0
2020-08-05 00:00:00-04:00,40.17130964567064,40.22187255396144,39.648839118517294,39.884796142578125,13075600,0.0,0.0
2020-08-06 00:00:00-04:00,39.80052437428068,40.30614381006711,39.69097301433251,40.25558090209961,14190900,0.0,0.0
2020-08-07 00:00:00-04:00,39.88479450943783,40.112319550856185,39.63198319296512,39.96906280517578,17054300,0.0,0.0
2020-08-10 00:00:00-04:00,39.7415529159676,40.44941785705123,39.7415529159676,40.22188949584961,14999200,0.0,0.0
2020-08-11 00:00:00-04:00,40.36513941403121,40.82862156798407,39.682554501360926,39.766822814941406,18859600,0.0,0.0
2020-08-12 00:00:00-04:00,39.84266193780797,40.558955396228754,39.83423639307282,40.53367233276367,26823700,0.0,0.0
2020-08-13 00:00:00-04:00,36.901657738619804,36.94379189469712,35.71345653531135,35.99997329711914,91849500,0.0,0.0
2020-08-14 00:00:00-04:00,35.8061610922796,36.13481207886498,35.62076690922909,35.8145866394043,32539500,0.0,0.0
2020-08-17 00:00:00-04:00,35.85670591930503,36.033671267137535,35.275246970157056,35.46906661987305,30511700,0.0,0.0
2020-08-18 00:00:00-04:00,35.50278278946202,35.63761401863372,35.23312033111861,35.37637710571289,23344600,0.0,0.0
2020-08-19 00:00:00-04:00,35.47749581713738,35.688169790433044,35.20783338848931,35.28367614746094,20097400,0.0,0.0
2020-08-20 00:00:00-04:00,35.28368024297473,35.74716239509742,35.16570331857588,35.65446853637695,18443900,0.0,0.0
2020-08-21 00:00:00-04:00,35.435364887234755,35.64603887968518,35.23311965467516,35.603904724121094,17389600,0.0,0.0
2020-08-24 00:00:00-04:00,35.452217179848674,35.789296834486144,35.39322872248159,35.54491424560547,17742900,0.0,0.0
2020-08-25 00:00:00-04:00,35.58705208142444,35.64604054489581,35.20783823437264,35.35952377319336,15417400,0.0,0.0
2020-08-26 00:00:00-04:00,35.09828842809209,35.62918457453354,34.92974859120575,35.603904724121094,21625800,0.0,0.0
2020-08-27 00:00:00-04:00,35.73031610435868,35.78930457448294,35.41009068466231,35.63761901855469,22456800,0.0,0.0
2020-08-28 00:00:00-04:00,35.511212285468794,35.64604352964033,35.39323534864751,35.56177520751953,16573600,0.0,0.0
2020-08-31 00:00:00-04:00,35.477498894853696,35.68817288642558,35.34266766883289,35.5786247253418,21298000,0.0,0.0
2020-09-01 00:00:00-04:00,35.39323058670281,35.45221904717692,34.97188260352778,35.41851043701172,23325100,0.0,0.0
2020-09-02 00:00:00-04:00,35.42693970793544,35.97469016518681,35.41851094795755,35.747161865234375,30045700,0.0,0.0
2020-09-03 00:00:00-04:00,35.18255219451285,35.24996940641078,34.27243912166852,34.50839614868164,39288100,0.0,0.0
2020-09-04 00:00:00-04:00,34.719078708528784,34.91289841877043,34.07862789547513,34.39885330200195,34867400,0.0,0.0
2020-09-08 00:00:00-04:00,33.749970303386,34.22188116676843,33.682556302691225,33.70783615112305,29101800,0.0,0.0
2020-09-09 00:00:00-04:00,33.79210737664748,34.112332747859845,33.47188522006515,33.81739044189453,23351600,0.0,0.0
2020-09-10 00:00:00-04:00,33.7331251364783,34.24717029135749,33.21907998159911,33.34548568725586,25108800,0.0,0.0
2020-09-11 00:00:00-04:00,33.51401908504143,33.74997292776541,33.30334509271502,33.60671615600586,21853000,0.0,0.0
2020-09-14 00:00:00-04:00,33.89323558494507,34.247166376920816,33.7499755872666,34.01963806152344,19866700,0.0,0.0
2020-09-15 00:00:00-04:00,34.13761624032049,34.41570748529494,34.028068066206664,34.21345901489258,19024100,0.0,0.0
2020-09-16 00:00:00-04:00,34.31459045511825,34.69380117520863,34.036499164779016,34.0617790222168,24310200,0.0,0.0
2020-09-17 00:00:00-04:00,33.42132464768047,34.04492112854332,33.29491895647184,34.01963806152344,22225900,0.0,0.0
2020-09-18 00:00:00-04:00,33.85952611743445,33.97750304511545,33.35390979462155,33.5477294921875,44450800,0.0,0.0
2020-09-21 00:00:00-04:00,33.12638929469239,33.26122056020504,32.60391532802878,32.898860931396484,28495000,0.0,0.0
2020-09-22 00:00:00-04:00,33.016819253664345,33.25277303149191,32.764011175330644,33.134796142578125,17656800,0.0,0.0
2020-09-23 00:00:00-04:00,33.05896566881885,33.19379690828696,32.17413545889497,32.25840377807617,24843200,0.0,0.0
2020-09-24 00:00:00-04:00,32.02246287346996,32.15729416750983,31.685383031054474,31.89605712890625,30910400,0.0,0.0
2020-09-25 00:00:00-04:00,31.82019863840304,32.47750368561246,31.702221716107253,32.40166091918945,22966600,0.0,0.0
2020-09-28 00:00:00-04:00,33.03368940048814,33.109532181833075,32.688184110945805,32.974700927734375,24275700,0.0,0.0
2020-09-29 00:00:00-04:00,32.92413218001185,33.18536909503468,32.72188694194201,32.915706634521484,16353700,0.0,0.0
2020-09-30 00:00:00-04:00,32.94098988420054,33.45503500716063,32.88200141579172,33.19379806518555,27113200,0.0,0.0
2020-10-01 00:00:00-04:00,33.25332415977863,33.43192504860507,32.80257679660646,32.99818420410156,20763500,0.36,0.0
2020-10-02 00:00:00-04:00,32.36034299685191,32.785577473142425,32.29230716767185,32.547447204589844,24493000,0.0,0.0
2020-10-05 00:00:00-04:00,32.72602804694536,32.989674454367425,32.55593369519822,32.80257034301758,26929100,0.0,0.0
2020-10-06 00:00:00-04:00,32.74303780654807,33.46593474612352,32.65799225281445,32.80257034301758,28430800,0.0,0.0
2020-10-07 00:00:00-04:00,33.151266307005685,33.66154942386098,32.981171934720585,33.50846481323242,20593700,0.0,0.0
2020-10-08 00:00:00-04:00,33.84865218493949,34.171831185721004,33.72958709104117,33.84014892578125,19031300,0.0,0.0
2020-10-09 00:00:00-04:00,34.14632903641168,34.214364864182194,33.78062713483576,33.89118576049805,16167500,0.0,0.0
2020-10-12 00:00:00-04:00,33.9592188174962,34.46949879037666,33.704078831055966,34.324920654296875,22757200,0.0,0.0
2020-10-13 00:00:00-04:00,34.47800039591191,34.53753294281274,33.772109847972864,33.85715866088867,23438300,0.0,0.0
2020-10-14 00:00:00-04:00,33.89117426213698,34.37594113105412,33.81463195418794,33.925193786621094,16439100,0.0,0.0
2020-10-15 00:00:00-04:00,33.568005939153906,34.018753383312834,33.46594734312155,33.99324035644531,15451400,0.0,0.0
2020-10-16 00:00:00-04:00,33.916704466620466,34.27389988766144,33.63604814070391,34.15483474731445,21292500,0.0,0.0
2020-10-19 00:00:00-04:00,34.14631251450434,34.34191988558582,33.304347248798884,33.42341232299805,19600500,0.0,0.0
2020-10-20 00:00:00-04:00,33.542489609395794,33.60202216817007,33.19379751759736,33.33837890625,16564900,0.0,0.0
2020-10-21 00:00:00-04:00,33.43193178850339,33.65305226286006,33.151275509681746,33.21931457519531,17016300,0.0,0.0
2020-10-22 00:00:00-04:00,33.04071077911614,33.134262863926985,32.64099265894379,33.01519775390625,20399000,0.0,0.0
2020-10-23 00:00:00-04:00,33.108749838717095,33.14276936851757,32.87061961867561,33.01519775390625,15556100,0.0,0.0
2020-10-26 00:00:00-04:00,32.65799628382043,32.683509304233624,31.59491050953305,32.03715133666992,29146500,0.0,0.0
2020-10-27 00:00:00-04:00,31.790521872731752,31.89257721140966,31.11865080085068,31.356781005859375,37911500,0.0,0.0
2020-10-28 00:00:00-04:00,30.889027670964428,31.05061558085352,30.34472813841052,30.370241165161133,34561500,0.0,0.0
2020-10-29 00:00:00-04:00,30.200146780832345,30.676410494441164,30.00453933888974,30.35323143005371,35332000,0.0,0.0
2020-10-30 00:00:00-04:00,30.276686610122873,30.55734285865818,30.18313777155863,30.531829833984375,29151200,0.0,0.0
2020-11-02 00:00:00-05:00,30.778463309153175,30.91453818121491,30.33621916388233,30.531829833984375,23483100,0.0,0.0
2020-11-03 00:00:00-05:00,30.923042611169695,31.74799829261019,30.8720133209645,31.195192337036133,27342900,0.0,0.0
2020-11-04 00:00:00-05:00,31.492863257598415,31.722490256684203,31.042115765475288,31.101648330688477,30121900,0.0,0.0
2020-11-05 00:00:00-05:00,31.48435286058281,31.72248306746849,31.390800780940364,31.66295051574707,23149700,0.0,0.0
2020-11-06 00:00:00-05:00,31.94360327091358,31.97761955084405,31.535378713224382,31.918087005615234,19475300,0.0,0.0
2020-11-09 00:00:00-05:00,33.950707490098644,34.21435394372798,32.4198645446352,32.4879035949707,42649500,0.0,0.0
2020-11-10 00:00:00-05:00,32.4964119893373,33.19379614407723,32.462392458793644,32.930152893066406,31514500,0.0,0.0
2020-11-11 00:00:00-05:00,33.1767834860636,33.55099180085393,32.69201657306768,33.448936462402344,27332800,0.0,0.0
2020-11-12 00:00:00-05:00,33.151265451002956,33.49995744525766,32.657995352821295,32.88761901855469,29368300,0.0,0.0
2020-11-13 00:00:00-05:00,35.03931720255934,35.31146697450192,34.495017658674186,35.20941162109375,49106400,0.0,0.0
2020-11-16 00:00:00-05:00,35.498569240944775,36.221466425298544,35.166883682800716,36.1789436340332,34572600,0.0,0.0
2020-11-17 00:00:00-05:00,35.651646287172696,36.01734808710407,35.39650632645515,35.61763000488281,23140900,0.0,0.0
2020-11-18 00:00:00-05:00,35.63464617173607,35.92380571098627,35.090343381638306,35.14137268066406,21327700,0.0,0.0
2020-11-19 00:00:00-05:00,34.86920822929473,35.18388066345342,34.6736008651269,35.01378631591797,22177700,0.0,0.0
2020-11-20 00:00:00-05:00,34.91174003367391,35.2008995259801,34.801178192541364,34.84370422363281,19776300,0.0,0.0
2020-11-23 00:00:00-05:00,34.894730559763275,35.54959186378348,34.886227300042805,35.413516998291016,19651400,0.0,0.0
2020-11-24 00:00:00-05:00,35.83874688332211,36.32351373387394,35.63463623271097,36.238468170166016,22849700,0.0,0.0
2020-11-25 00:00:00-05:00,36.38305823055699,36.400067997742994,35.89829122074058,36.144927978515625,22617700,0.0,0.0
2020-11-27 00:00:00-05:00,36.45109257576867,36.553147921378454,36.26398840524995,36.31501770019531,10769500,0.0,0.0
2020-11-30 00:00:00-05:00,36.09388863944875,36.61267503936557,36.06837561790545,36.587162017822266,34741600,0.0,0.0
2020-12-01 00:00:00-05:00,36.578641816849625,37.480139423734414,36.578641816849625,37.02939224243164,23942500,0.0,0.0
2020-12-02 00:00:00-05:00,36.901837777381985,37.386604695276404,36.86781824946079,37.32707214355469,17422200,0.0,0.0
2020-12-03 00:00:00-05:00,37.23351539659404,37.5396846209442,37.080430784418965,37.5141716003418,27710700,0.0,0.0
2020-12-04 00:00:00-05:00,37.327073806739534,37.854363535889554,37.327073806739534,37.743804931640625,17319800,0.0,0.0
2020-12-07 00:00:00-05:00,37.66725856254532,37.837352947160824,37.34407955620392,37.718284606933594,14086800,0.0,0.0
2020-12-08 00:00:00-05:00,37.59922328424623,37.87137302923033,37.36109306845536,37.73529815673828,13348500,0.0,0.0
2020-12-09 00:00:00-05:00,37.82034537500019,38.12651463618672,37.726793295828664,38.0074462890625,22679800,0.0,0.0
2020-12-10 00:00:00-05:00,37.8798837280151,37.93941628855472,37.51418185939679,37.692779541015625,17741500,0.0,0.0
2020-12-11 00:00:00-05:00,37.369600466456866,37.70128604639628,37.18249952373861,37.692779541015625,14577700,0.0,0.0
2020-12-14 00:00:00-05:00,37.650245991482635,38.194545386230814,37.54819066603743,37.624732971191406,16112300,0.0,0.0
2020-12-15 00:00:00-05:00,37.75230655977149,38.1009986107241,37.539689376403295,38.032962799072266,18159400,0.0,0.0
2020-12-16 00:00:00-05:00,38.01595303508912,38.39015810987607,37.871371663372756,38.032962799072266,16192000,0.0,0.0
2020-12-17 00:00:00-05:00,38.19454997426055,38.21155973792473,37.93090350388687,38.11800765991211,16141600,0.0,0.0
2020-12-18 00:00:00-05:00,38.18603981591367,38.75585219645866,38.075477994210864,38.64529037475586,41027000,0.0,0.0
2020-12-21 00:00:00-05:00,37.82034860145136,38.2370764969546,37.48015978349356,38.16904067993164,19865300,0.0,0.0
2020-12-22 00:00:00-05:00,37.794829107047484,38.33062531412392,37.794829107047484,38.0074462890625,16024000,0.0,0.0
2020-12-23 00:00:00-05:00,37.97343188891908,38.10100025788651,37.718288662422424,37.743804931640625,12032600,0.0,0.0
2020-12-24 00:00:00-05:00,37.803336680341204,37.922401786552285,37.61623251670618,37.879878997802734,5720500,0.0,0.0
2020-12-28 00:00:00-05:00,38.21155520901892,38.56024721210515,38.03295757813383,38.20304870605469,13458400,0.0,0.0
2020-12-29 00:00:00-05:00,38.24558394169468,38.483714173548904,37.87137558388823,37.964927673339844,11829000,0.0,0.0
2020-12-30 00:00:00-05:00,38.04996964834479,38.322119362666356,37.79482645242288,37.8288459777832,11043100,0.0,0.0
2020-12-31 00:00:00-05:00,37.74380675727155,38.13502163187712,37.556702580598866,38.05847930908203,15105500,0.0,0.0
2021-01-04 00:00:00-05:00,37.98989179383038,38.041331664925586,37.166817879794976,37.68981170654297,24392500,0.36,0.0
2021-01-05 00:00:00-05:00,37.449742030579166,37.78411420165003,37.19253291980092,37.70695114135742,17763700,0.0,0.0
2021-01-06 00:00:00-05:00,37.83555793457633,38.47000686656024,37.62978868032206,38.067047119140625,21823100,0.0,0.0
2021-01-07 00:00:00-05:00,37.8955721095254,38.675774920430726,37.8698489094224,38.54716873168945,18218800,0.0,0.0
2021-01-08 00:00:00-05:00,38.13563031978621,38.932980773933465,37.93843657862809,38.632904052734375,20936300,0.0,0.0
2021-01-11 00:00:00-05:00,38.710075388714664,39.39596752007546,38.598616895308645,38.89012145996094,25058200,0.0,0.0
2021-01-12 00:00:00-05:00,38.83867451879273,39.378815950208065,38.54716998269778,39.258785247802734,20145000,0.0,0.0
2021-01-13 00:00:00-05:00,38.830106102878844,39.413115232183436,38.7357953215808,38.89012145996094,19367300,0.0,0.0
2021-01-14 00:00:00-05:00,38.47001447060181,39.095891306391266,38.45286675680857,38.710079193115234,22333500,0.0,0.0
2021-01-15 00:00:00-05:00,38.54717124556018,39.138755827640985,38.47858367219211,38.95013427734375,30271700,0.0,0.0
2021-01-19 00:00:00-05:00,38.86439967116241,39.12160879931597,38.38427356684199,38.74436569213867,28868800,0.0,0.0
2021-01-20 00:00:00-05:00,38.864409802563024,39.010160480628294,38.701508138146124,38.872982025146484,16499400,0.0,0.0
2021-01-21 00:00:00-05:00,38.75294814406288,38.787243572801394,38.341412810977,38.675785064697266,17488400,0.0,0.0
2021-01-22 00:00:00-05:00,38.367133443766704,38.48716417593849,37.92130267384852,38.384281158447266,14643400,0.0,0.0
2021-01-25 00:00:00-05:00,38.61576466983048,38.727219892824984,38.332832325479046,38.6071891784668,16581300,0.0,0.0
2021-01-26 00:00:00-05:00,38.487157831402584,38.88154539226502,38.384274830871426,38.80438232421875,13087800,0.0,0.0
2021-01-27 00:00:00-05:00,38.78724158242962,39.833225940542725,38.65006314510699,39.1816291809082,29634500,0.0,0.0
2021-01-28 00:00:00-05:00,39.36168047721246,39.67033281969462,38.83868659362794,38.872982025146484,21166000,0.0,0.0
2021-01-29 00:00:00-05:00,38.45286427118138,38.89869498921087,38.135639762992014,38.221378326416016,22608100,0.0,0.0
2021-02-01 00:00:00-05:00,38.51288082703631,39.12161319919134,38.28996709639061,38.92441940307617,16776900,0.0,0.0
2021-02-02 00:00:00-05:00,39.02729477921448,39.38738687458623,38.95013172012179,39.2930793762207,16520900,0.0,0.0
2021-02-03 00:00:00-05:00,39.224498098943926,39.57601806037307,39.044452007366274,39.24164581298828,13173600,0.0,0.0
2021-02-04 00:00:00-05:00,39.32737781803577,40.57055918207372,39.24164252558837,40.51054382324219,22285700,0.0,0.0
2021-02-05 00:00:00-05:00,40.78490183202473,41.4450740683496,40.724886471503545,41.22216033935547,25488600,0.0,0.0
2021-02-08 00:00:00-05:00,41.63369499782935,42.3024394450605,41.63369499782935,41.95949172973633,25215400,0.0,0.0
2021-02-09 00:00:00-05:00,41.813734051409014,41.865177181242125,41.505081813592824,41.582244873046875,24795000,0.0,0.0
2021-02-10 00:00:00-05:00,39.567450559804534,40.64773050876067,39.2930936435429,40.50197982788086,44540900,0.0,0.0
2021-02-11 00:00:00-05:00,40.59628284164052,41.07640902695084,40.46767989116616,40.793479919433594,18589900,0.0,0.0
2021-02-12 00:00:00-05:00,40.6648724914746,40.887786228036205,40.219041747759405,40.54484176635742,15239800,0.0,0.0
2021-02-16 00:00:00-05:00,40.519103871276066,40.519103871276066,39.781772074203104,39.87607955932617,18539000,0.0,0.0
2021-02-17 00:00:00-05:00,39.71318688863775,39.78177772821116,39.32737159251544,39.65317153930664,13296300,0.0,0.0
2021-02-18 00:00:00-05:00,39.773210513347216,39.78178600537377,39.17305362457375,39.730342864990234,16867500,0.0,0.0
2021-02-19 00:00:00-05:00,39.90180968297376,39.96182503419414,39.078739205730244,39.16447448730469,25117700,0.0,0.0
2021-02-22 00:00:00-05:00,38.830103571006035,39.16447575883008,38.427140539222464,38.95013427734375,21435800,0.0,0.0
2021-02-23 00:00:00-05:00,38.804381048938865,39.25021173071076,38.6672026292084,39.01872253417969,19714900,0.0,0.0
2021-02-24 00:00:00-05:00,38.78724029806398,39.26736317749887,38.61576643944073,39.21592330932617,17823600,0.0,0.0
2021-02-25 00:00:00-05:00,39.08731332777374,39.64460249690128,38.78723655706908,39.02729797363281,21916700,0.0,0.0
2021-02-26 00:00:00-05:00,39.07874502880884,39.25021561750836,38.375701878655086,38.47001266479492,22144900,0.0,0.0
2021-03-01 00:00:00-05:00,38.7700857641072,39.62745163579048,38.7700857641072,39.3702392578125,17394100,0.0,0.0
2021-03-02 00:00:00-05:00,39.37881787814035,39.507424077351786,38.941559417294684,39.02729797363281,14833000,0.0,0.0
2021-03-03 00:00:00-05:00,38.95012977877323,39.03586505322913,38.581462211548924,38.69292068481445,16851100,0.0,0.0
2021-03-04 00:00:00-05:00,38.70150185613978,38.98443421435379,37.852711322681394,38.20423126220703,24653500,0.0,0.0
2021-03-05 00:00:00-05:00,38.967279496528775,40.07328225521566,38.812953378079854,39.65317153930664,33197600,0.0,0.0
2021-03-08 00:00:00-05:00,39.644603757859976,41.49651411597678,39.610308334233906,40.733455657958984,34824500,0.0,0.0
2021-03-09 00:00:00-05:00,40.99924214854677,41.47079279776607,40.913506856176625,41.05925750732422,26512700,0.0,0.0
2021-03-10 00:00:00-05:00,41.55653639703843,41.83089329058279,41.31647166224299,41.4022102355957,19841500,0.0,0.0
2021-03-11 00:00:00-05:00,41.59082155061961,42.07952315993737,41.35076012685002,41.83945846557617,21976600,0.0,0.0
2021-03-12 00:00:00-05:00,41.848040937154444,42.002367098346035,41.556536329413895,41.85661315917969,15196500,0.0,0.0
2021-03-15 00:00:00-04:00,41.925202019912156,42.38817721083289,41.925202019912156,42.362457275390625,15523600,0.0,0.0
2021-03-16 00:00:00-04:00,42.17383003063651,42.6453839210359,42.17383003063651,42.585365295410156,17282300,0.0,0.0
2021-03-17 00:00:00-04:00,42.53392671453466,42.53392671453466,41.91662216345646,42.37102508544922,18326900,0.0,0.0
2021-03-18 00:00:00-04:00,41.59939704180658,42.49963065153415,41.59939704180658,41.83945846557617,18416900,0.0,0.0
2021-03-19 00:00:00-04:00,41.76230044171909,42.199558968499986,41.4279281980584,41.99378967285156,65366800,0.0,0.0
2021-03-22 00:00:00-04:00,41.959489119870256,43.19409820177156,41.959489119870256,43.12550735473633,28813900,0.0,0.0
2021-03-23 00:00:00-04:00,42.88544850804788,43.451309947721626,42.78256550190496,42.87687301635742,28328200,0.0,0.0
2021-03-24 00:00:00-04:00,42.81685185648145,43.25411029688898,42.542495030206325,42.56821823120117,26444700,0.0,0.0
2021-03-25 00:00:00-04:00,43.365572062750275,44.068611892130036,43.11693514805481,43.3055534362793,34537700,0.0,0.0
2021-03-26 00:00:00-04:00,43.382723127232225,45.1317507471221,43.34843096905972,45.07173538208008,31997000,0.0,0.0
2021-03-29 00:00:00-04:00,44.925982802887745,45.388957989129295,44.82309652097455,45.028865814208984,25032800,0.0,0.0
2021-03-30 00:00:00-04:00,44.67734596118726,44.83167211381179,43.87999526282449,44.385841369628906,22465100,0.0,0.0
2021-03-31 00:00:00-04:00,44.437282640118035,44.62590094159218,44.19721792914539,44.33439636230469,22212400,0.0,0.0
2021-04-01 00:00:00-04:00,44.36868225619017,44.64303906356667,44.02573461167399,44.56587600708008,17896200,0.0,0.0
2021-04-05 00:00:00-04:00,44.58314475257647,45.69707321058359,44.58314475257647,45.256683349609375,19860900,0.37,0.0
2021-04-06 00:00:00-04:00,44.88538719057713,45.09263167613388,44.712684001619735,44.92856216430664,15126100,0.0,0.0
2021-04-07 00:00:00-04:00,44.91129317058794,45.02355074165184,44.53998574760328,44.70405197143555,15783600,0.0,0.0
2021-04-08 00:00:00-04:00,44.85084405214926,44.9026559949206,44.42772471532063,44.8249397277832,15111300,0.0,0.0
2021-04-09 00:00:00-04:00,44.75585775072132,45.03218150753905,44.626329548570936,44.980369567871094,13135800,0.0,0.0
2021-04-12 00:00:00-04:00,44.963097823979844,45.04081408456558,44.44499161610086,44.531341552734375,16441700,0.0,0.0
2021-04-13 00:00:00-04:00,44.591783920552636,44.799028365038566,44.332730835474244,44.60905456542969,13353200,0.0,0.0
2021-04-14 00:00:00-04:00,44.47952616826689,44.62632500201731,44.160027474629395,44.35863494873047,15376600,0.0,0.0
2021-04-15 00:00:00-04:00,44.69540600964152,44.85083852476091,44.35863665822913,44.5917854309082,17869800,0.0,0.0
2021-04-16 00:00:00-04:00,45.29123959952712,45.92160344498071,45.12717008621824,45.593467712402344,28327900,0.0,0.0
2021-04-19 00:00:00-04:00,45.360314878638896,45.73162555242425,45.3257768788284,45.63663864135742,20245600,0.0,0.0
2021-04-20 00:00:00-04:00,45.412130569804305,45.584833759275966,44.55725159364125,44.72132110595703,21257500,0.0,0.0
2021-04-21 00:00:00-04:00,44.76448878970361,44.96309627233806,44.453623758088355,44.84220504760742,14015500,0.0,0.0
2021-04-22 00:00:00-04:00,44.7385915966978,44.98037408468273,44.36728089355561,44.47090148925781,15564800,0.0,0.0
2021-04-23 00:00:00-04:00,44.47089968727713,45.01491355723888,44.19457591390845,44.8249397277832,14016800,0.0,0.0
2021-04-26 00:00:00-04:00,44.600422400658616,44.704042979391936,44.47089420671286,44.5917854309082,13778200,0.0,0.0
2021-04-27 00:00:00-04:00,44.53997507207378,44.61768803259975,44.34136430393403,44.35863494873047,13601000,0.0,0.0
2021-04-28 00:00:00-04:00,44.52270989106627,44.704046742624406,43.970059071875305,44.13412857055664,14984000,0.0,0.0
2021-04-29 00:00:00-04:00,44.19457692181566,44.557250647368534,44.02187373601174,44.43635940551758,13916600,0.0,0.0
2021-04-30 00:00:00-04:00,44.2291120318111,44.23774570757609,43.52966570944888,43.961421966552734,19930200,0.0,0.0
2021-05-03 00:00:00-04:00,44.22047344930175,44.3845429292025,43.875070432638694,44.18593215942383,13465900,0.0,0.0
2021-05-04 00:00:00-04:00,44.1341331930571,44.23775379136628,43.434686742881475,43.788726806640625,18164800,0.0,0.0
2021-05-05 00:00:00-04:00,44.03050647484714,44.255018288984836,43.76281639787925,44.151397705078125,16205300,0.0,0.0
2021-05-06 00:00:00-04:00,44.09958532605749,45.51574537012762,43.99596474318476,45.282596588134766,27106800,0.0,0.0
2021-05-07 00:00:00-04:00,45.31714025673652,46.35335602191678,45.09262843306637,46.13747787475586,24146000,0.0,0.0
2021-05-10 00:00:00-04:00,46.603777622336075,46.75057318806773,45.90433120727539,45.90433120727539,23845600,0.0,0.0
2021-05-11 00:00:00-04:00,45.852503493538826,45.86114046151678,44.99762812985663,45.61935806274414,20220900,0.0,0.0
2021-05-12 00:00:00-04:00,45.058089889690194,45.273968050030206,44.444996704894,44.5572509765625,22123300,0.0,0.0
2021-05-13 00:00:00-04:00,44.99764324261355,45.60210273659501,44.799035734912636,45.32577896118164,15864000,0.0,0.0
2021-05-14 00:00:00-04:00,45.705725340101935,45.95614480197703,45.4207645812704,45.6798210144043,14789400,0.0,0.0
2021-05-17 00:00:00-04:00,45.55893054200481,45.89570327633398,45.48985123596476,45.71436309814453,15731000,0.0,0.0
2021-05-18 00:00:00-04:00,45.593461441638176,46.05975900368935,45.541652797436214,45.705718994140625,20177200,0.0,0.0
2021-05-19 00:00:00-04:00,44.799041002897035,45.472579872914636,44.78177035314791,45.30851364135742,29187900,0.0,0.0
2021-05-20 00:00:00-04:00,43.529669127118886,45.740262522906185,43.261979040843215,45.63663864135742,48830800,0.0,0.0
2021-05-21 00:00:00-04:00,45.56755449188242,45.705716358518735,45.10989392628186,45.27396011352539,24468400,0.0,0.0
2021-05-24 00:00:00-04:00,45.731621336761414,46.43106764956284,45.5848257924913,46.10293197631836,21128900,0.0,0.0
2021-05-25 00:00:00-04:00,46.08567172126695,46.26701189112551,45.8870641962214,46.03386306762695,20657200,0.0,0.0
2021-05-26 00:00:00-04:00,46.06839420383894,46.29290931627171,45.61073359670611,45.68844985961914,18671200,0.0,0.0
2021-05-27 00:00:00-04:00,45.70572330510276,46.068397024879545,45.40349520528878,45.697086334228516,56216100,0.0,0.0
2021-05-28 00:00:00-04:00,45.92160350502059,45.95614480197703,45.62800906896964,45.6798210144043,14863500,0.0,0.0
2021-06-01 00:00:00-04:00,45.73162464674886,46.04248969716056,45.273964041442206,45.43803024291992,15741700,0.0,0.0
2021-06-02 00:00:00-04:00,45.46393402422249,45.757528403282166,45.248055901209156,45.73162078857422,14529300,0.0,0.0
2021-06-03 00:00:00-04:00,45.59347202458436,46.24974355181057,45.43803946782234,46.0511360168457,17593100,0.0,0.0
2021-06-04 00:00:00-04:00,46.1461068986939,46.77647062956418,46.1461068986939,46.690120697021484,11676700,0.0,0.0
2021-06-07 00:00:00-04:00,46.90600281370384,47.009623400380036,46.44834220301485,46.56059646606445,14899800,0.0,0.0
2021-06-08 00:00:00-04:00,46.60377004891299,46.96644371287028,46.53468746870852,46.7419319152832,15329700,0.0,0.0
2021-06-09 00:00:00-04:00,46.78511547451185,46.99235666511444,46.577870989869915,46.64695358276367,14860900,0.0,0.0
2021-06-10 00:00:00-04:00,47.000993915583926,47.56227845704387,46.862832023014626,47.519100189208984,22183500,0.0,0.0
2021-06-11 00:00:00-04:00,47.657248365900095,47.79541021870607,47.095967280017646,47.29457473754883,17134000,0.0,0.0
2021-06-14 00:00:00-04:00,46.96644781714833,47.087339049031804,46.22382648524812,46.77647399902344,15131400,0.0,0.0
2021-06-15 00:00:00-04:00,46.828285709983945,46.90600197210645,46.39652943020091,46.448341369628906,12542600,0.0,0.0
2021-06-16 00:00:00-04:00,46.50014853427688,46.560594147998565,45.878421751133956,46.17201614379883,15477900,0.0,0.0
2021-06-17 00:00:00-04:00,46.1202080733053,46.24109931088568,45.7748017138992,45.87842559814453,18288400,0.0,0.0
2021-06-18 00:00:00-04:00,45.602108939074505,45.62801326715557,44.799041828164576,44.96310806274414,35758300,0.0,0.0
2021-06-21 00:00:00-04:00,45.22215019319189,46.12020401336106,45.1530709038152,45.92159652709961,17682200,0.0,0.0
2021-06-22 00:00:00-04:00,46.02522198995157,46.07703393300879,45.60210265078817,45.99068069458008,16451200,0.0,0.0
2021-06-23 00:00:00-04:00,45.999311218432865,46.01658186369805,45.412122455571655,45.55891799926758,14749800,0.0,0.0
2021-06-24 00:00:00-04:00,45.714352823553355,45.809339730294234,45.429395397369646,45.57619094848633,13974300,0.0,0.0
2021-06-25 00:00:00-04:00,45.56755467689399,45.93886531261895,45.46393410000572,45.81797409057617,16682700,0.0,0.0
2021-06-28 00:00:00-04:00,45.90432394579263,46.01658149209041,45.697079498322786,45.73162078857422,14008700,0.0,0.0
2021-06-29 00:00:00-04:00,45.671179212967466,45.93023232466456,45.56755862709643,45.68844985961914,10926100,0.0,0.0
2021-06-30 00:00:00-04:00,45.722995527968074,45.826616123754135,45.43803477200722,45.766170501708984,15826400,0.0,0.0
2021-07-01 00:00:00-04:00,45.80933737270419,46.284268587927194,45.76616240660005,46.1461067199707,15074800,0.0,0.0
2021-07-02 00:00:00-04:00,46.2504633724425,46.624362862537346,45.94612812097251,46.55480194091797,15066000,0.37,0.0
2021-07-06 00:00:00-04:00,46.27654520489841,46.39827928860986,45.51135527113434,46.06785583496094,19394500,0.0,0.0
2021-07-07 00:00:00-04:00,46.14611500110007,46.34610718853687,45.79830048216342,46.31132507324219,14411600,0.0,0.0
2021-07-08 00:00:00-04:00,46.22437310201057,46.71131276512086,46.00698985692643,46.31132507324219,15691800,0.0,0.0
2021-07-09 00:00:00-04:00,46.398282880633914,46.89391644097533,46.337415834066036,46.72870635986328,14673400,0.0,0.0
2021-07-12 00:00:00-04:00,46.98956695470691,46.98956695470691,46.19829200958643,46.28524398803711,14000600,0.0,0.0
2021-07-13 00:00:00-04:00,46.38088974555711,46.58957912230765,46.25915565787143,46.36349868774414,9927400,0.0,0.0
2021-07-14 00:00:00-04:00,46.52001072826302,47.128684429230034,46.38088559521382,47.03303527832031,17113700,0.0,0.0
2021-07-15 00:00:00-04:00,46.81564261229447,46.8417275329183,46.29392429779284,46.65043258666992,14952400,0.0,0.0
2021-07-16 00:00:00-04:00,46.850428677081865,47.31128000440455,46.65043652905496,46.693912506103516,14144900,0.0,0.0
2021-07-19 00:00:00-04:00,46.66783298054009,46.69392122524422,45.850473181586814,46.137420654296875,19925300,0.0,0.0
2021-07-20 00:00:00-04:00,46.328710391108025,46.89390808510504,46.25045229989313,46.58957290649414,17250200,0.0,0.0
2021-07-21 00:00:00-04:00,46.79826780264342,46.867832037790734,46.450453260917456,46.850440979003906,14068600,0.0,0.0
2021-07-22 00:00:00-04:00,46.87651362226183,47.43301408955935,46.76347342827814,47.424320220947266,15729800,0.0,0.0
2021-07-23 00:00:00-04:00,47.72866589793304,48.11995641181493,47.39824242876554,48.02430725097656,13042500,0.0,0.0
2021-07-26 00:00:00-04:00,47.937348950868,48.38950644978822,47.937348950868,48.23299026489258,10097400,0.0,0.0
2021-07-27 00:00:00-04:00,48.15473482463835,48.18081975122272,47.64171026078142,48.067779541015625,14738700,0.0,0.0
2021-07-28 00:00:00-04:00,48.224289811273465,48.27646297503882,47.31128100590909,47.62431335449219,18835700,0.0,0.0
2021-07-29 00:00:00-04:00,47.82430676345067,48.12864193423443,47.73735480522805,47.88517379760742,10680200,0.0,0.0
2021-07-30 00:00:00-04:00,47.89387981795689,48.25038821963717,47.833009455567634,48.14604187011719,13438800,0.0,0.0
2021-08-02 00:00:00-04:00,48.346034652431364,48.64167601232272,48.050393292540015,48.215606689453125,12468800,0.0,0.0
2021-08-03 00:00:00-04:00,48.29386058476391,49.05904718849084,48.05908629145964,48.91122817993164,17357400,0.0,0.0
2021-08-04 00:00:00-04:00,49.01557238586536,49.01557238586536,48.2329947063298,48.42428970336914,11662400,0.0,0.0
2021-08-05 00:00:00-04:00,48.27646715910321,48.676451498290234,48.2590761030075,48.48515319824219,10785200,0.0,0.0
2021-08-06 00:00:00-04:00,48.232994467210034,48.65036989096083,47.954744184709504,48.337337493896484,18386100,0.0,0.0
2021-08-09 00:00:00-04:00,48.537325448298155,48.75470866987491,48.17212322821147,48.23299026489258,8707200,0.0,0.0
2021-08-10 00:00:00-04:00,48.259075734739085,48.406894734917444,48.04169251070873,48.3547248840332,10441900,0.0,0.0
2021-08-11 00:00:00-04:00,48.59819033170678,48.702533344679104,48.34602500976946,48.572105407714844,12604500,0.0,0.0
2021-08-12 00:00:00-04:00,48.56341798548354,49.0851397892475,48.398207905311175,49.03296661376953,11209700,0.0,0.0
2021-08-13 00:00:00-04:00,49.03295577042676,49.23294792335738,48.91991557372527,49.10251998901367,10841700,0.0,0.0
2021-08-16 00:00:00-04:00,48.95471176887922,49.06775199810605,48.63298545785489,48.937320709228516,14407400,0.0,0.0
2021-08-17 00:00:00-04:00,48.58079965301241,48.71123090799156,48.372113625451306,48.70253372192383,11987500,0.0,0.0
2021-08-18 00:00:00-04:00,48.51123911733215,48.815574291918324,47.85039228536699,47.95473861694336,17111700,0.0,0.0
2021-08-19 00:00:00-04:00,47.61562698807446,49.989455065217136,47.46780796599146,49.79815673828125,39881600,0.0,0.0
2021-08-20 00:00:00-04:00,49.780766070083494,50.72855720741683,49.432951530564644,50.62421417236328,21876500,0.0,0.0
2021-08-23 00:00:00-04:00,50.302482119927404,51.04158715126652,50.2068362773588,50.902462005615234,16225400,0.0,0.0
2021-08-24 00:00:00-04:00,50.85898169610911,51.67634144270252,50.806808527048105,51.580692291259766,17658300,0.0,0.0
2021-08-25 00:00:00-04:00,51.7719982217551,52.406756945661755,51.450268607318804,51.60678482055664,18069600,0.0,0.0
2021-08-26 00:00:00-04:00,51.667651519119325,51.85025597799975,51.29375536447253,51.476356506347656,13729400,0.0,0.0
2021-08-27 00:00:00-04:00,51.53721124098457,51.606772142554156,51.18070291330357,51.319828033447266,14795200,0.0,0.0
2021-08-30 00:00:00-04:00,51.28505410993733,51.49374348196472,51.128537910168035,51.41548538208008,11798600,0.0,0.0
2021-08-31 00:00:00-04:00,51.39808612084087,51.458953153590954,50.93723478230323,51.319828033447266,19873900,0.0,0.0
2021-09-01 00:00:00-04:00,51.31983581039684,51.424178837065504,51.006803413385825,51.33722686767578,11629700,0.0,0.0
2021-09-02 00:00:00-04:00,51.60678943682416,51.92851908003943,51.35462735250072,51.7633056640625,12855700,0.0,0.0
2021-09-03 00:00:00-04:00,51.58938210443833,51.8763262007498,51.545902811266096,51.66763687133789,9732200,0.0,0.0
2021-09-07 00:00:00-04:00,51.51113343653777,51.624170331836005,51.08506083139796,51.19810104370117,15503600,0.0,0.0
2021-09-08 00:00:00-04:00,50.911141181188604,51.24156455061491,50.85897133975572,51.0241813659668,13124500,0.0,0.0
2021-09-09 00:00:00-04:00,50.82420765226515,51.250276991055976,50.65030037812374,50.95463562011719,14958800,0.0,0.0
2021-09-10 00:00:00-04:00,51.08504844250436,51.258955653794565,50.276382729458426,50.337249755859375,13622100,0.0,0.0
2021-09-13 00:00:00-04:00,50.572028662572734,50.893754877110034,50.19812928473028,50.51985549926758,13553200,0.0,0.0
2021-09-14 00:00:00-04:00,50.64160340824087,50.84159560031382,50.137272675792,50.31987380981445,12810300,0.0,0.0
2021-09-15 00:00:00-04:00,50.24161467223578,51.82416443517743,49.615553180339084,50.05031967163086,37524600,0.0,0.0
2021-09-16 00:00:00-04:00,50.702468446813256,51.1459288000368,49.67641928146699,49.85032653808594,24029600,0.0,0.0
2021-09-17 00:00:00-04:00,49.90250152693428,49.954674704388836,49.102532707996616,49.432952880859375,40262700,0.0,0.0
2021-09-20 00:00:00-04:00,49.02425901415855,49.04165006778098,48.07646815226442,48.59818649291992,21897000,0.0,0.0
2021-09-21 00:00:00-04:00,48.65906591466453,49.01557431220959,48.024307222304074,48.050392150878906,18700600,0.0,0.0
2021-09-22 00:00:00-04:00,48.4851524053552,48.80688196235739,48.146035109546425,48.276466369628906,17940600,0.0,0.0
2021-09-23 00:00:00-04:00,48.43299494916077,49.47643534582781,48.34603964785193,49.29383087158203,16262500,0.0,0.0
2021-09-24 00:00:00-04:00,49.0851336825614,49.39816606247433,48.88514151028476,49.3286018371582,13156400,0.0,0.0
2021-09-27 00:00:00-04:00,49.09382166755921,49.27642276161921,48.73731334805922,48.885135650634766,13859500,0.0,0.0
2021-09-28 00:00:00-04:00,48.50254346116651,48.685147888682934,48.18081722116905,48.276466369628906,17803200,0.0,0.0
2021-09-29 00:00:00-04:00,48.36342185720665,48.6764542506198,48.11995369210975,48.2416877746582,14051700,0.0,0.0
2021-09-30 00:00:00-04:00,48.51994515009659,48.60690044820936,47.31129470087549,47.32868576049805,18538000,0.0,0.0
2021-10-01 00:00:00-04:00,47.47649256926738,48.18081537613292,46.98955629321628,47.946041107177734,18338000,0.0,0.0
2021-10-04 00:00:00-04:00,47.709684125759374,47.86725766158464,47.228210917143464,47.473323822021484,17084100,0.37,0.0
2021-10-05 00:00:00-04:00,47.3857888541842,48.173653267074876,47.3857888541842,47.876014709472656,14135000,0.0,0.0
2021-10-06 00:00:00-04:00,47.578380168199914,47.60464465510262,46.37907323459847,47.21946334838867,26339200,0.0,0.0
2021-10-07 00:00:00-04:00,47.700929457190036,48.506302303690546,47.578369670650076,48.164894104003906,14725500,0.0,0.0
2021-10-08 00:00:00-04:00,48.32247422056244,48.41001359775492,47.928540344369914,48.21742630004883,9255500,0.0,0.0
2021-10-11 00:00:00-04:00,48.36623531119332,48.48003915284342,48.059844206072974,48.08610534667969,8117600,0.0,0.0
2021-10-12 00:00:00-04:00,48.13863520259509,48.199913429010486,47.333258979201084,47.517093658447266,14241900,0.0,0.0
2021-10-13 00:00:00-04:00,47.552110153738276,47.92853544815535,47.34201433417372,47.81473159790039,13737100,0.0,0.0
2021-10-14 00:00:00-04:00,48.22618236066597,48.891490357517355,48.12988703520028,48.71641159057617,14455900,0.0,0.0
2021-10-15 00:00:00-04:00,48.926501455274305,48.926501455274305,48.11237259892266,48.366241455078125,15202200,0.0,0.0
2021-10-18 00:00:00-04:00,48.18240021775986,48.57633402040501,47.77095787506242,48.3137092590332,10989600,0.0,0.0
2021-10-19 00:00:00-04:00,48.4012626435993,48.83021028162423,48.17365491208896,48.795196533203125,13258400,0.0,0.0
2021-10-20 00:00:00-04:00,48.847715614758755,49.22414093570276,48.847715614758755,49.197879791259766,11613600,0.0,0.0
2021-10-21 00:00:00-04:00,49.05781354893239,49.127844378815176,48.611354068204236,48.75141906738281,12619900,0.0,0.0
2021-10-22 00:00:00-04:00,48.628864604708674,48.90024201273904,48.094865729875465,48.24368667602539,15026600,0.0,0.0
2021-10-25 00:00:00-04:00,48.243682094942024,48.51505613779035,47.98106065307698,48.26994323730469,10218900,0.0,0.0
2021-10-26 00:00:00-04:00,48.63761644025314,49.32918546525961,48.49755144715416,48.856468200683594,15250000,0.0,0.0
2021-10-27 00:00:00-04:00,49.13660445572017,49.6530948098063,48.96152235715629,49.18037414550781,16279000,0.0,0.0
2021-10-28 00:00:00-04:00,49.22413895672324,49.62682540592087,48.92650042048739,49.23289489746094,11209200,0.0,0.0
2021-10-29 00:00:00-04:00,49.30292356431056,49.53053126172868,48.900237132771174,48.99653244018555,13550400,0.0,0.0
2021-11-01 00:00:00-04:00,48.90898547607409,49.241641052889115,48.58508583885059,49.110328674316406,14341400,0.0,0.0
2021-11-02 00:00:00-04:00,49.34669724183429,50.65980789050033,49.26791046933781,50.440956115722656,22097900,0.0,0.0
2021-11-03 00:00:00-04:00,50.40594207696767,50.712333224111745,50.00325227576153,50.467220306396484,13219400,0.0,0.0
2021-11-04 00:00:00-04:00,50.42344510837527,50.502231877020755,49.513024307754314,50.00325012207031,18070400,0.0,0.0
2021-11-05 00:00:00-04:00,50.23086150988857,50.59853089758438,49.836927637776526,49.9594841003418,15637700,0.0,0.0
2021-11-08 00:00:00-05:00,49.985744177883085,50.35341689714028,49.539288025299086,49.8982048034668,15045300,0.0,0.0
2021-11-09 00:00:00-05:00,49.95946756463456,50.44969659205157,49.8106500063222,50.28336715698242,14459800,0.0,0.0
2021-11-10 00:00:00-05:00,50.68606947641357,51.32511622149876,50.50223145815691,50.572265625,17876300,0.0,0.0
2021-11-11 00:00:00-05:00,50.397191373605665,50.57227347848942,49.6268321157652,49.6881103515625,17440700,0.0,0.0
2021-11-12 00:00:00-05:00,49.87194350414534,50.02951704913578,49.29417495231811,49.740631103515625,16663600,0.0,0.0
2021-11-15 00:00:00-05:00,49.83692490779917,50.51098875439729,49.7493855363087,50.13456344604492,19041800,0.0,0.0
2021-11-16 00:00:00-05:00,50.108303977244205,50.8436460763455,49.83692657349278,49.8982048034668,21136900,0.0,0.0
2021-11-17 00:00:00-05:00,49.55680127745973,50.02076601690029,49.25916270098138,49.6881103515625,31496300,0.0,0.0
2021-11-18 00:00:00-05:00,46.160214273613164,47.21070342261108,44.71579461572736,46.948081970214844,70834000,0.0,0.0
2021-11-19 00:00:00-05:00,46.878038882898785,47.000595314738646,46.20397516836722,46.61541748046875,30030800,0.0,0.0
2021-11-22 00:00:00-05:00,46.702959630938,48.611347056617944,46.659189951147866,47.797218322753906,39949300,0.0,0.0
2021-11-23 00:00:00-05:00,47.805981603060104,48.65512754690925,47.68342514506394,48.410011291503906,25653100,0.0,0.0
2021-11-24 00:00:00-05:00,48.2787051223983,48.80394807080309,48.2787051223983,48.620113372802734,19328700,0.0,0.0
2021-11-26 00:00:00-05:00,47.67466675676896,48.313713497381805,47.67466675676896,47.85850143432617,16730300,0.0,0.0
2021-11-29 00:00:00-05:00,48.2699393534245,49.18911599570008,47.998565332411374,48.81269073486328,25724500,0.0,0.0
2021-11-30 00:00:00-05:00,48.65513079100763,48.6726359952488,47.40329830472957,48.007328033447266,45141300,0.0,0.0
2021-12-01 00:00:00-05:00,48.61136390676782,49.35546207877678,48.08612088839628,48.17366027832031,24120500,0.0,0.0
2021-12-02 00:00:00-05:00,48.27871034917129,49.55680411089558,48.21743210987037,49.154117584228516,22384700,0.0,0.0
2021-12-03 00:00:00-05:00,49.28541457680928,49.74062662811145,48.73390721896454,49.22413635253906,26235400,0.0,0.0
2021-12-06 00:00:00-05:00,49.63558151381583,50.04702056572381,49.43423828853896,49.86318588256836,23172800,0.0,0.0
2021-12-07 00:00:00-05:00,49.98574883940333,50.96620728924838,49.90696205931602,50.843650817871094,24254800,0.0,0.0
2021-12-08 00:00:00-05:00,50.84364312547611,50.88741281014395,49.574302233631606,49.91571044921875,23631300,0.0,0.0
2021-12-09 00:00:00-05:00,50.073289467911444,50.624796905464954,49.83692913753137,50.37968063354492,16480200,0.0,0.0
2021-12-10 00:00:00-05:00,50.694813505746424,51.94664564138899,50.694813505746424,51.86785888671875,19901500,0.0,0.0
2021-12-13 00:00:00-05:00,51.736557157777604,52.095473927455785,51.246331329580876,51.30760955810547,18496300,0.0,0.0
2021-12-14 00:00:00-05:00,51.0712473758119,51.237573512944905,50.22210146961033,50.572265625,19114200,0.0,0.0
2021-12-15 00:00:00-05:00,50.7035724342257,52.55068176028542,50.686067232702705,52.46314239501953,27953900,0.0,0.0
2021-12-16 00:00:00-05:00,52.568195355433154,53.18973359105236,52.41062181127433,52.79580307006836,24599300,0.0,0.0
2021-12-17 00:00:00-05:00,52.760782629464245,53.22474729141841,52.34058765156772,52.92710876464844,62171000,0.0,0.0
2021-12-20 00:00:00-05:00,52.235539872371014,52.88334259345926,51.911640181533414,52.83957290649414,21342100,0.0,0.0
2021-12-21 00:00:00-05:00,52.909599956609306,53.609928255655085,52.52442206366438,53.426090240478516,20761100,0.0,0.0
2021-12-22 00:00:00-05:00,53.37356662957655,53.92507064316572,53.06717217150317,53.863792419433594,17095500,0.0,0.0
2021-12-23 00:00:00-05:00,54.09140381443301,55.063106199271544,54.09140381443301,54.52035140991211,17771400,0.0,0.0
2021-12-27 00:00:00-05:00,54.63415094287551,55.56208356857056,54.52034709740992,55.518310546875,14779700,0.0,0.0
2021-12-28 00:00:00-05:00,55.518313454934564,55.88598615207729,55.351987317782424,55.61460876464844,12865000,0.0,0.0
2021-12-29 00:00:00-05:00,55.719661406631715,56.2799213977829,55.63211869588124,55.99103546142578,15069900,0.0,0.0
2021-12-30 00:00:00-05:00,56.06107023224836,56.14860960452624,55.56208846355584,55.693397521972656,9076700,0.0,0.0
2021-12-31 00:00:00-05:00,55.632114237759836,55.86847452872576,55.43077102828798,55.47454071044922,10359100,0.0,0.0
2022-01-03 00:00:00-05:00,55.06310987918327,55.45704041662789,54.712945690995625,55.290714263916016,17184300,0.0,0.0
2022-01-04 00:00:00-05:00,54.98251464242919,55.30832633171682,53.81136414567864,53.93464279174805,29682500,0.37,0.0
2022-01-05 00:00:00-05:00,53.88180075363845,54.278055893234175,53.054070407997955,53.08048629760742,30317900,0.0,0.0
2022-01-06 00:00:00-05:00,52.83392816396336,53.82896808493006,52.75467713735379,53.644046783447266,19616600,0.0,0.0
2022-01-07 00:00:00-05:00,53.60002294359009,54.15478016879146,53.42390916553193,53.82897186279297,20152400,0.0,0.0
2022-01-10 00:00:00-05:00,53.600034915263954,54.50701989915853,53.29183825414404,54.43657302856445,24715300,0.0,0.0
2022-01-11 00:00:00-05:00,54.242835866402736,54.973706876239326,54.10194551450653,54.92087173461914,22804200,0.0,0.0
2022-01-12 00:00:00-05:00,54.94729383272953,55.317129765965454,54.524619396044,54.70073318481445,13405400,0.0,0.0
2022-01-13 00:00:00-05:00,54.665507122399134,54.72714643784878,53.899412729083636,54.15477752685547,14871600,0.0,0.0
2022-01-14 00:00:00-05:00,54.1283721594048,54.15478805427812,53.661670075730484,54.03150939941406,18831900,0.0,0.0
2022-01-18 00:00:00-05:00,52.81632518058871,53.02766240617277,52.384849910362654,52.59618377685547,26545800,0.0,0.0
2022-01-19 00:00:00-05:00,51.07279659788597,52.38484060917637,50.879071122088426,51.86530685424805,24333900,0.0,0.0
2022-01-20 00:00:00-05:00,51.94456791415614,52.25276454055954,51.09041817942202,51.143253326416016,17726500,0.0,0.0
2022-01-21 00:00:00-05:00,51.134427603410714,51.372180641691415,49.848803048935864,49.91044235229492,25914000,0.0,0.0
2022-01-24 00:00:00-05:00,49.45255565507957,50.19223076919983,48.316625415700145,50.10417556762695,34180100,0.0,0.0
2022-01-25 00:00:00-05:00,49.39091947571479,49.919257436853115,48.492742254506965,49.408531188964844,25156400,0.0,0.0
2022-01-26 00:00:00-05:00,49.40853502085509,49.70792745114382,48.307828050542305,48.72169494628906,28632700,0.0,0.0
2022-01-27 00:00:00-05:00,48.880187870529824,49.77836505502046,47.90276301828981,48.09648513793945,25967400,0.0,0.0
2022-01-28 00:00:00-05:00,47.99081824809567,49.012274061764906,47.06622517384958,48.96824645996094,30976600,0.0,0.0
2022-01-31 00:00:00-05:00,48.809753773630426,49.18839726817603,48.316635805152316,49.021087646484375,29925300,0.0,0.0
2022-02-01 00:00:00-05:00,48.82736290609411,48.87139051401824,48.2021621399345,48.75691604614258,22438500,0.0,0.0
2022-02-02 00:00:00-05:00,48.63363434815713,49.5934509206678,48.580799206509326,49.46136474609375,23316700,0.0,0.0
2022-02-03 00:00:00-05:00,49.197193149244676,49.443753771445756,48.483937249792504,48.607215881347656,19260500,0.0,0.0
2022-02-04 00:00:00-05:00,48.33423774395491,48.97705012908463,47.89395501229696,48.56318664550781,19675900,0.0,0.0
2022-02-07 00:00:00-05:00,48.72169663930383,48.8978070734006,48.16693936644359,48.58080291748047,14450200,0.0,0.0
2022-02-08 00:00:00-05:00,48.48393438961825,48.86257779796679,48.17573446982098,48.730491638183594,15219900,0.0,0.0
2022-02-09 00:00:00-05:00,49.15316879114402,49.64628670900739,48.853776369421794,49.56703567504883,19136700,0.0,0.0
2022-02-10 00:00:00-05:00,48.642435311911086,49.33807944127583,48.20215260161138,48.31662368774414,19730600,0.0,0.0
2022-02-11 00:00:00-05:00,48.31662871506597,48.51035420266384,47.3480079952583,47.46248245239258,20132500,0.0,0.0
2022-02-14 00:00:00-05:00,47.03100179321336,47.24233898479909,46.40580111337042,46.82847213745117,21868400,0.0,0.0
2022-02-15 00:00:00-05:00,47.303981559292005,47.81470782226208,47.23353470421148,47.788291931152344,17678000,0.0,0.0
2022-02-16 00:00:00-05:00,47.66502397076961,47.93799719762504,47.01340385167624,47.77069091796875,20388700,0.0,0.0
2022-02-17 00:00:00-05:00,48.87138539994915,50.24506879343663,48.783330193315294,49.10913848876953,32884700,0.0,0.0
2022-02-18 00:00:00-05:00,48.836161863020806,50.79982252650621,48.76571836969148,50.37715148925781,35626200,0.0,0.0
2022-02-22 00:00:00-05:00,50.13060495042471,50.315522938958296,49.08273298964286,49.57584762573242,25188300,0.0,0.0
2022-02-23 00:00:00-05:00,49.84881334253309,50.18342917207215,47.87634515046538,47.937984466552734,22033700,0.0,0.0
2022-02-24 00:00:00-05:00,47.6121786218266,48.28141031532407,46.8548917177015,48.19335174560547,27739300,0.0,0.0
2022-02-25 00:00:00-05:00,48.413488893089315,49.50539154837665,47.982013696058445,49.34688949584961,18963700,0.0,0.0
2022-02-28 00:00:00-05:00,48.79213437034235,49.31166815130004,48.21096127292281,49.10913848876953,23868700,0.0,0.0
2022-03-01 00:00:00-05:00,48.89779958305992,49.17958026536004,47.77948103057915,48.09648513793945,17799600,0.0,0.0
2022-03-02 00:00:00-05:00,48.22857844635987,49.646289603673196,48.17574330094323,49.44375991821289,18660000,0.0,0.0
2022-03-03 00:00:00-05:00,49.96329461425281,50.19224019679947,49.17078421487737,49.373313903808594,16794600,0.0,0.0
2022-03-04 00:00:00-05:00,49.02108601247034,50.10418467133655,48.651250067757964,49.76076126098633,16729000,0.0,0.0
2022-03-07 00:00:00-05:00,49.584649936317476,49.69912104528943,48.88900230906713,48.95064163208008,21350900,0.0,0.0
2022-03-08 00:00:00-05:00,49.04749391089849,49.18838424185359,47.61217135491867,47.90275955200195,23642400,0.0,0.0
2022-03-09 00:00:00-05:00,48.99466511032228,49.53181061623735,48.65124509417091,49.2412223815918,19150900,0.0,0.0
2022-03-10 00:00:00-05:00,47.902766124141706,48.57199444822229,47.52412267792147,48.17573928833008,18550900,0.0,0.0
2022-03-11 00:00:00-05:00,48.68647201233142,49.496590738359025,48.07887960871959,48.15813064575195,20330300,0.0,0.0
2022-03-14 00:00:00-04:00,48.19335985488653,48.78334061445617,47.55054730368693,47.81471633911133,17977500,0.0,0.0
2022-03-15 00:00:00-04:00,47.920370810503094,49.07391277453419,47.920370810503094,48.95943832397461,18829100,0.0,0.0
2022-03-16 00:00:00-04:00,49.25002650339968,49.31166581694361,48.07887282788376,49.14435958862305,21821800,0.0,0.0
2022-03-17 00:00:00-04:00,48.86258326954002,49.5758392067852,48.7393012723618,49.46136474609375,18830500,0.0,0.0
2022-03-18 00:00:00-04:00,49.33808339708561,49.68150340119949,48.906608187487926,49.28525161743164,51807200,0.0,0.0
2022-03-21 00:00:00-04:00,49.364511173262144,49.795986457393155,48.889004919692525,49.311676025390625,29174600,0.0,0.0
2022-03-22 00:00:00-04:00,49.62867434843301,49.94567848013796,49.3909212496543,49.46136474609375,29287900,0.0,0.0
2022-03-23 00:00:00-04:00,49.22361417286669,49.39092041328187,47.94679349027241,47.973209381103516,19742100,0.0,0.0
2022-03-24 00:00:00-04:00,48.14052019412565,48.15813190938286,47.26876212298654,47.99082565307617,20551500,0.0,0.0
2022-03-25 00:00:00-04:00,48.0876780711157,48.58960009124007,47.902760139299446,48.40468215942383,18090600,0.0,0.0
2022-03-28 00:00:00-04:00,48.254989912507114,48.571994037741895,47.92037407374919,48.55438232421875,17164600,0.0,0.0
2022-03-29 00:00:00-04:00,49.021087646484375,49.58465247864136,48.46633371092426,49.021087646484375,20036500,0.0,0.0
2022-03-30 00:00:00-04:00,49.0915324370757,50.13940429686331,48.950642074758946,49.3557014465332,16125400,0.0,0.0
2022-03-31 00:00:00-04:00,49.34688714085615,50.08656223098577,49.065106474053486,49.10032653808594,27587700,0.0,0.0
2022-04-01 00:00:00-04:00,49.46136262371861,49.478974336845496,48.33423985632421,49.01227569580078,17465100,0.0,0.0
2022-04-04 00:00:00-04:00,48.8361652147447,49.41733835073468,48.42230168518994,49.19719696044922,19629200,0.0,0.0
2022-04-05 00:00:00-04:00,48.94008642237004,49.28585822617915,48.470188371724205,48.691837310791016,16063600,0.38,0.0
2022-04-06 00:00:00-04:00,48.487918734000736,48.54998016386488,47.734313724453706,48.20420837402344,19644100,0.0,0.0
2022-04-07 00:00:00-04:00,48.25740308813653,48.62977164998542,47.64565328705873,48.434722900390625,15739000,0.0,0.0
2022-04-08 00:00:00-04:00,48.62089962798803,48.68296104532151,47.88502370518587,48.12440490722656,18148200,0.0,0.0
2022-04-11 00:00:00-04:00,47.80523561245434,47.83183578166022,46.80338496750783,46.8831787109375,20992100,0.0,0.0
2022-04-12 00:00:00-04:00,45.836999353273946,46.94524400213408,45.6419472128044,45.943389892578125,25254200,0.0,0.0
2022-04-13 00:00:00-04:00,45.96112364442479,46.422153838562245,45.57988720277447,46.23596954345703,17004600,0.0,0.0
2022-04-14 00:00:00-04:00,46.17390508539405,46.43988311555349,45.322770653952006,45.36709976196289,18024800,0.0,0.0
2022-04-18 00:00:00-04:00,45.109994811824826,45.71288022052309,45.039065525109955,45.31391143798828,13990700,0.0,0.0
2022-04-19 00:00:00-04:00,45.21638297233429,46.049781754662554,45.145453689364544,45.9522590637207,15490900,0.0,0.0
2022-04-20 00:00:00-04:00,46.298025493598324,47.583586468436856,46.23596406924449,47.007301330566406,19526200,0.0,0.0
2022-04-21 00:00:00-04:00,47.29101230068464,47.72544565909185,46.75018841082642,46.794517517089844,17147300,0.0,0.0
2022-04-22 00:00:00-04:00,46.91864002352207,46.95410466111044,45.47349155378298,45.535552978515625,17693000,0.0,0.0
2022-04-25 00:00:00-04:00,45.615344220616336,46.08523880556545,44.80854236124081,46.049774169921875,18677000,0.0,0.0
2022-04-26 00:00:00-04:00,45.99658709731245,46.049780676199624,45.101123522309784,45.127723693847656,19238300,0.0,0.0
2022-04-27 00:00:00-04:00,45.13658846637636,45.313908288745566,43.664839690272274,43.71803665161133,33668600,0.0,0.0
2022-04-28 00:00:00-04:00,43.913090187693854,45.0213349704004,43.62937979388855,44.88834762573242,20170700,0.0,0.0
2022-04-29 00:00:00-04:00,44.78194734010526,44.89720572814627,43.327930932551126,43.42545700073242,20281400,0.0,0.0
2022-05-02 00:00:00-04:00,43.74462783277046,44.2499870633697,43.38112376546059,44.205657958984375,22499200,0.0,0.0
2022-05-03 00:00:00-04:00,44.125866592043366,44.64895816895569,43.91308214461545,44.258853912353516,15828200,0.0,0.0
2022-05-04 00:00:00-04:00,44.35638379108749,45.80153579431162,44.03720878354406,45.73060989379883,23942300,0.0,0.0
2022-05-05 00:00:00-04:00,45.3493747075045,45.40256828883464,43.58504764800882,43.98401641845703,24846500,0.0,0.0
2022-05-06 00:00:00-04:00,43.576187470000534,44.18793739020516,43.31020600877744,43.735774993896484,21743900,0.0,0.0
2022-05-09 00:00:00-04:00,43.44319474668804,43.81556336396853,43.15061650560085,43.40773010253906,22421200,0.0,0.0
2022-05-10 00:00:00-04:00,44.07267182837204,44.54256985338701,43.57618039648422,43.930816650390625,21741100,0.0,0.0
2022-05-11 00:00:00-04:00,43.52298204601342,44.01060899336525,43.070819737547495,43.13288116455078,23872100,0.0,0.0
2022-05-12 00:00:00-04:00,43.11514042239539,43.248127719096786,42.08668977027476,42.813697814941406,25951000,0.0,0.0
2022-05-13 00:00:00-04:00,43.186077417914575,44.00174725238371,43.02648991512919,43.9396858215332,18954500,0.0,0.0
2022-05-16 00:00:00-04:00,44.02833685289287,44.02833685289287,43.33679337513916,43.44318389892578,20254500,0.0,0.0
2022-05-17 00:00:00-04:00,44.04607370907092,44.96813402914797,43.89535068458999,44.86174011230469,18780600,0.0,0.0
2022-05-18 00:00:00-04:00,44.746488123185266,44.746488123185266,42.742779854881775,42.875770568847656,40672700,0.0,0.0
2022-05-19 00:00:00-04:00,38.176803833858024,38.948140979676886,36.36814818385413,36.988765716552734,97674600,0.0,0.0
2022-05-20 00:00:00-04:00,37.112901403510826,38.12362009274139,36.811458690749554,38.0704231262207,46148700,0.0,0.0
2022-05-23 00:00:00-04:00,38.42506115900249,38.85062672664873,38.07042149491671,38.43392562866211,27366600,0.0,0.0
2022-05-24 00:00:00-04:00,38.47825403151421,39.06340704756516,37.68031656322013,38.80629348754883,30053900,0.0,0.0
2022-05-25 00:00:00-04:00,38.78856301307678,39.382580526100355,38.292068188955454,39.01021194458008,25504600,0.0,0.0
2022-05-26 00:00:00-04:00,39.05452991445918,40.36669080882363,39.05452991445918,39.88793182373047,28294700,0.0,0.0
2022-05-27 00:00:00-04:00,40.003200977186346,40.464231192447485,39.85248131674621,40.44649887084961,23882100,0.0,0.0
2022-05-31 00:00:00-04:00,40.136187541777396,40.437630213535975,39.666292905425024,39.94113540649414,64821200,0.0,0.0
2022-06-01 00:00:00-04:00,40.38443746286233,40.606086409839726,39.69289383056311,40.10072708129883,20666000,0.0,0.0
2022-06-02 00:00:00-04:00,40.056382354770044,40.606070582024884,39.80813671318913,40.597206115722656,20546800,0.0,0.0
2022-06-03 00:00:00-04:00,40.3844320034899,40.55288734496057,40.00319559565869,40.11845397949219,17947000,0.0,0.0
2022-06-06 00:00:00-04:00,40.42875848433473,40.863191821583534,40.01206084724032,40.18938064575195,12641900,0.0,0.0
2022-06-07 00:00:00-04:00,39.73722145785446,40.47309755771203,39.648563235216045,40.40216827392578,14667200,0.0,0.0
2022-06-08 00:00:00-04:00,40.29577617502155,40.45536367528653,39.79041688488054,39.82587814331055,16263800,0.0,0.0
2022-06-09 00:00:00-04:00,39.74609302462415,40.13619397562986,39.22300134513517,39.24073028564453,18417700,0.0,0.0
2022-06-10 00:00:00-04:00,38.83289074909111,39.00134609561419,38.38072843294291,38.558048248291016,20262400,0.0,0.0
2022-06-13 00:00:00-04:00,38.17680778497303,38.86835127127215,38.0260847741602,38.336395263671875,29050800,0.0,0.0
2022-06-14 00:00:00-04:00,38.6821655027678,38.744226921838276,37.742372984981934,38.04381561279297,22499100,0.0,0.0
2022-06-15 00:00:00-04:00,38.45166070381765,39.391453513482716,38.212279420730475,38.8328971862793,22525100,0.0,0.0
2022-06-16 00:00:00-04:00,37.95516342232215,38.48711949351765,37.95516342232215,38.407325744628906,27049000,0.0,0.0
2022-06-17 00:00:00-04:00,38.442794077654064,39.01021484333103,38.33640352961327,38.469390869140625,59678600,0.0,0.0
2022-06-21 00:00:00-04:00,38.84175216275861,39.25844977035897,38.744226111375454,39.13432693481445,23277900,0.0,0.0
2022-06-22 00:00:00-04:00,38.54030908427386,39.11659415419652,38.274327717439554,38.62896728515625,19942300,0.0,0.0
2022-06-23 00:00:00-04:00,38.48712334574608,38.531452459100294,37.87537346443095,38.06155776977539,33801700,0.0,0.0
2022-06-24 00:00:00-04:00,38.513716292426146,39.205263243672505,38.33639985671119,39.09886932373047,30543800,0.0,0.0
2022-06-27 00:00:00-04:00,39.26732364899717,39.26732364899717,38.682170632946224,38.80629348754883,22755300,0.0,0.0
2022-06-28 00:00:00-04:00,38.93041619381705,39.42691099242984,38.114749791196886,38.17681121826172,20091300,0.0,0.0
2022-06-29 00:00:00-04:00,38.24773674472748,38.35412727836941,37.84876801595266,38.0172233581543,13450800,0.0,0.0
2022-06-30 00:00:00-04:00,37.56505451284401,38.247733528656774,37.40546703475303,37.80443572998047,24947900,0.0,0.0
2022-07-01 00:00:00-04:00,37.6980560241395,37.85764354803003,36.855789288516085,37.76898193359375,24338500,0.0,0.0
2022-07-05 00:00:00-04:00,37.14277261807026,37.545332247924335,36.51656912857887,37.53638458251953,24442600,0.38,0.0
2022-07-06 00:00:00-04:00,37.67951490229198,38.40412220499283,37.58111106226089,38.189422607421875,17250400,0.0,0.0
2022-07-07 00:00:00-04:00,38.35939176196583,38.78878751820565,38.27887984438749,38.66354751586914,22316700,0.0,0.0
2022-07-08 00:00:00-04:00,38.493584128274215,39.01243957590668,38.41307219372899,38.81563186645508,11817000,0.0,0.0
2022-07-11 00:00:00-04:00,38.77090729708949,39.0750631427418,38.52937147149485,38.69039535522461,15245200,0.0,0.0
2022-07-12 00:00:00-04:00,38.985594660556,39.20923849386566,38.16258357945874,38.34149932861328,17385300,0.0,0.0
2022-07-13 00:00:00-04:00,37.437984456105006,38.511475771475595,37.393256362242646,38.1983757019043,16854200,0.0,0.0
2022-07-14 00:00:00-04:00,37.38431799904164,37.99262972651737,36.99070252094831,37.86738967895508,17336200,0.0,0.0
2022-07-15 00:00:00-04:00,38.01945779042317,38.58304129670855,38.01945779042317,38.52936553955078,19897800,0.0,0.0
2022-07-18 00:00:00-04:00,38.735124684030744,38.753016606406355,37.938952907259974,38.10892105102539,16743800,0.0,0.0
2022-07-19 00:00:00-04:00,38.305721390111714,39.44183264763444,38.15364519807859,39.38815689086914,22861400,0.0,0.0
2022-07-20 00:00:00-04:00,39.43288726668739,39.64758346253923,39.0571638051449,39.47761535644531,15599200,0.0,0.0
2022-07-21 00:00:00-04:00,39.62075262581255,39.97858080458919,39.42394490933767,39.88018035888672,15364600,0.0,0.0
2022-07-22 00:00:00-04:00,40.059094886494655,40.18433492639772,39.58497090328017,39.772830963134766,14854600,0.0,0.0
2022-07-25 00:00:00-04:00,39.95173779706663,39.95173779706663,39.45972200255912,39.66547393798828,12954700,0.0,0.0
2022-07-26 00:00:00-04:00,39.692311925894764,39.844391527544545,39.13767610010016,39.20924377441406,19513000,0.0,0.0
2022-07-27 00:00:00-04:00,39.53129345788065,40.068040850770196,39.209249117188925,39.93385314941406,22349000,0.0,0.0
2022-07-28 00:00:00-04:00,40.14854768542685,41.034175481685075,39.99646808238646,40.81053161621094,17576200,0.0,0.0
2022-07-29 00:00:00-04:00,40.354303036119276,40.69424269582418,40.103822977670845,40.586891174316406,23701700,0.0,0.0
2022-08-01 00:00:00-04:00,40.30957008514785,40.64056203858084,40.04119472624789,40.50637435913086,14153400,0.0,0.0
2022-08-02 00:00:00-04:00,40.72107347064085,40.88209731901717,40.166437666530435,40.184326171875,15005400,0.0,0.0
2022-08-03 00:00:00-04:00,40.16644065758154,40.98944846609413,40.068036808186626,40.89104461669922,14943800,0.0,0.0
2022-08-04 00:00:00-04:00,41.061012444699976,41.087848614832566,40.264837467911406,40.59583282470703,15249300,0.0,0.0
2022-08-05 00:00:00-04:00,40.175390605555975,40.318522566999995,39.84439858456701,40.26484680175781,19533900,0.0,0.0
2022-08-08 00:00:00-04:00,40.694240019060516,40.72107619140481,40.13065651208778,40.27378845214844,15465600,0.0,0.0
2022-08-09 00:00:00-04:00,40.39008152121594,40.41691769176719,40.00541381815412,40.184326171875,12826200,0.0,0.0
2022-08-10 00:00:00-04:00,40.8910458412375,41.204149318009854,40.64056578984742,41.168365478515625,18935400,0.0,0.0
2022-08-11 00:00:00-04:00,41.24887228325514,41.535136138552545,40.94471651043486,41.061012268066406,15849000,0.0,0.0
2022-08-12 00:00:00-04:00,41.230983523867394,41.696163177490234,41.123635423042,41.696163177490234,16967600,0.0,0.0
2022-08-15 00:00:00-04:00,41.49936026499298,41.70511223717728,41.177312512866244,41.67827606201172,15456100,0.0,0.0
2022-08-16 00:00:00-04:00,41.66038245849823,42.05399446601447,41.5440866832527,41.839298248291016,21153700,0.0,0.0
2022-08-17 00:00:00-04:00,41.4725223396916,42.13450632442981,41.35622656465684,41.74089431762695,27975600,0.0,0.0
2022-08-18 00:00:00-04:00,44.5498593898819,44.72877517308117,43.93260352100588,44.165191650390625,39999900,0.0,0.0
2022-08-19 00:00:00-04:00,43.843146468865974,44.24570615130505,43.42269827834954,43.56583023071289,23130400,0.0,0.0
2022-08-22 00:00:00-04:00,43.36007412295642,43.386910295045375,42.51022674394861,42.68019485473633,20534100,0.0,0.0
2022-08-23 00:00:00-04:00,42.57284330255689,42.975402913929585,42.3939275405541,42.41181945800781,13764600,0.0,0.0
2022-08-24 00:00:00-04:00,42.125565566704765,42.41182948859822,41.92875784070234,42.10767364501953,14946500,0.0,0.0
2022-08-25 00:00:00-04:00,42.26869484092664,42.42971871332344,41.90191900103058,42.28658676147461,23039300,0.0,0.0
2022-08-26 00:00:00-04:00,42.11661377116472,42.286581877939,41.04312255000493,41.052066802978516,20309800,0.0,0.0
2022-08-29 00:00:00-04:00,40.89999228257221,41.15047232646132,40.69424033044406,40.89104461669922,13425700,0.0,0.0
2022-08-30 00:00:00-04:00,40.926828307852126,41.03417641019909,40.22011285795413,40.47059631347656,14279100,0.0,0.0
2022-08-31 00:00:00-04:00,40.95366860741933,40.998400116061816,39.88912490490697,40.00542068481445,23006100,0.0,0.0
2022-09-01 00:00:00-04:00,39.871220703839406,40.56004409185298,39.71914454140555,40.515316009521484,16236400,0.0,0.0
2022-09-02 00:00:00-04:00,40.89104953251435,41.07890958801523,39.61180616166256,39.88912582397461,14720900,0.0,0.0
2022-09-06 00:00:00-04:00,39.951744556891995,40.06804033573679,39.343432900290736,39.781776428222656,14366100,0.0,0.0
2022-09-07 00:00:00-04:00,40.03225266344584,40.40797272640457,39.67442110702688,40.27378845214844,18297400,0.0,0.0
2022-09-08 00:00:00-04:00,40.04119955052388,40.676350775572885,39.91595952129966,40.586891174316406,14231500,0.0,0.0
2022-09-09 00:00:00-04:00,40.8463135649626,41.052065502180696,40.61372545713958,40.94471740722656,15499300,0.0,0.0
2022-09-12 00:00:00-04:00,41.24886930003493,41.80350505299423,41.123629298966776,41.508296966552734,17923000,0.0,0.0
2022-09-13 00:00:00-04:00,40.89998752134022,41.06995561525948,39.379208690761196,39.459720611572266,23028600,0.0,0.0
2022-09-14 00:00:00-04:00,39.397106314133666,39.60285827211085,38.96771047845936,39.325538635253906,27551500,0.0,0.0
2022-09-15 00:00:00-04:00,39.19134920009625,39.245021539660115,38.54725382505536,38.72616958618164,18148600,0.0,0.0
2022-09-16 00:00:00-04:00,38.56515454568934,38.98560616843245,38.27889062755555,38.73512268066406,32696100,0.0,0.0
2022-09-19 00:00:00-04:00,38.377294489264365,38.86036271828071,38.25205103911263,38.73512268066406,13667500,0.0,0.0
2022-09-20 00:00:00-04:00,38.47569063038975,38.48463829638057,37.80475900753626,38.091026306152344,16813900,0.0,0.0
2022-09-21 00:00:00-04:00,37.858434442705054,38.350450279424,37.187502825578854,37.20539474487305,21415900,0.0,0.0
2022-09-22 00:00:00-04:00,36.981750951771225,37.16961098596094,36.80283517098045,36.81178283691406,16691000,0.0,0.0
2022-09-23 00:00:00-04:00,36.901239471702894,36.901239471702894,35.8903681985441,36.37343978881836,19067700,0.0,0.0
2022-09-26 00:00:00-04:00,36.373436512641625,36.84756039416838,36.11400882132024,36.30187225341797,22694800,0.0,0.0
2022-09-27 00:00:00-04:00,36.80283144115332,37.08909529639294,35.988767962965476,36.24819564819336,15027900,0.0,0.0
2022-09-28 00:00:00-04:00,36.543410770946096,37.18750627514557,36.31082262361573,36.981754302978516,23217700,0.0,0.0
2022-09-29 00:00:00-04:00,36.72232646713652,36.76705456313091,35.91721050163243,36.292930603027344,19496400,0.0,0.0
2022-09-30 00:00:00-04:00,36.37343971335213,36.713379359047394,35.747236180503386,35.78302001953125,27989900,0.0,0.0
2022-10-03 00:00:00-04:00,36.38238765400161,37.15172320839512,36.203475265799916,36.93702697753906,22203600,0.0,0.0
2022-10-04 00:00:00-04:00,37.52389176778021,37.957276038143476,37.370399567979376,37.75864028930664,22889400,0.38,0.0
2022-10-05 00:00:00-04:00,37.550980762941734,38.14688462162865,37.37943388267344,37.91213607788086,14289700,0.0,0.0
2022-10-06 00:00:00-04:00,37.60514987295915,38.00241790885602,37.352339809904905,37.48777389526367,18198800,0.0,0.0
2022-10-07 00:00:00-04:00,37.24400736358763,37.24400736358763,36.1876335352341,36.35918045043945,19055400,0.0,0.0
2022-10-10 00:00:00-04:00,36.68421530600223,36.84673486732699,35.754241495258874,36.01607894897461,16628400,0.0,0.0
2022-10-11 00:00:00-04:00,35.94384626375825,36.21471102347121,35.456287629735556,35.736183166503906,19386400,0.0,0.0
2022-10-12 00:00:00-04:00,35.844520420214685,35.988981822924494,35.438221648771005,35.45627975463867,17279900,0.0,0.0
2022-10-13 00:00:00-04:00,35.239600623166965,36.8377074944257,34.85135979569678,36.666160583496094,26328300,0.0,0.0
2022-10-14 00:00:00-04:00,36.87382440871379,36.982169646887634,36.04316839809291,36.29597854614258,19571000,0.0,0.0
2022-10-17 00:00:00-04:00,37.05439406944746,37.49680570522387,36.97313429737372,37.28914260864258,27845200,0.0,0.0
2022-10-18 00:00:00-04:00,37.848936133886056,38.11980437916103,37.253032193900175,37.731563568115234,18223300,0.0,0.0
2022-10-19 00:00:00-04:00,37.58710300234254,38.137863395916895,37.44264154207983,37.81282424926758,19071700,0.0,0.0
2022-10-20 00:00:00-04:00,37.52390539380106,38.480961380134445,37.4336148187099,37.65933609008789,16830500,0.0,0.0
2022-10-21 00:00:00-04:00,37.78572947063246,38.79696297915657,37.74961669436774,38.643470764160156,25035000,0.0,0.0
2022-10-24 00:00:00-04:00,38.932397709144574,39.483158074480926,38.733765364112976,39.31161117553711,18785300,0.0,0.0
2022-10-25 00:00:00-04:00,39.131024772664226,40.08808383706832,39.00462146013069,40.05196762084961,19165200,0.0,0.0
2022-10-26 00:00:00-04:00,40.56661618616087,40.837480949644394,39.979739661752944,40.070030212402344,20051000,0.0,0.0
2022-10-27 00:00:00-04:00,40.422159564682886,40.711082472714516,40.05197687350282,40.10614776611328,18102500,0.0,0.0
2022-10-28 00:00:00-04:00,40.34992691856034,41.270869975002164,40.31381413840726,41.20766830444336,17978300,0.0,0.0
2022-10-31 00:00:00-04:00,40.909717364480215,41.20766759998781,40.683996132276754,41.018062591552734,17793700,0.0,0.0
2022-11-01 00:00:00-04:00,41.1534994353201,41.34310445631804,40.68399882792075,41.04515075683594,12088700,0.0,0.0
2022-11-02 00:00:00-04:00,41.05417488425425,41.72230773883039,40.22351903828242,40.2415771484375,15308800,0.0,0.0
2022-11-03 00:00:00-04:00,39.7540227076469,39.86237138002627,39.17617689855441,39.59150314331055,17895600,0.0,0.0
2022-11-04 00:00:00-04:00,40.17837591064971,40.70205077799759,39.573444713091696,40.196434020996094,19648700,0.0,0.0
2022-11-07 00:00:00-05:00,40.47632846533047,40.61175912290028,40.09711504682396,40.22351837158203,21383000,0.0,0.0
2022-11-08 00:00:00-05:00,40.34993134400369,40.9458353347954,39.889461487396375,40.27770233154297,17503100,0.0,0.0
2022-11-09 00:00:00-05:00,40.18740135245,40.37700978004765,39.62761373498587,39.64567184448242,19311700,0.0,0.0
2022-11-10 00:00:00-05:00,41.26183185214941,41.361149721125045,40.31380359741879,41.22571563720703,27190100,0.0,0.0
2022-11-11 00:00:00-05:00,40.7923367813986,40.91874010616961,39.65469996999498,40.44021224975586,25961800,0.0,0.0
2022-11-14 00:00:00-05:00,40.47632507304167,41.02708187843876,40.340890982590196,40.39506530761719,21091300,0.0,0.0
2022-11-15 00:00:00-05:00,40.6659350374484,40.8465126988119,40.1332328307539,40.53953170776367,19318000,0.0,0.0
2022-11-16 00:00:00-05:00,40.5756494620183,40.61176568756781,39.99780363015734,40.079063415527344,24939600,0.0,0.0
2022-11-17 00:00:00-05:00,41.704259032636564,42.3001630251961,40.77428853745976,42.06541442871094,38887800,0.0,0.0
2022-11-18 00:00:00-05:00,42.35432517009251,43.37458594257564,42.30918161964255,43.14886474609375,30843200,0.0,0.0
2022-11-21 00:00:00-05:00,42.98634925366754,43.60031124140444,42.94120569897004,42.99537658691406,17049500,0.0,0.0
2022-11-22 00:00:00-05:00,43.3384747377238,43.71768473844727,43.12178084857287,43.68157196044922,16367800,0.0,0.0
2022-11-23 00:00:00-05:00,43.699633919535025,44.23233618952927,43.62740146871345,43.85312271118164,12065600,0.0,0.0
2022-11-25 00:00:00-05:00,44.015642918337896,44.2865077243734,43.65448754746864,43.69963455200195,8492600,0.0,0.0
2022-11-28 00:00:00-05:00,43.600314391069475,43.76283395510678,43.26624448486351,43.410709381103516,14976600,0.0,0.0
2022-11-29 00:00:00-05:00,43.56419644601049,43.70865789231087,43.19401377460126,43.59128189086914,13779300,0.0,0.0
2022-11-30 00:00:00-05:00,43.49196690083538,44.99075924196258,43.302361885716685,44.891441345214844,29919700,0.0,0.0
2022-12-01 00:00:00-05:00,45.03590101611296,45.55957248152742,44.864350676081756,45.11716079711914,18559500,0.0,0.0
2022-12-02 00:00:00-05:00,44.44902176236359,44.99978208445764,44.169126212578895,44.87337875366211,12325100,0.0,0.0
2022-12-05 00:00:00-05:00,44.73795043988,44.819210226520866,44.394853180259354,44.5393180847168,13795900,0.0,0.0
2022-12-06 00:00:00-05:00,44.63862458349633,44.63862458349633,43.573220212657674,43.87117385864258,15443800,0.0,0.0
2022-12-07 00:00:00-05:00,43.699627588035874,43.83505824735498,43.39264660498731,43.50099182128906,15171700,0.0,0.0
2022-12-08 00:00:00-05:00,43.93438045749943,44.42193914522183,43.898264233764586,44.23233413696289,16015800,0.0,0.0
2022-12-09 00:00:00-05:00,44.33164906220938,44.39485073230809,43.73574514111238,43.75380325317383,14303200,0.0,0.0
2022-12-12 00:00:00-05:00,44.06078364232677,44.53028421654063,43.672542849115935,44.51222610473633,15425300,0.0,0.0
2022-12-13 00:00:00-05:00,45.442206763450855,45.78530060670814,44.449031130027564,44.8192138671875,22705900,0.0,0.0
2022-12-14 00:00:00-05:00,44.909497675965646,45.19842057636915,44.07884175413107,44.51222610473633,19050400,0.0,0.0
2022-12-15 00:00:00-05:00,44.20523812553809,44.28649789373413,43.103721032942154,43.47390365600586,19372500,0.0,0.0
2022-12-16 00:00:00-05:00,42.805772008079636,43.33847422486287,42.50782178878459,43.166927337646484,66125400,0.0,0.0
2022-12-19 00:00:00-05:00,43.0314900213583,43.30235477623276,42.56198950560087,42.7967414855957,17986300,0.0,0.0
2022-12-20 00:00:00-05:00,42.80576954003333,42.94120364187032,42.24598191128955,42.7696533203125,15086200,0.0,0.0
2022-12-21 00:00:00-05:00,43.05857958543558,43.30235892142847,42.81480024944269,43.031494140625,15599400,0.0,0.0
2022-12-22 00:00:00-05:00,42.87800623449765,42.87800623449765,42.155695545331206,42.72451400756836,23118500,0.0,0.0
2022-12-23 00:00:00-05:00,42.66130967364011,42.87800355569864,42.44461579158158,42.86897277832031,9554400,0.0,0.0
2022-12-27 00:00:00-05:00,43.04052305987546,43.07663928377522,42.63422759581755,42.914119720458984,12066200,0.0,0.0
2022-12-28 00:00:00-05:00,43.058589993258124,43.13082245585594,42.41754238675274,42.498802185058594,9847400,0.0,0.0
2022-12-29 00:00:00-05:00,42.67034146517337,43.10372927457272,42.67034146517337,42.88703536987305,11396500,0.0,0.0
2022-12-30 00:00:00-05:00,42.67937270582572,43.040524625260375,42.390449792584874,43.0134391784668,13199800,0.0,0.0
2023-01-03 00:00:00-05:00,43.212065138662105,43.3836120030353,42.71547920980747,43.28429412841797,17718900,0.0,0.0
2023-01-04 00:00:00-05:00,43.939575511386835,44.121595992905185,42.92936513712431,43.275203704833984,18339800,0.38,0.0
2023-01-05 00:00:00-05:00,43.2205927901727,43.2205927901727,42.55621762255101,42.66543197631836,17372100,0.0,0.0
2023-01-06 00:00:00-05:00,43.19329698363897,44.22170980851193,43.029478888641435,43.975982666015625,20823000,0.0,0.0
2023-01-09 00:00:00-05:00,43.921369691929364,44.7859643079234,43.88496837586509,44.21260452270508,13938000,0.0,0.0
2023-01-10 00:00:00-05:00,44.41282928652764,44.78596972741494,44.22170933499436,44.421932220458984,12474400,0.0,0.0
2023-01-11 00:00:00-05:00,44.44012989174377,44.80416735999566,44.32181606547985,44.78596496582031,12530900,0.0,0.0
2023-01-12 00:00:00-05:00,44.785964748401035,44.98618761160618,44.458328598338696,44.594844818115234,14241700,0.0,0.0
2023-01-13 00:00:00-05:00,44.194410068149544,44.613054787985554,44.0669932879039,44.48564147949219,12649300,0.0,0.0
2023-01-17 00:00:00-05:00,44.522028898106036,44.540231289599475,43.6392354770569,43.75754928588867,19290800,0.0,0.0
2023-01-18 00:00:00-05:00,43.85766446134522,43.93047403932153,42.67453659324426,42.68363952636719,19882200,0.0,0.0
2023-01-19 00:00:00-05:00,42.7291416443791,42.82015014055605,42.219485039234016,42.2831916809082,19118600,0.0,0.0
2023-01-20 00:00:00-05:00,41.91915215103849,42.61992864654424,41.56421070130071,42.57442092895508,21847200,0.0,0.0
2023-01-23 00:00:00-05:00,42.6836364578952,43.566429961008616,42.60172742443606,43.22969436645508,15180500,0.0,0.0
2023-01-24 00:00:00-05:00,43.2205980078524,43.702949310758946,42.829255205654036,43.5118293762207,14872700,0.0,0.0
2023-01-25 00:00:00-05:00,43.66654586791992,43.757557843185566,42.983971676310965,43.66654586791992,14638700,0.0,0.0
2023-01-26 00:00:00-05:00,43.82126503912614,44.112496420121936,43.530033658130336,43.99418258666992,12952700,0.0,0.0
2023-01-27 00:00:00-05:00,43.775754860707075,44.34911812878772,43.657444505640186,44.148895263671875,13414800,0.0,0.0
2023-01-30 00:00:00-05:00,43.81216203764039,44.13979820869036,43.79395964238741,43.884971618652344,19261900,0.0,0.0
2023-01-31 00:00:00-05:00,43.793963751794884,44.31271991405085,43.73025709830746,44.294517517089844,16821600,0.0,0.0
2023-02-01 00:00:00-05:00,44.039684577661845,44.503836954120196,43.23879658517117,44.2035026550293,19639400,0.0,0.0
2023-02-02 00:00:00-05:00,44.16709140287407,45.10449547990743,44.012376281196964,44.886070251464844,17883800,0.0,0.0
2023-02-03 00:00:00-05:00,44.867870769730175,44.867870769730175,44.148891874509346,44.25810623168945,17980000,0.0,0.0
2023-02-06 00:00:00-05:00,43.74844150301869,43.93956138487982,43.24788794358442,43.293392181396484,13991600,0.0,0.0
2023-02-07 00:00:00-05:00,42.99308075135351,43.821270749944084,42.74735359066149,43.53913879394531,16675200,0.0,0.0
2023-02-08 00:00:00-05:00,43.12048644269141,43.26610212643206,42.565325563507734,42.738243103027344,18905500,0.0,0.0
2023-02-09 00:00:00-05:00,42.98397636002194,43.14779446159853,42.25589783732166,42.528926849365234,18598400,0.0,0.0
2023-02-10 00:00:00-05:00,42.501619269004735,43.06587961417946,42.447012085245206,43.01127243041992,17397300,0.0,0.0
2023-02-13 00:00:00-05:00,43.18419069926973,43.675644906624065,43.129583518979835,43.55733108520508,19422100,0.0,0.0
2023-02-14 00:00:00-05:00,43.48452256491369,43.6847454257422,42.93846463579257,43.41171646118164,19134400,0.0,0.0
2023-02-15 00:00:00-05:00,43.229689571830356,44.15799069082506,43.07497445454013,44.09428405761719,27071200,0.0,0.0
2023-02-16 00:00:00-05:00,45.49584591665555,47.088519004891154,45.32292490229737,46.40594482421875,48125300,0.0,0.0
2023-02-17 00:00:00-05:00,46.715379456337416,46.81548742175079,46.05100418637744,46.20572280883789,25321400,0.0,0.0
2023-02-21 00:00:00-05:00,46.15111393819522,46.196618188403555,45.15910600794588,45.22281265258789,25100500,0.0,0.0
2023-02-22 00:00:00-05:00,45.36843061527004,45.36843061527004,44.49473646907602,44.87697982788086,20301900,0.0,0.0
2023-02-23 00:00:00-05:00,45.08629926208603,45.21371254956178,44.185299845040575,44.78596496582031,14066200,0.0,0.0
2023-02-24 00:00:00-05:00,44.42193161413668,44.503840659640396,43.839465361803605,44.12159729003906,17251600,0.0,0.0
2023-02-27 00:00:00-05:00,44.54933630841281,44.90427427978621,44.18529540499061,44.34911346435547,14776400,0.0,0.0
2023-02-28 00:00:00-05:00,44.42192371787828,44.53113460188634,44.03058095578536,44.06698226928711,16622400,0.0,0.0
2023-03-01 00:00:00-05:00,44.08519109132414,44.221707320057384,43.70295120567412,43.99418258666992,13449300,0.0,0.0
2023-03-02 00:00:00-05:00,43.97597906111062,44.25811097309036,43.79395858472859,44.16709899902344,18281800,0.0,0.0
2023-03-03 00:00:00-05:00,44.58574438105103,44.922479984910524,44.431025770574,44.84967041015625,15969900,0.0,0.0
2023-03-06 00:00:00-05:00,45.0134822664815,45.33201890442291,44.81326290705524,44.97707748413086,13878400,0.0,0.0
2023-03-07 00:00:00-05:00,45.113593022026095,45.28651052803504,44.25810147980927,44.5129280090332,17506600,0.0,0.0
2023-03-08 00:00:00-05:00,44.61304869292013,44.840573418931506,44.35822211074797,44.6949577331543,12055500,0.0,0.0
2023-03-09 00:00:00-05:00,44.86787877403664,45.22281681881333,44.33092023990594,44.421932220458984,12497700,0.0,0.0
2023-03-10 00:00:00-05:00,44.49474312020185,44.74956974966224,43.95778452830143,44.19441223144531,16338200,0.0,0.0
2023-03-13 00:00:00-04:00,44.16709510380548,44.48563177731936,43.79395472241891,44.057884216308594,20280800,0.0,0.0
2023-03-14 00:00:00-04:00,44.30362229279786,44.83147793959701,44.14890364807496,44.640357971191406,17679600,0.0,0.0
2023-03-15 00:00:00-04:00,44.021474239570566,44.69494882185739,44.021474239570566,44.649444580078125,17354900,0.0,0.0
2023-03-16 00:00:00-04:00,44.30361738563787,45.768877257957044,44.14889875805192,45.614158630371094,21425100,0.0,0.0
2023-03-17 00:00:00-04:00,45.7415669020881,46.00549640312785,45.268318552863775,45.677860260009766,47642700,0.0,0.0
2023-03-20 00:00:00-04:00,45.705166656020815,46.451447456475606,45.51404325356155,46.360435485839844,22699700,0.0,0.0
2023-03-21 00:00:00-04:00,46.606166023767,46.7153803965555,45.805281453829714,46.11471176147461,23334000,0.0,0.0
2023-03-22 00:00:00-04:00,46.17840984395001,46.18750930343441,44.97707635869701,45.01348114013672,21399400,0.0,0.0
2023-03-23 00:00:00-04:00,45.10450877072171,45.73247584593962,44.96799252874934,45.25922393798828,17775400,0.0,0.0
2023-03-24 00:00:00-04:00,45.41393214850659,46.00549429378986,45.0498912346773,45.96908950805664,19438800,0.0,0.0
2023-03-27 00:00:00-04:00,46.14201460991889,46.36953933336844,45.94179174232272,45.99639892578125,15857200,0.0,0.0
2023-03-28 00:00:00-04:00,45.796179519792446,46.05100611835702,45.75067526601335,45.859886169433594,11124300,0.0,0.0
2023-03-29 00:00:00-04:00,46.16930953616424,46.66076369827273,46.08740050914616,46.56975173950195,18463400,0.0,0.0
2023-03-30 00:00:00-04:00,46.9428936074828,47.033902090711486,46.53334848945152,46.80637741088867,11754600,0.0,0.0
2023-03-31 00:00:00-04:00,46.81548431415212,47.64367414151892,46.769980065302626,47.5799674987793,20588800,0.0,0.0
2023-04-03 00:00:00-04:00,47.37974838448693,47.83479781912635,47.316041741377546,47.60727310180664,16884600,0.0,0.0
2023-04-04 00:00:00-04:00,47.70813476577705,47.79065906924315,47.157975074556376,47.51557922363281,13599900,0.39,0.0
2023-04-05 00:00:00-04:00,47.74481301127976,47.946539863714676,47.38720886220332,47.51557922363281,13797900,0.0,0.0
2023-04-06 00:00:00-04:00,46.690331616354605,47.2771729934357,46.516115214023614,47.011260986328125,14749000,0.0,0.0
2023-04-10 00:00:00-04:00,46.86454972532429,47.13046172226854,46.65365508914318,47.06627655029297,10177700,0.0,0.0
2023-04-11 00:00:00-04:00,46.873716372333625,47.03876495269422,46.323556769684586,46.41524887084961,15957900,0.0,0.0
2023-04-12 00:00:00-04:00,46.59863963254902,46.71784217015874,45.89259921413711,45.94761657714844,16100700,0.0,0.0
2023-04-13 00:00:00-04:00,46.0393151041909,46.60781744109258,45.929283860654834,46.58030700683594,15451700,0.0,0.0
2023-04-14 00:00:00-04:00,46.32356075045132,46.626147508561935,46.030141804113256,46.34189987182617,12360100,0.0,0.0
2023-04-17 00:00:00-04:00,46.36024076273149,46.47027199735063,45.89260189439788,46.10349655151367,12042300,0.0,0.0
2023-04-18 00:00:00-04:00,46.1951895081559,46.47943713941224,45.91093837906987,46.131004333496094,15203600,0.0,0.0
2023-04-19 00:00:00-04:00,45.14071590400401,45.17739414858069,44.00371830476638,44.049564361572266,30466700,0.0,0.0
2023-04-20 00:00:00-04:00,43.65527644546011,43.691954685389355,42.50910768139249,42.71083450317383,39769400,0.0,0.0
2023-04-21 00:00:00-04:00,42.70166953398587,43.205983165482714,42.39908275421976,43.12345886230469,20861000,0.0,0.0
2023-04-24 00:00:00-04:00,43.14179418353963,43.5085696093079,43.09594812977602,43.45355224609375,17359900,0.0,0.0
2023-04-25 00:00:00-04:00,43.43521130012548,43.49022866102811,42.92172992301906,43.178470611572266,20281600,0.0,0.0
2023-04-26 00:00:00-04:00,42.87588717802471,42.95841148356102,42.57330038961165,42.674163818359375,22390500,0.0,0.0
2023-04-27 00:00:00-04:00,42.89421675348479,42.91255587261413,42.151501666807825,42.6924934387207,22845400,0.0,0.0
2023-04-28 00:00:00-04:00,42.811698948526846,43.33435168044633,42.738345958732275,43.3251838684082,19665000,0.0,0.0
2023-05-01 00:00:00-04:00,43.27933686166303,43.572755810054254,43.21515168531681,43.40770721435547,13122300,0.0,0.0
2023-05-02 00:00:00-04:00,43.013423075234755,43.169303852677366,42.234029681510584,42.50910949707031,20175100,0.0,0.0
2023-05-03 00:00:00-04:00,42.564130972908515,42.68333353017136,42.050649491462885,42.14234161376953,20765700,0.0,0.0
2023-05-04 00:00:00-04:00,41.968119655487946,42.114829130556615,41.775564125303404,41.903934478759766,17748900,0.0,0.0
2023-05-05 00:00:00-04:00,42.289042553520524,42.50910849950176,42.105654848174424,42.40824508666992,14317400,0.0,0.0
2023-05-08 00:00:00-04:00,42.58246818019107,42.65582467299863,42.261542268733244,42.49077606201172,12000000,0.0,0.0
2023-05-09 00:00:00-04:00,42.16067795769985,42.65582378029818,42.10566058924558,42.60997772216797,15221900,0.0,0.0
2023-05-10 00:00:00-04:00,42.82086835170017,43.03176299748503,42.316554764142474,42.83003616333008,15625100,0.0,0.0
2023-05-11 00:00:00-04:00,42.94006898529072,42.95840460773727,42.36239893899711,42.51827621459961,12521900,0.0,0.0
2023-05-12 00:00:00-04:00,42.435753804479766,42.92173176877765,42.435753804479766,42.83003616333008,14097500,0.0,0.0
2023-05-15 00:00:00-04:00,42.91256131761363,43.334350617619585,42.692498855797375,43.18764114379883,13204400,0.0,0.0
2023-05-16 00:00:00-04:00,43.31602075107126,43.39854505967799,42.91256702106932,43.02259826660156,16496300,0.0,0.0
2023-05-17 00:00:00-04:00,43.233501232024004,43.79282883251148,43.10512735054608,43.67362976074219,29326000,0.0,0.0
2023-05-18 00:00:00-04:00,41.9589534776812,44.24212367913141,41.90393960394543,44.1962776184082,41475700,0.0,0.0
2023-05-19 00:00:00-04:00,44.4071711620324,45.241582038076395,44.379664225866925,45.04902648925781,28564100,0.0,0.0
2023-05-22 00:00:00-04:00,45.03067868421563,45.140709905494276,44.71892064240159,44.764766693115234,18667500,0.0,0.0
2023-05-23 00:00:00-04:00,44.57221024274425,45.25074017380731,44.56303893409699,44.8472900390625,17645900,0.0,0.0
2023-05-24 00:00:00-04:00,44.883970216344395,44.929816268072436,44.168758517634664,44.388824462890625,15452900,0.0,0.0
2023-05-25 00:00:00-04:00,43.801992058993555,45.1407165239588,43.75614600155803,44.95732879638672,21717000,0.0,0.0
2023-05-26 00:00:00-04:00,45.03068247694743,45.929278438371554,45.03068247694743,45.7183837890625,19825600,0.0,0.0
2023-05-30 00:00:00-04:00,45.83758704164386,46.29605459017955,45.60835326737601,46.00263214111328,19074800,0.0,0.0
2023-05-31 00:00:00-04:00,45.76423253681397,45.87426377383527,45.48915269534574,45.544166564941406,51990300,0.0,0.0
2023-06-01 00:00:00-04:00,45.626695917202014,45.92928622478923,45.168228298067696,45.608360290527344,17817000,0.0,0.0
2023-06-02 00:00:00-04:00,45.727551569739816,46.07598788036676,45.59918121788509,45.86509323120117,19155400,0.0,0.0
2023-06-05 00:00:00-04:00,46.048481765091786,46.37857896019822,45.88343316753856,46.039310455322266,13964100,0.0,0.0
2023-06-06 00:00:00-04:00,45.65419963551754,45.764230868527775,45.058190419204955,45.67253875732422,16029600,0.0,0.0
2023-06-07 00:00:00-04:00,45.57168179025379,45.975132033648606,45.52583572815921,45.64503479003906,15950600,0.0,0.0
2023-06-08 00:00:00-04:00,45.77339573432692,45.84675221683206,45.452469867940934,45.5533332824707,13289100,0.0,0.0
2023-06-09 00:00:00-04:00,45.41578588323905,45.81923949033588,45.269076434611804,45.53498840332031,12173400,0.0,0.0
2023-06-12 00:00:00-04:00,45.77339938288471,46.31439124207851,45.544165603528526,46.28688430786133,15495000,0.0,0.0
2023-06-13 00:00:00-04:00,46.47944357616531,46.708677373933035,46.25938108909319,46.58030700683594,24035500,0.0,0.0
2023-06-14 00:00:00-04:00,46.5802993530284,46.96541388887005,46.42442207511768,46.72700881958008,16630700,0.0,0.0
2023-06-15 00:00:00-04:00,46.68115812205406,47.744802523171764,46.6078051449921,47.616432189941406,22496900,0.0,0.0
2023-06-16 00:00:00-04:00,47.86401838241326,48.05657393591098,47.616445457417534,47.744815826416016,37134400,0.0,0.0
2023-06-20 00:00:00-04:00,47.62560182592806,47.75397566190836,47.194644761825565,47.26799774169922,20138000,0.0,0.0
2023-06-21 00:00:00-04:00,47.11213005764901,47.13046918080562,46.59864510275436,46.62615203857422,16939600,0.0,0.0
2023-06-22 00:00:00-04:00,46.44276117147679,46.89205738225686,46.2410343433872,46.87371826171875,14993800,0.0,0.0
2023-06-23 00:00:00-04:00,46.43359304117574,46.50694952835022,45.92927943425561,46.14934539794922,16544600,0.0,0.0
2023-06-26 00:00:00-04:00,46.13100606386839,46.580302303340076,46.01180352167333,46.039310455322266,13032100,0.0,0.0
2023-06-27 00:00:00-04:00,46.13100893481564,46.80037117862574,46.07599156626397,46.63532257080078,12981000,0.0,0.0
2023-06-28 00:00:00-04:00,46.56196498635486,46.782030957565425,46.250206900874026,46.64448928833008,11387600,0.0,0.0
2023-06-29 00:00:00-04:00,46.63532332655015,47.011266606503796,46.598645080254656,46.95624923706055,14246000,0.0,0.0
2023-06-30 00:00:00-04:00,47.57059677182717,47.9190296119309,47.24049955671414,47.44222640991211,18188300,0.0,0.0
2023-07-03 00:00:00-04:00,47.09378989384163,47.524750533923495,47.0662829586296,47.51557922363281,7338300,0.0,0.0
2023-07-05 00:00:00-04:00,47.09059193562429,47.64492355481518,47.05363555451704,47.5894889831543,14950500,0.39,0.0
2023-07-06 00:00:00-04:00,47.18297617754093,47.29384178902092,46.794944775183865,47.219932556152344,13931100,0.0,0.0
2023-07-07 00:00:00-04:00,47.11830334181385,47.71883214708844,46.87809393431652,47.109066009521484,15580400,0.0,0.0
2023-07-10 00:00:00-04:00,47.18298058252138,47.58025287879757,47.13678686712162,47.48786544799805,19046500,0.0,0.0
2023-07-11 00:00:00-04:00,47.644919239428646,48.18077614388573,47.61720371828575,48.15305709838867,14998300,0.0,0.0
2023-07-12 00:00:00-04:00,47.63567796438862,47.97751561948924,46.684070699781245,46.878089904785156,26332500,0.0,0.0
2023-07-13 00:00:00-04:00,46.831900991919895,47.69111747237761,46.794948135009555,47.607967376708984,17864800,0.0,0.0
2023-07-14 00:00:00-04:00,46.58245075123419,47.09059218324474,46.24985389258343,46.54549789428711,19566600,0.0,0.0
2023-07-17 00:00:00-04:00,46.37919187345272,47.07210807617058,46.32375730846783,46.94276428222656,16140700,0.0,0.0
2023-07-18 00:00:00-04:00,47.09982536661893,47.460141241677164,46.97971890014812,47.34003829956055,16430800,0.0,0.0
2023-07-19 00:00:00-04:00,48.23620801228506,48.44870190151291,47.76502652301536,48.4394645690918,21745000,0.0,0.0
2023-07-20 00:00:00-04:00,48.09762627039733,48.84597353942303,47.96827894766113,48.384029388427734,22784400,0.0,0.0
2023-07-21 00:00:00-04:00,48.7351064813684,48.966078550000475,48.53184993317886,48.62424087524414,51284800,0.0,0.0
2023-07-24 00:00:00-04:00,48.67967593645208,49.252489251501665,48.661197746512954,49.067710876464844,18390200,0.0,0.0
2023-07-25 00:00:00-04:00,49.14161459006827,49.66823060891966,49.067705362970976,49.520408630371094,16136600,0.0,0.0
2023-07-26 00:00:00-04:00,49.46497837339365,49.56660664606934,48.929121489959634,49.169334411621094,13563700,0.0,0.0
2023-07-27 00:00:00-04:00,49.52041128004313,49.788339731858976,48.83673591430756,48.96607971191406,15795500,0.0,0.0
2023-07-28 00:00:00-04:00,48.09762780060577,48.430224639446315,47.82969933865945,48.125343322753906,27491300,0.0,0.0
2023-07-31 00:00:00-04:00,47.89437657652523,48.20849878517086,47.80198914283433,48.07915496826172,14193500,0.0,0.0
2023-08-01 00:00:00-04:00,48.568800760001565,48.762816429637176,48.32859138678895,48.65195083618164,15286200,0.0,0.0
2023-08-02 00:00:00-04:00,48.39327414060886,49.067712232429855,48.33783956925959,48.57805252075195,17693700,0.0,0.0
2023-08-03 00:00:00-04:00,48.494901487943885,49.215533279773986,48.26392939832097,49.10466766357422,15186400,0.0,0.0
2023-08-04 00:00:00-04:00,48.85521294387622,49.261722515901205,48.541090789562425,48.62424087524414,12266700,0.0,0.0
2023-08-07 00:00:00-04:00,48.93836224211669,49.030749658341335,48.6704338009696,48.97531509399414,11327900,0.0,0.0
2023-08-08 00:00:00-04:00,48.65195437368687,49.08618297246172,48.374788607718344,49.02151107788086,12224800,0.0,0.0
2023-08-09 00:00:00-04:00,48.873694238866975,49.3818321172857,48.65195948817017,48.956844329833984,18765500,0.0,0.0
2023-08-10 00:00:00-04:00,49.3448787447082,50.01931684615465,49.123143980501034,49.30792236328125,16329500,0.0,0.0
2023-08-11 00:00:00-04:00,49.28944403796068,49.843779184787465,49.1416220370111,49.69595718383789,14344500,0.0,0.0
2023-08-14 00:00:00-04:00,49.705189570143496,50.01007439920811,49.63128033920168,49.77910232543945,20707300,0.0,0.0
2023-08-15 00:00:00-04:00,49.53889425680011,49.640522543128725,49.13238463584016,49.28944396972656,20173400,0.0,0.0
2023-08-16 00:00:00-04:00,49.141616808287964,49.446501635255785,48.84597283784566,48.92912292480469,26470200,0.0,0.0
2023-08-17 00:00:00-04:00,50.29648268437677,51.58992784015829,50.23181077902314,50.56441116333008,45278000,0.0,0.0
2023-08-18 00:00:00-04:00,50.4720207428477,51.23884622846103,50.46277988585654,50.85081481933594,28839800,0.0,0.0
2023-08-21 00:00:00-04:00,50.99864000562532,51.54373429854597,50.952446290839745,51.22037124633789,18283200,0.0,0.0
2023-08-22 00:00:00-04:00,51.257324014677884,51.57144618717304,51.07254564420645,51.23884582519531,15661300,0.0,0.0
2023-08-23 00:00:00-04:00,51.37743110018739,51.922525361219314,51.18341539482543,51.719268798828125,18250000,0.0,0.0
2023-08-24 00:00:00-04:00,52.033392543810656,52.18121454154602,51.0078758926165,51.03559494018555,17586400,0.0,0.0
2023-08-25 00:00:00-04:00,51.04482847936512,51.617638237472775,51.04482847936512,51.46057891845703,15731800,0.0,0.0
2023-08-28 00:00:00-04:00,51.6361130612719,51.99642891021863,51.44209737712426,51.92251968383789,15189900,0.0,0.0
2023-08-29 00:00:00-04:00,52.061111519390494,52.47686201695193,51.83938027026084,52.255130767822266,17859100,0.0,0.0
2023-08-30 00:00:00-04:00,52.31979905564642,52.57848666984968,52.236648961887596,52.48609924316406,12145400,0.0,0.0
2023-08-31 00:00:00-04:00,52.75402470234394,53.15129698478611,52.5600089898083,52.9849967956543,22619700,0.0,0.0
2023-09-01 00:00:00-04:00,53.02194793254609,53.76105785317021,53.02194793254609,53.43769836425781,14080400,0.0,0.0
2023-09-05 00:00:00-04:00,53.4192266082705,53.4192266082705,52.87413231535531,52.90184783935547,13885000,0.0,0.0
2023-09-06 00:00:00-04:00,52.75402511468391,53.09586635299038,52.72630959106346,52.8094596862793,11380400,0.0,0.0
2023-09-07 00:00:00-04:00,52.633913382906,52.744778983248814,52.34750676397036,52.467613220214844,14762000,0.0,0.0
2023-09-08 00:00:00-04:00,52.43990057977946,52.72630723368538,52.25512573143172,52.35675048828125,13992000,0.0,0.0
2023-09-11 00:00:00-04:00,52.402943598950685,52.63391566555487,52.14425248779325,52.51380920410156,15842300,0.0,0.0
2023-09-12 00:00:00-04:00,52.33827737153391,52.532293082652245,52.05187070915369,52.09806442260742,13916100,0.0,0.0
2023-09-13 00:00:00-04:00,52.033393453922756,52.22740916852748,51.81166221561863,51.996437072753906,13092200,0.0,0.0
2023-09-14 00:00:00-04:00,52.125779742326145,52.17197697995396,51.81166108232521,52.079586029052734,15760300,0.0,0.0
2023-09-15 00:00:00-04:00,52.02415425691301,52.09806349224824,51.312759804495336,51.77470397949219,44029200,0.0,0.0
2023-09-18 00:00:00-04:00,51.74698740291072,51.996437692240676,51.580690734378614,51.839378356933594,11825000,0.0,0.0
2023-09-19 00:00:00-04:00,51.90404602798364,51.93176154975207,51.23884531070745,51.58992385864258,10748500,0.0,0.0
2023-09-20 00:00:00-04:00,51.69155306808613,51.78394049188009,51.220368043415725,51.27580261230469,12219900,0.0,0.0
2023-09-21 00:00:00-04:00,49.344876675557266,49.98235836884562,48.82749793033851,49.28020477294922,37436100,0.0,0.0
2023-09-22 00:00:00-04:00,49.33563553889901,49.7329077810634,49.150857178113746,49.49269485473633,17869500,0.0,0.0
2023-09-25 00:00:00-04:00,49.39106770950103,49.59432426344805,49.11390192416229,49.4095458984375,14224400,0.0,0.0
2023-09-26 00:00:00-04:00,49.13238310502702,49.24324872104287,48.57805150059338,48.69815444946289,15618400,0.0,0.0
2023-09-27 00:00:00-04:00,48.86445318185991,49.307919157083795,48.531852819353425,49.15085983276367,15845500,0.0,0.0
2023-09-28 00:00:00-04:00,49.30791732131308,50.065505441325925,49.289439132489086,49.77910232543945,17204400,0.0,0.0
2023-09-29 00:00:00-04:00,50.03779636890411,50.07475275131486,49.42803015654521,49.66823959350586,13951200,0.0,0.0
2023-10-02 00:00:00-04:00,49.7421519977688,50.2595307747052,49.71443647333894,50.25028991699219,13934000,0.0,0.0
2023-10-03 00:00:00-04:00,50.12000799116374,50.147923680748704,49.64541996937176,49.924591064453125,15700600,0.39,0.0
2023-10-04 00:00:00-04:00,49.93389654658643,50.11070183538737,49.52445103840151,49.73847961425781,17009000,0.0,0.0
2023-10-05 00:00:00-04:00,49.69194775797901,49.75708672949372,48.92888819182869,49.38486099243164,14929400,0.0,0.0
2023-10-06 00:00:00-04:00,49.310422462545205,50.01764716755699,49.077782243161224,49.73847961425781,15665500,0.0,0.0
2023-10-09 00:00:00-04:00,49.64541907900984,50.21306175577665,49.552364415523556,50.175838470458984,10163600,0.0,0.0
2023-10-10 00:00:00-04:00,50.2130650451546,50.33403895545787,49.92459343956507,50.12931442260742,13105600,0.0,0.0
2023-10-11 00:00:00-04:00,50.18515080066429,50.371263695000785,49.64542376206927,49.93389892578125,12658000,0.0,0.0
2023-10-12 00:00:00-04:00,50.26889588513403,50.45500875895771,49.794307879393266,50.11069869995117,11846100,0.0,0.0
2023-10-13 00:00:00-04:00,50.13861713927443,50.36194974445704,49.72916811342671,50.0362548828125,14413800,0.0,0.0
2023-10-16 00:00:00-04:00,50.315426929358566,50.79931901708768,50.2875112386576,50.39917755126953,11736600,0.0,0.0
2023-10-17 00:00:00-04:00,50.054875990629306,50.231681298984725,49.477925626885124,50.1944580078125,17105900,0.0,0.0
2023-10-18 00:00:00-04:00,50.05486652487901,50.42708871678595,49.87805770015104,50.0362548828125,13087300,0.0,0.0
2023-10-19 00:00:00-04:00,50.026957307319854,50.185154521668366,49.505845424309406,49.61751174926758,16325600,0.0,0.0
2023-10-20 00:00:00-04:00,49.682650093833416,49.86876299956885,49.13361897430851,49.25459289550781,23888700,0.0,0.0
2023-10-23 00:00:00-04:00,49.152225994499794,49.180141685300214,48.53805594823389,48.575279235839844,17760000,0.0,0.0
2023-10-24 00:00:00-04:00,48.6311046852147,49.36624855161999,48.444995369503495,49.32902526855469,14824200,0.0,0.0
2023-10-25 00:00:00-04:00,49.422091913804664,49.66403619541976,48.696255519151116,48.76139450073242,14384700,0.0,0.0
2023-10-26 00:00:00-04:00,48.26818642405773,48.51013421354401,47.74707466173215,47.80290603637695,17594500,0.0,0.0
2023-10-27 00:00:00-04:00,48.05416409510586,48.528752139895545,47.830831467987984,47.97972106933594,13333900,0.0,0.0
2023-10-30 00:00:00-04:00,47.78430058293708,48.05416409469296,47.54235631192677,47.9890251159668,13322400,0.0,0.0
2023-10-31 00:00:00-04:00,48.15652155157558,48.54735538489803,48.09138257935517,48.510135650634766,13509300,0.0,0.0
2023-11-01 00:00:00-04:00,48.42638556772822,48.64971817498931,48.20304941065933,48.56596755981445,14300700,0.0,0.0
2023-11-02 00:00:00-04:00,48.686948050768,49.133616875568556,48.55667008726054,49.08708953857422,17459700,0.0,0.0
2023-11-03 00:00:00-04:00,49.56166546300135,49.738474282657705,48.975414728857274,49.32902526855469,17644900,0.0,0.0
2023-11-06 00:00:00-05:00,49.29180518777824,49.59888839638284,49.208054576375595,49.58958435058594,15429600,0.0,0.0
2023-11-07 00:00:00-05:00,49.63611746378339,49.72917213182753,49.2918109322504,49.44070053100586,15153100,0.0,0.0
2023-11-08 00:00:00-05:00,49.682639357285744,49.78500161080991,49.10569266901315,49.31972122192383,13633800,0.0,0.0
2023-11-09 00:00:00-05:00,48.5008341019728,48.919587225464056,48.15652755590585,48.38916778564453,21039400,0.0,0.0
2023-11-10 00:00:00-05:00,48.62180345017207,48.975417560119524,48.32402426805038,48.938194274902344,17369000,0.0,0.0
2023-11-13 00:00:00-05:00,48.83583541451741,48.98472501594122,48.472917232909865,48.60319519042969,14931600,0.0,0.0
2023-11-14 00:00:00-05:00,48.82653451730309,49.6640372481619,48.82653451730309,49.47792434692383,18331000,0.0,0.0
2023-11-15 00:00:00-05:00,49.57097625749219,49.71986584955361,49.356947690766894,49.58028030395508,32188200,0.0,0.0
2023-11-16 00:00:00-05:00,44.11789296676196,44.722758983198425,42.99191510828368,44.70414733886719,79057800,0.0,0.0
2023-11-17 00:00:00-05:00,44.71344793942707,45.00192307961204,44.415668752697776,44.44358444213867,32593700,0.0,0.0
2023-11-20 00:00:00-05:00,44.257477361391466,45.01122941305514,44.24816976456633,44.918174743652344,27421000,0.0,0.0
2023-11-21 00:00:00-05:00,44.9181729968188,44.99261601948438,44.3505303060359,44.48080825805664,21510500,0.0,0.0
2023-11-22 00:00:00-05:00,44.741371154785156,44.9926194816972,44.620397240110606,44.741371154785156,17308400,0.0,0.0
2023-11-24 00:00:00-05:00,44.75067075566635,45.03914589282444,44.71344747026378,45.001922607421875,8209500,0.0,0.0
2023-11-27 00:00:00-05:00,44.97400952845441,45.01122926620924,44.583172108659944,44.601783752441406,17651600,0.0,0.0
2023-11-28 00:00:00-05:00,44.62040198264362,44.84373464137111,44.49012400675115,44.52734375,16360900,0.0,0.0
2023-11-29 00:00:00-05:00,44.76929013795175,45.07637342109091,44.6948435542765,44.71345520019531,16700500,0.0,0.0
2023-11-30 00:00:00-05:00,44.843721883865015,45.132196998279596,44.61108169315224,45.020530700683594,37165000,0.0,0.0
2023-12-01 00:00:00-05:00,44.92747735788962,45.39275778968154,44.68553309527333,45.104286193847656,18744700,0.0,0.0
2023-12-04 00:00:00-05:00,44.722762798058966,44.83442912376334,44.462203305004095,44.71345520019531,17812900,0.0,0.0
2023-12-05 00:00:00-05:00,44.43428250821636,44.62969944320955,44.28539290777278,44.601783752441406,20985000,0.0,0.0
2023-12-06 00:00:00-05:00,44.732062892199416,44.8623408523072,44.34122901187607,44.38775634765625,19535500,0.0,0.0
2023-12-07 00:00:00-05:00,44.58316820449288,45.0019212783851,44.4808059475628,44.90886306762695,20478500,0.0,0.0
2023-12-08 00:00:00-05:00,44.92747249451392,45.2159476089285,44.86233352509895,45.020530700683594,16039900,0.0,0.0
2023-12-11 00:00:00-05:00,45.54165031685813,46.00693077859484,45.4578996917532,45.96040344238281,25618900,0.0,0.0
2023-12-12 00:00:00-05:00,46.13721176140754,46.14651580862012,45.69984699644463,45.904571533203125,18712200,0.0,0.0
2023-12-13 00:00:00-05:00,45.82082104550737,46.24887821472425,45.42067956781954,46.23957061767578,18689200,0.0,0.0
2023-12-14 00:00:00-05:00,46.5280312743458,46.53733531868556,45.755664251284266,46.00691604614258,28418700,0.0,0.0
2023-12-15 00:00:00-05:00,46.05346336648399,46.46290891001207,45.997628431081296,46.407073974609375,58860100,0.0,0.0
2023-12-18 00:00:00-05:00,46.4535943778273,46.80720848297259,45.96970587580677,46.75137710571289,20453100,0.0,0.0
2023-12-19 00:00:00-05:00,46.872350485628694,46.95610110673878,46.37915435565155,46.6955451965332,17035800,0.0,0.0
2023-12-20 00:00:00-05:00,46.63970958236337,46.835130061961756,46.33262634266532,46.3419303894043,17812200,0.0,0.0
2023-12-21 00:00:00-05:00,46.46290323248461,46.50943056473062,45.95109547816269,46.24887466430664,18772300,0.0,0.0
2023-12-22 00:00:00-05:00,46.379153303572124,46.890961065497955,46.379153303572124,46.611793518066406,12903800,0.0,0.0
2023-12-26 00:00:00-05:00,46.63040347072027,46.90026696170423,46.57456854333494,46.788597106933594,9721200,0.0,0.0
2023-12-27 00:00:00-05:00,46.80721440743294,47.04916223887472,46.788602762721396,46.93749237060547,10414300,0.0,0.0
2023-12-28 00:00:00-05:00,47.067778233378434,47.11430557455301,46.91888506192606,46.9747200012207,8549900,0.0,0.0
2023-12-29 00:00:00-05:00,46.94679720998445,47.07707516550383,46.732768633087176,47.01193618774414,12492900,0.0,0.0
2024-01-02 00:00:00-05:00,46.98402404589767,47.328330604319596,46.760687855418816,47.00263214111328,20242900,0.0,0.0
2024-01-03 00:00:00-05:00,47.04951728279825,47.52779823154447,46.833823285739626,47.368370056152344,20303900,0.39,0.0
2024-01-04 00:00:00-05:00,47.30272791159013,47.368373760287895,46.880719906370345,46.96512222290039,18134100,0.0,0.0
2024-01-05 00:00:00-05:00,47.058897243902905,47.23707830800024,46.76817738175763,46.97449493408203,13989300,0.0,0.0
2024-01-08 00:00:00-05:00,46.65564135222629,47.35899272939553,46.59937195417791,47.32147979736328,18070300,0.0,0.0
2024-01-09 00:00:00-05:00,46.85258014297084,46.927606009058955,46.35554630114274,46.80569076538086,20489200,0.0,0.0
2024-01-10 00:00:00-05:00,46.89009169623803,47.19018799689955,46.72128707993717,47.11516571044922,15174200,0.0,0.0
2024-01-11 00:00:00-05:00,47.31211058345933,47.35899996695038,46.9276119149437,47.302730560302734,16458300,0.0,0.0
2024-01-12 00:00:00-05:00,47.35899821079029,47.659094546921644,47.17143710635056,47.20895004272461,18785700,0.0,0.0
2024-01-16 00:00:00-05:00,47.12454473786304,47.443397521972656,46.95574011230911,47.443397521972656,17015900,0.0,0.0
2024-01-17 00:00:00-05:00,47.115170483634,47.2933515622562,46.80569412991969,47.17143630981445,17370600,0.0,0.0
2024-01-18 00:00:00-05:00,47.17142948705452,47.64033038370005,47.1526730218971,47.593441009521484,18487500,0.0,0.0
2024-01-19 00:00:00-05:00,47.59344308084085,48.193635682279385,47.57468661486713,48.08110046386719,23015300,0.0,0.0
2024-01-22 00:00:00-05:00,48.343685549961556,48.55937955017629,48.21239386091174,48.36244201660156,20298700,0.0,0.0
2024-01-23 00:00:00-05:00,48.19364081200726,48.59689592978937,48.10923849485681,48.540626525878906,15044300,0.0,0.0
2024-01-24 00:00:00-05:00,48.76569618520619,48.76569618520619,48.02483186534771,48.118614196777344,19458500,0.0,0.0
2024-01-25 00:00:00-05:00,48.53124940771232,49.29087025153407,48.53124940771232,49.07517623901367,18936600,0.0,0.0
2024-01-26 00:00:00-05:00,49.159567453231375,49.34712852419388,48.756315980192326,48.8969841003418,13160300,0.0,0.0
2024-01-29 00:00:00-05:00,48.615654714934124,49.131445087690864,48.60627826921738,49.03766632080078,13492400,0.0,0.0
2024-01-30 00:00:00-05:00,49.047045709246625,49.15958095175275,48.76570581426587,48.990779876708984,14322100,0.0,0.0
2024-01-31 00:00:00-05:00,48.625022416587285,48.70942472258285,46.95573633959718,47.058895111083984,29311800,0.0,0.0
2024-02-01 00:00:00-05:00,47.10578448609708,47.32147847310131,46.721285887101715,47.058895111083984,20635700,0.0,0.0
2024-02-02 00:00:00-05:00,47.02138218010151,47.246456188566356,46.53372480961934,47.058895111083984,20533100,0.0,0.0
2024-02-05 00:00:00-05:00,46.833823782630766,47.030764892843486,46.19611822915674,46.43056869506836,19602000,0.0,0.0
2024-02-06 00:00:00-05:00,47.180814230552095,47.462154081212,46.6931568199408,46.871337890625,19265800,0.0,0.0
2024-02-07 00:00:00-05:00,47.17143418475505,47.21832356360323,46.383680456842676,46.674400329589844,16794400,0.0,0.0
2024-02-08 00:00:00-05:00,46.796315119900385,46.88071743197562,46.468082316305455,46.843204498291016,19599000,0.0,0.0
2024-02-09 00:00:00-05:00,46.824443778338505,47.133916509551156,46.543103956118834,47.01200485229492,24076900,0.0,0.0
2024-02-12 00:00:00-05:00,46.91822377034557,47.07765193953525,46.4493228617395,46.880714416503906,19046300,0.0,0.0
2024-02-13 00:00:00-05:00,46.53372613895341,46.83382244052609,46.08358168659439,46.55248260498047,23633700,0.0,0.0
2024-02-14 00:00:00-05:00,46.48683717719876,47.20894502724512,46.46808071100442,47.15267562866211,31176400,0.0,0.0
2024-02-15 00:00:00-05:00,45.258319589063326,46.59937663578988,45.19267374012682,46.00856399536133,42766500,0.0,0.0
2024-02-16 00:00:00-05:00,45.71784006936386,46.02731639623064,45.38023083184743,45.427120208740234,24912300,0.0,0.0
2024-02-20 00:00:00-05:00,44.986356617841224,45.45525755043518,44.873817818268925,45.27707290649414,26402500,0.0,0.0
2024-02-21 00:00:00-05:00,45.43650103050545,45.50214687479712,44.920710720743585,45.46463394165039,15981300,0.0,0.0
2024-02-22 00:00:00-05:00,45.26769428809236,45.67094935695269,45.15515907135437,45.549034118652344,22020300,0.0,0.0
2024-02-23 00:00:00-05:00,45.59592133058461,46.083578683215926,45.48338611918657,45.82099533081055,13141900,0.0,0.0
2024-02-26 00:00:00-05:00,45.811618254756816,45.85851120849795,45.35209735850647,45.389610290527344,13018700,0.0,0.0
2024-02-27 00:00:00-05:00,45.155158153749944,45.43649797859278,45.03324291792706,45.305206298828125,12515400,0.0,0.0
2024-02-28 00:00:00-05:00,45.2020543338089,45.46463773287202,45.0238696752185,45.070762634277344,14635100,0.0,0.0
2024-02-29 00:00:00-05:00,45.19266466900746,45.46462803283019,45.13639885403017,45.36146926879883,22962500,0.0,0.0
2024-03-01 00:00:00-05:00,45.11764689952116,45.40836317910768,44.69563535786159,45.389610290527344,18508100,0.0,0.0
2024-03-04 00:00:00-05:00,45.361479630365,46.39306392888556,45.23018792885506,46.07421112060547,25214500,0.0,0.0
2024-03-05 00:00:00-05:00,45.98980545023182,46.01793836209665,45.54903741805456,45.90540313720703,18101300,0.0,0.0
2024-03-06 00:00:00-05:00,45.93353995281424,46.33679508515621,45.924163507205854,46.11172103881836,20903600,0.0,0.0
2024-03-07 00:00:00-05:00,46.36492316942009,46.40243610280698,45.792867033706024,45.85851287841797,21224700,0.0,0.0
2024-03-08 00:00:00-05:00,45.830375994446584,46.68377554577286,45.811619527914885,46.42119216918945,19316200,0.0,0.0
2024-03-11 00:00:00-04:00,46.627511707736474,47.17143495058041,46.49622001385794,47.096412658691406,17715100,0.0,0.0
2024-03-12 00:00:00-04:00,47.39650607931684,47.405882523692526,46.7869334494236,46.95573806762695,17590400,0.0,0.0
2024-03-13 00:00:00-04:00,46.918222125926015,47.03076091579676,46.73066463100125,46.993247985839844,16669900,0.0,0.0
2024-03-14 00:00:00-04:00,47.14330552768542,47.218327825127325,46.51497634663527,46.69316101074219,17239400,0.0,0.0
2024-03-15 00:00:00-04:00,46.693156459873265,46.85258106229338,45.858513359132,45.88664627075195,57049200,0.0,0.0
2024-03-18 00:00:00-04:00,46.158608364519935,46.571239892099904,45.933534345657115,46.20549774169922,17406700,0.0,0.0
2024-03-19 00:00:00-04:00,46.06482355174229,46.51496798779359,45.92415542778062,46.083580017089844,19601100,0.0,0.0
2024-03-20 00:00:00-04:00,45.98980504335627,46.49621891702471,45.89602270891937,46.468082427978516,18554100,0.0,0.0
2024-03-21 00:00:00-04:00,46.61812919796498,47.06827365757184,46.477461066642306,46.777557373046875,26102900,0.0,0.0
2024-03-22 00:00:00-04:00,46.93698762999274,46.98387701275385,46.62751484182492,46.683780670166016,15022900,0.0,0.0
2024-03-25 00:00:00-04:00,46.477461117223974,46.66501862585833,46.2242541876514,46.589996337890625,16191200,0.0,0.0
2024-03-26 00:00:00-04:00,46.468082427978516,46.71191292008418,46.40243658258782,46.468082427978516,13842900,0.0,0.0
2024-03-27 00:00:00-04:00,46.674400329589844,46.79631557653934,46.3367910779945,46.674400329589844,17231000,0.0,0.0
2024-03-28 00:00:00-04:00,46.78693429885883,47.07765416380499,46.711912010200905,46.80569076538086,18139700,0.0,0.0
2024-04-01 00:00:00-04:00,46.85258261993571,47.0776566526689,46.76818030483956,46.927608489990234,15138100,0.0,0.0
2024-04-02 00:00:00-04:00,46.8525814348535,46.97449668189321,46.09296419563219,46.28990173339844,16414400,0.0,0.0
2024-04-03 00:00:00-04:00,46.138627063078424,46.535723685865285,46.00626272436872,46.08190155029297,22210000,0.4,0.0
2024-04-04 00:00:00-04:00,46.412813459280216,46.84772589832497,45.4200772895797,45.48625946044922,17374000,0.0,0.0
2024-04-05 00:00:00-04:00,45.34442858807716,46.01570680738583,45.278246431618946,45.902252197265625,18661300,0.0,0.0
2024-04-08 00:00:00-04:00,45.56188912680053,46.00625816845616,45.53352637321651,45.60916519165039,15375700,0.0,0.0
2024-04-09 00:00:00-04:00,46.17644401485767,47.46227513377391,45.8738959406018,47.28263473510742,26686600,0.0,0.0
2024-04-10 00:00:00-04:00,47.01790570921265,47.05572511986737,46.14808090409917,46.52626419067383,20026400,0.0,0.0
2024-04-11 00:00:00-04:00,46.63026895069673,46.88554458006079,46.327720858115136,46.82881546020508,15703900,0.0,0.0
2024-04-12 00:00:00-04:00,46.52626280179965,46.54517250656254,45.798255398387155,45.84553146362305,16418100,0.0,0.0
2024-04-15 00:00:00-04:00,47.00845087276086,47.074633035561824,45.57134578243345,45.60916519165039,20310800,0.0,0.0
2024-04-16 00:00:00-04:00,45.826621786771504,45.86443758966289,45.230978709678965,45.30661392211914,14233400,0.0,0.0
2024-04-17 00:00:00-04:00,45.38225852104692,45.64698720828918,45.10807317688438,45.183712005615234,14407600,0.0,0.0
2024-04-18 00:00:00-04:00,45.769897850841105,45.769897850841105,45.26880324092684,45.48625946044922,13080900,0.0,0.0
2024-04-19 00:00:00-04:00,45.750985175608825,45.78880458698278,45.41061768655844,45.6848030090332,20964400,0.0,0.0
2024-04-22 00:00:00-04:00,45.84552850724968,45.94007341830989,45.38224978707745,45.51461410522461,20135700,0.0,0.0
2024-04-23 00:00:00-04:00,45.514619264508006,45.81716734218445,45.43898404841769,45.6848030090332,16261700,0.0,0.0
2024-04-24 00:00:00-04:00,45.42952691419834,45.74153164476388,45.306615631855166,45.713165283203125,14828500,0.0,0.0
2024-04-25 00:00:00-04:00,46.1197184346816,46.261539433275885,45.2404368993758,45.476802825927734,18790900,0.0,0.0
2024-04-26 00:00:00-04:00,45.041893817832545,45.64699005883473,45.01353105861622,45.24989700317383,14658900,0.0,0.0
2024-04-29 00:00:00-04:00,45.37280166181811,45.675349738027414,44.985161713758835,45.174251556396484,11599500,0.0,0.0
2024-04-30 00:00:00-04:00,45.01352797601901,45.08916319763562,44.40843177645477,44.417884826660156,18535400,0.0,0.0
2024-05-01 00:00:00-04:00,44.15315430891015,44.975706695645435,44.13424460262619,44.285518646240234,18266400,0.0,0.0
2024-05-02 00:00:00-04:00,44.46515618358102,44.55024805994161,44.058606508375725,44.23824691772461,15441700,0.0,0.0
2024-05-03 00:00:00-04:00,44.531341299231485,44.81498331030243,44.285522310515724,44.55025100708008,17935300,0.0,0.0
2024-05-06 00:00:00-04:00,44.6447959540285,44.852795510310614,44.408430034926965,44.540794372558594,14163000,0.0,0.0
2024-05-07 00:00:00-04:00,44.63533684726844,44.871702753394615,44.44624340103601,44.70151901245117,14308200,0.0,0.0
2024-05-08 00:00:00-04:00,44.85279460767015,45.51461988916708,44.673157811164856,45.38225555419922,15130200,0.0,0.0
2024-05-09 00:00:00-04:00,45.38225852104692,45.4673504000402,45.0513476619941,45.183712005615234,12449300,0.0,0.0
2024-05-10 00:00:00-04:00,45.382262420208654,45.47680735758749,45.09862400141399,45.43899154663086,12096900,0.0,0.0
2024-05-13 00:00:00-04:00,45.67534884254821,46.15753370247293,45.599710021650026,46.025169372558594,15149100,0.0,0.0
2024-05-14 00:00:00-04:00,46.30881167049106,46.49790513213822,45.71316852863274,46.28044891357422,17379700,0.0,0.0
2024-05-15 00:00:00-04:00,46.50735570613113,47.01790694339891,46.072443292158255,46.961177825927734,37342100,0.0,0.0
2024-05-16 00:00:00-04:00,47.34881683051532,47.37717958319369,45.54297796797058,45.70370864868164,47829400,0.0,0.0
2024-05-17 00:00:00-04:00,45.62806824111884,45.91171018463797,45.48625087601641,45.54297637939453,22020300,0.0,0.0
2024-05-20 00:00:00-04:00,45.382256210862025,45.44843837930358,44.44624558958361,44.5597038269043,22040700,0.0,0.0
2024-05-21 00:00:00-04:00,44.550245847541206,44.57861220935788,44.06806097654871,44.380062103271484,25172200,0.0,0.0
2024-05-22 00:00:00-04:00,44.53134087554353,45.230985632652924,44.47461535919544,44.843345642089844,19940600,0.0,0.0
2024-05-23 00:00:00-04:00,44.57861309337103,44.61642889878053,43.973513320269525,44.0586051940918,18837500,0.0,0.0
2024-05-24 00:00:00-04:00,44.08697404089029,44.24770114124662,43.8506081121372,43.888423919677734,11941100,0.0,0.0
2024-05-28 00:00:00-04:00,43.63315386224299,44.33279502324016,43.47242314796547,43.75606155395508,18178800,0.0,0.0
2024-05-29 00:00:00-04:00,43.39678326384316,43.80333292455676,43.34950719570532,43.56696701049805,16001100,0.0,0.0
2024-05-30 00:00:00-04:00,43.585876211919974,43.92624372945486,43.49133128223045,43.60478591918945,19894200,0.0,0.0
2024-05-31 00:00:00-04:00,43.623690445253985,44.03024008661704,43.50077916592953,43.96405792236328,39269100,0.0,0.0
2024-06-03 00:00:00-04:00,44.1720629043053,44.219335365497514,43.756056589835595,44.10588073730469,23295000,0.0,0.0
2024-06-04 00:00:00-04:00,44.10588509857522,45.00407277001448,43.9735171448276,44.83388900756836,23330300,0.0,0.0
2024-06-05 00:00:00-04:00,44.92843021737791,45.0324317893148,43.15095765879734,43.51023483276367,28746400,0.0,0.0
2024-06-06 00:00:00-04:00,43.43459688393265,43.86005622916593,43.28332285081164,43.70878219604492,15456100,0.0,0.0
2024-06-07 00:00:00-04:00,43.44405131233907,43.76550906707201,43.292777286973994,43.340049743652344,15734600,0.0,0.0
2024-06-10 00:00:00-04:00,43.30223391758513,43.358963034286106,42.80113934336127,43.34950637817383,13400400,0.0,0.0
2024-06-11 00:00:00-04:00,43.19823735912975,43.42515024563917,42.88623619766951,43.27387619018555,17450700,0.0,0.0
2024-06-12 00:00:00-04:00,43.48187369857334,43.56696556908552,42.91459335960631,43.132049560546875,16803100,0.0,0.0
2024-06-13 00:00:00-04:00,42.94295376749528,43.065865041886624,42.65931541684068,43.03750228881836,16149000,0.0,0.0
2024-06-14 00:00:00-04:00,42.8484142321024,43.21714449491023,42.517503382571725,43.18878173828125,15274200,0.0,0.0
2024-06-17 00:00:00-04:00,42.92405282995139,43.21714426464329,42.49859344949474,43.19823455810547,16382000,0.0,0.0
2024-06-18 00:00:00-04:00,43.01860160686961,43.48188044187314,43.01860160686961,43.46297073364258,17627000,0.0,0.0
2024-06-20 00:00:00-04:00,43.40623883050769,44.31388312752761,43.358966366286246,44.17206573486328,25613200,0.0,0.0
2024-06-21 00:00:00-04:00,44.531335250142156,45.230979918869245,44.4840627902711,44.710975646972656,64967000,0.0,0.0
2024-06-24 00:00:00-04:00,44.90006911465686,45.17425082470351,44.45570005700925,44.70151901245117,19136200,0.0,0.0
2024-06-25 00:00:00-04:00,44.692068517172814,45.212072819035804,44.427339841313334,44.79607009887695,17615800,0.0,0.0
2024-06-26 00:00:00-04:00,44.49351772471406,44.82442853766546,44.24769517224385,44.30442428588867,13981300,0.0,0.0
2024-06-27 00:00:00-04:00,44.22878875558142,44.91897679294261,44.21933570593325,44.86225128173828,16541900,0.0,0.0
2024-06-28 00:00:00-04:00,44.95679524117542,45.24989026719311,44.75824874290096,44.918975830078125,23921100,0.0,0.0
2024-07-01 00:00:00-04:00,44.89060543054815,45.23097285914664,44.76769416874159,44.92842483520508,17776000,0.0,0.0
2024-07-02 00:00:00-04:00,44.81497724418514,45.18370748067676,44.398970941142274,44.70151901245117,19794200,0.0,0.0
2024-07-03 00:00:00-04:00,44.578610217957205,44.928430740370096,44.47460864480968,44.521881103515625,8118300,0.0,0.0
2024-07-05 00:00:00-04:00,44.2739566119454,44.58863069685184,44.159530002666365,44.483741760253906,14692600,0.4,0.0
2024-07-08 00:00:00-04:00,44.1976617531016,44.607694302563296,43.81623857893058,43.9211311340332,19320900,0.0,0.0
2024-07-09 00:00:00-04:00,43.86392741413911,43.95928232306025,43.53018159535853,43.673213958740234,17343400,0.0,0.0
2024-07-10 00:00:00-04:00,43.92113620461766,44.140455373535865,43.70181703569946,44.12138366699219,18737300,0.0,0.0
2024-07-11 00:00:00-04:00,44.035569467760034,44.73167049290399,44.035569467760034,44.5886344909668,19741200,0.0,0.0
2024-07-12 00:00:00-04:00,44.607707332571685,45.63755784252189,44.48374667447365,45.179847717285156,20936100,0.0,0.0
2024-07-15 00:00:00-04:00,45.20844760916218,45.28473443893466,44.61723922865047,45.19891357421875,15925900,0.0,0.0
2024-07-16 00:00:00-04:00,45.24659644391666,45.74244998416489,45.02727723838399,45.217987060546875,17037300,0.0,0.0
2024-07-17 00:00:00-04:00,45.25612800337178,46.47669189624801,45.151235424388396,46.26690673828125,26638700,0.0,0.0
2024-07-18 00:00:00-04:00,45.91408905076125,46.381333180332156,45.75198134632896,45.80919647216797,18462500,0.0,0.0
2024-07-19 00:00:00-04:00,45.85687551099009,45.86640954684811,44.950989327100864,45.12263107299805,18289200,0.0,0.0
2024-07-22 00:00:00-04:00,45.12262911905687,45.179844244397216,44.59816986821791,44.64584732055664,19899400,0.0,0.0
2024-07-23 00:00:00-04:00,44.57909208149167,44.607697821483285,44.18813120553056,44.20720291137695,16372000,0.0,0.0
2024-07-24 00:00:00-04:00,44.37884755442217,44.8556293193707,44.092779222964296,44.6744499206543,25318200,0.0,0.0
2024-07-25 00:00:00-04:00,45.17030922763627,45.95223113215305,44.87470682321935,45.046348571777344,20631200,0.0,0.0
2024-07-26 00:00:00-04:00,45.12263071233334,45.780588307975755,45.046347513409096,45.6566276550293,16104900,0.0,0.0
2024-07-29 00:00:00-04:00,45.59940507410194,45.97129424726637,45.23704993516091,45.761512756347656,11475700,0.0,0.0
2024-07-30 00:00:00-04:00,45.952222276276316,46.29550570723498,45.66615396299608,45.904544830322266,20166000,0.0,0.0
2024-07-31 00:00:00-04:00,46.16201756004673,46.50530106653417,45.99991348062586,46.20016098022461,19953600,0.0,0.0
2024-08-01 00:00:00-04:00,46.36225958125543,46.45761812043211,45.00820106295348,45.18937683105469,18837500,0.0,0.0
2024-08-02 00:00:00-04:00,45.46590993729147,45.532659094173724,44.19766868141629,44.4932746887207,24000200,0.0,0.0
2024-08-05 00:00:00-04:00,44.3883812730527,44.512345549572146,42.61475253806737,42.66243362426758,29669600,0.0,0.0
2024-08-06 00:00:00-04:00,42.67196635903279,43.61599581867348,42.56707379267759,43.06292724609375,20524000,0.0,0.0
2024-08-07 00:00:00-04:00,43.31085241053479,44.06416844831451,42.99617834716159,43.024784088134766,18301100,0.0,0.0
2024-08-08 00:00:00-04:00,43.177357497416985,44.12138703687333,43.177357497416985,43.701820373535156,18369100,0.0,0.0
2024-08-09 00:00:00-04:00,43.577858780507334,43.921142270592505,43.13922038209032,43.35853958129883,21217600,0.0,0.0
2024-08-12 00:00:00-04:00,43.415748955456976,43.61600007328536,42.4335796247889,42.77686309814453,20289500,0.0,0.0
2024-08-13 00:00:00-04:00,42.891294336685164,43.282255304055475,42.805473459088915,43.26318359375,20976900,0.0,0.0
2024-08-14 00:00:00-04:00,43.043857205333886,43.61599750644106,42.94850230726079,43.329925537109375,30675600,0.0,0.0
2024-08-15 00:00:00-04:00,46.486220987705565,47.94517199007098,45.92361837281365,46.27643585205078,45976400,0.0,0.0
2024-08-16 00:00:00-04:00,46.381328188290254,47.42071255171244,46.24782987992419,47.16324996948242,27424900,0.0,0.0
2024-08-19 00:00:00-04:00,47.03928929978702,47.66864106560612,47.010679921188824,47.65910339355469,16436600,0.0,0.0
2024-08-20 00:00:00-04:00,47.65910725997121,48.0309964739131,47.29675208129812,47.90703582763672,18697300,0.0,0.0
2024-08-21 00:00:00-04:00,47.954714514771524,48.202639451269086,47.70678594071749,48.10728454589844,21177600,0.0,0.0
2024-08-22 00:00:00-04:00,48.36474411328481,48.564991584501314,47.849818926537,47.887962341308594,19143100,0.0,0.0
2024-08-23 00:00:00-04:00,48.16448915206761,48.41241769069613,47.98331340272827,48.383811950683594,16474100,0.0,0.0
2024-08-26 00:00:00-04:00,48.431495666503906,48.65081485595702,48.36474650612932,48.431495666503906,12016800,0.0,0.0
2024-08-27 00:00:00-04:00,48.31706593351906,48.479173637275046,48.059606962208825,48.35520935058594,10243900,0.0,0.0
2024-08-28 00:00:00-04:00,48.1072774368591,48.22170403390581,47.1155705623051,47.53513717651367,14571400,0.0,0.0
2024-08-29 00:00:00-04:00,47.64957294664372,48.46010052934846,47.56375207949976,48.05006790161133,16324100,0.0,0.0
2024-08-30 00:00:00-04:00,48.20263782547611,48.336136143514935,47.74492774753314,48.1931037902832,15615800,0.0,0.0
2024-09-03 00:00:00-04:00,47.97378441617277,48.15496018457465,47.582823498790354,47.73539352416992,14918600,0.0,0.0
2024-09-04 00:00:00-04:00,47.506539348036085,47.716324508854434,47.2776861158311,47.392112731933594,16411700,0.0,0.0
2024-09-05 00:00:00-04:00,47.201400754010265,47.34443675677235,46.667403799596016,46.84858322143555,16312000,0.0,0.0
2024-09-06 00:00:00-04:00,46.600654598952275,46.9439380952705,45.96176869890409,46.24783706665039,21040500,0.0,0.0
2024-09-09 00:00:00-04:00,46.219229845559255,46.86765339844634,46.018978720729024,46.43854904174805,18677600,0.0,0.0
2024-09-10 00:00:00-04:00,46.52437210083008,46.6960138515806,46.19062263545662,46.52437210083008,11754700,0.0,0.0
2024-09-11 00:00:00-04:00,46.48622246481484,46.92486081916165,45.628013825826535,46.829505920410156,15106600,0.0,0.0
2024-09-12 00:00:00-04:00,46.81043240121629,47.33489159916123,46.591113232532265,47.3062858581543,13229500,0.0,0.0
2024-09-13 00:00:00-04:00,47.43024960870496,47.735389634600715,47.36349681783148,47.48746109008789,10168900,0.0,0.0
2024-09-16 00:00:00-04:00,47.563754809291915,48.69849421771508,47.468396263905575,48.66035079956055,16668200,0.0,0.0
2024-09-17 00:00:00-04:00,48.6508142853124,49.03223753475666,48.22170994682577,48.25985336303711,13230300,0.0,0.0
2024-09-18 00:00:00-04:00,48.050068468764245,48.76524115755329,47.93564185707379,48.221710205078125,12697700,0.0,0.0
2024-09-19 00:00:00-04:00,49.0227019357548,49.318307945628874,48.774777013402165,49.051307678222656,16274000,0.0,0.0
2024-09-20 00:00:00-04:00,49.06084814960691,49.899985139579364,49.03223876795067,49.55670166015625,44096600,0.0,0.0
2024-09-23 00:00:00-04:00,49.642522657097444,50.00487420847705,49.480414952485326,49.766483306884766,18343400,0.0,0.0
2024-09-24 00:00:00-04:00,49.78555167665619,50.12883513393585,49.59483824066125,50.08115768432617,26479300,0.0,0.0
2024-09-25 00:00:00-04:00,50.12883326010108,50.28140327568266,49.93811983123508,50.20512008666992,22422200,0.0,0.0
2024-09-26 00:00:00-04:00,50.53886039795558,50.81539465805211,50.31000358053467,50.39582443237305,18374000,0.0,0.0
2024-09-27 00:00:00-04:00,50.57700551259754,50.74864722206213,50.40536380313294,50.55793380737305,13868300,0.0,0.0
2024-09-30 00:00:00-04:00,50.55793997391487,50.834474277065084,50.20512247811827,50.748653411865234,17807500,0.0,0.0
2024-10-01 00:00:00-04:00,50.64376064016252,50.72958150502522,49.880910528914164,50.29094314575195,16621800,0.0,0.0
2024-10-02 00:00:00-04:00,50.348601355500314,50.77137453885981,50.089171107067365,50.55998611450195,11071300,0.4,0.0
2024-10-03 00:00:00-04:00,50.14681646119551,50.59841764094867,50.117992101757984,50.37742233276367,11029100,0.0,0.0
2024-10-04 00:00:00-04:00,50.732936382783365,50.83863058823169,50.35820504736185,50.68489456176758,11724100,0.0,0.0
2024-10-07 00:00:00-04:00,50.52154761045689,50.780974156335915,50.319766113703864,50.45428466796875,10941700,0.0,0.0
2024-10-08 00:00:00-04:00,50.57919937465093,50.704111039152416,50.15642622641905,50.66567611694336,12365000,0.0,0.0
2024-10-09 00:00:00-04:00,50.588813784110165,51.57848928142423,50.48311957267737,51.46318817138672,10586100,0.0,0.0
2024-10-10 00:00:00-04:00,51.597701932698676,51.7033961342759,51.32866114722325,51.443965911865234,9377500,0.0,0.0
2024-10-11 00:00:00-04:00,51.42475026320641,52.203040957863955,51.42475026320641,52.12617111206055,12704500,0.0,0.0
2024-10-14 00:00:00-04:00,52.183820663002315,52.27990429968356,51.68417768847712,52.1453857421875,11428600,0.0,0.0
2024-10-15 00:00:00-04:00,52.289507769895145,52.47207179912146,51.809082287266826,51.96282196044922,20066300,0.0,0.0
2024-10-16 00:00:00-04:00,52.84681115198781,54.20161107308816,52.68346822234351,54.172786712646484,32382300,0.0,0.0
2024-10-17 00:00:00-04:00,54.17277625500887,54.36494717335383,53.66352277159139,54.191993713378906,18383400,0.0,0.0
2024-10-18 00:00:00-04:00,54.20160643778464,54.64359703175327,54.009435498776945,54.53790283203125,17679800,0.0,0.0
2024-10-21 00:00:00-04:00,54.470644949102734,54.82616247825235,54.29769146609911,54.37456130981445,14083600,0.0,0.0
2024-10-22 00:00:00-04:00,53.80765756688358,54.67242495820795,53.673139009423295,54.3841667175293,14956300,0.0,0.0
2024-10-23 00:00:00-04:00,53.961397198443166,54.374563461372055,53.798054272118556,54.076698303222656,18723000,0.0,0.0
2024-10-24 00:00:00-04:00,54.17278543768494,54.336128363484946,53.625100610046275,53.76922607421875,14699600,0.0,0.0
2024-10-25 00:00:00-04:00,54.0478708562818,54.412995276810534,53.4905754951929,53.557838439941406,14680500,0.0,0.0
2024-10-28 00:00:00-04:00,53.711578872479485,53.788445055805695,53.04858925634079,53.115848541259766,12912300,0.0,0.0
2024-10-29 00:00:00-04:00,53.20232177423074,53.91335316615281,53.10623813508046,53.500186920166016,18810100,0.0,0.0
2024-10-30 00:00:00-04:00,53.394490273132966,53.84609142024492,53.20231933827539,53.4137077331543,13284300,0.0,0.0
2024-10-31 00:00:00-04:00,53.259970217227725,53.33683638979088,52.56815633738123,52.62580871582031,22023400,0.0,0.0
2024-11-01 00:00:00-04:00,52.596990950574714,53.6251013367665,52.395209433429095,53.32723617553711,19235600,0.0,0.0
2024-11-04 00:00:00-05:00,53.27918940103602,53.72117998730671,52.962106807392445,53.64431381225586,13269900,0.0,0.0
2024-11-05 00:00:00-05:00,53.71157560138085,54.067089466495126,53.32723371208831,53.961395263671875,10183600,0.0,0.0
2024-11-06 00:00:00-05:00,54.95107120698473,55.81583863350237,54.73007590139821,55.60445022583008,20506000,0.0,0.0
2024-11-07 00:00:00-05:00,55.53719165771142,56.01761719742407,55.28737198981747,55.80623245239258,17880200,0.0,0.0
2024-11-08 00:00:00-05:00,55.8158383665291,55.9215325698597,55.40267211643088,55.78701400756836,17517700,0.0,0.0
2024-11-11 00:00:00-05:00,56.69021542206016,57.055339869722296,56.07527129885411,56.33470153808594,17827000,0.0,0.0
2024-11-12 00:00:00-05:00,56.45960569238556,56.72864647695551,56.14252675407692,56.411563873291016,16609400,0.0,0.0
2024-11-13 00:00:00-05:00,55.87349137653245,56.9592504502662,55.575626224291995,56.86316680908203,36350600,0.0,0.0
2024-11-14 00:00:00-05:00,56.680606545913804,56.680606545913804,55.26815429227874,55.65249252319336,33747700,0.0,0.0
2024-11-15 00:00:00-05:00,55.20089191235701,55.82544287705192,54.989503514735716,55.21049880981445,28173700,0.0,0.0
2024-11-18 00:00:00-05:00,55.29697793491058,55.719754748399744,54.98950588802169,55.066375732421875,23769300,0.0,0.0
2024-11-19 00:00:00-05:00,54.46103539239219,54.8069423415114,54.14395280058101,54.778114318847656,17476200,0.0,0.0
2024-11-20 00:00:00-05:00,54.61477037844167,55.248931884765625,54.39377509074528,55.248931884765625,15345000,0.0,0.0
2024-11-21 00:00:00-05:00,55.04715699842056,55.66210107797848,54.86459295486967,55.30658721923828,16162400,0.0,0.0
2024-11-22 00:00:00-05:00,55.33541163843714,56.40195688118723,55.210499976715774,56.25782775878906,14952100,0.0,0.0
2024-11-25 00:00:00-05:00,56.35391099170859,56.651772447294924,55.979176033611765,56.44038772583008,52408200,0.0,0.0
2024-11-26 00:00:00-05:00,56.69021214236253,57.305156229992235,56.63255975963879,57.25711441040039,14209700,0.0,0.0
2024-11-27 00:00:00-05:00,57.27633267434644,57.52615233894013,56.62295365574027,56.9688606262207,12703300,0.0,0.0
2024-11-29 00:00:00-05:00,56.757472099019054,57.257115092509444,56.728647739991736,56.891990661621094,11618400,0.0,0.0
2024-12-02 00:00:00-05:00,56.93042101022016,57.3628046876727,56.824726815136685,57.10337448120117,15977400,0.0,0.0
2024-12-03 00:00:00-05:00,57.103378773346094,57.19946241317734,56.85355544521539,57.15142059326172,11746000,0.0,0.0
2024-12-04 00:00:00-05:00,57.30515572367757,57.497326665702914,56.94964186341199,57.28593826293945,16872100,0.0,0.0
2024-12-05 00:00:00-05:00,57.449281354822986,57.87205446929831,57.362804619435344,57.6702766418457,19121700,0.0,0.0
2024-12-06 00:00:00-05:00,57.65106621713239,57.727936064792814,57.43007090314278,57.545372009277344,14622700,0.0,0.0
2024-12-09 00:00:00-05:00,57.48772377167516,57.53576559418834,56.55569702042366,56.642173767089844,16517500,0.0,0.0
2024-12-10 00:00:00-05:00,56.20978469828292,56.55569165211389,55.85427084700365,56.421173095703125,14480200,0.0,0.0
2024-12-11 00:00:00-05:00,56.57490850638118,56.65177468121153,56.02722372380042,56.296260833740234,26842900,0.0,0.0
2024-12-12 00:00:00-05:00,56.39234932939819,57.40124590934656,56.33470060964529,56.546085357666016,17704600,0.0,0.0
2024-12-13 00:00:00-05:00,56.32508850097656,56.63256054907747,56.09448629757885,56.32508850097656,14129700,0.0,0.0
2024-12-16 00:00:00-05:00,56.180963336999895,56.20018079827722,55.58523303347066,56.06565856933594,26883200,0.0,0.0
2024-12-17 00:00:00-05:00,56.09448154008688,56.75746740032099,55.89270004753248,56.229000091552734,24912500,0.0,0.0
2024-12-18 00:00:00-05:00,56.41156408050594,56.41156408050594,55.22971773273094,55.27775955200195,24195100,0.0,0.0
2024-12-19 00:00:00-05:00,55.14324209282273,55.86388039234285,55.09520027259258,55.37384796142578,21947800,0.0,0.0
2024-12-20 00:00:00-05:00,55.31619092257723,56.47881973493851,55.027936360099595,56.229000091552734,69544600,0.0,0.0
2024-12-23 00:00:00-05:00,55.8542718884348,56.709428726153,55.844661325451554,56.67099380493164,18671200,0.0,0.0
2024-12-24 00:00:00-05:00,56.498034732842726,57.506927490234375,56.498034732842726,57.506927490234375,9922300,0.0,0.0
2024-12-26 00:00:00-05:00,57.28594419787795,57.708721047205415,57.07455943857046,57.63185119628906,8524500,0.0,0.0
2024-12-27 00:00:00-05:00,57.23789793274853,57.670281647214544,56.82473167952056,57.27633285522461,13021400,0.0,0.0
2024-12-30 00:00:00-05:00,56.776684769877896,57.06493933189865,56.12330580777452,56.87276840209961,12948100,0.0,0.0
2024-12-31 00:00:00-05:00,56.901598899560504,57.05533491701692,56.46921520504067,56.882381439208984,14173000,0.0,0.0
2025-01-02 00:00:00-05:00,56.94964343257929,57.343592225175826,56.277046949636066,56.78629684448242,16144300,0.0,0.0
2025-01-03 00:00:00-05:00,56.92173358595559,57.2409732039413,56.45738270231007,56.94108200073242,18859000,0.4,0.0
2025-01-06 00:00:00-05:00,56.989446738163814,57.63760566636215,56.67987950659617,56.85401153564453,18543300,0.0,0.0
2025-01-07 00:00:00-05:00,57.04749733675589,57.31836776723887,56.737930076108825,57.0088005065918,16863800,0.0,0.0
2025-01-08 00:00:00-05:00,56.97010175490896,57.30869347192531,56.37031566892678,57.269996643066406,14400300,0.0,0.0
2025-01-10 00:00:00-05:00,56.87335850561528,57.13455654255931,56.63150888144477,56.824989318847656,17274500,0.0,0.0
2025-01-13 00:00:00-05:00,56.99912108455287,57.008797136688344,56.273572168362534,56.844337463378906,19340700,0.0,0.0
2025-01-14 00:00:00-05:00,57.047495502903686,57.405431944583206,56.83466663417562,57.39575958251953,16715500,0.0,0.0
2025-01-15 00:00:00-05:00,57.908483660619346,58.37283456882649,57.64728558281539,58.02457046508789,19185100,0.0,0.0
2025-01-16 00:00:00-05:00,58.21804556577359,58.47924361949831,57.831084666107486,57.869781494140625,18445700,0.0,0.0
2025-01-17 00:00:00-05:00,58.7791308483467,58.962938923946425,58.23739005373461,58.26641082763672,23876400,0.0,0.0
2025-01-21 00:00:00-05:00,58.49859196370259,59.33055531375899,58.31478387593086,59.04033279418945,18623800,0.0,0.0
2025-01-22 00:00:00-05:00,59.050008026708795,59.74653246914274,59.0016388375628,59.62077331542969,19436600,0.0,0.0
2025-01-23 00:00:00-05:00,59.78523214757878,60.28827985741767,59.378926510977806,60.20121383666992,14212000,0.0,0.0
2025-01-24 00:00:00-05:00,60.0367578476646,60.25925908061267,59.84327739152153,60.20121383666992,17232900,0.0,0.0
2025-01-27 00:00:00-05:00,59.38860001553347,59.45631762293625,56.8443406405927,57.15391159057617,33730300,0.0,0.0
2025-01-28 00:00:00-05:00,57.095855653287515,57.61825168999471,56.999113596305364,57.492488861083984,25473300,0.0,0.0
2025-01-29 00:00:00-05:00,57.99554242988957,58.56630770841489,57.56988471621017,57.60858154296875,17925300,0.0,0.0
2025-01-30 00:00:00-05:00,58.49858856201172,59.088702238333504,58.28575971079208,58.49858856201172,17079000,0.0,0.0
2025-01-31 00:00:00-05:00,58.556630086921515,59.19511294999327,58.488912487075446,58.62434768676758,16554200,0.0,0.0
2025-02-03 00:00:00-05:00,58.227715905799826,59.262832032582224,57.608581440098106,59.05000686645508,20375700,0.0,0.0
2025-02-04 00:00:00-05:00,58.85652596090595,59.58207484913687,58.75011153351221,59.34022521972656,12742700,0.0,0.0
2025-02-05 00:00:00-05:00,59.44663936301962,60.66555986567596,59.30152810993395,60.53012466430664,18997400,0.0,0.0
2025-02-06 00:00:00-05:00,60.77197475921416,60.85904077366763,60.04642586887939,60.239906311035156,15521800,0.0,0.0
2025-02-07 00:00:00-05:00,60.69458479655135,61.187956418232694,60.18186107128868,60.239906311035156,23861000,0.0,0.0
2025-02-10 00:00:00-05:00,61.06219741173642,61.091221878598525,60.34632452823843,60.762306213378906,15816200,0.0,0.0
2025-02-11 00:00:00-05:00,60.491433666472005,60.75263173299325,60.15284563042566,60.39469528198242,17702500,0.0,0.0
2025-02-12 00:00:00-05:00,59.436967587278936,60.52045665684608,59.20479399403793,60.491432189941406,30116300,0.0,0.0
2025-02-13 00:00:00-05:00,63.945043334310135,64.33200423440957,60.67523885883378,61.758724212646484,43257700,0.0,0.0
2025-02-14 00:00:00-05:00,61.71035007953612,62.948618956133075,61.37175839648815,62.75514221191406,23693300,0.0,0.0
2025-02-18 00:00:00-05:00,63.17112379058979,64.09014939569616,62.32948445469381,62.4842643737793,22047500,0.0,0.0
2025-02-19 00:00:00-05:00,62.41654895079451,62.84220665927881,62.19405142547949,62.72611618041992,14164100,0.0,0.0
2025-02-20 00:00:00-05:00,62.84221105600406,63.103412806545165,62.17470367202729,62.56166458129883,14836600,0.0,0.0
2025-02-21 00:00:00-05:00,62.57133711767439,62.84220752474394,61.79741903295242,61.89415740966797,18905800,0.0,0.0
2025-02-24 00:00:00-05:00,62.32948659534252,62.47459784867584,61.09121767747275,61.17828369140625,17287500,0.0,0.0
2025-02-25 00:00:00-05:00,62.49394114991499,62.53263797530129,61.25567226021235,62.17469787597656,22100100,0.0,0.0
2025-02-26 00:00:00-05:00,61.96188117091686,62.66807799168049,61.85546304775701,61.990901947021484,13452300,0.0,0.0
2025-02-27 00:00:00-05:00,62.65840388776641,63.1614552914399,61.67166056620006,61.729705810546875,24695600,0.0,0.0
2025-02-28 00:00:00-05:00,61.845792122480276,62.068297045559966,60.78165515015445,62.01992416381836,26711800,0.0,0.0
2025-03-03 00:00:00-05:00,62.290793986114465,62.764817223807036,61.1299149518547,61.41046142578125,21810700,0.0,0.0
2025-03-04 00:00:00-05:00,61.66198639643449,61.82644238176381,60.56882498044386,61.1976318359375,24588300,0.0,0.0
2025-03-05 00:00:00-05:00,61.16861255027202,62.087641951053364,60.75263086034291,61.874813079833984,14931500,0.0,0.0
2025-03-06 00:00:00-05:00,61.72002393203379,61.932849093883945,60.713928600321026,61.34273910522461,23155100,0.0,0.0
2025-03-07 00:00:00-05:00,60.84937695218733,62.07796999808996,60.162521101620115,61.85546875,21154800,0.0,0.0
2025-03-10 00:00:00-04:00,61.410462662996025,61.61361548324283,59.669145921691054,60.03675842285156,27417600,0.0,0.0
2025-03-11 00:00:00-04:00,60.249578393794145,60.34632045959077,58.55663099084415,58.69206619262695,25787400,0.0,0.0
2025-03-12 00:00:00-04:00,58.97261760307157,59.18544647537447,58.285765484699375,58.48891830444336,18935300,0.0,0.0
2025-03-13 00:00:00-04:00,58.440546969621096,58.51794062592331,57.299016371492044,57.72467041015625,16463300,0.0,0.0
2025-03-14 00:00:00-04:00,58.3534825523812,58.64370139081138,57.96652164091914,58.52761459350586,16250700,0.0,0.0
2025-03-17 00:00:00-04:00,58.430872570312744,59.21446301621989,58.37282733011008,58.9048957824707,15335800,0.0,0.0
2025-03-18 00:00:00-04:00,58.69206958650744,58.81783243414908,57.724671014596,58.33413314819336,16669000,0.0,0.0
2025-03-19 00:00:00-04:00,58.65337621283263,59.5724055905258,58.52761336569584,59.12739944458008,15488800,0.0,0.0
2025-03-20 00:00:00-04:00,58.50826443811377,59.030660545944976,58.37282923023145,58.643699645996094,16528600,0.0,0.0
2025-03-21 00:00:00-04:00,58.20837030055172,58.43087521958412,57.49249742392356,58.33413314819336,65935200,0.0,0.0
2025-03-24 00:00:00-04:00,59.05000978017472,59.378925442600085,58.89522615611176,58.98229217529297,28335600,0.0,0.0
2025-03-25 00:00:00-04:00,58.85652525309289,59.21446166702248,58.72109005270507,59.00163650512695,20877600,0.0,0.0
2025-03-26 00:00:00-04:00,59.040331414404385,59.82392555633066,59.02098300086308,59.78522872924805,30621200,0.0,0.0
2025-03-27 00:00:00-04:00,59.87229669908639,59.95936271769757,59.33055586357918,59.39827346801758,25720200,0.0,0.0
2025-03-28 00:00:00-04:00,59.64979936077588,59.76588616304878,58.53728946046744,58.87588119506836,24931700,0.0,0.0
2025-03-31 00:00:00-04:00,58.653369843126015,59.88196633393699,58.276085033021126,59.698158264160156,29335700,0.0,0.0
2025-04-01 00:00:00-04:00,59.37892311587835,60.017406001411125,59.069355879882615,59.78522872924805,17381400,0.0,0.0
2025-04-02 00:00:00-04:00,59.20479837090563,59.852953697813795,59.10805629129269,59.80458450317383,18610700,0.0,0.0
2025-04-03 00:00:00-04:00,57.827648097566644,58.35352822149402,55.76306792595986,55.811763763427734,40006300,0.41,0.0
2025-04-04 00:00:00-04:00,55.1787541268486,55.96757987234101,53.01678974547954,53.11417770385742,42924400,0.0,0.0
2025-04-07 00:00:00-04:00,51.98450370105009,54.65287062199189,50.747704484566256,52.98757553100586,46816200,0.0,0.0
2025-04-08 00:00:00-04:00,53.308950796985336,54.40940688277467,51.34175858450918,51.799468994140625,37377000,0.0,0.0
2025-04-09 00:00:00-04:00,51.69234632705663,56.90248130131153,51.29306127494649,56.61032485961914,53380800,0.0,0.0
2025-04-10 00:00:00-04:00,56.308424383832936,56.425286210499095,53.56214730986997,55.11058044433594,31964600,0.0,0.0
2025-04-11 00:00:00-04:00,55.188495984687066,56.28895586514184,54.80869220058463,55.83124542236328,23036900,0.0,0.0
2025-04-14 00:00:00-04:00,56.3766002425523,56.68823429097258,55.60725206021496,55.909149169921875,15657700,0.0,0.0
2025-04-15 00:00:00-04:00,56.35712205588578,56.396077240270266,55.5683000044396,55.70463943481445,18543600,0.0,0.0
2025-04-16 00:00:00-04:00,55.091110032183245,55.58777936142653,53.97117259288412,54.302284240722656,20551300,0.0,0.0
2025-04-17 00:00:00-04:00,54.73078385261427,54.93529300466928,54.234114523370984,54.302284240722656,15910400,0.0,0.0
2025-04-21 00:00:00-04:00,53.71796799359164,53.883525664755915,52.42273972905458,52.9486198425293,15578800,0.0,0.0
2025-04-22 00:00:00-04:00,53.776406995502896,53.83483606211553,53.16287579127206,53.601112365722656,19961800,0.0,0.0
2025-04-23 00:00:00-04:00,54.68209215468226,55.49039183028854,54.04908338579713,54.17568588256836,30231500,0.0,0.0
2025-04-24 00:00:00-04:00,53.854311430301614,55.09111072709426,53.71797199387851,54.81843185424805,22782300,0.0,0.0
2025-04-25 00:00:00-04:00,54.740518851668654,55.29561722470154,54.604179421796836,55.227447509765625,16493500,0.0,0.0
2025-04-28 00:00:00-04:00,55.052152578944344,55.831241399394166,54.94502768038395,55.35404968261719,23140600,0.0,0.0
2025-04-29 00:00:00-04:00,55.2079717670655,55.987060618096145,55.14954270371788,55.840980529785156,13466000,0.0,0.0
2025-04-30 00:00:00-04:00,55.60724830228052,56.39607402370668,54.98398024756037,56.22077941894531,19921200,0.0,0.0
2025-05-01 00:00:00-04:00,56.26947051041489,56.94143438803849,56.17208627175929,56.600582122802734,16420800,0.0,0.0
2025-05-02 00:00:00-04:00,57.516015441160086,57.86660096056688,57.20438139170679,57.77895736694336,18753200,0.0,0.0
2025-05-05 00:00:00-04:00,57.45758438602987,58.09059315762708,57.34072254272475,57.76921844482422,14758500,0.0,0.0
2025-05-06 00:00:00-04:00,57.09725705739034,57.95424884440786,57.048564933236996,57.67183303833008,13766500,0.0,0.0
2025-05-07 00:00:00-04:00,57.65235388675428,58.33405475138074,57.52575139540215,58.01268005371094,14078300,0.0,0.0
2025-05-08 00:00:00-04:00,58.39248548480739,58.70411953785068,57.8763422810115,58.14902114868164,16196700,0.0,0.0
2025-05-09 00:00:00-04:00,59.07418713484593,59.239744817342775,57.88607997035784,58.207454681396484,17480700,0.0,0.0
2025-05-12 00:00:00-04:00,59.99934834485585,60.2330720145146,59.52215663726554,60.057777404785156,23700000,0.0,0.0
2025-05-13 00:00:00-04:00,60.067525108167025,60.61288659299736,59.99935538693463,60.16490936279297,18591200,0.0,0.0
2025-05-14 00:00:00-04:00,60.01882908292792,60.25255276483945,59.2592178292881,59.68771743774414,34509200,0.0,0.0
2025-05-15 00:00:00-04:00,61.42118170624137,64.03111965635195,61.27510162027654,62.580074310302734,60718000,0.0,0.0
2025-05-16 00:00:00-04:00,62.23921805370737,62.35607988605942,61.33353049429496,61.9567985534668,30289900,0.0,0.0
2025-05-19 00:00:00-04:00,61.771770577577925,62.45346773481872,61.52830624571453,62.248958587646484,16249000,0.0,0.0
2025-05-20 00:00:00-04:00,62.0736693259651,62.18079051423873,61.4211829675529,61.76203155517578,14995200,0.0,0.0
2025-05-21 00:00:00-04:00,61.343277555922654,62.23922455583908,61.32379996266738,61.547786712646484,15595900,0.0,0.0
2025-05-22 00:00:00-04:00,61.7522977790139,62.05419491135006,61.30432426520244,61.70360565185547,15641100,0.0,0.0
2025-05-23 00:00:00-04:00,61.0705919973423,61.56726131378654,60.89529738153502,61.46013641357422,15645400,0.0,0.0
2025-05-27 00:00:00-04:00,62.09314529498533,62.317135762933454,61.684126976063226,62.08340835571289,17429400,0.0,0.0
2025-05-28 00:00:00-04:00,62.219748634128166,62.3171366030209,61.59648049309931,61.68412780761719,13814500,0.0,0.0
2025-05-29 00:00:00-04:00,62.063926151319855,62.07366680483974,60.85634516281251,61.401702880859375,13982800,0.0,0.0
2025-05-30 00:00:00-04:00,61.275098410102544,61.52830338384684,60.6713079353573,61.391963958740234,25829000,0.0,0.0
2025-06-02 00:00:00-04:00,61.090070762086626,62.21000819401898,61.070593169404134,62.180789947509766,15816000,0.0,0.0
2025-06-03 00:00:00-04:00,62.132098262742545,62.77484396592719,62.05419160643249,62.677459716796875,15156900,0.0,0.0
2025-06-04 00:00:00-04:00,62.969618307419324,63.19360133178093,62.66771748379811,62.70667266845703,14770900,0.0,0.0
2025-06-05 00:00:00-04:00,62.794324629128695,63.21308358303823,62.5995487029255,62.9306640625,17025200,0.0,0.0
2025-06-06 00:00:00-04:00,63.61235552502613,64.4303994818391,63.52471193855039,64.3330078125,20943800,0.0,0.0
2025-06-09 00:00:00-04:00,64.38170181388277,64.62516612041539,63.875291895527944,64.17719268798828,13689800,0.0,0.0
2025-06-10 00:00:00-04:00,64.28433350712993,64.3525032326541,63.115700088217466,63.446815490722656,17214900,0.0,0.0
2025-06-11 00:00:00-04:00,63.407848779552715,63.446803962766126,62.20026410473221,62.51190185546875,20442600,0.0,0.0
2025-06-12 00:00:00-04:00,62.638509460516865,63.505241976885856,62.43400029226668,63.39811706542969,15160800,0.0,0.0
2025-06-13 00:00:00-04:00,62.90144129866063,63.02804750656302,62.258699325244415,62.414512634277344,14635000,0.0,0.0
2025-06-16 00:00:00-04:00,63.48577114823836,63.89478950439362,63.154655743296324,63.79740524291992,16957700,0.0,0.0
2025-06-17 00:00:00-04:00,63.92399422326879,64.42066353943872,63.32020000694571,63.622100830078125,18845200,0.0,0.0
2025-06-18 00:00:00-04:00,63.972686508578775,64.60568779076588,63.670785702213344,64.11875915527344,22664200,0.0,0.0
2025-06-20 00:00:00-04:00,64.75176610658266,64.9075868320748,64.0018992974899,64.58621215820312,50421700,0.0,0.0
2025-06-23 00:00:00-04:00,64.61543547576869,65.72563229111564,64.47909603738869,65.6185073852539,34030000,0.0,0.0
2025-06-24 00:00:00-04:00,66.0080484394716,66.26125342489141,65.59903014529158,66.11517333984375,23162700,0.0,0.0
2025-06-25 00:00:00-04:00,66.07622561128373,66.73844896560959,66.00805588789471,66.40734100341797,19395700,0.0,0.0
2025-06-26 00:00:00-04:00,66.92347790901178,67.35197751821276,66.63131773365804,67.1474609375,23154000,0.0,0.0
2025-06-27 00:00:00-04:00,67.06955068456264,67.4103992320204,66.55340010705108,66.85530090332031,26224600,0.0,0.0
2025-06-30 00:00:00-04:00,67.03059846828097,67.9557599137218,66.95268810257566,67.56621551513672,32561200,0.0,0.0
2025-07-01 00:00:00-04:00,67.5662198219983,67.73178121716077,66.8455674681414,67.29354095458984,21939500,0.0,0.0
2025-07-02 00:00:00-04:00,66.8845107501027,67.13771569475158,66.39758216497673,66.79685974121094,16655200,0.0,0.0
2025-07-03 00:00:00-04:00,66.79687641123826,68.06070790638601,66.79687641123826,67.96273803710938,17973500,0.41,0.0
2025-07-07 00:00:00-04:00,67.6786281752776,67.89416639790949,67.21816151322267,67.53166961669922,23985200,0.0,0.0
2025-07-08 00:00:00-04:00,67.40429378202855,67.52185462174582,66.96341820922568,67.19854736328125,21182600,0.0,0.0
2025-07-09 00:00:00-04:00,67.14957457271163,67.91375002496427,66.92423714402643,67.86476135253906,23765900,0.0,0.0
2025-07-10 00:00:00-04:00,67.85496912705365,67.98232921000496,67.16916509096788,67.3651123046875,15005300,0.0,0.0
2025-07-11 00:00:00-04:00,66.90464736685217,67.11038634043022,66.31682066025458,66.57154083251953,14699400,0.0,0.0
2025-07-14 00:00:00-04:00,66.45398257957952,66.64992233124809,65.83675816004097,66.44418334960938,16451400,0.0,0.0
2025-07-15 00:00:00-04:00,66.30702605824196,66.50296581590844,65.78777897326542,65.81716918945312,13944600,0.0,0.0
2025-07-16 00:00:00-04:00,65.78777295872509,66.18945166760534,65.62122343247283,66.00331115722656,15156100,0.0,0.0
2025-07-17 00:00:00-04:00,66.17965120105147,67.08098584465993,66.14046176333532,66.91443634033203,20400000,0.0,0.0
2025-07-18 00:00:00-04:00,67.3847043027179,67.44348473040732,66.58133940093367,66.66951751708984,16145100,0.0,0.0
2025-07-21 00:00:00-04:00,66.52255202822275,67.22794698533998,66.41478293896199,66.95362091064453,14674200,0.0,0.0
2025-07-22 00:00:00-04:00,66.95363163714761,67.20835929572073,66.69891145319694,66.77729034423828,14527200,0.0,0.0
2025-07-23 00:00:00-04:00,66.96342418758235,67.4336900122989,66.6793063418651,67.22795104980469,13042300,0.0,0.0
2025-07-24 00:00:00-04:00,66.97321984826468,67.19854978224807,66.54214348812766,66.9046401977539,13534000,0.0,0.0
2025-07-25 00:00:00-04:00,66.99281536901972,67.4238917583592,66.68910653541518,67.2965316772461,11590000,0.0,0.0
2025-07-28 00:00:00-04:00,66.37559526015988,66.58133421567223,66.00330678941681,66.54214477539062,20558400,0.0,0.0
2025-07-29 00:00:00-04:00,66.8458638393063,67.32592142206414,66.45397689487017,66.58133697509766,15261800,0.0,0.0
2025-07-30 00:00:00-04:00,66.46376767515258,67.18876112785009,65.98371009943143,66.89484405517578,15518200,0.0,0.0
2025-07-31 00:00:00-04:00,66.92424354985,67.74720698270933,66.5029663403843,66.69891357421875,18529200,0.0,0.0
2025-08-01 00:00:00-04:00,66.14046019647942,66.23843005113842,65.17053845387926,65.74857330322266,21650000,0.0,0.0
2025-08-04 00:00:00-04:00,66.39519846125933,67.12019202795263,66.23844814590863,67.10059356689453,17052200,0.0,0.0
2025-08-05 00:00:00-04:00,67.29652379006023,67.47287252188352,66.07188189534882,66.15025329589844,15434500,0.0,0.0
2025-08-06 00:00:00-04:00,66.58134236815063,67.94314381753952,66.39519437267568,67.80598449707031,23107800,0.0,0.0
2025-08-07 00:00:00-04:00,68.3840171274768,68.71711618731997,67.80598217561311,68.48198699951172,22579600,0.0,0.0
2025-08-08 00:00:00-04:00,68.81508196488103,70.55897099705717,68.79549098148856,70.3336410522461,31662400,0.0,0.0
2025-08-11 00:00:00-04:00,70.8333044071869,71.07823283532431,68.91305895292189,69.23636627197266,28911400,0.0,0.0
2025-08-12 00:00:00-04:00,69.35392599934164,70.04952175195189,69.1285885845928,69.93195343017578,21912100,0.0,0.0
2025-08-13 00:00:00-04:00,70.40222088394414,70.56877040437693,68.82488136779435,68.97183990478516,38096400,0.0,0.0
2025-08-14 00:00:00-04:00,66.62053418970439,69.17758764407314,66.11108633473472,67.8941650390625,39317300,0.0,0.0
2025-08-15 00:00:00-04:00,67.06139610979044,67.257343323854,64.5239413532983,64.85704040527344,40877300,0.0,0.0
2025-08-18 00:00:00-04:00,64.73948128115016,65.74858516801719,64.4161739752737,65.59182739257812,20903400,0.0,0.0
2025-08-19 00:00:00-04:00,65.40568542480469,66.15026241773613,65.13136679850132,65.40568542480469,18746600,0.0,0.0
2025-08-20 00:00:00-04:00,65.46445549247703,65.82695217679817,65.19013690958353,65.74857330322266,14946400,0.0,0.0
2025-08-21 00:00:00-04:00,65.73878690889616,65.85635524221112,65.1215699768927,65.66040802001953,12456600,0.0,0.0
2025-08-22 00:00:00-04:00,65.96412204436466,66.65971784097638,65.65061397441822,65.9543228149414,16830600,0.0,0.0
2025-08-25 00:00:00-04:00,65.91512866399289,66.13066684817822,65.74857914880292,65.77796936035156,11724500,0.0,0.0
2025-08-26 00:00:00-04:00,65.80736501631657,67.35531439933048,65.74858458835621,67.00261688232422,28307900,0.0,0.0
2025-08-27 00:00:00-04:00,66.93403689464655,67.3553140670691,66.7674873664991,67.05160522460938,13876700,0.0,0.0
2025-08-28 00:00:00-04:00,66.97322164964818,68.16847342608861,66.96342242084842,68.02151489257812,15256000,0.0,0.0
2025-08-29 00:00:00-04:00,67.70801398701128,68.05091228497011,67.4336953486442,67.68841552734375,14953000,0.0,0.0
2025-09-02 00:00:00-04:00,66.72829991598296,66.93403889359566,66.0131056346055,66.42459106445312,18928800,0.0,0.0
2025-09-03 00:00:00-04:00,66.6695219512682,66.74789336852588,65.96412687359131,66.29722595214844,14320100,0.0,0.0
2025-09-04 00:00:00-04:00,66.71849449652952,67.02221079450493,66.04249719697991,66.61072540283203,14388500,0.0,0.0
2025-09-05 00:00:00-04:00,66.34621159821391,66.71850010570881,65.13136872804226,65.5428466796875,21050800,0.0,0.0
2025-09-08 00:00:00-04:00,65.36649646663874,65.65061432445223,65.00399972226523,65.52324676513672,14038000,0.0,0.0
2025-09-09 00:00:00-04:00,65.38608839168455,66.07189244701829,65.28811851938605,65.97391510009766,11649400,0.0,0.0
2025-09-10 00:00:00-04:00,66.21884797157098,66.93404228923102,65.75838879333858,66.74789428710938,14689500,0.0,0.0
2025-09-11 00:00:00-04:00,66.92423590626002,67.17896354384035,66.14046948430627,66.31681823730469,17560800,0.0,0.0
2025-09-12 00:00:00-04:00,65.52324955735905,65.97391696235088,64.78846428244626,65.18035125732422,18529200,0.0,0.0
2025-09-15 00:00:00-04:00,65.16075942133102,65.83675678268084,65.00400164357775,65.66040802001953,16203100,0.0,0.0
2025-09-16 00:00:00-04:00,65.660405748391,66.01310326151147,65.19994661007115,65.57223510742188,18019300,0.0,0.0
2025-09-17 00:00:00-04:00,65.64081922030563,66.50296460278287,65.03339402322378,66.3462142944336,18652100,0.0,0.0
2025-09-18 00:00:00-04:00,66.5225600636909,67.36511442262001,66.1110821138759,67.28673553466797,20279000,0.0,0.0
2025-09-19 00:00:00-04:00,67.52185918333116,67.52185918333116,65.81715962067676,66.82626342773438,47822500,0.0,0.0
2025-09-22 00:00:00-04:00,66.48337182640252,66.620531145497,65.93473455002463,66.37560272216797,20396700,0.0,0.0
2025-09-23 00:00:00-04:00,66.20905028281135,66.83606642104901,65.70939422825191,66.16986083984375,22240000,0.0,0.0
2025-09-24 00:00:00-04:00,66.32661131218343,66.48336908446764,65.53304564520506,65.9543228149414,17433100,0.0,0.0
2025-09-25 00:00:00-04:00,65.95431715242624,66.85565184181033,65.74857819993345,66.47356414794922,22351700,0.0,0.0
2025-09-26 00:00:00-04:00,66.49316913696447,66.53235858052062,65.49385701283778,65.85635375976562,15077400,0.0,0.0
2025-09-29 00:00:00-04:00,66.3462142944336,66.57154426417739,66.0718956488555,66.3462142944336,14358300,0.0,0.0
2025-09-30 00:00:00-04:00,66.33640197389238,67.37489591997108,66.31681099219813,67.03199768066406,20498900,0.0,0.0
2025-10-01 00:00:00-04:00,66.52255348578011,67.42388818423603,66.31681453121656,67.35530853271484,15530700,0.0,0.0
2025-10-02 00:00:00-04:00,67.7765937178026,68.08030257136771,66.875258912329,66.92424011230469,15708300,0.0,0.0
2025-10-03 00:00:00-04:00,66.97351451712753,67.59446584987069,66.6778302098858,66.9439468383789,11113200,0.41,0.0
2025-10-06 00:00:00-04:00,67.4564916582984,67.95915733581076,66.83554020291947,67.91973876953125,21952700,0.0,0.0
2025-10-07 00:00:00-04:00,67.92957954286472,68.22527138425926,67.45648162034051,67.99857330322266,16493200,0.0,0.0
2025-10-08 00:00:00-04:00,68.806789156195,69.7431416408947,68.00843171198488,69.31932067871094,34246300,0.0,0.0
2025-10-09 00:00:00-04:00,69.29960442466901,69.60515466849144,68.0379999281618,68.95463562011719,21209500,0.0,0.0
2025-10-10 00:00:00-04:00,69.39816691872161,69.7924126473244,66.91437671789468,66.96366119384766,20961500,0.0,0.0
2025-10-13 00:00:00-04:00,67.56489470748033,67.900005075793,66.1652953204985,66.49055480957031,14127900,0.0,0.0
2025-10-14 00:00:00-04:00,66.1455884060617,68.16613164640593,65.84989658365583,67.6733169555664,15402000,0.0,0.0
2025-10-15 00:00:00-04:00,68.3139766589345,69.28975525559441,67.83102032063451,68.52095794677734,16260500,0.0,0.0
2025-10-16 00:00:00-04:00,68.77722420156466,69.06305765434197,67.5846134281011,68.09713745117188,13950600,0.0,0.0
2025-10-17 00:00:00-04:00,68.06756163223803,69.75298694628698,67.9591418003616,69.12218475341797,16286900,0.0,0.0
2025-10-20 00:00:00-04:00,69.11234503269213,69.95012862538576,69.11234503269213,69.63472747802734,12183500,0.0,0.0
2025-10-21 00:00:00-04:00,69.56573256306795,70.21624412885718,69.36860214937698,69.70372009277344,15763300,0.0,0.0
2025-10-22 00:00:00-04:00,69.8417075494903,69.95012739696793,68.8462196407213,69.64458465576172,14967200,0.0,0.0
2025-10-23 00:00:00-04:00,69.58543713305477,70.21623937464263,69.22075905199183,69.26017761230469,14614100,0.0,0.0
2025-10-24 00:00:00-04:00,69.62486389321651,69.92055573674232,69.05319700626978,69.61500549316406,13075600,0.0,0.0
2025-10-27 00:00:00-04:00,69.52629884951956,70.43307609370616,69.41787901382816,70.36408233642578,15986800,0.0,0.0
2025-10-28 00:00:00-04:00,70.17681642980213,71.6355513784921,70.00926122184123,71.576416015625,19896800,0.0,0.0
2025-10-29 00:00:00-04:00,71.63554508532428,71.77353259972945,69.90083523597352,70.30494689941406,18020600,0.0,0.0
2025-10-30 00:00:00-04:00,70.34437346364739,72.05936652578251,70.31479826485153,71.86224365234375,18101800,0.0,0.0
2025-10-31 00:00:00-04:00,71.67497705228202,72.4240575632776,71.38914360045796,72.05937194824219,24008000,0.0,0.0
2025-11-03 00:00:00-05:00,73.53781602043888,73.76450658951667,72.56204494188442,73.38011169433594,21733400,0.0,0.0
2025-11-04 00:00:00-05:00,72.83802774835132,72.9267308014119,70.94562075215595,71.28073120117188,22345000,0.0,0.0
2025-11-05 00:00:00-05:00,71.18215915999,71.53698635897365,70.3148004425829,71.06388092041016,16113500,0.0,0.0
2025-11-06 00:00:00-05:00,70.67948921050757,71.19202075191123,69.67415044814832,70.01911926269531,16469900,0.0,0.0
2025-11-07 00:00:00-05:00,70.36409194650736,70.56121484572922,69.52630834517959,70.04869079589844,16913700,0.0,0.0
2025-11-10 00:00:00-05:00,70.72877173780944,71.45813542837428,70.12753716917643,71.05402374267578,22201200,0.0,0.0
2025-11-11 00:00:00-05:00,70.70904918440645,71.21172227067211,70.07824698663421,70.67948150634766,21412900,0.0,0.0
2025-11-12 00:00:00-05:00,70.87661983061163,73.14356313281154,70.68934782225914,72.89715576171875,57591600,0.0,0.0
2025-11-13 00:00:00-05:00,76.82981386591706,78.35754254610198,75.54850007198539,76.26800537109375,57638500,0.0,0.0
2025-11-14 00:00:00-05:00,75.47950497270078,77.53946691063287,74.75013376656884,76.87909698486328,38819600,0.0,0.0
2025-11-17 00:00:00-05:00,76.77068181039895,78.24912607305102,76.35671922159791,76.66226196289062,28720100,0.0,0.0
2025-11-18 00:00:00-05:00,76.43556943052123,77.07622257880011,75.35137098318977,76.2581558227539,26025500,0.0,0.0
2025-11-19 00:00:00-05:00,76.1891638465189,77.7957372347099,76.05117631721447,77.26349639892578,24759700,0.0,0.0
2025-11-20 00:00:00-05:00,77.98300505580055,78.90949162851118,74.23761012518563,74.35588836669922,27381900,0.0,0.0
2025-11-21 00:00:00-05:00,74.55301999207057,75.83434143957864,74.3854647700946,75.00640869140625,24428800,0.0,0.0
2025-11-24 00:00:00-05:00,75.39079365114792,75.7751885306121,74.5924362122232,75.1443862915039,26691500,0.0,0.0
2025-11-25 00:00:00-05:00,75.39079127852777,75.95259974004522,74.9866871317022,75.22323608398438,18818800,0.0,0.0
2025-11-26 00:00:00-05:00,75.36122440026013,75.49921191720398,74.25731674495364,74.9768295288086,15972600,0.0,0.0
2025-11-28 00:00:00-05:00,75.0458287276595,75.85404460824536,74.72056919138859,75.83433532714844,7320900,0.0,0.0
2025-12-01 00:00:00-05:00,75.56820948252822,75.71605540663191,74.83884578197437,74.947265625,15529600,0.0,0.0
2025-12-02 00:00:00-05:00,75.06554666663006,75.89347184086554,74.67129336090807,75.76534271240234,14619100,0.0,0.0
2025-12-03 00:00:00-05:00,75.48934913231089,76.70167655475704,74.56286264661553,76.63268280029297,16088400,0.0,0.0
2025-12-04 00:00:00-05:00,76.57354622466278,76.74110140858312,76.06101475416449,76.64253997802734,12572600,0.0,0.0
2025-12-05 00:00:00-05:00,76.84953308105469,77.06637277354668,76.28772456857831,76.84953308105469,12579400,0.0,0.0
2025-12-08 00:00:00-05:00,77.08607733829828,78.23926197444146,76.99737429848227,77.72673797607422,17454500,0.0,0.0
2025-12-09 00:00:00-05:00,77.65775426308015,78.7320868785388,77.38177918827452,78.3674087524414,15737500,0.0,0.0
2025-12-10 00:00:00-05:00,77.69717159218698,79.65857209831351,77.6676039117551,79.09676361083984,21302700,0.0,0.0
2025-12-11 00:00:00-05:00,79.08690589717128,79.21504253982948,77.69717226651954,78.13084411621094,18652300,0.0,0.0
2025-12-12 00:00:00-05:00,78.31811733990313,78.41667878365172,76.60312415545805,76.68197631835938,16672300,0.0,0.0
2025-12-15 00:00:00-05:00,77.08608508563434,77.57889985349014,76.42571510144914,77.1255111694336,17646000,0.0,0.0
2025-12-16 00:00:00-05:00,76.98751986985913,77.4803346136069,76.26800703529463,76.4355697631836,17737200,0.0,0.0
2025-12-17 00:00:00-05:00,76.78053434086522,77.07621865893567,74.82898475467472,74.9078369140625,26094400,0.0,0.0
2025-12-18 00:00:00-05:00,75.23309941538753,76.69182682313395,75.16410565312594,75.84418487548828,19249400,0.0,0.0
2025-12-19 00:00:00-05:00,75.8638931080053,78.03227469397949,75.68647952226158,77.29305267333984,84881900,0.0,0.0
2025-12-22 00:00:00-05:00,77.88442949744993,78.01256612817483,76.83966477172265,76.98751068115234,18016100,0.0,0.0
2025-12-23 00:00:00-05:00,76.49470715004013,76.99738030749454,76.47499034870505,76.89881134033203,16712600,0.0,0.0
2025-12-24 00:00:00-05:00,76.89881134033203,77.16493552006054,76.73125612776603,76.89881134033203,9104400,0.0,0.0
2025-12-26 00:00:00-05:00,76.9776536931149,77.15506728373191,76.8100985019087,77.03679656982422,10158000,0.0,0.0
2025-12-29 00:00:00-05:00,76.9086681133447,77.17479228744111,76.40599496652861,76.672119140625,17941800,0.0,0.0
2025-12-30 00:00:00-05:00,76.69183032475466,76.69183032475466,76.06102803534573,76.2975845336914,13952200,0.0,0.0
2025-12-31 00:00:00-05:00,76.22857738848123,76.70168282904636,75.7751887478074,75.92303466796875,13570500,0.0,0.0
2026-01-02 00:00:00-05:00,75.95276419258126,76.2500307433969,74.92222351776539,75.34831237792969,15749800,0.41,0.0
2026-01-05 00:00:00-05:00,75.75458319290247,76.07167206760414,74.52586474843287,74.89250183105469,16328800,0.0,0.0
2026-01-06 00:00:00-05:00,74.84295137305166,75.0411366387789,74.12949953642337,74.54568481445312,17017200,0.0,0.0
2026-01-07 00:00:00-05:00,74.43667664871427,74.69430612592657,73.52503964629042,74.04031372070312,20347400,0.0,0.0
2026-01-08 00:00:00-05:00,73.63404620323485,73.78268325948578,72.88096488888766,73.2872314453125,17192200,0.0,0.0
2026-01-09 00:00:00-05:00,72.78187314621508,73.65387323348591,72.67287313530622,73.20796203613281,19104100,0.0,0.0
2026-01-12 00:00:00-05:00,72.24678429757594,73.3764137841549,72.13778429799426,73.33677673339844,20985700,0.0,0.0
2026-01-13 00:00:00-05:00,73.3169599234513,74.81322657168356,73.18814516883334,74.78350067138672,17809900,0.0,0.0
2026-01-14 00:00:00-05:00,74.24840557343859,74.42676852029035,73.1485019945185,73.73313903808594,17801300,0.0,0.0
2026-01-15 00:00:00-05:00,74.53577245267239,75.358224282117,74.22859474576923,74.56549835205078,18213000,0.0,0.0
2026-01-16 00:00:00-05:00,74.95194606675923,75.29876080720676,73.92140543800491,74.50604248046875,25743300,0.0,0.0
2026-01-20 00:00:00-05:00,73.84213280010205,74.18895510741427,72.54405150585806,72.68277740478516,23999700,0.0,0.0
2026-01-21 00:00:00-05:00,73.27732096984141,73.68359509001787,72.34587669137879,73.01969146728516,18210200,0.0,0.0
2026-01-22 00:00:00-05:00,73.43586961775733,74.09977324444186,73.2079584533758,73.65386962890625,12879800,0.0,0.0
2026-01-23 00:00:00-05:00,73.27732129739609,74.38713609796598,73.03950654012925,73.9114990234375,13125500,0.0,0.0
2026-01-26 00:00:00-05:00,75.77440512762657,76.71576059352164,74.95195326416324,76.30949401855469,24714400,0.0,0.0
2026-01-27 00:00:00-05:00,76.48785020754165,78.1922055847266,76.3491243103284,77.96429443359375,17756700,0.0,0.0
2026-01-28 00:00:00-05:00,78.21201909761052,78.32101909513113,77.31029321993906,78.24174499511719,14022900,0.0,0.0
2026-01-29 00:00:00-05:00,78.39039042473792,78.7570275065103,76.92384965764347,77.7165756225586,22642900,0.0,0.0
2026-01-30 00:00:00-05:00,77.3796556873686,78.08320387063449,77.01302620706878,77.6075668334961,26458400,0.0,0.0
2026-02-02 00:00:00-05:00,77.40938994232417,80.42173771525579,77.29047879181573,79.90646362304688,28238600,0.0,0.0
2026-02-03 00:00:00-05:00,80.07492246096292,82.4927298140506,80.07492246096292,82.35400390625,34962100,0.0,0.0
2026-02-04 00:00:00-05:00,83.21608544635383,83.47371493232188,80.40191536582748,80.42173767089844,39765700,0.0,0.0
2026-02-05 00:00:00-05:00,80.1244616310624,82.55217230375463,80.07491342958129,81.6108169555664,24236500,0.0,0.0
2026-02-06 00:00:00-05:00,82.79990594891265,84.22680961332497,82.05672821703038,84.04844665527344,23936600,0.0,0.0
2026-02-09 00:00:00-05:00,83.95926793820938,86.4563417606582,83.54308266780562,85.99061584472656,22908400,0.0,0.0
2026-02-10 00:00:00-05:00,86.17888830561324,87.38779192129651,85.34652534071877,85.50507354736328,32113800,0.0,0.0
2026-02-11 00:00:00-05:00,85.27716076787651,86.34733846238255,84.35562012427316,84.76189422607422,34455800,0.0,0.0
2026-02-12 00:00:00-05:00,78.88583822992165,79.63892710209126,73.4160459836293,74.3177719116211,68098600,0.0,0.0
2026-02-13 00:00:00-05:00,73.7034142306288,76.5968587702626,72.7521475891036,76.15094757080078,42886400,0.0,0.0
2026-02-17 00:00:00-05:00,76.25003642846055,76.86439944194349,75.78431804146012,76.15094757080078,24792700,0.0,0.0
2026-02-18 00:00:00-05:00,75.85367145215216,77.88501923852941,75.79421209704266,77.46884155273438,20648800,0.0,0.0
2026-02-19 00:00:00-05:00,77.28057552724893,78.43993857305722,77.1616719245984,77.84539031982422,18443200,0.0,0.0
2026-02-20 00:00:00-05:00,77.41930184557714,78.60839079832336,77.41930184557714,78.47956848144531,29461600,0.0,0.0
2026-02-23 00:00:00-05:00,78.13274815562582,78.75702226847515,76.24012619125975,77.03284454345703,24485900,0.0,0.0
2026-02-24 00:00:00-05:00,77.03284389538318,77.99402159883124,76.76530324926611,77.42920684814453,19485100,0.0,0.0
2026-02-25 00:00:00-05:00,77.73638788487294,78.69756562961048,77.54812133321965,78.40029907226562,22721800,0.0,0.0
2026-02-26 00:00:00-05:00,78.22193512559274,78.61829053037826,77.01303148501054,77.38957214355469,19608000,0.0,0.0
2026-02-27 00:00:00-05:00,76.94366480816811,78.80656082445549,76.36893891506014,78.73719787597656,27498000,0.0,0.0
2026-03-02 00:00:00-05:00,78.0336595647268,78.79665202073983,76.98330415359351,78.69756317138672,18540400,0.0,0.0
2026-03-03 00:00:00-05:00,77.66701911000752,78.71738203520657,76.86438963735063,78.24174499511719,17521100,0.0,0.0
2026-03-04 00:00:00-05:00,78.47956177505064,80.22355422071684,77.81565818016443,80.1343765258789,20388100,0.0,0.0
2026-03-05 00:00:00-05:00,79.26237374010199,80.4316402446663,78.33092953341104,79.28219604492188,26844800,0.0,0.0
2026-03-06 00:00:00-05:00,77.80574857352924,78.79665218916763,77.63729677326943,77.9246597290039,20621200,0.0,0.0
2026-03-09 00:00:00-04:00,76.47793947286904,76.85448011593519,74.51594703585307,75.51676177978516,32855900,0.0,0.0
2026-03-10 00:00:00-04:00,76.43830621941424,78.29129874865149,76.39866916659692,76.99320983886719,24836000,0.0,0.0
2026-03-11 00:00:00-04:00,76.93375738005554,77.78593510833497,76.41849081783751,77.38957214355469,14719900,0.0,0.0
2026-03-12 00:00:00-04:00,76.25002978416606,77.41929634665205,76.25002978416606,77.03284454345703,19969500,0.0,0.0
2026-03-13 00:00:00-04:00,77.35984037543096,78.53901802719754,77.23102563464744,77.61747741699219,19080400,0.0,0.0
2026-03-16 00:00:00-04:00,78.20211149883647,78.4498374026417,77.47875609332219,78.18229675292969,14715100,0.0,0.0
2026-03-17 00:00:00-04:00,78.45974960935872,79.32183848777741,78.10302369828855,78.5489273071289,16210500,0.0,0.0
2026-03-18 00:00:00-04:00,79.01465240090921,79.30201535739545,76.82475631181896,76.89411926269531,18827600,0.0,0.0
2026-03-19 00:00:00-04:00,76.84457846729909,78.16247453136907,76.22030435063972,77.79584503173828,17519600,0.0,0.0
2026-03-20 00:00:00-04:00,77.73639058731511,78.32102768907566,76.01222030279207,76.94367218017578,90380800,0.0,0.0
2026-03-23 00:00:00-04:00,77.92465676791845,78.78674560236311,77.70665677116271,78.10301971435547,20072200,0.0,0.0
2026-03-24 00:00:00-04:00,77.65711808774198,80.20374004502051,77.41929577982887,80.12446594238281,23528000,0.0,0.0
2026-03-25 00:00:00-04:00,80.26319573820521,81.92791417443445,80.15419573178583,81.08564758300781,23146000,0.0,0.0
2026-03-26 00:00:00-04:00,81.32346579842631,82.3540065465525,81.06582872139596,81.41265106201172,26649600,0.0,0.0
2026-03-27 00:00:00-04:00,81.23428266458014,81.37300856755496,78.67774949262456,79.1930160522461,20557400,0.0,0.0
2026-03-30 00:00:00-04:00,79.13355822291923,79.65873589558417,75.89329937610874,76.3392105102539,24306300,0.0,0.0
2026-03-31 00:00:00-04:00,77.18148279086817,77.47875690253713,75.61585324806843,76.88420867919922,25105700,0.0,0.0
2026-04-01 00:00:00-04:00,77.290485695693,78.40030051958831,77.10221158056919,77.22112274169922,21309000,0.0,0.0
2026-04-02 00:00:00-04:00,76.4440283426143,78.8051904172119,76.25473404598225,78.7254867553711,12634900,0.42,0.0
2026-04-06 00:00:00-04:00,78.82511777668516,80.1800495836353,78.7254844018829,80.14019775390625,16388600,0.0,0.0
2026-04-07 00:00:00-04:00,79.72175917431441,80.58851938868159,79.12399691656029,80.37930297851562,13428100,0.0,0.0
2026-04-08 00:00:00-04:00,82.00322741592719,83.42789809638369,81.19624872592752,83.38804626464844,19621900,0.0,0.0
2026-04-09 00:00:00-04:00,83.53748944186032,84.45405877666501,81.8438283840273,82.86002349853516,17611700,0.0,0.0
2026-04-10 00:00:00-04:00,83.57734066117534,84.24484174134838,81.31580431455932,81.91356658935547,17571100,0.0,0.0
2026-04-13 00:00:00-04:00,81.73423338065093,82.08292739146817,80.94717684140096,82.04307556152344,19997500,0.0,0.0
2026-04-14 00:00:00-04:00,81.72426863112378,82.34196059464594,81.05676758082427,82.30210876464844,17856800,0.0,0.0
2026-04-15 00:00:00-04:00,82.22240412553427,82.35192447172362,80.57855226226977,82.05303955078125,15066400,0.0,0.0
2026-04-16 00:00:00-04:00,81.77408745258181,84.21495319618265,81.69438379050712,84.18506622314453,14609000,0.0,0.0
2026-04-17 00:00:00-04:00,84.87249618195321,86.05805583971323,84.28469118106489,85.92854309082031,20321900,0.0,0.0
2026-04-20 00:00:00-04:00,85.8787280845626,88.02071651796375,85.5399989188413,87.38310241699219,16695600,0.0,0.0
2026-04-21 00:00:00-04:00,87.59231979635177,89.46531788943159,86.83515779370563,89.36568450927734,18653400,0.0,0.0
2026-04-22 00:00:00-04:00,89.59482952370088,90.11288812962029,89.14650972244291,89.46531677246094,16986100,0.0,0.0
2026-04-23 00:00:00-04:00,88.98710164548342,89.66456757117065,87.94101198343594,88.25981903076172,21156700,0.0,0.0
2026-04-24 00:00:00-04:00,87.08422554237958,89.39557857084196,87.08422554237958,88.67826080322266,18969900,0.0,0.0
2026-04-27 00:00:00-04:00,88.94724823158846,89.16642949790442,87.31336119299971,87.9310531616211,13810500,0.0,0.0
2026-04-28 00:00:00-04:00,88.21997388074324,88.21997388074324,85.46029351773731,86.53627014160156,16889300,0.0,0.0
2026-04-29 00:00:00-04:00,86.99455376819888,89.2959418524616,86.51633940734666,89.23616790771484,15427900,0.0,0.0
2026-04-30 00:00:00-04:00,89.48524234572787,91.32834591239926,88.9871058357648,91.15898132324219,21686700,0.0,0.0
2026-05-01 00:00:00-04:00,91.40804938930371,92.57368699597781,90.82025195722291,91.50767517089844,16095700,0.0,0.0
2026-05-04 00:00:00-04:00,91.50767541105674,92.75301668665892,90.85013917003795,92.2847671508789,12684800,0.0,0.0
2026-05-05 00:00:00-04:00,93.47033297670633,94.36698020093444,93.03197042242597,93.94854736328125,13456200,0.0,0.0
2026-05-06 00:00:00-04:00,92.2947272538162,93.07181895359831,90.66084019248986,91.29845428466797,27026600,0.0,0.0
2026-05-07 00:00:00-04:00,91.65711336703644,92.38439598056665,91.26856751627469,91.81652069091797,17062300,0.0,0.0
2026-05-08 00:00:00-04:00,92.98216062608438,96.65840281603927,92.79286632436386,96.2100830078125,24652500,0.0,0.0
2026-05-11 00:00:00-04:00,95.99090387763549,98.46166430961999,94.974708742496,98.3520736694336,31852500,0.0,0.0
2026-05-12 00:00:00-04:00,99.14908329127454,99.55755886015953,97.40560558214602,98.9199447631836,28810800,0.0,0.0
2026-05-13 00:00:00-04:00,99.0295380234399,101.62981116947924,98.91994738502753,101.4903335571289,45241600,0.0,0.0
2026-05-14 00:00:00-04:00,117.11189435958173,118.91514605987985,113.54523519019843,115.09941864013672,70932300,0.0,0.0
2026-05-15 00:00:00-04:00,114.182843340767,118.38711640346052,113.57511623354583,117.76942443847656,38519600,0.0,0.0
2026-05-18 00:00:00-04:00,118.35723173463485,118.9450291377703,115.5975513545026,118.43692779541016,24763500,0.0,0.0
2026-05-19 00:00:00-04:00,116.60379086055624,118.05834850384714,114.36217664845788,114.9499740600586,32525500,0.0,0.0
2026-05-20 00:00:00-04:00,115.25882260163759,116.48423410107117,113.4256763800439,113.92381286621094,26154800,0.0,0.0
2026-05-21 00:00:00-04:00,113.7046298192243,118.15797115211657,113.146719395743,117.75946044921875,22700600,0.0,0.0
2026-05-22 00:00:00-04:00,118.01849814442764,120.33981604836205,117.2414064240279,119.96123504638672,22237200,0.0,0.0
2026-05-26 00:00:00-04:00,120.0907470750127,120.31988560607661,116.66356555858108,117.88898468017578,26607200,0.0,0.0
2026-05-27 00:00:00-04:00,117.50043579365371,119.94130151480374,116.33479064917161,119.22398376464844,21705100,0.0,0.0
2026-05-28 00:00:00-04:00,120.08077784445092,120.27007213788391,117.52035665852203,118.19782257080078,20631300,0.0,0.0
2026-05-29 00:00:00-04:00,117.38088315730684,120.97742925252889,116.57390446922955,119.97119140625,42179300,0.0,0.0
2026-06-01 00:00:00-04:00,119.35350357607003,121.49548435800466,117.85909413697546,120.87779998779297,23966800,0.0,0.0
2026-06-02 00:00:00-04:00,122.03347533485748,127.74212286136571,122.03347533485748,127.52294158935547,26451500,0.0,0.0
2026-06-03 00:00:00-04:00,125.68980476552466,128.93764925828725,124.45442077836663,126.02853393554688,29972500,0.0,0.0
2026-06-04 00:00:00-04:00,125.59016968918104,129.88410380965527,123.6773273878104,129.51548767089844,23339500,0.0,0.0
2026-06-05 00:00:00-04:00,128.18048613177464,128.35980797247962,121.09698458746,121.1866455078125,33169300,0.0,0.0
2026-06-08 00:00:00-04:00,123.09948898605293,125.96876007990703,121.54530554418845,123.68729400634766,24288200,0.0,0.0
2026-06-09 00:00:00-04:00,122.80060822902054,123.75702936669221,116.66356309442796,119.91141510009766,22744100,0.0,0.0
2026-06-10 00:00:00-04:00,119.27380044260487,120.49921193154478,117.91886860375652,118.35723114013672,19740500,0.0,0.0
2026-06-11 00:00:00-04:00,116.74326755978973,122.09325617395892,116.06580163248876,121.37593841552734,24625500,0.0,0.0
2026-06-12 00:00:00-04:00,121.89400000215892,122.33236255436663,120.28004260713928,120.6486587524414,18222800,0.0,0.0
2026-06-15 00:00:00-04:00,122.10321400670519,122.13310097995415,119.08450809320625,119.72212219238281,23148000,0.0,0.0
2026-06-16 00:00:00-04:00,119.84167688789378,120.31988365861034,118.75573539433903,119.12435913085938,16644300,0.0,0.0
2026-06-17 00:00:00-04:00,118.51663000765573,119.21402563786691,116.50416197970115,116.89270782470703,18472000,0.0,0.0
2026-06-18 00:00:00-04:00,118.15797574441675,119.87156651280579,116.86282541086113,119.09447479248047,52284400,0.0,0.0
2026-06-22 00:00:00-04:00,119.15424968420149,121.63496733435197,119.15424968420149,121.07705688476562,20174100,0.0,0.0
2026-06-23 00:00:00-04:00,118.0981980260692,121.88403072745592,117.21151569647581,120.69847106933594,22654400,0.0,0.0
2026-06-24 00:00:00-04:00,120.12063335816455,122.43198637664679,118.58637205092795,119.28376770019531,21752900,0.0,0.0
2026-06-25 00:00:00-04:00,120.3597346796789,120.68850658293373,117.12184753777049,118.52659606933594,26918700,0.0,0.0
2026-06-26 00:00:00-04:00,116.74326456107165,116.74326456107165,112.4393657219936,113.3459701538086,51641400,0.0,0.0
2026-06-29 00:00:00-04:00,114.5514734620213,117.73954403771249,114.30240521076543,117.2613296508789,22447200,0.0,0.0
2026-06-30 00:00:00-04:00,116.3447584894191,118.65611152085707,115.76691833131969,117.02222442626953,32465500,0.0,0.0
2026-07-01 00:00:00-04:00,116.105656418323,116.99233878090456,114.5614302267925,116.57390594482422,32016000,0.0,0.0
2026-07-02 00:00:00-04:00,116.59382534656903,116.70341598217635,111.48294770808097,112.27000427246094,24251000,0.0,0.0
2026-07-06 00:00:00-04:00,113.05000305175781,115.4800033569336,112.68000030517578,113.9800033569336,22920000,0.42,0.0
2026-07-07 00:00:00-04:00,112.79000091552734,114.02999877929688,111.66999816894531,111.79000091552734,16650900,0.0,0.0
2026-07-08 00:00:00-04:00,111.68000030517578,114.05000305175781,111.33000183105469,113.81999969482422,18314100,0.0,0.0
2026-07-09 00:00:00-04:00,115.27999877929688,119.4800033569336,115.27999877929688,118.30999755859375,21293400,0.0,0.0
2026-07-10 00:00:00-04:00,117.62999725341797,121.61000061035156,117.02999877929688,121.30999755859375,26178700,0.0,0.0
2026-07-13 00:00:00-04:00,119.97000122070312,120.33999633789062,117.26000213623047,119.25,17569200,0.0,0.0
2026-07-14 00:00:00-04:00,119.75,120.05999755859375,116.55999755859375,117.08999633789062,21935600,0.0,0.0
2026-07-15 00:00:00-04:00,117.19999694824219,117.5,110.22000122070312,111.7699966430664,23829100,0.0,0.0
2026-07-16 00:00:00-04:00,110.22000122070312,111.23999786376953,107.52999877929688,109.66000366210938,25222400,0.0,0.0
2026-07-17 00:00:00-04:00,109.1500015258789,113.2300033569336,108.91000366210938,111.94000244140625,28459500,0.0,0.0
2026-07-20 00:00:00-04:00,112.27999877929688,113.2300033569336,110.6500015258789,110.69999694824219,15821200,0.0,0.0
2026-07-21 00:00:00-04:00,112.69999694824219,113.18000030517578,110.93000030517578,112.18000030517578,17031500,0.0,0.0
2026-07-22 00:00:00-04:00,111.5199966430664,113.77999877929688,111.36000061035156,112.20999908447266,13726600,0.0,0.0
2026-07-23 00:00:00-04:00,112.0,113.9000015258789,111.83000183105469,112.76000213623047,15175500,0.0,0.0
2026-07-24 00:00:00-04:00,112.37000274658203,114.56999969482422,112.19999694824219,114.16999816894531,19131700,0.0,0.0
2026-07-27 00:00:00-04:00,115.16000366210938,115.37999725341797,112.73999786376953,114.56999969482422,15974600,0.0,0.0
2026-07-28 00:00:00-04:00,114.12999725341797,117.06999969482422,111.7300033569336,115.58000183105469,27972100,0.0,0.0
2026-07-29 00:00:00-04:00,117.0199966430664,117.27999877929688,112.3499984741211,112.4800033569336,22761500,0.0,0.0
2026-07-30 00:00:00-04:00,112.69000244140625,114.33000183105469,111.66000366210938,113.55999755859375,25570000,0.0,0.0
2026-07-31 00:00:00-04:00,115.33000183105469,117.25,113.88999938964844,115.98999786376953,18812000,0.0,0.0
2026-08-03 00:00:00-04:00,114.5999984741211,116.2699966430664,113.81999969482422,115.86000061035156,17712400,0.0,0.0
2026-08-04 00:00:00-04:00,119.38999938964844,121.9000015258789,118.7300033569336,121.73999786376953,26637900,0.0,0.0
2026-08-05 00:00:00-04:00,124.0,124.20999908447266,114.87999725341797,121.5,18468700,0.0,0.0
2026-08-06 00:00:00-04:00,121.4800033569336,122.19000244140625,119.9000015258789,120.87999725341797,14049700,0.0,0.0
2026-08-07 00:00:00-04:00,121.87999725341797,122.58999633789062,119.44999694824219,121.43000030517578,15964600,0.0,0.0
2026-08-10 00:00:00-04:00,123.05000305175781,124.70999908447266,122.2699966430664,122.56999969482422,21131900,0.0,0.0
2026-08-11 00:00:00-04:00,123.0,123.16000366210938,120.12000274658203,120.43000030517578,16377800,0.0,0.0
2026-08-12 00:00:00-04:00,122.75,124.44999694824219,122.26000213623047,123.87999725341797,36223000,0.0,0.0
2026-08-13 00:00:00-04:00,113.93000030517578,115.94999694824219,111.4800033569336,113.47000122070312,61560400,0.0,0.0
2026-08-14 00:00:00-04:00,112.80000305175781,113.68000030517578,110.05999755859375,111.68000030517578,29415200,0.0,0.0
2026-08-17 00:00:00-04:00,110.95999908447266,113.8499984741211,110.80999755859375,112.9000015258789,22793800,0.0,0.0
2026-08-18 00:00:00-04:00,111.75,112.75,110.36000061035156,111.61000061035156,20060500,0.0,0.0
2026-08-19 00:00:00-04:00,112.30000305175781,112.37999725341797,110.51000213623047,110.55000305175781,18019600,0.0,0.0
2026-08-20 00:00:00-04:00,110.12999725341797,111.58000183105469,109.2300033569336,109.58999633789062,12637900,0.0,0.0
2026-08-21 00:00:00-04:00,110.8499984741211,112.19000244140625,110.44999694824219,111.04000091552734,18407800,0.0,0.0
2026-08-24 00:00:00-04:00,109.97000122070312,111.22000122070312,109.30000305175781,110.2300033569336,12632700,0.0,0.0
2026-08-25 00:00:00-04:00,112.2300033569336,112.5,110.61000061035156,111.11000061035156,11818200,0.0,0.0
2026-08-26 00:00:00-04:00,111.51000213623047,112.94999694824219,111.19000244140625,112.36000061035156,10311500,0.0,0.0
2026-08-27 00:00:00-04:00,112.1500015258789,112.56999969482422,111.61000061035156,112.1500015258789,13545800,0.0,0.0
2026-08-28 00:00:00-04:00,112.30999755859375,112.5,109.70999908447266,109.93000030517578,13040600,0.0,0.0
2026-08-31 00:00:00-04:00,110.27999877929688,111.37999725341797,109.61000061035156,110.48999786376953,20842200,0.0,0.0
2026-09-01 00:00:00-04:00,110.05000305175781,110.72000122070312,108.93000030517578,109.73999786376953,14168800,0.0,0.0
2026-09-02 00:00:00-04:00,110.31999969482422,110.51000213623047,108.4000015258789,109.45999908447266,11367100,0.0,0.0
2026-09-03 00:00:00-04:00,108.80000305175781,109.66999816894531,107.5999984741211,108.61000061035156,14215100,0.0,0.0
2026-09-04 00:00:00-04:00,109.63999938964844,110.36000061035156,109.0,109.19999694824219,12374300,0.0,0.0
2026-09-08 00:00:00-04:00,109.37000274658203,109.63999938964844,108.4800033569336,109.16999816894531,14683500,0.0,0.0
2026-09-09 00:00:00-04:00,109.27999877929688,110.43000030517578,108.9800033569336,109.43000030517578,10834200,0.0,0.0
2026-09-10 00:00:00-04:00,108.73999786376953,109.88999938964844,107.36000061035156,107.44000244140625,11544000,0.0,0.0
2026-09-11 00:00:00-04:00,108.88999938964844,112.22000122070312,108.36000061035156,112.12999725341797,14156800,0.0,0.0
2026-09-14 00:00:00-04:00,109.97000122070312,111.73999786376953,109.38999938964844,110.05999755859375,12540800,0.0,0.0
2026-09-15 00:00:00-04:00,110.91999816894531,111.69000244140625,109.62000274658203,110.06999969482422,15604300,0.0,0.0
2026-09-16 00:00:00-04:00,110.66000366210938,110.98999786376953,107.55000305175781,107.73999786376953,15554800,0.0,0.0
2026-09-17 00:00:00-04:00,109.72000122070312,111.44000244140625,109.31999969482422,110.23999786376953,16153200,0.0,0.0
2026-09-18 00:00:00-04:00,110.3499984741211,110.80999755859375,108.08999633789062,109.51000213623047,41260700,0.0,0.0
