Date,open,high,low,close,volume,dividends,stock splits
2016-09-19 00:00:00-04:00,64.49331588648216,64.83437463901643,64.27031189119643,64.30310821533203,6182000,0.0,0.0
2016-09-20 00:00:00-04:00,64.38836843017165,64.59169662240716,64.06698548659561,64.0801010131836,5771900,0.0,0.0
2016-09-21 00:00:00-04:00,64.50642870358622,65.38531911252657,64.4408410620871,65.34596252441406,6361600,0.0,0.0
2016-09-22 00:00:00-04:00,65.92968995240314,66.08054600609451,65.48368705959592,65.57551574707031,5416700,0.0,0.0
2016-09-23 00:00:00-04:00,65.15576005923683,65.94938709794374,64.84749761919683,65.07705688476562,7396800,0.0,0.0
2016-09-26 00:00:00-04:00,65.25414621986043,65.77229715324604,64.7097642301158,64.78846740722656,5781800,0.0,0.0
2016-09-27 00:00:00-04:00,64.43428003719433,65.36564254996178,64.13913315191927,64.91963958740234,6476100,0.0,0.0
2016-09-28 00:00:00-04:00,65.2738176108327,67.08406562251577,64.76878724371228,66.9988021850586,10190900,0.0,0.0
2016-09-29 00:00:00-04:00,66.90044562686963,67.07753283999611,65.90350001145308,66.42164611816406,8148400,0.0,0.0
2016-09-30 00:00:00-04:00,66.78890860300368,67.94982524736864,66.39537779155873,67.50382232666016,9431500,0.0,0.0
2016-10-03 00:00:00-04:00,67.26112637034679,67.44477369084784,66.84135963662605,67.1955337524414,4334700,0.0,0.0
2016-10-04 00:00:00-04:00,67.36612459888816,67.50386020999066,66.08714749292308,66.42164611816406,6505400,0.0,0.0
2016-10-05 00:00:00-04:00,66.89384557933182,67.47102875388731,66.73643426082378,67.05126190185547,5912800,0.0,0.0
2016-10-06 00:00:00-04:00,67.11029445738907,67.35952948129389,66.46752360077062,67.01847076416016,4362900,0.0,0.0
2016-10-07 00:00:00-04:00,67.22837075531456,67.86458150359297,67.02504752797424,67.0775146484375,5844500,0.0,0.0
2016-10-10 00:00:00-04:00,67.69403843372388,68.48766042050467,67.69403843372388,68.1990737915039,5982700,0.0,0.0
2016-10-11 00:00:00-04:00,68.06788932156472,68.2777727679555,67.34641528734743,67.58253479003906,5337300,0.0,0.0
2016-10-12 00:00:00-04:00,67.38577279046018,67.44480517332785,66.6380626342465,66.9988021850586,4935100,0.0,0.0
2016-10-13 00:00:00-04:00,66.56589941583934,66.71675546712724,65.33283496902503,66.10678100585938,7883000,0.0,0.0
2016-10-14 00:00:00-04:00,66.55932964664828,66.87415220086012,65.98870688661971,66.2969741821289,5114700,0.0,0.0
2016-10-17 00:00:00-04:00,66.20517314599212,66.56590765447602,65.99528970345109,66.48064422607422,4540800,0.0,0.0
2016-10-18 00:00:00-04:00,66.89384769321573,67.06437954599744,66.32322976908637,66.7626724243164,4720900,0.0,0.0
2016-10-19 00:00:00-04:00,67.20869495963868,68.01543260645282,67.05783885276162,67.0775146484375,5905700,0.0,0.0
2016-10-20 00:00:00-04:00,66.66429133058212,67.04470663233229,66.0412012705557,66.81514739990234,4820900,0.0,0.0
2016-10-21 00:00:00-04:00,66.28388308746179,66.61182631271781,66.00185171358096,66.44129943847656,5622400,0.0,0.0
2016-10-24 00:00:00-04:00,66.61180853730545,66.62492906506371,65.62797912407302,66.02151489257812,6077300,0.0,0.0
2016-10-25 00:00:00-04:00,66.08055055127052,66.68396479950941,65.92969448720291,66.09366607666016,4730700,0.0,0.0
2016-10-26 00:00:00-04:00,65.79851014155544,66.59213192458117,65.50336332284876,66.36913299560547,6353700,0.0,0.0
2016-10-27 00:00:00-04:00,66.57902523565268,66.88729262286036,65.53616333007812,65.53616333007812,9897800,0.0,0.0
2016-10-28 00:00:00-04:00,66.32321775218571,68.88773032382618,66.21171328940711,68.09410858154297,17435400,0.0,0.0
2016-10-31 00:00:00-04:00,68.09412700001835,69.16978031389753,68.0678909430925,68.7041015625,12340800,0.0,0.0
2016-11-01 00:00:00-04:00,69.20256512121925,70.0093024703849,69.16320854037104,69.83877563476562,12755600,0.0,0.0
2016-11-02 00:00:00-04:00,69.2944027235016,69.55675829779356,68.37616071548794,69.12387084960938,8405200,0.0,0.0
2016-11-03 00:00:00-04:00,69.2156945500091,69.6485819981933,68.83527921748659,69.12387084960938,5703200,0.0,0.0
2016-11-04 00:00:00-04:00,69.03202985949041,69.18944116303389,68.46140700362447,68.72376251220703,7085400,0.0,0.0
2016-11-07 00:00:00-05:00,69.52393391437641,70.16670456176621,69.37963815655334,70.08143615722656,7333800,0.0,0.0
2016-11-08 00:00:00-05:00,69.89780954070376,70.96034725075602,69.7994255854,70.37004852294922,8050000,0.0,0.0
2016-11-09 00:00:00-05:00,69.55016962233294,71.00623771106001,69.32061046510442,70.5995864868164,9161800,0.0,0.0
2016-11-10 00:00:00-05:00,70.5340188296314,71.16366912648989,70.33725092260624,70.69799041748047,8739500,0.0,0.0
2016-11-11 00:00:00-05:00,70.49468814529489,70.60618765711824,69.4846222642673,69.94374084472656,7939500,0.0,0.0
2016-11-14 00:00:00-05:00,69.62231742077216,70.00273259746412,69.2550177656149,69.91090393066406,7656000,0.0,0.0
2016-11-15 00:00:00-05:00,70.50122404937639,71.53096544338533,70.44219667838982,71.46537780761719,12156500,0.0,0.0
2016-11-16 00:00:00-05:00,71.67734926659672,72.20731322013194,71.37262176225278,71.77671813964844,7723700,1.08,0.0
2016-11-17 00:00:00-05:00,72.20732314598908,72.93601989168593,71.27326268665917,71.6243667602539,6638100,0.0,0.0
2016-11-18 00:00:00-05:00,71.92246237851884,72.65115906354954,71.64423356217985,72.33980560302734,6815500,0.0,0.0
2016-11-21 00:00:00-05:00,73.1082629610292,73.5322321837054,72.91615111729908,72.98902130126953,8476800,0.0,0.0
2016-11-22 00:00:00-05:00,73.3931103978368,73.53222481125663,72.41267850987774,73.2804946899414,6440500,0.0,0.0
2016-11-23 00:00:00-05:00,73.13474090208052,73.84356471878972,72.89625765028019,73.53221130371094,4472700,0.0,0.0
2016-11-25 00:00:00-05:00,73.22748382732394,73.67795163026784,72.94925505159368,73.53221130371094,3238600,0.0,0.0
2016-11-28 00:00:00-05:00,73.49909798252581,73.90982032478713,73.1215002847139,73.20099639892578,6406700,0.0,0.0
2016-11-29 00:00:00-05:00,72.27356896260387,72.68429134471948,71.80985421998274,72.43255615234375,7461900,0.0,0.0
2016-11-30 00:00:00-05:00,74.22778827576728,74.8438691670556,73.73094901034477,73.90318298339844,17301900,0.0,0.0
2016-12-01 00:00:00-05:00,74.71799109375819,76.1223917059764,74.54575209081877,75.0492172241211,11792300,0.0,0.0
2016-12-02 00:00:00-05:00,74.98962807830164,75.39372454589001,74.38017293358575,74.85713958740234,6167400,0.0,0.0
2016-12-05 00:00:00-05:00,75.11550144545393,75.83757742235558,74.877018100249,75.02275848388672,6909800,0.0,0.0
2016-12-06 00:00:00-05:00,74.45304137283009,75.18173816390178,74.33379971217386,74.69815063476562,6033600,0.0,0.0
2016-12-07 00:00:00-05:00,74.88363116353783,75.8375643803063,74.7378908049636,75.81106567382812,6434100,0.0,0.0
2016-12-08 00:00:00-05:00,76.00317917674401,76.44702114826403,75.65207509876996,76.2946548461914,5519700,0.0,0.0
2016-12-09 00:00:00-05:00,76.17543219350136,76.83788487294004,76.16218536372224,76.71864318847656,5771600,0.0,0.0
2016-12-12 00:00:00-05:00,78.01704829007554,78.82524135165825,77.22210711212259,77.60633087158203,10044700,0.0,0.0
2016-12-13 00:00:00-05:00,78.10314327271745,78.37474614353967,76.86435539700557,77.78516387939453,8644200,0.0,0.0
2016-12-14 00:00:00-05:00,77.31481719368172,78.08988527061211,76.6854894500088,76.81797790527344,7878400,0.0,0.0
2016-12-15 00:00:00-05:00,76.5993982331072,77.76531631428446,76.42053824110599,77.54008483886719,7458300,0.0,0.0
2016-12-16 00:00:00-05:00,78.06341221649323,78.55363078107715,77.78518333655896,78.22240447998047,13752300,0.0,0.0
2016-12-19 00:00:00-05:00,78.41450475875867,78.46749711798148,77.78517184716432,77.93753814697266,5772500,0.0,0.0
2016-12-20 00:00:00-05:00,78.07003200094442,78.58674418124859,77.95079033978871,78.13627624511719,4319100,0.0,0.0
2016-12-21 00:00:00-05:00,78.39464440508704,78.83186558134419,78.07666996245696,78.10979461669922,5024600,0.0,0.0
2016-12-22 00:00:00-05:00,78.1296573464183,78.82522950909743,78.01703656893616,78.67948913574219,4992500,0.0,0.0
2016-12-23 00:00:00-05:00,78.44100332047203,78.63311009875886,78.20252001501974,78.44762420654297,2682900,0.0,0.0
2016-12-27 00:00:00-05:00,78.50061802483484,78.76560002477046,78.24226196477821,78.31513214111328,2986900,0.0,0.0
2016-12-28 00:00:00-05:00,78.37477163418673,78.73912261440103,78.0037997664141,78.10979461669922,4086700,0.0,0.0
2016-12-29 00:00:00-05:00,78.17601559396194,78.44761847224997,77.82491660163022,78.0501480102539,3214500,0.0,0.0
2016-12-30 00:00:00-05:00,77.79841572478588,78.32837464128025,77.71229367344868,77.97064971923828,5020500,0.0,0.0
2017-01-03 00:00:00-05:00,78.42113691088086,78.83185934205939,77.23534615125894,78.07003784179688,7404800,0.0,0.0
2017-01-04 00:00:00-05:00,78.44099758666302,78.59998476063922,77.90440766156276,78.0501480102539,6679900,0.0,0.0
2017-01-05 00:00:00-05:00,78.16940468999333,78.48738415321957,77.32146619353946,77.71231079101562,5928600,0.0,0.0
2017-01-06 00:00:00-05:00,77.80505933804324,77.8911814145378,77.09623522641577,77.40096282958984,4762500,0.0,0.0
2017-01-09 00:00:00-05:00,77.03660152934454,77.08297300199821,76.254907380246,76.73849487304688,6891800,0.0,0.0
2017-01-10 00:00:00-05:00,76.5530186334308,77.10285548857865,76.10917661720345,76.15554809570312,6184400,0.0,0.0
2017-01-11 00:00:00-05:00,76.28140644953486,77.14259166778726,76.08929461788101,76.7981185913086,6158200,0.0,0.0
2017-01-12 00:00:00-05:00,77.17571665469976,77.50031696625071,76.45364585188682,76.95048522949219,4940000,0.0,0.0
2017-01-13 00:00:00-05:00,76.75171086309608,77.42740987067027,76.58609781618867,77.09618377685547,4953000,0.0,0.0
2017-01-17 00:00:00-05:00,77.10947964786136,77.3545838625055,76.91736779734094,77.02998352050781,4669700,0.0,0.0
2017-01-18 00:00:00-05:00,76.63251707316785,76.87100041381737,76.44703115357649,76.80475616455078,4855300,0.0,0.0
2017-01-19 00:00:00-05:00,76.77161994953293,76.81799142244631,76.37414945968807,76.5662612915039,3427800,0.0,0.0
2017-01-20 00:00:00-05:00,77.05647251618291,77.34132728565213,76.40726685991191,76.57950592041016,6730900,0.0,0.0
2017-01-23 00:00:00-05:00,76.26154681717226,76.81800458749836,76.17542474263676,76.4404067993164,5104100,0.0,0.0
2017-01-24 00:00:00-05:00,76.74513666804654,77.57982840236399,76.58614945097595,77.08961486816406,5024400,0.0,0.0
2017-01-25 00:00:00-05:00,77.44070027178492,77.79179929724434,77.06972342535566,77.66593170166016,5276800,0.0,0.0
2017-01-26 00:00:00-05:00,77.83816725779471,78.05015185156638,77.17571477049434,77.2088394165039,6937300,0.0,0.0
2017-01-27 00:00:00-05:00,75.2082388233879,75.98330711070486,74.75777087745709,75.38047790527344,11698900,0.0,0.0
2017-01-30 00:00:00-05:00,74.95651794453732,75.38711317548281,73.34675781175923,74.07545471191406,8252900,0.0,0.0
2017-01-31 00:00:00-05:00,74.1218011475455,74.32715978120044,73.37323172961709,73.76407623291016,7951000,0.0,0.0
2017-02-01 00:00:00-05:00,73.66469975288429,74.04892333124153,73.42621650108397,73.53221130371094,5889300,0.0,0.0
2017-02-02 00:00:00-05:00,73.6448575582229,74.35368166913922,73.34012995535454,74.33380889892578,6289000,0.0,0.0
2017-02-03 00:00:00-05:00,74.46628372390691,75.70506659395625,74.28741872875771,75.23472595214844,6623500,0.0,0.0
2017-02-06 00:00:00-05:00,75.04263535033564,75.18837574192956,74.49279843809045,74.84390258789062,5637300,0.0,0.0
2017-02-07 00:00:00-05:00,74.84388281237987,74.92337387470943,73.60509486526105,73.79058074951172,6038400,0.0,0.0
2017-02-08 00:00:00-05:00,73.61834384569326,74.05556491774804,73.08175894281824,73.91645050048828,5188800,0.0,0.0
2017-02-09 00:00:00-05:00,73.91644497732958,74.61201701165412,73.91644497732958,74.36691284179688,4607800,0.0,0.0
2017-02-10 00:00:00-05:00,74.6915362313559,75.15525106436228,74.43980604402566,74.89027404785156,6194300,0.0,0.0
2017-02-13 00:00:00-05:00,75.09561766124052,75.51296092708016,74.89025899847823,75.45996856689453,4858500,0.0,0.0
2017-02-14 00:00:00-05:00,75.35964153575576,75.62047055708581,74.75772644711378,75.25263214111328,5811200,1.08,0.0
2017-02-15 00:00:00-05:00,75.04529814352793,75.73415444965457,75.04529814352793,75.28606414794922,7048100,0.0,0.0
2017-02-16 00:00:00-05:00,75.56695997192995,75.56695997192995,73.85485061096037,74.02204895019531,9478200,0.0,0.0
2017-02-17 00:00:00-05:00,73.84815281324246,73.94847282582185,73.07903952011752,73.7879638671875,8111000,0.0,0.0
2017-02-21 00:00:00-05:00,74.05550906101561,75.1121989496651,73.96856263741564,74.71761322021484,6619100,0.0,0.0
2017-02-22 00:00:00-05:00,74.36317566490325,74.75776151212752,73.7746339232926,73.82144927978516,5732000,0.0,0.0
2017-02-23 00:00:00-05:00,74.463472046725,74.79118456282957,74.06888629803446,74.24945831298828,8659700,0.0,0.0
2017-02-24 00:00:00-05:00,74.16921067773718,74.24946264351287,73.21283563315198,73.64755249023438,6189400,0.0,0.0
2017-02-27 00:00:00-05:00,74.00199154147855,75.08543359575911,73.81473020382457,74.73766326904297,7275800,0.0,0.0
2017-02-28 00:00:00-05:00,74.67748894821852,75.41316081997319,74.56379016879636,75.23927307128906,7030200,0.0,0.0
2017-03-01 00:00:00-05:00,75.52014465843388,76.50327170975989,75.49339231185152,76.16218566894531,7353800,0.0,0.0
2017-03-02 00:00:00-05:00,76.02175458537893,76.42302965783422,75.78098852140789,75.8144302368164,5892500,0.0,0.0
2017-03-03 00:00:00-05:00,75.8144254152507,76.16888512508513,75.71410537789457,75.94149780273438,4905600,0.0,0.0
2017-03-06 00:00:00-05:00,75.74084447360683,75.90804280577814,75.35294311837221,75.68733978271484,4731900,0.0,0.0
2017-03-07 00:00:00-05:00,75.93480879590092,76.16219611931868,74.69754193600713,74.77779388427734,6660300,0.0,0.0
2017-03-08 00:00:00-05:00,74.69087543715428,74.85138448531876,73.16602672336506,73.30647277832031,9071600,0.0,0.0
2017-03-09 00:00:00-05:00,73.10579566353888,73.68095832290295,72.5707640727852,73.5940170288086,7247400,0.0,0.0
2017-03-10 00:00:00-05:00,74.50358235938917,74.51027172177885,73.19274796787964,73.97523498535156,6560300,0.0,0.0
2017-03-13 00:00:00-04:00,73.90837127021285,74.10900625914407,73.1058160070196,73.132568359375,6369300,0.0,0.0
2017-03-14 00:00:00-04:00,72.54406594979585,72.61094431081624,71.64119531979098,71.80170440673828,9935700,0.0,0.0
2017-03-15 00:00:00-04:00,72.28320554515571,72.88512073930744,71.92205642866466,72.8182373046875,9472100,0.0,0.0
2017-03-16 00:00:00-04:00,72.7714143647125,72.81822970256519,71.85517059495413,72.13606262207031,8894700,0.0,0.0
2017-03-17 00:00:00-04:00,72.2296921041931,72.5105841266676,72.01567840576172,72.01567840576172,14353400,0.0,0.0
2017-03-20 00:00:00-04:00,71.74147754345856,72.12937900369846,71.57427916602649,72.00231170654297,5301900,0.0,0.0
2017-03-21 00:00:00-04:00,72.2697975702133,72.3834963015604,71.82839667479331,72.25642395019531,7406300,0.0,0.0
2017-03-22 00:00:00-04:00,71.99560339495049,72.79815335441357,71.90865699597505,72.49050903320312,8106800,0.0,0.0
2017-03-23 00:00:00-04:00,72.42363031628133,72.80484231027276,72.06248130579131,72.14273834228516,5451200,0.0,0.0
2017-03-24 00:00:00-04:00,72.18288885089761,72.51059626531108,72.02906408760727,72.22301483154297,6339900,0.0,0.0
2017-03-27 00:00:00-04:00,71.56090070215124,71.79497739423054,70.7717242099345,71.0793685913086,6479400,0.0,0.0
2017-03-28 00:00:00-04:00,71.07938801477141,72.05582612747732,70.97238368450435,71.67461395263672,6331500,0.0,0.0
2017-03-29 00:00:00-04:00,71.52745405115755,72.2831938794819,71.48063871597286,72.27650451660156,4919900,0.0,0.0
2017-03-30 00:00:00-04:00,72.33001309317599,72.68447280750837,71.69465625018418,72.08255767822266,6797700,0.0,0.0
2017-03-31 00:00:00-04:00,72.02907816612922,72.32334902168523,71.59436635086446,71.80838012695312,6159000,0.0,0.0
2017-04-03 00:00:00-04:00,71.70803060245952,72.2096256625187,71.14624148189905,72.09593200683594,5800900,0.0,0.0
2017-04-04 00:00:00-04:00,72.14943363848138,72.71122277489872,71.56758661798256,72.67109680175781,4687400,0.0,0.0
2017-04-05 00:00:00-04:00,73.33320530933561,74.01537240646208,72.6042177707258,72.65772247314453,6398800,0.0,0.0
2017-04-06 00:00:00-04:00,72.97876693329309,73.33322676114942,72.73131143908641,73.09246063232422,3934500,0.0,0.0
2017-04-07 00:00:00-04:00,73.15263336128646,73.28639512674474,72.67779057451126,72.80486297607422,4889400,0.0,0.0
2017-04-10 00:00:00-04:00,72.97876416546616,73.70105742205698,72.87844409851199,73.18608856201172,4812100,0.0,0.0
2017-04-11 00:00:00-04:00,73.25294831037667,73.25963767380632,72.26982108827804,72.87842559814453,3956500,0.0,0.0
2017-04-12 00:00:00-04:00,73.13925464451896,73.13925464451896,72.53065013465246,72.87842559814453,5053300,0.0,0.0
2017-04-13 00:00:00-04:00,72.65773598276922,72.72461432198304,70.84530594687655,70.95899963378906,6894800,0.0,0.0
2017-04-17 00:00:00-04:00,71.00579071044922,71.21312012438047,70.65802040391728,71.00579071044922,5278800,0.0,0.0
2017-04-18 00:00:00-04:00,70.76502663054396,71.34687871400546,70.43731929968082,70.67808532714844,4252700,0.0,0.0
2017-04-19 00:00:00-04:00,70.81851472633652,70.98571303385974,69.44080230514115,69.70832061767578,6667900,0.0,0.0
2017-04-20 00:00:00-04:00,69.82203316739765,70.68477728036203,69.79528081864424,70.14305114746094,4988100,0.0,0.0
2017-04-21 00:00:00-04:00,70.08957603579495,70.51091419524111,69.74848984815343,70.14976501464844,5432600,0.0,0.0
2017-04-24 00:00:00-04:00,70.75166808118142,71.16632190626854,70.47077602345612,70.84529876708984,4538200,0.0,0.0
2017-04-25 00:00:00-04:00,71.09274393722139,71.54083431253439,71.01248688840111,71.38032531738281,4619000,0.0,0.0
2017-04-26 00:00:00-04:00,71.15962374521865,71.8819218922098,70.8720423590549,70.94561004638672,6687400,0.0,0.0
2017-04-27 00:00:00-04:00,70.8653661122279,70.87874484103124,70.00262179405293,70.53765869140625,5781800,0.0,0.0
2017-04-28 00:00:00-04:00,71.59436476558976,71.96219822439912,70.88544000221953,71.36028289794922,6848400,0.0,0.0
2017-05-01 00:00:00-04:00,71.06599258228705,71.3803263164548,70.73159586125566,70.8386001586914,4955500,0.0,0.0
2017-05-02 00:00:00-04:00,70.96567591591666,71.24656795032632,70.28350371521977,70.46408081054688,5112200,0.0,0.0
2017-05-03 00:00:00-04:00,70.46408994663513,71.73479873215805,70.31026518261548,71.37364959716797,5663000,0.0,0.0
2017-05-04 00:00:00-04:00,71.05262745064,71.11282152523695,69.64816197408786,70.09625244140625,8039900,0.0,0.0
2017-05-05 00:00:00-04:00,70.16981104066201,70.81854153583748,70.02267565794311,70.75166320800781,5060000,0.0,0.0
2017-05-08 00:00:00-04:00,70.84529059202795,71.37363803153767,70.77172290409058,71.34688568115234,5175100,0.0,0.0
2017-05-09 00:00:00-04:00,71.23318443120765,71.39369341393328,70.10292198464506,70.27680969238281,5024000,0.0,0.0
2017-05-10 00:00:00-04:00,70.77173688223677,71.44721983103607,70.58447549504254,71.22651672363281,5582800,0.0,0.0
2017-05-11 00:00:00-04:00,71.61441448062219,71.61441448062219,70.64466077268418,71.03256225585938,4632100,0.0,0.0
2017-05-12 00:00:00-04:00,70.93223477273614,71.08605951805086,70.54433843268336,70.8653564453125,4488200,0.0,0.0
2017-05-15 00:00:00-04:00,71.66124194635606,72.03576476450145,71.34690810863087,71.46060180664062,6647500,0.0,0.0
2017-05-16 00:00:00-04:00,71.94212500802958,72.00231908336673,71.52078689062981,71.72811126708984,5001400,0.0,0.0
2017-05-17 00:00:00-04:00,71.72810577019835,71.79566441437579,70.6809338994625,70.73497772216797,6384300,1.08,0.0
2017-05-18 00:00:00-04:00,70.63363124299859,71.39705359568865,70.15395308954582,71.05249786376953,5618100,0.0,0.0
2017-05-19 00:00:00-04:00,71.28896473192603,71.96456146240234,71.05250690713812,71.96456146240234,8383500,0.0,0.0
2017-05-22 00:00:00-04:00,72.34964512077343,72.34964512077343,71.44434805452242,71.69432067871094,4491100,0.0,0.0
2017-05-23 00:00:00-04:00,71.66055225763341,71.99159324588467,71.59975101983798,71.79566955566406,3457100,0.0,0.0
2017-05-24 00:00:00-04:00,71.68081313224226,71.85646972799299,71.43084563708318,71.76188659667969,3457200,0.0,0.0
2017-05-25 00:00:00-04:00,71.68078671517154,72.09290098732583,70.74846541251003,71.01194763183594,5293800,0.0,0.0
2017-05-26 00:00:00-04:00,70.97143753465325,71.13357930430725,70.66741591785885,70.74848937988281,3752500,0.0,0.0
2017-05-30 00:00:00-04:00,70.49850542309368,70.74172061573674,70.0931484868196,70.30258178710938,4288000,0.0,0.0
2017-05-31 00:00:00-04:00,69.95804290732863,70.187743319627,69.63375421152591,69.91075134277344,8037900,0.0,0.0
2017-06-01 00:00:00-04:00,70.05262346856777,70.45122304743693,69.87696688334714,70.44446563720703,4769400,0.0,0.0
2017-06-02 00:00:00-04:00,70.14043957429068,70.22151302276042,69.43106107476146,69.6607666015625,5864000,0.0,0.0
2017-06-05 00:00:00-04:00,69.45133097671074,69.97829548813301,69.33647563996026,69.71481323242188,4523300,0.0,0.0
2017-06-06 00:00:00-04:00,69.66078404427152,70.56608125076328,69.42432620335161,70.37691497802734,4683900,0.0,0.0
2017-06-07 00:00:00-04:00,70.24177370797955,70.55254750059322,69.28242784977309,70.10665130615234,7197100,0.0,0.0
2017-06-08 00:00:00-04:00,70.10667255215958,70.76200222504121,69.88372954176829,70.2620620727539,6493600,0.0,0.0
2017-06-09 00:00:00-04:00,70.26880832138734,71.94428511051433,70.26880832138734,71.88348388671875,6595600,0.0,0.0
2017-06-12 00:00:00-04:00,71.88346958635458,73.2549296748813,71.88346958635458,72.99144744873047,8690600,0.0,0.0
2017-06-13 00:00:00-04:00,73.19414366975867,73.29548420517482,72.39694451561593,73.0522689819336,6099700,0.0,0.0
2017-06-14 00:00:00-04:00,72.90363556320844,72.95767937682245,71.437586943772,72.01860046386719,6202300,0.0,0.0
2017-06-15 00:00:00-04:00,71.95103945745126,72.1537205035957,71.52541544581969,71.83618927001953,5441400,0.0,0.0
2017-06-16 00:00:00-04:00,72.24831613481345,73.20766225673849,71.75512825275676,73.2009048461914,11633900,0.0,0.0
2017-06-19 00:00:00-04:00,73.1738654490395,73.22115700444527,72.3834186710889,72.599609375,4577800,0.0,0.0
2017-06-20 00:00:00-04:00,71.78214102671672,72.01859881333785,71.19437011049288,71.93753051757812,5171200,0.0,0.0
2017-06-21 00:00:00-04:00,71.53892249951157,72.22127649861072,70.20799639256893,70.59308624267578,6989400,0.0,0.0
2017-06-22 00:00:00-04:00,70.58635804972933,71.03224927082219,70.28909379940428,70.56608581542969,4197400,0.0,0.0
2017-06-23 00:00:00-04:00,70.4309702192034,71.22141728101165,70.42421280760651,70.93766784667969,5773300,0.0,0.0
2017-06-26 00:00:00-04:00,70.95792435946397,71.0660223113363,70.2823276234441,70.35664367675781,3602500,0.0,0.0
2017-06-27 00:00:00-04:00,70.75523768280986,70.86333046386768,70.28231694680129,70.30934143066406,4170300,0.0,0.0
2017-06-28 00:00:00-04:00,70.55255817947842,70.87008942884336,70.28907589902525,70.45121765136719,4162300,0.0,0.0
2017-06-29 00:00:00-04:00,70.51878345427293,71.03899581274528,70.29584045503583,70.34313201904297,4288600,0.0,0.0
2017-06-30 00:00:00-04:00,70.62011788027883,70.74848289478514,70.18773643123943,70.48500061035156,5497000,0.0,0.0
2017-07-03 00:00:00-04:00,70.42420796419313,72.26183205816132,70.42420796419313,71.8159408569336,4419100,0.0,0.0
2017-07-05 00:00:00-04:00,71.6064953039947,71.8159337933362,70.44446811449096,70.6809310913086,4482700,0.0,0.0
2017-07-06 00:00:00-04:00,70.71469799894061,71.0254718300987,70.06612585290722,70.14044189453125,5084800,0.0,0.0
2017-07-07 00:00:00-04:00,69.98506963506036,70.09992500773909,69.45810495879665,69.91751098632812,6457000,0.0,0.0
2017-07-10 00:00:00-04:00,69.88373462385792,69.97831776348261,69.31623063171527,69.61349487304688,4629000,0.0,0.0
2017-07-11 00:00:00-04:00,69.68778568767232,69.92424345107277,69.28242878550114,69.66751861572266,4322400,0.0,0.0
2017-07-12 00:00:00-04:00,70.26206783103854,70.7687654355893,69.90400234852581,70.18775177001953,3978100,0.0,0.0
2017-07-13 00:00:00-04:00,70.12694103473243,70.40393300742372,69.89723547149183,70.34988403320312,4439100,0.0,0.0
2017-07-14 00:00:00-04:00,70.51877161189205,70.69442817201751,70.07963794316794,70.55931091308594,3644300,0.0,0.0
2017-07-17 00:00:00-04:00,70.47822380020018,70.91736253817352,70.31608209004105,70.4039077758789,5572400,0.0,0.0
2017-07-18 00:00:00-04:00,70.66741448159557,70.66741448159557,69.93101654548857,70.07289123535156,4339400,0.0,0.0
2017-07-19 00:00:00-04:00,69.96479214330805,70.5863450205671,69.93101540116604,70.57283020019531,4932000,0.0,0.0
2017-07-20 00:00:00-04:00,70.93767106072066,71.18764375718351,70.14046655119581,70.68769836425781,5367800,0.0,0.0
2017-07-21 00:00:00-04:00,70.38365324303682,70.51877049983763,69.687789577166,69.7553482055664,5304100,0.0,0.0
2017-07-24 00:00:00-04:00,69.70807083869842,69.97155315116453,69.53241424558968,69.7215805053711,4080400,0.0,0.0
2017-07-25 00:00:00-04:00,70.56608500162758,71.03900586299936,70.47825927158743,70.52555084228516,7093800,0.0,0.0
2017-07-26 00:00:00-04:00,70.68766886681377,71.66728700816854,70.39716212894896,71.01871490478516,5881400,0.0,0.0
2017-07-27 00:00:00-04:00,70.85658242762108,71.82944335780338,70.67417358040886,71.68756866455078,5888400,0.0,0.0
2017-07-28 00:00:00-04:00,72.09293067776055,73.72787362341623,71.85647283923916,73.04552459716797,7812600,0.0,0.0
2017-07-31 00:00:00-04:00,73.22793027496056,74.3156414392871,73.06578850050518,73.7684097290039,7561200,0.0,0.0
2017-08-01 00:00:00-04:00,74.00485953739835,74.97096297758893,73.92378608175949,74.84259796142578,8162900,0.0,0.0
2017-08-02 00:00:00-04:00,74.57911225024026,75.12634387610117,74.21428944820188,74.62640380859375,6212300,0.0,0.0
2017-08-03 00:00:00-04:00,74.47103674703793,74.61966371178006,73.67383232526437,73.93055725097656,5605400,0.0,0.0
2017-08-04 00:00:00-04:00,73.93053248306668,74.45073957137262,73.93053248306668,74.38993835449219,4643500,0.0,0.0
2017-08-07 00:00:00-04:00,74.18727452328152,74.51156321834252,74.03189016341011,74.16700744628906,4762800,0.0,0.0
2017-08-08 00:00:00-04:00,74.31565090628014,74.79532403451148,74.16026136826969,74.55210876464844,4107300,0.0,0.0
2017-08-09 00:00:00-04:00,74.81559059820117,75.26824438611871,74.49130701021858,74.91693115234375,3966800,0.0,0.0
2017-08-10 00:00:00-04:00,75.14660836460267,75.28848302504974,74.33588939211442,74.38993835449219,4950700,0.0,0.0
2017-08-11 00:00:00-04:00,74.45075754247499,74.64668121259236,73.72786924795629,73.7954330444336,3383000,0.0,0.0
2017-08-14 00:00:00-04:00,73.81570258992745,74.19403512176012,73.18063999344193,73.44412231445312,4286100,0.0,0.0
2017-08-15 00:00:00-04:00,73.4711406925146,73.57248122779681,72.64691189866339,73.34953308105469,5310700,0.0,0.0
2017-08-16 00:00:00-04:00,73.44505985360537,73.64295203182736,72.8036218066664,72.90597534179688,4186600,1.08,0.0
2017-08-17 00:00:00-04:00,72.74903007158858,72.92645154348632,72.27136288515067,72.27818298339844,5870300,0.0,0.0
2017-08-18 00:00:00-04:00,72.22358552176611,73.24716244949758,71.9915772504474,72.66031646728516,5467400,0.0,0.0
2017-08-21 00:00:00-04:00,72.66032776539723,72.66032776539723,71.85511358213003,72.18265533447266,3560400,0.0,0.0
2017-08-22 00:00:00-04:00,72.32594598667306,72.96056390530144,72.20311654415848,72.57843017578125,5630900,0.0,0.0
2017-08-23 00:00:00-04:00,72.47606855320583,73.05609442846757,72.40783113367763,72.7490234375,4185800,0.0,0.0
2017-08-24 00:00:00-04:00,72.67394845159652,73.472337058342,72.55794433735429,73.31539154052734,5059700,0.0,0.0
2017-08-25 00:00:00-04:00,73.57471198496005,74.18203390061126,73.36999450962927,73.8544921875,4384200,0.0,0.0
2017-08-28 00:00:00-04:00,74.06602686784773,74.1001429749492,73.19939548980324,73.53376770019531,3681600,0.0,0.0
2017-08-29 00:00:00-04:00,73.30858701110658,73.7316673905706,73.0424574001124,73.60201263427734,3230600,0.0,0.0
2017-08-30 00:00:00-04:00,73.41094691832409,73.5883631910098,73.08339997319754,73.5133056640625,3126000,0.0,0.0
2017-08-31 00:00:00-04:00,73.69754435161455,73.85449511641673,73.35635201665337,73.43824005126953,5508200,0.0,0.0
2017-09-01 00:00:00-04:00,73.47917178060187,74.48910324969349,73.3631676514886,74.21614837646484,3660300,0.0,0.0
2017-09-05 00:00:00-04:00,74.62559138503168,75.23973865772095,74.17521498299885,74.68018341064453,5198500,0.0,0.0
2017-09-06 00:00:00-04:00,75.06232878820525,76.5840491989048,74.9258539092453,76.28379821777344,8577300,0.0,0.0
2017-09-07 00:00:00-04:00,76.5499079226022,77.0207549827941,75.99035273482725,76.29060363769531,5937800,0.0,0.0
2017-09-08 00:00:00-04:00,76.1473038991182,76.25648794682371,75.42397780470597,75.59457397460938,4033100,0.0,0.0
2017-09-11 00:00:00-04:00,76.31107191827809,76.81603507017716,76.09952914971629,76.78191375732422,5973400,0.0,0.0
2017-09-12 00:00:00-04:00,76.98663226484113,77.07534039080639,76.3315436574063,76.76144409179688,5110100,0.0,0.0
2017-09-13 00:00:00-04:00,76.761441226159,78.01020627786065,76.61814108671179,77.9146728515625,5889400,0.0,0.0
2017-09-14 00:00:00-04:00,77.96927318350734,78.70624466409112,77.9146811608917,78.09892272949219,5819100,0.0,0.0
2017-09-15 00:00:00-04:00,78.35822840191567,78.41282042186161,77.53936372127109,78.22174835205078,8387600,0.0,0.0
2017-09-18 00:00:00-04:00,78.07845794799326,78.6243678032155,78.01022051763603,78.60389709472656,4954600,0.0,0.0
2017-09-19 00:00:00-04:00,78.64483690184929,79.44322575366853,78.60389548570947,79.38863372802734,6188000,0.0,0.0
2017-09-20 00:00:00-04:00,79.49781916152189,79.94137026674966,79.29310166489917,79.40911102294922,5378200,0.0,0.0
2017-09-21 00:00:00-04:00,79.3067521494478,79.51146443956517,79.04062252796768,79.47734832763672,4334500,0.0,0.0
2017-09-22 00:00:00-04:00,79.4363991377145,80.40538408552513,79.34086049758989,80.03689575195312,5307100,0.0,0.0
2017-09-25 00:00:00-04:00,79.99596350165947,80.74658565697709,79.85265812814966,80.51457214355469,5980300,0.0,0.0
2017-09-26 00:00:00-04:00,80.3780791468724,80.54184998598618,80.00959085423058,80.19383239746094,4874700,0.0,0.0
2017-09-27 00:00:00-04:00,80.15290532174286,80.24843876215711,79.68205821814267,80.14608001708984,3926800,0.0,0.0
2017-09-28 00:00:00-04:00,79.95499354219984,80.61008206143711,79.85263482221697,80.26206970214844,4949000,0.0,0.0
2017-09-29 00:00:00-04:00,79.955010479006,80.19384407210411,79.65476476461775,80.1801986694336,4874800,0.0,0.0
2017-10-02 00:00:00-04:00,79.44324375556253,80.37811288332668,78.83592164968569,80.13245391845703,4285600,0.0,0.0
2017-10-03 00:00:00-04:00,79.89358122210899,80.69196986473334,79.8458145137344,80.39854431152344,3892200,0.0,0.0
2017-10-04 00:00:00-04:00,80.3985654876647,80.43268680528264,79.92771837668406,80.23479461669922,3443400,0.0,0.0
2017-10-05 00:00:00-04:00,80.14607728510462,80.99223802304724,80.06419445678763,80.91717529296875,5470900,0.0,0.0
2017-10-06 00:00:00-04:00,80.48725911675909,80.62373915644785,79.70252101481879,79.85946655273438,3533300,0.0,0.0
2017-10-09 00:00:00-04:00,80.07101737628285,80.57598579754529,79.84583438429506,80.32350158691406,2951900,0.0,0.0
2017-10-10 00:00:00-04:00,80.79432877920935,81.7633135549618,80.71926606498535,81.0672836303711,5683100,0.0,0.0
2017-10-11 00:00:00-04:00,81.34708229583609,81.55861989422634,80.91718179408684,81.42897033691406,3926100,0.0,0.0
2017-10-12 00:00:00-04:00,80.85577287778978,81.64734173872229,80.73294340647897,81.29932403564453,3929700,0.0,0.0
2017-10-13 00:00:00-04:00,81.74287356036844,81.88617373967094,81.25155568494117,81.31297302246094,4640100,0.0,0.0
2017-10-16 00:00:00-04:00,81.77697659478915,82.49348258287309,81.49720158647936,81.97486877441406,5500700,0.0,0.0
2017-10-17 00:00:00-04:00,82.04310307475399,82.3911154736864,81.77014819243301,82.0362777709961,4844300,0.0,0.0
2017-10-18 00:00:00-04:00,81.47673731609149,81.89981251420525,80.5145723535767,80.6237564086914,5505100,0.0,0.0
2017-10-19 00:00:00-04:00,80.5623568536089,81.02637877787622,80.48729410069923,80.65789031982422,4576600,0.0,0.0
2017-10-20 00:00:00-04:00,80.93765154493632,81.05365569712053,80.5691631737198,80.95812225341797,4924300,0.0,0.0
2017-10-23 00:00:00-04:00,81.01269809305936,81.40848239856406,80.82845134117422,81.15599822998047,3872400,0.0,0.0
2017-10-24 00:00:00-04:00,81.53134450421763,81.83159029924852,81.25156421559839,81.36074829101562,4472400,0.0,0.0
2017-10-25 00:00:00-04:00,81.20378908550849,81.50404005566867,80.62376306184854,80.8216552734375,4553100,0.0,0.0
2017-10-26 00:00:00-04:00,81.0536636004284,81.20378908550849,80.61693775629506,80.8216552734375,4092900,0.0,0.0
2017-10-27 00:00:00-04:00,79.24533253535817,79.42957931795684,76.81604469390408,77.47795867919922,14534100,0.0,0.0
2017-10-30 00:00:00-04:00,77.22547325297163,78.54247589816985,77.00028505830981,78.0579833984375,7517800,0.0,0.0
2017-10-31 00:00:00-04:00,78.09895278461147,79.41595590149556,77.66905215498214,79.08158874511719,7154800,0.0,0.0
2017-11-01 00:00:00-04:00,79.36134910834218,79.81854564481996,78.71308046722446,79.08839416503906,5030300,0.0,0.0
2017-11-02 00:00:00-04:00,79.29993675045266,79.47735825566299,78.27635955345764,78.6994400024414,4329600,0.0,0.0
2017-11-03 00:00:00-04:00,78.80179476786782,78.98603636326482,78.29000619531966,78.46742248535156,4101800,0.0,0.0
2017-11-06 00:00:00-05:00,78.7267213395525,79.94819052495077,78.46741183270814,79.86630249023438,5950300,0.0,0.0
2017-11-07 00:00:00-05:00,80.09831053673157,80.5213909055455,79.48416849985512,80.00277709960938,5219500,0.0,0.0
2017-11-08 00:00:00-05:00,79.68887803508524,79.94136222803978,79.08838142152246,79.61381530761719,5092800,0.0,0.0
2017-11-09 00:00:00-05:00,79.08838414253064,80.18019857119998,78.89731726828624,80.00277709960938,5103300,0.0,0.0
2017-11-10 00:00:00-05:00,79.64113133051272,80.05056117928686,79.2248761758405,79.96185302734375,5156900,0.0,0.0
2017-11-13 00:00:00-05:00,79.9891463740173,80.36445488695294,79.62065796056903,79.9959716796875,4279200,0.0,0.0
2017-11-14 00:00:00-05:00,79.71619401713879,80.01644500223367,79.32723488016723,79.78443145751953,6996500,0.0,0.0
2017-11-15 00:00:00-05:00,79.29993607781597,79.99597148133108,79.20440262340139,79.46370697021484,5372600,0.0,0.0
2017-11-16 00:00:00-05:00,79.38105486218578,79.77365509686058,78.7818207124532,78.91268920898438,5888700,1.08,0.0
2017-11-17 00:00:00-05:00,78.98154270720512,79.20194970089685,78.45119018501224,79.00909423828125,4337500,0.0,0.0
2017-11-20 00:00:00-05:00,79.0504419524225,79.22952432916522,78.82315095088924,79.01600646972656,4634200,0.0,0.0
2017-11-21 00:00:00-05:00,79.30528828233913,79.80120546728078,79.15375744750489,79.3259506225586,4596000,0.0,0.0
2017-11-22 00:00:00-05:00,79.54637425368149,80.43489185271352,79.4292841314242,79.83566284179688,3951000,0.0,0.0
2017-11-24 00:00:00-05:00,80.27645290324358,80.48308154128695,80.11114368690707,80.2489013671875,1744200,0.0,0.0
2017-11-27 00:00:00-05:00,79.79430910295602,79.91828838805745,79.37415737316331,79.61522674560547,4490300,0.0,0.0
2017-11-28 00:00:00-05:00,79.84252427354224,80.45553151123973,79.71854498642823,80.20757293701172,4004700,0.0,0.0
2017-11-29 00:00:00-05:00,80.03538860044524,80.75860206418157,79.7805460551605,80.71038818359375,3661000,0.0,0.0
2017-11-30 00:00:00-05:00,80.7654804257185,82.06726028183625,80.74481808751315,81.9570541381836,7896600,0.0,0.0
2017-12-01 00:00:00-05:00,82.52182939734013,82.96953256168047,81.63331226485711,82.31520080566406,6831800,0.0,0.0
2017-12-04 00:00:00-05:00,82.52182740836683,84.23687463096843,82.21877109689623,83.23126220703125,7366400,0.0,0.0
2017-12-05 00:00:00-05:00,83.02465789339487,83.61700280728438,82.75603697371456,82.92134094238281,4380700,0.0,0.0
2017-12-06 00:00:00-05:00,82.64583359809359,83.25884087177319,82.32210959302084,82.38410186767578,4852500,0.0,0.0
2017-12-07 00:00:00-05:00,82.30831150583256,82.72157394358138,81.93637373538353,82.3978500366211,4908500,0.0,0.0
2017-12-08 00:00:00-05:00,82.62514674485875,82.81800220004673,82.0328019868288,82.59759521484375,4122200,0.0,0.0
2017-12-11 00:00:00-05:00,82.85245516878747,83.41724848025775,82.73536509010997,82.9419937133789,5929700,0.0,0.0
2017-12-12 00:00:00-05:00,82.52184292790653,83.16240165147289,82.34964977915125,82.43230438232422,4300200,0.0,0.0
2017-12-13 00:00:00-05:00,82.26012110744102,82.76981141755894,81.74354159916895,82.60450744628906,4399800,0.0,0.0
2017-12-14 00:00:00-05:00,82.52185025391667,82.84557424310258,82.30833241207846,82.32899475097656,3736900,0.0,0.0
2017-12-15 00:00:00-05:00,82.95577904599628,82.97644138455952,82.31522027594475,82.46675109863281,11226900,0.0,0.0
2017-12-18 00:00:00-05:00,82.59760624731693,83.54122657043023,82.39097762698081,82.44607543945312,4654100,0.0,0.0
2017-12-19 00:00:00-05:00,82.87311650706519,83.16928892627473,82.31521239956821,82.5425033569336,4599300,0.0,0.0
2017-12-20 00:00:00-05:00,82.84554967787204,83.54810052159844,82.41162492492347,83.26570129394531,6286700,0.0,0.0
2017-12-21 00:00:00-05:00,83.61009758083604,86.33763618811454,83.38969057989183,85.97258758544922,10109000,0.0,0.0
2017-12-22 00:00:00-05:00,85.99325039628478,86.54427052915135,85.8003949262567,86.08279418945312,4735100,0.0,0.0
2017-12-26 00:00:00-05:00,86.25498888502318,86.88176917395694,86.13100961563049,86.77156829833984,3348500,0.0,0.0
2017-12-27 00:00:00-05:00,86.75779686808661,86.923100822239,86.18611434361716,86.47540283203125,3452300,0.0,0.0
2017-12-28 00:00:00-05:00,86.571836273897,86.70958870226993,86.29632616223287,86.4960708618164,2191800,0.0,0.0
2017-12-29 00:00:00-05:00,86.34453759606345,86.7715785198132,86.22744750976562,86.22744750976562,3829000,0.0,0.0
2018-01-02 00:00:00-05:00,86.5856198039874,87.98382761392182,86.46852970032921,87.87362670898438,5626000,0.0,0.0
2018-01-03 00:00:00-05:00,87.7909748039575,88.81036079447692,87.40526374237025,88.5141830444336,5805500,0.0,0.0
2018-01-04 00:00:00-05:00,88.1284413359975,88.4039566483475,87.62564034198122,88.2386474609375,4598300,0.0,0.0
2018-01-05 00:00:00-05:00,88.14223853442161,88.23178234376905,87.54300442577623,88.09402465820312,4189200,0.0,0.0
2018-01-08 00:00:00-05:00,88.06646247547798,88.5968203046891,87.90804246995683,88.52793884277344,4826100,0.0,0.0
2018-01-09 00:00:00-05:00,88.45906191921166,88.8103426792341,88.01825312082605,88.05268859863281,4422300,0.0,0.0
2018-01-10 00:00:00-05:00,88.37641043297464,88.68635600033603,88.02514019127649,88.61748504638672,5292200,0.0,0.0
2018-01-11 00:00:00-05:00,88.79656624465636,91.82717212413617,88.68636010143827,91.31059265136719,11641300,0.0,0.0
2018-01-12 00:00:00-05:00,91.04885523432455,92.1922203173749,90.99375216299048,92.02002716064453,7232900,0.0,0.0
2018-01-16 00:00:00-05:00,92.06824619382886,92.21289308617223,90.64249215994028,90.92488098144531,6254200,0.0,0.0
2018-01-17 00:00:00-05:00,91.04884925335,91.46900094856589,90.20166192064222,91.16593933105469,5632700,0.0,0.0
2018-01-18 00:00:00-05:00,91.15907120821444,91.26238290946003,90.24988619790393,90.6355972290039,5890000,0.0,0.0
2018-01-19 00:00:00-05:00,90.80090837873722,90.91799847923451,89.68509994236736,90.43585968017578,6048900,0.0,0.0
2018-01-22 00:00:00-05:00,90.43586108570639,91.3037109375,90.42208268842269,91.3037109375,5248800,0.0,0.0
2018-01-23 00:00:00-05:00,91.17973515575753,91.3037091994376,90.04325387283578,90.24300384521484,5747300,0.0,0.0
2018-01-24 00:00:00-05:00,90.49094930936026,91.37946135629603,90.27743148078541,90.49783325195312,6868200,0.0,0.0
2018-01-25 00:00:00-05:00,90.75267430049233,90.82843970714293,89.7746184663529,89.9881362915039,4597200,0.0,0.0
2018-01-26 00:00:00-05:00,90.0294842099556,90.74580319337755,89.79529350456083,90.36009216308594,6310500,0.0,0.0
2018-01-29 00:00:00-05:00,89.58177715980074,90.62871462384456,88.38331936830501,88.49351501464844,6350700,0.0,0.0
2018-01-30 00:00:00-05:00,87.8942975154543,88.16980243179165,86.22746859898395,86.25502014160156,8084000,0.0,0.0
2018-01-31 00:00:00-05:00,86.38584509005507,86.66135513912886,85.4422301347425,86.33763122558594,9626800,0.0,0.0
2018-02-01 00:00:00-05:00,86.50982859484967,86.5304909299337,85.44911826955749,86.48916625976562,7844500,0.0,0.0
2018-02-02 00:00:00-05:00,85.37335741416797,85.37335741416797,81.02720420629578,81.67465209960938,13182600,0.0,0.0
2018-02-05 00:00:00-05:00,80.5795132864065,81.48180905850903,74.40122158847518,77.569580078125,15414700,0.0,0.0
2018-02-06 00:00:00-05:00,76.59152497297481,81.02033380809854,76.28846854710224,80.71038818359375,18416300,0.0,0.0
2018-02-07 00:00:00-05:00,80.86191834183602,82.14991996449626,79.36728280130316,79.40860748291016,11535700,0.0,0.0
2018-02-08 00:00:00-05:00,79.32594873904375,79.82186591221034,77.28718222540662,77.34917449951172,9927500,0.0,0.0
2018-02-09 00:00:00-05:00,78.06549879675116,78.94713230642267,75.42061403249329,78.17570495605469,10922400,0.0,0.0
2018-02-12 00:00:00-05:00,79.07111056032049,79.79431876521998,77.76933053658259,78.50631713867188,8358200,0.0,0.0
2018-02-13 00:00:00-05:00,78.06547184865921,78.25144336455709,77.04609150158475,78.03103637695312,7065900,0.0,0.0
2018-02-14 00:00:00-05:00,77.48691712898149,78.55451675583683,76.7292683235928,78.26522827148438,7031900,0.0,0.0
2018-02-15 00:00:00-05:00,78.50871082298288,78.62000873364478,77.10353688686578,78.2791519165039,5405000,1.12,0.0
2018-02-16 00:00:00-05:00,78.15392448453495,78.56434839313341,77.36090777406724,78.00784301757812,5950400,0.0,0.0
2018-02-20 00:00:00-05:00,78.10523475359268,78.43913905786245,76.92266740262714,77.20092010498047,6810900,0.0,0.0
2018-02-21 00:00:00-05:00,77.31222052258032,77.95219804380113,75.86531066894531,75.86531066894531,6892300,0.0,0.0
2018-02-22 00:00:00-05:00,76.20619183286684,77.52093078347647,75.75403172704392,76.44270324707031,8176700,0.0,0.0
2018-02-23 00:00:00-05:00,76.83919650197731,78.42523014020578,76.69311501500671,78.32088470458984,6460200,0.0,0.0
2018-02-26 00:00:00-05:00,78.73132388496262,79.76085757758837,78.50176494368905,79.7191162109375,7405800,0.0,0.0
2018-02-27 00:00:00-05:00,79.90692793079326,80.72777059719427,79.03043365478516,79.03043365478516,6059700,0.0,0.0
2018-02-28 00:00:00-05:00,80.01126190977561,80.31734043183944,77.82698681940731,77.85481262207031,7441000,0.0,0.0
2018-03-01 00:00:00-05:00,77.58349830751762,79.23214087983683,77.19394778196488,77.93827056884766,7516700,0.0,0.0
2018-03-02 00:00:00-05:00,77.56263890808084,78.03566687335199,76.40093967081572,77.66002655029297,6607300,0.0,0.0
2018-03-05 00:00:00-05:00,77.49308303134934,78.83564741062158,77.22874057593864,78.71043395996094,7814900,0.0,0.0
2018-03-06 00:00:00-05:00,79.1973817709599,80.35908123793732,78.62000827279884,79.05825805664062,7957900,0.0,0.0
2018-03-07 00:00:00-05:00,78.57129738272603,80.05299062394681,78.34869630380845,79.1904067993164,6660000,0.0,0.0
2018-03-08 00:00:00-05:00,79.71909232820039,79.82343775272159,78.32783415386102,78.84955596923828,6095100,0.0,0.0
2018-03-09 00:00:00-05:00,79.51735063430827,81.65988926421899,79.46865681577522,81.54163360595703,8833300,0.0,0.0
2018-03-12 00:00:00-04:00,81.73640386574277,82.32768742800683,81.08251093650392,81.24250793457031,6877000,0.0,0.0
2018-03-13 00:00:00-04:00,81.5486073869197,82.20945295488488,80.69298119936624,81.01296997070312,6793100,0.0,0.0
2018-03-14 00:00:00-04:00,81.3747020138292,81.70164326313356,79.89996627420685,80.08778381347656,5051000,0.0,0.0
2018-03-15 00:00:00-04:00,80.24777099513,80.83905465096034,79.82343683227121,80.40081024169922,4519700,0.0,0.0
2018-03-16 00:00:00-04:00,80.27559661865234,80.82514422683862,79.69126543369366,80.27559661865234,14909400,0.0,0.0
2018-03-19 00:00:00-04:00,80.04603937896984,80.15734258112464,78.75912662062042,79.2251968383789,4803500,0.0,0.0
2018-03-20 00:00:00-04:00,79.68429681435167,80.48426584569904,79.60777720674368,79.6495132446289,4587200,0.0,0.0
2018-03-21 00:00:00-04:00,79.98344091057002,82.16075820975156,79.85822745298977,81.41643524169922,6829600,0.0,0.0
2018-03-22 00:00:00-04:00,80.37994326650623,80.51210918435214,78.93999126618368,79.09302520751953,6297200,0.0,0.0
2018-03-23 00:00:00-04:00,79.55911009599457,80.53298668836396,78.39740534841782,78.5921859741211,6227200,0.0,0.0
2018-03-26 00:00:00-04:00,79.46868816495139,80.407786639822,78.78001665767697,80.24083709716797,6868700,0.0,0.0
2018-03-27 00:00:00-04:00,80.51905919640772,81.29120783444614,79.28779816417872,79.76082611083984,5530800,0.0,0.0
2018-03-28 00:00:00-04:00,79.94865018103994,80.17820905061305,77.95219281572331,77.98001861572266,6985300,0.0,0.0
2018-03-29 00:00:00-04:00,78.11220064140342,79.60084665025376,78.10524286363419,79.32955169677734,6627800,0.0,0.0
2018-04-02 00:00:00-04:00,79.22521238380492,79.57302699794305,76.89485553052542,78.07742309570312,6228600,0.0,0.0
2018-04-03 00:00:00-04:00,78.2721900310662,79.98344241935337,77.97306928271689,79.87909698486328,6717300,0.0,0.0
2018-04-04 00:00:00-04:00,78.64088537989686,79.85127873568756,78.20959335324511,79.63563537597656,5727200,0.0,0.0
2018-04-05 00:00:00-04:00,79.91387094344742,82.00771606884035,79.78865749026578,81.59033966064453,7204900,0.0,0.0
2018-04-06 00:00:00-04:00,80.95732206402467,81.39557184408524,78.87739230168893,79.83040618896484,7094500,0.0,0.0
2018-04-09 00:00:00-04:00,80.20602632500349,81.50684916652104,79.91385810968109,80.6790542602539,6933800,0.0,0.0
2018-04-10 00:00:00-04:00,81.80599297870337,83.35724843216275,81.80599297870337,82.67552947998047,7612800,0.0,0.0
2018-04-11 00:00:00-04:00,82.564230478808,83.04421101226734,81.91033734015699,82.95378112792969,6246800,0.0,0.0
2018-04-12 00:00:00-04:00,83.2737794493446,83.94158291307646,82.53641411991299,82.93988037109375,6702000,0.0,0.0
2018-04-13 00:00:00-04:00,83.1415548425906,84.0250064225339,82.93286937939209,83.41980743408203,5508100,0.0,0.0
2018-04-16 00:00:00-04:00,83.89289387982906,84.66504283993665,83.31552027772511,83.96245574951172,4598000,0.0,0.0
2018-04-17 00:00:00-04:00,84.1293717569279,84.86673678808518,83.86502934407679,84.49109649658203,6488300,0.0,0.0
2018-04-18 00:00:00-04:00,85.18674876105912,86.87712788104847,85.14501270856513,86.13280487060547,9132500,0.0,0.0
2018-04-19 00:00:00-04:00,86.2371318187446,86.95362887148913,85.70845226918202,86.05626678466797,7159400,0.0,0.0
2018-04-20 00:00:00-04:00,85.8267204201012,85.88237202441209,84.49111376001423,85.0823974609375,7561200,0.0,0.0
2018-04-23 00:00:00-04:00,84.86676304143049,85.98672648647364,84.72763932327082,85.96585845947266,6113100,0.0,0.0
2018-04-24 00:00:00-04:00,86.50845377248731,86.98148187378084,84.69286100923054,85.2424087524414,7980500,0.0,0.0
2018-04-25 00:00:00-04:00,85.10326465242541,85.49282057155811,84.25460157752518,85.36760711669922,5331100,0.0,0.0
2018-04-26 00:00:00-04:00,85.33281411162514,86.46669285738429,85.07543476028866,86.41104125976562,6268400,0.0,0.0
2018-04-27 00:00:00-04:00,87.30145983417907,88.37968715821006,86.73104413360747,88.08056640625,8836600,0.0,0.0
2018-04-30 00:00:00-04:00,88.35881559225571,88.97097266370655,86.9884305737338,87.03016662597656,7631600,0.0,0.0
2018-05-01 00:00:00-04:00,86.2788886981573,86.89799826065553,85.6180430820348,86.85626220703125,7093700,0.0,0.0
2018-05-02 00:00:00-04:00,86.39714000034648,87.97622117384218,86.32062036776848,87.29450225830078,5909100,0.0,0.0
2018-05-03 00:00:00-04:00,86.66843726892307,87.73275437583668,86.13976291161912,87.65623474121094,6727700,0.0,0.0
2018-05-04 00:00:00-04:00,87.09974076354717,88.23361456960174,86.7519261265357,87.32234191894531,5403100,0.0,0.0
2018-05-07 00:00:00-04:00,88.0596717157389,89.3187584953184,86.56407362590322,86.9118881225586,6999700,0.0,0.0
2018-05-08 00:00:00-04:00,86.90495258026168,88.17099745970155,86.00063253470633,88.04578399658203,8937000,0.0,0.0
2018-05-09 00:00:00-04:00,89.33269097550678,90.72394922576751,89.10313209047878,89.5413818359375,11442700,0.0,0.0
2018-05-10 00:00:00-04:00,90.21612521987355,90.27872928137118,89.31180541190233,89.61093139648438,5446000,0.0,0.0
2018-05-11 00:00:00-04:00,90.00745697561726,90.96046553229651,89.40226300043655,90.32048797607422,8092300,0.0,0.0
2018-05-14 00:00:00-04:00,90.60570681522191,91.18308034735733,90.29267578596911,90.70309448242188,6212400,0.0,0.0
2018-05-15 00:00:00-04:00,90.5987377063588,90.61960573017942,89.9100610769054,90.25092315673828,5201700,0.0,0.0
2018-05-16 00:00:00-04:00,89.93789430764298,90.23702038219727,89.24922819511741,90.12571716308594,5405100,0.0,0.0
2018-05-17 00:00:00-04:00,90.35025082202854,90.91863280666516,90.08361398368616,90.84144592285156,5241600,1.12,0.0
2018-05-18 00:00:00-04:00,90.46251443907406,90.62390128455138,89.67661949725523,89.71871948242188,6385800,0.0,0.0
2018-05-21 00:00:00-04:00,90.37130536044482,90.80636359427467,90.00643162499695,90.77828979492188,5081200,0.0,0.0
2018-05-22 00:00:00-04:00,90.58180591281327,91.4940115636072,89.88713470815219,89.97834777832031,5444200,0.0,0.0
2018-05-23 00:00:00-04:00,89.17842178068813,90.3713012302489,88.79951116288103,90.30815124511719,6017200,0.0,0.0
2018-05-24 00:00:00-04:00,89.39595352055024,89.39595352055024,88.30832401417612,88.84161376953125,5906200,0.0,0.0
2018-05-25 00:00:00-04:00,87.3891177843135,87.5434915794587,85.05949001619048,85.7401351928711,8936600,0.0,0.0
2018-05-29 00:00:00-04:00,84.9752645188371,85.90852016564506,84.24550106705922,85.17875671386719,7385700,0.0,0.0
2018-05-30 00:00:00-04:00,86.06287915729615,88.1819953653202,85.84535010144579,87.82413482666016,7125300,0.0,0.0
2018-05-31 00:00:00-04:00,87.06632173045263,87.58557456036901,86.63126887897721,87.22069549560547,7460700,0.0,0.0
2018-06-01 00:00:00-04:00,88.05570955844067,88.09781490145957,86.6102194811554,86.9049301147461,5749900,0.0,0.0
2018-06-04 00:00:00-04:00,87.38206006464614,87.99955496772878,85.72605976666311,85.78921508789062,5760500,0.0,0.0
2018-06-05 00:00:00-04:00,85.61381253281591,86.80669194831383,85.29103345984011,86.11903381347656,5672600,0.0,0.0
2018-06-06 00:00:00-04:00,86.39272025685031,86.79268633127282,85.64891965878523,86.57515716552734,6213400,0.0,0.0
2018-06-07 00:00:00-04:00,87.3890957388944,89.80292824639521,87.29787731636972,89.08719635009766,8607200,0.0,0.0
2018-06-08 00:00:00-04:00,89.19947338714914,89.38191023888166,88.18903083936449,88.72232055664062,5108800,0.0,0.0
2018-06-11 00:00:00-04:00,88.95388472056302,89.9502958228186,88.31534496877772,89.50822448730469,6085100,0.0,0.0
2018-06-12 00:00:00-04:00,89.56435712783963,90.08361532733225,88.6451383113594,89.1714096069336,4543000,0.0,0.0
2018-06-13 00:00:00-04:00,88.98195596418134,89.69066953046196,88.47673462400144,89.16439819335938,6317900,0.0,0.0
2018-06-14 00:00:00-04:00,89.38190215874802,89.78888652075965,88.68020719811048,88.77143096923828,5056800,0.0,0.0
2018-06-15 00:00:00-04:00,89.18545453805021,89.199491439337,86.89792679764722,87.03826904296875,13223800,0.0,0.0
2018-06-18 00:00:00-04:00,87.25577683136932,89.10123820600582,87.08035307201654,88.39252471923828,7696800,0.0,0.0
2018-06-19 00:00:00-04:00,87.23471349426016,88.33637432035627,86.92596601189955,88.09078216552734,5947800,0.0,0.0
2018-06-20 00:00:00-04:00,88.49777526086983,88.736348991007,87.22069057596825,87.91536712646484,7980700,0.0,0.0
2018-06-21 00:00:00-04:00,87.36103016059879,87.4241801428382,85.71906638027627,86.02079010009766,7290800,0.0,0.0
2018-06-22 00:00:00-04:00,87.99958784408665,88.81355140200753,87.5855849381673,87.78205871582031,8535200,0.0,0.0
2018-06-25 00:00:00-04:00,87.31192841370407,87.45928375393915,85.55769052494003,86.03484344482422,5801900,0.0,0.0
2018-06-26 00:00:00-04:00,86.32953302406969,87.43821238362017,86.00675397385396,87.12245178222656,4592800,0.0,0.0
2018-06-27 00:00:00-04:00,87.81713451099183,89.40997988145267,87.75397917415415,88.41357421875,6339500,0.0,0.0
2018-06-28 00:00:00-04:00,88.7924927719898,89.01703497512038,87.7118817464525,88.17500305175781,3814800,0.0,0.0
2018-06-29 00:00:00-04:00,88.23113782493725,89.6275148881051,88.23113782493725,88.7153091430664,5669700,0.0,0.0
2018-07-02 00:00:00-04:00,87.90836063072167,87.91537908065298,86.70144421095685,87.18561553955078,5073500,0.0,0.0
2018-07-03 00:00:00-04:00,88.03467250871083,88.8977598951483,87.39613270870383,87.5224380493164,3919600,0.0,0.0
2018-07-05 00:00:00-04:00,88.49076331663719,88.589000195504,86.88388100730367,86.99615478515625,5926900,0.0,0.0
2018-07-06 00:00:00-04:00,86.6733608848855,87.37505585930607,86.44180561199265,87.10841369628906,4020000,0.0,0.0
2018-07-09 00:00:00-04:00,87.71187859628101,88.61004737654561,87.49435485048485,88.40655517578125,4602200,0.0,0.0
2018-07-10 00:00:00-04:00,89.34680666250355,90.17480144731542,88.93982236408267,89.52924346923828,5092100,0.0,0.0
2018-07-11 00:00:00-04:00,88.57495306744202,88.89071364346243,86.28742610445939,86.67335510253906,6631800,0.0,0.0
2018-07-12 00:00:00-04:00,87.31895519549097,87.67681590441633,86.722509973596,87.1926498413086,3745200,0.0,0.0
2018-07-13 00:00:00-04:00,87.15053748571673,87.62769041279141,86.75057145519156,87.03826904296875,3352800,0.0,0.0
2018-07-16 00:00:00-04:00,86.31549884485496,86.92597003604689,85.52258011090466,86.29444885253906,4317800,0.0,0.0
2018-07-17 00:00:00-04:00,85.85940074574755,86.28041667562195,85.4664532583325,85.54364013671875,4135200,0.0,0.0
2018-07-18 00:00:00-04:00,85.07352343827087,85.37525258447178,83.97186220279488,85.27701568603516,6061300,0.0,0.0
2018-07-19 00:00:00-04:00,84.97526294824053,85.70502638653018,84.91211296828186,85.37522888183594,4471400,0.0,0.0
2018-07-20 00:00:00-04:00,85.08052281102918,85.85238627716986,84.91211750197317,85.79624938964844,5394700,0.0,0.0
2018-07-23 00:00:00-04:00,85.85237658325309,86.35759780688295,85.01736322806651,85.13665008544922,5359400,0.0,0.0
2018-07-24 00:00:00-04:00,85.5155769258138,87.12245921873684,85.50855847639261,86.9049301147461,4423500,0.0,0.0
2018-07-25 00:00:00-04:00,86.74355471451804,87.8732843127347,86.49795713389865,87.6417236328125,4278800,0.0,0.0
2018-07-26 00:00:00-04:00,87.50136125820838,87.978514055442,86.86984006339112,86.97509002685547,5544100,0.0,0.0
2018-07-27 00:00:00-04:00,86.16113428613063,89.14333819512784,85.66293145198975,88.39252471923828,7580900,0.0,0.0
2018-07-30 00:00:00-04:00,88.94687927003199,90.10467734548477,88.56796324423784,89.69769287109375,5729300,0.0,0.0
2018-07-31 00:00:00-04:00,89.81696981129407,90.2029042448554,88.50479809069411,88.60303497314453,5894400,0.0,0.0
2018-08-01 00:00:00-04:00,87.92940540826214,88.35743981901864,87.53645789157096,87.98554229736328,4661000,0.0,0.0
2018-08-02 00:00:00-04:00,87.31894213967232,87.57856590691605,86.5190101339586,86.84178924560547,4639600,0.0,0.0
2018-08-03 00:00:00-04:00,87.11543362568703,87.18560205362016,86.54004395102277,87.0452651977539,5299400,0.0,0.0
2018-08-06 00:00:00-04:00,87.30489547404643,87.66977989231827,86.68740576694339,87.22069549560547,4455900,0.0,0.0
2018-08-07 00:00:00-04:00,88.090814124935,88.20308257065608,87.5364742866306,87.83820343017578,4542000,0.0,0.0
2018-08-08 00:00:00-04:00,87.37507168031664,87.56453235568021,86.53303969994828,86.92598724365234,5957200,0.0,0.0
2018-08-09 00:00:00-04:00,86.98209977044937,87.2697972511467,85.78922057350216,85.97867584228516,5218300,0.0,0.0
2018-08-10 00:00:00-04:00,85.72608380326035,86.67337105922591,85.2559494000527,86.54706573486328,6128000,0.0,0.0
2018-08-13 00:00:00-04:00,86.52601386245671,86.78564295509935,85.78923728091675,85.91554260253906,4360000,0.0,0.0
2018-08-14 00:00:00-04:00,86.25235242877103,86.76459215993245,85.6067942813276,86.01377868652344,3622200,0.0,0.0
2018-08-15 00:00:00-04:00,85.39627320818805,85.4173285536183,82.40003812952635,82.75790405273438,9476700,0.0,0.0
2018-08-16 00:00:00-04:00,83.38132897089686,83.81346714322441,83.01295163628785,83.35299682617188,5455200,1.12,0.0
2018-08-17 00:00:00-04:00,83.70012576780888,84.00474768197387,82.94919418589338,83.45217895507812,6112900,0.0,0.0
2018-08-20 00:00:00-04:00,83.59386131464802,83.82055631557908,83.1192195009541,83.41675567626953,5403600,0.0,0.0
2018-08-21 00:00:00-04:00,83.86304802918625,84.2526825402179,83.44508137629265,83.55134582519531,4875800,0.0,0.0
2018-08-22 00:00:00-04:00,83.97639924967815,84.62814661721343,83.89138660854267,84.24559783935547,3636900,0.0,0.0
2018-08-23 00:00:00-04:00,83.87013126414321,84.17475312599505,83.38131805667915,83.66468811035156,3962500,0.0,0.0
2018-08-24 00:00:00-04:00,84.23142978811948,84.68481972051471,84.10391353183117,84.30935668945312,4415400,0.0,0.0
2018-08-27 00:00:00-04:00,84.5573073644858,85.35074248519231,84.42270536418555,85.2586441040039,3901900,0.0,0.0
2018-08-28 00:00:00-04:00,85.4357376991576,85.95996874548317,84.83357975887141,84.91150665283203,4685700,0.0,0.0
2018-08-29 00:00:00-04:00,85.01069587540542,85.59868781903725,84.9256832337896,85.16654968261719,4101700,0.0,0.0
2018-08-30 00:00:00-04:00,85.06736044277999,85.31530719409974,84.69189744723379,84.87608337402344,3353000,0.0,0.0
2018-08-31 00:00:00-04:00,84.5856423491003,84.5856423491003,83.65760525621445,83.91972351074219,5287000,0.0,0.0
2018-09-04 00:00:00-04:00,84.25267054272719,84.74856402721242,83.84178428139164,84.21016693115234,4590900,0.0,0.0
2018-09-05 00:00:00-04:00,83.63635408997071,84.25976931529527,83.0696193635709,84.24559783935547,4619400,0.0,0.0
2018-09-06 00:00:00-04:00,83.51590847027495,83.95513226281838,81.56774705300191,81.63150787353516,8191100,0.0,0.0
2018-09-07 00:00:00-04:00,81.12855133697154,81.71654337447023,80.32803576875783,81.18522644042969,6637800,0.0,0.0
2018-09-10 00:00:00-04:00,81.77321132615897,81.97865450460046,81.02936552162376,81.10021209716797,5870900,0.0,0.0
2018-09-11 00:00:00-04:00,81.00101485995985,81.9928073038442,80.590133974425,81.48274230957031,5605300,0.0,0.0
2018-09-12 00:00:00-04:00,82.47454058830763,83.23255239597142,82.00698458036757,82.02823638916016,5067800,0.0,0.0
2018-09-13 00:00:00-04:00,82.18409083525859,82.54538239722294,81.52525773337112,82.38953399658203,6297700,0.0,0.0
2018-09-14 00:00:00-04:00,82.4816257757966,83.31756448001137,82.4249506828383,83.15462493896484,4947800,0.0,0.0
2018-09-17 00:00:00-04:00,83.31755288487892,84.07556458199369,83.08377221258645,83.24671173095703,5560200,0.0,0.0
2018-09-18 00:00:00-04:00,83.94805420725952,84.23142424757572,83.57967693823225,83.6859359741211,4966300,0.0,0.0
2018-09-19 00:00:00-04:00,83.82762034708952,85.03902195132261,83.67885229795567,84.66355895996094,4855300,0.0,0.0
2018-09-20 00:00:00-04:00,85.14530373142314,85.9458192269183,84.38020611874546,84.59981536865234,5846700,0.0,0.0
2018-09-21 00:00:00-04:00,84.94693221864961,85.90330137363348,84.59272102014936,85.81120300292969,13703600,0.0,0.0
2018-09-24 00:00:00-04:00,86.36380373318025,87.12181571630254,86.12293723316353,86.86678314208984,6534100,0.0,0.0
2018-09-25 00:00:00-04:00,87.49017189049614,88.01440298604105,87.09345705114694,87.39807891845703,5396400,0.0,0.0
2018-09-26 00:00:00-04:00,87.12886500946311,87.43348684208716,86.24333705472273,86.39210510253906,4231400,0.0,0.0
2018-09-27 00:00:00-04:00,86.54088120752098,87.1359534170243,86.22208789114374,86.76049041748047,4533400,0.0,0.0
2018-09-28 00:00:00-04:00,86.42044948881247,87.28472570584958,86.25751535894528,86.62589263916016,5202900,0.0,0.0
2018-10-01 00:00:00-04:00,87.21388664934173,88.46779198467425,87.21388664934173,88.12066650390625,5348200,0.0,0.0
2018-10-02 00:00:00-04:00,88.60237960142169,89.09119273317637,88.07106285989126,88.36859893798828,5445400,0.0,0.0
2018-10-03 00:00:00-04:00,88.64488366752667,89.14786287018472,88.39693693450276,88.77239990234375,4479500,0.0,0.0
2018-10-04 00:00:00-04:00,88.40403498335978,88.97076967994019,87.97898260971593,88.51737976074219,4824300,0.0,0.0
2018-10-05 00:00:00-04:00,88.50321289860517,89.19038350885161,88.3686109096357,88.78658294677734,4318000,0.0,0.0
2018-10-08 00:00:00-04:00,87.87979658323498,88.87866930786079,87.72394279808523,88.43944549560547,6267700,0.0,0.0
2018-10-09 00:00:00-04:00,88.91410091241694,90.28135642173591,88.60239331293462,89.84213256835938,6797900,0.0,0.0
2018-10-10 00:00:00-04:00,90.13256816283062,90.39468094472106,86.75339089425476,86.85256958007812,6504400,0.0,0.0
2018-10-11 00:00:00-04:00,86.73216560494882,86.73216560494882,83.26798006370973,83.89847564697266,8589900,0.0,0.0
2018-10-12 00:00:00-04:00,84.67774095163652,84.78400540809466,82.30452664663365,83.43091583251953,7450700,0.0,0.0
2018-10-15 00:00:00-04:00,83.38131553638235,84.20308812670989,82.82166658845901,82.8429183959961,6047300,0.0,0.0
2018-10-16 00:00:00-04:00,82.94917023675134,83.3671422331076,82.41785347508679,83.24671173095703,4846100,0.0,0.0
2018-10-17 00:00:00-04:00,83.03419862243507,83.37424379256032,82.19117413772625,83.09087371826172,6978700,0.0,0.0
2018-10-18 00:00:00-04:00,83.18296050559809,83.69302552041403,82.21242523475007,83.2183837890625,7391600,0.0,0.0
2018-10-19 00:00:00-04:00,83.14756353918514,84.48648183740755,83.14756353918514,83.69304656982422,7944400,0.0,0.0
2018-10-22 00:00:00-04:00,83.66468280882548,83.94096710731954,82.51704200118365,83.03418731689453,5644900,0.0,0.0
2018-10-23 00:00:00-04:00,81.97863017207611,81.97863017207611,79.37872160440892,80.33509063720703,8095300,0.0,0.0
2018-10-24 00:00:00-04:00,80.56180551392072,80.88767920704483,77.97606237377875,78.07524108886719,8035200,0.0,0.0
2018-10-25 00:00:00-04:00,78.8899149528104,80.3350972251482,78.23108193755101,79.04576873779297,5734000,0.0,0.0
2018-10-26 00:00:00-04:00,78.37278695336357,79.67628729234535,77.68562160070053,79.01036834716797,8035500,0.0,0.0
2018-10-29 00:00:00-04:00,79.37164341697796,79.39289522342065,76.18374273456284,77.16844940185547,8598300,0.0,0.0
2018-10-30 00:00:00-04:00,77.65728401330458,78.74116967985161,76.6159019713797,78.52864074707031,7523800,0.0,0.0
2018-10-31 00:00:00-04:00,79.13785578200184,79.69751005675819,78.67029986684885,79.09535217285156,7429800,0.0,0.0
2018-11-01 00:00:00-04:00,79.18035471007317,79.336208474188,77.99729081677687,78.75530242919922,10572000,0.0,0.0
2018-11-02 00:00:00-04:00,81.36232047063896,82.9633567833538,80.13675261110969,81.27731323242188,9890400,0.0,0.0
2018-11-05 00:00:00-05:00,82.61622580220353,84.77691097263016,82.60205432688439,84.259765625,8758700,0.0,0.0
2018-11-06 00:00:00-05:00,84.1322742047227,84.60691607616447,83.48760700826993,84.23145294189453,5273200,0.0,0.0
2018-11-07 00:00:00-05:00,85.01068474997875,85.80411975338538,84.31642844639373,85.62701416015625,4848800,0.0,0.0
2018-11-08 00:00:00-05:00,85.47116228299016,86.33543846203187,84.27392671646511,84.55729675292969,9532400,0.0,0.0
2018-11-09 00:00:00-05:00,83.74969345399553,85.27280263060455,83.14753552040605,84.66355895996094,6565700,0.0,0.0
2018-11-12 00:00:00-05:00,85.64829272440458,85.98125220847037,83.00587406976729,83.16172790527344,10550800,0.0,0.0
2018-11-13 00:00:00-05:00,83.0979491305307,83.50883001213043,81.49691300380098,81.71652221679688,6846200,0.0,0.0
2018-11-14 00:00:00-05:00,82.80041254161736,83.4450795540033,81.42607668828151,81.97864532470703,6783500,0.0,0.0
2018-11-15 00:00:00-05:00,81.30621534376998,83.75269694363169,80.63378847009282,83.65969848632812,7218100,1.12,0.0
2018-11-16 00:00:00-05:00,84.05315982281041,85.31931991409125,83.88862783200086,85.16909790039062,6706900,0.0,0.0
2018-11-19 00:00:00-05:00,84.51097090249509,85.46953732261974,84.33928940100132,85.4266128540039,5328300,0.0,0.0
2018-11-20 00:00:00-05:00,85.29784433955338,85.48383580333615,82.29339371613875,83.0516586303711,7983500,0.0,0.0
2018-11-21 00:00:00-05:00,83.4665682295534,85.26208814738042,83.4665682295534,84.10322570800781,5624400,0.0,0.0
2018-11-23 00:00:00-05:00,82.05017748045023,82.42216042710423,80.19743410772341,81.26329803466797,5577800,0.0,0.0
2018-11-26 00:00:00-05:00,81.9786532990961,82.57954679753261,81.56375129513481,82.25048828125,6953000,0.0,0.0
2018-11-27 00:00:00-05:00,81.94287545703692,82.73690984680621,81.70680999896365,82.41500091552734,6339200,0.0,0.0
2018-11-28 00:00:00-05:00,82.25048067929298,84.61111906687638,81.83557871367879,84.51097106933594,6841700,0.0,0.0
2018-11-29 00:00:00-05:00,84.37506259938834,85.64838312542918,84.22484058703874,85.01887512207031,6656900,0.0,0.0
2018-11-30 00:00:00-05:00,84.44658690012959,85.27638531815683,84.19621146538141,85.08324432373047,6712500,0.0,0.0
2018-12-03 00:00:00-05:00,86.39234192566023,87.57981901401897,85.88444687409414,86.32080841064453,8237600,0.0,0.0
2018-12-04 00:00:00-05:00,86.27071979190629,86.62123777647297,83.74554948172721,83.86715698242188,8288100,0.0,0.0
2018-12-06 00:00:00-05:00,82.50801136427822,83.0802903913429,80.85556372367347,82.91576385498047,10715700,0.0,0.0
2018-12-07 00:00:00-05:00,84.1175362257288,85.62691677088633,82.4007101366374,82.61531066894531,9114400,0.0,0.0
2018-12-10 00:00:00-05:00,82.47938776391871,82.95151323888942,79.8826785497827,82.22186279296875,7674300,0.0,0.0
2018-12-11 00:00:00-05:00,83.16610651844276,83.42363145012236,81.51365396388944,82.60098266601562,5929400,0.0,0.0
2018-12-12 00:00:00-05:00,83.77416935623368,84.21053084690625,82.67253587631089,82.70830535888672,7891400,0.0,0.0
2018-12-13 00:00:00-05:00,82.37207855771942,83.20903192122495,81.77118518503059,82.93720245361328,7030500,0.0,0.0
2018-12-14 00:00:00-05:00,82.27195744200056,82.84423105403394,81.05586578332147,81.42784881591797,6195400,0.0,0.0
2018-12-17 00:00:00-05:00,81.14884736915864,82.24332581365877,80.01859944363102,80.4406509399414,7132400,0.0,0.0
2018-12-18 00:00:00-05:00,80.56941704439417,81.00577853574863,77.9369435778088,78.50206756591797,9658600,0.0,0.0
2018-12-19 00:00:00-05:00,78.62369393054335,80.11160969835086,76.61356764101258,77.13577270507812,10472400,0.0,0.0
2018-12-20 00:00:00-05:00,76.40610976174752,77.30744731180268,74.53190660591227,75.09703063964844,11612800,0.0,0.0
2018-12-21 00:00:00-05:00,74.12413693409822,76.49908487346634,73.61624204927328,74.54618835449219,19912800,0.0,0.0
2018-12-24 00:00:00-05:00,73.8952509792179,74.50329404525401,72.18557431396398,72.2427978515625,5619500,0.0,0.0
2018-12-26 00:00:00-05:00,72.85797479435315,76.82099151611328,71.69196300659091,76.82099151611328,10779400,0.0,0.0
2018-12-27 00:00:00-05:00,75.44751900647137,78.20875410691549,75.0254621654698,78.20159912109375,10655100,0.0,0.0
2018-12-28 00:00:00-05:00,78.4376894397924,78.94558444130098,77.34321094071618,77.72234344482422,6445400,0.0,0.0
2018-12-31 00:00:00-05:00,78.08001185711954,78.85973632617086,77.15721492288232,77.8224868774414,6309600,0.0,0.0
2019-01-02 00:00:00-05:00,76.78523485582167,79.88983924628738,76.61355334880513,79.18164825439453,6384800,0.0,0.0
2019-01-03 00:00:00-05:00,79.4463097676958,79.61084171749091,77.30742716629418,77.66510009765625,6496200,0.0,0.0
2019-01-04 00:00:00-05:00,78.88836304435121,79.39625809474134,78.30893447911097,79.27465057373047,7952500,0.0,0.0
2019-01-07 00:00:00-05:00,79.44633000661203,80.78402907544054,78.63083595197222,80.30474853515625,5712700,0.0,0.0
2019-01-08 00:00:00-05:00,81.12021019578737,81.39919460530072,79.8826596308357,79.95419311523438,5674900,0.0,0.0
2019-01-09 00:00:00-05:00,80.61232523629003,81.54942654931037,80.44063830351624,81.0272216796875,7097000,0.0,0.0
2019-01-10 00:00:00-05:00,80.4835691622405,81.28475308157228,79.91129025615541,81.15599060058594,6078300,0.0,0.0
2019-01-11 00:00:00-05:00,80.83409388873571,80.8698633699792,79.88268244728735,80.50503540039062,4491700,0.0,0.0
2019-01-14 00:00:00-05:00,79.64659924448725,80.36194504890759,79.46061326484981,79.9184341430664,6121700,0.0,0.0
2019-01-15 00:00:00-05:00,80.10444946727426,80.88417400692947,79.76823596571394,80.20459747314453,4226100,0.0,0.0
2019-01-16 00:00:00-05:00,79.7109965528411,80.34765398877401,79.56077456367609,79.68953704833984,5624100,0.0,0.0
2019-01-17 00:00:00-05:00,79.22455815645043,80.32619149363492,78.80965622601937,80.09012603759766,4442700,0.0,0.0
2019-01-18 00:00:00-05:00,81.54226727242323,82.01439812622691,80.87699545148058,81.81410217285156,9382000,0.0,0.0
2019-01-22 00:00:00-05:00,80.91993578990967,81.15599580547742,80.08297688099255,80.3619613647461,7242000,0.0,0.0
2019-01-23 00:00:00-05:00,80.39058699518958,80.59803800424962,78.98850939453366,79.6823959350586,6082300,0.0,0.0
2019-01-24 00:00:00-05:00,79.42486082677824,81.42067670409646,79.33902280473652,81.19892120361328,8470700,0.0,0.0
2019-01-25 00:00:00-05:00,81.59237369468923,82.10742375533877,80.82695359279546,80.99148559570312,6261800,0.0,0.0
2019-01-28 00:00:00-05:00,80.05435519850803,80.52648061271218,79.45346185774613,80.24034118652344,6886600,0.0,0.0
2019-01-29 00:00:00-05:00,80.85555964609492,81.08447015384529,79.95422213410292,79.99714660644531,5359900,0.0,0.0
2019-01-30 00:00:00-05:00,80.49788669727556,81.29907620383392,80.1044496611635,80.84125518798828,7941700,0.0,0.0
2019-01-31 00:00:00-05:00,81.4063916960895,82.55809940085655,81.10594217396839,82.01443481445312,11225600,0.0,0.0
2019-02-01 00:00:00-05:00,83.44511813734643,85.30501678279842,83.40934865164922,84.6755142211914,10934300,0.0,0.0
2019-02-04 00:00:00-05:00,84.05315924414833,85.66268782541925,83.20189571471477,85.65553283691406,7987900,0.0,0.0
2019-02-05 00:00:00-05:00,85.56969146156193,85.7413729753778,84.90441945566135,85.46954345703125,6887400,0.0,0.0
2019-02-06 00:00:00-05:00,85.12616482560243,85.5482163004409,84.90440933595212,85.04032135009766,4990400,0.0,0.0
2019-02-07 00:00:00-05:00,84.41798616004135,84.77565917348045,83.34496711972403,84.57536315917969,7281900,0.0,0.0
2019-02-08 00:00:00-05:00,84.2248269597217,84.33212993908359,82.92289760568282,84.1103744506836,5671000,0.0,0.0
2019-02-11 00:00:00-05:00,83.64539397009615,83.95299291681486,83.25910653996179,83.65969848632812,4859600,0.0,0.0
2019-02-12 00:00:00-05:00,84.64687310773446,85.03316050963923,84.13182323852813,84.92585754394531,5400700,0.0,0.0
2019-02-13 00:00:00-05:00,85.2406464749823,86.1205191483182,84.9115824562864,85.533935546875,5935900,0.0,0.0
2019-02-14 00:00:00-05:00,85.52670922483854,86.36484930332082,85.01370860104369,85.3749771118164,5406500,1.19,0.0
2019-02-15 00:00:00-05:00,86.42985211788192,86.60325940259962,85.68563459957717,86.2347640991211,6209800,0.0,0.0
2019-02-19 00:00:00-05:00,85.90963433394984,86.60326906270988,85.59171634940694,86.20587158203125,4277800,0.0,0.0
2019-02-20 00:00:00-05:00,86.2058690316762,87.22464862699294,85.98188437420316,86.90673065185547,5940600,0.0,0.0
2019-02-21 00:00:00-05:00,86.75500549802312,86.9356397233053,85.54114328362613,86.08304595947266,5139400,0.0,0.0
2019-02-22 00:00:00-05:00,86.90671384152094,87.03677066869136,85.87348613469966,86.26365661621094,4517600,0.0,0.0
2019-02-25 00:00:00-05:00,86.27812327781861,87.00788148817163,86.24922114386625,86.42985534667969,5196600,0.0,0.0
2019-02-26 00:00:00-05:00,86.56713845858863,87.40528385276728,86.47321065235221,86.66107177734375,5445600,0.0,0.0
2019-02-27 00:00:00-05:00,86.91397728828586,87.63651429574104,86.62496138279981,86.76224517822266,5289800,0.0,0.0
2019-02-28 00:00:00-05:00,86.70443465728017,86.8200432161659,85.61340231100394,86.40097045898438,6406500,0.0,0.0
2019-03-01 00:00:00-05:00,86.98619801979025,88.17838474784666,86.82723905438034,88.17115783691406,7743600,0.0,0.0
2019-03-04 00:00:00-05:00,88.63359036870256,88.75642030507362,87.10181583862015,88.23619842529297,7499500,0.0,0.0
2019-03-05 00:00:00-05:00,88.05559505405427,89.12494683487684,87.85328004313611,89.08159637451172,7345200,0.0,0.0
2019-03-06 00:00:00-05:00,88.9948834850566,90.10036424433241,88.36627980528331,89.25499725341797,7599900,0.0,0.0
2019-03-07 00:00:00-05:00,89.1754992476046,89.23330352025788,87.93273494815347,88.10614776611328,7201100,0.0,0.0
2019-03-08 00:00:00-05:00,86.77667979980225,88.09892363780448,86.12639549320123,87.87493896484375,7014100,0.0,0.0
2019-03-11 00:00:00-04:00,88.77811227017347,89.73908217262552,88.69140585631621,89.32001495361328,6088600,0.0,0.0
2019-03-12 00:00:00-04:00,89.47895239419769,90.2881955741583,89.14658613613838,89.52230834960938,6184300,0.0,0.0
2019-03-13 00:00:00-04:00,90.02808932861858,90.26652780926567,89.52231574468713,90.07866668701172,4707000,0.0,0.0
2019-03-14 00:00:00-04:00,90.14369997398693,90.64947356972756,89.94139053569067,90.02809143066406,5146400,0.0,0.0
2019-03-15 00:00:00-04:00,90.02086449914225,90.62057141433293,89.84745719671415,90.54109191894531,10449700,0.0,0.0
2019-03-18 00:00:00-04:00,90.46882832277922,91.13356082826732,90.43992619047302,90.95292663574219,5586900,0.0,0.0
2019-03-19 00:00:00-04:00,91.44427081389857,91.7043845460509,90.12925384024805,90.51942443847656,5096800,0.0,0.0
2019-03-20 00:00:00-04:00,90.34601119250175,91.28530581917389,90.08589747741867,90.09312438964844,6708500,0.0,0.0
2019-03-21 00:00:00-04:00,90.22318185624131,91.0107444065179,89.96306813940234,90.93849182128906,5050400,0.0,0.0
2019-03-22 00:00:00-04:00,90.20873162273408,90.24486067304619,88.65527617213846,88.93706512451172,5786800,0.0,0.0
2019-03-25 00:00:00-04:00,88.82145889940426,89.12492306606977,88.37348404919403,88.79255676269531,3837500,0.0,0.0
2019-03-26 00:00:00-04:00,89.42838573717208,90.25208283830446,89.14659679962107,89.6884994506836,4079800,0.0,0.0
2019-03-27 00:00:00-04:00,89.58010395939569,89.94137231531555,88.16392715317431,88.72028350830078,3727800,0.0,0.0
2019-03-28 00:00:00-04:00,88.58301808007191,88.98764247085418,88.40961077689023,88.88648223876953,4057700,0.0,0.0
2019-03-29 00:00:00-04:00,89.79687219845461,89.93415595381295,88.50353067105269,89.00208282470703,5318600,0.0,0.0
2019-04-01 00:00:00-04:00,89.50065127137168,90.51219856073149,89.19718157204446,90.27376556396484,5506300,0.0,0.0
2019-04-02 00:00:00-04:00,90.46160013883464,90.63501293023197,89.6740377165143,90.26651763916016,4362700,0.0,0.0
2019-04-03 00:00:00-04:00,90.47608170961604,90.57000953270828,89.26221936013913,89.51510620117188,3595400,0.0,0.0
2019-04-04 00:00:00-04:00,89.60178744656066,90.19426738443833,89.26942118994812,90.17259216308594,3715400,0.0,0.0
2019-04-05 00:00:00-04:00,90.4977498807794,91.50207576580007,90.46162082951189,91.3431167602539,5551400,0.0,0.0
2019-04-08 00:00:00-04:00,91.59600101723478,92.00784683256555,91.2058359395691,91.53097534179688,5483100,0.0,0.0
2019-04-09 00:00:00-04:00,91.24917801964237,91.24917801964237,90.40381124137973,90.707275390625,4143400,0.0,0.0
2019-04-10 00:00:00-04:00,91.1408002751852,91.45149134956229,90.41103649350529,90.67115020751953,3970000,0.0,0.0
2019-04-11 00:00:00-04:00,90.56277482666947,91.22751298199599,90.13648069025584,91.03242492675781,3248300,0.0,0.0
2019-04-12 00:00:00-04:00,87.84603806220804,88.14950223871378,85.98189152792574,86.53102111816406,42693700,0.0,0.0
2019-04-15 00:00:00-04:00,86.71888135101003,87.44141829299069,86.22033460955656,86.80558776855469,13369100,0.0,0.0
2019-04-16 00:00:00-04:00,87.01512128212565,87.6581786983428,86.74778063787613,87.54979705810547,11942900,0.0,0.0
2019-04-17 00:00:00-04:00,88.29400197374655,88.53966737234121,86.740552136754,86.89950561523438,11898100,0.0,0.0
2019-04-18 00:00:00-04:00,87.08012761919527,87.29689085152914,86.05412674618665,86.60325622558594,9546500,0.0,0.0
2019-04-22 00:00:00-04:00,87.2680194403503,88.15674239075139,87.02958090335002,88.07726287841797,7946200,0.0,0.0
2019-04-23 00:00:00-04:00,87.95440960271648,88.35180154656058,87.67984208285928,88.1639404296875,9079200,0.0,0.0
2019-04-24 00:00:00-04:00,87.67983466490848,87.73763892867417,85.32436328537737,85.4616470336914,22115000,0.0,0.0
2019-04-25 00:00:00-04:00,85.29550018930135,85.76514485755537,84.82585000852717,85.18711853027344,10636400,0.0,0.0
2019-04-26 00:00:00-04:00,85.54837771261728,85.62063030657461,83.56140105993306,84.60907745361328,11626700,0.0,0.0
2019-04-29 00:00:00-04:00,84.54402169386856,85.33881096966945,84.32003156601624,85.05702209472656,9404000,0.0,0.0
2019-04-30 00:00:00-04:00,87.49922659127101,88.09170669041428,86.45155018227413,86.74778747558594,21431500,0.0,0.0
2019-05-01 00:00:00-04:00,86.55992271061353,86.80558261027973,85.08594677505918,85.1220703125,10097000,0.0,0.0
2019-05-02 00:00:00-04:00,84.7391132494284,85.60616069880253,84.01657646454238,84.08882904052734,9495600,0.0,0.0
2019-05-03 00:00:00-04:00,85.03536511856638,85.65674726136855,84.61629241527768,84.73189544677734,7364900,0.0,0.0
2019-05-06 00:00:00-04:00,84.89807847515212,86.58881203026537,84.87640325201251,85.5483627319336,11035000,0.0,0.0
2019-05-07 00:00:00-04:00,84.75356595548018,85.45442199707031,84.17553433017984,85.45442199707031,9165200,0.0,0.0
2019-05-08 00:00:00-04:00,85.52670332715063,85.60618283504154,84.8258415825779,84.8980941772461,6229000,0.0,0.0
2019-05-09 00:00:00-04:00,87.51367739472782,88.38071952997981,86.6032792939496,87.56425476074219,16496300,0.0,0.0
2019-05-10 00:00:00-04:00,87.54979292474833,88.34458239476685,86.58159614604843,88.14227294921875,8787900,0.0,0.0
2019-05-13 00:00:00-04:00,88.08447662764593,88.33736344158515,86.71165540730837,87.02234649658203,7701200,0.0,0.0
2019-05-14 00:00:00-04:00,87.18852735540288,88.33013699291716,87.07292431664602,87.88938903808594,6858500,0.0,0.0
2019-05-15 00:00:00-04:00,87.57146211030157,88.5035352880311,87.33302914450172,88.25064849853516,6945000,0.0,0.0
2019-05-16 00:00:00-04:00,88.279833734811,88.68843912169515,87.94419737302567,88.14120483398438,8543300,1.19,0.0
2019-05-17 00:00:00-04:00,87.60127612453257,88.36740646885269,87.46993965312787,87.9369125366211,6870900,0.0,0.0
2019-05-20 00:00:00-04:00,88.0755277060899,88.44035053921931,87.95148927884702,88.17037963867188,4569700,0.0,0.0
2019-05-21 00:00:00-04:00,88.30902887213259,88.97300921156484,88.21417692368037,88.53521728515625,4859400,0.0,0.0
2019-05-22 00:00:00-04:00,88.21416545735624,88.60817479985619,87.80556008360361,87.97338104248047,5763300,0.0,0.0
2019-05-23 00:00:00-04:00,86.6892202359556,86.73300277163194,85.26641307848351,86.00335693359375,11000200,0.0,0.0
2019-05-24 00:00:00-04:00,86.31707440298528,86.77674911468553,85.64579623816788,86.61622619628906,4890800,0.0,0.0
2019-05-28 00:00:00-04:00,86.74028445004265,87.06133036027204,86.22223663738039,86.32438659667969,8145100,0.0,0.0
2019-05-29 00:00:00-04:00,85.39774448146797,85.63123091310658,84.50757572123462,85.20073699951172,7451300,0.0,0.0
2019-05-30 00:00:00-04:00,85.032907461445,85.17883436944955,83.7998044918142,84.18651580810547,5807900,0.0,0.0
2019-05-31 00:00:00-04:00,83.34014612728163,84.05519591072019,82.97532321869906,83.07017517089844,6899800,0.0,0.0
2019-06-03 00:00:00-04:00,83.69037848068363,84.71188380493584,83.52256304913337,84.63162231445312,6100800,0.0,0.0
2019-06-04 00:00:00-04:00,85.07668517466968,85.86470384509101,84.85049679523115,85.58744049072266,5235600,0.0,0.0
2019-06-05 00:00:00-04:00,86.00335744866697,86.12009788873915,84.83591964740933,85.84283447265625,5105700,0.0,0.0
2019-06-06 00:00:00-04:00,86.2514239975032,88.40388231398195,86.1784605353822,88.05364990234375,7370100,0.0,0.0
2019-06-07 00:00:00-04:00,88.09742539101978,89.10434007839612,87.94420045310495,88.63736724853516,5343100,0.0,0.0
2019-06-10 00:00:00-04:00,89.16269966074503,89.57130502598254,88.80517483707263,89.2283706665039,5708800,0.0,0.0
2019-06-11 00:00:00-04:00,90.01641042667734,90.11126238304837,88.39659575064927,88.41118621826172,5625100,0.0,0.0
2019-06-12 00:00:00-04:00,87.83475011777644,87.98068260240801,87.23644084767473,87.69612121582031,4000100,0.0,0.0
2019-06-13 00:00:00-04:00,88.46224491964682,88.93651574770352,87.89312215268077,88.22146606445312,3993300,0.0,0.0
2019-06-14 00:00:00-04:00,88.28714064610067,88.40388664461754,87.8274658021406,88.14850616455078,3366800,0.0,0.0
2019-06-17 00:00:00-04:00,88.08284729907072,88.90004708274677,87.83476481705762,88.57170867919922,4219100,0.0,0.0
2019-06-18 00:00:00-04:00,88.98030294411319,90.38122710865615,88.91463749425863,89.69535827636719,4884300,0.0,0.0
2019-06-19 00:00:00-04:00,89.38889721857225,90.0966544457977,89.17729929530604,89.6661605834961,3847100,0.0,0.0
2019-06-20 00:00:00-04:00,90.70226262762294,90.9868240286304,90.1842148061285,90.68037414550781,7771700,0.0,0.0
2019-06-21 00:00:00-04:00,91.05978063654744,92.08128010761318,90.6438828328265,91.15463256835938,14287900,0.0,0.0
2019-06-24 00:00:00-04:00,90.87009707897654,91.48299693612267,90.78253757077444,91.14006805419922,5542600,0.0,0.0
2019-06-25 00:00:00-04:00,91.0889744843258,91.28598195794257,90.10395381650821,90.2134017944336,4713300,0.0,0.0
2019-06-26 00:00:00-04:00,90.8919759124015,91.1181643261258,90.38851853552555,90.42500305175781,5054800,0.0,0.0
2019-06-27 00:00:00-04:00,90.41770196276998,90.62200188651505,89.66616771466974,89.82669067382812,3551700,0.0,0.0
2019-06-28 00:00:00-04:00,90.04557734066273,90.82629800686236,89.83397942239772,90.79711151123047,7048300,0.0,0.0
2019-07-01 00:00:00-04:00,91.46838525040215,91.81861206845677,90.73873955157428,91.0889663696289,5526900,0.0,0.0
2019-07-02 00:00:00-04:00,90.87738647455028,91.0014249243349,89.30134887697282,89.69535827636719,5747700,0.0,0.0
2019-07-03 00:00:00-04:00,89.6953582670365,90.01640419986273,89.25757190111797,90.0018081665039,2725800,0.0,0.0
2019-07-05 00:00:00-04:00,89.84858246411191,90.28636882636312,89.48375956777663,90.14044189453125,3458900,0.0,0.0
2019-07-08 00:00:00-04:00,90.22799426044973,90.54173658240887,90.0528752759893,90.18421173095703,3505200,0.0,0.0
2019-07-09 00:00:00-04:00,90.4031155825367,90.57822901555298,89.79750823352563,90.0018081665039,3955600,0.0,0.0
2019-07-10 00:00:00-04:00,90.55633374039702,91.6581003726163,90.55633374039702,91.52676391601562,4743500,0.0,0.0
2019-07-11 00:00:00-04:00,91.70187401485761,91.70187401485761,90.91385530379215,91.51946258544922,3548000,0.0,0.0
2019-07-12 00:00:00-04:00,91.48299204573068,92.11778592106042,91.30058058846126,91.92078399658203,3974400,0.0,0.0
2019-07-15 00:00:00-04:00,91.9791330737079,92.22721550079166,91.40271231577582,91.7310562133789,3739200,0.0,0.0
2019-07-16 00:00:00-04:00,91.57053010042536,91.77482999403243,90.66577104298496,91.03059387207031,4697600,0.0,0.0
2019-07-17 00:00:00-04:00,90.95763543327966,91.41001220355803,90.51984356084203,90.57821655273438,3874200,0.0,0.0
2019-07-18 00:00:00-04:00,90.56364437047355,91.24221522963099,90.00911196906115,90.97224426269531,5770700,0.0,0.0
2019-07-19 00:00:00-04:00,90.97222852387972,91.50487234845153,90.91385553030238,91.23490142822266,4880900,0.0,0.0
2019-07-22 00:00:00-04:00,91.475682551395,91.7529459107516,90.81900031422951,91.43190002441406,3275800,0.0,0.0
2019-07-23 00:00:00-04:00,91.38082789147495,92.09588314235756,91.04519153020516,91.80402374267578,4295300,0.0,0.0
2019-07-24 00:00:00-04:00,91.84051489179394,92.62123564147541,91.68728994840848,92.32937622070312,4796900,0.0,0.0
2019-07-25 00:00:00-04:00,92.66499123223865,92.66499123223865,91.44648441583571,91.66537475585938,4586800,0.0,0.0
2019-07-26 00:00:00-04:00,91.38084112062936,91.38813913753556,89.96533201239603,90.27178192138672,6971700,0.0,0.0
2019-07-29 00:00:00-04:00,90.096656090039,90.94304223179522,90.02368706452556,90.64389038085938,4377500,0.0,0.0
2019-07-30 00:00:00-04:00,90.54903818668355,91.02330904656986,90.02369234599442,90.72415161132812,3871700,0.0,0.0
2019-07-31 00:00:00-04:00,90.26447701996118,90.97953231982433,89.36701584540172,89.82669067382812,7199500,0.0,0.0
2019-08-01 00:00:00-04:00,89.0167902920534,90.29367048066892,87.78368707139997,88.0974349975586,7928400,0.0,0.0
2019-08-02 00:00:00-04:00,88.8562506671268,89.41078294665846,85.9741524368297,88.09012603759766,9026200,0.0,0.0
2019-08-05 00:00:00-04:00,86.96648175638535,87.95880045632795,85.69689409905098,86.63813781738281,8620300,0.0,0.0
2019-08-06 00:00:00-04:00,86.62350891806527,87.21451995259196,85.84278850740232,87.10507202148438,6788000,0.0,0.0
2019-08-07 00:00:00-04:00,85.76985510622194,87.41155794738671,85.33206322850735,86.90080261230469,6853700,0.0,0.0
2019-08-08 00:00:00-04:00,87.18536657181225,89.98720906499453,87.13429159346869,89.91424560546875,8868100,0.0,0.0
2019-08-09 00:00:00-04:00,89.82667658009285,90.39579929744646,88.93650799479431,89.3232192993164,5051700,0.0,0.0
2019-08-12 00:00:00-04:00,89.75371276474316,89.8485646949997,88.22145801651607,88.68843078613281,3936500,0.0,0.0
2019-08-13 00:00:00-04:00,88.29442157447244,89.5275189363124,87.77637383151526,89.30133056640625,5806400,0.0,0.0
2019-08-14 00:00:00-04:00,87.57207676155112,87.98797459878949,85.86470845081101,85.90848541259766,7175600,0.0,0.0
2019-08-15 00:00:00-04:00,85.54365203873637,85.98143830305912,84.2448837089853,85.3320541381836,6272600,0.0,0.0
2019-08-16 00:00:00-04:00,85.80384632391016,85.9881329330148,85.0372133551572,85.36892700195312,6239100,1.19,0.0
2019-08-19 00:00:00-04:00,86.34197617250622,86.85060910814929,86.21666260470438,86.47466278076172,6443700,0.0,0.0
2019-08-20 00:00:00-04:00,86.34195135466071,86.38618396068648,85.25835092668642,85.60480499267578,5150900,0.0,0.0
2019-08-21 00:00:00-04:00,86.82848068625839,87.14545388349791,86.48939399544093,86.89482116699219,4578400,0.0,0.0
2019-08-22 00:00:00-04:00,87.46978704097091,87.52875447370126,86.57783502416929,86.78424072265625,4362100,0.0,0.0
2019-08-23 00:00:00-04:00,85.86282607782384,87.02751326387586,84.2927004465821,84.90453338623047,7653400,0.0,0.0
2019-08-26 00:00:00-04:00,85.45000835277274,85.6711545198146,84.91189463640785,85.31732177734375,3966400,0.0,0.0
2019-08-27 00:00:00-04:00,85.70800757677883,86.26824040322651,84.80132067406092,85.3836669921875,4237100,0.0,0.0
2019-08-28 00:00:00-04:00,85.8112113378162,86.39355201902231,85.4205190389084,86.12081146240234,4153500,0.0,0.0
2019-08-29 00:00:00-04:00,86.3861938838393,86.86533457498389,85.9365341014578,86.62944793701172,4467300,0.0,0.0
2019-08-30 00:00:00-04:00,86.96852271033393,87.7056690083148,86.41566298684828,86.77686309814453,4881100,0.0,0.0
2019-09-03 00:00:00-04:00,85.33945740931335,85.75226331995586,84.44014330251494,85.7080307006836,5672500,0.0,0.0
2019-09-04 00:00:00-04:00,86.59994314421466,87.38131636250039,86.3714239844677,86.4303970336914,4595600,0.0,0.0
2019-09-05 00:00:00-04:00,86.99064167988132,87.77201500529429,86.43778192156529,86.7178955078125,5394300,0.0,0.0
2019-09-06 00:00:00-04:00,86.61471671212198,87.30763624549309,86.53363014443039,87.1749496459961,4578200,0.0,0.0
2019-09-09 00:00:00-04:00,87.5287653786257,88.18482525032145,87.41082487449098,88.0079116821289,5048000,0.0,0.0
2019-09-10 00:00:00-04:00,88.62711547593537,90.88278169409594,88.39122884935635,89.8212890625,8728800,0.0,0.0
2019-09-11 00:00:00-04:00,90.0866541136369,90.65425994850204,88.73030753885837,89.40110778808594,5509500,0.0,0.0
2019-09-12 00:00:00-04:00,88.48706573057888,90.06455877632182,88.13323293924319,89.50432586669922,5818300,0.0,0.0
2019-09-13 00:00:00-04:00,90.1161456166962,90.16774563871586,89.37162619271486,89.56328582763672,4885400,0.0,0.0
2019-09-16 00:00:00-04:00,92.04007738681608,92.34230441224375,90.6468714823316,91.49459075927734,10683900,0.0,0.0
2019-09-17 00:00:00-04:00,91.49461175668357,91.86318495089904,90.34465956642444,91.32506561279297,7246500,0.0,0.0
2019-09-18 00:00:00-04:00,91.07444103476023,91.5609547399803,90.68374871404706,91.5388412475586,4801500,0.0,0.0
2019-09-19 00:00:00-04:00,91.97376022352196,92.12119288812154,90.97861363939458,91.15553283691406,4034500,0.0,0.0
2019-09-20 00:00:00-04:00,91.4061574344467,92.0106172828443,91.1628977624867,91.64204406738281,10420700,0.0,0.0
2019-09-23 00:00:00-04:00,91.0744487260309,92.14330885920518,91.0744487260309,92.06959533691406,4705500,0.0,0.0
2019-09-24 00:00:00-04:00,91.90003147933146,91.93689104537059,90.83117155195893,91.21448516845703,6232100,0.0,0.0
2019-09-25 00:00:00-04:00,91.0228465282106,91.51673330216707,90.60267327478802,91.04496002197266,3762500,0.0,0.0
2019-09-26 00:00:00-04:00,90.86066850416024,91.03758206868842,88.49442919166556,88.57551574707031,7834400,0.0,0.0
2019-09-27 00:00:00-04:00,88.09637359428945,88.64186039121297,87.31499453493295,87.42556762695312,6850700,0.0,0.0
2019-09-30 00:00:00-04:00,87.38134063973749,88.03002748948491,87.2855136261099,87.42556762695312,6108300,0.0,0.0
2019-10-01 00:00:00-04:00,87.91943500476168,88.05949459869254,85.42050954661542,85.51634216308594,7116600,0.0,0.0
2019-10-02 00:00:00-04:00,84.8160629751014,84.85292254468968,82.28028318368409,82.774169921875,9702400,0.0,0.0
2019-10-03 00:00:00-04:00,82.60462667309126,83.43760573356901,81.39570698473261,83.40811920166016,5315300,0.0,0.0
2019-10-04 00:00:00-04:00,83.73984666392228,84.03470640769301,82.96584616350368,83.92413330078125,4757300,0.0,0.0
2019-10-07 00:00:00-04:00,84.00520464683707,84.5875509886519,83.46709091415988,83.48920440673828,4694000,0.0,0.0
2019-10-08 00:00:00-04:00,82.64150128931587,83.11327463778474,82.2729280093257,82.34664154052734,5323900,0.0,0.0
2019-10-09 00:00:00-04:00,82.99530881566928,84.41063414957253,82.78154131305,83.40074157714844,4601700,0.0,0.0
2019-10-10 00:00:00-04:00,83.68823865543565,84.61704479140862,83.5186981151117,84.46961212158203,3555500,0.0,0.0
2019-10-11 00:00:00-04:00,85.28047355373772,86.2682470851063,85.03721387846718,85.61956024169922,5134200,0.0,0.0
2019-10-14 00:00:00-04:00,85.19937591539758,85.79646265524777,85.10354329118833,85.64166259765625,2571300,0.0,0.0
2019-10-15 00:00:00-04:00,85.39843155312569,86.70318417031508,85.36157759791728,85.73751831054688,3742700,0.0,0.0
2019-10-16 00:00:00-04:00,85.6785188015615,85.9954919424685,84.83079941318411,84.85291290283203,3608900,0.0,0.0
2019-10-17 00:00:00-04:00,85.2214829130587,85.55319649348502,84.71285017402377,85.02982330322266,3722400,0.0,0.0
2019-10-18 00:00:00-04:00,84.8750369952224,85.19938321452332,84.5801773071289,84.5801773071289,5679900,0.0,0.0
2019-10-21 00:00:00-04:00,85.17726011789173,86.06183345845078,85.17726011789173,85.95863342285156,3926300,0.0,0.0
2019-10-22 00:00:00-04:00,85.97338796073107,87.39608082627811,85.87018790822351,86.83585357666016,4095000,0.0,0.0
2019-10-23 00:00:00-04:00,86.54097492340725,86.99800202044123,86.08394220239343,86.96852111816406,4148500,0.0,0.0
2019-10-24 00:00:00-04:00,87.32975844822036,87.58038559226802,86.47466569421303,86.67369842529297,3873900,0.0,0.0
2019-10-25 00:00:00-04:00,86.81373231246633,87.6098518041083,86.754764872478,87.47716522216797,3369100,0.0,0.0
2019-10-28 00:00:00-04:00,87.77939916465003,88.0963723578693,86.7179064945239,87.33711242675781,5076300,0.0,0.0
2019-10-29 00:00:00-04:00,86.96116106384339,87.7720209730424,86.7547609732088,87.0791015625,4548400,0.0,0.0
2019-10-30 00:00:00-04:00,87.11596695959282,87.11596695959282,85.15515471943101,85.77436065673828,4690900,0.0,0.0
2019-10-31 00:00:00-04:00,85.4057825246119,85.77435572534853,85.00772279293864,85.6121826171875,7177700,0.0,0.0
2019-11-01 00:00:00-04:00,85.13304150067252,85.96602058426309,84.04943532487383,85.66378784179688,7684700,0.0,0.0
2019-11-04 00:00:00-05:00,86.41566353927878,89.83602193385698,86.26085786661083,89.61487579345703,10348800,0.0,0.0
2019-11-05 00:00:00-05:00,89.36426100553335,90.2635748940085,88.98831476488786,89.88763427734375,6971200,0.0,0.0
2019-11-06 00:00:00-05:00,89.88764487229527,90.03507192083723,88.31015183217433,88.38386535644531,6104700,0.0,0.0
2019-11-07 00:00:00-05:00,89.29055140034458,89.93187086475109,88.69346454919527,89.85078430175781,5440700,0.0,0.0
2019-11-08 00:00:00-05:00,89.17259871276904,89.34213923116644,88.57551194314073,89.14311218261719,4249800,0.0,0.0
2019-11-11 00:00:00-05:00,88.6049896265329,89.48219558870736,88.46493564338145,89.05464935302734,3870800,0.0,0.0
2019-11-12 00:00:00-05:00,89.40849711458823,89.96873001335427,88.81141026626022,89.16523742675781,4503600,0.0,0.0
2019-11-13 00:00:00-05:00,88.79667622712374,90.23411543049275,88.73033573452838,90.1382827758789,5076400,0.0,0.0
2019-11-14 00:00:00-05:00,89.82128771366106,90.62478021411722,89.48957408325904,89.90237426757812,4882800,0.0,0.0
2019-11-15 00:00:00-05:00,90.23735443337107,90.36390273290633,89.41105912328287,89.80559539794922,5589600,1.19,0.0
2019-11-18 00:00:00-05:00,89.19519205994729,89.32918606622249,87.94458322784432,88.24979400634766,4885300,0.0,0.0
2019-11-19 00:00:00-05:00,88.21257364216756,88.43589888517229,86.41110303717178,86.68653106689453,8723000,0.0,0.0
2019-11-20 00:00:00-05:00,86.65674912539214,87.89991215102188,86.44086959792531,87.34904479980469,5903100,0.0,0.0
2019-11-21 00:00:00-05:00,87.55004645233689,88.54755296555393,87.24483567538749,88.41355895996094,5810900,0.0,0.0
2019-11-22 00:00:00-05:00,88.62944556115335,89.10586746798316,88.28701767058175,88.3093490600586,4786800,0.0,0.0
2019-11-25 00:00:00-05:00,88.16045274218537,88.74853716505257,87.82547060431993,88.12322998046875,7390000,0.0,0.0
2019-11-26 00:00:00-05:00,88.09346592669026,88.25723701541418,87.24483908457258,87.68404388427734,10053100,0.0,0.0
2019-11-27 00:00:00-05:00,87.83290953782296,88.2944456522368,87.55748155031772,87.89246368408203,4106100,0.0,0.0
2019-11-29 00:00:00-05:00,87.3043887517699,87.70637076358959,87.00662366752609,87.1927261352539,3271000,0.0,0.0
2019-12-02 00:00:00-05:00,87.82548646838839,87.89248063630434,86.8875283617857,86.94708251953125,5195200,0.0,0.0
2019-12-03 00:00:00-05:00,86.50042619619911,86.87263113797175,86.12822125442649,86.26966094970703,6135800,0.0,0.0
2019-12-04 00:00:00-05:00,86.82796718563793,87.31928042822973,86.67164179373962,87.0512924194336,5706700,0.0,0.0
2019-12-05 00:00:00-05:00,87.55750329428744,87.64682885646312,86.49299680298064,86.59721374511719,5517500,0.0,0.0
2019-12-06 00:00:00-05:00,87.16295502284507,88.8006602585446,87.08107515648723,87.84781646728516,6735300,0.0,0.0
2019-12-09 00:00:00-05:00,86.73862288843812,87.75846630600978,86.67907442387441,87.31926727294922,4736100,0.0,0.0
2019-12-10 00:00:00-05:00,87.862693181373,87.90735595470922,87.13317471303151,87.75847625732422,4886800,0.0,0.0
2019-12-11 00:00:00-05:00,87.16296109501656,87.58728023224994,86.44832820178736,86.52277374267578,7039600,0.0,0.0
2019-12-12 00:00:00-05:00,86.79073814905415,88.50288300605045,86.79073814905415,88.44332885742188,6462000,0.0,0.0
2019-12-13 00:00:00-05:00,88.62200240978122,88.98676167690104,87.76592987399654,87.81059265136719,4863400,0.0,0.0
2019-12-16 00:00:00-05:00,88.480547791817,88.93463821651912,88.29444534495207,88.85275268554688,5619300,0.0,0.0
2019-12-17 00:00:00-05:00,89.02398976633324,89.24731503957848,88.08603724925754,88.28702545166016,6755500,0.0,0.0
2019-12-18 00:00:00-05:00,88.34656524666991,89.0611980536721,88.22745693913787,88.24979400634766,7496700,0.0,0.0
2019-12-19 00:00:00-05:00,88.26466828360029,88.39121658443015,87.73613801596147,87.93712615966797,6220300,0.0,0.0
2019-12-20 00:00:00-05:00,88.88253143527876,89.28451340961765,87.90735073332115,89.0909652709961,12171100,0.0,0.0
2019-12-23 00:00:00-05:00,88.81552795473104,89.62693755835322,88.69642534466475,89.5748291015625,5875000,0.0,0.0
2019-12-24 00:00:00-05:00,89.6492752279937,89.90981753021364,89.39617293483987,89.582275390625,1640100,0.0,0.0
2019-12-26 00:00:00-05:00,89.82793396207317,90.38624134165256,89.5822773520031,89.77582550048828,3648600,0.0,0.0
2019-12-27 00:00:00-05:00,89.9917122368635,90.28947733234654,89.5078446666282,89.5525131225586,4138300,0.0,0.0
2019-12-30 00:00:00-05:00,89.65672644349495,90.32669078210554,89.18774459119163,89.21752166748047,4580200,0.0,0.0
2019-12-31 00:00:00-05:00,88.95696868985426,89.79814969648123,88.77086624489641,89.70882415771484,4215700,0.0,0.0
2020-01-02 00:00:00-05:00,89.9321634365472,90.54257936290365,89.90238635728625,90.3936996459961,5205000,0.0,0.0
2020-01-03 00:00:00-05:00,90.6542248483616,91.35397188018484,89.8800379721605,90.0810317993164,6360900,0.0,0.0
2020-01-06 00:00:00-05:00,90.25224734337766,90.57234380151237,89.57483734277409,89.77582550048828,9953000,0.0,0.0
2020-01-07 00:00:00-05:00,88.59966323028073,89.12819925375688,87.66915086125435,88.62944030761719,7856900,0.0,0.0
2020-01-08 00:00:00-05:00,88.24979549701177,88.65177184323063,87.57982545431902,87.6170425415039,7295900,0.0,0.0
2020-01-09 00:00:00-05:00,87.53515730126472,87.78081393100108,86.48554229691352,87.4756088256836,7345300,0.0,0.0
2020-01-10 00:00:00-05:00,87.48304309973584,87.60959709061571,86.64930770229539,86.67908477783203,6393800,0.0,0.0
2020-01-13 00:00:00-05:00,86.70142528640366,87.02896747237077,86.41110586862267,86.84286499023438,6846700,0.0,0.0
2020-01-14 00:00:00-05:00,86.72374694578222,87.00662064231022,86.1356624866824,86.57486724853516,7189100,0.0,0.0
2020-01-15 00:00:00-05:00,86.5748495573971,86.656735077969,86.09098212112539,86.44829559326172,5808800,0.0,0.0
2020-01-16 00:00:00-05:00,86.76840437733009,87.30438034145736,86.68651884506642,87.0140609741211,7022000,0.0,0.0
2020-01-17 00:00:00-05:00,87.10340100097618,87.31183485712195,85.99422619886292,86.03889465332031,7885900,0.0,0.0
2020-01-21 00:00:00-05:00,85.68156183359359,85.71878459317527,84.24485077643442,84.34906768798828,8470300,0.0,0.0
2020-01-22 00:00:00-05:00,84.19274106647768,84.51283748416644,83.71631928378682,84.04386138916016,5589900,0.0,0.0
2020-01-23 00:00:00-05:00,83.67167958853297,84.48308370862686,83.26969753365626,84.19276428222656,8007800,0.0,0.0
2020-01-24 00:00:00-05:00,83.96198459970498,84.10342428345146,82.88258694894854,83.26223754882812,6920000,0.0,0.0
2020-01-27 00:00:00-05:00,82.07118285956537,82.50294191929663,81.87019470659874,82.17539978027344,7609800,0.0,0.0
2020-01-28 00:00:00-05:00,82.61459412756872,83.09101589922471,82.45826308679193,82.71881103515625,5771900,0.0,0.0
2020-01-29 00:00:00-05:00,82.96445772203305,83.25477704693293,82.01905991417364,82.1604995727539,4772800,0.0,0.0
2020-01-30 00:00:00-05:00,81.74364669598091,83.06125535744383,81.18533928877719,82.92726135253906,8382700,0.0,0.0
2020-01-31 00:00:00-05:00,81.7436459874082,81.88508568008069,79.20521128461192,79.75607299804688,13699600,0.0,0.0
2020-02-03 00:00:00-05:00,79.61462846353194,79.83795368265451,78.46079664312201,79.11587524414062,8785500,0.0,0.0
2020-02-04 00:00:00-05:00,80.15806088004214,80.6493684768197,79.35409679870031,79.54019927978516,9909000,0.0,0.0
2020-02-05 00:00:00-05:00,80.59725566074034,82.36895481989178,80.47815303255857,82.09352111816406,6914100,0.0,0.0
2020-02-06 00:00:00-05:00,82.3540666045,82.3838436825382,81.22256603603334,81.50543975830078,6274000,0.0,0.0
2020-02-07 00:00:00-05:00,81.08857024098077,81.46822087837097,80.74614237016881,81.09601593017578,4830100,0.0,0.0
2020-02-10 00:00:00-05:00,80.79823989177852,81.73619782441698,80.63446882805162,81.72875213623047,6011800,0.0,0.0
2020-02-11 00:00:00-05:00,82.46570833994645,82.90491303051955,81.92973242980764,82.78580474853516,6072700,0.0,0.0
2020-02-12 00:00:00-05:00,83.75353710365236,83.82053125067574,83.08356723644205,83.4036636352539,5725700,0.0,0.0
2020-02-13 00:00:00-05:00,82.90491669252752,83.61954937781361,82.80069978088554,83.12079620361328,5991900,0.0,0.0
2020-02-14 00:00:00-05:00,83.47476462520154,83.57267266698656,82.52584953712677,82.90240478515625,5148700,1.29,0.0
2020-02-18 00:00:00-05:00,82.08902536074739,83.04547294460741,81.96099798458378,83.02288055419922,4975800,0.0,0.0
2020-02-19 00:00:00-05:00,83.2337593717747,83.67056478534256,82.75930188545011,83.39944458007812,5887500,0.0,0.0
2020-02-20 00:00:00-05:00,83.42958430173005,83.64798704677584,82.6162235434445,82.69906616210938,4466600,0.0,0.0
2020-02-21 00:00:00-05:00,82.08149219314845,82.23211770466008,81.07232712201142,82.0965576171875,6443900,0.0,0.0
2020-02-24 00:00:00-05:00,79.61131827843778,80.55270649818912,78.63980494616108,78.85820770263672,9539800,0.0,0.0
2020-02-25 00:00:00-05:00,78.92596553494634,79.01633509799709,75.31103362274428,75.84574127197266,12871900,0.0,0.0
2020-02-26 00:00:00-05:00,75.9587168163788,76.52354962688383,73.80482057265749,73.83494567871094,11990400,0.0,0.0
2020-02-27 00:00:00-05:00,72.26094241009666,73.95544085297229,70.85262960375921,70.8902816772461,15783700,0.0,0.0
2020-02-28 00:00:00-05:00,68.25439020698312,70.37063423652121,67.86277534592412,70.29531860351562,20835100,0.0,0.0
2020-03-02 00:00:00-05:00,70.80742671255904,72.8107028355628,69.44429893064064,72.742919921875,15050800,0.0,0.0
2020-03-03 00:00:00-05:00,72.89355619428846,74.16631460699521,70.31792000920413,71.08609008789062,16525500,0.0,0.0
2020-03-04 00:00:00-05:00,72.57724881330718,74.57298670785356,72.0500681040237,74.20396423339844,14753000,0.0,0.0
2020-03-05 00:00:00-05:00,72.08019541475079,73.34542111167129,71.50030293714306,73.1948013305664,12814400,0.0,0.0
2020-03-06 00:00:00-05:00,70.73212052836564,72.34377616838131,70.35556536488954,71.7864761352539,16861900,0.0,0.0
2020-03-09 00:00:00-04:00,61.92827805370194,66.28125576185829,60.24883913468081,60.753421783447266,30595500,0.0,0.0
2020-03-10 00:00:00-04:00,64.94825525774925,64.99344579998939,61.03208251308554,63.99934005737305,22642900,0.0,0.0
2020-03-11 00:00:00-04:00,61.928276787190995,63.89388983764582,61.566781231634046,62.53076171875,18412800,0.0,0.0
2020-03-12 00:00:00-04:00,58.16272712781636,58.84052198917346,54.8716321355948,57.43220901489258,25768200,0.0,0.0
2020-03-13 00:00:00-04:00,60.233781869804446,62.88472836995266,55.81302105244292,62.82447814941406,23497500,0.0,0.0
2020-03-16 00:00:00-04:00,54.65322755697232,59.111640240241265,52.48427143300346,52.491798400878906,17535300,0.0,0.0
2020-03-17 00:00:00-04:00,53.01898205462393,54.96200858611203,49.32120662270408,53.23738479614258,22684200,0.0,0.0
2020-03-18 00:00:00-04:00,49.86344111336671,49.878506539671875,41.09723612694382,41.4587287902832,24947300,0.0,0.0
2020-03-19 00:00:00-04:00,41.616885909692286,44.049435407998146,38.860501532100166,43.221012115478516,29871000,0.0,0.0
2020-03-20 00:00:00-04:00,44.832665077495484,45.67615086706432,42.44530628161348,44.727230072021484,26960400,0.0,0.0
2020-03-23 00:00:00-04:00,43.876220851773,44.734769320819446,39.89226809193448,40.833656311035156,23764000,0.0,0.0
2020-03-24 00:00:00-04:00,46.301226851619006,50.94791949388741,45.427618906225746,50.11949920654297,29198800,0.0,0.0
2020-03-25 00:00:00-04:00,51.429901015033714,55.08248467447247,50.18726792068693,52.167945861816406,22560100,0.0,0.0
2020-03-26 00:00:00-04:00,52.9436610855643,58.06480813245605,51.128662343562155,57.52256774902344,24129100,0.0,0.0
2020-03-27 00:00:00-04:00,54.31433478374131,55.38375038278675,51.5880725318276,51.79894256591797,20411500,0.0,0.0
2020-03-30 00:00:00-04:00,51.21904689688426,54.924349191141204,50.473463362259864,54.18629837036133,18486800,0.0,0.0
2020-03-31 00:00:00-04:00,55.180418061978344,56.513427208978555,53.327766442863926,54.57040023803711,18514200,0.0,0.0
2020-04-01 00:00:00-04:00,52.348709573144525,54.44235572820995,50.91779855300339,51.63325119018555,14362000,0.0,0.0
2020-04-02 00:00:00-04:00,54.03568316655142,59.26979930736974,52.40143461562284,57.326778411865234,23220600,0.0,0.0
2020-04-03 00:00:00-04:00,58.742604688070415,59.4881822926018,54.99964549567309,56.56611633300781,14905400,0.0,0.0
2020-04-06 00:00:00-04:00,57.989505145641814,60.964289150256874,56.86737217436833,60.54254913330078,17334900,0.0,0.0
2020-04-07 00:00:00-04:00,63.45709599928921,64.53404430624319,60.88898628817684,60.94170379638672,16394800,0.0,0.0
2020-04-08 00:00:00-04:00,61.973454602690026,64.9934288715137,61.393556385502976,64.75243377685547,12284800,0.0,0.0
2020-04-09 00:00:00-04:00,66.83102705095712,67.7121707408484,61.393568086516964,63.494747161865234,17023800,0.0,0.0
2020-04-13 00:00:00-04:00,65.65615981508527,65.79171990641373,62.80940364296344,63.94660186767578,13854700,0.0,0.0
2020-04-14 00:00:00-04:00,64.36081916337966,65.58086017594607,63.50980641283584,63.72067642211914,14797600,0.0,0.0
2020-04-15 00:00:00-04:00,60.59526361229234,62.794344656388425,59.73671819444967,62.12407684326172,13982300,0.0,0.0
2020-04-16 00:00:00-04:00,61.2354119189079,61.898152825410094,59.35263569957582,60.24130630493164,12291900,0.0,0.0
2020-04-17 00:00:00-04:00,61.25048787652479,65.89717900571229,61.24295516153486,65.64865112304688,16130100,0.0,0.0
2020-04-20 00:00:00-04:00,62.252115228413274,65.52061196380726,61.82283673753207,62.937442779541016,15749000,0.0,0.0
2020-04-21 00:00:00-04:00,60.459709395441465,63.10312883192257,59.68400650778761,61.48394012451172,19620600,0.0,0.0
2020-04-22 00:00:00-04:00,63.97673357863584,64.20266902306889,62.485578031864215,63.5926513671875,10320700,0.0,0.0
2020-04-23 00:00:00-04:00,64.99343985901425,66.86115072191832,64.30810653116585,65.3699951171875,14226500,0.0,0.0
2020-04-24 00:00:00-04:00,66.63521816747961,66.86868057892359,64.59428369909587,65.52814483642578,9175500,0.0,0.0
2020-04-27 00:00:00-04:00,65.33233242354936,68.24687197305651,64.66959728704084,67.56153869628906,12037100,0.0,0.0
2020-04-28 00:00:00-04:00,67.44104560078712,68.50292838692494,66.8988051373223,67.71216583251953,10645200,0.0,0.0
2020-04-29 00:00:00-04:00,69.64765952760315,71.65093041110717,69.50456669814682,71.25931549072266,12342800,0.0,0.0
2020-04-30 00:00:00-04:00,70.58150648745536,72.10278694317662,68.2167403286376,69.2861557006836,12222000,0.0,0.0
2020-05-01 00:00:00-04:00,68.91713065937397,69.32381094330815,65.55072643051,67.35819244384766,13250100,0.0,0.0
2020-05-04 00:00:00-04:00,66.84608189233985,68.99997813400822,66.0402539799518,68.86441802978516,11192400,0.0,0.0
2020-05-05 00:00:00-04:00,71.16892903800635,71.77141962446922,69.79826841229061,69.9564208984375,13608700,0.0,0.0
2020-05-06 00:00:00-04:00,69.9263179227034,70.38571584745809,67.6067359002991,67.81761169433594,11145900,0.0,0.0
2020-05-07 00:00:00-04:00,70.02421086562714,70.83756576969604,69.21838292895886,69.76815032958984,9749600,0.0,0.0
2020-05-08 00:00:00-04:00,71.54549698708045,71.96723702540827,70.84510399727058,71.89945983886719,8585900,0.0,0.0
2020-05-11 00:00:00-04:00,70.95053451697069,71.24424713161616,70.17483167594406,70.31792449951172,7101000,0.0,0.0
2020-05-12 00:00:00-04:00,70.13718137173062,70.81498199577268,68.53305801631217,68.60836791992188,8749100,0.0,0.0
2020-05-13 00:00:00-04:00,67.70462396030595,67.77993384876045,65.76159781098853,66.80088806152344,12215100,0.0,0.0
2020-05-14 00:00:00-04:00,65.73902483362443,68.48034695254665,64.7825711558783,67.81761169433594,10678200,0.0,0.0
2020-05-15 00:00:00-04:00,68.26947196903299,69.33135484836635,66.89881100865806,67.1473388671875,10113000,0.0,0.0
2020-05-18 00:00:00-04:00,70.60901425462079,71.37318106293893,69.89069558916013,70.72364044189453,12304300,1.29,0.0
2020-05-19 00:00:00-04:00,70.70834112113795,70.78475662219738,68.4158411085812,68.484619140625,7749300,0.0,0.0
2020-05-20 00:00:00-04:00,69.53919384043704,71.42668717749848,68.91257716211308,71.0675277709961,9160000,0.0,0.0
2020-05-21 00:00:00-04:00,70.89173116158253,71.35023577433351,69.75312458820851,70.33389282226562,8830900,0.0,0.0
2020-05-22 00:00:00-04:00,69.88304152429126,69.9976676939087,68.36999474175452,68.98896789550781,8563100,0.0,0.0
2020-05-26 00:00:00-04:00,70.67778908632769,72.09149656804425,70.32627304109923,71.29676818847656,9430000,0.0,0.0
2020-05-27 00:00:00-04:00,72.35129038004945,72.35893367811133,70.38738254737592,71.75524139404297,7822600,0.0,0.0
2020-05-28 00:00:00-04:00,71.53365771442317,71.75526679564251,69.37870747824053,69.4398422241211,9633300,0.0,0.0
2020-05-29 00:00:00-04:00,68.92019394501496,70.21927495407583,68.20951870755414,70.07408142089844,17010000,0.0,0.0
2020-06-01 00:00:00-04:00,69.49333593568565,71.71705846091058,68.85907604428219,70.90704345703125,7344000,0.0,0.0
2020-06-02 00:00:00-04:00,71.66355324820665,72.76395517804808,71.28911319213036,72.35894775390625,7880300,0.0,0.0
2020-06-03 00:00:00-04:00,73.33709282871283,74.6820281043375,73.16897519049346,74.26173400878906,8440200,0.0,0.0
2020-06-04 00:00:00-04:00,73.95607332683142,74.04013215414871,72.71812665203298,73.57398986816406,6371700,0.0,0.0
2020-06-05 00:00:00-04:00,75.7136168862132,77.98319228407539,75.69069282443725,77.0356216430664,12760100,0.0,0.0
2020-06-08 00:00:00-04:00,78.42644349889103,79.16004299194641,77.08151401002145,78.89258575439453,11090700,0.0,0.0
2020-06-09 00:00:00-04:00,76.95160130613128,78.65569598770598,76.2867798619906,77.58586120605469,10745400,0.0,0.0
2020-06-10 00:00:00-04:00,77.18083924276502,77.56292260535297,74.55210384251853,74.56739044189453,10486300,0.0,0.0
2020-06-11 00:00:00-04:00,70.53260349280943,71.97687839144591,68.10255264539828,68.29359436035156,14944800,0.0,0.0
2020-06-12 00:00:00-04:00,71.54128405349084,71.56420812022843,68.7826419735763,70.60135650634766,9532400,0.0,0.0
2020-06-15 00:00:00-04:00,68.07962799170842,70.36449127642268,67.40716320206805,69.71495056152344,12289500,0.0,0.0
2020-06-16 00:00:00-04:00,72.58818296921763,73.03904429033567,69.91359989620165,71.85458374023438,8726700,0.0,0.0
2020-06-17 00:00:00-04:00,71.70177063530242,71.83167758915802,69.92126063199957,69.95182800292969,6019900,0.0,0.0
2020-06-18 00:00:00-04:00,69.53915080874567,71.24324465206232,68.85139979955673,70.2574691772461,7064100,0.0,0.0
2020-06-19 00:00:00-04:00,72.14498683885942,72.14498683885942,69.19530266949455,69.25643157958984,14838800,0.0,0.0
2020-06-22 00:00:00-04:00,69.01952414703878,70.06643444341522,68.46167998747791,69.9900131225586,5939200,0.0,0.0
2020-06-23 00:00:00-04:00,70.68541146999004,71.1362669717153,69.67671177735318,69.87539672851562,6317700,0.0,0.0
2020-06-24 00:00:00-04:00,68.76736355562169,68.87434643320874,66.37552374938308,66.97157287597656,8974500,0.0,0.0
2020-06-25 00:00:00-04:00,66.71937759886126,68.40054745613976,66.60475728392711,68.17129516601562,7398000,0.0,0.0
2020-06-26 00:00:00-04:00,67.84272131565346,67.88093198418221,65.85588898487791,66.06985473632812,13766000,0.0,0.0
2020-06-29 00:00:00-04:00,66.41371397030747,67.68222734118693,66.17681838847767,66.99447631835938,7022200,0.0,0.0
2020-06-30 00:00:00-04:00,66.17683010021172,68.76735455288392,65.99343173837646,68.18659210205078,8263600,0.0,0.0
2020-07-01 00:00:00-04:00,68.2248204908526,69.36342754929045,66.90281500726086,66.95630645751953,6379400,0.0,0.0
2020-07-02 00:00:00-04:00,68.29359475413553,69.0501183172762,67.3689535480457,67.48357391357422,5832800,0.0,0.0
2020-07-06 00:00:00-04:00,68.39291860046738,68.96604361667241,67.10911833096294,67.68224334716797,6747500,0.0,0.0
2020-07-07 00:00:00-04:00,67.10911638170903,67.30780134732527,65.83295944859078,65.9552230834961,5898000,0.0,0.0
2020-07-08 00:00:00-04:00,66.01636906824601,67.09384704952892,65.6342856700827,65.98580169677734,6736400,0.0,0.0
2020-07-09 00:00:00-04:00,65.69542281511256,65.9628800375802,63.188956564335435,63.2271614074707,8833600,0.0,0.0
2020-07-10 00:00:00-04:00,63.043758375840454,65.27512393972997,63.043758375840454,65.12993621826172,6218100,0.0,0.0
2020-07-13 00:00:00-04:00,65.74890817480505,66.42901611905157,64.80898050268512,65.25984191894531,7074000,0.0,0.0
2020-07-14 00:00:00-04:00,65.25218943669249,67.70516367078075,64.98473227661349,67.51412200927734,7440500,0.0,0.0
2020-07-15 00:00:00-04:00,68.91254874968315,68.9201920486214,67.40713951593703,67.92677307128906,5935200,0.0,0.0
2020-07-16 00:00:00-04:00,67.58290903103821,68.37764314824777,66.7499642443925,67.52177429199219,4795700,0.0,0.0
2020-07-17 00:00:00-04:00,67.55996970129326,68.094883971798,66.4137198386731,66.627685546875,5964000,0.0,0.0
2020-07-20 00:00:00-04:00,66.35259595984024,66.85694295017007,64.80133849167005,65.16049194335938,14974800,0.0,0.0
2020-07-21 00:00:00-04:00,66.0774830347567,70.09700075203338,65.99342424718057,69.8371810913086,15115000,0.0,0.0
2020-07-22 00:00:00-04:00,68.73679552209721,69.7302146102401,67.9344239479475,69.56974029541016,10317500,0.0,0.0
2020-07-23 00:00:00-04:00,69.1570873099976,69.82955191648583,68.79028472364901,69.54681396484375,6586300,0.0,0.0
2020-07-24 00:00:00-04:00,69.90597360064443,70.86881946312388,68.75972352901039,68.87434387207031,6620500,0.0,0.0
2020-07-27 00:00:00-04:00,68.59160780684888,69.6079451341052,67.85800844042792,69.56974029541016,7599700,0.0,0.0
2020-07-28 00:00:00-04:00,69.13415383115998,69.66906812372265,67.83506710187719,68.09488677978516,6787300,0.0,0.0
2020-07-29 00:00:00-04:00,68.3776280981049,68.8361268797738,67.68987701053742,68.82848358154297,6386900,0.0,0.0
2020-07-30 00:00:00-04:00,67.57525480622125,67.62874623670616,65.4890773570527,65.92465209960938,10112800,0.0,0.0
2020-07-31 00:00:00-04:00,63.61688049845376,64.2664210552349,62.287232015967376,64.14415740966797,19119800,0.0,0.0
2020-08-03 00:00:00-04:00,64.17472129688278,65.06115162707184,64.03717105925165,64.80897521972656,11220100,0.0,0.0
2020-08-04 00:00:00-04:00,64.55680263356759,66.26853433627606,64.40396580199513,66.0927734375,9077900,0.0,0.0
2020-08-05 00:00:00-04:00,67.35365643550588,67.57526549116359,66.03165123157524,66.63533782958984,7324200,0.0,0.0
2020-08-06 00:00:00-04:00,66.04691797094097,67.17024378024503,65.79474159943835,66.8416519165039,7035600,0.0,0.0
2020-08-07 00:00:00-04:00,66.3907874010682,66.56654827186068,65.51963800525581,66.32965850830078,7185000,0.0,0.0
2020-08-10 00:00:00-04:00,67.20080577745489,68.59158861360957,66.94098612843545,68.56866455078125,8150200,0.0,0.0
2020-08-11 00:00:00-04:00,70.26512305281268,71.0751436884038,68.14074064066408,68.484619140625,9074300,0.0,0.0
2020-08-12 00:00:00-04:00,69.38635294847563,70.04353691191386,68.35472302740904,69.3252182006836,9057400,0.0,0.0
2020-08-13 00:00:00-04:00,68.67566183804215,69.75313382843204,68.59160303657772,68.637451171875,7314600,0.0,0.0
2020-08-14 00:00:00-04:00,68.01083374041734,69.22585594922803,67.89620757370544,69.0424575805664,6343000,0.0,0.0
2020-08-17 00:00:00-04:00,69.04246232496229,69.98238996043412,68.56103938784514,69.36341094970703,10473800,0.0,0.0
2020-08-18 00:00:00-04:00,68.96805466006349,69.27812914272525,67.68900111544554,67.92930603027344,7981500,1.29,0.0
2020-08-19 00:00:00-04:00,67.67351360929247,68.13862246936795,66.82080713261074,66.96809387207031,9120300,0.0,0.0
2020-08-20 00:00:00-04:00,66.21617910101818,67.3556998946885,65.68130645959555,65.74331665039062,7872300,0.0,0.0
2020-08-21 00:00:00-04:00,65.63479334827386,65.9603690376742,64.7355834564756,65.95262145996094,9003600,0.0,0.0
2020-08-24 00:00:00-04:00,66.35570073110964,67.70451824955815,65.80532120297363,67.59599304199219,8738700,0.0,0.0
2020-08-25 00:00:00-04:00,68.22390461800592,68.24715917780287,66.4797416630624,66.76655578613281,6835800,0.0,0.0
2020-08-26 00:00:00-04:00,66.44097550094953,66.54174722445663,65.62703639374463,65.72005462646484,7486500,0.0,0.0
2020-08-27 00:00:00-04:00,66.01461951453614,66.37895073541785,65.09214939931049,65.8208236694336,7438200,0.0,0.0
2020-08-28 00:00:00-04:00,65.92935015176204,66.45647509725976,65.36346367081802,66.37895202636719,7307900,0.0,0.0
2020-08-31 00:00:00-04:00,66.53400719149087,66.58826980479017,65.01464810492918,65.0611572265625,9437500,0.0,0.0
2020-09-01 00:00:00-04:00,64.54179312188543,64.82860729071706,63.913890336280716,64.40225982666016,8990600,0.0,0.0
2020-09-02 00:00:00-04:00,64.38672543388216,65.0843916130313,64.10765896222252,64.48750305175781,10821900,0.0,0.0
2020-09-03 00:00:00-04:00,64.37900686597717,65.49526734138858,63.34025766139828,63.78211212158203,16179900,0.0,0.0
2020-09-04 00:00:00-04:00,63.9216342957072,64.83635111372463,62.712349860226254,63.51078796386719,10516600,0.0,0.0
2020-09-08 00:00:00-04:00,62.4022696989476,62.464285796312616,60.495319061327386,61.21623992919922,14942500,0.0,0.0
2020-09-09 00:00:00-04:00,61.991428044891116,62.84412874786815,61.76662411074772,62.03793716430664,9269800,0.0,0.0
2020-09-10 00:00:00-04:00,62.50303311440183,62.70458244696043,60.503064510725686,60.58058166503906,11845900,0.0,0.0
2020-09-11 00:00:00-04:00,60.65035786143601,60.99919399919349,59.74339454879233,60.2240104675293,13732400,0.0,0.0
2020-09-14 00:00:00-04:00,60.061200435921045,60.44879205849256,59.62709379699935,59.91391372680664,8182800,0.0,0.0
2020-09-15 00:00:00-04:00,60.12322437512349,60.83639761882059,58.88293208157663,59.18525314331055,11732000,0.0,0.0
2020-09-16 00:00:00-04:00,59.1852597655784,61.61158793531081,58.88293867001762,60.898414611816406,13019000,0.0,0.0
2020-09-17 00:00:00-04:00,60.0999843715767,61.12322650079761,59.20077445883426,61.076717376708984,10515100,0.0,0.0
2020-09-18 00:00:00-04:00,60.371274724857344,61.35576085144252,60.07670719288711,60.6270866394043,14517800,0.0,0.0
2020-09-21 00:00:00-04:00,59.09998460512037,59.4178126586049,57.89070031498099,59.14649963378906,16199100,0.0,0.0
2020-09-22 00:00:00-04:00,59.030218355933684,60.09996934171886,58.41006925699207,58.54960250854492,9155000,0.0,0.0
2020-09-23 00:00:00-04:00,58.59612778025002,58.844192219580314,55.696942658667346,55.77445983886719,16649200,0.0,0.0
2020-09-24 00:00:00-04:00,55.231823140972715,56.61164879387478,54.650435528962475,55.65817642211914,15203500,0.0,0.0
2020-09-25 00:00:00-04:00,55.0457843704376,56.18530511096465,54.859736064185135,55.681434631347656,11070500,0.0,0.0
2020-09-28 00:00:00-04:00,57.084522208808664,57.952730006080536,56.704683884956744,57.309326171875,12863800,0.0,0.0
2020-09-29 00:00:00-04:00,57.36358298006266,57.47210820445802,55.12330298275957,55.73569869995117,10553000,0.0,0.0
2020-09-30 00:00:00-04:00,56.00700540012783,56.50312234507065,55.51088845518502,55.813209533691406,10466500,0.0,0.0
2020-10-01 00:00:00-04:00,55.433385582888256,55.72019975408305,54.28611115556304,54.58843231201172,14930700,0.0,0.0
2020-10-02 00:00:00-04:00,53.42564066287375,55.557395098832274,53.34812350258402,55.18531036376953,9854800,0.0,0.0
2020-10-05 00:00:00-04:00,55.441114492285735,56.37909161628842,54.813217827125285,56.355831146240234,12049800,0.0,0.0
2020-10-06 00:00:00-04:00,57.239542212924555,57.61163286533765,56.00700338553049,56.0457649230957,15294500,0.0,0.0
2020-10-07 00:00:00-04:00,55.944985541963376,57.30155651580835,55.472123186517294,57.193031311035156,15410300,0.0,0.0
2020-10-08 00:00:00-04:00,57.66588824735067,58.56510376145948,57.35581372820351,58.30929183959961,11590900,0.0,0.0
2020-10-09 00:00:00-04:00,58.8054166638231,58.98370554439277,57.34807391501484,57.36357498168945,12260900,0.0,0.0
2020-10-12 00:00:00-04:00,57.07675356183862,58.09999544821105,56.74342445188956,57.75891876220703,9056900,0.0,0.0
2020-10-13 00:00:00-04:00,57.93721103106784,57.93721103106784,56.41785213591808,56.898468017578125,10440300,0.0,0.0
2020-10-14 00:00:00-04:00,56.80543733239751,57.69689940525076,56.518623265901844,56.549625396728516,7057500,0.0,0.0
2020-10-15 00:00:00-04:00,55.67367972928264,57.14652958846404,55.34035058175306,56.983741760253906,10052100,0.0,0.0
2020-10-16 00:00:00-04:00,56.99147616472357,57.386821321389576,56.022496996351656,56.50311279296875,9305600,0.0,0.0
2020-10-19 00:00:00-04:00,56.67365672084652,56.85194558421667,55.18530606808981,55.255069732666016,8357100,0.0,0.0
2020-10-20 00:00:00-04:00,55.74343453363964,56.038002061662574,55.06902292637483,55.56513977050781,7753200,0.0,0.0
2020-10-21 00:00:00-04:00,55.138787821733345,55.487623866766754,54.828719222831765,54.9372444152832,9800600,0.0,0.0
2020-10-22 00:00:00-04:00,54.94500235654233,56.968231691239126,54.704697372802585,56.898468017578125,9810100,0.0,0.0
2020-10-23 00:00:00-04:00,57.30931594284868,57.642645081806016,55.68143178843078,56.25506591796875,8727200,0.0,0.0
2020-10-26 00:00:00-04:00,55.6039117515759,55.72793802882852,54.44888414703237,54.99151611328125,9710900,0.0,0.0
2020-10-27 00:00:00-04:00,54.588413233951094,54.727946481560664,53.867492440331645,53.882999420166016,14251700,0.0,0.0
2020-10-28 00:00:00-04:00,52.47217143667346,52.77449251948838,51.41792143510018,51.844268798828125,15961900,0.0,0.0
2020-10-29 00:00:00-04:00,51.262878268275664,53.59618205635131,50.51095530657177,53.33262252807617,12292200,0.0,0.0
2020-10-30 00:00:00-04:00,54.185322507685335,54.348110316985405,52.77448891290453,53.875247955322266,17191600,0.0,0.0
2020-11-02 00:00:00-05:00,54.80545085366335,56.65039068770534,53.797716224162926,55.92947006225586,11475500,0.0,0.0
2020-11-03 00:00:00-05:00,56.71242890657911,56.820954125755854,55.07679121361141,55.611663818359375,8608000,0.0,0.0
2020-11-04 00:00:00-05:00,54.867488189789526,57.045751972192654,54.177575335273644,55.634918212890625,10925700,0.0,0.0
2020-11-05 00:00:00-05:00,55.735702889371346,56.56514911769967,55.6271776568186,55.92174530029297,10627700,0.0,0.0
2020-11-06 00:00:00-05:00,56.20078933403161,56.797677873685224,54.90623464049901,55.154293060302734,8366900,0.0,0.0
2020-11-09 00:00:00-05:00,62.014688602040316,65.32472000393433,60.665870780916784,61.54957962036133,24015200,0.0,0.0
2020-11-10 00:00:00-05:00,62.8983961637233,64.45651683916766,61.78988339091366,64.39450073242188,15039700,0.0,0.0
2020-11-11 00:00:00-05:00,65.19294689166665,65.49526805645188,63.410027960136034,63.92164611816406,11640600,0.0,0.0
2020-11-12 00:00:00-05:00,62.77436088852628,63.751087816296995,61.94491480049081,62.53404998779297,8920700,0.0,0.0
2020-11-13 00:00:00-05:00,62.90612197334507,64.61152275911063,62.813097854162294,64.36346435546875,10890300,0.0,0.0
2020-11-16 00:00:00-05:00,66.85181217685279,69.13085317732747,66.30918618349203,68.96031188964844,18980200,0.0,0.0
2020-11-17 00:00:00-05:00,67.9613656802732,68.85021006917336,66.72641982965412,68.46478271484375,14329000,1.29,0.0
2020-11-18 00:00:00-05:00,68.72434270481773,69.14123427625537,66.27018073554316,66.29377746582031,10583700,0.0,0.0
2020-11-19 00:00:00-05:00,65.71958298314384,67.61526136107202,65.33414964389857,67.4343490600586,8820200,0.0,0.0
2020-11-20 00:00:00-05:00,67.42648344473403,67.89056857939019,66.76574484479121,67.4815444946289,8294600,0.0,0.0
2020-11-23 00:00:00-05:00,68.78727844404698,72.0358982926839,68.24453554050075,71.603271484375,13379300,0.0,0.0
2020-11-24 00:00:00-05:00,73.4596168038888,75.37103015026615,73.15284727926559,75.21371459960938,17257400,0.0,0.0
2020-11-25 00:00:00-05:00,74.4743180882111,74.4743180882111,72.47637939453125,72.47637939453125,10556600,0.0,0.0
2020-11-27 00:00:00-05:00,71.83923674114973,72.83033541468942,71.21783017530647,71.82350158691406,4627700,0.0,0.0
2020-11-30 00:00:00-05:00,70.80094830021689,71.46168083971126,68.35465358628183,68.57489776611328,14288400,0.0,0.0
2020-12-01 00:00:00-05:00,70.22673024065587,70.5649640651167,68.4883676548653,68.78726959228516,9913600,0.0,0.0
2020-12-02 00:00:00-05:00,68.63781918118434,71.82350387840458,68.51196194809552,70.6908187866211,10509600,0.0,0.0
2020-12-03 00:00:00-05:00,71.24928875631018,71.6661802920053,70.06153675750149,70.63574981689453,8249800,0.0,0.0
2020-12-04 00:00:00-05:00,71.7527047266989,73.50679618513658,71.51672544472316,73.37307739257812,10791100,0.0,0.0
2020-12-07 00:00:00-05:00,72.22466757909757,72.66515590025817,70.69868160764365,71.39088439941406,9398400,0.0,0.0
2020-12-08 00:00:00-05:00,71.06051376627933,72.72808616460648,70.94253010701372,72.00442504882812,7627300,0.0,0.0
2020-12-09 00:00:00-05:00,72.52356898615184,73.16857230941216,70.29752466394079,71.13917541503906,11129400,0.0,0.0
2020-12-10 00:00:00-05:00,72.01227355644068,74.37990371050097,71.40659626032156,73.42813110351562,11992100,0.0,0.0
2020-12-11 00:00:00-05:00,72.7831434595881,73.37308573036337,71.60325891803757,72.72021484375,9584500,0.0,0.0
2020-12-14 00:00:00-05:00,73.46746340300619,73.70343666160873,70.19524807314123,70.35256958007812,12198400,0.0,0.0
2020-12-15 00:00:00-05:00,70.33684938272884,71.1706385437572,69.82556487858572,70.29752349853516,11775300,0.0,0.0
2020-12-16 00:00:00-05:00,70.16380600322451,70.28179567051185,69.10191100004594,69.76264953613281,9892900,0.0,0.0
2020-12-17 00:00:00-05:00,70.43124072409324,70.43910830123643,68.86592893996887,69.54239654541016,11748900,0.0,0.0
2020-12-18 00:00:00-05:00,69.20417030764827,69.77837747660591,67.85123494887141,68.582763671875,27427600,0.0,0.0
2020-12-21 00:00:00-05:00,66.34884197027671,68.30744870125676,65.70383863712004,67.7175064086914,11430500,0.0,0.0
2020-12-22 00:00:00-05:00,67.20623071865423,67.48940351110276,66.3095188763017,66.3567123413086,8585800,0.0,0.0
2020-12-23 00:00:00-05:00,66.86013652600352,68.16587854344232,66.86013652600352,67.40288543701172,7223100,0.0,0.0
2020-12-24 00:00:00-05:00,67.59165785271381,67.59165785271381,66.71067516712999,67.11970520019531,3335600,0.0,0.0
2020-12-28 00:00:00-05:00,67.33994156391775,68.14226038005825,66.56121947748686,66.78146362304688,8051900,0.0,0.0
2020-12-29 00:00:00-05:00,67.06464452891359,67.42647509788885,66.11287164072144,66.55335998535156,7670800,0.0,0.0
2020-12-30 00:00:00-05:00,66.55335961669168,68.10294239344367,66.49829857391791,67.11970520019531,7901800,0.0,0.0
2020-12-31 00:00:00-05:00,66.78148217011812,67.01745553395327,66.04208576078467,66.4275131225586,8350700,0.0,0.0
2021-01-04 00:00:00-05:00,66.9781051259067,67.60737320035302,65.98700055718085,66.63200378417969,9234900,0.0,0.0
2021-01-05 00:00:00-05:00,67.24554420985756,70.17952610141512,67.11182541618507,68.43329620361328,13414800,0.0,0.0
2021-01-06 00:00:00-05:00,70.00647572450784,71.40660427880559,69.07829973889885,70.63574981689453,13916800,0.0,0.0
2021-01-07 00:00:00-05:00,71.09986723168397,71.43810116037102,70.2503486199297,70.96614837646484,9286600,0.0,0.0
2021-01-08 00:00:00-05:00,72.42919081964928,72.70449605167147,71.14704559433967,71.6426010131836,11152100,0.0,0.0
2021-01-11 00:00:00-05:00,70.10088124827085,72.44491536158424,69.66825448178504,72.05162048339844,10635000,0.0,0.0
2021-01-12 00:00:00-05:00,72.88542036394044,73.87651928102959,72.13815638539351,73.42029571533203,10923900,0.0,0.0
2021-01-13 00:00:00-05:00,73.31015542039682,73.5618638767294,72.31905674926396,73.3494873046875,9723300,0.0,0.0
2021-01-14 00:00:00-05:00,73.89223973794192,75.76432109896697,73.7742500804665,75.1114501953125,13950200,0.0,0.0
2021-01-15 00:00:00-05:00,74.11248993572121,74.18328013525164,72.13814791014347,72.43704986572266,10244600,0.0,0.0
2021-01-19 00:00:00-05:00,73.54613418321445,74.7496154187473,73.38095107257297,74.34059143066406,9574800,0.0,0.0
2021-01-20 00:00:00-05:00,74.72601570017135,75.16650397759803,74.175405353388,75.02491760253906,8735400,0.0,0.0
2021-01-21 00:00:00-05:00,73.8293046347206,74.45857875184029,71.75270844990942,72.37411499023438,10393100,0.0,0.0
2021-01-22 00:00:00-05:00,71.10771149618014,72.38985057227774,70.65935559830034,72.15387725830078,7810600,0.0,0.0
2021-01-25 00:00:00-05:00,71.28075531175475,71.60325394341407,70.26605395637311,71.5009994506836,7689400,0.0,0.0
2021-01-26 00:00:00-05:00,72.52356950852536,73.08205348866662,70.21886139761617,70.28965759277344,7827800,0.0,0.0
2021-01-27 00:00:00-05:00,68.850191268551,71.0683738467944,68.23665230027983,69.37720489501953,10178500,0.0,0.0
2021-01-28 00:00:00-05:00,69.74691158503875,70.91106705377946,69.41654533083523,70.022216796875,8155500,0.0,0.0
2021-01-29 00:00:00-05:00,68.29958586213914,68.70074229280044,66.7971966376052,67.01744079589844,14699800,0.0,0.0
2021-02-01 00:00:00-05:00,67.63885076730264,68.66928741826185,66.52189476514877,67.96922302246094,8073600,0.0,0.0
2021-02-02 00:00:00-05:00,69.22773996615702,69.51091265148997,68.06358492632137,68.48047637939453,9233100,0.0,0.0
2021-02-03 00:00:00-05:00,68.47262317385753,70.3132398522662,68.346765964461,69.97500610351562,9256500,0.0,0.0
2021-02-04 00:00:00-05:00,70.4076397492324,70.51776181778601,69.18055584060232,70.00647735595703,7917600,0.0,0.0
2021-02-05 00:00:00-05:00,70.7458874604948,71.16277908798574,69.72331833550646,70.21100616455078,8017300,0.0,0.0
2021-02-08 00:00:00-05:00,71.02120852547864,72.39774096162145,70.80096429588862,71.9572525024414,9886600,0.0,0.0
2021-02-09 00:00:00-05:00,71.65831695776053,71.79203575991818,70.64361557434702,71.5481948852539,7605500,0.0,0.0
2021-02-10 00:00:00-05:00,71.87856440888152,72.83033722286793,71.26502540492359,72.77527618408203,8778800,0.0,0.0
2021-02-11 00:00:00-05:00,72.65729208945785,72.7123531279096,70.85600097267533,72.3819808959961,8572400,0.0,0.0
2021-02-12 00:00:00-05:00,71.99656419499938,72.94047556570135,71.85497778945428,72.79888916015625,7858300,0.0,0.0
2021-02-16 00:00:00-05:00,74.22678394888055,74.87292593500618,73.87579023491931,74.29059600830078,14006000,1.29,0.0
2021-02-17 00:00:00-05:00,76.11735813725282,77.15438181959425,75.14415260773976,76.5162124633789,14342300,0.0,0.0
2021-02-18 00:00:00-05:00,76.38059957403885,76.40452985862564,75.22392452143035,75.78231811523438,9030600,0.0,0.0
2021-02-19 00:00:00-05:00,75.88600190978794,76.8831374624627,75.503105265739,76.42047119140625,8913900,0.0,0.0
2021-02-22 00:00:00-05:00,77.36974106845724,79.48366968382074,76.94695656259104,78.48653411865234,13178700,0.0,0.0
2021-02-23 00:00:00-05:00,79.74693210467481,79.89849869074591,77.21819722757176,79.4757080078125,14874000,0.0,0.0
2021-02-24 00:00:00-05:00,80.0340946098635,82.99359239028999,79.61928278508398,82.41126251220703,16116000,0.0,0.0
2021-02-25 00:00:00-05:00,83.67962892212896,83.72748948806155,81.03920945757012,81.64546966552734,13219200,0.0,0.0
2021-02-26 00:00:00-05:00,80.01015081850696,80.6164047892252,77.86431338589988,79.77083587646484,14454100,0.0,0.0
2021-03-01 00:00:00-05:00,81.73320812189671,82.80214062356488,80.88763910140689,81.4061508178711,10439900,0.0,0.0
2021-03-02 00:00:00-05:00,81.27852015016732,82.41126478142844,81.1349323739488,81.7172622680664,10643500,0.0,0.0
2021-03-03 00:00:00-05:00,82.49102374669279,84.35765837236042,82.48304495906987,82.63460540771484,14958200,0.0,0.0
2021-03-04 00:00:00-05:00,83.37648615942885,85.81747820304092,82.26767187895761,83.36053466796875,22994200,0.0,0.0
2021-03-05 00:00:00-05:00,85.32289977229217,87.05392574330732,84.676757839801,86.95022583007812,23638200,0.0,0.0
2021-03-08 00:00:00-05:00,87.63626374916868,88.09095738939294,86.20038589265341,87.54851531982422,18033600,0.0,0.0
2021-03-09 00:00:00-05:00,87.00603764197209,88.29832718395053,86.05676288722076,87.34905242919922,19010700,0.0,0.0
2021-03-10 00:00:00-05:00,87.90747385825611,89.35133037506816,87.50861961010425,88.8407974243164,17389900,0.0,0.0
2021-03-11 00:00:00-05:00,89.064149746879,89.78208856978819,88.45788962019653,88.69720458984375,10989500,0.0,0.0
2021-03-12 00:00:00-05:00,89.05617348520076,89.90174251949051,88.32228315030652,88.99235534667969,10930300,0.0,0.0
2021-03-15 00:00:00-04:00,88.96843074450307,89.27156387880875,86.86248072716059,87.9473648071289,10488000,0.0,0.0
2021-03-16 00:00:00-04:00,86.57530125416824,86.85449800784325,85.41862638064342,85.86534118652344,11698400,0.0,0.0
2021-03-17 00:00:00-04:00,85.5223394485836,86.59924485614624,85.03573670902733,86.17646026611328,9168600,0.0,0.0
2021-03-18 00:00:00-04:00,85.36278043033045,85.7775861342877,82.7303401882678,83.05740356445312,13246600,0.0,0.0
2021-03-19 00:00:00-04:00,82.91383061736144,83.67165132357093,81.95657668284937,82.46710968017578,18491000,0.0,0.0
2021-03-22 00:00:00-04:00,82.21184098426396,83.36054324056408,81.61355957344651,81.79703521728516,12508500,0.0,0.0
2021-03-23 00:00:00-04:00,80.9275115434579,83.20098526232707,80.32125756538919,81.34232330322266,14781700,0.0,0.0
2021-03-24 00:00:00-04:00,82.15599971190309,84.36565574579575,82.09218765495714,83.52008056640625,11026800,0.0,0.0
2021-03-25 00:00:00-04:00,82.04432495883432,83.96680552800842,81.42211324988395,83.81523895263672,11138200,0.0,0.0
2021-03-26 00:00:00-04:00,84.98786869864425,85.7855772397398,84.04657237671016,85.73771667480469,9820200,0.0,0.0
2021-03-29 00:00:00-04:00,84.87618698797168,85.77759541655774,84.3177873773337,85.2909927368164,7542300,0.0,0.0
2021-03-30 00:00:00-04:00,84.6049587606917,85.21919769352897,84.23003480434242,84.50125885009766,6284600,0.0,0.0
2021-03-31 00:00:00-04:00,84.19814100850506,84.73260428347659,83.4403142242902,83.59188079833984,8954400,0.0,0.0
2021-04-01 00:00:00-04:00,83.96679818517435,84.44542206666293,83.12920182804471,84.35767364501953,8515800,0.0,0.0
2021-04-05 00:00:00-04:00,84.34172805323786,84.42149769139428,83.09729857107119,83.36852264404297,8692700,0.0,0.0
2021-04-06 00:00:00-04:00,83.16112654143893,83.82322617982709,82.52295718872172,82.62666320800781,8125100,0.0,0.0
2021-04-07 00:00:00-04:00,82.53891479082634,83.41639308650991,82.37139670505317,83.11326599121094,7699300,0.0,0.0
2021-04-08 00:00:00-04:00,82.57878591318605,82.65856163652484,81.42211095717228,82.179931640625,8283000,0.0,0.0
2021-04-09 00:00:00-04:00,82.25970404561455,82.70641886533187,81.44603795423463,82.10015869140625,7163700,0.0,0.0
2021-04-12 00:00:00-04:00,82.69844941243711,82.85001599453803,80.97540199469304,81.19078063964844,7845900,0.0,0.0
2021-04-13 00:00:00-04:00,81.01526676066104,81.84488426389275,80.79988816093343,81.55770874023438,6829900,0.0,0.0
2021-04-14 00:00:00-04:00,81.88477910757612,84.02263814055655,81.84489124798499,83.17706298828125,10194800,0.0,0.0
2021-04-15 00:00:00-04:00,82.96965933887645,83.17705915830827,82.10813273405432,82.49900817871094,7860500,0.0,0.0
2021-04-16 00:00:00-04:00,82.80213541929568,83.24885018151042,81.70927270626929,82.1320571899414,7459700,0.0,0.0
2021-04-19 00:00:00-04:00,82.37935637026658,82.826077280987,81.53378728467031,82.37138366699219,7068700,0.0,0.0
2021-04-20 00:00:00-04:00,82.0283728398103,82.15600304491315,80.177689220569,80.8318099975586,9783800,0.0,0.0
2021-04-21 00:00:00-04:00,80.03409160989148,82.15599295823127,79.88252505428414,81.94859313964844,8264400,0.0,0.0
2021-04-22 00:00:00-04:00,82.06028399640353,82.06028399640353,80.4648668328878,80.52867889404297,9899400,0.0,0.0
2021-04-23 00:00:00-04:00,80.64833644633693,81.50188438588265,80.34520937606125,81.00730895996094,6756000,0.0,0.0
2021-04-26 00:00:00-04:00,80.7839407858651,81.90073395378968,80.77596808244668,80.98336791992188,5639700,0.0,0.0
2021-04-27 00:00:00-04:00,81.21470722098118,82.24375200225677,80.97539830261248,81.92466735839844,6898900,0.0,0.0
2021-04-28 00:00:00-04:00,82.59474020122306,84.44542370872327,82.4591312146037,83.93489074707031,8718400,0.0,0.0
2021-04-29 00:00:00-04:00,84.8921369158698,85.87332104648799,84.35767368273581,85.27503967285156,9740300,0.0,0.0
2021-04-30 00:00:00-04:00,83.74344433200976,84.07050166525504,82.14004847927453,82.21981811523438,13730000,0.0,0.0
2021-05-03 00:00:00-04:00,82.94573771106884,84.33374888405005,82.33947750894873,84.18218231201172,7938100,0.0,0.0
2021-05-04 00:00:00-04:00,84.52520180777441,84.96394396846146,83.63974478241221,84.64485931396484,8704300,0.0,0.0
2021-05-05 00:00:00-04:00,85.42661007563245,87.3809997748992,85.21123143395066,86.91832733154297,12872400,0.0,0.0
2021-05-06 00:00:00-04:00,86.91033191740935,87.05391967974305,85.68983898058904,86.96617126464844,9654900,0.0,0.0
2021-05-07 00:00:00-04:00,86.22431536260194,88.28240490884951,85.91320951096375,87.7638931274414,10273000,0.0,0.0
2021-05-10 00:00:00-04:00,88.89663961200696,90.22881138269138,87.36503462485055,87.40492248535156,13586500,0.0,0.0
2021-05-11 00:00:00-04:00,86.99808630490337,87.41289812946965,84.72461831690696,85.11549377441406,12754800,0.0,0.0
2021-05-12 00:00:00-04:00,85.35481664761272,87.86759985023977,85.13145922267404,85.64997100830078,11661900,0.0,0.0
2021-05-13 00:00:00-04:00,84.61293805179238,86.0488157471786,84.11038390142355,85.09954071044922,9706300,0.0,0.0
2021-05-14 00:00:00-04:00,85.99298532901409,87.60435394473171,85.99298532901409,87.32515716552734,9124100,0.0,0.0
2021-05-17 00:00:00-04:00,87.02202896807272,88.44992810413487,86.92630783034737,88.39408874511719,12692900,0.0,0.0
2021-05-18 00:00:00-04:00,87.96613859558953,88.06303144369633,85.5679420364334,85.73751068115234,12759900,1.34,0.0
2021-05-19 00:00:00-04:00,83.83184272998903,84.21135600809254,82.33801898129786,83.33120727539062,14762700,0.0,0.0
2021-05-20 00:00:00-04:00,83.22625001142815,84.03372309047975,82.33803085657752,83.62191009521484,9706300,0.0,0.0
2021-05-21 00:00:00-04:00,84.05794376869515,84.94616289682807,83.71880656422212,84.0740966796875,10352800,0.0,0.0
2021-05-24 00:00:00-04:00,84.7442986669827,85.46294922708701,83.97720169265634,85.26915740966797,6785600,0.0,0.0
2021-05-25 00:00:00-04:00,85.13189429957022,85.28531616916746,83.6622934156042,83.87223815917969,7884000,0.0,0.0
2021-05-26 00:00:00-04:00,84.39708097316819,84.71200113221371,83.70265981376029,84.0740966796875,9232400,0.0,0.0
2021-05-27 00:00:00-04:00,84.07409093251599,84.71199534143608,82.82250531897795,83.17779541015625,11703400,0.0,0.0
2021-05-28 00:00:00-04:00,83.6703635000145,84.07410004354963,83.12935184967402,83.80763244628906,7278200,0.0,0.0
2021-06-01 00:00:00-04:00,85.02692451183177,86.74684009044537,85.02692451183177,86.11701202392578,10260600,0.0,0.0
2021-06-02 00:00:00-04:00,86.56920172007234,87.65928931662101,85.76172851366121,87.2717056274414,9141800,0.0,0.0
2021-06-03 00:00:00-04:00,86.85180676036215,87.27976652800388,86.04433364087785,86.87602996826172,8809300,0.0,0.0
2021-06-04 00:00:00-04:00,87.40089645706735,87.74811017557164,86.56920005613492,87.57046508789062,6699300,0.0,0.0
2021-06-07 00:00:00-04:00,87.5058693460971,87.77233080926574,86.8598883481331,87.00523376464844,6748600,0.0,0.0
2021-06-08 00:00:00-04:00,86.92448967571057,87.99843049125619,85.83440210708426,87.79656219482422,10559500,0.0,0.0
2021-06-09 00:00:00-04:00,88.06302176200747,88.44253513678737,86.92448779819915,87.02945709228516,10146900,0.0,0.0
2021-06-10 00:00:00-04:00,88.06300714590071,89.02390202804938,86.6014829252453,87.53815460205078,13526200,0.0,0.0
2021-06-11 00:00:00-04:00,87.88538173664485,87.99035719730303,87.09406143608483,87.13443756103516,7731700,0.0,0.0
2021-06-14 00:00:00-04:00,87.35245285259754,87.98228097610841,86.26236524186476,87.1828842163086,9051900,0.0,0.0
2021-06-15 00:00:00-04:00,87.53813911815587,89.20960775701725,87.52198621043067,89.06426239013672,10540200,0.0,0.0
2021-06-16 00:00:00-04:00,88.84626331569083,89.23385311043472,87.93382093963884,88.55557250976562,9283300,0.0,0.0
2021-06-17 00:00:00-04:00,88.2083847746067,88.80591947391841,77.76775437952871,86.45616912841797,14337800,0.0,0.0
2021-06-18 00:00:00-04:00,84.98655357148675,85.81017351779269,83.09706925673878,83.19396209716797,22284500,0.0,0.0
2021-06-21 00:00:00-04:00,84.05795387007727,85.9474442487611,83.92068491279909,85.63253021240234,13591500,0.0,0.0
2021-06-22 00:00:00-04:00,85.05114983504194,86.36732887445297,84.22752375793804,85.91514587402344,10230100,0.0,0.0
2021-06-23 00:00:00-04:00,86.69030659834691,87.31205813232266,85.77786427534781,85.8101577758789,7792800,0.0,0.0
2021-06-24 00:00:00-04:00,86.5126724243164,87.02945474524077,85.88284435572302,86.5126724243164,8724600,0.0,0.0
2021-06-25 00:00:00-04:00,86.87603802580423,87.25555141284578,86.22198670973019,86.64187622070312,8102300,0.0,0.0
2021-06-28 00:00:00-04:00,86.35922772406818,86.39960383493185,83.70264719564332,83.96910858154297,11348400,0.0,0.0
2021-06-29 00:00:00-04:00,84.4536147883751,84.76045853170089,83.6622945420252,83.78341674804688,7225500,0.0,0.0
2021-06-30 00:00:00-04:00,83.84801046846523,84.68778329904777,83.75111763143774,84.57473754882812,7927500,0.0,0.0
2021-07-01 00:00:00-04:00,86.35925481231979,86.48037702237355,85.38221299614081,85.76172637939453,10873200,0.0,0.0
2021-07-02 00:00:00-04:00,85.34990673757684,85.91514162066228,84.81697767924426,85.64867401123047,7107700,0.0,0.0
2021-07-06 00:00:00-04:00,85.56790769958873,85.56790769958873,83.48462605382683,83.96910858154297,10162800,0.0,0.0
2021-07-07 00:00:00-04:00,83.9449243658469,84.70395124678639,82.45917643608635,83.11322784423828,8245000,0.0,0.0
2021-07-08 00:00:00-04:00,81.95851397685021,83.24239315992558,81.73242251018516,82.84673309326172,8695500,0.0,0.0
2021-07-09 00:00:00-04:00,83.5411704442777,84.16292821286187,82.6529512211172,84.03372955322266,8567900,0.0,0.0
2021-07-12 00:00:00-04:00,83.62192638958005,84.8008365754513,83.36353520035529,84.20330810546875,9898600,0.0,0.0
2021-07-13 00:00:00-04:00,83.97720005405836,84.4455359175026,83.34737203933784,83.9206771850586,6738000,0.0,0.0
2021-07-14 00:00:00-04:00,84.36480267041068,85.04307720154667,82.13617491283374,82.33804321289062,9216600,0.0,0.0
2021-07-15 00:00:00-04:00,81.59515931265943,82.5641245695568,81.43366099615596,81.79702758789062,9665700,0.0,0.0
2021-07-16 00:00:00-04:00,82.06347722465846,82.1119297929052,79.39882007122654,79.63298797607422,12199100,0.0,0.0
2021-07-19 00:00:00-04:00,77.37207693258546,78.28451937365747,76.32235937410549,77.48512268066406,17385500,0.0,0.0
2021-07-20 00:00:00-04:00,77.42859126933985,79.16465958131552,76.75031685565479,77.94537353515625,12114600,0.0,0.0
2021-07-21 00:00:00-04:00,79.1162192692631,81.12682561974803,78.89012162007108,80.60196685791016,11478100,0.0,0.0
2021-07-22 00:00:00-04:00,80.26281517547692,80.27089163019826,79.04352925480931,79.79447937011719,7694300,0.0,0.0
2021-07-23 00:00:00-04:00,79.77835106688191,80.03674223293893,79.08392365300402,79.82679748535156,7570800,0.0,0.0
2021-07-26 00:00:00-04:00,80.31127865922403,81.76473279161748,80.29513190687798,81.51441192626953,10227500,0.0,0.0
2021-07-27 00:00:00-04:00,80.78769279148104,81.32869833463536,79.89139708361336,81.23987579345703,8332100,0.0,0.0
2021-07-28 00:00:00-04:00,81.47404277905308,82.20884014849774,80.97340720388712,81.70013427734375,8546100,0.0,0.0
2021-07-29 00:00:00-04:00,82.66910314662437,83.07283974246543,82.31381913144568,82.82252502441406,8681300,0.0,0.0
2021-07-30 00:00:00-04:00,83.21818085383661,84.0175837077866,81.36906660137934,82.2088394165039,12295300,0.0,0.0
2021-08-02 00:00:00-04:00,82.42685842538677,83.96105860144903,82.00696894872245,82.06349182128906,8911800,0.0,0.0
2021-08-03 00:00:00-04:00,82.03118359376523,83.09705392609555,81.28830987171419,82.84673309326172,8437300,0.0,0.0
2021-08-04 00:00:00-04:00,81.10259346134706,82.28150335106955,80.82804942646355,80.98954772949219,10389800,0.0,0.0
2021-08-05 00:00:00-04:00,81.50632586723091,82.70945890159331,81.28830470927106,81.74049377441406,7986100,0.0,0.0
2021-08-06 00:00:00-04:00,82.3783917593839,82.83058082311018,82.03925458198671,82.32186889648438,6475600,0.0,0.0
2021-08-09 00:00:00-04:00,81.48210046216242,81.86160758369431,80.69077423993473,80.94916534423828,9243100,0.0,0.0
2021-08-10 00:00:00-04:00,81.34484734712458,82.6206564644637,81.21565484034159,82.42686462402344,9762600,0.0,0.0
2021-08-11 00:00:00-04:00,82.39456320405154,83.14551350037726,82.03927303702775,83.04861450195312,7079800,0.0,0.0
2021-08-12 00:00:00-04:00,83.05668865769213,83.37160269318223,82.1846161776282,82.87904357910156,7377600,0.0,0.0
2021-08-13 00:00:00-04:00,82.54797724030824,82.79829192847275,82.07156491062163,82.3299560546875,6572600,0.0,0.0
2021-08-16 00:00:00-04:00,81.41751897238474,81.7162800943351,80.67464515492543,81.49018859863281,9476600,0.0,0.0
2021-08-17 00:00:00-04:00,80.90880318073654,82.10386609450912,80.44854375432722,81.3367691040039,10937500,0.0,0.0
2021-08-18 00:00:00-04:00,80.7639083956099,81.36130738851352,79.01261940587823,79.13536834716797,12893600,1.34,0.0
2021-08-19 00:00:00-04:00,77.58865296788665,77.99783266921474,75.99285463014175,77.1631088256836,17423400,0.0,0.0
2021-08-20 00:00:00-04:00,76.53299984422578,77.64596958584627,76.2793103237469,77.17132568359375,9707600,0.0,0.0
2021-08-23 00:00:00-04:00,78.63617147666874,79.3808817144171,78.61162168748376,79.15992736816406,10277800,0.0,0.0
2021-08-24 00:00:00-04:00,79.7900590794633,80.69843871308578,79.70003902614302,80.06829833984375,8924900,0.0,0.0
2021-08-25 00:00:00-04:00,79.5609230102377,80.78846243645552,79.15174320149843,80.61660766601562,9342300,0.0,0.0
2021-08-26 00:00:00-04:00,80.28926025439216,80.79664545028534,79.54455002704516,79.56092071533203,8124800,0.0,0.0
2021-08-27 00:00:00-04:00,80.31380454504021,81.39403888525773,80.24015518355591,80.72298431396484,10281200,0.0,0.0
2021-08-30 00:00:00-04:00,81.09125901691179,81.27129914842254,80.17470015625918,80.5184097290039,8127200,0.0,0.0
2021-08-31 00:00:00-04:00,80.31381239482873,80.53477298805366,79.0862729680764,79.19265747070312,15676900,0.0,0.0
2021-09-01 00:00:00-04:00,79.26631780721237,79.43817258796956,78.12879837011329,78.32520294189453,10557300,0.0,0.0
2021-09-02 00:00:00-04:00,79.08628465060018,80.51841419336355,79.01263527103806,79.96192932128906,12340100,0.0,0.0
2021-09-03 00:00:00-04:00,79.70823386566745,80.55114333481909,79.69186317570185,79.7818832397461,9097000,0.0,0.0
2021-09-07 00:00:00-04:00,79.39724228514677,80.18287296226067,79.16810260581688,79.42997741699219,9237800,0.0,0.0
2021-09-08 00:00:00-04:00,79.79005531093404,80.58386506530918,78.84894058931827,78.88167572021484,10775900,0.0,0.0
2021-09-09 00:00:00-04:00,78.47251807252542,79.88828322589507,78.03060304621795,78.56253814697266,10219400,0.0,0.0
2021-09-10 00:00:00-04:00,79.87190903906843,79.95374376400608,78.47251463878978,78.61981964111328,11006000,0.0,0.0
2021-09-13 00:00:00-04:00,79.5527352083071,80.78027459660363,79.4299800207598,80.17469024658203,11500900,0.0,0.0
2021-09-14 00:00:00-04:00,80.51023619072122,80.80484622301822,78.54617763352773,78.72621154785156,15294100,0.0,0.0
2021-09-15 00:00:00-04:00,79.37269564432695,80.63297017419987,79.37269564432695,80.39564514160156,11623400,0.0,0.0
2021-09-16 00:00:00-04:00,80.46111317619565,80.68206751429969,79.30722942194022,79.64275360107422,10616700,0.0,0.0
2021-09-17 00:00:00-04:00,79.47088806471747,80.51020183703083,78.86530380943852,79.18446350097656,16006100,0.0,0.0
2021-09-20 00:00:00-04:00,77.449562829962,77.94876275496651,76.36114291192996,77.56413269042969,15796100,0.0,0.0
2021-09-21 00:00:00-04:00,78.2106264642058,78.47250128559824,76.95035193513341,77.62140655517578,10958400,0.0,0.0
2021-09-22 00:00:00-04:00,78.75892785492452,80.83756203299914,78.75892785492452,79.90463256835938,13292800,0.0,0.0
2021-09-23 00:00:00-04:00,80.39566386501645,82.05693323651074,79.99466931690154,81.88507843017578,10094900,0.0,0.0
2021-09-24 00:00:00-04:00,81.54952629614907,82.6297605979621,81.54952629614907,82.32696533203125,8225300,0.0,0.0
2021-09-27 00:00:00-04:00,83.95552168713562,84.92937176359115,83.95552168713562,84.2665023803711,12697500,0.0,0.0
2021-09-28 00:00:00-04:00,85.03576319418877,85.83775223933705,84.1928474212013,84.58566284179688,15560800,0.0,0.0
2021-09-29 00:00:00-04:00,84.4628907949373,85.30580015630129,83.75091571861053,84.56109619140625,10268100,0.0,0.0
2021-09-30 00:00:00-04:00,84.63474472057027,84.65929450854814,83.02257537841797,83.02257537841797,15319800,0.0,0.0
2021-10-01 00:00:00-04:00,83.65271637159319,85.55131032713705,83.37447087070426,85.37945556640625,10854900,0.0,0.0
2021-10-04 00:00:00-04:00,85.92774806095939,86.63153773504092,85.1994086006916,85.6986083984375,13305400,0.0,0.0
2021-10-05 00:00:00-04:00,86.77885099530126,88.19460957853828,86.27146580577093,86.63154602050781,13017300,0.0,0.0
2021-10-06 00:00:00-04:00,85.25669090008157,86.21416999348945,84.76567646066117,85.8704605102539,10630100,0.0,0.0
2021-10-07 00:00:00-04:00,86.42696800070664,86.99163818893862,86.10780821872918,86.4842529296875,8830900,0.0,0.0
2021-10-08 00:00:00-04:00,87.40897395233708,88.73471855598265,87.23711921098091,88.42374420166016,10586700,0.0,0.0
2021-10-11 00:00:00-04:00,89.65948213874319,89.7167670650636,87.49901314096061,87.67086791992188,9794800,0.0,0.0
2021-10-12 00:00:00-04:00,87.55630005540105,88.03913551128426,86.88524537030064,87.68724060058594,9085000,0.0,0.0
2021-10-13 00:00:00-04:00,87.37626053339257,88.6610849848806,87.13894171987998,88.21099090576172,9220700,0.0,0.0
2021-10-14 00:00:00-04:00,89.10298499163564,89.33213090879728,88.47285088930765,89.04570007324219,7648600,0.0,0.0
2021-10-15 00:00:00-04:00,89.83134324338987,90.04411851767252,89.55310393698029,89.70040893554688,9968100,0.0,0.0
2021-10-18 00:00:00-04:00,90.19959757557922,90.35508790005223,89.16846271463159,89.65947723388672,10677400,0.0,0.0
2021-10-19 00:00:00-04:00,90.15049828739335,91.4107666015625,89.85588832617272,91.4107666015625,10362800,0.0,0.0
2021-10-20 00:00:00-04:00,90.91158017116086,92.61376992229683,90.65789065068198,92.6055908203125,10811400,0.0,0.0
2021-10-21 00:00:00-04:00,92.2373141824725,92.31914889767255,90.73153544330829,91.4435043334961,9372600,0.0,0.0
2021-10-22 00:00:00-04:00,91.83631641950865,92.37643051536234,91.20617602349296,92.31096649169922,8673800,0.0,0.0
2021-10-25 00:00:00-04:00,92.90836747860544,93.5794221231772,92.72014826075582,93.17024230957031,9579800,0.0,0.0
2021-10-26 00:00:00-04:00,93.27663299401759,93.7840119666509,92.89200297051269,93.37483215332031,7463000,0.0,0.0
2021-10-27 00:00:00-04:00,92.65467681982504,92.94928678138159,91.36985247109891,91.71356201171875,9096100,0.0,0.0
2021-10-28 00:00:00-04:00,91.31257085415446,92.69559441108744,91.31257085415446,92.57284545898438,7538200,0.0,0.0
2021-10-29 00:00:00-04:00,93.9722457886268,94.34869050115242,92.59740124377326,93.69400024414062,15294200,0.0,0.0
2021-11-01 00:00:00-04:00,94.1359101744351,94.18500975581736,93.33392120844415,93.72673034667969,11213800,0.0,0.0
2021-11-02 00:00:00-04:00,93.44029422439192,93.4484795681452,92.64648445719742,93.15386962890625,9189700,0.0,0.0
2021-11-03 00:00:00-04:00,91.87724317309308,92.69560289448145,91.63173900283009,92.48283386230469,10416000,0.0,0.0
2021-11-04 00:00:00-04:00,93.47304052456042,93.50577565989703,92.4009913775384,92.89200592041016,9673000,0.0,0.0
2021-11-05 00:00:00-04:00,93.51394483421207,94.1522705401324,93.23570557876998,93.89857482910156,8102100,0.0,0.0
2021-11-08 00:00:00-05:00,94.18500977560467,94.92153471443689,93.85767090820252,94.23411560058594,7695900,0.0,0.0
2021-11-09 00:00:00-05:00,94.33231273459889,95.02792342183992,93.66944342570034,94.92971801757812,10945900,0.0,0.0
2021-11-10 00:00:00-05:00,94.73331577468107,95.10157512340933,93.01476174130137,93.41575622558594,10305100,0.0,0.0
2021-11-11 00:00:00-05:00,92.96564172289678,93.84128617367816,92.9410919358748,93.4239273071289,7317500,0.0,0.0
2021-11-12 00:00:00-05:00,93.12932156581155,93.54668045113883,92.95746056174971,93.48121643066406,8682800,0.0,0.0
2021-11-15 00:00:00-05:00,94.07043433013938,95.70715354419028,93.51394954761855,95.60076904296875,11050400,0.0,0.0
2021-11-16 00:00:00-05:00,95.83810660440795,96.63191652594881,95.63351667591141,95.97722625732422,10566300,0.0,0.0
2021-11-17 00:00:00-05:00,95.09144162883977,96.4656160179294,94.91760063288109,95.54673767089844,11108000,1.34,0.0
2021-11-18 00:00:00-05:00,95.07489524506033,95.51363777088643,93.88284162969791,94.74376678466797,8368600,0.0,0.0
2021-11-19 00:00:00-05:00,93.1378104769775,93.66761352316607,91.97058399613205,92.64112091064453,13532600,0.0,0.0
2021-11-22 00:00:00-05:00,92.73216357120165,95.35635126110107,92.59143603610208,94.29674530029297,9947100,0.0,0.0
2021-11-23 00:00:00-05:00,95.35635953170319,96.72225420904998,95.24873914726356,96.27523803710938,10366800,0.0,0.0
2021-11-24 00:00:00-05:00,96.69741852622953,97.68252396693612,96.58980445993599,97.01199340820312,8500900,0.0,0.0
2021-11-26 00:00:00-05:00,93.83316230044551,95.05833563141879,93.23713237271525,94.7934341430664,11861800,0.0,0.0
2021-11-29 00:00:00-05:00,96.30835256851162,96.99544309192511,94.95901136935984,95.07490539550781,12003800,0.0,0.0
2021-11-30 00:00:00-05:00,93.91595885005135,95.91100345866775,93.07986713480824,93.43582916259766,24451200,0.0,0.0
2021-12-01 00:00:00-05:00,95.15768884950953,96.0765674533094,92.7901285588226,92.79840850830078,12302700,0.0,0.0
2021-12-02 00:00:00-05:00,93.75039627926208,95.7785480212549,92.65767668121991,95.31497192382812,11392400,0.0,0.0
2021-12-03 00:00:00-05:00,96.6394740313193,96.85470848525216,94.0318460012586,94.71066284179688,10445100,0.0,0.0
2021-12-06 00:00:00-05:00,95.99376930686009,97.22721629143805,95.24045825197682,96.19244384765625,9833900,0.0,0.0
2021-12-07 00:00:00-05:00,97.05339355159794,98.22890006902357,97.05339355159794,97.6163101196289,11419600,0.0,0.0
2021-12-08 00:00:00-05:00,98.00538664481672,98.72559068232329,97.40108295451037,98.0550537109375,8827900,0.0,0.0
2021-12-09 00:00:00-05:00,97.55834816441292,98.17921165249669,97.33484008763277,97.79841613769531,8334700,0.0,0.0
2021-12-10 00:00:00-05:00,98.45240521270368,98.6759133169754,96.74710197672088,97.9639892578125,9090700,0.0,0.0
2021-12-13 00:00:00-05:00,97.23549754238385,97.55834604391006,95.70403556821468,95.92754364013672,8533000,0.0,0.0
2021-12-14 00:00:00-05:00,95.81165944918922,96.78848500194682,95.58815135436143,96.20901489257812,12245300,0.0,0.0
2021-12-15 00:00:00-05:00,96.29179454332527,96.29179454332527,94.32986350704839,95.66265106201172,11069500,0.0,0.0
2021-12-16 00:00:00-05:00,96.18417084546562,97.83980676636115,95.96065645932482,96.55668640136719,11344700,0.0,0.0
2021-12-17 00:00:00-05:00,95.9606682671629,96.40769077870023,93.98218360350272,94.04013061523438,22727900,0.0,0.0
2021-12-20 00:00:00-05:00,92.59971754434605,94.1311795077499,91.66428552287772,94.08151245117188,13464400,0.0,0.0
2021-12-21 00:00:00-05:00,94.72722606618764,96.08484725396465,94.61133203667626,95.5881576538086,11368200,0.0,0.0
2021-12-22 00:00:00-05:00,95.54675617804698,96.58980867158463,94.71066450921359,96.13450622558594,8345200,0.0,0.0
2021-12-23 00:00:00-05:00,96.44908303230605,97.61630320174288,96.35802254130205,96.36630249023438,7416600,0.0,0.0
2021-12-27 00:00:00-05:00,96.08482862484968,98.36132797363118,95.53847206533196,98.33649444580078,7745500,0.0,0.0
2021-12-28 00:00:00-05:00,98.22889739610439,98.79180763306697,97.71564790765223,98.14611053466797,6516000,0.0,0.0
2021-12-29 00:00:00-05:00,97.74874128207395,98.22059724274672,97.09476436890478,97.64112091064453,6957400,0.0,0.0
2021-12-30 00:00:00-05:00,97.79014823453913,98.25373065745246,97.13617118864866,97.21067810058594,6016000,0.0,0.0
2021-12-31 00:00:00-05:00,97.16926559505829,97.75701556290353,96.96231111416562,97.1444320678711,5706600,0.0,0.0
2022-01-03 00:00:00-05:00,97.20238236353873,99.0815326505379,97.09476830349793,98.72557067871094,10717700,0.0,0.0
2022-01-04 00:00:00-05:00,99.2967686935856,100.97724457469218,99.05670702632064,100.52194213867188,16413100,0.0,0.0
2022-01-05 00:00:00-05:00,101.19245689914911,102.51696425730238,101.05172937391548,101.1759033203125,15487100,0.0,0.0
2022-01-06 00:00:00-05:00,102.33485731362892,102.91432735267419,100.69577499272265,102.0368423461914,13318500,0.0,0.0
2022-01-07 00:00:00-05:00,102.27692326895402,103.9242794307574,101.78022738312337,103.50209045410156,14164600,0.0,0.0
2022-01-10 00:00:00-05:00,103.6014347093521,104.04845723361015,102.53354862069412,103.56832122802734,12626100,0.0,0.0
2022-01-11 00:00:00-05:00,104.18918588362725,105.96071610067534,103.33653425677475,105.93588256835938,14609000,0.0,0.0
2022-01-12 00:00:00-05:00,105.95242348743203,106.31665911078252,104.69414291306197,105.40606689453125,12469200,0.0,0.0
2022-01-13 00:00:00-05:00,105.2487936870139,106.0435046281104,104.67759717177296,104.96733856201172,9691300,0.0,0.0
2022-01-14 00:00:00-05:00,104.93422094523784,106.95409275333157,104.93422094523784,106.75542449951172,13281000,0.0,0.0
2022-01-18 00:00:00-05:00,107.35973286051663,107.61635445394342,105.85310415079147,107.10311126708984,12905500,0.0,0.0
2022-01-19 00:00:00-05:00,107.57495261527593,107.74051369827406,106.40772613816263,106.71402740478516,12064300,0.0,0.0
2022-01-20 00:00:00-05:00,106.18421263735432,108.32825810950055,105.86135782437596,106.33321380615234,11370400,0.0,0.0
2022-01-21 00:00:00-05:00,105.76203948939572,106.29183623868418,104.49547883966922,105.05839538574219,13055700,0.0,0.0
2022-01-24 00:00:00-05:00,103.02193754090102,105.73718562170649,101.6891501854346,105.2818832397461,19513700,0.0,0.0
2022-01-25 00:00:00-05:00,105.23221721833012,109.884556244588,103.70074899984294,109.7603759765625,19984500,0.0,0.0
2022-01-26 00:00:00-05:00,110.01702779318089,111.51538926482341,108.93258803071511,109.84319305419922,17266500,0.0,0.0
2022-01-27 00:00:00-05:00,111.30013073589991,113.41106922217483,110.5882067304131,112.06172180175781,20654100,0.0,0.0
2022-01-28 00:00:00-05:00,107.61633789765175,109.32164092329761,106.01865525198353,108.12130737304688,24817800,0.0,0.0
2022-01-31 00:00:00-05:00,107.7736341181982,109.1560887480687,107.06171008883067,108.71734619140625,16401800,0.0,0.0
2022-02-01 00:00:00-05:00,108.30342895479494,112.36801831002356,108.0385211353462,111.58158111572266,16169700,0.0,0.0
2022-02-02 00:00:00-05:00,111.21736349383997,112.4176971769911,109.9342429505399,112.0948486328125,10906700,0.0,0.0
2022-02-03 00:00:00-05:00,111.6312670971803,112.04517611477237,110.25708612721446,111.09317779541016,9447700,0.0,0.0
2022-02-04 00:00:00-05:00,111.76370696543144,113.41106938189554,111.76370696543144,112.48391723632812,13034700,0.0,0.0
2022-02-07 00:00:00-05:00,112.03688208303181,115.42265458064784,111.61469946169701,114.69418334960938,18422500,0.0,0.0
2022-02-08 00:00:00-05:00,114.38790525428355,114.59485979060828,111.76372324946627,112.947509765625,11021600,0.0,0.0
2022-02-09 00:00:00-05:00,113.17929700656902,114.52035835004705,112.6660538023248,114.06505584716797,10140800,0.0,0.0
2022-02-10 00:00:00-05:00,113.87462737173689,114.89283984359069,112.0782640592067,112.61634063720703,11012700,0.0,0.0
2022-02-11 00:00:00-05:00,113.2951811242122,115.43095325227424,112.81504512970203,114.909423828125,12821200,0.0,0.0
2022-02-14 00:00:00-05:00,114.18921845815129,114.28027894462113,111.7968249116261,113.13788604736328,15945000,0.0,0.0
2022-02-15 00:00:00-05:00,111.32267840028541,112.79493042744946,110.5698122417997,112.30975341796875,11746800,1.42,0.0
2022-02-16 00:00:00-05:00,112.88694195142716,113.89912395037564,111.89149371457684,112.34321594238281,11348800,0.0,0.0
2022-02-17 00:00:00-05:00,112.23445729007497,112.57742918492322,110.7956601955054,111.7660140991211,10073900,0.0,0.0
2022-02-18 00:00:00-05:00,111.10515780373925,112.0169497661596,110.46104214733447,111.6070556640625,10691800,0.0,0.0
2022-02-22 00:00:00-05:00,114.60177007723668,114.60177007723668,109.18119357746363,110.75382232666016,19428700,0.0,0.0
2022-02-23 00:00:00-05:00,111.19716916411676,113.83218097640035,110.88766482421852,113.38883209228516,16134200,0.0,0.0
2022-02-24 00:00:00-05:00,115.37970548382084,115.63066079154298,110.18499060532315,112.80326843261719,22108900,0.0,0.0
2022-02-25 00:00:00-05:00,113.73180685978498,117.52955335923784,113.28844520020941,117.4291763305664,28028000,0.0,0.0
2022-02-28 00:00:00-05:00,116.50066585944053,120.45735168457031,115.98202136008572,120.45735168457031,24394300,0.0,0.0
2022-03-01 00:00:00-05:00,121.30222263775791,125.44295434965807,121.04290676785814,125.2421875,31159900,0.0,0.0
2022-03-02 00:00:00-05:00,125.64368108161533,130.28630976074467,125.51820980547032,128.9395294189453,31329500,0.0,0.0
2022-03-03 00:00:00-05:00,127.36690655797625,131.43234243044742,126.94029139285921,130.6794891357422,22492900,0.0,0.0
2022-03-04 00:00:00-05:00,130.3197867151707,133.79966869311463,129.73423271987238,132.7122039794922,29034400,0.0,0.0
2022-03-07 00:00:00-05:00,133.7578591365115,135.59819018165962,130.2612556789732,135.54798889160156,34824700,0.0,0.0
2022-03-08 00:00:00-05:00,137.44685858870457,145.55263678283555,137.27119876118454,142.6499481201172,57231000,0.0,0.0
2022-03-09 00:00:00-05:00,136.15862785379085,142.01419319113103,134.853675335157,139.08641052246094,43430000,0.0,0.0
2022-03-10 00:00:00-05:00,141.15257630745774,146.18835283323722,140.77613693134998,142.89251708984375,34913600,0.0,0.0
2022-03-11 00:00:00-05:00,138.7685349099162,144.69938311020348,138.76017441153851,142.95944213867188,28423600,0.0,0.0
2022-03-14 00:00:00-04:00,139.03622965993472,140.82635922249167,137.43849368081572,139.4628448486328,25156200,0.0,0.0
2022-03-15 00:00:00-04:00,133.09699897234617,134.00043057341844,129.8764329712308,132.40269470214844,28534400,0.0,0.0
2022-03-16 00:00:00-04:00,132.8293376047423,134.25977446289713,130.67115433178475,131.92591857910156,22299700,0.0,0.0
2022-03-17 00:00:00-04:00,133.79967002613196,134.66964691134524,132.10155704078903,134.20956420898438,15750700,0.0,0.0
2022-03-18 00:00:00-04:00,134.58600091766465,135.28866577148438,132.8209655198255,135.28866577148438,23214700,0.0,0.0
2022-03-21 00:00:00-04:00,136.36775931321475,138.50922123054647,136.1168039526262,137.722900390625,13180600,0.0,0.0
2022-03-22 00:00:00-04:00,136.92821874552374,138.2415317992079,135.99969284830965,137.2628173828125,11063900,0.0,0.0
2022-03-23 00:00:00-04:00,138.8605647886286,139.9898576199676,137.97386683886418,138.7434539794922,10755000,0.0,0.0
2022-03-24 00:00:00-04:00,139.22020295716763,140.03161780279623,138.02400107462978,139.11146545410156,9024800,0.0,0.0
2022-03-25 00:00:00-04:00,138.2080743887699,141.9472721654578,138.15788587055172,141.62939453125,10254700,0.0,0.0
2022-03-28 00:00:00-04:00,138.77686571721975,139.38752659937123,138.13276284871242,139.15330505371094,9992000,0.0,0.0
2022-03-29 00:00:00-04:00,136.77761700999508,137.5890319688465,134.2597288704968,137.4552001953125,15102600,0.0,0.0
2022-03-30 00:00:00-04:00,138.22482878290222,139.15335480090158,136.90314229467924,138.4255828857422,9906000,0.0,0.0
2022-03-31 00:00:00-04:00,136.7441973108347,138.99440971596982,136.11681523940092,136.20883178710938,10395900,0.0,0.0
2022-04-01 00:00:00-04:00,136.16697613863215,138.81870895757345,135.79054952496182,137.37155151367188,8795300,0.0,0.0
2022-04-04 00:00:00-04:00,138.024014143135,138.40044071979287,136.35099578988488,137.49700927734375,8718600,0.0,0.0
2022-04-05 00:00:00-04:00,138.04916048244755,140.29937305881978,136.4347032892121,136.65219116210938,9538200,0.0,0.0
2022-04-06 00:00:00-04:00,137.8818613272985,139.7054458961119,137.4636065806031,137.86512756347656,9269000,0.0,0.0
2022-04-07 00:00:00-04:00,138.10768218475536,140.28259857477434,136.70234000838968,139.78070068359375,8018400,0.0,0.0
2022-04-08 00:00:00-04:00,139.73888730168468,143.12675266943157,139.7137930427037,142.1480255126953,10801200,0.0,0.0
2022-04-11 00:00:00-04:00,141.01040964691734,141.18606949040284,137.9487818763815,138.4925079345703,10206100,0.0,0.0
2022-04-12 00:00:00-04:00,141.34499372668608,144.4484364393315,140.65904989488044,141.37844848632812,9528400,0.0,0.0
2022-04-13 00:00:00-04:00,142.9845246821202,143.94651800975555,140.77614069999504,143.60354614257812,7330700,0.0,0.0
2022-04-14 00:00:00-04:00,142.78376786417138,144.6659137022363,142.6750175756764,143.53662109375,9421100,0.0,0.0
2022-04-18 00:00:00-04:00,144.71609385879586,146.0043124306913,143.77083436352424,145.46058654785156,7639000,0.0,0.0
2022-04-19 00:00:00-04:00,144.7830482473163,145.293319491048,143.0682014272919,143.73741149902344,6970200,0.0,0.0
2022-04-20 00:00:00-04:00,143.56175608088753,145.20132031453622,143.42792426182965,144.32298278808594,7495000,0.0,0.0
2022-04-21 00:00:00-04:00,143.66212441152902,144.2476784202021,137.04533220322298,137.67271423339844,14594800,0.0,0.0
2022-04-22 00:00:00-04:00,137.50538738919312,138.4171793604934,134.56087140964064,134.6361541748047,12160100,0.0,0.0
2022-04-25 00:00:00-04:00,130.2696023851996,132.46962614269418,126.61406047317597,131.7418670654297,15449800,0.0,0.0
2022-04-26 00:00:00-04:00,132.85442588434103,134.1510052122983,130.82170145320129,130.93881225585938,9810600,0.0,0.0
2022-04-27 00:00:00-04:00,131.39887749104514,132.10154221353557,129.2574158049113,130.6962127685547,10396600,0.0,0.0
2022-04-28 00:00:00-04:00,131.70838930051596,136.35101855887197,129.60038224945612,135.33883666992188,9366400,0.0,0.0
2022-04-29 00:00:00-04:00,134.91221651912485,135.8825703535122,130.73803059017635,131.055908203125,14713200,0.0,0.0
2022-05-02 00:00:00-04:00,130.754745899739,133.8414667693662,129.784392202273,133.63233947753906,11559000,0.0,0.0
2022-05-03 00:00:00-04:00,133.4818022051683,136.7107160208156,133.22247358655838,135.92440795898438,8827200,0.0,0.0
2022-05-04 00:00:00-04:00,137.9989321228561,140.44153760344926,136.7441682466811,140.19058227539062,9183200,0.0,0.0
2022-05-05 00:00:00-04:00,141.5875613801842,141.78832820990058,136.05823432408883,139.07803344726562,9807600,0.0,0.0
2022-05-06 00:00:00-04:00,140.75943186417177,143.01800455579775,138.3753751116045,142.78378295898438,10418100,0.0,0.0
2022-05-09 00:00:00-04:00,140.32442458795043,140.32442458795043,132.56998038252019,133.21409606933594,14110700,0.0,0.0
2022-05-10 00:00:00-04:00,135.69017239616338,137.3464571535357,132.05971251464936,134.49395751953125,11636000,0.0,0.0
2022-05-11 00:00:00-04:00,136.83618036477273,140.08184023772634,135.94110936850487,136.48484802246094,9105500,0.0,0.0
2022-05-12 00:00:00-04:00,136.53504494885706,137.89855915224643,132.88786399763006,137.7814483642578,8936400,0.0,0.0
2022-05-13 00:00:00-04:00,139.2788062258261,141.19440701356024,137.9236651686877,140.42481994628906,9229900,0.0,0.0
2022-05-16 00:00:00-04:00,141.37005938148323,146.3640204884556,141.25294860025264,144.72445678710938,13296300,0.0,0.0
2022-05-17 00:00:00-04:00,146.25528350601863,146.93285399934194,144.3898713338625,145.5777130126953,12827600,0.0,0.0
2022-05-18 00:00:00-04:00,146.85122721878108,146.8596693644704,139.82577910294705,141.7402801513672,13107500,1.42,0.0
2022-05-19 00:00:00-04:00,138.84745228729827,143.0728361943369,137.3293460464351,140.72821044921875,10958700,0.0,0.0
2022-05-20 00:00:00-04:00,142.43186464286498,144.2535792745371,138.39201487390093,141.53787231445312,9615000,0.0,0.0
2022-05-23 00:00:00-04:00,142.8957601868745,145.87294286555104,142.62588170360712,144.82713317871094,10216400,0.0,0.0
2022-05-24 00:00:00-04:00,143.95838723123592,146.39578628965975,143.21619916003482,145.60299682617188,9782700,0.0,0.0
2022-05-25 00:00:00-04:00,146.02472299417354,148.42839258678447,145.88134806280434,147.93922424316406,10174500,0.0,0.0
2022-05-26 00:00:00-04:00,148.85007109360086,150.06454323273138,147.6018432411586,148.9344024658203,11213900,0.0,0.0
2022-05-27 00:00:00-04:00,148.87537773554772,150.4187847560602,148.1753616856459,150.3597412109375,10512300,0.0,0.0
2022-05-31 00:00:00-04:00,151.77664589484203,152.62003687190597,146.30303382081203,147.30667114257812,20547600,0.0,0.0
2022-06-01 00:00:00-04:00,149.05249135307523,150.2332465024859,147.54282708977325,148.7067108154297,8824100,0.0,0.0
2022-06-02 00:00:00-04:00,147.37414534631665,148.86693812394117,146.8343756307017,148.4368133544922,7441900,0.0,0.0
2022-06-03 00:00:00-04:00,148.43680894055035,150.3344386003017,148.43680894055035,149.78623962402344,8435300,0.0,0.0
2022-06-06 00:00:00-04:00,150.0392472001697,150.12359144413657,148.02354331296004,149.13682556152344,6734200,0.0,0.0
2022-06-07 00:00:00-04:00,149.67661097363737,152.36703048760094,149.21274332138051,151.97906494140625,9668300,0.0,0.0
2022-06-08 00:00:00-04:00,152.61161065071659,153.83452512124381,152.02123947899236,152.763427734375,8715200,0.0,0.0
2022-06-09 00:00:00-04:00,151.83568738793016,152.3501564353545,149.60913556462882,149.71878051757812,9764600,0.0,0.0
2022-06-10 00:00:00-04:00,148.74889183015728,150.60436264077492,146.45486689078234,147.93080139160156,9529700,0.0,0.0
2022-06-13 00:00:00-04:00,144.7343153561143,145.06323729801346,138.36671137763832,141.12460327148438,14614900,0.0,0.0
2022-06-14 00:00:00-04:00,142.8451149172808,145.30781484068012,139.86794602182422,141.31015014648438,10269300,0.0,0.0
2022-06-15 00:00:00-04:00,140.660764797098,141.56319943952943,136.57875501483534,138.53541564941406,11565300,0.0,0.0
2022-06-16 00:00:00-04:00,134.89196173887677,135.3979886291801,129.67136926829943,131.13043212890625,18125900,0.0,0.0
2022-06-17 00:00:00-04:00,130.62439820497437,131.12199579117288,122.95796446879949,125.1423568725586,35575100,0.0,0.0
2022-06-21 00:00:00-04:00,128.23759912448378,131.5858622934818,127.72313011977533,130.3798065185547,13772000,0.0,0.0
2022-06-22 00:00:00-04:00,124.88090008870897,127.18335370409179,123.41339525047503,124.71221160888672,13735800,0.0,0.0
2022-06-23 00:00:00-04:00,125.48815136277707,125.85924549180898,118.20125304900752,120.12418365478516,15713700,0.0,0.0
2022-06-24 00:00:00-04:00,122.46036158179768,124.05436993930631,120.26755286522399,122.09770965576172,11108300,0.0,0.0
2022-06-27 00:00:00-04:00,123.01701655774153,125.51345967721991,122.79773952210104,124.45922088623047,9242400,0.0,0.0
2022-06-28 00:00:00-04:00,127.2508432192093,128.35568341374426,124.91464645367208,126.45805358886719,9183300,0.0,0.0
2022-06-29 00:00:00-04:00,127.88336912138315,128.28819315900688,123.21097622504705,123.96159362792969,9082900,0.0,0.0
2022-06-30 00:00:00-04:00,121.91216382248668,124.75438719248852,120.95069865877727,122.10614013671875,10685000,0.0,0.0
2022-07-01 00:00:00-04:00,123.64112340415498,123.94474467316515,120.15791452205563,123.5652084350586,7684600,0.0,0.0
2022-07-05 00:00:00-04:00,121.15311753200511,121.90373504149969,117.57714776503138,120.31816864013672,11513100,0.0,0.0
2022-07-06 00:00:00-04:00,119.47476260170463,120.8241803724013,115.37588215446938,118.73257446289062,12421200,0.0,0.0
2022-07-07 00:00:00-04:00,121.5326559039397,122.54472259387259,120.67239342638995,121.04348754882812,12741800,0.0,0.0
2022-07-08 00:00:00-04:00,122.19048994012222,122.67121610929354,118.99403090248042,120.41093444824219,7915500,0.0,0.0
2022-07-11 00:00:00-04:00,119.68561545171401,120.47840502131827,118.01569206798915,119.34825134277344,7056800,0.0,0.0
2022-07-12 00:00:00-04:00,116.80964910276627,117.75424286908745,115.76383966925005,117.16387176513672,8653900,0.0,0.0
2022-07-13 00:00:00-04:00,116.05904676197557,118.69042280729738,115.66265192577305,116.3795394897461,9414600,0.0,0.0
2022-07-14 00:00:00-04:00,113.27584229276358,114.83612077859308,111.78303663071796,114.65057373046875,10150200,0.0,0.0
2022-07-15 00:00:00-04:00,117.19759572031208,117.19759572031208,115.06380507497298,116.09274291992188,7051900,0.0,0.0
2022-07-18 00:00:00-04:00,118.54702424917798,119.87958343125754,117.29880930574703,117.72050476074219,7943900,0.0,0.0
2022-07-19 00:00:00-04:00,117.81328653106588,122.30011979467304,117.58556736605696,121.9627685546875,9152100,0.0,0.0
2022-07-20 00:00:00-04:00,121.86997816156175,124.19773228110587,120.87478313299245,123.5736312866211,7856600,0.0,0.0
2022-07-21 00:00:00-04:00,120.7061281900684,122.6881023911305,119.33983874796489,122.62905883789062,6724200,0.0,0.0
2022-07-22 00:00:00-04:00,122.76400028558038,123.38811430109179,120.95914393707578,121.60855865478516,5889500,0.0,0.0
2022-07-25 00:00:00-04:00,122.88203630073707,125.33630660363644,121.6000786885336,125.2266616821289,6210900,0.0,0.0
2022-07-26 00:00:00-04:00,126.08694575548402,127.08214088928402,123.58207362967455,124.24835968017578,6112800,0.0,0.0
2022-07-27 00:00:00-04:00,125.10861856304558,126.67732634673362,123.69172785216628,125.88453674316406,6223000,0.0,0.0
2022-07-28 00:00:00-04:00,127.09059006069438,127.74843400190744,124.8471669436728,126.83757019042969,6574300,0.0,0.0
2022-07-29 00:00:00-04:00,132.024428900596,138.87277295664617,131.48465914501273,138.13058471679688,17143700,0.0,0.0
2022-08-01 00:00:00-04:00,135.93776639508087,136.51127901424547,134.22568355364876,135.37269592285156,8017800,0.0,0.0
2022-08-02 00:00:00-04:00,135.69318901418094,136.18235738007343,133.50880922701788,134.21725463867188,5928300,0.0,0.0
2022-08-03 00:00:00-04:00,134.36061231246816,134.90882416012153,130.1774003409546,131.0292205810547,8751400,0.0,0.0
2022-08-04 00:00:00-04:00,130.9954889052381,131.09669170140722,127.12431465314924,127.47010803222656,10640000,0.0,0.0
2022-08-05 00:00:00-04:00,126.20501902302006,130.73402422672532,125.68212076133882,129.57858276367188,7170200,0.0,0.0
2022-08-08 00:00:00-04:00,129.53646306606086,130.7087764256037,129.1653688453487,129.38465881347656,5966900,0.0,0.0
2022-08-09 00:00:00-04:00,131.51837675505732,133.08708431698497,130.38823605698136,131.07138061523438,5842200,0.0,0.0
2022-08-10 00:00:00-04:00,131.568994753139,131.96538954891247,128.9797782304965,131.4171905517578,6145800,0.0,0.0
2022-08-11 00:00:00-04:00,133.34850916357905,135.92085347024047,132.93524307197728,134.6220245361328,7888600,0.0,0.0
2022-08-12 00:00:00-04:00,133.4666245622107,134.86665669834116,132.53046004577712,134.81605529785156,7244700,0.0,0.0
2022-08-15 00:00:00-04:00,130.87740482829844,133.0786557794876,129.40991277358899,132.25213623046875,8975200,0.0,0.0
2022-08-16 00:00:00-04:00,132.75817060084245,133.18829534621347,131.41718209839945,131.91477966308594,7218400,0.0,0.0
2022-08-17 00:00:00-04:00,132.1003552928201,134.38593802215837,131.1557484870625,133.00277709960938,6741100,0.0,0.0
2022-08-18 00:00:00-04:00,133.74313018342843,135.87928402296842,133.6920690214727,135.33460998535156,6477500,1.42,0.0
2022-08-19 00:00:00-04:00,134.85805892309733,135.9474072979943,134.14316350089993,134.20274353027344,6834200,0.0,0.0
2022-08-22 00:00:00-04:00,133.3516966407581,134.24530622814856,131.4197997973227,133.53041076660156,9147000,0.0,0.0
2022-08-23 00:00:00-04:00,135.4027730175305,138.16018122277382,135.07086228963786,137.86231994628906,10354800,0.0,0.0
2022-08-24 00:00:00-04:00,137.58143296026026,139.0197167183195,136.7388845790742,138.883544921875,9468100,0.0,0.0
2022-08-25 00:00:00-04:00,139.50485039192802,140.3388801557288,138.38997108820172,140.1005859375,8050700,0.0,0.0
2022-08-26 00:00:00-04:00,139.72608797993124,141.38565424474191,138.26228653907455,139.07078552246094,7765800,0.0,0.0
2022-08-29 00:00:00-04:00,139.47930017425185,141.98140209972075,139.2665365817604,140.1090850830078,8462600,0.0,0.0
2022-08-30 00:00:00-04:00,138.1431375094373,138.34738222636838,135.1133733523623,136.6963348388672,8814300,0.0,0.0
2022-08-31 00:00:00-04:00,134.1346673264108,137.36867622948168,132.89212234766256,134.51763916015625,13582700,0.0,0.0
2022-09-01 00:00:00-04:00,133.17294829224207,133.513377740134,130.4070223351415,132.37295532226562,8244400,0.0,0.0
2022-09-02 00:00:00-04:00,134.67082358810615,135.42826131962875,133.377217545868,134.3389129638672,7526600,0.0,0.0
2022-09-06 00:00:00-04:00,136.0750754831588,136.16018611006862,132.5176746385328,133.7176513671875,8550000,0.0,0.0
2022-09-07 00:00:00-04:00,131.11339436969075,132.61125791734617,129.88787437108368,132.0070037841797,9442100,0.0,0.0
2022-09-08 00:00:00-04:00,132.4155132942993,133.08785335114675,130.5346908777689,132.72189331054688,9232500,0.0,0.0
2022-09-09 00:00:00-04:00,134.81551532339893,136.72186865201058,134.06658338083975,136.14315795898438,8261100,0.0,0.0
2022-09-12 00:00:00-04:00,138.56015044251313,140.02396489786415,137.23250779371995,138.29632568359375,8920800,0.0,0.0
2022-09-13 00:00:00-04:00,137.36868893971655,138.43250690191735,135.0963753307828,135.6665802001953,10308300,0.0,0.0
2022-09-14 00:00:00-04:00,136.96867169775174,139.2069485083202,136.46655281194623,138.95162963867188,11160800,0.0,0.0
2022-09-15 00:00:00-04:00,136.74739601809995,137.61547502323046,135.81124409803095,136.6963348388672,9665000,0.0,0.0
2022-09-16 00:00:00-04:00,136.61124299212764,137.1388925146399,132.43256316703784,133.14744567871094,43741600,0.0,0.0
2022-09-19 00:00:00-04:00,130.1517242505642,133.57296607763115,130.0410960251565,133.53041076660156,6813800,0.0,0.0
2022-09-20 00:00:00-04:00,132.79850413863753,133.4878690137328,131.35171445983488,133.0027618408203,8955200,0.0,0.0
2022-09-21 00:00:00-04:00,134.73041811332712,135.1304147146515,131.87087484963558,131.92193603515625,6877000,0.0,0.0
2022-09-22 00:00:00-04:00,134.1261719834607,134.70488271345536,131.69215600071473,131.81980895996094,6981100,0.0,0.0
2022-09-23 00:00:00-04:00,127.4453849568813,127.8113320827149,122.26246724290155,123.20713806152344,13919700,0.0,0.0
2022-09-26 00:00:00-04:00,122.18584370653505,123.44540014190568,119.90501195951012,119.96459197998047,9444000,0.0,0.0
2022-09-27 00:00:00-04:00,121.0965079932379,122.35607767974115,119.53909008592059,120.01567840576172,10121000,0.0,0.0
2022-09-28 00:00:00-04:00,120.91778294838176,124.62837979989496,120.339059336502,124.06668090820312,8279800,0.0,0.0
2022-09-29 00:00:00-04:00,122.9858556263139,123.75181230917562,121.07950225256047,123.20713806152344,8197600,0.0,0.0
2022-09-30 00:00:00-04:00,122.57733033620039,123.5220009787166,121.26671263607051,122.27095031738281,9402700,0.0,0.0
2022-10-03 00:00:00-04:00,126.7815425205569,129.64959095811307,126.21133777699252,129.1304473876953,9597400,0.0,0.0
2022-10-04 00:00:00-04:00,131.4283185408543,134.3644664707936,130.74748544191195,134.15170288085938,9520200,0.0,0.0
2022-10-05 00:00:00-04:00,132.62830998103306,135.9389109628099,131.74321914958597,134.9176483154297,10633100,0.0,0.0
2022-10-06 00:00:00-04:00,133.90486407034206,137.81971856602422,133.7857170023547,137.37716674804688,9498300,0.0,0.0
2022-10-07 00:00:00-04:00,138.30480932664418,139.51330469701293,135.3686750196304,136.19419860839844,9972500,0.0,0.0
2022-10-10 00:00:00-04:00,137.01973485596253,137.41973139411607,133.13892953656904,133.7346649169922,5904500,0.0,0.0
2022-10-11 00:00:00-04:00,131.70061312818964,136.10906683675134,131.1559390602196,133.76016235351562,7533300,0.0,0.0
2022-10-12 00:00:00-04:00,132.88363566433097,135.1559493910728,132.3559860832623,134.16021728515625,4942000,0.0,0.0
2022-10-13 00:00:00-04:00,133.06235284887399,141.26651626540158,133.06235284887399,140.66226196289062,10227500,0.0,0.0
2022-10-14 00:00:00-04:00,139.60693290557364,140.8154413635381,136.10909943242558,136.28782653808594,7327900,0.0,0.0
2022-10-17 00:00:00-04:00,138.96863779575304,140.3473544619357,137.10483996323566,137.28355407714844,5890400,0.0,0.0
2022-10-18 00:00:00-04:00,138.17717097057994,138.98566992503498,135.2835916643016,138.48355102539062,5631200,0.0,0.0
2022-10-19 00:00:00-04:00,139.22398923106292,144.00692389442287,139.22398923106292,142.97714233398438,9766800,0.0,0.0
2022-10-20 00:00:00-04:00,144.08349902901588,146.22815955234285,142.92606463392525,143.7941436767578,8871500,0.0,0.0
2022-10-21 00:00:00-04:00,143.95580737418882,147.94725350130327,143.70050151254247,147.39407348632812,7971300,0.0,0.0
2022-10-24 00:00:00-04:00,146.44943840476301,148.65366611930517,146.04944180963804,147.34304809570312,7007700,0.0,0.0
2022-10-25 00:00:00-04:00,147.283471403007,148.9345190057546,146.52603351150583,148.87493896484375,7280600,0.0,0.0
2022-10-26 00:00:00-04:00,149.2068391104023,151.8961607028491,149.07917317975597,150.71319580078125,6865300,0.0,0.0
2022-10-27 00:00:00-04:00,153.09611384565753,154.38120079717916,151.04507045094627,151.4025115966797,9177400,0.0,0.0
2022-10-28 00:00:00-04:00,154.44080491036783,155.6237697151189,150.23659513366715,153.1727294921875,10773900,0.0,0.0
2022-10-31 00:00:00-04:00,151.53874289733142,156.45783624211555,151.53874289733142,153.9557342529297,13281000,0.0,0.0
2022-11-01 00:00:00-04:00,156.48332043914803,157.01948870245027,154.8067427458255,155.07908630371094,9185600,0.0,0.0
2022-11-02 00:00:00-04:00,153.9812175343987,155.65779520967502,151.71742341760677,151.9131622314453,8087500,0.0,0.0
2022-11-03 00:00:00-04:00,151.4621092309661,155.0535588093268,150.9855209812216,154.1514434814453,6607800,0.0,0.0
2022-11-04 00:00:00-04:00,157.3088524400473,157.78544070588222,153.70039100669348,156.10035705566406,7491900,0.0,0.0
2022-11-07 00:00:00-05:00,155.31740825510266,158.61950306285928,154.98549760073956,157.9641876220703,7578000,0.0,0.0
2022-11-08 00:00:00-05:00,157.71739378103604,158.50886807017233,156.4748487523652,157.73440551757812,6308200,0.0,0.0
2022-11-09 00:00:00-05:00,156.2620962485592,156.43230452845546,150.82385924439689,151.4281005859375,8021700,0.0,0.0
2022-11-10 00:00:00-05:00,155.08760148311424,155.17271209657824,151.52168234750903,154.29612731933594,6981500,0.0,0.0
2022-11-11 00:00:00-05:00,156.63654755936867,159.23226578893335,156.50037575380438,158.68759155273438,8428300,0.0,0.0
2022-11-14 00:00:00-05:00,158.55993295602528,161.42798194344118,158.44929173562474,158.76419067382812,9722400,0.0,0.0
2022-11-15 00:00:00-05:00,159.24926901086113,160.372666867617,157.67482642114757,160.04075622558594,7747300,0.0,0.0
2022-11-16 00:00:00-05:00,158.75563169132496,159.84499292486157,156.32161636015957,157.43650817871094,7941100,0.0,0.0
2022-11-17 00:00:00-05:00,155.6697555454177,158.0025302571383,154.60629357359448,157.88246154785156,6550500,1.42,0.0
2022-11-18 00:00:00-05:00,155.19808387949286,157.2992930846794,154.0745677899026,156.9390869140625,7661500,0.0,0.0
2022-11-21 00:00:00-05:00,154.14316109811278,155.83270776669812,150.78980892167132,155.43820190429688,8432900,0.0,0.0
2022-11-22 00:00:00-05:00,157.5908499840796,160.00080864373663,157.01623457764768,159.4261932373047,9018000,0.0,0.0
2022-11-23 00:00:00-05:00,157.12777333120053,158.79157910121927,156.58745751439739,158.01113891601562,5831200,0.0,0.0
2022-11-25 00:00:00-05:00,158.56861021402585,158.92024475942023,157.2135412794538,157.5480194091797,2796400,0.0,0.0
2022-11-28 00:00:00-05:00,154.61487827424625,155.63546893249963,152.62516619735212,152.9682159423828,9365500,0.0,0.0
2022-11-29 00:00:00-05:00,154.59770273986328,155.96135606099494,154.0745434371668,155.25808715820312,6985400,0.0,0.0
2022-11-30 00:00:00-05:00,156.8190560048946,157.2392900953589,154.04887685885367,157.21356201171875,10936700,0.0,0.0
2022-12-01 00:00:00-05:00,158.0282934962056,158.27701571925778,155.60976236053816,156.51028442382812,5217400,0.0,0.0
2022-12-02 00:00:00-05:00,155.6869058297082,157.48794948463237,154.31468084628906,155.25808715820312,6852300,0.0,0.0
2022-12-05 00:00:00-05:00,156.6646502248426,156.90478769274446,149.76925005728398,151.4244842529297,8162200,0.0,0.0
2022-12-06 00:00:00-05:00,150.52396351711297,152.71094191347075,146.75893515035605,147.52223205566406,8765000,0.0,0.0
2022-12-07 00:00:00-05:00,146.70743847608682,149.7263255192761,146.52734196658102,147.9595947265625,6936300,0.0,0.0
2022-12-08 00:00:00-05:00,151.15861509206314,151.28725548732464,147.53938365825718,148.83441162109375,8076600,0.0,0.0
2022-12-09 00:00:00-05:00,147.7709745149727,148.53427152481993,144.02308896383536,144.0831298828125,10754300,0.0,0.0
2022-12-12 00:00:00-05:00,144.88070006782138,146.24435367127018,143.8343943323191,145.58396911621094,9364900,0.0,0.0
2022-12-13 00:00:00-05:00,148.86014901051342,149.62344587155957,147.92531417812307,148.82583618164062,7838800,0.0,0.0
2022-12-14 00:00:00-05:00,149.64916138524958,150.01793920235488,146.8875677858008,147.79666137695312,7045500,0.0,0.0
2022-12-15 00:00:00-05:00,146.31295812175247,146.97332955364575,144.1345516119863,146.6903076171875,7272900,0.0,0.0
2022-12-16 00:00:00-05:00,144.53765407279536,145.92702270475212,143.31123866784793,144.7006072998047,23876000,0.0,0.0
2022-12-19 00:00:00-05:00,145.89273333136498,146.50166178823432,144.29752686455785,145.6954803466797,7131600,0.0,0.0
2022-12-20 00:00:00-05:00,145.63544321899158,148.62001849410441,145.45534664592645,148.08828735351562,6199100,0.0,0.0
2022-12-21 00:00:00-05:00,150.2495317990886,150.90991640898807,148.50852853468092,149.82928466796875,5479400,0.0,0.0
2022-12-22 00:00:00-05:00,150.22376962666942,150.26665411382888,144.36610463371053,147.58224487304688,5755000,0.0,0.0
2022-12-23 00:00:00-05:00,149.31467404059688,152.29924847772364,148.96303957180248,152.14486694335938,6079100,0.0,0.0
2022-12-27 00:00:00-05:00,152.9682307520186,154.5720087493959,152.14489296312087,154.05743408203125,5168000,0.0,0.0
2022-12-28 00:00:00-05:00,153.397061358852,153.7744239959543,150.8841763907906,151.78469848632812,4494400,0.0,0.0
2022-12-29 00:00:00-05:00,151.50164814736763,153.68862623098147,151.50164814736763,152.9339141845703,4142100,0.0,0.0
2022-12-30 00:00:00-05:00,152.68519100307108,154.3318533024647,152.40216908007253,153.93734741210938,5005100,0.0,0.0
2023-01-03 00:00:00-05:00,152.69378916553558,153.5171270013731,147.09341680843988,149.22036743164062,7565400,0.0,0.0
2023-01-04 00:00:00-05:00,146.61310693759546,149.47761263516853,146.52735105182546,147.63369750976562,7684500,0.0,0.0
2023-01-05 00:00:00-05:00,147.0848201959349,151.10714186248146,146.8618391738364,150.29238891601562,6088200,0.0,0.0
2023-01-06 00:00:00-05:00,151.8190032853459,153.8516000981261,150.6869154339424,151.4244842529297,7191200,0.0,0.0
2023-01-09 00:00:00-05:00,152.8824614430525,152.94250235169955,149.5548367242519,150.24093627929688,8385600,0.0,0.0
2023-01-10 00:00:00-05:00,151.28725039094795,151.5531290097155,148.9887881629688,150.97850036621094,8307000,0.0,0.0
2023-01-11 00:00:00-05:00,152.5651341235978,152.77954349827746,149.48621864396023,150.25808715820312,6962600,0.0,0.0
2023-01-12 00:00:00-05:00,150.93561596445684,152.9767841483225,150.85841865003707,151.8704376220703,6891400,0.0,0.0
2023-01-13 00:00:00-05:00,151.87902905961406,152.65091069874902,150.66975698552653,152.28211975097656,5726300,0.0,0.0
2023-01-17 00:00:00-05:00,153.03685374982487,155.50685419826402,152.81385960091734,154.79501342773438,10697700,0.0,0.0
2023-01-18 00:00:00-05:00,155.07804405785606,156.41595667992544,151.7504058331622,151.99911499023438,8899200,0.0,0.0
2023-01-19 00:00:00-05:00,151.46739726493334,154.3319040902906,151.08146291075263,153.51715087890625,5907200,0.0,0.0
2023-01-20 00:00:00-05:00,153.3541925980224,155.54117131545496,152.247845740728,155.1466522216797,10477900,0.0,0.0
2023-01-23 00:00:00-05:00,155.41252975733778,156.56176110782263,154.40051048990915,154.94082641601562,8381300,0.0,0.0
2023-01-24 00:00:00-05:00,155.30957467100257,156.0900279515226,153.25982153070396,155.0865936279297,5989000,0.0,0.0
2023-01-25 00:00:00-05:00,153.76582042210828,154.4004768783202,151.24437718436914,153.58572387695312,6727500,0.0,0.0
2023-01-26 00:00:00-05:00,158.65439588836418,161.07292729149592,157.35935464269204,161.05577087402344,14307800,0.0,0.0
2023-01-27 00:00:00-05:00,158.0025674932214,158.0025674932214,152.59087646431723,153.90306091308594,19654700,0.0,0.0
2023-01-30 00:00:00-05:00,152.65946122458706,152.9510548075124,148.94588961430455,149.4004364013672,11476000,0.0,0.0
2023-01-31 00:00:00-05:00,148.15689037075032,149.76925319170158,147.01623083108916,149.24609375,14481300,0.0,0.0
2023-02-01 00:00:00-05:00,148.63717345231035,148.93735185315552,145.40387596886728,146.96478271484375,11526400,0.0,0.0
2023-02-02 00:00:00-05:00,146.76751071584673,147.02479149866042,143.07109515564525,144.94931030273438,10463400,0.0,0.0
2023-02-03 00:00:00-05:00,145.67827934823185,147.12768854918394,144.50332037807868,145.32664489746094,8404900,0.0,0.0
2023-02-06 00:00:00-05:00,145.42102670509888,145.90130165848174,143.54279830157512,145.48963928222656,7659500,0.0,0.0
2023-02-07 00:00:00-05:00,145.85842820769295,149.56341571517305,145.46390916635636,149.30612182617188,10256500,0.0,0.0
2023-02-08 00:00:00-05:00,147.92530762943548,149.2889611567973,145.3438235477106,145.79837036132812,9784700,0.0,0.0
2023-02-09 00:00:00-05:00,145.99561444355012,146.3644053393901,144.08308665984714,144.46044921875,10123400,0.0,0.0
2023-02-10 00:00:00-05:00,146.48449593624707,148.13973012372418,146.46733952105,147.48793029785156,11602400,0.0,0.0
2023-02-13 00:00:00-05:00,146.93049048420392,147.42790881186,145.60114949126435,146.66461181640625,9442900,0.0,0.0
2023-02-14 00:00:00-05:00,146.21002314491633,148.8086634707766,145.78120443653665,147.7880859375,8077300,0.0,0.0
2023-02-15 00:00:00-05:00,146.56813260419182,146.67196788951514,144.92422134444732,146.23069763183594,8885700,1.51,0.0
2023-02-16 00:00:00-05:00,145.52121874445837,145.92787282291306,143.97246898978273,144.11956787109375,6727500,0.0,0.0
2023-02-17 00:00:00-05:00,142.52757379057618,142.622748443132,140.03575114564018,140.90097045898438,9612100,0.0,0.0
2023-02-21 00:00:00-05:00,140.32126067128172,141.67966131838213,139.04073979537094,139.30030822753906,7259700,0.0,0.0
2023-02-22 00:00:00-05:00,138.6773738574431,139.87138093578358,137.49202742310294,138.73794555664062,6205900,0.0,0.0
2023-02-23 00:00:00-05:00,140.3818264544238,140.89230265482135,138.9196037768457,140.10494995117188,6445500,0.0,0.0
2023-02-24 00:00:00-05:00,139.1013046086478,140.68465744419615,137.6996404250978,140.520263671875,5330200,0.0,0.0
2023-02-27 00:00:00-05:00,141.03939583885423,141.35087532046032,140.09630995367428,140.87501525878906,6386800,0.0,0.0
2023-02-28 00:00:00-05:00,142.17284968708736,142.17284968708736,138.67735612580472,139.101318359375,10854200,0.0,0.0
2023-03-01 00:00:00-05:00,139.2310688539023,141.54120248011532,138.9455449402539,140.20877075195312,7470400,0.0,0.0
2023-03-02 00:00:00-05:00,140.14822612613213,141.45471578946962,139.81079110890047,140.65005493164062,5582000,0.0,0.0
2023-03-03 00:00:00-05:00,139.18779112086742,143.2629788536082,138.7984451698631,142.72654724121094,6007500,0.0,0.0
2023-03-06 00:00:00-05:00,142.19011535086057,144.31856031984722,141.7315502465442,143.77346801757812,7703600,0.0,0.0
2023-03-07 00:00:00-05:00,143.36683542364847,144.14554071526152,141.53257473166005,141.9219207763672,7393000,0.0,0.0
2023-03-08 00:00:00-05:00,141.22972362240193,143.01207302801387,139.62907605428694,141.02207946777344,5435800,0.0,0.0
2023-03-09 00:00:00-05:00,141.71427654451895,143.18516005335098,138.59949469556878,138.87635803222656,6214700,0.0,0.0
2023-03-10 00:00:00-05:00,139.24839887871556,142.475663231923,137.28434733408415,138.14956665039062,7385800,0.0,0.0
2023-03-13 00:00:00-04:00,135.35491809287308,139.2570526335621,133.0707395223381,137.3189697265625,10106100,0.0,0.0
2023-03-14 00:00:00-04:00,136.92958807310998,141.91325919582098,136.60081374924042,139.09263610839844,10035200,0.0,0.0
2023-03-15 00:00:00-04:00,134.61947658614488,136.66139479673836,131.52198970384296,133.07073974609375,14063100,0.0,0.0
2023-03-16 00:00:00-04:00,129.92131324277995,134.5156249056967,129.70500845110064,133.49465942382812,12849600,0.0,0.0
2023-03-17 00:00:00-04:00,132.91495929503137,134.43775342204881,130.30200701289235,131.80747985839844,33161800,0.0,0.0
2023-03-20 00:00:00-04:00,131.28837076432757,134.78385064592737,130.89901154891714,133.74559020996094,8469200,0.0,0.0
2023-03-21 00:00:00-04:00,135.97785766264366,138.06303918018372,135.38085428024277,137.83807373046875,9753500,0.0,0.0
2023-03-22 00:00:00-04:00,138.32262863146477,138.48702243858563,134.91366190127744,135.03480529785156,6315000,0.0,0.0
2023-03-23 00:00:00-04:00,135.85669688446205,137.36216955941643,132.4996427962465,133.6936492919922,7859400,0.0,0.0
2023-03-24 00:00:00-04:00,131.59986198162542,135.5365992698886,131.3662490719315,135.026123046875,6600100,0.0,0.0
2023-03-27 00:00:00-04:00,136.1854896449568,137.11992791613207,134.70597228391,136.40179443359375,7006800,0.0,0.0
2023-03-28 00:00:00-04:00,136.0816798769973,138.59947101294296,135.56254305644433,137.9938201904297,5605400,0.0,0.0
2023-03-29 00:00:00-04:00,138.97149609292768,139.57716006162266,137.85536919482317,139.1791534423828,7569700,0.0,0.0
2023-03-30 00:00:00-04:00,140.38183003236773,141.03939194105294,139.80213469138235,140.50296020507812,6322400,0.0,0.0
2023-03-31 00:00:00-04:00,140.77116753545548,141.6536948557919,140.29529431359768,141.16917419433594,7041400,0.0,0.0
2023-04-03 00:00:00-04:00,146.91424398860752,148.03903175126536,146.15284675809468,147.0440216064453,12868200,0.0,0.0
2023-04-04 00:00:00-04:00,148.0736184959327,148.0736184959327,145.11457031356002,146.25665283203125,7521400,0.0,0.0
2023-04-05 00:00:00-04:00,146.44701452710282,147.46798017016346,145.13189069164002,146.98345947265625,6478100,0.0,0.0
2023-04-06 00:00:00-04:00,146.52488412982126,146.5767951720662,144.6040963535707,145.0540008544922,5803200,0.0,0.0
2023-04-10 00:00:00-04:00,145.78079672196583,146.81039654340984,144.75983113806427,145.6077423095703,5923500,0.0,0.0
2023-04-11 00:00:00-04:00,146.28262168825142,147.38144060578387,145.41740245745237,146.4123992919922,5469600,0.0,0.0
2023-04-12 00:00:00-04:00,147.4766282582563,148.0563236097632,146.62871703389388,146.93154907226562,6157900,0.0,0.0
2023-04-13 00:00:00-04:00,147.30356868937915,149.22435636811247,146.9315307707132,148.89556884765625,6856600,0.0,0.0
2023-04-14 00:00:00-04:00,149.25032107698522,149.57910861768428,148.1428414898072,149.1984100341797,4930700,0.0,0.0
2023-04-17 00:00:00-04:00,149.15515898705536,149.2849366049939,147.27763463508245,147.88328552246094,7006000,0.0,0.0
2023-04-18 00:00:00-04:00,147.79672350513263,149.15511053973302,147.19972025213062,147.5371551513672,8045600,0.0,0.0
2023-04-19 00:00:00-04:00,146.6200429278409,147.7275223833621,146.3085635058383,147.67559814453125,5506800,0.0,0.0
2023-04-20 00:00:00-04:00,146.01439003523436,147.1391776556717,145.3741362652574,146.95748901367188,5851100,0.0,0.0
2023-04-21 00:00:00-04:00,146.9401934622787,147.59775536924866,146.08362161321895,146.3258819580078,7179000,0.0,0.0
2023-04-24 00:00:00-04:00,146.30856990378305,149.1464877829303,145.85865222961664,148.36778259277344,7177600,0.0,0.0
2023-04-25 00:00:00-04:00,147.36412188127093,147.4333277906024,145.72884512556047,146.21337890625,5807200,0.0,0.0
2023-04-26 00:00:00-04:00,145.53854894851094,146.17880280172076,142.96018584590092,143.60910034179688,5927400,0.0,0.0
2023-04-27 00:00:00-04:00,143.99841608783652,144.82903227670977,142.82173072374374,144.44833374023438,6417200,0.0,0.0
2023-04-28 00:00:00-04:00,142.32856183153982,146.17013728451172,141.93921582259216,145.85865783691406,10036300,0.0,0.0
2023-05-01 00:00:00-04:00,145.10591860869448,145.98843269178167,143.93786740163566,144.6992645263672,6099800,0.0,0.0
2023-05-02 00:00:00-04:00,143.03803473819642,143.089945774309,137.09397026157487,138.46966552734375,10701700,0.0,0.0
2023-05-03 00:00:00-04:00,136.83443497220028,138.06305806759002,135.61448572192097,135.69235229492188,7538100,0.0,0.0
2023-05-04 00:00:00-04:00,135.9345953770599,136.87768118049715,134.47237274854274,135.16455078125,7500400,0.0,0.0
2023-05-05 00:00:00-04:00,137.82942286267243,139.40411496052076,137.37950517663117,138.6167755126953,5802000,0.0,0.0
2023-05-08 00:00:00-04:00,139.79349225413432,140.4250986628566,138.0197900028137,138.0717010498047,5028200,0.0,0.0
2023-05-09 00:00:00-04:00,136.7998240556608,138.7984785263758,136.62678283609478,137.67369079589844,5019800,0.0,0.0
2023-05-10 00:00:00-04:00,138.81575614560035,138.81575614560035,134.8703591156454,135.91726684570312,6161200,0.0,0.0
2023-05-11 00:00:00-04:00,134.4377697878964,135.2510779861626,133.1485883670066,135.16455078125,6666100,0.0,0.0
2023-05-12 00:00:00-04:00,135.83942291729505,136.64407048669275,134.59350507882294,135.51063537597656,4898900,0.0,0.0
2023-05-15 00:00:00-04:00,136.03840669085426,136.8430673858023,135.17318751902022,136.012451171875,5096700,0.0,0.0
2023-05-16 00:00:00-04:00,135.3894957631992,135.85672152112988,132.66406058332643,132.81979370117188,7007700,0.0,0.0
2023-05-17 00:00:00-04:00,133.92726861139107,135.33758007367516,133.20914832307122,134.72328186035156,6169600,0.0,0.0
2023-05-18 00:00:00-04:00,133.56128843111733,134.75825550656702,132.3905443799747,134.5572967529297,7477700,1.51,0.0
2023-05-19 00:00:00-04:00,135.32613217014162,136.6803572245212,134.53981482578178,135.62318420410156,8100900,0.0,0.0
2023-05-22 00:00:00-04:00,134.3650686934116,135.27371571649954,132.87979516001485,133.1855926513672,11661000,0.0,0.0
2023-05-23 00:00:00-04:00,134.6708484059997,137.7637113947293,134.40873820965487,137.03855895996094,10436200,0.0,0.0
2023-05-24 00:00:00-04:00,137.9996369470599,138.5413350062008,136.54930515137806,137.40553283691406,7064000,0.0,0.0
2023-05-25 00:00:00-04:00,135.14266530669448,135.972683329783,134.11171519809378,135.03782653808594,7037700,0.0,0.0
2023-05-26 00:00:00-04:00,135.6755983690176,135.97266372304153,134.0767540523595,134.61843872070312,7736200,0.0,0.0
2023-05-30 00:00:00-04:00,132.51284307028897,133.9020099309,132.1109522795174,133.77969360351562,7814800,0.0,0.0
2023-05-31 00:00:00-04:00,132.39925386707267,133.16810694247013,131.36830390822544,131.595458984375,13346400,0.0,0.0
2023-06-01 00:00:00-04:00,132.1895881719711,134.32139855771024,130.82663093032954,132.9409637451172,9887700,0.0,0.0
2023-06-02 00:00:00-04:00,135.0552906081467,136.95120036267213,134.20780842933615,136.52308654785156,9464300,0.0,0.0
2023-06-05 00:00:00-04:00,138.43646925055484,138.43646925055484,135.63192591244027,135.86781311035156,6443800,0.0,0.0
2023-06-06 00:00:00-04:00,133.96316761695718,136.43571705361342,133.84958341491415,136.11244201660156,6176400,0.0,0.0
2023-06-07 00:00:00-04:00,136.77647296082426,139.97418859268865,136.73278569845834,139.64218139648438,9900000,0.0,0.0
2023-06-08 00:00:00-04:00,139.93048862048406,140.21880852813442,137.24824826631487,139.12669372558594,7142200,0.0,0.0
2023-06-09 00:00:00-04:00,139.1616419840522,140.13144050692802,138.58500214202223,138.79469299316406,6669500,0.0,0.0
2023-06-12 00:00:00-04:00,137.22204623401672,139.20533055891835,136.4968803648856,137.45794677734375,7159600,0.0,0.0
2023-06-13 00:00:00-04:00,138.4976370522889,140.29744014659326,138.27921408780574,138.4888916015625,7660800,0.0,0.0
2023-06-14 00:00:00-04:00,139.77321407380163,140.46343807941764,136.42697279281808,137.2482452392578,7721100,0.0,0.0
2023-06-15 00:00:00-04:00,137.4492118758473,139.60721853745284,137.4492118758473,138.28794860839844,7705400,0.0,0.0
2023-06-16 00:00:00-04:00,138.54133718950666,139.12670918895682,137.39678955078125,137.39678955078125,22908100,0.0,0.0
2023-06-20 00:00:00-04:00,136.42698676456996,136.79394909941607,133.01086151961462,134.2689666748047,10438700,0.0,0.0
2023-06-21 00:00:00-04:00,133.3865332158362,136.26098686960503,133.238007201029,135.31739807128906,7328200,0.0,0.0
2023-06-22 00:00:00-04:00,133.98064811308222,134.19032562115268,132.77494911575954,133.36032104492188,7088600,0.0,0.0
2023-06-23 00:00:00-04:00,131.93621098483766,132.53906053785386,131.16737116679258,132.2332763671875,15172700,0.0,0.0
2023-06-26 00:00:00-04:00,132.46917345845108,135.39604691778928,132.39927650042264,134.5572967529297,7371800,0.0,0.0
2023-06-27 00:00:00-04:00,134.1116992465122,135.1688722530035,133.51759518641964,134.13790893554688,6581700,0.0,0.0
2023-06-28 00:00:00-04:00,134.05928048449655,135.43971521641245,132.96716566476684,135.3523406982422,5773800,0.0,0.0
2023-06-29 00:00:00-04:00,135.79791365925308,136.53182492254848,134.93296728656944,136.505615234375,5633500,0.0,0.0
2023-06-30 00:00:00-04:00,137.57152472769187,137.97341551353313,136.8201492025542,137.4754180908203,6346600,0.0,0.0
2023-07-03 00:00:00-04:00,137.32686536096992,138.130673517275,136.90749704616434,137.35308837890625,3272600,0.0,0.0
2023-07-05 00:00:00-04:00,137.78118821822017,137.78118821822017,135.52706187220275,136.56675720214844,6318700,0.0,0.0
2023-07-06 00:00:00-04:00,135.59698086842505,136.14741103415648,132.47790770273463,133.5700225830078,9203000,0.0,0.0
2023-07-07 00:00:00-04:00,132.92348764647272,136.28720685767658,132.7662295006094,134.7407684326172,6602200,0.0,0.0
2023-07-10 00:00:00-04:00,134.48740617023861,136.11247385986113,134.4786740493767,135.64068603515625,5167900,0.0,0.0
2023-07-11 00:00:00-04:00,136.29595528205795,138.40155625231728,135.99890319446047,138.14817810058594,5060500,0.0,0.0
2023-07-12 00:00:00-04:00,139.10920157727284,140.08773207173274,138.33161645260853,139.4761505126953,6464000,0.0,0.0
2023-07-13 00:00:00-04:00,139.65090754703658,140.31492191106207,136.793944684858,137.61520385742188,8143900,0.0,0.0
2023-07-14 00:00:00-04:00,137.17836707060567,137.18711252217713,133.93697743007957,134.18161010742188,7065700,0.0,0.0
2023-07-17 00:00:00-04:00,133.9806513280946,134.67086202785453,133.36032424504882,134.0592803955078,4351700,0.0,0.0
2023-07-18 00:00:00-04:00,133.38655024139982,136.35711091114737,133.12443998649837,134.33013916015625,6798300,0.0,0.0
2023-07-19 00:00:00-04:00,134.40003733645503,136.10373401155195,133.91950408668885,135.1514129638672,5653100,0.0,0.0
2023-07-20 00:00:00-04:00,136.43573872297395,137.33564036898824,136.0425800100083,136.64541625976562,5866600,0.0,0.0
2023-07-21 00:00:00-04:00,137.632678179298,138.7684802680504,137.22204193696845,138.6461639404297,8760100,0.0,0.0
2023-07-24 00:00:00-04:00,140.2013545979917,143.32042806761132,139.79945041703735,141.38084411621094,9722100,0.0,0.0
2023-07-25 00:00:00-04:00,141.4594645828788,142.85736368184286,140.36734966268148,142.02735900878906,6767600,0.0,0.0
2023-07-26 00:00:00-04:00,140.55958068192913,141.61674059237535,140.27126070685765,140.9614715576172,6056400,0.0,0.0
2023-07-27 00:00:00-04:00,141.6167327586028,141.9487399839225,139.1092409903756,139.49366760253906,6470100,0.0,0.0
2023-07-28 00:00:00-04:00,138.401515017409,138.9169899566872,136.74149267312765,138.80340576171875,6542300,0.0,0.0
2023-07-31 00:00:00-04:00,140.7779641307785,143.26797776420304,140.33237278021832,142.9884033203125,13056300,0.0,0.0
2023-08-01 00:00:00-04:00,142.97093000559417,142.97093000559417,140.27122546031265,141.80018615722656,7531400,0.0,0.0
2023-08-02 00:00:00-04:00,140.8129126981371,140.8565999565711,138.09573053388883,139.55479431152344,7067100,0.0,0.0
2023-08-03 00:00:00-04:00,139.7120712208619,141.27597381450752,138.785959964476,139.50238037109375,6680700,0.0,0.0
2023-08-04 00:00:00-04:00,140.36735570814227,142.4292692995384,138.95196564520023,139.1878662109375,10185400,0.0,0.0
2023-08-07 00:00:00-04:00,140.67311061901128,140.99638564743023,138.98689185969985,139.694580078125,13927400,0.0,0.0
2023-08-08 00:00:00-04:00,137.99090334687767,139.60722539259868,136.4881521848305,139.4849090576172,6451300,0.0,0.0
2023-08-09 00:00:00-04:00,140.54207259395454,141.048815470589,139.1878475498513,139.6683807373047,10531500,0.0,0.0
2023-08-10 00:00:00-04:00,140.07903840426505,141.95747085081314,139.45871122530144,140.51588439941406,8647100,0.0,0.0
2023-08-11 00:00:00-04:00,140.22754908236251,143.43399673574544,139.94796127698183,143.41651916503906,6682600,0.0,0.0
2023-08-14 00:00:00-04:00,143.0845361736722,143.5039045821019,142.07105029944248,143.3116912841797,6060100,0.0,0.0
2023-08-15 00:00:00-04:00,142.76124165654278,142.76998710711007,139.0043774009597,139.12669372558594,7876500,0.0,0.0
2023-08-16 00:00:00-04:00,140.24499627223472,141.3895302731794,138.45392561001464,138.59371948242188,7920500,0.0,0.0
2023-08-17 00:00:00-04:00,140.41082315330564,143.02181070423444,140.22559212918608,140.9136199951172,8270500,1.51,0.0
2023-08-18 00:00:00-04:00,139.70515609931118,142.2984979817851,139.51109558704445,141.92800903320312,5999200,0.0,0.0
2023-08-21 00:00:00-04:00,142.19265700844372,142.9600831208942,140.64900220400426,141.4517059326172,6802300,0.0,0.0
2023-08-22 00:00:00-04:00,141.5663772504956,142.23675961313825,140.22559906560898,140.28733825683594,6080800,0.0,0.0
2023-08-23 00:00:00-04:00,139.49344612551295,140.61370205850557,138.22323679355276,140.47256469726562,4975600,0.0,0.0
2023-08-24 00:00:00-04:00,139.13178739033467,141.03710139793833,138.98183399060656,139.31703186035156,5989600,0.0,0.0
2023-08-25 00:00:00-04:00,140.31381650133724,141.054767570613,139.06123905521665,140.35791015625,5291800,0.0,0.0
2023-08-28 00:00:00-04:00,140.71955463161987,142.72189897235106,140.44610939426016,141.3193817138672,4386100,0.0,0.0
2023-08-29 00:00:00-04:00,141.9368429545508,141.97212056715338,140.34026515717713,141.09886169433594,5374800,0.0,0.0
2023-08-30 00:00:00-04:00,141.6545518766183,142.2367333644136,141.07237038882303,141.2928924560547,5534900,0.0,0.0
2023-08-31 00:00:00-04:00,142.02506347621852,142.22795352061323,141.0724062881987,142.10446166992188,7003700,0.0,0.0
2023-09-01 00:00:00-04:00,143.46289939117278,145.27118383946112,143.46289939117278,144.9271697998047,6663000,0.0,0.0
2023-09-05 00:00:00-04:00,145.79157191035472,147.80273241641964,145.72100322212071,146.8324432373047,9755800,0.0,0.0
2023-09-06 00:00:00-04:00,146.67365503997053,147.6968807931001,146.05619586466838,146.98239135742188,7195500,0.0,0.0
2023-09-07 00:00:00-04:00,147.4322857481454,148.10266822815035,146.67368902568555,146.99124145507812,7925900,0.0,0.0
2023-09-08 00:00:00-04:00,147.67926487341447,148.62310609177558,147.0529895341534,147.49403381347656,7434400,0.0,0.0
2023-09-11 00:00:00-04:00,148.26141872398603,148.7112789590004,143.66573227381653,144.45079040527344,7155100,0.0,0.0
2023-09-12 00:00:00-04:00,145.8092104624592,147.47635694577102,145.63279548012576,147.1411590576172,7521100,0.0,0.0
2023-09-13 00:00:00-04:00,147.67045199754247,147.9703588836038,146.056228285478,146.60311889648438,5759500,0.0,0.0
2023-09-14 00:00:00-04:00,147.92624039118894,148.63191389090008,147.41462744038844,147.51165771484375,8822800,0.0,0.0
2023-09-15 00:00:00-04:00,146.61193707090308,148.51723802192612,146.3208462476462,146.86773681640625,17439700,0.0,0.0
2023-09-18 00:00:00-04:00,148.07615963229088,148.50838774771918,146.77948874560536,147.5028076171875,7027600,0.0,0.0
2023-09-19 00:00:00-04:00,148.7995157248698,149.03768339577124,146.80598704035106,147.48519897460938,6615100,0.0,0.0
2023-09-20 00:00:00-04:00,147.37053730425222,148.64073348256272,146.95595461799988,147.03533935546875,5939100,0.0,0.0
2023-09-21 00:00:00-04:00,147.41462835321974,148.07619473962006,145.58871212574823,145.7122039794922,7150000,0.0,0.0
2023-09-22 00:00:00-04:00,146.62953791153714,147.6792251676386,146.37373822053073,146.67364501953125,5963000,0.0,0.0
2023-09-25 00:00:00-04:00,146.71780912053015,148.87892365573703,146.4179022050298,148.8171844482422,5510000,0.0,0.0
2023-09-26 00:00:00-04:00,147.69689768111988,148.55252458601606,147.2911310568961,148.0144500732422,5659200,0.0,0.0
2023-09-27 00:00:00-04:00,149.39930476611784,151.03998969297757,148.9053374263494,150.8723907470703,9124400,0.0,0.0
2023-09-28 00:00:00-04:00,150.44020150699626,151.45459793281412,149.45225320071154,150.47547912597656,7151800,0.0,0.0
2023-09-29 00:00:00-04:00,150.38727714182244,150.39609318159606,148.03210240040667,148.73776245117188,7396100,0.0,0.0
2023-10-02 00:00:00-04:00,148.49076172945288,148.6936517574261,145.74746619864374,146.9029998779297,6839600,0.0,0.0
2023-10-03 00:00:00-04:00,146.35613517702274,147.6263448822754,145.99447562990983,147.24703979492188,6168600,0.0,0.0
2023-10-04 00:00:00-04:00,145.2799590843624,145.5269427634981,142.44846281298447,143.81568908691406,9664700,0.0,0.0
2023-10-05 00:00:00-04:00,142.3866893482745,145.3240449524501,142.36022777649265,144.5742645263672,8073000,0.0,0.0
2023-10-06 00:00:00-04:00,144.9359572168681,144.98888037257785,140.24325346270834,143.10121154785156,10190400,0.0,0.0
2023-10-09 00:00:00-04:00,146.76187600364798,148.3584538944128,145.50048256081536,147.06178283691406,8183500,0.0,0.0
2023-10-10 00:00:00-04:00,147.10588990590293,147.66159645923517,146.14440329662423,146.9029998779297,6512900,0.0,0.0
2023-10-11 00:00:00-04:00,145.6063540654718,145.61517010494896,141.5575576514869,142.10446166992188,12570700,0.0,0.0
2023-10-12 00:00:00-04:00,144.0097392265142,144.0097392265142,141.9280101813934,142.21910095214844,7397000,0.0,0.0
2023-10-13 00:00:00-04:00,144.14208669493334,145.40346680402254,143.16296791013997,144.71543884277344,8042800,0.0,0.0
2023-10-16 00:00:00-04:00,145.84450726421863,146.25908993003017,144.53020403224792,145.89743041992188,5446000,0.0,0.0
2023-10-17 00:00:00-04:00,145.39464896130292,148.3672828970047,145.23586603242856,147.82920837402344,7538300,0.0,0.0
2023-10-18 00:00:00-04:00,148.60544325781748,149.69040828999974,147.82038507036825,149.00238037109375,6893500,0.0,0.0
2023-10-19 00:00:00-04:00,148.80831987183043,150.10499097923707,147.75863245539634,149.16116333007812,6580200,0.0,0.0
2023-10-20 00:00:00-04:00,148.55253020574523,149.16117343530476,146.51490788737814,147.15882873535156,7458300,0.0,0.0
2023-10-23 00:00:00-04:00,144.04504386064406,145.0417946378191,141.35467144695644,141.7339630126953,16232400,0.0,0.0
2023-10-24 00:00:00-04:00,141.9192290724539,142.08682805379863,138.02039921964743,138.17916870117188,17689900,0.0,0.0
2023-10-25 00:00:00-04:00,138.43497582975056,138.84955851495397,136.87367536546537,137.4911346435547,10502400,0.0,0.0
2023-10-26 00:00:00-04:00,136.7325425253179,136.88249596502024,135.51526946785089,136.50320434570312,10830400,0.0,0.0
2023-10-27 00:00:00-04:00,132.94834275777367,133.41584845575986,126.9854310044792,127.3294448852539,24524300,0.0,0.0
2023-10-30 00:00:00-04:00,128.48499678691496,129.17302464722064,127.30300158686171,128.86428833007812,13857100,0.0,0.0
2023-10-31 00:00:00-04:00,128.87311952865335,129.24359503835288,127.22360508214265,128.54673767089844,14261300,0.0,0.0
2023-11-01 00:00:00-04:00,128.76728225667412,128.79374383630238,126.86198122542456,127.00310516357422,10819600,0.0,0.0
2023-11-02 00:00:00-04:00,127.4970529922331,131.4311732271632,126.87077775785606,131.21946716308594,11099100,0.0,0.0
2023-11-03 00:00:00-04:00,130.81372131596441,131.04305947011838,128.91722305111574,130.205078125,13160000,0.0,0.0
2023-11-06 00:00:00-05:00,131.19301675843096,131.72227523388932,129.39356216915635,129.66700744628906,10634200,0.0,0.0
2023-11-07 00:00:00-05:00,128.04398987915556,128.44092707420066,126.35038130991988,127.3824234008789,15054600,0.0,0.0
2023-11-08 00:00:00-05:00,126.91488315078175,127.59408152707556,125.47707475338945,125.60938262939453,12654100,0.0,0.0
2023-11-09 00:00:00-05:00,126.18277026092058,126.94136695525955,125.06251402936815,125.20365142822266,10359500,0.0,0.0
2023-11-10 00:00:00-05:00,126.39446560009144,126.52678696169583,125.01840958086775,126.09455871582031,11988200,0.0,0.0
2023-11-13 00:00:00-05:00,126.27094854425943,127.28535827574686,126.00633279305475,127.0207290649414,8747700,0.0,0.0
2023-11-14 00:00:00-05:00,127.4441406635051,128.3438746877366,126.89725010936543,127.94693756103516,11224400,0.0,0.0
2023-11-15 00:00:00-05:00,127.77933034250212,129.34944666909817,127.38239324143706,128.39678955078125,10052100,0.0,0.0
2023-11-16 00:00:00-05:00,127.47871631171427,127.91546169150327,125.44647390579645,126.36454772949219,14031300,1.51,0.0
2023-11-17 00:00:00-05:00,127.4163283292355,129.41292351265213,126.9260913868015,128.7622528076172,11075600,0.0,0.0
2023-11-20 00:00:00-05:00,128.91379751605655,129.85861052872835,128.5929163418761,128.6909637451172,8062400,0.0,0.0
2023-11-21 00:00:00-05:00,128.2007056974742,128.61963420617013,127.19349286584038,128.38787841796875,6783300,0.0,0.0
2023-11-22 00:00:00-05:00,126.33780827555287,128.6998402203137,125.42864290783578,128.6463623046875,7216100,0.0,0.0
2023-11-24 00:00:00-05:00,128.61964137220082,130.0814302071709,128.53050243320442,129.15443420410156,3861000,0.0,0.0
2023-11-27 00:00:00-05:00,128.9315921071552,129.0831310137733,127.32720011466758,128.67311096191406,9850800,0.0,0.0
2023-11-28 00:00:00-05:00,129.04747989455987,130.59840768699485,128.40571760808282,129.69815063476562,9746500,0.0,0.0
2023-11-29 00:00:00-05:00,130.48252534374626,130.57166428077005,127.51437826999172,128.2720184326172,16417100,0.0,0.0
2023-11-30 00:00:00-05:00,129.22573763716204,130.14381155040834,126.59630224677623,127.9957046508789,16276000,0.0,0.0
2023-12-01 00:00:00-05:00,127.89767874592417,130.5895009628048,127.10439104877688,129.07423400878906,11906500,0.0,0.0
2023-12-04 00:00:00-05:00,128.3522436856186,129.86751050899073,127.68374241642266,129.12770080566406,11842800,0.0,0.0
2023-12-05 00:00:00-05:00,129.02963622955195,129.30596147527802,127.13110212628156,127.33610534667969,9597600,0.0,0.0
2023-12-06 00:00:00-05:00,126.48040873741184,128.3789563045621,125.9901854544847,127.04195404052734,18079700,0.0,0.0
2023-12-07 00:00:00-05:00,127.91546810907583,128.36113556432397,125.66931392712294,126.94391632080078,14786700,0.0,0.0
2023-12-08 00:00:00-05:00,127.91548455762307,128.94943645091973,127.56786444185698,128.62855529785156,10821700,0.0,0.0
2023-12-11 00:00:00-05:00,129.10091460983267,129.60005986543644,128.19176300884928,128.66416931152344,9849600,0.0,0.0
2023-12-12 00:00:00-05:00,127.61246703760698,127.98682621324336,126.34677260549445,127.01527404785156,9863900,0.0,0.0
2023-12-13 00:00:00-05:00,126.7210758171659,128.95832142663306,126.25757788029833,128.89593505859375,10641300,0.0,0.0
2023-12-14 00:00:00-05:00,130.00119828316815,133.63783264160156,130.00119828316815,133.63783264160156,14960500,0.0,0.0
2023-12-15 00:00:00-05:00,131.31148631919913,133.53982394801508,131.31148631919913,133.1208953857422,30850900,0.0,0.0
2023-12-18 00:00:00-05:00,134.44003651994788,135.58985248754587,133.09412579807884,133.4149932861328,11561700,0.0,0.0
2023-12-19 00:00:00-05:00,133.66458178362686,135.33137362202157,133.24565331076445,135.16201782226562,8738100,0.0,0.0
2023-12-20 00:00:00-05:00,135.61658055876723,136.42769846807974,133.753694143419,133.9230499267578,9370000,0.0,0.0
2023-12-21 00:00:00-05:00,134.39548574079865,134.4133162483994,133.00500536316878,134.33309936523438,7264700,0.0,0.0
2023-12-22 00:00:00-05:00,135.2511621710746,135.83052441386548,134.3687357267694,134.63613891601562,6396100,0.0,0.0
2023-12-26 00:00:00-05:00,135.54532277100836,136.38316626368876,135.39378384927656,135.84837341308594,5165600,0.0,0.0
2023-12-27 00:00:00-05:00,135.72359112119088,136.34752293260206,134.89464245691406,135.4027099609375,5337200,0.0,0.0
2023-12-28 00:00:00-05:00,134.75201120067473,135.500742895134,133.1654360778713,133.4952392578125,8148000,0.0,0.0
2023-12-29 00:00:00-05:00,133.72696452442923,133.90522877171435,132.51474860192414,132.95150756835938,7658600,0.0,0.0
2024-01-02 00:00:00-05:00,133.69134493706687,135.01942541630766,133.02284367011166,133.23675537109375,8879700,0.0,0.0
2024-01-03 00:00:00-05:00,133.15654188232705,136.54361777483436,132.52368801581622,135.77706909179688,10255300,0.0,0.0
2024-01-04 00:00:00-05:00,136.96254888709393,137.577572255967,134.2261437185007,134.28854370117188,8220300,0.0,0.0
2024-01-05 00:00:00-05:00,135.46508887982245,135.50965834975966,133.548724078757,134.05677795410156,7455400,0.0,0.0
2024-01-08 00:00:00-05:00,132.29191909121025,133.4328266308724,130.65186620303226,133.2545623779297,10038200,0.0,0.0
2024-01-09 00:00:00-05:00,133.65568171825262,133.65568171825262,129.76946053967083,129.8675079345703,11784700,0.0,0.0
2024-01-10 00:00:00-05:00,130.15273024017557,130.15273024017557,128.45027726031935,128.7978973388672,8490400,0.0,0.0
2024-01-11 00:00:00-05:00,129.7427062295623,130.2864210641056,128.90484924511608,129.49313354492188,8612500,0.0,0.0
2024-01-12 00:00:00-05:00,131.76602151896648,132.3632141865808,130.28640252719347,131.26687622070312,9386900,0.0,0.0
2024-01-16 00:00:00-05:00,130.5895009086525,130.65190089413096,127.97789558790812,128.07594299316406,9380400,0.0,0.0
2024-01-17 00:00:00-05:00,126.94393167169639,128.37007314122545,126.60522001252731,127.56786346435547,8167000,0.0,0.0
2024-01-18 00:00:00-05:00,127.46089497064658,127.63025078343152,124.44817855548268,126.40912628173828,11187800,0.0,0.0
2024-01-19 00:00:00-05:00,126.3288958935927,126.79239386565379,125.6871336555671,126.78348541259766,11192500,0.0,0.0
2024-01-22 00:00:00-05:00,126.48934885339752,127.15785008087919,125.60692233687249,127.0063247680664,9184600,0.0,0.0
2024-01-23 00:00:00-05:00,126.56064731448078,127.75503281600564,126.48041683697622,126.64977264404297,6767200,0.0,0.0
2024-01-24 00:00:00-05:00,127.19349183636335,129.22573438943502,126.76565487800397,129.17225646972656,8100000,0.0,0.0
2024-01-25 00:00:00-05:00,130.3309862694579,132.53258449469044,129.44855984859157,132.42562866210938,9773600,0.0,0.0
2024-01-26 00:00:00-05:00,131.9443333186314,133.04067167972855,131.00842874665832,132.9337158203125,9151900,0.0,0.0
2024-01-29 00:00:00-05:00,132.8891116994677,133.00498958408707,131.12427247574752,132.8802032470703,10494800,0.0,0.0
2024-01-30 00:00:00-05:00,132.0780131324532,133.97656102548655,131.65909819711794,133.8072052001953,9902900,0.0,0.0
2024-01-31 00:00:00-05:00,134.03001138783728,134.03893344040276,131.32926799433113,131.40948486328125,10428000,0.0,0.0
2024-02-01 00:00:00-05:00,132.086922235594,132.8267318415576,130.5983945708328,131.81951904296875,8641100,0.0,0.0
2024-02-02 00:00:00-05:00,134.466791789388,136.7129596830803,133.2991451750213,135.69683837890625,12839100,0.0,0.0
2024-02-05 00:00:00-05:00,135.14421522528605,136.82883791698902,134.40440550555388,135.77706909179688,8277800,0.0,0.0
2024-02-06 00:00:00-05:00,135.92855561820878,136.855537816482,135.3135324363505,135.79486083984375,6198200,0.0,0.0
2024-02-07 00:00:00-05:00,136.39204223711025,137.0694517259492,134.74306756997893,135.5987548828125,6252000,0.0,0.0
2024-02-08 00:00:00-05:00,135.43834397627327,137.53298656519485,135.17094076907384,137.31906127929688,9237000,0.0,0.0
2024-02-09 00:00:00-05:00,137.63995993201138,138.44216965574645,134.57376511388193,134.6272430419922,9194500,0.0,0.0
2024-02-12 00:00:00-05:00,135.14417922280873,136.02660557888612,134.93917602518303,135.55419921875,6713000,0.0,0.0
2024-02-13 00:00:00-05:00,136.03550223246359,136.436613741786,133.34368113853725,134.23501586914062,6987100,0.0,0.0
2024-02-14 00:00:00-05:00,134.8411433585526,135.6611698391804,133.77154419254646,134.60047912597656,5995100,0.0,0.0
2024-02-15 00:00:00-05:00,135.07804188754642,139.7455307178013,134.86178232336198,139.17787170410156,8950300,1.63,0.0
2024-02-16 00:00:00-05:00,139.9978463017798,140.35827895930183,138.8444892959093,139.33106994628906,7570200,0.0,0.0
2024-02-20 00:00:00-05:00,140.08795801743068,140.21410601039102,138.61021849313786,138.76339721679688,6977900,0.0,0.0
2024-02-21 00:00:00-05:00,139.27699447695832,140.1780554064879,138.85349474015152,140.0609130859375,6628900,0.0,0.0
2024-02-22 00:00:00-05:00,139.50227636688214,141.13319464421792,138.6102209904547,140.05191040039062,8874900,0.0,0.0
2024-02-23 00:00:00-05:00,139.5472778073734,139.59233359593713,138.08756375176378,139.35806274414062,6561600,0.0,0.0
2024-02-26 00:00:00-05:00,139.24993067359588,140.16001088553514,138.6101852019145,139.16883850097656,6900800,0.0,0.0
2024-02-27 00:00:00-05:00,138.04253557615388,138.65526417517407,135.06903167440385,137.10543823242188,15093800,0.0,0.0
2024-02-28 00:00:00-05:00,137.28564897038777,138.63724041585007,136.76303196158378,137.2676239013672,6715900,0.0,0.0
2024-02-29 00:00:00-05:00,137.78122366868666,138.07857541158566,136.49269944945763,136.9702606201172,9334400,0.0,0.0
2024-03-01 00:00:00-05:00,137.90739118521344,139.07877325529486,137.18653962292487,137.69113159179688,7459100,0.0,0.0
2024-03-04 00:00:00-05:00,137.4117841037204,137.4928762830801,133.05965840647804,134.1499481201172,12503200,0.0,0.0
2024-03-05 00:00:00-05:00,134.1049020010919,135.71779504191807,133.6273408005015,134.78970336914062,6985500,0.0,0.0
2024-03-06 00:00:00-05:00,135.90702555752236,137.33070351699496,133.4831693875576,133.6543731689453,14692100,0.0,0.0
2024-03-07 00:00:00-05:00,133.8075426044773,135.83492961363606,133.7624868100097,134.59146118164062,8739300,0.0,0.0
2024-03-08 00:00:00-05:00,134.59147548694878,135.15014264934933,133.70843956774087,135.051025390625,7528400,0.0,0.0
2024-03-11 00:00:00-04:00,135.609651465165,137.03332919023907,134.78968283094122,136.96124267578125,7577100,0.0,0.0
2024-03-12 00:00:00-04:00,136.80807538774658,137.47486539021781,135.87096437080874,136.8621368408203,6432900,0.0,0.0
2024-03-13 00:00:00-04:00,138.07859197529277,139.55633145875356,137.99748603633785,138.66427612304688,8065600,0.0,0.0
2024-03-14 00:00:00-04:00,138.55615538314848,140.32222726358015,137.64607496345576,140.29519653320312,9047200,0.0,0.0
2024-03-15 00:00:00-04:00,139.83565168620214,141.502606202061,139.14183090170033,140.1600341796875,20387200,0.0,0.0
2024-03-18 00:00:00-04:00,140.59254317667626,141.16922165213705,139.61039001128356,140.0338897705078,7242700,0.0,0.0
2024-03-19 00:00:00-04:00,139.93478259925473,141.32241055459667,139.67346719752842,141.12417602539062,7736700,0.0,0.0
2024-03-20 00:00:00-04:00,140.34923283655556,140.95294195526154,138.97061083804388,139.2589569091797,8449100,0.0,0.0
2024-03-21 00:00:00-04:00,139.61939174643373,140.28618180051225,139.13282488201355,139.53829956054688,7899100,0.0,0.0
2024-03-22 00:00:00-04:00,139.7365066197025,139.91671602486107,138.90753235669604,139.35806274414062,5974700,0.0,0.0
2024-03-25 00:00:00-04:00,140.09694318322897,141.74588626012323,139.90772809601867,140.98899841308594,6058700,0.0,0.0
2024-03-26 00:00:00-04:00,141.03407161166288,141.34042905196998,139.34907819177428,139.90774536132812,6677900,0.0,0.0
2024-03-27 00:00:00-04:00,139.5473097412179,140.9619820810921,139.52929842094775,140.88088989257812,7416900,0.0,0.0
2024-03-28 00:00:00-04:00,141.60171019509963,142.53882119922386,140.8988838165553,142.1333465576172,8331600,0.0,0.0
2024-04-01 00:00:00-04:00,142.61091738196637,143.80031066121202,141.41250469398867,143.3407745361328,6285700,0.0,0.0
2024-04-02 00:00:00-04:00,144.21480213751994,145.26904175775377,143.28671049537138,143.9715118408203,8815400,0.0,0.0
2024-04-03 00:00:00-04:00,144.25986571680826,145.02575928611574,143.91745815105952,144.56622314453125,7819700,0.0,0.0
2024-04-04 00:00:00-04:00,144.8906059035624,145.92682051354217,144.00757000772145,144.79148864746094,9269700,0.0,0.0
2024-04-05 00:00:00-04:00,145.36815989712537,146.12504777026479,144.04359924458214,145.6114501953125,7432800,0.0,0.0
2024-04-08 00:00:00-04:00,145.65649598191155,146.42240328334086,144.46710268631057,145.31410217285156,7253200,0.0,0.0
2024-04-09 00:00:00-04:00,145.83672440505333,146.44943926891278,144.5842501988942,145.9718780517578,6576200,0.0,0.0
2024-04-10 00:00:00-04:00,146.16109646254927,146.66568837299036,145.07981236977733,146.57557678222656,7525800,0.0,0.0
2024-04-11 00:00:00-04:00,147.43158855509924,147.43158855509924,143.98954286825756,145.8727569580078,7682500,0.0,0.0
2024-04-12 00:00:00-04:00,146.2331715393295,147.65684945140947,142.40366260622847,143.23265075683594,11071000,0.0,0.0
2024-04-15 00:00:00-04:00,144.1156983091406,144.61128460816715,141.7909592829703,141.99819946289062,7236900,0.0,0.0
2024-04-16 00:00:00-04:00,141.73689611580062,142.19643226985428,140.04289705920354,140.81781005859375,5541900,0.0,0.0
2024-04-17 00:00:00-04:00,140.5565244987811,142.1063506748324,140.2411476173714,140.9259490966797,6733900,0.0,0.0
2024-04-18 00:00:00-04:00,141.5927002623533,142.40364952108962,140.91690463037395,141.98016357421875,4979200,0.0,0.0
2024-04-19 00:00:00-04:00,143.0434126853943,144.84553442001342,142.50277066536947,144.16973876953125,7734700,0.0,0.0
2024-04-22 00:00:00-04:00,144.1247042615428,146.6026220125978,142.76410710063942,145.89979553222656,6779200,0.0,0.0
2024-04-23 00:00:00-04:00,145.35015129502963,146.73779296875,144.71040566874694,146.73779296875,5597600,0.0,0.0
2024-04-24 00:00:00-04:00,145.86375564927758,147.6298274682471,145.4762922788581,147.3865509033203,7610300,0.0,0.0
2024-04-25 00:00:00-04:00,147.50365983965094,149.21568372087486,146.57556825499012,148.92733764648438,9702600,0.0,0.0
2024-04-26 00:00:00-04:00,148.88231665804042,150.4591735296051,147.14327539354036,149.47702026367188,9736400,0.0,0.0
2024-04-29 00:00:00-04:00,149.4950301602245,150.57630058400795,148.39573466713315,149.87347412109375,6364000,0.0,0.0
2024-04-30 00:00:00-04:00,149.54908585645765,149.68423949831043,145.02575607143385,145.31410217285156,8457300,0.0,0.0
2024-05-01 00:00:00-04:00,144.87254860799214,145.47625767028066,143.17854997111948,143.83633422851562,7713700,0.0,0.0
2024-05-02 00:00:00-04:00,144.5391670814757,145.7736159850558,144.07061161296122,144.82749938964844,8597100,0.0,0.0
2024-05-03 00:00:00-04:00,144.76445782640238,144.76445782640238,141.50260778619977,144.39501953125,11664500,0.0,0.0
2024-05-06 00:00:00-04:00,144.8275303920365,147.79202877563282,144.8275303920365,146.24220275878906,8430300,0.0,0.0
2024-05-07 00:00:00-04:00,146.25119430421466,147.0080821698763,145.98989268955708,146.57557678222656,6869900,0.0,0.0
2024-05-08 00:00:00-04:00,145.92681241858511,146.94501565213605,145.5573741436916,146.45843505859375,6706400,0.0,0.0
2024-05-09 00:00:00-04:00,146.8909793489006,149.13461261175613,146.62966393933942,149.08055114746094,6683300,0.0,0.0
2024-05-10 00:00:00-04:00,149.61214591990498,149.95455346192193,148.69307370043552,149.41392517089844,5490900,0.0,0.0
2024-05-13 00:00:00-04:00,150.0085916126993,150.39605488938477,146.85487894980548,148.25152587890625,6848300,0.0,0.0
2024-05-14 00:00:00-04:00,148.0803475227277,148.85526045986066,146.89095426404594,147.42257690429688,4924000,0.0,0.0
2024-05-15 00:00:00-04:00,146.99010106397552,147.5938103487064,144.32295416887217,146.9180145263672,7603100,0.0,0.0
2024-05-16 00:00:00-04:00,147.01811781526305,147.44589405101394,146.06244720586352,146.61764526367188,6409400,1.63,0.0
2024-05-17 00:00:00-04:00,147.21834922169106,148.3287453005805,146.7086619503195,148.05569458007812,5497900,0.0,0.0
2024-05-20 00:00:00-04:00,148.1012010972855,148.35604472565663,146.59944300953154,146.66314697265625,4913800,0.0,0.0
2024-05-21 00:00:00-04:00,146.15346464379135,146.95440972449833,145.38893373290014,145.5982666015625,4783300,0.0,0.0
2024-05-22 00:00:00-04:00,145.18868814083967,145.18868814083967,142.458208873308,143.41387939453125,6260500,0.0,0.0
2024-05-23 00:00:00-04:00,143.73243735565615,144.35135325605032,142.28528657246594,142.84048461914062,6718400,0.0,0.0
2024-05-24 00:00:00-04:00,143.87806742279253,144.68810911501703,143.16814386726708,143.5777130126953,4477700,0.0,0.0
2024-05-28 00:00:00-04:00,143.91447040413811,145.09768098151534,143.75974489687192,144.75181579589844,6928300,0.0,0.0
2024-05-29 00:00:00-04:00,143.8234656402148,144.25124188745565,142.38541138811925,142.8040771484375,5909600,0.0,0.0
2024-05-30 00:00:00-04:00,142.7585706089983,144.22392844686615,142.72215643964583,144.04188537597656,6369600,0.0,0.0
2024-05-31 00:00:00-04:00,144.37866333763048,147.97379201455533,144.26943471040488,147.7189483642578,10334200,0.0,0.0
2024-06-03 00:00:00-04:00,146.9816936686252,147.1546123442493,142.40359152865426,143.31375122070312,9009900,0.0,0.0
2024-06-04 00:00:00-04:00,141.73010258740322,142.3035077760214,140.2647445737753,142.103271484375,6360500,0.0,0.0
2024-06-05 00:00:00-04:00,142.1305447602059,142.91328267245555,140.64697997714393,141.05654907226562,7058500,0.0,0.0
2024-06-06 00:00:00-04:00,140.61966671389882,142.00311327828172,139.60938894121364,141.9211883544922,5215100,0.0,0.0
2024-06-07 00:00:00-04:00,141.72098458541714,143.52309705014395,141.193090249702,142.0577392578125,5887700,0.0,0.0
2024-06-10 00:00:00-04:00,142.35807764848613,143.9872573508794,142.2761666111001,142.65843200683594,7074700,0.0,0.0
2024-06-11 00:00:00-04:00,142.13965040888766,142.66754474499083,140.60147816691975,142.430908203125,5132000,0.0,0.0
2024-06-12 00:00:00-04:00,143.34106391528348,143.46848572466664,138.70834023656812,140.36483764648438,10017400,0.0,0.0
2024-06-13 00:00:00-04:00,139.95529690250524,140.24654085957962,138.55364282727322,139.1088409423828,6163000,0.0,0.0
2024-06-14 00:00:00-04:00,139.37278545007388,139.5184004745593,138.31699666691415,138.86309814453125,6159100,0.0,0.0
2024-06-17 00:00:00-04:00,138.79937093230114,140.10089279352235,138.28057317473807,139.42738342285156,6321400,0.0,0.0
2024-06-18 00:00:00-04:00,139.75506112630868,141.93943942028295,139.1088414602423,139.55482482910156,6942900,0.0,0.0
2024-06-20 00:00:00-04:00,139.90066707713322,143.2682555140137,139.48198746410205,142.5674285888672,8336000,0.0,0.0
2024-06-21 00:00:00-04:00,142.71303640529322,143.50487085947128,141.2749824866252,141.32958984375,21289800,0.0,0.0
2024-06-24 00:00:00-04:00,142.23066388609325,145.2068761827531,142.1578494416579,144.99754333496094,7971600,0.0,0.0
2024-06-25 00:00:00-04:00,144.82461762063093,145.04306096427695,143.50488873661732,144.2239227294922,5985400,0.0,0.0
2024-06-26 00:00:00-04:00,144.2239326673358,144.2239326673358,141.7937937016232,141.93942260742188,8637800,0.0,0.0
2024-06-27 00:00:00-04:00,142.62203535610834,142.84047870389608,141.65726820726735,142.27618408203125,5568700,0.0,0.0
2024-06-28 00:00:00-04:00,143.36836878770984,144.3331359079016,142.13964756078738,142.3671875,11283400,0.0,0.0
2024-07-01 00:00:00-04:00,143.04072317513567,144.44236321204284,141.9667273468063,142.45822143554688,5584100,0.0,0.0
2024-07-02 00:00:00-04:00,143.51398340929924,143.55039757671966,141.48433104558495,142.66754150390625,7216800,0.0,0.0
2024-07-03 00:00:00-04:00,142.84049743990872,143.56862814010543,142.49463223252926,142.63116455078125,3264200,0.0,0.0
2024-07-05 00:00:00-04:00,142.48550963716983,142.48550963716983,139.87334174759283,140.44674682617188,6183100,0.0,0.0
2024-07-08 00:00:00-04:00,139.54569424851294,141.32959951367286,139.54569424851294,140.46495056152344,4990700,0.0,0.0
2024-07-09 00:00:00-04:00,139.25445891692118,140.85633527473942,138.66286056166476,139.2362518310547,5301600,0.0,0.0
2024-07-10 00:00:00-04:00,138.79936015973877,141.47523201374045,138.61733098957538,141.19308471679688,5416600,0.0,0.0
2024-07-11 00:00:00-04:00,141.07478005908334,142.60384197673955,140.36485647046618,141.31141662597656,8322500,0.0,0.0
2024-07-12 00:00:00-04:00,142.13055310653235,142.38539673125925,140.6742919184335,141.61175537109375,6446300,0.0,0.0
2024-07-15 00:00:00-04:00,142.84957346852073,145.18869074927284,142.32167913409495,143.84164428710938,5661200,0.0,0.0
2024-07-16 00:00:00-04:00,142.90418640592227,144.087396933508,142.12144841579047,143.59591674804688,6924200,0.0,0.0
2024-07-17 00:00:00-04:00,144.260323863382,146.97259609534592,144.06918420056834,146.74505615234375,7296600,0.0,0.0
2024-07-18 00:00:00-04:00,146.74504068283125,149.5210304724068,145.84399149180808,147.41856384277344,6577700,0.0,0.0
2024-07-19 00:00:00-04:00,147.88276255534822,148.0829988252807,144.17841933747064,144.8519287109375,6427700,0.0,0.0
2024-07-22 00:00:00-04:00,144.0054943273911,144.69721082213658,142.75857976188365,142.88600158691406,5577300,0.0,0.0
2024-07-23 00:00:00-04:00,142.30346007815822,142.5309999798579,140.01895057681594,140.24649047851562,6238700,0.0,0.0
2024-07-24 00:00:00-04:00,140.79262359669312,141.71188000752383,139.6367167463683,141.13848876953125,5971700,0.0,0.0
2024-07-25 00:00:00-04:00,141.41150605012888,144.04186698864788,140.72888628524055,143.3865509033203,5432100,0.0,0.0
2024-07-26 00:00:00-04:00,143.55950405698823,144.7518111952731,142.9496986461073,143.6596221923828,5232500,0.0,0.0
2024-07-29 00:00:00-04:00,144.0327791369294,144.0327791369294,140.9473381678074,142.53102111816406,5072000,0.0,0.0
2024-07-30 00:00:00-04:00,142.40360959639335,145.70748025392015,142.38540251162058,145.2342071533203,5740900,0.0,0.0
2024-07-31 00:00:00-04:00,147.16375617226785,147.16375617226785,145.6710944946335,146.05335998535156,6209200,0.0,0.0
2024-08-01 00:00:00-04:00,144.45146834603773,145.17048847922396,138.37159364442854,138.90858459472656,16689900,0.0,0.0
2024-08-02 00:00:00-04:00,137.55243728055942,138.38067203692572,133.8116804294178,135.2042236328125,13278600,0.0,0.0
2024-08-05 00:00:00-04:00,132.44646483061686,132.6740047923781,130.52602699783432,131.66372680664062,13037200,0.0,0.0
2024-08-06 00:00:00-04:00,131.5089774459452,132.05506492235997,130.26204923786554,130.36216735839844,9692700,0.0,0.0
2024-08-07 00:00:00-04:00,131.59087409510695,132.6375520597348,129.4975042779182,129.61582946777344,8867900,0.0,0.0
2024-08-08 00:00:00-04:00,130.21656224683986,131.80934181115177,129.8889041809497,131.5089874267578,7531100,0.0,0.0
2024-08-09 00:00:00-04:00,131.25412688970053,132.98342463859825,130.32576017468287,131.96405029296875,7653100,0.0,0.0
2024-08-12 00:00:00-04:00,132.7377026024083,133.55685475951165,127.1402253579161,131.9913787841797,8442200,0.0,0.0
2024-08-13 00:00:00-04:00,131.13580471289035,131.5635808616248,130.19834137960436,131.1995086669922,7794800,0.0,0.0
2024-08-14 00:00:00-04:00,131.4179469448394,132.19158817682776,130.54418759915765,131.67279052734375,5874200,0.0,0.0
2024-08-15 00:00:00-04:00,132.51016595213838,134.26678164093414,132.41004781559627,133.61146545410156,6304200,0.0,0.0
2024-08-16 00:00:00-04:00,132.92884947240245,134.3577932216498,132.55568059910667,134.03924560546875,6874400,0.0,0.0
2024-08-19 00:00:00-04:00,134.37978485155378,135.9627819248923,134.26934776753527,135.1344757080078,5967400,1.63,0.0
2024-08-20 00:00:00-04:00,134.67426902816925,134.839924613066,133.04525222650457,133.16490173339844,7497600,0.0,0.0
2024-08-21 00:00:00-04:00,133.84596033266584,134.9595855735581,133.0360651099329,133.74473571777344,5985000,0.0,0.0
2024-08-22 00:00:00-04:00,133.77233302827153,134.67426842094895,133.5698557298422,134.12205505371094,4027000,0.0,0.0
2024-08-23 00:00:00-04:00,134.85833717139946,136.2940750987591,134.66507231991542,135.86151123046875,4824100,0.0,0.0
2024-08-26 00:00:00-04:00,137.10398109448505,138.13476439390445,135.7970911131871,136.67141723632812,5780300,0.0,0.0
2024-08-27 00:00:00-04:00,136.82786965500966,137.6377788154605,135.0516082066384,135.244873046875,5100000,0.0,0.0
2024-08-28 00:00:00-04:00,134.77548370144828,135.4197231559418,133.891945275738,134.3705291748047,5614400,0.0,0.0
2024-08-29 00:00:00-04:00,134.79390475005312,136.37688722508886,133.85514773486767,135.67742919921875,4466700,0.0,0.0
2024-08-30 00:00:00-04:00,134.57301203894417,136.2848563997678,134.09442811995922,136.1652069091797,6414800,0.0,0.0
2024-09-03 00:00:00-04:00,133.95640622590008,134.15888353454173,132.7875624975361,133.13729858398438,7944700,0.0,0.0
2024-09-04 00:00:00-04:00,133.1188992159403,133.93800692855646,130.38546935671496,130.7536163330078,9820700,0.0,0.0
2024-09-05 00:00:00-04:00,131.7659876556218,131.7659876556218,129.4007047953898,129.70440673828125,9371100,0.0,0.0
2024-09-06 00:00:00-04:00,129.83325624735156,130.79041019789813,126.88813692148892,127.52317810058594,7836400,0.0,0.0
2024-09-09 00:00:00-04:00,127.59682487065277,130.70760020960867,127.50478461291722,129.12460327148438,9892300,0.0,0.0
2024-09-10 00:00:00-04:00,129.67677458488367,129.84244420423025,126.17025779299725,127.21945190429688,8202500,0.0,0.0
2024-09-11 00:00:00-04:00,127.20104715149645,127.44953049995298,124.58725342114853,126.89733123779297,9534000,0.0,0.0
2024-09-12 00:00:00-04:00,127.21946470228308,128.36069916617734,126.4739864486516,128.1214141845703,6591500,0.0,0.0
2024-09-13 00:00:00-04:00,128.72883551694295,130.25661378131025,128.58159077843857,129.40989685058594,5900700,0.0,0.0
2024-09-16 00:00:00-04:00,130.4038702689882,131.76597886894018,129.8332600534752,130.77200317382812,6864300,0.0,0.0
2024-09-17 00:00:00-04:00,130.50510412358335,132.65871102875212,130.44988559422563,131.9868621826172,7338800,0.0,0.0
2024-09-18 00:00:00-04:00,131.90402099987674,134.0024091626943,131.78437150283344,132.4930419921875,6180300,0.0,0.0
2024-09-19 00:00:00-04:00,134.19567080833914,135.08840770345398,133.3857616968862,133.4409942626953,7247400,0.0,0.0
2024-09-20 00:00:00-04:00,133.66186633169335,134.28770901109095,132.0144529158411,134.07601928710938,23162900,0.0,0.0
2024-09-23 00:00:00-04:00,134.60066214501518,136.59781216479988,134.3245554139921,135.78790283203125,6960600,0.0,0.0
2024-09-24 00:00:00-04:00,137.021150007261,137.22362729954398,135.2080668266894,135.70504760742188,6014200,0.0,0.0
2024-09-25 00:00:00-04:00,135.24487077559326,135.66823620509228,132.06967920614022,132.5022430419922,7888400,0.0,0.0
2024-09-26 00:00:00-04:00,129.67677412597953,131.8119840534857,129.42829076289192,130.67996215820312,8046200,0.0,0.0
2024-09-27 00:00:00-04:00,131.5910909575105,134.15886462639958,131.46224305593182,133.9011688232422,8049200,0.0,0.0
2024-09-30 00:00:00-04:00,133.79073186622875,135.73266304445818,132.78755780915915,135.53939819335938,7491700,0.0,0.0
2024-10-01 00:00:00-04:00,134.6926666493041,138.5305084660013,133.86434667611036,137.77581787109375,9489100,0.0,0.0
2024-10-02 00:00:00-04:00,139.59811839015077,140.15033178095985,137.37088205572869,138.92626953125,8105400,0.0,0.0
2024-10-03 00:00:00-04:00,139.2575958501763,140.04909422675163,138.07035530699832,139.20237731933594,6553300,0.0,0.0
2024-10-04 00:00:00-04:00,140.3344106649513,140.35282152450824,138.18080352803346,138.73301696777344,7892400,0.0,0.0
2024-10-07 00:00:00-04:00,139.432453957067,140.58288674549163,138.68697575710686,139.0827178955078,5895900,0.0,0.0
2024-10-08 00:00:00-04:00,137.31567282486048,137.68381979145548,135.96276256478697,136.90151977539062,5892700,0.0,0.0
2024-10-09 00:00:00-04:00,135.7602721812501,138.3924630548107,135.62222585916646,137.7298126220703,4973500,0.0,0.0
2024-10-10 00:00:00-04:00,138.6777618612906,139.47847262317748,137.91388685590496,138.62254333496094,4420900,0.0,0.0
2024-10-11 00:00:00-04:00,138.40167177508172,140.19634413064747,138.2820222702543,139.35882568359375,5051300,0.0,0.0
2024-10-14 00:00:00-04:00,138.53050865846703,139.80057681640656,138.21758028947394,139.6901397705078,4214700,0.0,0.0
2024-10-15 00:00:00-04:00,136.94753056561333,138.01513563090145,135.80629611202568,135.96275329589844,6704600,0.0,0.0
2024-10-16 00:00:00-04:00,136.5333955893498,137.15922440755367,136.4045476536389,136.88311767578125,4303700,0.0,0.0
2024-10-17 00:00:00-04:00,137.37088275464254,139.27600632359378,137.10398850852786,139.15635681152344,6593100,0.0,0.0
2024-10-18 00:00:00-04:00,138.80661847381845,139.04590342649772,137.48131771941684,138.7421875,5208200,0.0,0.0
2024-10-21 00:00:00-04:00,139.89263023165688,140.33439250024503,138.5029124474685,138.86184692382812,5074000,0.0,0.0
2024-10-22 00:00:00-04:00,139.2023670636628,139.5981092011093,138.2544115717566,138.89865112304688,4416400,0.0,0.0
2024-10-23 00:00:00-04:00,138.38326106530928,138.9722820965666,137.3984838487085,138.4936981201172,5248600,0.0,0.0
2024-10-24 00:00:00-04:00,139.0919530712008,139.3864566106033,137.48134690425638,138.4661102294922,5474300,0.0,0.0
2024-10-25 00:00:00-04:00,139.33121154221564,140.00306034034446,138.4752963115901,138.7974090576172,6839900,0.0,0.0
2024-10-28 00:00:00-04:00,136.44134794997137,138.69619372461878,136.35852014793184,138.54893493652344,8892000,0.0,0.0
2024-10-29 00:00:00-04:00,138.08875084094117,138.43848692417976,136.09160108164107,136.68983459472656,6014700,0.0,0.0
2024-10-30 00:00:00-04:00,137.20521868414426,137.72980873663255,135.89832871293257,136.25726318359375,5784000,0.0,0.0
2024-10-31 00:00:00-04:00,136.91069455603778,137.65618676847583,136.1099978623509,136.96592712402344,8400900,0.0,0.0
2024-11-01 00:00:00-04:00,140.3343959141023,143.509587750428,139.61652694391978,140.87741088867188,11728000,0.0,0.0
2024-11-04 00:00:00-05:00,142.11987201479576,142.11987201479576,140.46324588880537,141.70571899414062,6130000,0.0,0.0
2024-11-05 00:00:00-05:00,142.22112156172702,142.3499694900972,140.39883970524286,141.19033813476562,5978900,0.0,0.0
2024-11-06 00:00:00-05:00,144.58640275335475,145.97612054736217,143.68445330926252,145.15701293945312,12118900,0.0,0.0
2024-11-07 00:00:00-05:00,145.35948774437392,145.4239046787779,143.94214666705662,144.28268432617188,8143200,0.0,0.0
2024-11-08 00:00:00-05:00,144.12621450670798,145.02814981282532,143.27028527397079,144.42991638183594,6041500,0.0,0.0
2024-11-11 00:00:00-05:00,144.62320069126048,145.35948045680317,143.48196635250085,144.0341796875,7771700,0.0,0.0
2024-11-12 00:00:00-05:00,144.77045223500733,144.92690939533705,142.76409032502184,142.92054748535156,5681900,0.0,0.0
2024-11-13 00:00:00-05:00,143.63843504229396,146.35345346441008,142.2210940609175,146.0773468017578,8824000,0.0,0.0
2024-11-14 00:00:00-05:00,147.10813309295702,148.939627084769,146.96087433069334,148.91201782226562,10111200,0.0,0.0
2024-11-15 00:00:00-05:00,148.65432661706254,149.4458249345491,147.95485449631644,148.56228637695312,9022800,0.0,0.0
2024-11-18 00:00:00-05:00,149.27819774728187,150.17074928097935,147.89290215541206,149.46414184570312,6075400,1.63,0.0
2024-11-19 00:00:00-05:00,148.73894014252798,149.15731788309816,147.59537053520296,148.38565063476562,4657400,0.0,0.0
2024-11-20 00:00:00-05:00,148.67385820539684,150.0963509598105,148.55298817181148,149.99407958984375,6391300,0.0,0.0
2024-11-21 00:00:00-05:00,150.63559089042283,151.22131399107167,149.95687447650943,150.2729949951172,7945200,0.0,0.0
2024-11-22 00:00:00-05:00,150.16144104933593,151.18415485829456,149.82673600155178,150.95172119140625,7005900,0.0,0.0
2024-11-25 00:00:00-05:00,150.75645805342197,151.70479130722237,148.5994811822449,149.0922393798828,10702400,0.0,0.0
2024-11-26 00:00:00-05:00,150.90521373218164,151.49095104302606,150.05915188021154,151.10975646972656,7369500,0.0,0.0
2024-11-27 00:00:00-05:00,151.3235905830054,153.10867922052927,150.25440152280765,150.71926879882812,7674500,0.0,0.0
2024-11-29 00:00:00-05:00,150.849447557934,151.31431488476895,149.37117286338895,150.5519256591797,5077000,0.0,0.0
2024-12-02 00:00:00-05:00,150.88660687690708,151.50023505622704,148.85979246152164,150.81224060058594,6229600,0.0,0.0
2024-12-03 00:00:00-05:00,151.5281495172931,151.732692275537,150.04987482631438,150.54263305664062,5900100,0.0,0.0
2024-12-04 00:00:00-05:00,150.45895046324478,150.46824270196393,146.76790300451475,147.19558715820312,7862700,0.0,0.0
2024-12-05 00:00:00-05:00,148.0974004542659,149.38043858831622,147.53956827305194,148.1345977783203,6358400,0.0,0.0
2024-12-06 00:00:00-05:00,147.59536398805992,147.669744456559,144.26691250250127,144.33200073242188,9701700,0.0,0.0
2024-12-09 00:00:00-05:00,145.96832888188183,148.8319130871824,145.80098346726547,146.04270935058594,9404500,0.0,0.0
2024-12-10 00:00:00-05:00,147.88357363610416,148.31125776654193,145.68939955463145,145.96832275390625,9126200,0.0,0.0
2024-12-11 00:00:00-05:00,145.83817805019763,146.1263935223984,144.85266158914027,145.23385620117188,13764700,0.0,0.0
2024-12-12 00:00:00-05:00,144.91771465655845,145.53134284270126,143.43014794100895,143.8392333984375,7621500,0.0,0.0
2024-12-13 00:00:00-05:00,143.98797729669843,144.07166418342786,142.31446654807212,143.05824279785156,5816200,0.0,0.0
2024-12-16 00:00:00-05:00,143.07685461308085,143.07685461308085,138.76288670931487,138.8651580810547,11961200,0.0,0.0
2024-12-17 00:00:00-05:00,137.60070105332107,138.20502278194695,136.587293889542,137.70297241210938,11909300,0.0,0.0
2024-12-18 00:00:00-05:00,137.37756233389862,138.22362411965298,133.86316711712774,133.95614624023438,10174500,0.0,0.0
2024-12-19 00:00:00-05:00,134.41172976963088,134.58836741614053,131.04608107510037,131.23202514648438,16544300,0.0,0.0
2024-12-20 00:00:00-05:00,130.92523147427602,132.81259155273438,130.67419916329482,132.81259155273438,32209200,0.0,0.0
2024-12-23 00:00:00-05:00,132.46858873345263,133.2774675244758,131.5946358940856,132.92416381835938,8156500,0.0,0.0
2024-12-24 00:00:00-05:00,133.04502246631927,133.91896104420366,132.26403464671446,133.73301696777344,3556100,0.0,0.0
2024-12-26 00:00:00-05:00,133.57498945422594,134.1700191250865,132.85908972648508,133.8632049560547,4492600,0.0,0.0
2024-12-27 00:00:00-05:00,134.15139167913003,135.47162722142338,133.31463626063973,133.88177490234375,5296500,0.0,0.0
2024-12-30 00:00:00-05:00,133.68654681392977,133.86319867750746,132.34774075725701,133.01715087890625,6194800,0.0,0.0
2024-12-31 00:00:00-05:00,133.4355080021805,135.1276175240665,133.24956392753487,134.66275024414062,6137800,0.0,0.0
2025-01-02 00:00:00-05:00,135.2577683028882,137.66579139014198,135.2577683028882,136.40135192871094,7170300,0.0,0.0
2025-01-03 00:00:00-05:00,137.17304353610888,138.06559503908252,136.9499163003341,137.46127319335938,5809000,0.0,0.0
2025-01-06 00:00:00-05:00,137.97258590839735,139.766980763576,136.55009334304367,136.91268920898438,5888700,0.0,0.0
2025-01-07 00:00:00-05:00,138.07487968533394,139.9250566377621,137.25672288811055,139.07899475097656,7736000,0.0,0.0
2025-01-08 00:00:00-05:00,137.63791109870152,140.55727732703608,137.62861885940305,139.73912048339844,7640900,0.0,0.0
2025-01-10 00:00:00-05:00,142.63059470329458,143.49524110998226,140.26906077026894,142.3795623779297,11074700,0.0,0.0
2025-01-13 00:00:00-05:00,143.2720969723957,146.29373419963565,143.17911784460063,144.43426513671875,11774100,0.0,0.0
2025-01-14 00:00:00-05:00,144.3041265121092,145.8846726372156,143.6068254992718,145.8753662109375,6830200,0.0,0.0
2025-01-15 00:00:00-05:00,145.8567674386872,147.53958478157043,145.39190014234933,147.2048797607422,7900000,0.0,0.0
2025-01-16 00:00:00-05:00,146.92594404065827,148.66454304126896,146.92594404065827,148.18109130859375,5578900,0.0,0.0
2025-01-17 00:00:00-05:00,147.94866164533306,150.4031602594104,147.6418475452455,150.12423706054688,9260400,0.0,0.0
2025-01-21 00:00:00-05:00,149.82671732501402,150.05915096292847,146.42389964778005,147.12120056152344,10131400,0.0,0.0
2025-01-22 00:00:00-05:00,146.60053721145547,147.30714454974773,145.2896222762062,145.41978454589844,7232200,0.0,0.0
2025-01-23 00:00:00-05:00,146.5540616984157,146.84227713913893,144.68528617293867,145.04788208007812,5979800,0.0,0.0
2025-01-24 00:00:00-05:00,145.46627746251764,146.40530427360363,144.35989105132919,144.7131805419922,8003800,0.0,0.0
2025-01-27 00:00:00-05:00,145.3454191743543,146.79580295487656,144.59233637959272,146.1821746826172,7141000,0.0,0.0
2025-01-28 00:00:00-05:00,146.6284581788851,147.75342916306383,144.27621645811382,145.23385620117188,6425400,0.0,0.0
2025-01-29 00:00:00-05:00,144.77827237266675,145.57784469240792,143.93221048581725,144.75038146972656,5630600,0.0,0.0
2025-01-30 00:00:00-05:00,145.55924783175473,146.38671106468857,144.59233008239215,145.33612060546875,6931900,0.0,0.0
2025-01-31 00:00:00-05:00,142.9559715718963,143.52311018419886,138.20502771079128,138.70709228515625,16726800,0.0,0.0
2025-02-03 00:00:00-05:00,138.53045126740727,140.25975813928414,137.41477261801464,138.8465576171875,7605000,0.0,0.0
2025-02-04 00:00:00-05:00,138.2701429096142,142.61200216800302,138.2701429096142,142.45394897460938,8458100,0.0,0.0
2025-02-05 00:00:00-05:00,142.24008178710938,142.9931644385567,141.58925630828716,142.24008178710938,6533700,0.0,0.0
2025-02-06 00:00:00-05:00,143.38367572069754,144.35059349342643,140.44571088619017,141.2266845703125,6420500,0.0,0.0
2025-02-07 00:00:00-05:00,141.7659406170033,143.0024894488823,141.24529146392277,141.89610290527344,4724900,0.0,0.0
2025-02-10 00:00:00-05:00,143.44875059223455,144.8526589705263,143.2349155984392,144.82476806640625,5653800,0.0,0.0
2025-02-11 00:00:00-05:00,145.36400362657568,147.55817774803197,145.1501544641483,146.37741088867188,6011800,0.0,0.0
2025-02-12 00:00:00-05:00,145.73589909044216,146.40530913985452,143.7090844645056,144.01588439941406,6693500,0.0,0.0
2025-02-13 00:00:00-05:00,143.9043187467587,145.4290829073333,142.54691418947675,144.92703247070312,7836400,0.0,0.0
2025-02-14 00:00:00-05:00,145.78247894949376,148.01038557318716,145.59447243316137,146.02688598632812,5828800,1.71,0.0
2025-02-18 00:00:00-05:00,146.02686895914744,147.87876233423955,145.50044503720824,146.79771423339844,5981500,0.0,0.0
2025-02-19 00:00:00-05:00,147.13614832605077,148.86583122089658,146.6473199100369,147.80357360839844,4945800,0.0,0.0
2025-02-20 00:00:00-05:00,148.0573806503479,149.42044573039703,147.65316738510975,149.27003479003906,6256200,0.0,0.0
2025-02-21 00:00:00-05:00,148.64962434166733,149.4204553587131,147.41816516908477,147.5121612548828,6689800,0.0,0.0
2025-02-24 00:00:00-05:00,147.6719708074051,148.83763418035264,147.35235828939588,148.42401123046875,5925000,0.0,0.0
2025-02-25 00:00:00-05:00,148.5180253978725,149.45807236435166,146.13970772019854,147.04214477539062,6810900,0.0,0.0
2025-02-26 00:00:00-05:00,147.23014790831525,147.29595807956238,145.14324254328696,145.83888244628906,6005200,0.0,0.0
2025-02-27 00:00:00-05:00,146.35590344453442,148.80001676626608,145.5286575864833,147.2771453857422,7517200,0.0,0.0
2025-02-28 00:00:00-05:00,147.30535630244677,149.1572499679443,145.63207385503964,149.11024475097656,8828500,0.0,0.0
2025-03-03 00:00:00-05:00,149.8998979658722,150.49211781025065,142.66152473388627,143.9117889404297,9059800,0.0,0.0
2025-03-04 00:00:00-05:00,142.14448480810174,144.90821038749633,141.05402706321144,142.88711547851562,8826300,0.0,0.0
2025-03-05 00:00:00-05:00,141.14802877129307,142.29488707565994,138.8825267645141,141.76846313476562,9288300,0.0,0.0
2025-03-06 00:00:00-05:00,141.4864499565222,144.13738902845856,140.50880751812008,143.78016662597656,7314700,0.0,0.0
2025-03-07 00:00:00-05:00,144.72022260582852,148.01038687449488,144.49462052183725,146.96693420410156,8562600,0.0,0.0
2025-03-10 00:00:00-04:00,147.76597704468074,150.755319352929,146.80712517389384,148.12319946289062,11750300,0.0,0.0
2025-03-11 00:00:00-04:00,148.93163342578228,149.3170561230708,144.56981609231084,144.84243774414062,10466300,0.0,0.0
2025-03-12 00:00:00-04:00,144.42879911712728,145.5098472694384,143.0939342960909,143.51695251464844,9710200,0.0,0.0
2025-03-13 00:00:00-04:00,143.13153520103413,145.17143524379046,142.81192269899356,144.40060424804688,9022800,0.0,0.0
2025-03-14 00:00:00-04:00,144.75782964850285,147.8129821231777,143.8365733438601,147.60617065429688,6671500,0.0,0.0
2025-03-17 00:00:00-04:00,147.79416860042133,149.89046908366245,147.36174073310963,149.20423889160156,7615200,0.0,0.0
2025-03-18 00:00:00-04:00,150.16308739372315,151.43214202140734,149.29824602215257,151.16893005371094,9289500,0.0,0.0
2025-03-19 00:00:00-04:00,151.3193301226325,154.67528964171868,151.25351996344676,154.2146759033203,11503900,0.0,0.0
2025-03-20 00:00:00-04:00,153.34984899061942,155.3991442620311,152.67301410333303,154.8915252685547,9545900,0.0,0.0
2025-03-21 00:00:00-04:00,154.62831941078954,155.0043324323863,153.33105010151925,154.8727264404297,21625500,0.0,0.0
2025-03-24 00:00:00-04:00,154.81632394405074,156.45199634547853,154.46851118631764,155.1265411376953,8068000,0.0,0.0
2025-03-25 00:00:00-04:00,156.12298477127683,157.75867147717855,155.21113816639777,155.9913787841797,7869200,0.0,0.0
2025-03-26 00:00:00-04:00,157.33565480817634,158.8303403731788,157.2228537632623,157.89968872070312,10076100,0.0,0.0
2025-03-27 00:00:00-04:00,157.22284736613972,158.13469402603553,155.9067874157631,156.6588134765625,6862700,0.0,0.0
2025-03-28 00:00:00-04:00,156.70581443326978,157.11004205674436,155.38975451865377,156.13238525390625,4923000,0.0,0.0
2025-03-31 00:00:00-04:00,156.22639404505597,158.79271802367322,156.1699935270169,157.26043701171875,10675300,0.0,0.0
2025-04-01 00:00:00-04:00,157.2604444554422,158.49191798148618,156.19820117947995,158.4073028564453,6378600,0.0,0.0
2025-04-02 00:00:00-04:00,157.36383015347906,157.90905902419956,155.9067690741129,156.48959350585938,7044900,0.0,0.0
2025-04-03 00:00:00-04:00,150.52030415509415,151.6765721629761,146.45930902978097,146.76011657714844,15501000,0.0,0.0
2025-04-04 00:00:00-04:00,142.66153644671928,143.31958086291118,134.1917176127194,134.68994140625,20374700,0.0,0.0
2025-04-07 00:00:00-04:00,130.41270890939984,137.42546544367116,129.05903901101132,131.74757385253906,17817000,0.0,0.0
2025-04-08 00:00:00-04:00,135.50776721344266,135.8273940899157,126.7841323360869,128.7206268310547,12904400,0.0,0.0
2025-04-09 00:00:00-04:00,126.92512906983883,138.62870942513175,125.85347623994643,137.27503967285156,16846800,0.0,0.0
2025-04-10 00:00:00-04:00,134.63352723696227,135.01894993448613,125.44926438882409,126.88753509521484,20991200,0.0,0.0
2025-04-11 00:00:00-04:00,126.9157116527195,128.8992109486689,124.12377154553063,127.49855041503906,17224400,0.0,0.0
2025-04-14 00:00:00-04:00,130.17767500607795,130.2340755182439,126.06027983422983,127.20713806152344,9628200,0.0,0.0
2025-04-15 00:00:00-04:00,126.26710272593753,128.4386087051144,126.20129255979185,126.4738998413086,9334800,0.0,0.0
2025-04-16 00:00:00-04:00,127.28232364686284,129.3034327567676,126.71830420575395,127.2447280883789,8637200,0.0,0.0
2025-04-17 00:00:00-04:00,128.49501483342965,131.83218424338614,128.26939841047698,129.60426330566406,8434400,0.0,0.0
2025-04-21 00:00:00-04:00,127.86517873475958,128.11898106092644,124.39640350404423,125.71246337890625,9967500,0.0,0.0
2025-04-22 00:00:00-04:00,127.15074709000648,129.95209736825817,126.84993952062422,129.06845092773438,7984700,0.0,0.0
2025-04-23 00:00:00-04:00,128.9838337267107,130.24349305462923,127.04732517987931,128.485595703125,10002000,0.0,0.0
2025-04-24 00:00:00-04:00,129.6512677721621,131.04253317906685,128.99323780565155,130.73233032226562,7745800,0.0,0.0
2025-04-25 00:00:00-04:00,130.03669143946212,130.71352636560457,129.0214390502484,130.41270446777344,6878500,0.0,0.0
2025-04-28 00:00:00-04:00,130.63831919229344,132.03899424089693,130.365697557932,131.70057678222656,6715500,0.0,0.0
2025-04-29 00:00:00-04:00,130.3750725550212,131.61592667769062,130.26227154677133,130.94850158691406,7343800,0.0,0.0
2025-04-30 00:00:00-04:00,129.7264796405179,129.86748094601415,126.09789782463994,127.90278625488281,13858000,0.0,0.0
2025-05-01 00:00:00-04:00,127.30115381456922,129.67947140509332,127.01913686616389,128.09078979492188,10199800,0.0,0.0
2025-05-02 00:00:00-04:00,129.61366297564192,131.3997462352415,127.1789307569974,130.1964874267578,12393200,0.0,0.0
2025-05-05 00:00:00-04:00,128.57021393952633,128.78642070249438,127.07552852046184,127.37635040283203,9665000,0.0,0.0
2025-05-06 00:00:00-04:00,128.17541796118653,129.07785507512688,126.94394430598862,127.47038269042969,9916200,0.0,0.0
2025-05-07 00:00:00-04:00,127.91217496990947,128.12838171761112,126.54909563463501,127.6489486694336,8422100,0.0,0.0
2025-05-08 00:00:00-04:00,128.4950125783517,130.563112881868,128.28820111360236,128.8240203857422,8669300,0.0,0.0
2025-05-09 00:00:00-04:00,130.57249630376424,131.01431945243016,129.44444299941597,130.1870880126953,5965700,0.0,0.0
2025-05-12 00:00:00-04:00,133.90966562478883,135.0941337891519,132.1423873704936,133.12942504882812,8028200,0.0,0.0
2025-05-13 00:00:00-04:00,133.04484370270765,134.64292064911294,132.47141448937643,133.81568908691406,8536800,0.0,0.0
2025-05-14 00:00:00-04:00,133.2610381530567,133.70286132624454,132.292791031554,133.1764373779297,6453600,0.0,0.0
2025-05-15 00:00:00-04:00,131.60656306006413,133.91908469375517,131.14593492552217,133.73106384277344,7545400,0.0,0.0
2025-05-16 00:00:00-04:00,134.14469276401252,134.4267097091209,132.2645989219269,133.58067321777344,8200100,0.0,0.0
2025-05-19 00:00:00-04:00,132.70529016012816,132.7528679147301,130.469266362067,131.7728271484375,7713600,1.71,0.0
2025-05-20 00:00:00-04:00,131.58251601502738,132.0202110308136,130.38363500104435,130.61199951171875,6503900,0.0,0.0
2025-05-21 00:00:00-04:00,129.99352413928085,130.47879693351697,128.9183423304861,128.9849395751953,9073200,0.0,0.0
2025-05-22 00:00:00-04:00,128.44258984849935,129.39408688251498,127.28176230550487,128.72802734375,8877600,0.0,0.0
2025-05-23 00:00:00-04:00,127.87166123489642,130.15524786999472,127.5576655317997,129.91737365722656,7025900,0.0,0.0
2025-05-27 00:00:00-04:00,130.71665046018737,131.27803015396904,129.79369729374392,131.1448211669922,8348900,0.0,0.0
2025-05-28 00:00:00-04:00,132.04874910647578,132.05825884950238,129.08008318871543,129.42262268066406,6876300,0.0,0.0
2025-05-29 00:00:00-04:00,129.87934819048758,131.24950627460885,129.4987551754285,131.22096252441406,7554300,0.0,0.0
2025-05-30 00:00:00-04:00,130.24091812842244,130.78326388586916,128.65191983036982,130.06964111328125,12858900,0.0,0.0
2025-06-02 00:00:00-04:00,131.7728090802149,131.96310555383764,129.81271329769882,131.15432739257812,9076600,0.0,0.0
2025-06-03 00:00:00-04:00,130.97354966743265,133.77095302998904,129.97448948254075,132.78140258789062,9001300,0.0,0.0
2025-06-04 00:00:00-04:00,132.6577252990378,133.80904319005998,130.66909982414774,130.7071533203125,8735600,0.0,0.0
2025-06-05 00:00:00-04:00,131.44932011960267,131.58252913443792,130.06965221194605,130.25994873046875,6342600,0.0,0.0
2025-06-06 00:00:00-04:00,131.3922249385194,133.79000158414283,131.3922249385194,133.40940856933594,6563500,0.0,0.0
2025-06-09 00:00:00-04:00,133.73291774232624,135.24579461780678,132.91462967128192,133.93272399902344,7159500,0.0,0.0
2025-06-10 00:00:00-04:00,135.32191365662828,137.90998683321837,135.0269518896635,136.39710998535156,9841500,0.0,0.0
2025-06-11 00:00:00-04:00,137.1963564535823,138.08124170557855,135.69298943270456,137.7577362060547,9256700,0.0,0.0
2025-06-12 00:00:00-04:00,137.4913175838465,138.15736258535853,136.47320881684857,137.9385223388672,6999400,0.0,0.0
2025-06-13 00:00:00-04:00,139.94618127243842,140.44096378039524,137.52937074866998,138.8329315185547,14148000,0.0,0.0
2025-06-16 00:00:00-04:00,138.6616457909558,139.74635172798799,136.76817616153053,138.9470977783203,10105100,0.0,0.0
2025-06-17 00:00:00-04:00,140.1840610064138,142.70552236142944,139.39431671893712,141.63034057617188,11330300,0.0,0.0
2025-06-18 00:00:00-04:00,142.19170577591066,142.88629448048863,140.5360958649736,141.00233459472656,9841900,0.0,0.0
2025-06-20 00:00:00-04:00,141.31634591883144,142.6294019750051,140.72640787517213,142.29638671875,23705900,0.0,0.0
2025-06-23 00:00:00-04:00,144.74171580689486,144.77025955477097,139.2230449433662,139.73684692382812,10540600,0.0,0.0
2025-06-24 00:00:00-04:00,137.52935975286923,139.28963487929553,136.21630386333536,136.58738708496094,10778400,0.0,0.0
2025-06-25 00:00:00-04:00,136.4541749422291,137.20585111067223,135.59781901455864,136.28289794921875,7386100,0.0,0.0
2025-06-26 00:00:00-04:00,136.7301064030243,138.0431768168783,136.44465441931374,137.43421936035156,7415700,0.0,0.0
2025-06-27 00:00:00-04:00,137.53889714925714,137.65307214567935,135.6549371148291,136.8157501220703,9213500,0.0,0.0
2025-06-30 00:00:00-04:00,136.10213976963755,137.11073889855703,135.49318220202798,136.244873046875,6980300,0.0,0.0
2025-07-01 00:00:00-04:00,136.38756607156384,139.1754596182081,135.59782187968008,138.50941467285156,8508200,0.0,0.0
2025-07-02 00:00:00-04:00,139.87956750860434,140.83106450020583,138.4142685297625,140.80252075195312,8228700,0.0,0.0
2025-07-03 00:00:00-04:00,140.66932222037784,141.7540282907634,140.212607695661,141.17361450195312,5173300,0.0,0.0
2025-07-07 00:00:00-04:00,140.2506561279297,140.98331290476645,138.51893908658843,140.2506561279297,9460900,0.0,0.0
2025-07-08 00:00:00-04:00,140.17454314173057,145.80740356445312,140.1174411267899,145.80740356445312,14082100,0.0,0.0
2025-07-09 00:00:00-04:00,145.52194673860006,146.49247769872,145.08425175072122,145.5980682373047,9495900,0.0,0.0
2025-07-10 00:00:00-04:00,145.3792207492011,147.7484535141997,144.32305849476703,146.69229125976562,8395100,0.0,0.0
2025-07-11 00:00:00-04:00,146.80647697713042,148.32887810111924,146.1214124418979,147.77700805664062,8333200,0.0,0.0
2025-07-14 00:00:00-04:00,147.38687504436732,147.38687504436732,143.8092516590696,144.2945098876953,10706300,0.0,0.0
2025-07-15 00:00:00-04:00,144.246954029462,144.92250878314738,142.96242724507422,143.38108825683594,7346300,0.0,0.0
2025-07-16 00:00:00-04:00,143.44767620166965,144.13275517311752,141.98237727416202,142.64842224121094,7923400,0.0,0.0
2025-07-17 00:00:00-04:00,141.9253035598831,144.47530868666053,141.39246753450828,144.03762817382812,8359600,0.0,0.0
2025-07-18 00:00:00-04:00,147.5010692821188,148.34790103296075,139.42285451022545,142.76260375976562,45782600,0.0,0.0
2025-07-21 00:00:00-04:00,143.86633866072395,144.31354339718817,141.8967474866444,142.42005920410156,17982200,0.0,0.0
2025-07-22 00:00:00-04:00,142.0204372598678,143.61895977258837,141.27827075996998,142.76260375976562,26196500,0.0,0.0
2025-07-23 00:00:00-04:00,143.59040668046086,145.71224079114032,143.17174570392692,145.69320678710938,13162800,0.0,0.0
2025-07-24 00:00:00-04:00,145.28405944136767,148.4335117589027,144.81782074821706,148.27175903320312,15701000,0.0,0.0
2025-07-25 00:00:00-04:00,148.27177544052063,148.6238246754888,146.4924807422436,147.3297882080078,7875500,0.0,0.0
2025-07-28 00:00:00-04:00,147.86261398641878,148.95684414398437,147.43444328071513,148.69993591308594,8755400,0.0,0.0
2025-07-29 00:00:00-04:00,149.0805292332176,149.5848359538746,147.91019209645523,149.41355895996094,6446000,0.0,0.0
2025-07-30 00:00:00-04:00,148.56672593595974,148.72847866731647,145.29357426483634,146.1118621826172,9191700,0.0,0.0
2025-07-31 00:00:00-04:00,144.62754316086964,146.46392539124275,143.80925516486968,144.28500366210938,10237100,0.0,0.0
2025-08-01 00:00:00-04:00,145.1413466290147,147.14900588857694,143.05758038556726,144.056640625,10706500,0.0,0.0
2025-08-04 00:00:00-04:00,143.9139015414065,144.70364568549635,142.55326798671348,143.71408081054688,10116600,0.0,0.0
2025-08-05 00:00:00-04:00,143.70457712649528,145.67418269876507,142.62938097243355,145.61708068847656,8604100,0.0,0.0
2025-08-06 00:00:00-04:00,146.98724713750215,147.63427262363976,144.8368692226064,145.3697052001953,7840900,0.0,0.0
2025-08-07 00:00:00-04:00,146.3307259977671,147.62476257594605,145.41729695357776,145.73129272460938,6510400,0.0,0.0
2025-08-08 00:00:00-04:00,146.52104529028097,148.19567497823303,146.05480647935005,147.49156188964844,6332800,0.0,0.0
2025-08-11 00:00:00-04:00,147.80554622620338,148.366925993483,145.56953690072444,146.00721740722656,6169700,0.0,0.0
2025-08-12 00:00:00-04:00,146.61615849935433,148.48109887088893,145.92156980549763,146.94918823242188,6641600,0.0,0.0
2025-08-13 00:00:00-04:00,147.07289525215606,148.44303870844303,146.72083149664323,148.30982971191406,6581900,0.0,0.0
2025-08-14 00:00:00-04:00,148.14807933322598,148.14807933322598,146.62569285125463,147.63427734375,7337300,0.0,0.0
2025-08-15 00:00:00-04:00,147.93875460915115,150.8503332068165,147.75796784991044,148.9568634033203,11617000,0.0,0.0
2025-08-18 00:00:00-04:00,148.55720915579167,148.8997486055813,147.24413884514982,147.7864990234375,8174300,0.0,0.0
2025-08-19 00:00:00-04:00,147.6421900221689,148.10398864926844,146.09322608596537,146.23753356933594,8567500,1.71,0.0
2025-08-20 00:00:00-04:00,146.64161122440635,147.67105355435203,146.17018230504144,147.41128540039062,8076300,0.0,0.0
2025-08-21 00:00:00-04:00,147.026470106402,149.76841535998858,146.9398709263589,149.65296936035156,7533600,0.0,0.0
2025-08-22 00:00:00-04:00,149.43168213716015,152.77011772066336,149.43168213716015,152.18324279785156,9084300,0.0,0.0
2025-08-25 00:00:00-04:00,151.9138697108691,152.31796006934934,151.21154874741447,152.20249938964844,7030000,0.0,0.0
2025-08-26 00:00:00-04:00,151.53865564386928,153.93426289508758,150.6150582874753,151.39434814453125,10270000,0.0,0.0
2025-08-27 00:00:00-04:00,151.43282405725364,153.92464607526583,151.25003945297138,153.2030792236328,7483000,0.0,0.0
2025-08-28 00:00:00-04:00,152.98179982821685,153.47247472017733,151.8657875028899,153.28005981445312,6502000,0.0,0.0
2025-08-29 00:00:00-04:00,153.64561618595457,154.9925496451811,153.40509392684058,154.51150512695312,6934800,0.0,0.0
2025-09-02 00:00:00-04:00,154.39604392824913,155.72373149168638,153.33775479998033,155.6948699951172,8947300,0.0,0.0
2025-09-03 00:00:00-04:00,153.9342499290446,155.7141205659748,151.06722863460408,152.0677947998047,9556100,0.0,0.0
2025-09-04 00:00:00-04:00,152.0678060501505,153.5975242487173,151.52903848438976,151.7118377685547,7243000,0.0,0.0
2025-09-05 00:00:00-04:00,150.14363337780685,150.77861575267553,147.67107184703485,147.83462524414062,11011700,0.0,0.0
2025-09-08 00:00:00-04:00,148.07514340574733,149.1526785473575,147.08419276366325,148.16172790527344,9462000,0.0,0.0
2025-09-09 00:00:00-04:00,149.0372304451587,151.03837759442493,148.7389851641222,148.97950744628906,7769200,0.0,0.0
2025-09-10 00:00:00-04:00,149.17191449619892,151.93310545265888,149.12380710623083,151.8080291748047,7440800,0.0,0.0
2025-09-11 00:00:00-04:00,150.56695431291962,152.8952083304336,150.09552533718602,152.2506103515625,6417400,0.0,0.0
2025-09-12 00:00:00-04:00,152.82786422421762,153.72260006886842,151.14420824614925,151.15382385253906,5546300,0.0,0.0
2025-09-15 00:00:00-04:00,151.41359046759698,152.3179565896314,150.56694734393668,151.3462371826172,5030500,0.0,0.0
2025-09-16 00:00:00-04:00,152.25061065286178,154.03048148364707,152.1255343634712,153.49169921875,8011000,0.0,0.0
2025-09-17 00:00:00-04:00,153.16459995129733,154.57887227047402,152.5969708382445,154.02085876464844,5736800,0.0,0.0
2025-09-18 00:00:00-04:00,153.96312574385072,154.21326363833322,152.09667044104503,152.8182373046875,6244200,0.0,0.0
2025-09-19 00:00:00-04:00,152.97217080660977,152.97217080660977,149.65296626290672,150.28794860839844,16734000,0.0,0.0
2025-09-22 00:00:00-04:00,149.72029675064744,151.16343035926153,149.2681137121899,150.13400268554688,5244000,0.0,0.0
2025-09-23 00:00:00-04:00,151.16342723294932,153.77069502459435,151.03836563873622,151.45205688476562,7181400,0.0,0.0
2025-09-24 00:00:00-04:00,152.3179422345582,154.4056736674505,152.25058895592608,153.14532470703125,6285200,0.0,0.0
2025-09-25 00:00:00-04:00,153.3954954540083,154.9059677761845,153.308910954332,154.62696838378906,6311000,0.0,0.0
2025-09-26 00:00:00-04:00,154.48265586023174,155.1849768019575,153.4628290693882,154.08819580078125,7015200,0.0,0.0
2025-09-29 00:00:00-04:00,153.09724243177547,153.09724243177547,149.66257731502623,150.18211364746094,8315100,0.0,0.0
2025-09-30 00:00:00-04:00,149.01798698683243,149.8261383448415,148.09437494888252,149.40281677246094,7755700,0.0,0.0
2025-10-01 00:00:00-04:00,148.9602641075804,149.21040200040986,147.38243849672193,148.71974182128906,6768400,0.0,0.0
2025-10-02 00:00:00-04:00,148.12323144534957,150.6631458617943,147.50749506197855,147.5555877685547,7562400,0.0,0.0
2025-10-03 00:00:00-04:00,147.75763652118826,148.4310959131089,146.45881044509485,147.72877502441406,7249300,0.0,0.0
2025-10-06 00:00:00-04:00,148.13286184658662,148.7870753966262,147.12266534225859,148.18096923828125,4778900,0.0,0.0
2025-10-07 00:00:00-04:00,147.8249897396547,149.08533883813172,145.54484318711204,149.0372314453125,5479600,0.0,0.0
2025-10-08 00:00:00-04:00,148.50808114893135,148.81594204185663,147.0457015366692,147.91159057617188,5678000,0.0,0.0
2025-10-09 00:00:00-04:00,148.28679670331874,149.0949480187166,145.81422068606486,145.8911895751953,6178600,0.0,0.0
2025-10-10 00:00:00-04:00,144.986844735306,145.61221154605997,143.2454655693247,143.2550811767578,7796600,0.0,0.0
2025-10-13 00:00:00-04:00,144.31335450322067,146.2182866721754,143.76495670955794,146.1798095703125,5978800,0.0,0.0
2025-10-14 00:00:00-04:00,144.13057072536952,147.64220487045804,143.98626322748603,146.61276245117188,6419400,0.0,0.0
2025-10-15 00:00:00-04:00,147.10342777170285,148.36377691201963,145.31394133375431,146.3433837890625,5824900,0.0,0.0
2025-10-16 00:00:00-04:00,146.37221782900147,146.93984680780056,144.53462434138453,145.95852661132812,5276800,0.0,0.0
2025-10-17 00:00:00-04:00,146.48767598821294,148.34451552042063,146.42995299307012,147.27659606933594,7735500,0.0,0.0
2025-10-20 00:00:00-04:00,147.61332340748586,148.85442656612554,147.37280113274488,148.62351989746094,5676500,0.0,0.0
2025-10-21 00:00:00-04:00,148.87366737758083,149.40280461970002,147.40167228082993,147.9596710205078,6304900,0.0,0.0
2025-10-22 00:00:00-04:00,148.787075788727,150.06665607353926,147.78650956829,149.67221069335938,6036700,0.0,0.0
2025-10-23 00:00:00-04:00,152.20250523230123,152.57771942502328,150.20135797767853,150.6246795654297,9810900,0.0,0.0
2025-10-24 00:00:00-04:00,151.45206876268935,151.65411393890074,149.5375061131246,149.66258239746094,4979900,0.0,0.0
2025-10-27 00:00:00-04:00,149.89347889963744,150.5669383074418,148.99872843759348,149.3931884765625,4884400,0.0,0.0
2025-10-28 00:00:00-04:00,149.02760226895685,150.3071825898435,148.0558975201551,148.28680419921875,5066500,0.0,0.0
2025-10-29 00:00:00-04:00,148.0270207809549,150.23019823064888,148.0270207809549,149.2200164794922,7344400,0.0,0.0
2025-10-30 00:00:00-04:00,149.34508477106124,149.34508477106124,147.4305368845306,147.69992065429688,8971200,0.0,0.0
2025-10-31 00:00:00-04:00,149.82612956857702,153.145333986221,149.2296390316984,151.74069213867188,11136100,0.0,0.0
2025-11-03 00:00:00-05:00,151.4424610848907,151.74070638132383,147.74804216336247,148.20021057128906,8512200,0.0,0.0
2025-11-04 00:00:00-05:00,147.6133214644652,147.93081262458196,146.3818486084263,147.57484436035156,6976800,0.0,0.0
2025-11-05 00:00:00-05:00,147.70952556423822,148.54653831109366,146.8725128173828,146.8725128173828,5894700,0.0,0.0
2025-11-06 00:00:00-05:00,147.11304524020946,148.92176273407097,146.89175418123983,147.14190673828125,6466300,0.0,0.0
2025-11-07 00:00:00-05:00,147.61333347750156,150.24946307340983,147.61333347750156,149.14306640625,9835900,0.0,0.0
2025-11-10 00:00:00-05:00,149.52789962295634,150.0666672186134,146.5935246676999,149.74917602539062,8436800,0.0,0.0
2025-11-11 00:00:00-05:00,150.80746312386194,152.0004588666608,149.9896815346371,150.31680297851562,6361400,0.0,0.0
2025-11-12 00:00:00-05:00,149.68180791371987,149.88383838211297,146.31449642424639,147.5074920654297,11670900,0.0,0.0
2025-11-13 00:00:00-05:00,148.1617211929552,150.2783142739345,148.09436790949832,149.68182373046875,7998700,0.0,0.0
2025-11-14 00:00:00-05:00,150.30718215691093,151.96197665131263,148.94101734042863,151.6444854736328,8484800,0.0,0.0
2025-11-17 00:00:00-05:00,151.74069026611625,151.90424364742543,148.58503927074207,148.9506378173828,8745000,0.0,0.0
2025-11-18 00:00:00-05:00,148.35720784612877,150.0888514452501,147.63730523133128,149.44677734375,10813400,1.71,0.0
2025-11-19 00:00:00-05:00,147.05362502455012,147.8318953734624,146.16834231710902,147.57894897460938,7539900,0.0,0.0
2025-11-20 00:00:00-05:00,148.3961158437876,148.88253292250553,145.97376829210586,146.22669982910156,7623400,0.0,0.0
2025-11-21 00:00:00-05:00,146.35316512699242,146.90767284780554,144.70907311450736,145.90565490722656,9248400,0.0,0.0
2025-11-24 00:00:00-05:00,145.75002079957068,146.0418591717995,143.7265239679138,145.68191528320312,14181100,0.0,0.0
2025-11-25 00:00:00-05:00,144.85500004026866,145.8278341972732,144.2421246154602,144.49505615234375,11447900,0.0,0.0
2025-11-26 00:00:00-05:00,144.23238263163418,146.37262959099965,144.17401495897343,145.44842529296875,7578900,0.0,0.0
2025-11-28 00:00:00-05:00,145.3997980778297,147.40383404468054,145.20521937309888,147.02442932128906,3848600,0.0,0.0
2025-12-01 00:00:00-05:00,147.62758569915096,149.76781791011962,147.38437715598926,148.3961181640625,8209000,0.0,0.0
2025-12-02 00:00:00-05:00,147.89025560905304,148.3183050216261,145.20522378264818,146.1683349609375,9196300,0.0,0.0
2025-12-03 00:00:00-05:00,146.93686208187842,148.35720645879925,146.87849440851897,147.471923828125,8060200,0.0,0.0
2025-12-04 00:00:00-05:00,147.6275782028,148.78525318454777,147.1119773050205,148.12371826171875,7254700,0.0,0.0
2025-12-05 00:00:00-05:00,147.87080891927081,148.48369925903776,145.75976033640714,145.92514038085938,12659800,0.0,0.0
2025-12-08 00:00:00-05:00,145.19548989986413,145.9932209897229,143.64868723843017,144.670166015625,10237200,0.0,0.0
2025-12-09 00:00:00-05:00,145.0009462978024,146.02242521764913,144.1934920980863,144.45616149902344,8916700,0.0,0.0
2025-12-10 00:00:00-05:00,145.12738324396642,147.67621866832454,144.66042703451396,147.29681396484375,10976300,0.0,0.0
2025-12-11 00:00:00-05:00,146.73257692568487,147.81242342816253,146.02241215112943,146.6255645751953,8414200,0.0,0.0
2025-12-12 00:00:00-05:00,147.04388165042306,147.43302423237643,145.56518437181532,145.9154052734375,5848100,0.0,0.0
2025-12-15 00:00:00-05:00,145.76948240056214,146.02242880926852,144.39778252715118,145.73057556152344,7503000,0.0,0.0
2025-12-16 00:00:00-05:00,144.50477908435397,144.77718630492103,142.51048093881724,142.76341247558594,11290500,0.0,0.0
2025-12-17 00:00:00-05:00,143.49304639286095,145.798658727108,143.3471271986448,145.4581756591797,8805300,0.0,0.0
2025-12-18 00:00:00-05:00,144.80636283136633,145.2149513751821,143.08444230478736,143.67787170410156,6998800,0.0,0.0
2025-12-19 00:00:00-05:00,143.94053826232437,144.9620021798076,143.19145185780252,143.73623657226562,21701400,0.0,0.0
2025-12-22 00:00:00-05:00,144.76746429724648,146.4018335780553,144.66045193454906,145.73057556152344,8143600,0.0,0.0
2025-12-23 00:00:00-05:00,145.96403140391342,146.9757872470493,145.77920538198077,146.4212646484375,4663700,0.0,0.0
2025-12-24 00:00:00-05:00,146.29480944780565,146.88823889425348,146.02241706362682,146.4115447998047,2227600,0.0,0.0
2025-12-26 00:00:00-05:00,146.29480095806983,147.03414955161077,145.58462135656427,145.944580078125,3706900,0.0,0.0
2025-12-29 00:00:00-05:00,146.89795236739613,147.52056561147387,146.01266975408024,146.8882293701172,5589100,0.0,0.0
2025-12-30 00:00:00-05:00,147.38438519231224,148.522599455059,147.35520135308326,148.17237854003906,5150500,0.0,0.0
2025-12-31 00:00:00-05:00,148.2502077381024,148.40586477755105,147.54976590485586,148.26966857910156,4953100,0.0,0.0
2026-01-02 00:00:00-05:00,148.0361734117126,151.6648406982422,147.14116775938132,151.6648406982422,6862100,0.0,0.0
2026-01-05 00:00:00-05:00,161.2472743715493,161.2472743715493,154.9822195261624,159.39889526367188,35094900,0.0,0.0
2026-01-06 00:00:00-05:00,160.40089282849382,160.56627284590357,151.86913352625305,152.28744506835938,20564900,0.0,0.0
2026-01-07 00:00:00-05:00,153.1630100279758,153.71751777111282,150.69200298907666,150.98385620117188,13537900,0.0,0.0
2026-01-08 00:00:00-05:00,151.27571520363705,156.08151843470742,150.99359982251812,154.92384338378906,12929600,0.0,0.0
2026-01-09 00:00:00-05:00,156.19825032367783,158.28011483189596,155.5950978947637,157.70614624023438,12549600,0.0,0.0
2026-01-12 00:00:00-05:00,158.28012203027617,159.1167600395311,156.34419146454832,157.92990112304688,9796800,0.0,0.0
2026-01-13 00:00:00-05:00,159.02919199867196,161.61693427517466,158.8638119824809,159.41831970214844,12068600,0.0,0.0
2026-01-14 00:00:00-05:00,159.64210886227073,164.76893475216661,159.64210886227073,162.69680786132812,16414900,0.0,0.0
2026-01-15 00:00:00-05:00,161.26672868052776,162.7843476498229,160.61493155111367,161.64613342285156,8097400,0.0,0.0
2026-01-16 00:00:00-05:00,162.064445269356,162.7454262382073,161.30563578345428,161.743408203125,9745800,0.0,0.0
2026-01-20 00:00:00-05:00,162.18119378432615,163.0956454505688,160.66355998399743,160.8094940185547,11142500,0.0,0.0
2026-01-21 00:00:00-05:00,162.4633224844893,163.9031130423267,161.54885589901392,162.20065307617188,10918500,0.0,0.0
2026-01-22 00:00:00-05:00,161.74339528761857,163.00808261122444,161.22779439206914,162.13253784179688,8957400,0.0,0.0
2026-01-23 00:00:00-05:00,163.38748449929807,163.86417855332408,161.91851034888046,162.19090270996094,8368700,0.0,0.0
2026-01-26 00:00:00-05:00,163.75717642657986,163.83500494092647,162.2395575074993,162.94972229003906,8912600,0.0,0.0
2026-01-27 00:00:00-05:00,163.21239974020213,164.7494795749356,162.1228153297482,164.45762634277344,9784900,0.0,0.0
2026-01-28 00:00:00-05:00,165.34290412652973,165.79039953751808,163.6307064656447,165.31370544433594,9200200,0.0,0.0
2026-01-29 00:00:00-05:00,167.95981937104128,170.1681571703616,166.3935557089409,166.53948974609375,16786600,0.0,0.0
2026-01-30 00:00:00-05:00,167.93063125239942,172.4835029297801,166.61731401712788,172.0943603515625,22946600,0.0,0.0
2026-02-02 00:00:00-05:00,168.7283690209118,171.48149163713967,167.95982167646466,169.30233764648438,14235300,0.0,0.0
2026-02-03 00:00:00-05:00,169.1564056435824,173.96220868817042,169.0299324547445,173.20338439941406,18425400,0.0,0.0
2026-02-04 00:00:00-05:00,174.02056572769214,177.6297718671964,174.02056572769214,176.3067169189453,16170500,0.0,0.0
2026-02-05 00:00:00-05:00,174.75993430841768,175.55766547408115,172.59051820856862,174.36106872558594,10474100,0.0,0.0
2026-02-06 00:00:00-05:00,175.4020078299674,177.15311234485614,174.63346050530458,175.94679260253906,9901800,0.0,0.0
2026-02-09 00:00:00-05:00,176.09272387256397,177.8535663504922,175.06152193313739,177.63954162597656,12021300,0.0,0.0
2026-02-10 00:00:00-05:00,177.76597957465023,177.98000427459178,175.94678446941796,177.30874633789062,7458200,0.0,0.0
2026-02-11 00:00:00-05:00,178.94313110171132,181.4530452028821,178.56372634480599,180.77206420898438,10502100,0.0,0.0
2026-02-12 00:00:00-05:00,180.75259136651906,180.75259136651906,177.14337007209383,177.4449462890625,9673700,0.0,0.0
2026-02-13 00:00:00-05:00,177.58113757039774,179.818659063599,176.78342129378183,178.74855041503906,9034700,0.0,0.0
2026-02-17 00:00:00-05:00,180.06489844497997,180.55607382808714,175.58538134936003,177.36343383789062,9849000,1.78,0.0
2026-02-18 00:00:00-05:00,179.9961282570712,180.67395268995355,178.76818978865634,180.6248321533203,10313400,0.0,0.0
2026-02-19 00:00:00-05:00,182.0197617911052,184.58369781887117,181.4794808763685,181.51876831054688,10773300,0.0,0.0
2026-02-20 00:00:00-05:00,181.33211667244873,181.62682488775127,179.10219131983723,180.6837615966797,9566200,0.0,0.0
2026-02-23 00:00:00-05:00,181.41073003310376,183.33614429832264,180.8016773015223,181.64649963378906,7047200,0.0,0.0
2026-02-24 00:00:00-05:00,182.01977289478572,182.67796112065682,180.60520033583146,182.0688934326172,7451800,0.0,0.0
2026-02-25 00:00:00-05:00,182.56006188394954,182.6975903909533,179.2888320500569,180.96865844726562,9440700,0.0,0.0
2026-02-26 00:00:00-05:00,179.67195738841625,182.97265671391656,178.55207806312956,180.90972900390625,7133800,0.0,0.0
2026-02-27 00:00:00-05:00,182.7172554310416,184.23990222419712,180.52661726459598,183.46383666992188,12035500,0.0,0.0
2026-03-02 00:00:00-05:00,186.9708350525315,188.0612450721272,183.9157233752487,186.25372314453125,15809100,0.0,0.0
2026-03-03 00:00:00-05:00,187.15746829743452,188.17910647775176,184.11217498948952,185.4383544921875,14004200,0.0,0.0
2026-03-04 00:00:00-05:00,184.14165570704438,185.13383961502186,180.89989504723084,182.74671936035156,11054400,0.0,0.0
2026-03-05 00:00:00-05:00,183.3066554050554,186.61717262615517,183.19859622329486,186.54840087890625,13567200,0.0,0.0
2026-03-06 00:00:00-05:00,187.51113497529636,189.0141305760818,184.7998370370289,186.5877227783203,13073100,0.0,0.0
2026-03-09 00:00:00-04:00,187.62899185993876,188.26751384691508,184.78999881305094,186.09652709960938,15987500,0.0,0.0
2026-03-10 00:00:00-04:00,185.30083319844417,185.8411141381038,182.36359895781828,183.0021209716797,11999600,0.0,0.0
2026-03-11 00:00:00-04:00,183.29683847671672,188.47383156776982,183.19861238702967,188.40505981445312,11371700,0.0,0.0
2026-03-12 00:00:00-04:00,189.18111769906702,195.36993069889576,188.38541595427884,193.49363708496094,27151800,0.0,0.0
2026-03-13 00:00:00-04:00,192.54076333946207,194.1419999944813,191.2538861460719,193.34629821777344,13017000,0.0,0.0
2026-03-16 00:00:00-04:00,193.13016643013384,194.34827178568756,192.12816445259523,193.3659210205078,12683900,0.0,0.0
2026-03-17 00:00:00-04:00,194.00447371640337,197.03993422905617,192.9926535455191,194.4759979248047,14018600,0.0,0.0
2026-03-18 00:00:00-04:00,195.7039251318559,197.1872694251227,195.00644947719087,195.1046905517578,13305000,0.0,0.0
2026-03-19 00:00:00-04:00,196.2638473956523,198.86708584565213,195.4877969078228,197.88473510742188,16918400,0.0,0.0
2026-03-20 00:00:00-04:00,197.8454391462758,201.46049777557772,197.45250483394182,198.16961669921875,35849500,0.0,0.0
2026-03-23 00:00:00-04:00,195.1243410995613,201.7355576814351,193.88656951796344,201.5882110595703,15735700,0.0,0.0
2026-03-24 00:00:00-04:00,202.41338980942962,206.08737228932236,202.17762021600709,203.14031982421875,16695500,0.0,0.0
2026-03-25 00:00:00-04:00,202.36427055696998,203.58239097983784,201.00862161776897,201.52926635742188,8865000,0.0,0.0
2026-03-26 00:00:00-04:00,202.39373339968216,205.51761672702105,201.53909300337904,204.12266540527344,11085600,0.0,0.0
2026-03-27 00:00:00-04:00,204.47631789118194,208.71026253112518,202.60985732254963,207.42337036132812,13907800,0.0,0.0
2026-03-30 00:00:00-04:00,209.49611708281097,210.92053767232753,206.5785341347885,206.9911346435547,10409000,0.0,0.0
2026-03-31 00:00:00-04:00,207.17778592387708,209.3389697609992,198.39558201546177,203.24838256835938,17403900,0.0,0.0
2026-04-01 00:00:00-04:00,198.4250412139038,201.16579331911703,191.4699958308832,193.92587280273438,23051900,0.0,0.0
2026-04-02 00:00:00-04:00,198.93585880708252,201.85344193643624,194.54474945035759,195.45834350585938,11528000,0.0,0.0
2026-04-06 00:00:00-04:00,194.99663387400517,196.2442235875341,192.88458564899707,195.35028076171875,8245700,0.0,0.0
2026-04-07 00:00:00-04:00,196.44068824898596,201.0086134167756,195.7235763708982,197.98297119140625,11672600,0.0,0.0
2026-04-08 00:00:00-04:00,188.0317665211894,189.7606984989148,185.27136322588763,189.4856414794922,17195400,0.0,0.0
2026-04-09 00:00:00-04:00,190.8805879683656,193.19893653390335,185.92954636525124,187.00030517578125,11634000,0.0,0.0
2026-04-10 00:00:00-04:00,186.36177477540426,187.58971326164664,183.17895282285,185.2222442626953,11151400,0.0,0.0
2026-04-13 00:00:00-04:00,188.0710555951217,189.2105861080738,186.37159292685493,188.39523315429688,12000200,0.0,0.0
2026-04-14 00:00:00-04:00,185.27135423811555,185.8312863613901,181.34195130614688,183.71923828125,12111000,0.0,0.0
2026-04-15 00:00:00-04:00,183.07090537123722,183.9353789175989,180.79184419973262,181.64649963378906,8661600,0.0,0.0
2026-04-16 00:00:00-04:00,182.34395356288672,184.90788979073002,182.06889653372593,184.8292999267578,8013200,0.0,0.0
2026-04-17 00:00:00-04:00,178.6797789677757,181.04724789461181,174.60302931342582,180.7427215576172,15720600,0.0,0.0
2026-04-20 00:00:00-04:00,181.24371604346968,182.9824810936249,179.60319206555403,180.01577758789062,9661100,0.0,0.0
2026-04-21 00:00:00-04:00,180.7230815662459,183.0807175386048,179.1218449329075,182.69760131835938,9799000,0.0,0.0
2026-04-22 00:00:00-04:00,183.964831177037,186.07687931702083,182.8351188083967,183.03160095214844,8708300,0.0,0.0
2026-04-23 00:00:00-04:00,183.81747754554698,185.094536587933,182.2260740405874,184.2890167236328,6684700,0.0,0.0
2026-04-24 00:00:00-04:00,181.96084411035247,183.12984402249504,179.96667308004496,181.9412078857422,9626700,0.0,0.0
2026-04-27 00:00:00-04:00,182.90388644968678,185.04540386525113,180.42835839093416,181.51876831054688,10836600,0.0,0.0
2026-04-28 00:00:00-04:00,184.95700889152155,186.60736604314013,183.25754619110052,185.0355987548828,10754900,0.0,0.0
2026-04-29 00:00:00-04:00,186.7743593312861,189.2204031898196,186.15547354082176,188.8274688720703,8644600,0.0,0.0
2026-04-30 00:00:00-04:00,186.89223293606227,190.70375869875164,185.17311909827984,189.89822387695312,11748600,0.0,0.0
2026-05-01 00:00:00-04:00,187.9237219816454,190.66447427788046,186.40107515507725,187.2655487060547,10435900,0.0,0.0
2026-05-04 00:00:00-04:00,187.4816591032363,190.2911830346851,184.6524839584252,188.88641357421875,8229500,0.0,0.0
2026-05-05 00:00:00-04:00,187.8451149782872,190.25187136099336,187.08870069018533,189.24005126953125,5642800,0.0,0.0
2026-05-06 00:00:00-04:00,182.31447822671564,183.4834780568493,179.907721806167,181.89207458496094,11082900,0.0,0.0
2026-05-07 00:00:00-04:00,178.37526127340095,180.2024343733816,176.36143912183607,179.27902221679688,12194000,0.0,0.0
2026-05-08 00:00:00-04:00,178.82713632610137,179.50496078888713,177.5500922541974,178.41455078125,13053000,0.0,0.0
2026-05-11 00:00:00-04:00,179.77019639929262,181.9313651613874,179.77019639929262,181.4794921875,12042100,0.0,0.0
2026-05-12 00:00:00-04:00,183.20841725530693,183.5915334532052,181.40089544929887,182.66812133789062,8995100,0.0,0.0
2026-05-13 00:00:00-04:00,182.53060558239017,182.7270727507715,180.71326553800785,182.71725463867188,7554700,0.0,0.0
2026-05-14 00:00:00-04:00,182.90389241665417,184.25954127701567,181.9804802937693,183.345947265625,6222400,0.0,0.0
2026-05-15 00:00:00-04:00,185.27135701739738,188.12016819001704,184.58369950240112,187.72723388671875,11210800,0.0,0.0
2026-05-18 00:00:00-04:00,187.7959970030907,192.73722023231093,185.69376693135175,192.65863037109375,9869700,0.0,0.0
2026-05-19 00:00:00-04:00,193.24352165728013,197.14943647656602,191.79616157432926,195.54345703125,11819200,1.78,0.0
2026-05-20 00:00:00-04:00,194.55211470959853,196.47533293898638,189.6152041361591,189.6746826171875,14564900,0.0,0.0
2026-05-21 00:00:00-04:00,192.11338425290108,192.48019341746198,187.36483245647818,189.35743713378906,9051200,0.0,0.0
2026-05-22 00:00:00-04:00,188.72297690053614,190.3388795203656,188.1579162178831,189.7738037109375,7209600,0.0,0.0
2026-05-26 00:00:00-04:00,188.3561796606487,188.84194578014933,182.30894889451795,183.11195373535156,14264600,0.0,0.0
2026-05-27 00:00:00-04:00,180.2767004497806,182.13051699236496,179.10690155063838,180.82192993164062,9442800,0.0,0.0
2026-05-28 00:00:00-04:00,182.12061217118776,183.6571900134226,180.51461755677323,181.4464874267578,8725400,0.0,0.0
2026-05-29 00:00:00-04:00,181.13916907178498,181.3870061556587,178.83923367258456,180.8814239501953,13886500,0.0,0.0
2026-06-01 00:00:00-04:00,182.7848074875158,186.3140050749503,182.42792148840587,184.22225952148438,8850500,0.0,0.0
2026-06-02 00:00:00-04:00,183.28048518121938,186.81959087444886,183.28048518121938,185.92738342285156,6549800,0.0,0.0
2026-06-03 00:00:00-04:00,187.25578219104912,189.82337069065628,186.33383552103973,188.06869506835938,7983700,0.0,0.0
2026-06-04 00:00:00-04:00,187.36482933083468,188.45531851521605,186.04633427218252,186.720458984375,5163200,0.0,0.0
2026-06-05 00:00:00-04:00,187.42431270112647,187.9695573075498,184.97568111782311,185.689453125,6310900,0.0,0.0
2026-06-08 00:00:00-04:00,187.0674313622167,189.37727484209876,186.86916471678475,187.60276794433594,6113000,0.0,0.0
2026-06-09 00:00:00-04:00,186.86916237530232,187.7415537564023,183.86537811065833,185.1442108154297,8469900,0.0,0.0
2026-06-10 00:00:00-04:00,187.5531901308008,191.02290923322064,186.60148909264186,188.1579132080078,10041800,0.0,0.0
2026-06-11 00:00:00-04:00,190.1505234675948,190.58671915929676,183.9446882789702,184.2123565673828,9274100,0.0,0.0
2026-06-12 00:00:00-04:00,183.47875017070805,186.77001875032343,182.76497816514808,185.60023498535156,8703400,0.0,0.0
2026-06-15 00:00:00-04:00,177.35221089747452,180.09825001808318,176.22207440181367,178.8392333984375,10184900,0.0,0.0
2026-06-16 00:00:00-04:00,177.07462814408635,178.69053071035674,176.78714379345382,178.55174255371094,6663500,0.0,0.0
2026-06-17 00:00:00-04:00,177.4612610029066,178.5220109881872,175.56779716873388,176.04364013671875,8430000,0.0,0.0
2026-06-18 00:00:00-04:00,174.1204122250015,174.1204122250015,170.73991094170302,172.1278076171875,19146100,0.0,0.0
2026-06-22 00:00:00-04:00,172.57392352104563,173.93206592735817,171.364477317331,173.54544067382812,11108900,0.0,0.0
2026-06-23 00:00:00-04:00,174.2592071155141,174.87383823558957,173.18854911079316,174.4574737548828,6555300,0.0,0.0
2026-06-24 00:00:00-04:00,172.3855672448334,172.48470813242324,169.38178289752412,169.9666748046875,10634600,0.0,0.0
2026-06-25 00:00:00-04:00,168.74731948425116,171.27526083412147,167.80554156517903,170.74984741210938,7954200,0.0,0.0
2026-06-26 00:00:00-04:00,170.74984653515205,170.75975457308752,168.45981912291998,169.58004760742188,13102200,0.0,0.0
2026-06-29 00:00:00-04:00,169.8873552231953,170.11537622601344,166.91331029006062,167.012451171875,8813700,0.0,0.0
2026-06-30 00:00:00-04:00,168.231812140037,168.98524656793634,163.77074456051866,164.32589721679688,19428800,0.0,0.0
2026-07-01 00:00:00-04:00,163.3543696717164,166.021098986479,163.3543696717164,164.25650024414062,9175500,0.0,0.0
2026-07-02 00:00:00-04:00,166.8240911376383,168.08310771733343,165.9516997908543,167.7361297607422,9561800,0.0,0.0
2026-07-06 00:00:00-04:00,167.3990796858983,167.79561296737074,165.71379054947784,166.64566040039062,9974300,0.0,0.0
2026-07-07 00:00:00-04:00,168.6680034240702,173.09933164732058,168.52921526362996,172.5045166015625,9748900,0.0,0.0
2026-07-08 00:00:00-04:00,175.270391748575,177.03499060589527,173.4363912457271,174.44757080078125,9921800,0.0,0.0
2026-07-09 00:00:00-04:00,173.11915802206258,174.07084391660874,172.3954628736556,172.54417419433594,6582400,0.0,0.0
2026-07-10 00:00:00-04:00,173.45621947311395,174.89367153423836,172.0088442474984,174.87384033203125,5996600,0.0,0.0
2026-07-13 00:00:00-04:00,177.4711768935554,180.8021077864773,177.4711768935554,180.6236572265625,7685100,0.0,0.0
2026-07-14 00:00:00-04:00,181.1689097881995,181.77363288285085,179.06725614039013,180.18746948242188,6823300,0.0,0.0
2026-07-15 00:00:00-04:00,180.59393033258408,180.8219362216628,177.0349933228906,180.02886962890625,6665700,0.0,0.0
2026-07-16 00:00:00-04:00,180.99046969361547,183.2309114468484,180.3758234501959,182.26930236816406,6257600,0.0,0.0
2026-07-17 00:00:00-04:00,185.84806781461606,186.5221774006786,183.8951104450309,185.75885009765625,7058300,0.0,0.0
2026-07-20 00:00:00-04:00,184.67827052717857,188.703157383451,184.3213845295161,188.06869506835938,7767000,0.0,0.0
2026-07-21 00:00:00-04:00,188.85185534793104,189.60527462703973,187.68207158878008,189.41693115234375,6892400,0.0,0.0
2026-07-22 00:00:00-04:00,191.7267587657066,192.0241662866403,190.27939869155074,191.31039428710938,6142400,0.0,0.0
2026-07-23 00:00:00-04:00,194.60168530647266,195.9796589162297,192.34141226495422,192.73794555664062,8150000,0.0,0.0
2026-07-24 00:00:00-04:00,192.77760468776617,195.16674268877938,192.12331115349815,193.104736328125,6700400,0.0,0.0
2026-07-27 00:00:00-04:00,187.0376907964813,190.82464874253338,187.0376907964813,188.35618591308594,7369200,0.0,0.0
2026-07-28 00:00:00-04:00,189.8134672272052,190.30914139552678,185.11447066587763,185.95712280273438,7406800,0.0,0.0
2026-07-29 00:00:00-04:00,190.83455081810604,191.88537761271655,189.12943050455033,190.20008850097656,8101200,0.0,0.0
2026-07-30 00:00:00-04:00,188.26696452250857,191.44918418306943,187.67214947524624,190.6461944580078,6645000,0.0,0.0
2026-07-31 00:00:00-04:00,193.42197014392966,195.84086245030258,189.8828494022017,195.12709045410156,9958100,0.0,0.0
2026-08-03 00:00:00-04:00,193.68964546360823,194.16548843611125,190.15052459325534,191.5086669921875,9544100,0.0,0.0
2026-08-04 00:00:00-04:00,188.50487898184394,189.81346603887252,184.7278442631638,188.75271606445312,9455900,0.0,0.0
2026-08-05 00:00:00-04:00,189.53588489986126,189.72424349814156,184.65845305327434,184.7972412109375,8260600,0.0,0.0
2026-08-06 00:00:00-04:00,187.33508936043367,188.13807906271805,185.4019632018278,187.59283447265625,7182100,0.0,0.0
2026-08-07 00:00:00-04:00,184.59897527825967,186.12564501836846,184.2619053568443,184.94593811035156,7098800,0.0,0.0
2026-08-10 00:00:00-04:00,187.24587981009512,193.30301878907449,187.24587981009512,193.2237091064453,13667300,0.0,0.0
2026-08-11 00:00:00-04:00,192.56941920624195,195.7516541021881,192.56941920624195,194.9585723876953,6049800,0.0,0.0
2026-08-12 00:00:00-04:00,193.53102805055298,195.69216021451425,192.89656570522,194.8990936279297,7366200,0.0,0.0
2026-08-13 00:00:00-04:00,193.31292550662153,196.3861113987189,192.07374008670726,195.98956298828125,5908900,0.0,0.0
2026-08-14 00:00:00-04:00,197.14944011106155,199.88557121858932,196.64385790182394,198.26966857910156,7910500,0.0,0.0
2026-08-17 00:00:00-04:00,198.99334689273124,201.91782145332886,198.07140020275753,200.94630432128906,8357800,0.0,0.0
2026-08-18 00:00:00-04:00,203.2561427580939,204.43584966709753,201.94757085501675,203.9600067138672,7701600,0.0,0.0
2026-08-19 00:00:00-04:00,205.0500030517578,207.67999267578125,204.25999450683594,205.75999450683594,8689900,1.78,0.0
2026-08-20 00:00:00-04:00,208.89999389648438,208.97999572753906,205.52000427246094,205.77000427246094,8200600,0.0,0.0
2026-08-21 00:00:00-04:00,205.92999267578125,207.82000732421875,205.00999450683594,205.27000427246094,7359100,0.0,0.0
2026-08-24 00:00:00-04:00,203.6699981689453,205.3000030517578,201.75,203.08999633789062,5853900,0.0,0.0
2026-08-25 00:00:00-04:00,201.02999877929688,202.05999755859375,199.7899932861328,199.88999938964844,8176800,0.0,0.0
2026-08-26 00:00:00-04:00,198.72999572753906,202.38999938964844,198.1199951171875,200.2100067138672,6863100,0.0,0.0
2026-08-27 00:00:00-04:00,199.57000732421875,200.8800048828125,197.82000732421875,199.77000427246094,8112300,0.0,0.0
2026-08-28 00:00:00-04:00,199.97999572753906,202.24000549316406,199.55999755859375,201.86000061035156,5301000,0.0,0.0
2026-08-31 00:00:00-04:00,206.0800018310547,208.4199981689453,203.83999633789062,206.13999938964844,12067400,0.0,0.0
2026-09-01 00:00:00-04:00,209.0,211.0800018310547,207.8000030517578,211.0500030517578,8551500,0.0,0.0
2026-09-02 00:00:00-04:00,210.49000549316406,212.7899932861328,209.4600067138672,211.77999877929688,7595300,0.0,0.0
2026-09-03 00:00:00-04:00,212.3800048828125,213.1999969482422,211.1699981689453,211.32000732421875,6668200,0.0,0.0
2026-09-04 00:00:00-04:00,209.50999450683594,209.86000061035156,207.1199951171875,208.60000610351562,5458400,0.0,0.0
2026-09-08 00:00:00-04:00,211.25,213.30999755859375,209.17999267578125,209.8000030517578,7703900,0.0,0.0
2026-09-09 00:00:00-04:00,212.8800048828125,215.27999877929688,212.22999572753906,213.80999755859375,8384700,0.0,0.0
2026-09-10 00:00:00-04:00,217.39999389648438,217.39999389648438,211.33999633789062,212.75999450683594,9625200,0.0,0.0
2026-09-11 00:00:00-04:00,212.02000427246094,215.5500030517578,212.02000427246094,214.05999755859375,6570300,0.0,0.0
2026-09-14 00:00:00-04:00,217.0,217.64999389648438,211.27000427246094,212.1699981689453,9366000,0.0,0.0
2026-09-15 00:00:00-04:00,212.88999938964844,217.77999877929688,212.74000549316406,217.77000427246094,9557600,0.0,0.0
2026-09-16 00:00:00-04:00,215.08999633789062,215.27999877929688,210.3699951171875,211.5399932861328,8045100,0.0,0.0
2026-09-17 00:00:00-04:00,209.61000061035156,211.75,209.1699981689453,211.57000732421875,7387300,0.0,0.0
2026-09-18 00:00:00-04:00,211.08999633789062,211.89999389648438,207.30999755859375,209.50999450683594,47279400,0.0,0.0
