Date,open,high,low,close,volume,dividends,stock splits
2016-09-19 00:00:00-04:00,39.677933879364375,39.82057752213832,39.303993583058045,39.394630432128906,22990000,0.0,0.0
2016-09-20 00:00:00-04:00,39.62296224814641,39.759166936622435,39.53678052169134,39.612064361572266,20984000,0.0,0.0
2016-09-21 00:00:00-04:00,39.68537052401841,39.91568097085668,39.42633409288401,39.872093200683594,26970000,0.0,0.0
2016-09-22 00:00:00-04:00,40.11824841371804,40.566977574863046,40.004829530746385,40.41294479370117,35186000,0.0,0.0
2016-09-23 00:00:00-04:00,40.372824722593656,40.46494662386342,40.25346188501585,40.36391067504883,28234000,0.0,0.0
2016-09-26 00:00:00-04:00,40.10932978282631,40.12220772748732,39.64524387509657,39.754207611083984,29454000,0.0,0.0
2016-09-27 00:00:00-04:00,39.71359099448791,40.29109573263168,39.71359099448791,40.154396057128906,27346000,0.0,0.0
2016-09-28 00:00:00-04:00,39.82503441529191,40.13062866117835,39.76064846767519,40.1212158203125,29406000,0.0,0.0
2016-09-29 00:00:00-04:00,39.98105206548404,40.31190341687214,39.6655537343423,39.75371551513672,27000000,0.0,0.0
2016-09-30 00:00:00-04:00,39.801257439734236,40.02364002876354,39.69724763933949,39.824039459228516,33204000,0.0,0.0
2016-10-03 00:00:00-04:00,39.74925194645071,39.79828486975446,39.43623250535076,39.64177703857422,29784000,0.0,0.0
2016-10-04 00:00:00-04:00,39.87059765951055,39.94489145437553,39.606611147987124,39.761138916015625,25174000,0.0,0.0
2016-10-05 00:00:00-04:00,39.92012660809032,40.043948343089816,39.65812014936046,39.683876037597656,24276000,0.0,0.0
2016-10-06 00:00:00-04:00,39.82503300685153,39.967181635983955,39.648218219931316,39.77550506591797,21998000,0.0,0.0
2016-10-07 00:00:00-04:00,39.91666055011643,39.91715556497536,39.46545261683496,39.658119201660156,23262000,0.0,0.0
2016-10-10 00:00:00-04:00,39.81760838753281,40.48377003582438,39.733905515755836,40.32478332519531,29922000,0.0,0.0
2016-10-11 00:00:00-04:00,40.32478210045062,40.606600527949496,39.98798678502359,40.09695053100586,34432000,0.0,0.0
2016-10-12 00:00:00-04:00,40.21532260607277,40.341124415098996,40.04643182587251,40.20591354370117,18158000,0.0,0.0
2016-10-13 00:00:00-04:00,39.92360357023108,39.94787064002745,39.55461336491413,39.82503890991211,27380000,0.0,0.0
2016-10-14 00:00:00-04:00,39.99195054123899,40.12270628020538,39.737868066074995,39.850791931152344,22238000,0.0,0.0
2016-10-17 00:00:00-04:00,39.919635830808495,40.29110107523914,39.81265592627688,39.961734771728516,21128000,0.0,0.0
2016-10-18 00:00:00-04:00,40.32676479707711,41.04988342009534,40.28318080733033,40.68733596801758,45786000,0.0,0.0
2016-10-19 00:00:00-04:00,40.756176940929535,41.09891620399466,40.756176940929535,40.952308654785156,30002000,0.0,0.0
2016-10-20 00:00:00-04:00,40.98796599528512,41.033038801483016,40.640771620178725,40.69426345825195,27878000,0.0,0.0
2016-10-21 00:00:00-04:00,40.6135353198127,40.82601387293646,40.52983244892093,40.81462097167969,32316000,0.0,0.0
2016-10-24 00:00:00-04:00,41.113281401725494,41.50207974585815,41.06127460219689,41.39311599731445,28952000,0.0,0.0
2016-10-25 00:00:00-04:00,41.52982224976449,41.52982224976449,40.87604343410104,41.03701400756836,37814000,0.0,0.0
2016-10-26 00:00:00-04:00,40.96617425204781,40.99539902445275,40.43275224897416,40.7175407409668,35898000,0.0,0.0
2016-10-27 00:00:00-04:00,40.762621775131976,40.93943659623245,40.34657867763703,40.4822883605957,59470000,0.0,0.0
2016-10-28 00:00:00-04:00,41.1058485283358,41.554577647664324,40.46494404356453,40.591739654541016,87098000,0.0,0.0
2016-10-31 00:00:00-04:00,40.73388648303808,40.743794339039106,40.01919073452137,40.1132926940918,44854000,0.0,0.0
2016-11-01 00:00:00-04:00,40.16133142098531,40.314377928257,39.536773798772096,39.894371032714844,47118000,0.0,0.0
2016-11-02 00:00:00-04:00,39.95777168389913,39.95777168389913,38.88002602869621,39.049415588378906,47014000,0.0,0.0
2016-11-03 00:00:00-04:00,38.85526508374616,39.127674455374546,38.56453260151955,38.7408561706543,43504000,0.0,0.0
2016-11-04 00:00:00-04:00,38.20148385156056,39.05238804183845,38.18662584658604,38.686866760253906,39412000,0.0,0.0
2016-11-07 00:00:00-05:00,39.37283984022069,39.870601894834735,39.271305102410835,39.72350311279297,39852000,0.0,0.0
2016-11-08 00:00:00-05:00,39.72350803530969,40.41740188529972,39.60414140969999,40.21631622314453,35382000,0.0,0.0
2016-11-09 00:00:00-05:00,39.713594605728545,40.20293762009324,39.228710504227664,39.89982223510742,61970000,0.0,0.0
2016-11-10 00:00:00-05:00,40.1182415853387,40.121211674522186,38.049427098204134,38.64674377441406,118192000,0.0,0.0
2016-11-11 00:00:00-05:00,38.47439137391961,38.49816342807949,37.91620343934803,38.223777770996094,71852000,0.0,0.0
2016-11-14 00:00:00-05:00,38.22427143437527,38.2252614642544,36.82904726538873,37.306007385253906,73766000,0.0,0.0
2016-11-15 00:00:00-05:00,37.91273189155231,38.644273256932934,37.90035273975532,38.39266586303711,58878000,0.0,0.0
2016-11-16 00:00:00-05:00,38.15790222483213,38.805736977191685,37.95533152801052,38.63139724731445,35968000,0.0,0.0
2016-11-17 00:00:00-05:00,38.75621101406046,39.07319441845771,38.624960250305676,38.93748474121094,30674000,0.0,0.0
2016-11-18 00:00:00-05:00,38.98750782925376,39.191563562231025,38.40207899380685,38.43278503417969,36126000,0.0,0.0
2016-11-21 00:00:00-05:00,38.53827966022365,38.95679777329987,38.4491278504634,38.87012481689453,32616000,0.0,0.0
2016-11-22 00:00:00-05:00,39.07765597119856,39.31440162117101,38.81762950098925,38.880035400390625,27884000,0.0,0.0
2016-11-23 00:00:00-05:00,39.103901943946546,39.103901943946546,38.26835072824198,38.58285903930664,26260000,0.0,0.0
2016-11-25 00:00:00-05:00,38.7616537230008,38.776016712371174,38.542736220716364,38.643775939941406,12270000,0.0,0.0
2016-11-28 00:00:00-05:00,38.55065999102689,39.61007876584269,38.53827706130695,38.91915512084961,51508000,0.0,0.0
2016-11-29 00:00:00-05:00,39.047435625864814,39.4466368309274,38.89686795314394,39.099937438964844,31240000,0.0,0.0
2016-11-30 00:00:00-05:00,39.08309425663496,39.20245707908139,38.29311098258626,38.428321838378906,45582000,0.0,0.0
2016-12-01 00:00:00-05:00,38.5605741494812,38.563049224333916,37.31294370795742,37.85627365112305,57342000,0.0,0.0
2016-12-02 00:00:00-05:00,37.73591720761192,38.161864323910805,37.59228352618649,37.862709045410156,34376000,0.0,0.0
2016-12-05 00:00:00-05:00,38.13710234566975,38.63238938912001,37.98702967621612,38.544227600097656,33770000,0.0,0.0
2016-12-06 00:00:00-05:00,38.64179446654179,38.89389687577066,38.301534056124154,38.44318389892578,34682000,0.0,0.0
2016-12-07 00:00:00-05:00,38.62991058422393,39.22672854211137,38.31193340072965,39.20048141479492,40588000,0.0,0.0
2016-12-08 00:00:00-05:00,39.273785685978936,39.57343601359334,39.02416210129051,39.38373947143555,32250000,0.0,0.0
2016-12-09 00:00:00-05:00,39.588291215309,40.11577309488401,39.52638033850405,40.091007232666016,38090000,0.0,0.0
2016-12-12 00:00:00-05:00,39.86168492189459,40.18510723567511,39.84732193305618,40.01423263549805,32572000,0.0,0.0
2016-12-13 00:00:00-05:00,40.236619818516004,40.82650757281201,40.21433281040722,40.382728576660156,42564000,0.0,0.0
2016-12-14 00:00:00-05:00,40.41146234969531,40.824531567456546,40.255940734939664,40.509033203125,35994000,0.0,0.0
2016-12-15 00:00:00-05:00,40.482775625671565,40.76211895674457,40.21730026923553,40.3980827331543,35394000,0.0,0.0
2016-12-16 00:00:00-05:00,40.529829174118234,40.5739081732632,40.025129357333086,40.110321044921875,51978000,0.0,0.0
2016-12-19 00:00:00-05:00,40.082587523713634,40.42631682685612,39.845838128020986,40.242069244384766,25272000,0.0,0.0
2016-12-20 00:00:00-05:00,40.28516040973833,40.43969198945519,40.167777624744446,40.375797271728516,25438000,0.0,0.0
2016-12-21 00:00:00-05:00,40.40154689251946,40.40154689251946,39.875553898413706,40.22720718383789,29192000,0.0,0.0
2016-12-22 00:00:00-05:00,40.07367193850869,40.171242779675495,39.92161544772397,40.10239791870117,22632000,0.0,0.0
2016-12-23 00:00:00-05:00,40.01968402892712,40.166287794276506,39.87605035300641,40.009281158447266,15310000,0.0,0.0
2016-12-27 00:00:00-05:00,40.05286192984162,40.41541308426627,39.910222073911434,40.11477279663086,19520000,0.0,0.0
2016-12-28 00:00:00-05:00,40.28317531386213,40.28317531386213,39.74380934402393,39.84930419921875,24296000,0.0,0.0
2016-12-29 00:00:00-05:00,39.73836880089109,39.90775462288825,39.53084415094994,39.76560974121094,21148000,0.0,0.0
2016-12-30 00:00:00-05:00,39.78194665052405,39.78591054870447,39.108851044056664,39.249019622802734,34718000,0.0,0.0
2017-01-03 00:00:00-05:00,39.653667552867596,40.18956847006335,39.46892872942391,40.01968765258789,39180000,0.0,0.0
2017-01-04 00:00:00-05:00,40.112800909788305,40.28813445497263,39.82652733113272,40.0078010559082,30306000,0.0,0.0
2017-01-05 00:00:00-05:00,39.99442667919496,40.30348605030842,39.916172751204776,40.267826080322266,26810000,0.0,0.0
2017-01-06 00:00:00-05:00,40.365397124732695,41.05731466379456,40.19254243838996,40.87158203125,40342000,0.0,0.0
2017-01-09 00:00:00-05:00,40.92902404011869,41.130109644708284,40.693763518533736,40.96914291381836,28178000,0.0,0.0
2017-01-10 00:00:00-05:00,40.96370329093332,41.079601026185316,40.76905661359754,40.91120147705078,23948000,0.0,0.0
2017-01-11 00:00:00-05:00,40.941411201917184,41.10386299409677,40.686338724521754,41.10188293457031,26508000,0.0,0.0
2017-01-12 00:00:00-05:00,41.028580050214984,41.127639709766335,40.66355380140094,41.085540771484375,26990000,0.0,0.0
2017-01-13 00:00:00-05:00,41.158350338708416,41.33912904178607,41.085050339078386,41.15538024902344,25804000,0.0,0.0
2017-01-17 00:00:00-05:00,41.108826423487905,41.11774047215692,40.77203106790489,40.98302459716797,28818000,0.0,0.0
2017-01-18 00:00:00-05:00,41.09891368017955,41.099408695071226,40.81560645507907,41.060279846191406,20554000,0.0,0.0
2017-01-19 00:00:00-05:00,41.05929169596535,41.25740724515224,40.80966814450937,40.82997131347656,21410000,0.0,0.0
2017-01-20 00:00:00-05:00,41.06375252744144,41.07118530966726,40.8413698803792,41.0181884765625,26124000,0.0,0.0
2017-01-23 00:00:00-05:00,41.18856387321818,41.87849754779648,41.044435174403034,41.82352066040039,49148000,0.0,0.0
2017-01-24 00:00:00-05:00,41.94982166756888,42.17468316763265,41.71703614905964,42.07612228393555,33768000,0.0,0.0
2017-01-25 00:00:00-05:00,42.27522424241807,42.53475188376061,42.086517745992495,42.517913818359375,33108000,0.0,0.0
2017-01-26 00:00:00-05:00,42.54762745938286,42.64420826944014,42.125149236931115,42.44510269165039,69866000,0.0,0.0
2017-01-27 00:00:00-05:00,42.545154673095425,42.941382011600886,41.69821434425477,41.85323715209961,75050000,0.0,0.0
2017-01-30 00:00:00-05:00,41.45849401547241,41.46691304798565,40.66454675231036,40.80323028564453,70338000,0.0,0.0
2017-01-31 00:00:00-05:00,40.588768953567886,40.7655875346256,40.28664357520171,40.62294387817383,40404000,0.0,0.0
2017-02-01 00:00:00-05:00,40.81164436970975,40.81164436970975,40.22968070716536,40.37777328491211,45020000,0.0,0.0
2017-02-02 00:00:00-05:00,40.36588960454157,40.83938460086608,40.21978084968036,40.52735137939453,33784000,0.0,0.0
2017-02-03 00:00:00-05:00,40.76855983777893,40.917143667814095,40.581338392675235,40.619972229003906,30562000,0.0,0.0
2017-02-06 00:00:00-05:00,40.65909761234897,40.73190258702195,40.33072136778282,40.69376754760742,27018000,0.0,0.0
2017-02-07 00:00:00-05:00,40.885943707671984,41.20391711792648,40.7764849472161,41.070682525634766,33332000,0.0,0.0
2017-02-08 00:00:00-05:00,41.13507343595062,41.31932102300994,40.86662796265788,41.10287857055664,26044000,0.0,0.0
2017-02-09 00:00:00-05:00,41.19450636126251,41.206889292741955,40.935473723814795,41.111793518066406,23884000,0.0,0.0
2017-02-10 00:00:00-05:00,41.254927621390124,41.4629472437186,41.134079745973466,41.34903335571289,28302000,0.0,0.0
2017-02-13 00:00:00-05:00,41.490194999594316,41.69029441633847,41.41838003915275,41.55260467529297,25914000,0.0,0.0
2017-02-14 00:00:00-05:00,41.59272050235537,41.70316930609415,41.397578789581125,41.60559844970703,27266000,0.0,0.0
2017-02-15 00:00:00-05:00,41.54516570641992,41.69177325287088,41.41688882670008,41.471370697021484,27144000,0.0,0.0
2017-02-16 00:00:00-05:00,41.5298172941104,41.7373419277721,41.46840142945694,41.71158981323242,20102000,0.0,0.0
2017-02-17 00:00:00-05:00,41.668992579004644,41.94784093752763,41.59321372189133,41.928524017333984,29224000,0.0,0.0
2017-02-21 00:00:00-05:00,41.99984413142474,42.20835877963095,41.92852041520191,42.06324005126953,25206000,0.0,0.0
2017-02-22 00:00:00-05:00,42.00033616675811,42.28710471987905,41.93644145777508,42.166751861572266,24488000,0.0,0.0
2017-02-23 00:00:00-05:00,42.15289349475856,42.22916737226654,41.72793633525658,42.148929595947266,27734000,0.0,0.0
2017-02-24 00:00:00-05:00,41.98300463182177,42.01816958759565,41.75071413899052,41.990928649902344,26924000,0.0,0.0
2017-02-27 00:00:00-05:00,41.8492780553022,42.132581535048224,41.753192252640154,42.08305358886719,20206000,0.0,0.0
2017-02-28 00:00:00-05:00,41.968135837492696,42.041439598690225,41.67541958627331,41.84827423095703,27662000,0.0,0.0
2017-03-01 00:00:00-05:00,42.16773784642235,42.49561905563846,42.05085010360015,42.43370819091797,36374000,0.0,0.0
2017-03-02 00:00:00-05:00,42.411922022962386,42.42083984973324,42.03600161590954,42.09196853637695,25018000,0.0,0.0
2017-03-03 00:00:00-05:00,42.04688757687586,42.14000327378625,41.83738292693663,42.0538215637207,20100000,0.0,0.0
2017-03-06 00:00:00-05:00,41.943876857320035,42.04689665249963,41.66205841017576,41.96418380737305,20958000,0.0,0.0
2017-03-07 00:00:00-05:00,41.96368637925787,42.264326714252114,41.877508434286355,42.15635299682617,20774000,0.0,0.0
2017-03-08 00:00:00-05:00,42.253926265948046,42.44263277479298,42.16130934266585,42.27968215942383,20576000,0.0,0.0
2017-03-09 00:00:00-05:00,42.28215682506264,42.62984623758684,42.23163507305803,42.48769760131836,26954000,0.0,0.0
2017-03-10 00:00:00-05:00,42.728411203442974,42.80419005997063,42.476312549147444,42.664520263671875,26732000,0.0,0.0
2017-03-13 00:00:00-04:00,42.63578914174355,42.947818578443844,42.63529412683337,42.8215217590332,23332000,0.0,0.0
2017-03-14 00:00:00-04:00,42.78041408259422,42.97011060337482,42.60112043270681,42.88739776611328,21234000,0.0,0.0
2017-03-15 00:00:00-04:00,42.987940194773365,43.08402599582005,42.659068893975245,43.01022720336914,26658000,0.0,0.0
2017-03-16 00:00:00-04:00,43.11622054168477,43.22419425801289,42.967137913061066,43.089969635009766,22090000,0.0,0.0
2017-03-17 00:00:00-04:00,43.27223264901563,43.30888642625031,43.00923612924687,43.20735168457031,37366000,0.0,0.0
2017-03-20 00:00:00-04:00,43.06421291993208,43.10680687622737,42.82598226213966,42.986454010009766,30844000,0.0,0.0
2017-03-21 00:00:00-04:00,43.09293320937475,43.26182774620388,41.98497658339938,42.1063232421875,50760000,0.0,0.0
2017-03-22 00:00:00-04:00,42.073640983142326,42.36437724624804,41.950809257531276,42.08949279785156,27334000,0.0,0.0
2017-03-23 00:00:00-04:00,41.672954643949986,41.68781264998666,41.25741037491474,41.58677291870117,65754000,0.0,0.0
2017-03-24 00:00:00-04:00,41.703168760741704,41.80222843955894,41.064251781387306,41.3634033203125,42114000,0.0,0.0
2017-03-27 00:00:00-04:00,41.01421882435238,41.67245640350525,40.82650614613545,41.53030776977539,38692000,0.0,0.0
2017-03-28 00:00:00-04:00,41.588753273950836,41.87156171613289,41.22124815846946,41.635311126708984,30384000,0.0,0.0
2017-03-29 00:00:00-04:00,41.74032075771233,42.17815210181145,41.67246591167344,42.09296417236328,29146000,0.0,0.0
2017-03-30 00:00:00-04:00,42.19746066544872,42.198450695305645,41.93941807434497,42.073638916015625,18988000,0.0,0.0
2017-03-31 00:00:00-04:00,41.94238602776751,42.07760067114844,41.863637092014265,41.99042892456055,28820000,0.0,0.0
2017-04-03 00:00:00-04:00,42.03747714521113,42.54514699166698,41.97705132503624,42.43370819091797,39388000,0.0,0.0
2017-04-04 00:00:00-04:00,42.000345642750034,42.24798918125978,41.97607479241055,42.22669219970703,26970000,0.0,0.0
2017-04-05 00:00:00-04:00,42.33268137766572,42.62390890437893,41.97656909863394,42.045413970947266,37104000,0.0,0.0
2017-04-06 00:00:00-04:00,42.07462841864242,42.27720288404098,41.80222284054701,41.85670471191406,30672000,0.0,0.0
2017-04-07 00:00:00-04:00,41.85175595214637,41.89533994312617,41.470386584222254,41.70812225341797,22232000,0.0,0.0
2017-04-10 00:00:00-04:00,41.68037706970599,41.93792839616637,41.64323206047589,41.68830108642578,20924000,0.0,0.0
2017-04-11 00:00:00-04:00,41.688301621836054,41.833420335243375,41.3366483412299,41.59815979003906,19486000,0.0,0.0
2017-04-12 00:00:00-04:00,41.5278269041207,41.78834830444004,41.48473794021026,41.676414489746094,22716000,0.0,0.0
2017-04-13 00:00:00-04:00,41.65561198826443,41.788846566583906,41.49761910831562,41.61301803588867,21474000,0.0,0.0
2017-04-17 00:00:00-04:00,41.67245785294392,42.378738354457134,41.655120994146635,42.353477478027344,20982000,0.0,0.0
2017-04-18 00:00:00-04:00,42.22519741168063,42.46541191240429,42.16130647604691,42.29701614379883,18724000,0.0,0.0
2017-04-19 00:00:00-04:00,42.46541703054775,42.60459181963818,42.27423543680222,42.42183303833008,21606000,0.0,0.0
2017-04-20 00:00:00-04:00,42.58180622656546,42.7893308553237,42.470862416584545,42.59864807128906,23776000,0.0,0.0
2017-04-21 00:00:00-04:00,42.625391678376886,42.71553730582102,42.48225677638341,42.54267883300781,23458000,0.0,0.0
2017-04-24 00:00:00-04:00,43.01270680639477,43.583277664577906,42.89730408439131,43.53226089477539,33930000,0.0,0.0
2017-04-25 00:00:00-04:00,43.697189163616315,44.19198114109263,43.54959536298666,44.02309036254883,40760000,0.0,0.0
2017-04-26 00:00:00-04:00,44.149391250899804,44.22863899077663,43.840331867112575,44.0379524230957,26466000,0.0,0.0
2017-04-27 00:00:00-04:00,44.080543160461204,44.24794889741398,43.94087337468972,44.15186309814453,46846000,0.0,0.0
2017-04-28 00:00:00-04:00,46.01216318298664,46.353908644388525,45.72588584515886,45.79027557373047,76918000,0.0,0.0
2017-05-01 00:00:00-04:00,45.771950366090515,46.349950227227325,45.606029667986704,46.20136260986328,46556000,0.0,0.0
2017-05-02 00:00:00-04:00,46.223651696246336,46.7050707219991,46.11121906809098,46.41284942626953,35026000,0.0,0.0
2017-05-03 00:00:00-04:00,46.36133958549391,47.06216733932079,46.319735660409876,46.975494384765625,36496000,0.0,0.0
2017-05-04 00:00:00-04:00,47.06663251936141,47.50496261458601,46.92200879213505,47.28604507446289,38752000,0.0,0.0
2017-05-05 00:00:00-04:00,47.385098860392226,47.47029055649615,46.95816168618039,47.06613540649414,32310000,0.0,0.0
2017-05-08 00:00:00-04:00,46.925966984381915,47.59658372133681,46.92348813105127,47.482669830322266,37534000,0.0,0.0
2017-05-09 00:00:00-04:00,47.61342313599291,47.656512104114,47.27018887822365,47.38459777832031,33758000,0.0,0.0
2017-05-10 00:00:00-04:00,47.36033822626483,47.384605296086455,47.044344852430555,47.291988372802734,22920000,0.0,0.0
2017-05-11 00:00:00-04:00,47.116154949443604,47.448000104346505,46.983419154726356,47.34398651123047,20622000,0.0,0.0
2017-05-12 00:00:00-04:00,47.4410636003565,47.44749879398002,47.15429126959749,47.30683898925781,24298000,0.0,0.0
2017-05-15 00:00:00-04:00,47.3142796853954,47.68128608584516,47.19194295899862,47.50892639160156,26754000,0.0,0.0
2017-05-16 00:00:00-04:00,47.72338087205677,47.83976984140722,47.56488918212898,47.77587890625,22030000,0.0,0.0
2017-05-17 00:00:00-04:00,47.53269268468349,47.59658361764567,46.55994680647657,46.66445541381836,48982000,0.0,0.0
2017-05-18 00:00:00-04:00,46.715465229059134,47.2592900915323,46.61987445419596,47.0770263671875,36010000,0.0,0.0
2017-05-19 00:00:00-04:00,47.19193684006295,47.525762076163396,47.15132294153553,47.28257369995117,27206000,0.0,0.0
2017-05-22 00:00:00-04:00,47.39895820822505,47.786275221726356,47.37716621789478,47.74912643432617,27748000,0.0,0.0
2017-05-23 00:00:00-04:00,48.040862620053325,48.26621535047228,47.770433297566235,48.07008361816406,30908000,0.0,0.0
2017-05-24 00:00:00-04:00,48.303361279013096,48.445011126442814,48.12357260882,48.41975402832031,22660000,0.0,0.0
2017-05-25 00:00:00-04:00,48.48859722356266,49.31968949058718,48.43015145408081,49.12553405761719,39082000,0.0,0.0
2017-05-26 00:00:00-04:00,49.13247266142164,49.34990515238449,48.90266101750013,49.195377349853516,32728000,0.0,0.0
2017-05-30 00:00:00-04:00,49.15723198531301,49.41081942895945,49.10077005646643,49.3390007019043,30324000,0.0,0.0
2017-05-31 00:00:00-04:00,49.340989070989444,49.508889828238004,48.621335583345704,48.889286041259766,34482000,0.0,0.0
2017-06-01 00:00:00-04:00,49.0809636293131,49.188937350088324,48.602019652722625,48.94872283935547,26128000,0.0,0.0
2017-06-02 00:00:00-04:00,48.96357469458156,49.35435683586191,48.88829086421945,49.336524963378906,34710000,0.0,0.0
2017-06-05 00:00:00-04:00,49.42419454609459,49.895210693597605,49.303342887200884,49.72087097167969,27578000,0.0,0.0
2017-06-06 00:00:00-04:00,49.69264172772371,49.955143238914395,49.27115350924569,49.36426544189453,31042000,0.0,0.0
2017-06-07 00:00:00-04:00,49.48362639776251,49.722355846446845,49.32414468160437,49.60299301147461,27482000,0.0,0.0
2017-06-08 00:00:00-04:00,49.738205655835046,49.806060490077826,49.36129523418635,49.740684509277344,33758000,0.0,0.0
2017-06-09 00:00:00-04:00,49.80061766885454,49.80111268381829,47.219178871489504,48.04878616333008,72958000,0.0,0.0
2017-06-12 00:00:00-04:00,47.484156654133194,47.9437836909767,46.398486871952834,47.63719940185547,84042000,0.0,0.0
2017-06-13 00:00:00-04:00,48.14387792914832,48.434610395743086,47.647102113848554,48.067604064941406,40108000,0.0,0.0
2017-06-14 00:00:00-04:00,48.31524554326988,48.52326516423852,47.523278381404076,47.940311431884766,30110000,0.0,0.0
2017-06-15 00:00:00-04:00,46.95419072139592,47.58122337658614,46.57529653663951,47.55645751953125,48552000,0.0,0.0
2017-06-16 00:00:00-04:00,47.444037316639026,47.54507704385774,46.98787916746886,47.47920227050781,51184000,0.0,0.0
2017-06-19 00:00:00-04:00,48.025498121115504,48.503452001052,47.953683174772515,48.30137634277344,29376000,0.0,0.0
2017-06-20 00:00:00-04:00,48.305836410331054,48.57725574696627,47.953688072361054,47.99281692504883,25946000,0.0,0.0
2017-06-21 00:00:00-04:00,48.08196518763629,48.515836303525234,48.01559540319754,48.46828842163086,23232000,0.0,0.0
2017-06-22 00:00:00-04:00,48.38309906158543,48.56289150610097,48.20677927903942,48.37071990966797,20190000,0.0,0.0
2017-06-23 00:00:00-04:00,48.31524801979983,48.86600691806538,48.26373623744929,48.83975601196289,31280000,0.0,0.0
2017-06-26 00:00:00-04:00,49.033417774749324,49.23103833481037,48.05918673007497,48.146358489990234,30358000,0.0,0.0
2017-06-27 00:00:00-04:00,47.626796112088115,47.90514563158612,46.90813273456309,46.95766067504883,48872000,0.0,0.0
2017-06-28 00:00:00-04:00,47.08495227495686,47.708021109942024,46.36678389743331,47.597572326660156,54912000,0.0,0.0
2017-06-29 00:00:00-04:00,47.119130656880415,47.134483677490955,46.04187990086387,46.449005126953125,64134000,0.0,0.0
2017-06-30 00:00:00-04:00,46.75459676622012,46.80461972350421,46.042372333917676,46.045841217041016,45754000,0.0,0.0
2017-07-03 00:00:00-04:00,46.22117222543091,46.27169397774513,45.334113036518254,45.53965759277344,33896000,0.0,0.0
2017-07-05 00:00:00-04:00,45.7744171719184,46.373218889016385,45.49854274484778,46.17361831665039,41882000,0.0,0.0
2017-07-06 00:00:00-04:00,45.814046260273315,46.3657951773651,45.558973764474764,45.9472770690918,40298000,0.0,0.0
2017-07-07 00:00:00-04:00,46.11071500176766,46.78777437623554,46.051279212928726,46.59708786010742,33266000,0.0,0.0
2017-07-10 00:00:00-04:00,46.65356104469824,47.207293841661176,46.65356104469824,47.1017951965332,29030000,0.0,0.0
2017-07-11 00:00:00-04:00,47.07802152262868,47.29446019119559,46.81056608559357,47.22710037231445,29224000,0.0,0.0
2017-07-12 00:00:00-04:00,47.590149397166705,48.02451558343207,47.40095165397296,47.926944732666016,32042000,0.0,0.0
2017-07-13 00:00:00-04:00,48.082466441147005,48.47374365368171,47.78529497480451,47.98588562011719,30492000,0.0,0.0
2017-07-14 00:00:00-04:00,48.24095354949988,48.41628329981763,48.05026700043019,48.38508224487305,21592000,0.0,0.0
2017-07-17 00:00:00-04:00,48.35585982693087,48.70404424272042,48.082460449319925,48.33802795410156,33210000,0.0,0.0
2017-07-18 00:00:00-04:00,48.20925906806344,49.07551638150463,48.14388308263367,48.882354736328125,28266000,0.0,0.0
2017-07-19 00:00:00-04:00,49.033905018485505,49.31076949743891,48.885317416069675,49.17060470581055,28242000,0.0,0.0
2017-07-20 00:00:00-04:00,49.380110686023265,49.46331853639547,48.76694591507201,49.14188003540039,28368000,0.0,0.0
2017-07-21 00:00:00-04:00,48.98387902735814,49.28649937734492,48.744654589361474,49.22359848022461,29266000,0.0,0.0
2017-07-24 00:00:00-04:00,49.23647743876207,49.835279179026124,49.04678093501366,49.44499206542969,79690000,0.0,0.0
2017-07-25 00:00:00-04:00,48.07750959236424,48.37616608546804,47.73576034852209,47.99479675292969,118672000,0.0,0.0
2017-07-26 00:00:00-04:00,48.18053475590981,48.238481739976834,47.55895085345753,47.81055450439453,44432000,0.0,0.0
2017-07-27 00:00:00-04:00,48.00222568473783,48.01906752880629,46.41136481905355,47.17658233642578,74358000,0.0,0.0
2017-07-28 00:00:00-04:00,46.952714861831275,47.63620957262494,46.819975283434886,47.464839935302734,36276000,0.0,0.0
2017-07-31 00:00:00-04:00,47.54755230795027,47.60649309374766,46.64266122998417,46.82938766479492,45670000,0.0,0.0
2017-08-01 00:00:00-04:00,46.9437887642707,47.27464006461031,46.802633956785364,46.88187789916992,28052000,0.0,0.0
2017-08-02 00:00:00-04:00,46.971526378070614,47.00768513595491,46.186497034178466,46.93537139892578,40788000,0.0,0.0
2017-08-03 00:00:00-04:00,47.00768952911476,47.05226354394022,46.52924060904515,46.571834564208984,22478000,0.0,0.0
2017-08-04 00:00:00-04:00,46.75261435107233,46.93042295710481,46.54707357290783,46.84375,25092000,0.0,0.0
2017-08-07 00:00:00-04:00,46.92943312348718,47.00075683941316,46.73032753854119,46.841766357421875,28916000,0.0,0.0
2017-08-08 00:00:00-04:00,46.76945359204091,47.17558875523791,46.6798067716231,46.76449966430664,30102000,0.0,0.0
2017-08-09 00:00:00-04:00,46.48020701388848,46.743203522306196,46.25584056201691,46.56093978881836,28018000,0.0,0.0
2017-08-10 00:00:00-04:00,46.30933114119414,46.37371708617787,45.654562469972525,45.74420928955078,54148000,0.0,0.0
2017-08-11 00:00:00-04:00,45.750157312284315,46.228107461293106,45.62683057520137,46.0661506652832,32334000,0.0,0.0
2017-08-14 00:00:00-04:00,46.51091271665383,46.60848355523946,46.28407119188196,46.50397872924805,23012000,0.0,0.0
2017-08-15 00:00:00-04:00,46.60798848046302,46.709028201991615,46.39055979663956,46.46187973022461,22130000,0.0,0.0
2017-08-16 00:00:00-04:00,46.618889306720284,47.047311507640565,46.55895849088819,46.76846694946289,26906000,0.0,0.0
2017-08-17 00:00:00-04:00,46.7030866404181,46.7456805967927,45.944803121996515,45.94579315185547,33914000,0.0,0.0
2017-08-18 00:00:00-04:00,45.912109978482334,46.1122055792217,45.7372752523099,45.87248611450195,26748000,0.0,0.0
2017-08-21 00:00:00-04:00,45.85218277282455,45.97501070471542,45.49706060050728,45.60948944091797,26024000,0.0,0.0
2017-08-22 00:00:00-04:00,45.9111270125752,46.65405757218609,45.871998157468745,46.5767936706543,35502000,0.0,0.0
2017-08-23 00:00:00-04:00,46.40839159519272,46.82591969578603,46.32122362023945,46.68476486206055,22690000,0.0,0.0
2017-08-24 00:00:00-04:00,46.740727979797036,46.86949987198122,46.098338448627246,46.4029426574707,25892000,0.0,0.0
2017-08-25 00:00:00-04:00,46.517848580098445,46.59313241478874,46.066644365621215,46.086456298828125,23746000,0.0,0.0
2017-08-28 00:00:00-04:00,46.154803044823865,46.301901821108665,45.86902074540846,45.96907043457031,20988000,0.0,0.0
2017-08-29 00:00:00-04:00,45.563930704527486,46.46733298837685,45.53223085402362,46.34648132324219,23172000,0.0,0.0
2017-08-30 00:00:00-04:00,46.342515758384714,46.84721178121389,46.26227800102293,46.73676300048828,22406000,0.0,0.0
2017-08-31 00:00:00-04:00,46.86900533482183,47.40887010540671,46.86653026027988,47.31179428100586,33866000,0.0,0.0
2017-09-01 00:00:00-04:00,47.42224866663139,47.46484262622232,47.06613641097054,47.15082931518555,20858000,0.0,0.0
2017-09-05 00:00:00-04:00,46.89674115309221,47.12110760437503,46.339048289890286,46.630279541015625,29148000,0.0,0.0
2017-09-06 00:00:00-04:00,46.748651262840845,46.77985231622036,46.194423516786195,46.65702438354492,27830000,0.0,0.0
2017-09-07 00:00:00-04:00,46.76747819878747,47.077032585121145,46.43464299489762,47.046817779541016,22332000,0.0,0.0
2017-09-08 00:00:00-04:00,47.03740222685265,47.08693016608447,46.55746829583144,46.626808166503906,19998000,0.0,0.0
2017-09-11 00:00:00-04:00,46.91358921517419,47.18500479104029,46.60650988883786,46.719932556152344,26748000,0.0,0.0
2017-09-12 00:00:00-04:00,46.89972168623418,46.957668668506095,46.43316062323364,46.886348724365234,25696000,0.0,0.0
2017-09-13 00:00:00-04:00,46.82938509816708,47.1934213278719,46.79174129281177,47.07405471801758,21908000,0.0,0.0
2017-09-14 00:00:00-04:00,46.854151828246486,46.954696545398455,46.475752571223005,46.563419342041016,28548000,0.0,0.0
2017-09-15 00:00:00-04:00,46.56144322072089,46.643661055238326,46.12360812329162,46.32370376586914,39886000,0.0,0.0
2017-09-18 00:00:00-04:00,46.30982255398,46.401449426010544,45.83385254404236,46.04930114746094,29474000,0.0,0.0
2017-09-19 00:00:00-04:00,46.23058789076083,46.45495058536911,45.896267637408876,46.401458740234375,24854000,0.0,0.0
2017-09-20 00:00:00-04:00,46.4445495733167,47.052265427957565,46.43315667232654,46.930423736572266,40080000,0.0,0.0
2017-09-21 00:00:00-04:00,46.95965322474065,47.190949921125664,46.52627705230143,46.93092346191406,27414000,0.0,0.0
2017-09-22 00:00:00-04:00,46.694173941056704,47.05226623988343,46.59858315454882,46.718441009521484,21496000,0.0,0.0
2017-09-25 00:00:00-04:00,46.52974037672139,46.544598383180876,45.789779913621295,46.273677825927734,37468000,0.0,0.0
2017-09-26 00:00:00-04:00,46.393041313007586,46.75905765115233,46.31528239613262,46.429691314697266,33454000,0.0,0.0
2017-09-27 00:00:00-04:00,46.692688306566616,47.81649313441195,46.65355945406281,47.542598724365234,46692000,0.0,0.0
2017-09-28 00:00:00-04:00,47.36182240009021,47.85364054824857,47.32715245902537,47.785789489746094,28018000,0.0,0.0
2017-09-29 00:00:00-04:00,47.84472577365087,48.33060373488293,47.84472577365087,48.227088928222656,40622000,0.0,0.0
2017-10-02 00:00:00-04:00,48.32268289456544,48.426197708032845,47.64413826656192,47.917537689208984,30782000,0.0,0.0
2017-10-03 00:00:00-04:00,47.92198731764552,48.16369063836616,47.68177659919622,48.14585876464844,21666000,0.0,0.0
2017-10-04 00:00:00-04:00,48.13001147555852,48.26076721529586,47.825407245282896,47.883358001708984,21156000,0.0,0.0
2017-10-05 00:00:00-04:00,48.18102641832709,48.86056103630281,48.05621463152872,48.79518127441406,35618000,0.0,0.0
2017-10-06 00:00:00-04:00,48.538121097636505,49.244401527728684,48.46432231427294,49.21369171142578,31060000,0.0,0.0
2017-10-09 00:00:00-04:00,49.28105413978312,49.55147964986478,49.10770445383334,49.147823333740234,25910000,0.0,0.0
2017-10-10 00:00:00-04:00,49.29591133204446,49.40339002493188,48.593099759115304,48.92444610595703,23268000,0.0,0.0
2017-10-11 00:00:00-04:00,48.985867062808616,49.90363611707686,48.931385188343604,49.80854034423828,36300000,0.0,0.0
2017-10-12 00:00:00-04:00,49.71889351459423,50.10026285710925,49.583183843382095,49.80854034423828,30614000,0.0,0.0
2017-10-13 00:00:00-04:00,49.97991104203158,50.25974564452772,49.87837629395149,49.918495178222656,26552000,0.0,0.0
2017-10-16 00:00:00-04:00,50.005654930890586,50.12303769589069,49.603978696769225,49.99178695678711,21420000,0.0,0.0
2017-10-17 00:00:00-04:00,49.89719705517133,50.24984041497498,49.828352189787,50.073516845703125,20260000,0.0,0.0
2017-10-18 00:00:00-04:00,50.075991806786924,50.33650946336837,49.79218955568747,50.15969467163086,25596000,0.0,0.0
2017-10-19 00:00:00-04:00,49.76396360708016,49.89125424810559,49.39497718794903,49.619834899902344,34284000,0.0,0.0
2017-10-20 00:00:00-04:00,49.877873894528726,49.95711784267704,49.64112452237975,49.779808044433594,32120000,0.0,0.0
2017-10-23 00:00:00-04:00,49.785261272543295,49.81547607927792,48.69166740402827,48.81251907348633,32786000,0.0,0.0
2017-10-24 00:00:00-04:00,48.86006110961652,48.996760799150934,48.39350011152898,48.958621978759766,28902000,0.0,0.0
2017-10-25 00:00:00-04:00,48.848671800904036,49.25282694158186,48.42520351989612,49.10572814941406,30574000,0.0,0.0
2017-10-26 00:00:00-04:00,49.452922760106006,49.85113394429433,49.05669163570507,49.10374450683594,47396000,0.0,0.0
2017-10-27 00:00:00-04:00,51.063595223313314,52.679716987106474,50.85854567459913,51.19633102416992,103682000,0.0,0.0
2017-10-30 00:00:00-04:00,50.972959476113424,51.501431395082456,50.63467910422599,51.16958999633789,46804000,0.0,0.0
2017-10-31 00:00:00-04:00,51.1631467408866,51.55937405915592,50.831301591177066,51.16512680053711,30326000,0.0,0.0
2017-11-01 00:00:00-04:00,51.327586664260515,51.899147556523594,51.21267895636714,51.63862609863281,43262000,0.0,0.0
2017-11-02 00:00:00-04:00,51.509354282985996,51.78324869617565,50.94819249566028,51.65694808959961,26694000,0.0,0.0
2017-11-03 00:00:00-04:00,51.646051376608575,52.03782356509526,51.39345395493985,52.004638671875,27770000,0.0,0.0
2017-11-06 00:00:00-05:00,51.9605591145605,52.1334137876635,51.60890203191992,51.642581939697266,18294000,0.0,0.0
2017-11-07 00:00:00-05:00,51.987802590634296,52.174034025243756,51.6584400327366,52.123512268066406,26104000,0.0,0.0
2017-11-08 00:00:00-05:00,52.0076067071206,52.63364940435393,51.859022883985475,52.41572570800781,24276000,0.0,0.0
2017-11-09 00:00:00-05:00,51.906079889810606,52.04871976679686,51.30430421084242,51.8922119140625,35892000,0.0,0.0
2017-11-10 00:00:00-05:00,51.701525090729874,51.83822478775127,51.5702743367399,51.71539306640625,19442000,0.0,0.0
2017-11-13 00:00:00-05:00,51.5494744120086,51.94273167459627,51.473200542771906,51.56928634643555,18814000,0.0,0.0
2017-11-14 00:00:00-05:00,51.396924239264294,51.62376577641001,50.981376208415,51.5910758972168,21012000,0.0,0.0
2017-11-15 00:00:00-05:00,51.26220779696878,51.49152442306084,51.05220431189699,51.3320426940918,18106000,0.0,0.0
2017-11-16 00:00:00-05:00,51.44793660177409,52.09230622164754,51.410791588647825,51.92935562133789,23768000,0.0,0.0
2017-11-17 00:00:00-05:00,51.99523717709577,52.054669205851226,51.19930975384751,51.30628967285156,26712000,0.0,0.0
2017-11-20 00:00:00-05:00,51.3117311505255,51.44546075324813,51.147295507912396,51.245365142822266,17526000,0.0,0.0
2017-11-21 00:00:00-05:00,51.51182410698696,52.02444792644617,51.46725009420249,52.019989013671875,22206000,0.0,0.0
2017-11-22 00:00:00-05:00,52.06258736318945,52.27407588117706,51.86893071906519,52.1002311706543,14538000,0.0,0.0
2017-11-24 00:00:00-05:00,52.222569100215786,52.50389251796374,52.10023239119901,52.32806396484375,16492000,0.0,0.0
2017-11-27 00:00:00-05:00,52.429594018332445,53.14627357022731,52.2413825509207,53.09525680541992,35430000,0.0,0.0
2017-11-28 00:00:00-05:00,53.19332511990318,53.49099155434676,52.22999213611568,52.663368225097656,36424000,0.0,0.0
2017-11-29 00:00:00-05:00,52.31121547236943,52.43949612317708,50.99721924791009,51.38007736206055,55866000,0.0,0.0
2017-11-30 00:00:00-05:00,51.50687106209467,51.71489066753893,51.01802309993094,51.32014465332031,45092000,0.0,0.0
2017-12-01 00:00:00-05:00,51.034871138541874,51.373151515629374,50.365739387532074,50.770389556884766,37762000,0.0,0.0
2017-12-04 00:00:00-05:00,50.905597190042286,51.08093072253201,49.98535309878607,50.11660385131836,38778000,0.0,0.0
2017-12-05 00:00:00-05:00,50.073023772423475,51.34541629399922,49.64361151265184,50.49946594238281,38998000,0.0,0.0
2017-12-06 00:00:00-05:00,50.34690673941349,51.48903826817231,50.28697593317858,51.14927291870117,28710000,0.0,0.0
2017-12-07 00:00:00-05:00,51.315205199276704,51.95164707735195,51.280040242842354,51.73619842529297,30866000,0.0,0.0
2017-12-08 00:00:00-05:00,52.09478295357833,52.32310954000198,51.80008657760177,51.974430084228516,31170000,0.0,0.0
2017-12-11 00:00:00-05:00,52.06010914024798,52.30230368449054,51.71390478494235,52.10270309448242,23254000,0.0,0.0
2017-12-12 00:00:00-05:00,52.00513471198867,52.62424345855996,51.751052240556454,51.9442138671875,33882000,0.0,0.0
2017-12-13 00:00:00-05:00,52.10815334704776,52.276549108600165,51.835743993077905,52.073978424072266,27680000,0.0,0.0
2017-12-14 00:00:00-05:00,52.27704858370643,52.851084515454254,52.1834378608064,52.37511444091797,30962000,0.0,0.0
2017-12-15 00:00:00-05:00,52.68764327758015,53.25573907743634,52.50488450839002,53.09476852416992,63760000,0.0,0.0
2017-12-18 00:00:00-05:00,53.31516824551818,53.81243909137885,53.014036677340464,53.743099212646484,30292000,0.0,0.0
2017-12-19 00:00:00-05:00,53.6405780796537,53.737158901495334,53.10814224335526,53.4801025390625,26350000,0.0,0.0
2017-12-20 00:00:00-05:00,53.536562656865286,53.551915676862684,52.92636796767013,53.17203140258789,28728000,0.0,0.0
2017-12-21 00:00:00-05:00,53.26266893954436,53.36816379993906,52.94618057962035,53.03780746459961,25640000,0.0,0.0
2017-12-22 00:00:00-05:00,52.99570906343734,53.08089697650318,52.878821301067504,52.939247131347656,17788000,0.0,0.0
2017-12-26 00:00:00-05:00,52.92834968930506,52.93924757536532,52.43306268455807,52.790164947509766,18376000,0.0,0.0
2017-12-27 00:00:00-05:00,52.82730970607363,52.910022538860446,52.420180735809254,52.51032257080078,22324000,0.0,0.0
2017-12-28 00:00:00-05:00,52.611857002702095,52.740137656512864,52.17253695166246,52.299827575683594,19884000,0.0,0.0
2017-12-29 00:00:00-05:00,52.27704915860149,52.40384099772996,52.13886063988754,52.17353057861328,23606000,0.0,0.0
2018-01-02 00:00:00-05:00,52.15471058060357,53.29188830870418,52.15471058060357,53.154693603515625,31766000,0.0,0.0
2018-01-03 00:00:00-05:00,53.19035801242472,54.28841076053608,53.16559592857935,54.06156921386719,31318000,0.0,0.0
2018-01-04 00:00:00-05:00,54.33744307367388,54.68364745853761,54.19727826890904,54.271568298339844,26052000,0.0,0.0
2018-01-05 00:00:00-05:00,54.65244699598872,55.15417299064406,54.570724183986464,54.9912223815918,30250000,0.0,0.0
2018-01-08 00:00:00-05:00,55.02638469586232,55.43053982316546,54.97685675183388,55.18537139892578,24644000,0.0,0.0
2018-01-09 00:00:00-05:00,55.39487817991294,55.39487817991294,54.88770328171802,55.11503982543945,26808000,0.0,0.0
2018-01-10 00:00:00-05:00,54.82826975102401,55.114547089952985,54.67869588741755,54.98379135131836,20734000,0.0,0.0
2018-01-11 00:00:00-05:00,55.091266158965205,55.217067960630466,54.80251376577012,55.07838821411133,22424000,0.0,0.0
2018-01-12 00:00:00-05:00,54.98181121814807,56.03181724529466,54.87829641598141,55.99962615966797,38586000,0.0,0.0
2018-01-16 00:00:00-05:00,56.47807583494782,56.902537948639186,55.80201008036208,56.002105712890625,36462000,0.0,0.0
2018-01-17 00:00:00-05:00,56.28243455967417,56.429038333336884,55.64499891828019,56.41814422607422,27830000,0.0,0.0
2018-01-18 00:00:00-05:00,56.43052065819257,56.49193651556535,55.69303913354998,56.26311492919922,27498000,0.0,0.0
2018-01-19 00:00:00-05:00,56.36514590481893,56.64993441199983,56.09125150461203,56.63606643676758,30552000,0.0,0.0
2018-01-22 00:00:00-05:00,56.651920198000724,57.79405191298667,56.5528605295507,57.659332275390625,29550000,0.0,0.0
2018-01-23 00:00:00-05:00,57.97928123132485,58.37006337416785,57.81237052087852,58.25416564941406,39138000,0.0,0.0
2018-01-24 00:00:00-05:00,58.69051978440772,58.79304455671574,57.81980363155958,58.01247024536133,37128000,0.0,0.0
2018-01-25 00:00:00-05:00,58.47902935800414,58.691507898424895,58.03970928708369,58.54985427856445,29984000,0.0,0.0
2018-01-26 00:00:00-05:00,58.81681329512731,58.81829833984375,57.851005205879616,58.81829833984375,42170000,0.0,0.0
2018-01-29 00:00:00-05:00,58.84010012364306,59.33538714899783,58.64495464748952,58.76481628417969,31494000,0.0,0.0
2018-01-30 00:00:00-05:00,58.330935489632274,58.83662152429873,58.171945025226854,58.3135986328125,37338000,0.0,0.0
2018-01-31 00:00:00-05:00,58.63257432607924,58.75689488164812,58.05259437253847,58.55382537841797,36022000,0.0,0.0
2018-02-01 00:00:00-05:00,58.24525402129233,58.812854753596156,57.9168777506432,58.522613525390625,73514000,0.0,0.0
2018-02-02 00:00:00-05:00,55.83964705117017,56.031818654857844,55.034805651676606,55.43252182006836,117842000,0.0,0.0
2018-02-05 00:00:00-05:00,54.51177570685918,55.22400009670068,52.338955114699,52.61878967285156,83550000,0.0,0.0
2018-02-06 00:00:00-05:00,51.211685308382165,53.85651601170891,51.01505480210104,53.71040725708008,76630000,0.0,0.0
2018-02-07 00:00:00-05:00,53.73715558547398,53.814419482431425,52.2339576950617,52.27308654785156,51942000,0.0,0.0
2018-02-08 00:00:00-05:00,52.49398716160833,52.69507282277826,49.761489413833445,49.91057205200195,66792000,0.0,0.0
2018-02-09 00:00:00-05:00,50.81050168615317,52.090323117806484,49.380112582688874,51.82039260864258,98360000,0.0,0.0
2018-02-12 00:00:00-05:00,52.33549238239492,52.77629751888971,51.78176337960311,52.230987548828125,56240000,0.0,0.0
2018-02-13 00:00:00-05:00,52.00513265566674,52.56084546082366,51.852584931601655,52.210182189941406,31586000,0.0,0.0
2018-02-14 00:00:00-05:00,52.219096478703165,53.26662738328245,51.995228819393326,53.129432678222656,41304000,0.0,0.0
2018-02-15 00:00:00-05:00,53.661866291471036,54.18934811312348,52.858510026058354,54.05363845825195,37396000,0.0,0.0
2018-02-16 00:00:00-05:00,54.15368626002008,54.893151621690954,54.06304940822292,54.258689880371094,39948000,0.0,0.0
2018-02-20 00:00:00-05:00,54.12298592278251,55.288394731314646,53.986286218953026,54.65938186645508,33754000,0.0,0.0
2018-02-21 00:00:00-05:00,54.93228718274358,56.274514601892804,54.85353445785939,55.162593841552734,41486000,0.0,0.0
2018-02-22 00:00:00-05:00,55.43102909193393,55.742563492955895,54.73663658144197,54.97189712524414,28010000,0.0,0.0
2018-02-23 00:00:00-05:00,55.40577719283554,55.91790606425363,54.899596058386,55.872833251953125,25292000,0.0,0.0
2018-02-26 00:00:00-05:00,56.05955058022811,56.670735287297454,55.93473880553307,56.645973205566406,30912000,0.0,0.0
2018-02-27 00:00:00-05:00,56.64597417181692,56.673215107303584,55.31315595012472,55.34881591796875,42964000,0.0,0.0
2018-02-28 00:00:00-05:00,55.57120617650535,55.85104457236644,54.63016379301633,54.67572784423828,49292000,0.0,0.0
2018-03-01 00:00:00-05:00,54.95407522114462,55.039758149419924,52.86148461385466,53.06554412841797,55338000,0.0,0.0
2018-03-02 00:00:00-05:00,52.40037541890113,53.83225342541971,52.010587035805536,53.696048736572266,50162000,0.0,0.0
2018-03-05 00:00:00-05:00,53.39838253073282,54.54001551182489,53.108141276778426,54.222042083740234,28648000,0.0,0.0
2018-03-06 00:00:00-05:00,54.58557409978571,54.760412599258935,54.20915496116103,54.52613830566406,23382000,0.0,0.0
2018-03-07 00:00:00-05:00,54.125947103038136,55.283930496554575,53.98181841978947,55.22647476196289,30748000,0.0,0.0
2018-03-08 00:00:00-05:00,55.3334648946313,56.03875159574201,55.3334648946313,55.93672561645508,33862000,0.0,0.0
2018-03-09 00:00:00-05:00,56.43795214678702,57.50281995269129,56.179909554464,57.494895935058594,42662000,0.0,0.0
2018-03-12 00:00:00-04:00,57.70341388036885,58.3527374720412,57.41367142221887,57.74700164794922,44306000,0.0,0.0
2018-03-13 00:00:00-04:00,58.03920852242213,58.344802739363104,56.19377042141895,56.458251953125,43140000,0.0,0.0
2018-03-14 00:00:00-04:00,56.74998764349581,57.44140638851811,56.579113017042566,56.90303039550781,41870000,0.0,0.0
2018-03-15 00:00:00-04:00,56.936708395833165,57.57711412828159,56.24776474867527,56.988216400146484,33382000,0.0,0.0
2018-03-16 00:00:00-04:00,57.22298090579607,57.295290867454185,56.03478645744216,56.186344146728516,58656000,0.0,0.0
2018-03-19 00:00:00-04:00,55.36120781980392,55.440946800771215,53.93279858497263,54.48504638671875,63656000,0.0,0.0
2018-03-20 00:00:00-04:00,54.40231619646343,54.756448326897186,53.61084787037808,54.27354431152344,54598000,0.0,0.0
2018-03-21 00:00:00-04:00,54.11356991879436,54.91246728104786,53.84809456329121,54.18439483642578,44898000,0.0,0.0
2018-03-22 00:00:00-04:00,53.49149520564098,53.68515186344425,51.98730719914103,52.161155700683594,69312000,0.0,0.0
2018-03-23 00:00:00-04:00,52.07299638676703,52.836233931206905,50.76048491582758,50.843692779541016,49880000,0.0,0.0
2018-03-26 00:00:00-04:00,52.03485557164133,52.464271614833706,50.05271736804612,52.20771026611328,65984000,0.0,0.0
2018-03-27 00:00:00-04:00,52.69358723040609,52.72528708183949,49.41082558616871,49.872432708740234,60816000,0.0,0.0
2018-03-28 00:00:00-04:00,49.62330244793258,50.766424217892826,48.73624321927484,49.78525924682617,77698000,0.0,0.0
2018-03-29 00:00:00-04:00,50.08391801398573,51.9085543920975,49.728795812770564,51.368194580078125,69338000,0.0,0.0
2018-04-02 00:00:00-04:00,50.89668276250771,51.48657051147306,49.24391105555859,50.15424728393555,65068000,0.0,0.0
2018-04-03 00:00:00-04:00,50.32858496553638,50.766914996972,49.39249288398896,50.45389175415039,51322000,0.0,0.0
2018-04-04 00:00:00-04:00,49.441037275601936,51.15027484751214,49.35584935567369,51.00020217895508,50724000,0.0,0.0
2018-04-05 00:00:00-04:00,51.826340572653606,51.842188609204015,50.717393675551115,51.145320892333984,35836000,0.0,0.0
2018-04-06 00:00:00-04:00,50.672810902303375,51.311731574927556,49.838253530639236,50.02151107788086,40134000,0.0,0.0
2018-04-09 00:00:00-04:00,50.5212523783784,51.73718282980988,50.47964845314249,50.52373123168945,33220000,0.0,0.0
2018-04-10 00:00:00-04:00,51.02744269243296,51.56978260185334,50.29194114112864,51.33650207519531,36620000,0.0,0.0
2018-04-11 00:00:00-04:00,51.11361530511741,51.305291882088326,50.47964856935469,50.7698860168457,34060000,0.0,0.0
2018-04-12 00:00:00-04:00,51.08737197981285,51.74015688841402,50.818926504843326,51.37562561035156,32896000,0.0,0.0
2018-04-13 00:00:00-04:00,51.851098945341256,52.15272550489574,51.021986776206845,51.3137092590332,25410000,0.0,0.0
2018-04-16 00:00:00-04:00,51.7847364482145,52.075963957120976,51.20871662499955,51.81197738647461,29776000,0.0,0.0
2018-04-17 00:00:00-04:00,52.55986256298413,53.73864436945141,52.35629804581253,53.45930099487305,54584000,0.0,0.0
2018-04-18 00:00:00-04:00,53.44196225905686,53.59005107463315,53.02146408612167,53.26266860961914,31126000,0.0,0.0
2018-04-19 00:00:00-04:00,52.947178112325304,54.35825047891256,52.947178112325304,53.959049224853516,39884000,0.0,0.0
2018-04-20 00:00:00-04:00,53.70248158878631,54.22154061338459,53.099715921839646,53.35825729370117,42434000,0.0,0.0
2018-04-23 00:00:00-04:00,53.63858816969618,53.887225470727,52.83127174462388,53.184410095214844,69590000,0.0,0.0
2018-04-24 00:00:00-04:00,52.4607965701441,52.722803052809056,50.165639129146925,50.650028228759766,128220000,0.0,0.0
2018-04-25 00:00:00-04:00,51.002181336665494,51.31520461497408,50.37118463042394,50.6673698425293,57860000,0.0,0.0
2018-04-26 00:00:00-04:00,51.174047829696256,52.10518990108719,50.541566055918,51.67379379272461,50926000,0.0,0.0
2018-04-27 00:00:00-04:00,51.784237662298864,52.08933312560277,50.89519840005755,51.08637619018555,40746000,0.0,0.0
2018-04-30 00:00:00-04:00,51.233478518407395,51.42911522075934,50.435076116256894,50.448944091796875,34492000,0.0,0.0
2018-05-01 00:00:00-04:00,50.33602041115683,51.595534988523056,50.054201965057715,51.5469970703125,35326000,0.0,0.0
2018-05-02 00:00:00-04:00,51.21267236135155,51.70696929100643,50.67578147870326,50.81892013549805,34698000,0.0,0.0
2018-05-03 00:00:00-04:00,50.78523977131563,51.04873128262232,49.91947762989127,50.831298828125,39282000,0.0,0.0
2018-05-04 00:00:00-04:00,50.49995129771254,52.098244742513074,50.422687411229255,52.054656982421875,36892000,0.0,0.0
2018-05-07 00:00:00-04:00,52.19780031501772,52.748064188566865,52.01850666731471,52.47367477416992,34400000,0.0,0.0
2018-05-08 00:00:00-04:00,52.72924426136514,52.759459066220046,52.08636345036337,52.43058776855469,26030000,0.0,0.0
2018-05-09 00:00:00-04:00,52.70348812596933,54.18439510357113,52.604923479935806,53.93427276611328,47160000,0.0,0.0
2018-05-10 00:00:00-04:00,54.233923176432,54.9476326368219,54.178451277670796,54.75248718261719,36414000,0.0,0.0
2018-05-11 00:00:00-04:00,54.50187278090121,54.927819870630415,54.34387611906273,54.64897155761719,30504000,0.0,0.0
2018-05-14 00:00:00-04:00,54.757439657594254,55.380512251066094,54.71930461757753,54.80845642089844,39338000,0.0,0.0
2018-05-15 00:00:00-04:00,54.32803233565259,54.43798611030764,53.4305702646546,53.732200622558594,35738000,0.0,0.0
2018-05-16 00:00:00-04:00,53.74308945399268,54.20321142350792,53.57171984803136,53.69355773925781,25628000,0.0,0.0
2018-05-17 00:00:00-04:00,53.56330598772339,54.03580715279699,53.313678666775814,53.55339813232422,25738000,0.0,0.0
2018-05-18 00:00:00-04:00,52.797591081903796,53.18044921565993,52.73221510531387,52.977874755859375,35482000,0.0,0.0
2018-05-21 00:00:00-04:00,53.44147099899115,54.14973159914759,53.39194305201143,53.68960952758789,25180000,0.0,0.0
2018-05-22 00:00:00-04:00,53.97637853633701,54.07543442413209,53.10764245409172,53.258705139160156,22226000,0.0,0.0
2018-05-23 00:00:00-04:00,52.99571160950674,53.887229764901036,52.845143930873924,53.786190032958984,23740000,0.0,0.0
2018-05-24 00:00:00-04:00,53.83274784223311,53.84364194997576,53.10962924071612,53.760929107666016,20604000,0.0,0.0
2018-05-25 00:00:00-04:00,53.81540233477506,53.964979959328915,53.61976565439846,53.69306564331055,22224000,0.0,0.0
2018-05-29 00:00:00-04:00,53.292882021358196,53.5573673730496,52.65297128911095,52.90011978149414,36076000,0.0,0.0
2018-05-30 00:00:00-04:00,53.16806778642068,53.44097215834088,52.82483350809959,53.36568832397461,28686000,0.0,0.0
2018-05-31 00:00:00-04:00,53.590056818692986,54.97686205777255,53.391945023459,54.48157501220703,79368000,0.0,0.0
2018-06-01 00:00:00-04:00,55.1190038069176,56.37158425576218,55.07640607311136,56.21507263183594,63202000,0.0,0.0
2018-06-04 00:00:00-04:00,56.388425420941054,57.34730337127463,56.31413161357686,57.10857391357422,44754000,0.0,0.0
2018-06-05 00:00:00-04:00,57.18880949147938,57.50777292364141,56.83220225276364,57.008522033691406,32964000,0.0,0.0
2018-06-06 00:00:00-04:00,57.09520321523413,57.19128902005176,56.280457712868895,56.80694580078125,34934000,0.0,0.0
2018-06-07 00:00:00-04:00,56.68955512520098,56.753446054952,55.77525506182121,56.186344146728516,36108000,0.0,0.0
2018-06-08 00:00:00-04:00,56.027367868354375,56.40229826337613,55.63212674401885,56.101661682128906,27284000,0.0,0.0
2018-06-11 00:00:00-04:00,56.11304641638284,56.84607286088622,56.03677254863758,56.507293701171875,24796000,0.0,0.0
2018-06-12 00:00:00-04:00,56.51324020039417,56.89609837991234,56.51324020039417,56.86836242675781,26092000,0.0,0.0
2018-06-13 00:00:00-04:00,57.07092831979859,57.23734780343342,56.63012319630143,56.67222213745117,34302000,0.0,0.0
2018-06-14 00:00:00-04:00,57.067459267031296,57.74996388309494,56.98771652458296,57.458736419677734,35422000,0.0,0.0
2018-06-15 00:00:00-04:00,57.44932823152563,57.64694877278908,57.14076766443033,57.417137145996094,44438000,0.0,0.0
2018-06-18 00:00:00-04:00,57.091230228273844,58.64841479212771,57.00752736828921,58.62117385864258,33038000,0.0,0.0
2018-06-19 00:00:00-04:00,57.95402546964368,58.5830382701534,57.53303229335861,58.37898254394531,47282000,0.0,0.0
2018-06-20 00:00:00-04:00,58.607319358335545,59.508246651258666,58.54441844516552,58.64545440673828,51686000,0.0,0.0
2018-06-21 00:00:00-04:00,58.71676465225756,58.955490302751805,57.625646046592195,57.92083740234375,44966000,0.0,0.0
2018-06-22 00:00:00-04:00,58.02238538972822,58.19623012167856,57.43596266331485,57.913421630859375,34220000,0.0,0.0
2018-06-25 00:00:00-04:00,57.20564192339118,57.25467484707543,55.467183695204696,56.42705154418945,57682000,0.0,0.0
2018-06-26 00:00:00-04:00,56.66776163303211,56.80297249107613,55.917897223473396,56.097190856933594,34688000,0.0,0.0
2018-06-27 00:00:00-04:00,56.26459555861262,56.770285367751576,55.308691614446175,55.320579528808594,34538000,0.0,0.0
2018-06-28 00:00:00-04:00,55.095233360623446,56.16555017838397,54.782213860918844,55.807952880859375,29726000,0.0,0.0
2018-06-29 00:00:00-04:00,56.081838684525124,56.530072774939846,55.81983221742779,55.92730712890625,31562000,0.0,0.0
2018-07-02 00:00:00-04:00,55.24183340274601,56.61080654247943,54.8084573087815,56.56721878051758,23216000,0.0,0.0
2018-07-03 00:00:00-04:00,56.929281693715645,56.95354876268108,55.19627212722594,55.287899017333984,16448000,0.0,0.0
2018-07-05 00:00:00-04:00,55.69998168386462,56.66777376712034,55.626677899927415,56.526615142822266,28594000,0.0,0.0
2018-07-06 00:00:00-04:00,56.55038615206682,57.26508570356876,56.32601968453282,57.20961380004883,21820000,0.0,0.0
2018-07-09 00:00:00-04:00,57.45328688558235,57.84604907886013,57.31609218718581,57.8138542175293,21584000,0.0,0.0
2018-07-10 00:00:00-04:00,57.94808151537677,58.12192621715042,57.58008138557567,57.806922912597656,21334000,0.0,0.0
2018-07-11 00:00:00-04:00,57.23634736058616,58.46565065888183,57.22396821013102,58.0208854675293,33252000,0.0,0.0
2018-07-12 00:00:00-04:00,58.18928788182617,59.53300022861221,58.10211613134386,59.49684524536133,44148000,0.0,0.0
2018-07-13 00:00:00-04:00,59.573116884984884,59.95151610452252,59.20115663797635,59.65335464477539,32612000,0.0,0.0
2018-07-16 00:00:00-04:00,59.62315030492403,59.86584368651292,59.10755629090669,59.261592864990234,26784000,0.0,0.0
2018-07-17 00:00:00-04:00,58.57957630900136,60.36359880270279,58.54292253128568,60.082275390625,40162000,0.0,0.0
2018-07-18 00:00:00-04:00,59.85691889205774,60.503763600194866,59.660292157696745,60.073856353759766,38948000,0.0,0.0
2018-07-19 00:00:00-04:00,59.763810037930284,60.25067803575038,59.32201485279838,59.389869689941406,38338000,0.0,0.0
2018-07-20 00:00:00-04:00,59.39680088957563,59.96786674894193,59.265546356106285,59.32944107055664,37938000,0.0,0.0
2018-07-23 00:00:00-04:00,59.21948333549664,60.18232133493052,59.038700869095344,59.979251861572266,65446000,0.0,0.0
2018-07-24 00:00:00-04:00,62.950975044491,63.14909059426017,61.620635683904595,62.31453323364258,107600000,0.0,0.0
2018-07-25 00:00:00-04:00,62.04064233107907,63.30956590494261,61.86382374894594,63.19565200805664,51104000,0.0,0.0
2018-07-26 00:00:00-04:00,62.76177755400844,63.76324941346447,62.55474795624564,63.66914367675781,54686000,0.0,0.0
2018-07-27 00:00:00-04:00,63.84844152911539,63.96334545740939,61.637973051945494,62.05401611328125,48362000,0.0,0.0
2018-07-30 00:00:00-04:00,61.665704852073915,62.054011935091324,60.631546894618864,60.922279357910156,43896000,0.0,0.0
2018-07-31 00:00:00-04:00,61.004994472591584,61.475519394267046,60.23631185273447,60.78261184692383,39382000,0.0,0.0
2018-08-01 00:00:00-04:00,61.371509109985546,61.707805628074155,60.66968752040298,61.06839370727539,36994000,0.0,0.0
2018-08-02 00:00:00-04:00,60.35072659025865,61.63401703613805,60.32893459477744,61.471561431884766,34704000,0.0,0.0
2018-08-03 00:00:00-04:00,61.6721485110006,61.7385183023063,60.89157794505739,61.324459075927734,21264000,0.0,0.0
2018-08-06 00:00:00-04:00,61.495327799333516,61.537426738865605,60.946548983215884,61.3001823425293,22114000,0.0,0.0
2018-08-07 00:00:00-04:00,62.010433914952664,62.70730544398887,62.000034821323986,62.200130462646484,42506000,0.0,0.0
2018-08-08 00:00:00-04:00,62.243707903353865,62.98663842114291,62.01587633134736,62.47203826904297,34344000,0.0,0.0
2018-08-09 00:00:00-04:00,62.5413770081394,62.998525188645345,62.41111628455596,62.62705993652344,27326000,0.0,0.0
2018-08-10 00:00:00-04:00,62.365546914287634,62.465596609485665,61.77021400727174,62.03519058227539,26602000,0.0,0.0
2018-08-13 00:00:00-04:00,61.9703129261406,62.70185055034832,61.76377833074552,61.8435173034668,27500000,0.0,0.0
2018-08-14 00:00:00-04:00,62.0347053789674,62.43539168057497,61.39281451664786,62.314048767089844,28080000,0.0,0.0
2018-08-15 00:00:00-04:00,61.62757496885741,62.00894431748452,60.734076747799456,61.03025817871094,37052000,0.0,0.0
2018-08-16 00:00:00-04:00,61.51415171679694,61.59884839748475,60.40668990337942,60.626102447509766,32176000,0.0,0.0
2018-08-17 00:00:00-04:00,60.526055271019985,60.769239864107305,59.63255707700748,60.2194709777832,33092000,0.0,0.0
2018-08-20 00:00:00-04:00,60.4577002556298,60.717726670793255,59.8653374623516,60.52159118652344,22218000,0.0,0.0
2018-08-21 00:00:00-04:00,60.57459599534425,61.05700508434018,60.178859870334236,60.29673767089844,23082000,0.0,0.0
2018-08-22 00:00:00-04:00,60.138734174323226,60.748433836669136,60.08920623212076,60.511688232421875,22296000,0.0,0.0
2018-08-23 00:00:00-04:00,60.419071729804145,61.17636524142885,60.392820822782724,60.48246765136719,24666000,0.0,0.0
2018-08-24 00:00:00-04:00,60.722187601922684,61.28681449968665,60.495346057172455,61.25462341308594,24454000,0.0,0.0
2018-08-27 00:00:00-04:00,61.62063086248598,62.300660383894375,61.449261246537105,62.221412658691406,28580000,0.0,0.0
2018-08-28 00:00:00-04:00,62.20308902276224,62.23577890005382,61.562683330487666,61.7058219909668,27330000,0.0,0.0
2018-08-29 00:00:00-04:00,62.158524422629796,62.761290179869135,62.049560667649054,62.636474609375,36926000,0.0,0.0
2018-08-30 00:00:00-04:00,62.57456214408479,62.87619252255611,61.772694581308315,62.13078689575195,30104000,0.0,0.0
2018-08-31 00:00:00-04:00,62.02033376834746,62.037171833474375,60.709802522136044,61.00945281982422,42308000,0.0,0.0
2018-09-04 00:00:00-04:00,60.54982381532953,60.81480416552744,59.75934545644739,59.994606018066406,41458000,0.0,0.0
2018-09-05 00:00:00-04:00,59.891096900388526,60.17093528204825,58.21306419783376,59.389869689941406,53988000,0.0,0.0
2018-09-06 00:00:00-04:00,59.3636156654235,59.38441762893976,57.63209120799799,58.64148712158203,46854000,0.0,0.0
2018-09-07 00:00:00-04:00,58.04763656966391,58.86733975254547,57.912425693601364,58.32450485229492,32658000,0.0,0.0
2018-09-10 00:00:00-04:00,58.65189277515628,58.773734480270065,57.978797085824795,58.19919967651367,27670000,0.0,0.0
2018-09-11 00:00:00-04:00,58.00305877434174,58.98570872116798,57.74798628086685,58.938655853271484,29254000,0.0,0.0
2018-09-12 00:00:00-04:00,58.54291953586442,58.97332555398353,57.75838514077169,58.02782440185547,35716000,0.0,0.0
2018-09-13 00:00:00-04:00,58.42900640018643,58.833161518285344,57.90994358271611,58.54985427856445,40068000,0.0,0.0
2018-09-14 00:00:00-04:00,58.84009949324075,58.84009949324075,58.122921076828106,58.34381866455078,24176000,0.0,0.0
2018-09-17 00:00:00-04:00,58.33341806601584,58.53400869935893,57.377018975910794,57.44487380981445,34096000,0.0,0.0
2018-09-18 00:00:00-04:00,57.58504023675779,58.50974328196133,57.52411938900708,57.805442810058594,32314000,0.0,0.0
2018-09-19 00:00:00-04:00,57.897075784575904,58.259128223356896,57.38494689835431,58.160072326660156,25962000,0.0,0.0
2018-09-20 00:00:00-04:00,58.47704576938746,59.13726337321865,58.258128269514195,59.01690673828125,29244000,0.0,0.0
2018-09-21 00:00:00-04:00,59.18284281751245,59.26506065508379,58.05061877709047,58.0535888671875,91222000,0.0,0.0
2018-09-24 00:00:00-04:00,57.424070372533805,58.70091791678627,57.0322981784633,58.42207336425781,31150000,0.0,0.0
2018-09-25 00:00:00-04:00,58.654365543829975,59.27891946932648,58.1511507383873,59.13182067871094,33152000,0.0,0.0
2018-09-26 00:00:00-04:00,59.12190897829714,59.79302067277083,58.71131492186863,59.14023208618164,37650000,0.0,0.0
2018-09-27 00:00:00-04:00,59.434438018720755,60.26949039161778,59.33785720808993,59.79896926879883,36274000,0.0,0.0
2018-09-28 00:00:00-04:00,59.637006443521074,59.85295385761787,59.3269570756682,59.785099029541016,35612000,0.0,0.0
2018-10-01 00:00:00-04:00,60.07831087896058,60.633029866103534,59.59243297157082,59.85691452026367,33164000,0.0,0.0
2018-10-02 00:00:00-04:00,59.764796608379704,60.648885721169954,59.41760220337603,59.81283950805664,40180000,0.0,0.0
2018-10-03 00:00:00-04:00,60.02877782945918,60.13675153509642,59.540919873275186,60.00550079345703,26246000,0.0,0.0
2018-10-04 00:00:00-04:00,59.68356540176654,59.726654370910076,57.643975517429396,58.298744201660156,46576000,0.0,0.0
2018-10-05 00:00:00-04:00,58.245752760245765,58.54292421631404,57.1719708643086,57.841102600097656,31852000,0.0,0.0
2018-10-08 00:00:00-04:00,57.453292565610894,58.23881702982609,56.23488698706484,57.251216888427734,46190000,0.0,0.0
2018-10-09 00:00:00-04:00,57.02288978467016,57.53006473446416,56.66925638470539,56.71878433227539,33690000,0.0,0.0
2018-10-10 00:00:00-04:00,56.284413179631855,56.31512299838277,54.06107066993579,54.093265533447266,58980000,0.0,0.0
2018-10-11 00:00:00-04:00,53.44344151898934,55.27699548978064,53.28742492404957,54.022926330566406,67696000,0.0,0.0
2018-10-12 00:00:00-04:00,55.454304504882984,55.76088874816307,54.235404090921264,55.49888229370117,49370000,0.0,0.0
2018-10-15 00:00:00-04:00,55.37308724591823,55.56129494262984,54.39340736844821,54.602420806884766,30074000,0.0,0.0
2018-10-16 00:00:00-04:00,55.14921777234451,56.28293046363899,55.06353484272854,56.11997985839844,38378000,0.0,0.0
2018-10-17 00:00:00-04:00,56.46271421832386,56.809413583607174,55.174968860320554,55.84806442260742,35652000,0.0,0.0
2018-10-18 00:00:00-04:00,55.967431385065424,56.08382413316542,53.80500965830405,54.378055572509766,46152000,0.0,0.0
2018-10-19 00:00:00-04:00,54.665323678410985,55.51919800011947,54.33447231843299,54.738128662109375,41286000,0.0,0.0
2018-10-22 00:00:00-04:00,55.101173998912245,55.55584710408393,54.48157023135043,55.04471206665039,27116000,0.0,0.0
2018-10-23 00:00:00-04:00,54.050168028649544,55.37308206086752,53.44195723106468,55.220035552978516,37686000,0.0,0.0
2018-10-24 00:00:00-04:00,55.224498702103645,55.30473646314803,52.25574688833909,52.3577766418457,49286000,0.0,0.0
2018-10-25 00:00:00-04:00,53.50585719570887,55.36417358637315,53.27059661242936,54.65938186645508,72956000,0.0,0.0
2018-10-26 00:00:00-04:00,51.9224171850601,55.32355108588446,51.62029184171884,53.67672348022461,106438000,0.0,0.0
2018-10-29 00:00:00-04:00,54.310201598203996,54.91891126973534,49.88530837689526,51.24883270263672,81290000,0.0,0.0
2018-10-30 00:00:00-04:00,50.519770302765785,52.04971034304068,50.22061879116499,51.980865478515625,59768000,0.0,0.0
2018-10-31 00:00:00-04:00,52.90656274004242,54.877806869519695,52.90656274004242,54.0150146484375,70916000,0.0,0.0
2018-11-01 00:00:00-04:00,54.0556273397171,54.47662056871995,53.383026691759596,53.78718185424805,40132000,0.0,0.0
2018-11-02 00:00:00-04:00,53.93675873770704,54.382517823884484,52.879814877438974,53.06951141357422,43438000,0.0,0.0
2018-11-05 00:00:00-05:00,53.12101897596948,53.16163287516069,51.212679622643485,52.288936614990234,45358000,0.0,0.0
2018-11-06 00:00:00-05:00,52.253763769794496,53.48207708054662,52.18392888352459,52.97440719604492,28660000,0.0,0.0
2018-11-07 00:00:00-05:00,53.663851985386415,54.9733894546815,53.52021829844188,54.889686584472656,43388000,0.0,0.0
2018-11-08 00:00:00-05:00,54.8431306149798,54.88869466058277,53.706939104621405,54.215599060058594,33694000,0.0,0.0
2018-11-09 00:00:00-05:00,53.69010225537783,53.90456086399491,52.71141615898627,53.34340286254883,34860000,0.0,0.0
2018-11-12 00:00:00-05:00,53.15073486593075,53.19877776474122,51.52718416233509,51.97343444824219,34002000,0.0,0.0
2018-11-13 00:00:00-05:00,52.24336975838219,52.83077866272318,51.52966024987208,51.90459060668945,25750000,0.0,0.0
2018-11-14 00:00:00-05:00,52.500421013686946,52.78719336026628,51.56482391849371,52.23197555541992,34666000,0.0,0.0
2018-11-15 00:00:00-05:00,52.07745095531345,53.4350313497898,51.573741122642325,53.0477180480957,41584000,0.0,0.0
2018-11-16 00:00:00-05:00,52.759455073871635,53.11655731088186,52.24782127720158,52.9100227355957,35366000,0.0,0.0
2018-11-19 00:00:00-05:00,52.66832339157759,52.896653754575325,50.661423254561655,50.886775970458984,45684000,0.0,0.0
2018-11-20 00:00:00-05:00,49.88976057327847,51.37859538771627,49.63815696293914,51.03684616088867,54458000,0.0,0.0
2018-11-21 00:00:00-05:00,51.7728452081997,52.23841620358217,51.48310276279889,51.67973327636719,29698000,0.0,0.0
2018-11-23 00:00:00-05:00,51.18790793363675,51.65843282550483,50.941254476800474,51.01951217651367,14178000,0.0,0.0
2018-11-26 00:00:00-05:00,51.70796646227262,52.35183733122089,51.49845799386155,52.299339294433594,31558000,0.0,0.0
2018-11-27 00:00:00-05:00,52.0715069877795,52.83523948335219,51.7822595489403,52.11806106567383,33048000,0.0,0.0
2018-11-28 00:00:00-05:00,52.374616429244476,54.127932736787244,51.65595304867717,54.07493591308594,46042000,0.0,0.0
2018-11-29 00:00:00-05:00,53.665833312341945,54.48900161546981,53.59005445816816,54.21312713623047,31004000,0.0,0.0
2018-11-30 00:00:00-05:00,54.265129647334916,54.95951843261719,53.64849599115852,54.95951843261719,59668000,0.0,0.0
2018-12-03 00:00:00-05:00,56.07441688540029,56.215076706044705,55.06254208871045,55.29186248779297,57532000,0.0,0.0
2018-12-04 00:00:00-05:00,55.12495176237116,55.18686263980358,52.53905790124478,52.62276077270508,45630000,0.0,0.0
2018-12-06 00:00:00-05:00,51.75749198017637,53.462270515050555,51.63268019915699,53.39590072631836,47436000,0.0,0.0
2018-12-07 00:00:00-05:00,53.10616307036286,53.740129888807274,51.47864828479398,51.835750579833984,42682000,0.0,0.0
2018-12-10 00:00:00-05:00,51.65545711811883,52.48060536761739,51.16314403052314,52.16263198852539,33652000,0.0,0.0
2018-12-11 00:00:00-05:00,52.84414835208087,53.015517977053605,52.01008602771962,52.5821418762207,33852000,0.0,0.0
2018-12-12 00:00:00-05:00,53.34637112739864,54.071964752835314,53.093278689920794,53.180450439453125,28960000,0.0,0.0
2018-12-13 00:00:00-05:00,53.27653440075751,53.90802604602563,52.74756752148816,53.17103576660156,24986000,0.0,0.0
2018-12-14 00:00:00-05:00,52.5014126277262,53.08089751742755,51.97393075752267,52.08982849121094,36358000,0.0,0.0
2018-12-17 00:00:00-05:00,51.8570404111921,52.61829777060275,50.35236134415142,50.799110412597656,49932000,0.0,0.0
2018-12-18 00:00:00-05:00,51.21267546091427,52.485067857632515,51.03833196178802,51.678741455078125,43640000,0.0,0.0
2018-12-19 00:00:00-05:00,51.87090842246445,53.278515444177366,50.491041129525485,51.28498458862305,58264000,0.0,0.0
2018-12-20 00:00:00-05:00,50.816448282091706,51.87834605755692,49.91799991139182,50.696590423583984,53674000,0.0,0.0
2018-12-21 00:00:00-05:00,51.115602387570746,51.39444695222503,48.597068364199366,49.0953254699707,104656000,0.0,0.0
2018-12-24 00:00:00-05:00,48.75209520707879,50.12899262109408,48.42223384570041,48.769432067871094,36360000,0.0,0.0
2018-12-26 00:00:00-05:00,49.42915369573764,51.92837095131231,49.16466832726396,51.89865493774414,46318000,0.0,0.0
2018-12-27 00:00:00-05:00,50.82635769589232,52.17056518841568,49.87540370180993,52.148773193359375,45996000,0.0,0.0
2018-12-28 00:00:00-05:00,52.47565501384212,52.709925548211785,51.60890278241842,51.8406982421875,34398000,0.0,0.0
2018-12-31 00:00:00-05:00,52.39294410728488,52.64851540759331,51.165129459396006,51.75551223754883,33110000,0.0,0.0
2019-01-02 00:00:00-05:00,50.87588161706506,52.5395512366134,50.78078584731063,52.23693084716797,31868000,0.0,0.0
2019-01-03 00:00:00-05:00,52.0383247524057,52.810476320367,50.6366615046475,50.790199279785156,41960000,0.0,0.0
2019-01-04 00:00:00-05:00,51.63663945243364,53.49099559894608,51.35432601569991,53.39540481567383,46022000,0.0,0.0
2019-01-07 00:00:00-05:00,53.53904376829784,53.62472670398443,52.63118252404722,53.28892517089844,47446000,0.0,0.0
2019-01-08 00:00:00-05:00,53.78816669236628,54.15220293457674,52.913985451885345,53.75696563720703,35414000,0.0,0.0
2019-01-09 00:00:00-05:00,53.88672902952126,54.06750771618479,53.21214463701567,53.572715759277344,26998000,0.0,0.0
2019-01-10 00:00:00-05:00,53.240389240199804,53.481593798302654,52.73222422933266,53.43305587768555,26598000,0.0,0.0
2019-01-11 00:00:00-05:00,52.99074983888897,53.16261447137644,52.323598255313215,52.72180938720703,30864000,0.0,0.0
2019-01-14 00:00:00-05:00,52.170558574702184,52.42365100748316,51.93331795528554,52.07992172241211,28490000,0.0,0.0
2019-01-15 00:00:00-05:00,52.40185981257521,53.90059872067662,52.22504123950149,53.81342697143555,37518000,0.0,0.0
2019-01-16 00:00:00-05:00,53.98628790809797,54.59846272598302,53.887727025564125,53.96201705932617,38280000,0.0,0.0
2019-01-17 00:00:00-05:00,53.88673434119636,54.51624220970342,53.65246001330726,54.43798828125,24896000,0.0,0.0
2019-01-18 00:00:00-05:00,54.907015316469305,55.373081262953775,54.445903297419314,54.84312438964844,44892000,0.0,0.0
2019-01-22 00:00:00-05:00,54.28345863781188,54.4305612158798,53.03979209875701,53.42314529418945,39632000,0.0,0.0
2019-01-23 00:00:00-05:00,53.83076597209655,54.13239635507978,52.87536062348363,53.70942306518555,25194000,0.0,0.0
2019-01-24 00:00:00-05:00,53.61531101383912,53.88722535152357,52.99669729897395,53.689109802246094,29114000,0.0,0.0
2019-01-25 00:00:00-05:00,54.19579477678299,54.64799286460194,54.07544189427346,54.556365966796875,23260000,0.0,0.0
2019-01-28 00:00:00-05:00,53.98974821681064,54.15319004386895,53.22403196703736,53.48405838012695,29334000,0.0,0.0
2019-01-29 00:00:00-05:00,53.54250503965595,53.725267578606804,52.798584495404725,52.998680114746094,19704000,0.0,0.0
2019-01-30 00:00:00-05:00,53.36024395266371,54.4578017134471,53.32458398148559,54.382022857666016,29452000,0.0,0.0
2019-01-31 00:00:00-05:00,55.08780072853778,55.85202820572741,54.74159635544075,55.76386642456055,40232000,0.0,0.0
2019-02-01 00:00:00-05:00,55.58556588630666,56.185361528979115,55.1873584722836,55.4037971496582,33116000,0.0,0.0
2019-02-04 00:00:00-05:00,55.42310990879711,56.57861454626305,55.348816104606605,56.53304672241211,78408000,0.0,0.0
2019-02-05 00:00:00-05:00,55.949099504397175,57.09519500929173,55.65044303994488,57.05061721801758,82296000,0.0,0.0
2019-02-06 00:00:00-05:00,56.92185134438701,57.15612188924328,55.39091749879368,55.61528396606445,48256000,0.0,0.0
2019-02-07 00:00:00-05:00,55.066996883523366,55.075415915786344,54.164089681976776,54.77428436279297,38298000,0.0,0.0
2019-02-08 00:00:00-05:00,54.227987687167996,54.73417262114994,54.19629161363459,54.59945297241211,21766000,0.0,0.0
2019-02-11 00:00:00-05:00,54.66730351965466,55.146742492237834,54.481570891615064,54.586570739746094,18498000,0.0,0.0
2019-02-12 00:00:00-05:00,55.02687914972968,56.109083798353446,55.02687914972968,55.847572326660156,35036000,0.0,0.0
2019-02-13 00:00:00-05:00,56.117996776538185,56.603874697710054,55.76931356134372,55.899574279785156,28042000,0.0,0.0
2019-02-14 00:00:00-05:00,55.719783421674045,56.27103729841721,55.328011251969706,55.92780303955078,21106000,0.0,0.0
2019-02-15 00:00:00-05:00,56.42805026271867,56.42805026271867,55.30969057089957,55.453819274902344,27826000,0.0,0.0
2019-02-19 00:00:00-05:00,55.305734286807954,55.949605189338044,55.305734286807954,55.79458236694336,21980000,0.0,0.0
2019-02-20 00:00:00-05:00,55.9119597685131,56.013494511628615,55.06353439699271,55.501365661621094,24090000,0.0,0.0
2019-02-21 00:00:00-05:00,55.411719909157085,55.43004679838898,54.38152200992176,54.690086364746094,33272000,0.0,0.0
2019-02-22 00:00:00-05:00,54.96199624347031,55.33593654940632,54.506333133176156,55.301761627197266,29436000,0.0,0.0
2019-02-25 00:00:00-05:00,55.567736358161675,55.73960101249025,55.180423061926454,55.33990478515625,26208000,0.0,0.0
2019-02-26 00:00:00-05:00,55.193297981460496,55.79110977830247,54.81341368295909,55.57169723510742,35026000,0.0,0.0
2019-02-27 00:00:00-05:00,55.17546885796388,55.75594378447066,54.90553834356378,55.61528396606445,22092000,0.0,0.0
2019-02-28 00:00:00-05:00,55.42262183120319,56.16505739363985,55.39340083228564,55.79656219482422,27422000,0.0,0.0
2019-03-01 00:00:00-05:00,56.016962258640085,56.958008370067496,56.016962258640085,56.88470458984375,34086000,0.0,0.0
2019-03-04 00:00:00-05:00,57.18385756294769,57.72669245750234,56.376042304704,57.12739562988281,35490000,0.0,0.0
2019-03-05 00:00:00-05:00,57.25517128002389,58.27001603505347,57.10757749044177,57.90845489501953,40094000,0.0,0.0
2019-03-06 00:00:00-05:00,58.03575288271264,58.18334669102742,57.60435680159309,57.697967529296875,23602000,0.0,0.0
2019-03-07 00:00:00-05:00,57.47805690884928,57.630604637262714,56.54740996081109,57.00010299682617,30086000,0.0,0.0
2019-03-08 00:00:00-05:00,56.16059651269715,57.12888357157748,55.977338949673644,56.95652389526367,23694000,0.0,0.0
2019-03-11 00:00:00-04:00,57.0570600258976,58.439406203378375,57.03576304797861,58.4072151184082,30032000,0.0,0.0
2019-03-12 00:00:00-04:00,58.557781414177995,59.7172461505951,58.557781414177995,59.29823303222656,42220000,0.0,0.0
2019-03-13 00:00:00-04:00,59.72814259101734,59.787079593993994,59.330921474590724,59.38787841796875,25888000,0.0,0.0
2019-03-14 00:00:00-04:00,59.38590688589189,59.66723031762078,59.00007861423373,59.0644645690918,27302000,0.0,0.0
2019-03-15 00:00:00-04:00,59.335383109419226,59.519626907775546,58.79105941055074,58.954010009765625,51886000,0.0,0.0
2019-03-18 00:00:00-04:00,58.92380584022568,59.18432731181584,58.51717559600114,58.86734390258789,24442000,0.0,0.0
2019-03-19 00:00:00-04:00,59.02434126298929,59.60333491333445,58.912407428142764,59.55628204345703,29788000,0.0,0.0
2019-03-20 00:00:00-04:00,59.50377817309466,60.91980423989819,59.41413134958245,60.74348068237305,41508000,0.0,0.0
2019-03-21 00:00:00-04:00,60.42501387002743,61.239264305699706,60.25562429558557,61.22391128540039,28150000,0.0,0.0
2019-03-22 00:00:00-04:00,60.86334912117985,61.10009475493801,59.731616418144526,59.81333923339844,34422000,0.0,0.0
2019-03-25 00:00:00-04:00,59.412645952213914,59.90198897738277,58.93915096176006,59.30467224121094,27576000,0.0,0.0
2019-03-26 00:00:00-04:00,59.69149607721411,59.81333777466557,58.5310411978865,58.93123245239258,30752000,0.0,0.0
2019-03-27 00:00:00-04:00,59.03424619437144,59.03424619437144,57.66279416302155,58.34530258178711,29428000,0.0,0.0
2019-03-28 00:00:00-04:00,58.220981317000145,58.30765426426912,57.62316961757383,58.06100082397461,22402000,0.0,0.0
2019-03-29 00:00:00-04:00,58.45277989164012,58.64049635460244,57.7692851938089,58.289833068847656,30890000,0.0,0.0
2019-04-01 00:00:00-04:00,58.81731185548313,59.444344628932846,58.75886986319586,59.3839225769043,27706000,0.0,0.0
2019-04-02 00:00:00-04:00,59.43691363244474,59.722200932697056,59.00056742844812,59.70882797241211,18288000,0.0,0.0
2019-04-03 00:00:00-04:00,60.06344794132938,60.454725092948664,59.68604254286175,59.96984100341797,22180000,0.0,0.0
2019-04-04 00:00:00-04:00,59.99361481983488,60.452251797448994,59.88217600636881,60.397769927978516,21022000,0.0,0.0
2019-04-05 00:00:00-04:00,60.390339401795586,60.44432625499876,59.931207420862016,60.00153732299805,20012000,0.0,0.0
2019-04-08 00:00:00-04:00,59.98470062019651,60.12536042766006,59.66722224485626,59.84453582763672,21750000,0.0,0.0
2019-04-09 00:00:00-04:00,59.52805264005944,59.78857031538247,59.3542041465418,59.56767272949219,19668000,0.0,0.0
2019-04-10 00:00:00-04:00,59.686546391575085,59.87722917859246,59.467133842961,59.753902435302734,15510000,0.0,0.0
2019-04-11 00:00:00-04:00,59.87524508952984,60.065436627525045,59.65930143893356,59.909420013427734,16998000,0.0,0.0
2019-04-12 00:00:00-04:00,60.20807055054627,60.576070659418754,60.09267162332953,60.56022262573242,24312000,0.0,0.0
2019-04-15 00:00:00-04:00,60.62758431445428,60.88563068388042,60.155578134082795,60.748435974121094,23796000,0.0,0.0
2019-04-16 00:00:00-04:00,60.92029945578997,61.21648086267292,60.67463602173996,61.01490020751953,22622000,0.0,0.0
2019-04-17 00:00:00-04:00,61.267001895443855,61.66818694485466,61.063936185393956,61.422523498535156,30366000,0.0,0.0
2019-04-18 00:00:00-04:00,61.66323425246353,61.709792109209396,61.386369744232624,61.488399505615234,24750000,0.0,0.0
2019-04-22 00:00:00-04:00,61.250661573446365,62.12583291652176,61.08721594524744,62.09710693359375,19084000,0.0,0.0
2019-04-23 00:00:00-04:00,62.23974042528881,63.120855582684385,62.00843999729059,62.9306640625,31868000,0.0,0.0
2019-04-24 00:00:00-04:00,62.93066708284527,63.09956163490271,62.3967500492638,62.408634185791016,23396000,0.0,0.0
2019-04-25 00:00:00-04:00,62.91630668366039,63.04012843302719,62.30710579287008,62.76970291137695,31344000,0.0,0.0
2019-04-26 00:00:00-04:00,63.06885959981191,63.34275402722105,62.653810331462566,63.26895523071289,27228000,0.0,0.0
2019-04-29 00:00:00-04:00,63.421991278063544,64.2372392794385,62.98614009091481,64.1990966796875,72368000,0.0,0.0
2019-04-30 00:00:00-04:00,58.9703603907374,59.482980493015035,58.592456151515655,59.3829345703125,133178000,0.0,0.0
2019-05-01 00:00:00-04:00,59.31062560228468,59.397302349525305,58.031794046998684,58.11302185058594,74340000,0.0,0.0
2019-05-02 00:00:00-04:00,58.07735668615716,58.41316197905627,57.37058114536193,57.775726318359375,45098000,0.0,0.0
2019-05-03 00:00:00-04:00,58.31558186854034,59.00848936814665,58.12440409067274,58.91686248779297,41588000,0.0,0.0
2019-05-06 00:00:00-04:00,58.047635467254594,59.208094068561614,58.006031540219304,59.11052322387695,31774000,0.0,0.0
2019-05-07 00:00:00-04:00,58.731633554371605,59.175408810740414,57.700940581769316,58.38740921020508,36604000,0.0,0.0
2019-05-08 00:00:00-04:00,58.30963784245161,58.65535095886636,57.831192715334105,57.98720932006836,25520000,0.0,0.0
2019-05-09 00:00:00-04:00,57.5820634997147,58.150155440708076,57.1878124765497,57.84803009033203,29556000,0.0,0.0
2019-05-10 00:00:00-04:00,57.891127542807894,58.2596189276961,56.77821682789778,57.83169174194336,31650000,0.0,0.0
2019-05-13 00:00:00-04:00,56.72224921637384,57.05557564309641,55.74455316549027,56.2938232421875,45626000,0.0,0.0
2019-05-14 00:00:00-04:00,56.57762852616041,56.70392535711721,55.64698151625123,55.71285629272461,40392000,0.0,0.0
2019-05-15 00:00:00-04:00,55.59844282771411,58.35967021943757,55.54148587870929,57.98820495605469,59302000,0.0,0.0
2019-05-16 00:00:00-04:00,58.03971145820099,59.14519317189485,57.87181070522782,58.666744232177734,35308000,0.0,0.0
2019-05-17 00:00:00-04:00,58.23733131750474,58.75540033970003,57.77126531413099,57.888153076171875,25362000,0.0,0.0
2019-05-20 00:00:00-04:00,57.106592583399674,57.106592583399674,56.370596071531864,56.69352340698242,30602000,0.0,0.0
2019-05-21 00:00:00-04:00,57.17988991070369,57.35423340533098,56.62665595999286,57.17790985107422,20562000,0.0,0.0
2019-05-22 00:00:00-04:00,57.01991015552058,57.64050388806304,57.00752722601468,57.24774169921875,18826000,0.0,0.0
2019-05-23 00:00:00-04:00,56.76336595107668,56.96048772469761,56.12395016682081,56.72720718383789,25214000,0.0,0.0
2019-05-24 00:00:00-04:00,57.05705903712818,57.17394679556535,56.2997655712298,56.39387130737305,18554000,0.0,0.0
2019-05-28 00:00:00-04:00,56.53601754538963,57.27944300469106,56.39683900673187,56.440921783447266,20948000,0.0,0.0
2019-05-29 00:00:00-04:00,56.1011563428776,56.215074014539404,55.07343733824872,55.469173431396484,36230000,0.0,0.0
2019-05-30 00:00:00-04:00,55.47957104098683,55.808937337789494,55.269072561933925,55.54197692871094,18088000,0.0,0.0
2019-05-31 00:00:00-04:00,54.760914800933854,55.14525422806117,54.64749214021227,54.80350875854492,31582000,0.0,0.0
2019-06-03 00:00:00-04:00,52.84365524761113,52.84712035205825,50.86746121441573,51.44744110107422,96890000,0.0,0.0
2019-06-04 00:00:00-04:00,51.73222540953857,52.42315282099511,51.31321231724133,52.22751235961914,60512000,0.0,0.0
2019-06-05 00:00:00-04:00,52.25278106936707,52.342427899855494,51.163151127283896,51.739662170410156,46988000,0.0,0.0
2019-06-06 00:00:00-04:00,51.817422860733636,52.005135547432495,51.28746591630464,51.89419174194336,29020000,0.0,0.0
2019-06-07 00:00:00-04:00,52.217112784626195,53.16558773869225,52.06208621735204,52.91497039794922,43828000,0.0,0.0
2019-06-10 00:00:00-04:00,53.342409676901475,54.22600379210767,53.25722176188003,53.6276969909668,28510000,0.0,0.0
2019-06-11 00:00:00-04:00,54.33248671698533,54.68017990988899,53.46969837559754,53.542503356933594,33508000,0.0,0.0
2019-06-12 00:00:00-04:00,53.48852533662474,53.61581220163735,52.975901435552714,53.44642639160156,23670000,0.0,0.0
2019-06-13 00:00:00-04:00,53.72427124013062,54.31267011301452,53.618281374252234,54.03630065917969,20814000,0.0,0.0
2019-06-14 00:00:00-04:00,53.97340389299385,54.22203741750554,53.56429862336168,53.80302429199219,24582000,0.0,0.0
2019-06-17 00:00:00-04:00,53.9417144252182,54.544971422069345,53.887232547423096,54.178955078125,19770000,0.0,0.0
2019-06-18 00:00:00-04:00,55.05115353125742,55.41172091315282,54.520701551214316,54.74110412597656,34526000,0.0,0.0
2019-06-19 00:00:00-04:00,54.84015926631977,54.94862799986809,54.28494143117882,54.7049446105957,26714000,0.0,0.0
2019-06-20 00:00:00-04:00,55.55634247239921,55.6068642257885,54.82826997007802,55.13534927368164,24018000,0.0,0.0
2019-06-21 00:00:00-04:00,54.96992204047367,55.797545423876116,54.96298805282617,55.73811340332031,50774000,0.0,0.0
2019-06-24 00:00:00-04:00,55.472142358888306,55.648960931164254,55.14079600051931,55.30869674682617,24236000,0.0,0.0
2019-06-25 00:00:00-04:00,55.22845988453436,55.259165922689526,53.71882317627778,53.86642074584961,31644000,0.0,0.0
2019-06-26 00:00:00-04:00,54.03580661884397,54.23986611616622,53.178467278635104,53.506839752197266,34698000,0.0,0.0
2019-06-27 00:00:00-04:00,53.82531619310023,53.910009091065085,53.28545139859072,53.3240852355957,24078000,0.0,0.0
2019-06-28 00:00:00-04:00,53.353794757217734,53.629669189453125,53.18391018827998,53.629669189453125,33672000,0.0,0.0
2019-07-01 00:00:00-04:00,54.533083020920586,54.90702715871633,54.25027454112159,54.48157501220703,29196000,0.0,0.0
2019-07-02 00:00:00-04:00,54.72079078259037,55.11999195678885,54.465223282168516,55.105628967285156,20630000,0.0,0.0
2019-07-03 00:00:00-04:00,55.39784904541384,55.86787893797962,55.21707035221,55.620235443115234,20154000,0.0,0.0
2019-07-05 00:00:00-04:00,55.440937809373715,56.19773626639977,55.348320895974794,56.09967041015625,29794000,0.0,0.0
2019-07-08 00:00:00-04:00,55.762879139337144,55.82924893062901,55.06403138591545,55.31315994262695,29888000,0.0,0.0
2019-07-09 00:00:00-04:00,54.9927099600397,55.861446126300685,54.83570330192101,55.684627532958984,29472000,0.0,0.0
2019-07-10 00:00:00-04:00,56.08233751346823,56.578614532807784,56.00011969183187,56.507789611816406,30710000,0.0,0.0
2019-07-11 00:00:00-04:00,56.767814710831296,57.11847800523599,56.43944220375937,56.664794921875,26004000,0.0,0.0
2019-07-12 00:00:00-04:00,56.60784433092339,56.83419088308176,56.39140563619005,56.72720718383789,21878000,0.0,0.0
2019-07-15 00:00:00-04:00,56.72719861607751,56.991683955517104,56.46271705537778,56.9832649230957,21164000,0.0,0.0
2019-07-16 00:00:00-04:00,56.79604524632586,57.3829629193265,56.79604524632586,57.12937545776367,25352000,0.0,0.0
2019-07-17 00:00:00-04:00,57.00357272421351,57.3760280034177,56.790599163439744,56.79654312133789,19538000,0.0,0.0
2019-07-18 00:00:00-04:00,56.5617729099618,56.867367160229094,56.10908365301538,56.82130432128906,25450000,0.0,0.0
2019-07-19 00:00:00-04:00,56.924329998398186,57.036263842230625,56.02934670523156,56.04420471191406,23184000,0.0,0.0
2019-07-22 00:00:00-04:00,56.23834639125792,56.46370286253179,55.73018527082399,56.423583984375,28914000,0.0,0.0
2019-07-23 00:00:00-04:00,56.6335957280726,56.901546191159234,56.10859268845329,56.861427307128906,20648000,0.0,0.0
2019-07-24 00:00:00-04:00,56.097196306050485,56.733143116619324,55.89363180878285,56.449344635009766,27192000,0.0,0.0
2019-07-25 00:00:00-04:00,56.4107060312866,56.64052141523388,55.655891463401765,56.261627197265625,54762000,0.0,0.0
2019-07-26 00:00:00-04:00,60.82124897218375,62.82171023894311,60.82124897218375,61.67413330078125,121216000,0.0,0.0
2019-07-29 00:00:00-04:00,61.53941137657357,61.86085367588701,60.93020668782586,61.50672149658203,41382000,0.0,0.0
2019-07-30 00:00:00-04:00,60.771707753036765,61.262539573144544,60.688499907511805,60.82123947143555,28616000,0.0,0.0
2019-07-31 00:00:00-04:00,60.66622137456768,61.163488457630116,59.83958796759743,60.33586502075195,39960000,0.0,0.0
2019-08-01 00:00:00-04:00,60.30762954898786,61.2323287501369,59.78113772926543,60.017887115478516,35426000,0.0,0.0
2019-08-02 00:00:00-04:00,59.58302188418261,59.90495538024537,58.939147334577946,59.25217056274414,34910000,0.0,0.0
2019-08-05 00:00:00-04:00,58.09568395141287,58.28934439333003,56.598928685404225,57.19327163696289,47840000,0.0,0.0
2019-08-06 00:00:00-04:00,57.726691926979775,58.513206420620904,57.52907138432887,58.002071380615234,36014000,0.0,0.0
2019-08-07 00:00:00-04:00,57.34432781328151,58.43742657661284,56.99960848715814,58.241294860839844,30686000,0.0,0.0
2019-08-08 00:00:00-04:00,58.762334158803085,59.74547915169052,58.14669429482071,59.741024017333984,30116000,0.0,0.0
2019-08-09 00:00:00-04:00,59.43394795710088,59.655340561883605,58.68606349165527,58.884674072265625,20418000,0.0,0.0
2019-08-12 00:00:00-04:00,58.4438647389188,58.7217192586573,57.88518183118169,58.17145538330078,22064000,0.0,0.0
2019-08-13 00:00:00-04:00,58.164024464631794,59.703377223142205,58.09666842906615,59.27247619628906,28434000,0.0,0.0
2019-08-14 00:00:00-04:00,58.249224362809336,58.58205580454452,57.506293798587365,57.663795471191406,35430000,0.0,0.0
2019-08-15 00:00:00-04:00,57.87081891831931,58.26655122813424,57.60187844552222,57.91489791870117,28506000,0.0,0.0
2019-08-16 00:00:00-04:00,58.482989447189716,58.634052119378666,58.09716124237561,58.40473175048828,24916000,0.0,0.0
2019-08-19 00:00:00-04:00,59.029791826803695,59.899517974166024,58.95896690194604,59.456233978271484,24450000,0.0,0.0
2019-08-20 00:00:00-04:00,59.2041307137126,59.33538146054947,58.59492606828467,58.61869812011719,20206000,0.0,0.0
2019-08-21 00:00:00-04:00,59.22740610527465,59.46217164258536,58.83612895017692,59.01740264892578,14152000,0.0,0.0
2019-08-22 00:00:00-04:00,59.12736249662652,59.37401597426125,58.389880917191206,59.01443862915039,17352000,0.0,0.0
2019-08-23 00:00:00-04:00,58.69992478154987,59.21997760981369,56.95800136029911,57.13531494140625,36254000,0.0,0.0
2019-08-26 00:00:00-04:00,57.42605291108327,58.04070276773835,57.19822133720337,58.007022857666016,21166000,0.0,0.0
2019-08-27 00:00:00-04:00,58.592457532450354,58.69151342758311,57.6791473666648,57.98919677734375,23460000,0.0,0.0
2019-08-28 00:00:00-04:00,57.694500363637175,58.36957607561865,57.46567875200871,58.134315490722656,16810000,0.0,0.0
2019-08-29 00:00:00-04:00,58.76183382120704,59.39431547168787,58.705371894552655,59.14915084838867,19636000,0.0,0.0
2019-08-30 00:00:00-04:00,59.45178131415145,59.45178131415145,58.72717386976557,58.96540832519531,18064000,0.0,0.0
2019-09-03 00:00:00-04:00,58.53549331783556,58.89358560986909,57.63704499067827,57.926292419433594,25908000,0.0,0.0
2019-09-04 00:00:00-04:00,58.416623705533404,58.6855641775209,58.02435650134425,58.55629348754883,21312000,0.0,0.0
2019-09-05 00:00:00-04:00,59.1204312895711,60.12784721143964,59.07238838639131,60.03820037841797,26394000,0.0,0.0
2019-09-06 00:00:00-04:00,59.887129187892,60.07583189032738,59.595897941558604,59.747459411621094,18972000,0.0,0.0
2019-09-09 00:00:00-04:00,59.785100465649045,60.45225208362844,59.096156855526246,59.69545364379883,31854000,0.0,0.0
2019-09-10 00:00:00-04:00,59.24078482009586,59.92972847973825,59.23682092181226,59.71675491333008,27922000,0.0,0.0
2019-09-11 00:00:00-04:00,59.627110866396535,60.547355024481845,59.547368111982024,60.425018310546875,23522000,0.0,0.0
2019-09-12 00:00:00-04:00,60.596873557301336,61.53544068078483,60.55180075121347,61.16645431518555,31644000,0.0,0.0
2019-09-13 00:00:00-04:00,61.02480887794694,61.46759786621537,60.775680320717825,61.417076110839844,23676000,0.0,0.0
2019-09-16 00:00:00-04:00,60.9420853755163,61.36704241483515,60.68205897727116,61.00102615356445,28218000,0.0,0.0
2019-09-17 00:00:00-04:00,61.00103678715758,61.16794751680228,60.59093767989537,60.91436004638672,20806000,0.0,0.0
2019-09-18 00:00:00-04:00,60.93219278907387,61.22936425221609,60.25018309085934,61.05155563354492,17440000,0.0,0.0
2019-09-19 00:00:00-04:00,61.035211221346685,61.63054416428074,61.03471620639554,61.35367965698242,16554000,0.0,0.0
2019-09-20 00:00:00-04:00,61.10058027519062,61.55426331584861,60.60232322154267,60.91237258911133,37692000,0.0,0.0
2019-09-23 00:00:00-04:00,60.75041663443363,61.39974019130352,60.61223189345284,61.152591705322266,20798000,0.0,0.0
2019-09-24 00:00:00-04:00,61.415595005164725,61.767743376813286,59.96143368856673,60.342308044433594,35804000,0.0,0.0
2019-09-25 00:00:00-04:00,60.227397105585325,61.81281288374729,59.89010675908413,61.70979309082031,26798000,0.0,0.0
2019-09-26 00:00:00-04:00,61.521581769534144,61.646892350996254,61.010446701925005,61.52901077270508,23166000,0.0,0.0
2019-09-27 00:00:00-04:00,61.55575374716802,61.66273743368935,60.187275503275984,60.71971130371094,34122000,0.0,0.0
2019-09-30 00:00:00-04:00,60.45473372191468,60.792024068700115,60.099120264087766,60.48147964477539,24470000,0.0,0.0
2019-10-01 00:00:00-04:00,60.548338606588864,61.061952477190204,59.70932233716347,59.73160934448242,24504000,0.0,0.0
2019-10-02 00:00:00-04:00,59.261091120470134,59.37302495619174,58.07884052130791,58.34084701538086,33030000,0.0,0.0
2019-10-03 00:00:00-04:00,58.60928884664899,58.98867809596157,57.608810817603015,58.910919189453125,28368000,0.0,0.0
2019-10-04 00:00:00-04:00,59.15163625899439,60.05157347475312,58.98720059913431,59.97727966308594,24282000,0.0,0.0
2019-10-07 00:00:00-04:00,59.7811486551981,60.3710365007643,59.65039289715953,59.84305953979492,17040000,0.0,0.0
2019-10-08 00:00:00-04:00,59.373518147663226,59.77469940166091,58.91339610924976,58.94559097290039,20086000,0.0,0.0
2019-10-09 00:00:00-04:00,59.500317343231046,59.85345571982782,59.34132685384259,59.55331039428711,15948000,0.0,0.0
2019-10-10 00:00:00-04:00,59.36509695767759,60.20807333110587,59.32844696105802,59.903472900390625,12842000,0.0,0.0
2019-10-11 00:00:00-04:00,60.62461500768076,60.858390533710576,60.11001108570673,60.2125358581543,22330000,0.0,0.0
2019-10-14 00:00:00-04:00,60.12239215803119,60.71624001723558,60.0228412570052,60.3145637512207,13296000,0.0,0.0
2019-10-15 00:00:00-04:00,60.499307230673374,61.768725774202345,60.470581250004656,61.52653121948242,27584000,0.0,0.0
2019-10-16 00:00:00-04:00,61.50523767864759,62.118402499177094,61.34278208407689,61.564178466796875,22986000,0.0,0.0
2019-10-17 00:00:00-04:00,61.98021304183353,62.591892771014635,61.90443419353795,62.04955291748047,20958000,0.0,0.0
2019-10-18 00:00:00-04:00,62.143169135128964,62.31255494115907,61.422525600840814,61.63401412963867,31624000,0.0,0.0
2019-10-21 00:00:00-04:00,61.846492451752454,62.08472312369092,61.41509636274962,61.6275749206543,18094000,0.0,0.0
2019-10-22 00:00:00-04:00,61.63747698893606,61.84797548014588,61.408160372457424,61.47502517700195,22862000,0.0,0.0
2019-10-23 00:00:00-04:00,61.42599560873949,62.30909097704538,61.42599560873949,62.28878402709961,21282000,0.0,0.0
2019-10-24 00:00:00-04:00,62.36207962036133,62.5497922949152,62.027264387072705,62.36207962036133,20224000,0.0,0.0
2019-10-25 00:00:00-04:00,62.00993212550449,62.80239436430481,61.86877729263344,62.619136810302734,27104000,0.0,0.0
2019-10-28 00:00:00-04:00,63.14909437559862,64.34966810408233,63.01586355921781,63.84150314331055,65428000,0.0,0.0
2019-10-29 00:00:00-04:00,63.19862281110795,63.43636224265712,62.18873185476839,62.4388542175293,52654000,0.0,0.0
2019-10-30 00:00:00-04:00,62.16594580208306,62.80338142330192,61.94306816967609,62.44083023071289,29204000,0.0,0.0
2019-10-31 00:00:00-04:00,62.406161263512125,62.72908859531053,61.88511837830381,62.34672546386719,31904000,0.0,0.0
2019-11-01 00:00:00-04:00,62.69342760399186,63.05003483856264,62.39179725510507,63.01288604736328,28812000,0.0,0.0
2019-11-04 00:00:00-05:00,63.20407443399878,64.01584986158814,63.20407443399878,63.872711181640625,30632000,0.0,0.0
2019-11-05 00:00:00-05:00,63.95144902987662,64.25060428456305,63.8613109760507,63.96333694458008,25148000,0.0,0.0
2019-11-06 00:00:00-05:00,63.8964792602688,64.04010915901445,63.50916599108617,63.94204330444336,24626000,0.0,0.0
2019-11-07 00:00:00-05:00,64.10399683669011,65.50912870716965,64.07774971156412,64.73103332519531,45140000,0.0,0.0
2019-11-08 00:00:00-05:00,64.46258602131604,65.23474124758921,64.46258602131604,64.83306121826172,30392000,0.0,0.0
2019-11-11 00:00:00-05:00,64.58543138494855,64.63001296526535,64.18276879819167,64.30213165283203,17234000,0.0,0.0
2019-11-12 00:00:00-05:00,64.31648243880079,64.85040328530087,64.10202382905766,64.2491226196289,28852000,0.0,0.0
2019-11-13 00:00:00-05:00,64.04950964357573,64.51211046203072,63.99849666348113,64.1980972290039,20538000,0.0,0.0
2019-11-14 00:00:00-05:00,64.13967203771251,65.16590987376797,64.0871702206033,64.84049987792969,28948000,0.0,0.0
2019-11-15 00:00:00-05:00,65.13271494371524,66.04850006103516,64.97619954644436,66.04850006103516,39286000,0.0,0.0
2019-11-18 00:00:00-05:00,65.98906572747507,66.0673234323265,65.18769322633246,65.36995697021484,27984000,0.0,0.0
2019-11-19 00:00:00-05:00,65.70625837315804,65.70625837315804,64.9702656186846,65.01087951660156,21864000,0.0,0.0
2019-11-20 00:00:00-05:00,64.94995225781228,65.04157913718234,63.852893443632446,64.47943115234375,28892000,0.0,0.0
2019-11-21 00:00:00-05:00,64.35016618156962,64.9380701081525,63.929169200759176,64.39424896240234,25546000,0.0,0.0
2019-11-22 00:00:00-05:00,64.53590126540597,64.72906290404325,63.86033054513424,64.07379913330078,27776000,0.0,0.0
2019-11-25 00:00:00-05:00,64.20208304254504,64.90291089728889,64.16988817490127,64.66665649414062,23590000,0.0,0.0
2019-11-26 00:00:00-05:00,64.87814242998601,65.08121192737515,64.58741371785119,65.03118896484375,21910000,0.0,0.0
2019-11-27 00:00:00-05:00,65.15104489246795,65.26099866465015,64.85634852897411,64.98809051513672,18808000,0.0,0.0
2019-11-29 00:00:00-05:00,64.71419479888687,64.88011169520007,64.54728031533155,64.58987426757812,12802000,0.0,0.0
2019-12-02 00:00:00-05:00,64.51410060357718,64.65674803317151,63.415552909887005,63.8355598449707,26538000,0.0,0.0
2019-12-03 00:00:00-05:00,63.330378045851454,64.25013107396423,63.2506390609654,64.12680053710938,25270000,0.0,0.0
2019-12-04 00:00:00-05:00,64.68943163954013,65.5893687316695,64.53836518336756,65.32537841796875,35506000,0.0,0.0
2019-12-05 00:00:00-05:00,65.7245752743222,65.77311696145986,65.0965563331027,65.72259521484375,24408000,0.0,0.0
2019-12-06 00:00:00-05:00,66.00937029165347,66.49078930436868,65.93409023662048,66.33824157714844,32968000,0.0,0.0
2019-12-09 00:00:00-05:00,66.31199740277347,67.2376904568224,66.17380888078105,66.51654815673828,30842000,0.0,0.0
2019-12-10 00:00:00-05:00,66.36548792156054,66.7646891227079,66.07128278810355,66.5115966796875,17606000,0.0,0.0
2019-12-11 00:00:00-05:00,66.7795548871401,66.85830383642757,66.4229476010481,66.57896423339844,20480000,0.0,0.0
2019-12-12 00:00:00-05:00,66.5274442148583,67.0905822648884,66.2793094804911,66.78895568847656,29114000,0.0,0.0
2019-12-13 00:00:00-05:00,66.75973033441775,66.93060495127669,66.45067475804319,66.7087173461914,33170000,0.0,0.0
2019-12-16 00:00:00-05:00,67.11139005127455,67.5338683000843,66.89396135072258,67.39370727539062,28128000,0.0,0.0
2019-12-17 00:00:00-05:00,67.47839706461865,67.57349283681637,66.9018822520675,67.10594177246094,32948000,0.0,0.0
2019-12-18 00:00:00-05:00,67.21044592473815,67.33079879423406,66.88653233060347,66.95834350585938,23330000,0.0,0.0
2019-12-19 00:00:00-05:00,66.95834227718696,67.23669937658612,66.80183442609396,67.18270874023438,28922000,0.0,0.0
2019-12-20 00:00:00-05:00,67.51257419574173,67.55714821487466,66.89990437833447,66.9241714477539,50090000,0.0,0.0
2019-12-23 00:00:00-05:00,67.29613213369372,67.45065992674316,66.7646901418496,66.89495086669922,19936000,0.0,0.0
2019-12-24 00:00:00-05:00,66.87413741587739,66.96329299686603,66.57498972050794,66.58786010742188,13468000,0.0,0.0
2019-12-26 00:00:00-05:00,66.6928744246739,67.51753156187003,66.64136263883537,67.48136901855469,23662000,0.0,0.0
2019-12-27 00:00:00-05:00,67.55713494714486,67.70820139228968,67.01232385284077,67.09355163574219,23212000,0.0,0.0
2019-12-30 00:00:00-05:00,67.20103960824423,67.21044867126749,66.26147853741799,66.35409545898438,19994000,0.0,0.0
2019-12-31 00:00:00-05:00,66.15993795919911,66.40114248047537,65.9786642517379,66.33824157714844,19514000,0.0,0.0
2020-01-02 00:00:00-05:00,66.7850047466292,67.78894805908203,66.68990896520182,67.78894805908203,27278000,0.0,0.0
2020-01-03 00:00:00-05:00,66.76468797907017,68.0400504709422,66.73100429191261,67.43431091308594,23408000,0.0,0.0
2020-01-06 00:00:00-05:00,66.94445662686421,69.25695417365174,66.91325935810485,69.23169708251953,46768000,0.0,0.0
2020-01-07 00:00:00-05:00,69.36296466843042,69.51353233718912,68.92215954793207,69.09798431396484,34330000,0.0,0.0
2020-01-08 00:00:00-05:00,69.08362070220888,69.92709593901122,68.97515574809637,69.58980560302734,35314000,0.0,0.0
2020-01-09 00:00:00-05:00,70.42634437897857,70.76066463148995,69.84586943820742,70.32035827636719,33200000,0.0,0.0
2020-01-10 00:00:00-05:00,70.79980079044779,71.07072135488387,70.31095271552078,70.7745361328125,26258000,0.0,0.0
2020-01-13 00:00:00-05:00,71.08606938019891,71.3946337502019,70.59673007741598,71.32282257080078,30730000,0.0,0.0
2020-01-14 00:00:00-05:00,71.32133264146023,71.45159337277671,70.71559303390933,70.85527038574219,26076000,0.0,0.0
2020-01-15 00:00:00-05:00,70.97561465970341,71.35995783382089,70.90825484550432,71.28170013427734,21550000,0.0,0.0
2020-01-16 00:00:00-05:00,71.59127011726122,71.85130036891533,71.32133956538716,71.82455444335938,26080000,0.0,0.0
2020-01-17 00:00:00-05:00,72.43769786322783,73.3297071376885,72.14102145826104,73.27869415283203,52424000,0.0,0.0
2020-01-21 00:00:00-05:00,73.25295844816777,73.79183709623985,72.81760217922297,73.41393280029297,48930000,0.0,0.0
2020-01-22 00:00:00-05:00,73.78440092570987,74.32178314028666,73.43423262021948,73.49415588378906,28458000,0.0,0.0
2020-01-23 00:00:00-05:00,73.6764169178253,73.97111327468183,73.31832086517792,73.53475952148438,26650000,0.0,0.0
2020-01-24 00:00:00-05:00,73.93742137235144,74.00577120964037,72.46938869394155,72.61748504638672,29786000,0.0,0.0
2020-01-27 00:00:00-05:00,70.90231884282338,71.15194240324553,70.30598833544614,70.91172790527344,34132000,0.0,0.0
2020-01-28 00:00:00-05:00,71.40750236139107,72.05434703002898,70.84386554182085,71.84137725830078,29724000,0.0,0.0
2020-01-29 00:00:00-05:00,72.23561308848484,72.51694023233235,71.58827725218511,72.14844512939453,21566000,0.0,0.0
2020-01-30 00:00:00-05:00,71.2272236271273,72.07663903462614,71.07368586337883,72.02711486816406,27110000,0.0,0.0
2020-01-31 00:00:00-05:00,72.70119445661328,72.79084128159816,70.68042261440853,70.96372985839844,43822000,0.0,0.0
2020-02-03 00:00:00-05:00,72.39360956186155,73.61449756714579,72.14398604168143,73.43123626708984,71636000,0.0,0.0
2020-02-04 00:00:00-05:00,72.03900213330179,72.67544019107511,70.43129942671113,71.58927917480469,95880000,0.0,0.0
2020-02-05 00:00:00-05:00,72.49070170683542,72.53874460950848,70.81019770068639,71.62097930908203,36376000,0.0,0.0
2020-02-06 00:00:00-05:00,71.91468773089143,73.37975068632419,71.84039769678412,73.1028823852539,37822000,0.0,0.0
2020-02-07 00:00:00-05:00,72.67792499698265,73.56250542339373,72.57985912931318,73.2583999633789,28360000,0.0,0.0
2020-02-10 00:00:00-05:00,73.16528741089394,74.73286749079695,73.06474269563836,74.72196960449219,38302000,0.0,0.0
2020-02-11 00:00:00-05:00,74.95029224248354,75.77296925292642,74.56297896523482,74.79130554199219,34852000,0.0,0.0
2020-02-12 00:00:00-05:00,75.07858365936065,75.29849123523586,74.72247516478234,75.21578216552734,31042000,0.0,0.0
2020-02-13 00:00:00-05:00,74.78833327132581,75.57831660153852,74.49115806314995,74.95623779296875,22914000,0.0,0.0
2020-02-14 00:00:00-05:00,75.0126911554199,75.28609050192331,74.56791842376306,75.22071075439453,23198000,0.0,0.0
2020-02-18 00:00:00-05:00,75.00328863329595,75.80664112300143,74.83835420554657,75.2558822631836,25642000,0.0,0.0
2020-02-19 00:00:00-05:00,75.64023640450932,75.8155699491848,75.33217083202628,75.52483367919922,22746000,0.0,0.0
2020-02-20 00:00:00-05:00,75.23458265033227,75.63378380673352,74.50403138410452,75.13453674316406,25962000,0.0,0.0
2020-02-21 00:00:00-05:00,74.51989240290945,74.83539453422384,73.2276917437357,73.47384643554688,42520000,0.0,0.0
2020-02-24 00:00:00-05:00,70.48181870840796,71.1420402031771,69.67648603093434,70.32382202148438,49560000,0.0,0.0
2020-02-25 00:00:00-05:00,70.87557947889884,71.1653181693282,68.37041825916344,68.66263580322266,51580000,0.0,0.0
2020-02-26 00:00:00-05:00,69.0915481294338,70.0172411870808,68.17873301777479,68.86817169189453,49776000,0.0,0.0
2020-02-27 00:00:00-05:00,67.31644613004579,67.82461113676888,65.09260451220945,65.12776947021484,62290000,0.0,0.0
2020-02-28 00:00:00-05:00,63.1149186231393,66.4898019996538,62.81279324582793,66.33131408691406,80198000,0.0,0.0
2020-03-02 00:00:00-05:00,66.93260002156951,68.71958897686436,65.63544161250786,68.66263580322266,55430000,0.0,0.0
2020-03-03 00:00:00-05:00,69.22528109605555,69.74582523148922,65.83553196684268,66.25553894042969,56602000,0.0,0.0
2020-03-04 00:00:00-05:00,67.3075298484272,68.48730552549819,66.21987986401248,68.42886352539062,47598000,0.0,0.0
2020-03-05 00:00:00-05:00,66.64334092241998,67.04353972444319,64.46853998461333,65.11835479736328,54380000,0.0,0.0
2020-03-06 00:00:00-05:00,62.898976532107014,64.52351357609537,62.26797984013897,64.17632293701172,64640000,0.0,0.0
2020-03-09 00:00:00-04:00,59.68011097856504,62.04609748802593,59.33737166621488,60.21650695800781,69252000,0.0,0.0
2020-03-10 00:00:00-04:00,62.128304835514435,63.191188757656136,60.15309709857538,63.157508850097656,54872000,0.0,0.0
2020-03-11 00:00:00-04:00,61.825195353351596,62.254112587999046,58.995618063094234,59.97430419921875,54732000,0.0,0.0
2020-03-12 00:00:00-04:00,55.601910852958376,58.877243337501,54.90107928007686,55.053627014160156,94326000,0.0,0.0
2020-03-13 00:00:00-04:00,58.19572083955364,60.14764762078571,55.09026958807856,60.14120864868164,79400000,0.0,0.0
2020-03-16 00:00:00-04:00,53.96697192726279,56.73364468343474,52.85109101159677,53.14430236816406,96520000,0.0,0.0
2020-03-17 00:00:00-04:00,54.017985077992776,55.769317745236926,51.960563127634764,55.376060485839844,83194000,0.0,0.0
2020-03-18 00:00:00-04:00,52.497455082266214,54.72872179173103,51.361263491706886,54.04522705078125,93044000,0.0,0.0
2020-03-19 00:00:00-04:00,53.898117948670354,57.08727222944788,52.2800162642796,55.059566497802734,74064000,0.0,0.0
2020-03-20 00:00:00-04:00,56.01200787184548,56.38743703917159,52.604434498464734,52.90705490112305,82878000,0.0,0.0
2020-03-23 00:00:00-04:00,52.3206338995169,52.84266682638915,49.968020624039184,52.20969009399414,83672000,0.0,0.0
2020-03-24 00:00:00-04:00,54.67869553610549,56.13236167218039,53.80946443254948,55.967926025390625,72468000,0.0,0.0
2020-03-25 00:00:00-04:00,55.698987349846355,56.7683103247803,53.64008037256016,54.56180953979492,90324000,0.0,0.0
2020-03-26 00:00:00-04:00,55.21063246321199,58.02188271152003,54.08682765203497,57.59791564941406,76562000,0.0,0.0
2020-03-27 00:00:00-04:00,55.842123904598736,57.01001149074951,54.679685261396536,54.9897346496582,62794000,0.0,0.0
2020-03-30 00:00:00-04:00,56.09818990150613,57.00753615927192,54.40678424766814,56.775245666503906,58736000,0.0,0.0
2020-03-31 00:00:00-04:00,56.89510085591972,58.11697145742104,56.30025920761127,57.549869537353516,65228000,0.0,0.0
2020-04-01 00:00:00-04:00,55.67025863980762,55.93870409870114,54.159136788243345,54.58557891845703,51970000,0.0,0.0
2020-04-02 00:00:00-04:00,54.48157130703519,55.60934004470026,54.14131088320753,55.32504653930664,56410000,0.0,0.0
2020-04-03 00:00:00-04:00,55.210139089344835,55.41221477032094,53.24731792183612,54.12001037597656,51374000,0.0,0.0
2020-04-06 00:00:00-04:00,56.11601974830172,58.97629920825369,55.71978862877884,58.601863861083984,63320000,0.0,0.0
2020-04-07 00:00:00-04:00,60.27691932785058,60.4636457550222,58.30765931147763,58.570655822753906,61620000,0.0,0.0
2020-04-08 00:00:00-04:00,59.58797014138323,60.172408877801566,58.63949520421444,59.781131744384766,40334000,0.0,0.0
2020-04-09 00:00:00-04:00,60.33487166294358,60.5235743759765,59.059010366258434,59.75984191894531,54028000,0.0,0.0
2020-04-13 00:00:00-04:00,59.50873115752453,60.15359577018456,58.55926611146684,59.95003128051758,38702000,0.0,0.0
2020-04-14 00:00:00-04:00,61.41410007802168,63.18623455329524,60.8479844033107,62.66519546508789,63358000,0.0,0.0
2020-04-15 00:00:00-04:00,61.73802596320406,63.15454721496572,61.11842214164486,62.27244186401367,42236000,0.0,0.0
2020-04-16 00:00:00-04:00,62.75979746917035,63.06786680965158,61.32643823394738,62.278873443603516,57896000,0.0,0.0
2020-04-17 00:00:00-04:00,63.4809319389817,63.89202104328957,62.70333152394552,63.347206115722656,51050000,0.0,0.0
2020-04-20 00:00:00-04:00,62.89600062078531,63.239234907850815,62.229838995215836,62.46311950683594,35292000,0.0,0.0
2020-04-21 00:00:00-04:00,61.54981463207229,61.910877022844375,59.68208545002198,60.036712646484375,49648000,0.0,0.0
2020-04-22 00:00:00-04:00,61.47055973607133,63.390786730020075,61.27690310966799,62.32740783691406,46296000,0.0,0.0
2020-04-23 00:00:00-04:00,62.69045208401483,63.80039263918321,62.43240950578446,62.95939254760742,34202000,0.0,0.0
2020-04-24 00:00:00-04:00,62.158522166719294,63.28332085409604,61.61370719032875,63.22834396362305,37402000,0.0,0.0
2020-04-27 00:00:00-04:00,63.99107812534568,64.09509171939635,62.65677484233892,62.94404220581055,44186000,0.0,0.0
2020-04-28 00:00:00-04:00,63.55522991283114,63.63249002753352,60.939121412826324,61.048580169677734,80700000,0.0,0.0
2020-04-29 00:00:00-04:00,66.61609494241262,67.36645437124918,65.71120773812287,66.47642517089844,108358000,0.0,0.0
2020-04-30 00:00:00-04:00,65.94052598518793,66.86374009954754,65.45216923000982,66.7002944946289,55842000,0.0,0.0
2020-05-01 00:00:00-04:00,65.58047332550659,66.93459272140227,64.86577736716917,65.24516296386719,48872000,0.0,0.0
2020-05-04 00:00:00-04:00,64.78998106117524,65.59928136149354,64.18969042697206,65.52151489257812,30806000,0.0,0.0
2020-05-05 00:00:00-04:00,66.24463377015354,67.90433941720575,66.12230084826514,66.81520080566406,39666000,0.0,0.0
2020-05-06 00:00:00-04:00,67.25997539271505,67.78943731097657,66.62253976087045,66.63739776611328,31732000,0.0,0.0
2020-05-07 00:00:00-04:00,67.42389945373486,68.15148056634492,66.98953338591457,67.81864166259766,30652000,0.0,0.0
2020-05-08 00:00:00-04:00,68.43975577847236,69.17376849684152,67.95387781137184,68.56456756591797,33326000,0.0,0.0
2020-05-11 00:00:00-04:00,68.19062447900933,70.10936295617134,68.12673353943045,69.51799011230469,32718000,0.0,0.0
2020-05-12 00:00:00-04:00,69.74731441852666,70.04993105053738,68.07770072347968,68.11088562011719,33918000,0.0,0.0
2020-05-13 00:00:00-04:00,68.15940704714981,68.61358886479172,65.7745991923848,66.78102111816406,40368000,0.0,0.0
2020-05-14 00:00:00-04:00,66.04752942019816,67.22878646130144,65.54134441991656,67.20352935791016,36660000,0.0,0.0
2020-05-15 00:00:00-04:00,66.77755753562865,68.08114705053016,66.31891682085778,68.00586700439453,41544000,0.0,0.0
2020-05-18 00:00:00-04:00,67.43729297529579,68.98159604195445,67.07176788673299,68.60617065429688,47094000,0.0,0.0
2020-05-19 00:00:00-04:00,68.62102923990405,68.96821988437291,68.04055429387958,68.07225036621094,31586000,0.0,0.0
2020-05-20 00:00:00-04:00,68.8032949341757,69.9360176693198,68.71711698400958,69.79386901855469,38262000,0.0,0.0
2020-05-21 00:00:00-04:00,69.88450685474919,70.1554274195608,69.06232853947765,69.67450714111328,30894000,0.0,0.0
2020-05-22 00:00:00-04:00,69.53334027151953,70.18216501966805,69.13958802109688,69.99594116210938,28544000,0.0,0.0
2020-05-26 00:00:00-04:00,71.41841186544389,71.5744284971971,70.30104590012314,70.39861297607422,44590000,0.0,0.0
2020-05-27 00:00:00-04:00,70.33075177587496,70.59573212629044,69.07272616094963,70.34461975097656,31684000,0.0,0.0
2020-05-28 00:00:00-04:00,69.3401776820852,71.54222318725598,69.29461363754203,70.24358367919922,35170000,0.0,0.0
2020-05-29 00:00:00-04:00,70.35204041308344,71.15936052023724,70.13164166107148,71.00037384033203,37044000,0.0,0.0
2020-06-01 00:00:00-04:00,70.61306359347097,71.39957799489409,70.44367025821428,71.0672378540039,25162000,0.0,0.0
2020-06-02 00:00:00-04:00,71.07368902861234,71.46992016535502,70.41049745634162,71.43574523925781,23442000,0.0,0.0
2020-06-03 00:00:00-04:00,71.45506194687327,71.76758643044298,70.9062830710981,71.28418731689453,27732000,0.0,0.0
2020-06-04 00:00:00-04:00,71.16182928035252,71.38669449427832,69.63783352015248,70.04842376708984,26982000,0.0,0.0
2020-06-05 00:00:00-04:00,70.1148075544808,71.63336223365884,69.71758640754899,71.32231903076172,42642000,0.0,0.0
2020-06-08 00:00:00-04:00,70.64179390519453,71.76707993120938,70.55263831946147,71.71953582763672,33878000,0.0,0.0
2020-06-09 00:00:00-04:00,71.58085276794318,72.69821850375527,71.4382053488639,71.91962432861328,33624000,0.0,0.0
2020-06-10 00:00:00-04:00,72.38668108171233,72.94437011787116,72.03255273815222,72.544677734375,31762000,0.0,0.0
2020-06-11 00:00:00-04:00,71.37233549620176,71.8958572006623,69.26142572948949,69.43428039550781,47144000,0.0,0.0
2020-06-12 00:00:00-04:00,70.6209918779244,71.04941785617385,68.63687377649948,69.98009490966797,36676000,0.0,0.0
2020-06-15 00:00:00-04:00,68.81962939441132,70.57839082578148,68.70620674742224,70.36740112304688,30468000,0.0,0.0
2020-06-16 00:00:00-04:00,71.76708769172896,72.17173786067906,70.77602239457322,71.64178466796875,30648000,0.0,0.0
2020-06-17 00:00:00-04:00,71.96222904130842,72.42086224181243,71.08012003490119,71.94241333007812,30610000,0.0,0.0
2020-06-18 00:00:00-04:00,71.80918341707451,71.96371120218673,70.63980704312232,71.03009796142578,34862000,0.0,0.0
2020-06-19 00:00:00-04:00,71.32132836203121,71.54420600166658,70.28122263375963,70.5605697631836,52784000,0.0,0.0
2020-06-22 00:00:00-04:00,70.57889184321455,71.86366333812911,70.290634464632,71.84929656982422,29442000,0.0,0.0
2020-06-23 00:00:00-04:00,71.91567270014066,73.06474219667734,71.56897330290289,72.50902557373047,37752000,0.0,0.0
2020-06-24 00:00:00-04:00,72.47436496720562,73.09396501649118,70.82604821231901,70.95977783203125,31592000,0.0,0.0
2020-06-25 00:00:00-04:00,70.88646948000576,71.43623840216229,70.30797457430236,71.37581634521484,23958000,0.0,0.0
2020-06-26 00:00:00-04:00,70.95630864483473,71.17373736157167,67.11139504691282,67.4848403930664,97640000,0.0,0.0
2020-06-29 00:00:00-04:00,67.37587083037111,69.24112489792789,66.94546479006696,69.20001220703125,45074000,0.0,0.0
2020-06-30 00:00:00-04:00,69.18565181426072,70.52886537426323,68.69283611298857,70.23416900634766,40286000,0.0,0.0
2020-07-01 00:00:00-04:00,70.28963717589664,71.74132301052057,70.04248495319584,71.42037200927734,42182000,0.0,0.0
2020-07-02 00:00:00-04:00,71.90774911883543,73.7244614334021,71.86960651880207,72.80371856689453,57218000,0.0,0.0
2020-07-06 00:00:00-04:00,73.70613404852509,74.78833490399879,73.1528963084758,74.27571105957031,44712000,0.0,0.0
2020-07-07 00:00:00-04:00,74.10137465875029,75.34900117845778,73.78290246842123,73.7938003540039,42364000,0.0,0.0
2020-07-08 00:00:00-04:00,74.33267948704277,74.84629341453271,73.91168248222009,74.47135925292969,31766000,0.0,0.0
2020-07-09 00:00:00-04:00,74.78487612661692,75.73632515529542,74.07463920841407,75.2172622680664,41836000,0.0,0.0
2020-07-10 00:00:00-04:00,74.94930499270149,76.34056904013117,74.32871496647132,76.22516632080078,35918000,0.0,0.0
2020-07-13 00:00:00-04:00,76.76651376660473,78.07506115466981,74.61796006227452,74.89878845214844,42954000,0.0,0.0
2020-07-14 00:00:00-04:00,73.93595870830924,75.42231108902422,73.5961894957982,75.32622528076172,38108000,0.0,0.0
2020-07-15 00:00:00-04:00,75.44359385108443,76.09241855269676,74.18556831114255,75.12908935546875,31026000,0.0,0.0
2020-07-16 00:00:00-04:00,74.36733265182488,75.0810458639117,73.71206898316635,75.03201293945312,26484000,0.0,0.0
2020-07-17 00:00:00-04:00,75.13057171289171,75.45350280247234,74.19893856976338,75.12760162353516,34264000,0.0,0.0
2020-07-20 00:00:00-04:00,75.03598064140695,77.71102621712684,74.42677974635325,77.45496368408203,30166000,0.0,0.0
2020-07-21 00:00:00-04:00,78.50448425057768,78.60453017649657,76.89925273502017,77.06269836425781,27486000,0.0,0.0
2020-07-22 00:00:00-04:00,77.05229656224272,77.61048448962272,76.43417781716788,77.50498962402344,24482000,0.0,0.0
2020-07-23 00:00:00-04:00,77.55847889660915,77.7773964172392,74.71849886510961,75.1226577758789,33910000,0.0,0.0
2020-07-24 00:00:00-04:00,74.25294639640434,75.05728910230158,73.67841157363145,74.69969177246094,29902000,0.0,0.0
2020-07-27 00:00:00-04:00,74.94980528884972,76.15334911512461,74.90374244743394,75.75067901611328,27124000,0.0,0.0
2020-07-28 00:00:00-04:00,75.53126618262182,75.58128914093209,74.31880459512638,74.47383117675781,30910000,0.0,0.0
2020-07-29 00:00:00-04:00,74.54069094769629,75.9438352826019,74.44212629875796,75.45746612548828,22676000,0.0,0.0
2020-07-30 00:00:00-04:00,74.19250254822516,76.3182779617759,74.05382279794463,76.19346618652344,36042000,0.0,0.0
2020-07-31 00:00:00-04:00,74.14693333367309,74.54167557953528,72.01471909619727,73.69622039794922,91468000,0.0,0.0
2020-08-03 00:00:00-04:00,73.84728216592407,74.18060475840022,72.89236451827118,73.43916320800781,45482000,0.0,0.0
2020-08-04 00:00:00-04:00,73.63482371773829,73.95180712790146,72.51151002646647,72.97064208984375,37212000,0.0,0.0
2020-08-05 00:00:00-04:00,73.1449754464307,73.7977603028216,72.8676083882849,73.25740051269531,29134000,0.0,0.0
2020-08-06 00:00:00-04:00,73.11179419733642,74.60359539633092,72.90129570804297,74.53821563720703,33306000,0.0,0.0
2020-08-07 00:00:00-04:00,74.74079797982189,75.28808803596695,73.61302541373514,74.21232604980469,27718000,0.0,0.0
2020-08-10 00:00:00-04:00,73.83737100504653,74.64716235539323,73.17813973609532,74.13553619384766,20546000,0.0,0.0
2020-08-11 00:00:00-04:00,73.9958842029173,74.8101423015445,73.21283850008123,73.32923126220703,31098000,0.0,0.0
2020-08-12 00:00:00-04:00,73.65512007836134,74.87105051996117,73.55011645755229,74.6516342163086,22512000,0.0,0.0
2020-08-13 00:00:00-04:00,74.69967934829317,76.12412825065051,74.69967934829317,75.1176986694336,22388000,0.0,0.0
2020-08-14 00:00:00-04:00,74.96711929860786,75.27321229655033,74.24350583835907,74.52235412597656,21942000,0.0,0.0
2020-08-17 00:00:00-04:00,75.08402766795639,75.47084973901934,74.54069773760847,75.09739685058594,19990000,0.0,0.0
2020-08-18 00:00:00-04:00,75.58674777639528,77.13451982287252,75.3663489668669,77.05577087402344,28378000,0.0,0.0
2020-08-19 00:00:00-04:00,76.89281637657025,77.70360557700526,76.27420635249926,76.50253295898438,30472000,0.0,0.0
2020-08-20 00:00:00-04:00,76.27270646114124,78.26376224635354,75.99980587316979,78.06961059570312,26382000,0.0,0.0
2020-08-21 00:00:00-04:00,77.84921185373092,78.84375359225007,77.37918947978834,78.03594207763672,34838000,0.0,0.0
2020-08-24 00:00:00-04:00,78.87295386245428,79.68077276095855,78.00967062775278,78.51040649414062,25638000,0.0,0.0
2020-08-25 00:00:00-04:00,78.26028982216553,79.68572865545461,78.15033605659518,79.53565979003906,25150000,0.0,0.0
2020-08-26 00:00:00-04:00,79.55795969252074,81.86055017042472,79.29446813584885,81.43162536621094,52188000,0.0,0.0
2020-08-27 00:00:00-04:00,81.55445492871448,81.62280478029065,80.17755759803542,80.65848541259766,31350000,0.0,0.0
2020-08-28 00:00:00-04:00,80.70553028997895,81.29392541571589,80.51434873048748,81.1988296508789,22418000,0.0,0.0
2020-08-31 00:00:00-04:00,81.40389794807494,81.44996079638419,80.5004993101186,80.7085189819336,26422000,0.0,0.0
2020-09-01 00:00:00-04:00,80.83875938689788,82.17900277714993,80.7084986725955,81.97395324707031,22652000,0.0,0.0
2020-09-02 00:00:00-04:00,82.6143750926852,85.49150049150256,82.22706175704735,85.06010437011719,49522000,0.0,0.0
2020-09-03 00:00:00-04:00,84.17502000799827,84.19879584128223,79.62778986645435,80.70751953125,63726000,0.0,0.0
2020-09-04 00:00:00-04:00,79.6916755663375,80.9789260003323,76.17365356452073,78.31527709960938,55850000,0.0,0.0
2020-09-08 00:00:00-04:00,75.53126156414605,77.0443596026443,75.11026462423943,75.46192169189453,54032000,0.0,0.0
2020-09-09 00:00:00-04:00,76.71500276034612,77.20137193178421,75.53968617083565,76.63229370117188,39242000,0.0,0.0
2020-09-10 00:00:00-04:00,76.77840721698225,77.9413371691377,75.28362830526697,75.5832748413086,33024000,0.0,0.0
2020-09-11 00:00:00-04:00,75.68729115069392,76.20981535668163,73.94734751609546,75.0736312866211,30706000,0.0,0.0
2020-09-14 00:00:00-04:00,75.8606363352639,77.11619079842107,74.5461486392724,74.73039245605469,42660000,0.0,0.0
2020-09-15 00:00:00-04:00,75.67440508578143,76.81851683021489,75.38763651665754,76.0324935913086,23042000,0.0,0.0
2020-09-16 00:00:00-04:00,76.39701571634512,76.98590955392531,74.86707221677415,74.89183807373047,22128000,0.0,0.0
2020-09-17 00:00:00-04:00,73.59023272087275,74.22667831338956,72.43374183764101,73.65115356445312,40008000,0.0,0.0
2020-09-18 00:00:00-04:00,73.71357269652282,74.05532197086009,70.90628605462157,71.87060546875,63056000,0.0,0.0
2020-09-21 00:00:00-04:00,70.90629256512494,71.32431197241755,69.47293309870673,70.83299255371094,56908000,0.0,0.0
2020-09-22 00:00:00-04:00,71.83246499368731,72.50853448781227,70.8012770688142,72.30298614501953,33950000,0.0,0.0
2020-09-23 00:00:00-04:00,71.92012181710307,71.96915474098076,69.47291186340289,69.80524444580078,37726000,0.0,0.0
2020-09-24 00:00:00-04:00,69.47292020222153,71.22177395957205,69.44666551695688,70.47240447998047,34552000,0.0,0.0
2020-09-25 00:00:00-04:00,70.58087508582601,71.61552428977885,69.7205618241158,71.27477264404297,30326000,0.0,0.0
2020-09-28 00:00:00-04:00,72.90574288836345,72.95526704656368,71.63236062258702,72.24552154541016,30784000,0.0,0.0
2020-09-29 00:00:00-04:00,72.50556444051016,72.90624691880095,72.01472878247793,72.61006927490234,31816000,0.0,0.0
2020-09-30 00:00:00-04:00,72.35845086835646,73.60954622399498,72.10189711806734,72.5892562866211,40924000,0.0,0.0
2020-10-01 00:00:00-04:00,73.48376399925482,74.04888978050309,73.14399475371995,73.69376373291016,32884000,0.0,0.0
2020-10-02 00:00:00-04:00,72.29357184396041,73.25442978973021,71.68536100740494,72.0939712524414,31222000,0.0,0.0
2020-10-05 00:00:00-04:00,72.44315794345924,73.53526676360953,72.3163660947899,73.4426498413086,21602000,0.0,0.0
2020-10-06 00:00:00-04:00,73.07960341613679,73.52634875390599,71.5694752438616,71.86714172363281,26096000,0.0,0.0
2020-10-07 00:00:00-04:00,72.27772903034848,72.75617797816042,70.98601965298509,72.2693099975586,36108000,0.0,0.0
2020-10-08 00:00:00-04:00,72.58183818176148,73.70019413862819,72.58183818176148,73.47236633300781,26076000,0.0,0.0
2020-10-09 00:00:00-04:00,73.93941955614731,74.87997068233433,73.64918207332177,74.81063079833984,32966000,0.0,0.0
2020-10-12 00:00:00-04:00,76.17514472081848,78.67237799092965,75.74423987697185,77.49211120605469,55344000,0.0,0.0
2020-10-13 00:00:00-04:00,78.10726139497713,78.51092153094577,77.19692510953374,77.61494445800781,39072000,0.0,0.0
2020-10-14 00:00:00-04:00,77.98788899855778,78.44602339616488,76.56641026692593,77.43514251708984,33174000,0.0,0.0
2020-10-15 00:00:00-04:00,76.49706022466728,77.82938319540656,76.3301533156256,77.04039001464844,31210000,0.0,0.0
2020-10-16 00:00:00-04:00,77.35541241809985,78.14192694066163,77.14888159901895,77.64614868164062,34194000,0.0,0.0
2020-10-19 00:00:00-04:00,78.05376915654217,78.45000028741373,75.42825518046858,75.77643585205078,29734000,0.0,0.0
2020-10-20 00:00:00-04:00,75.43765140927295,77.9502410883178,75.30838073196634,76.82296752929688,41670000,0.0,0.0
2020-10-21 00:00:00-04:00,77.75263238474066,79.99579072282901,77.61841153833419,78.5520248413086,60322000,0.0,0.0
2020-10-22 00:00:00-04:00,78.50298340637796,79.91058659318215,78.13052815542754,79.57577514648438,30512000,0.0,0.0
2020-10-23 00:00:00-04:00,79.99133758225913,80.93584883968592,79.83581218825395,80.87938690185547,30548000,0.0,0.0
2020-10-26 00:00:00-04:00,79.98885284156889,80.71097762065797,77.65010749864534,78.46782684326172,35826000,0.0,0.0
2020-10-27 00:00:00-04:00,78.69763681929496,79.34497273080397,78.1062640439102,79.19044494628906,25902000,0.0,0.0
2020-10-28 00:00:00-04:00,76.76997998371426,76.95818389528775,74.7130532352557,74.82795715332031,45174000,0.0,0.0
2020-10-29 00:00:00-04:00,75.136034380202,78.68823166957667,75.11275733977158,77.1102523803711,55406000,0.0,0.0
2020-10-30 00:00:00-04:00,82.58612891076312,83.27358743993122,79.32367098650236,80.04381561279297,99878000,0.0,0.0
2020-11-02 00:00:00-05:00,80.41183612953665,82.1304828078754,79.95121524040219,80.45046997070312,44228000,0.0,0.0
2020-11-03 00:00:00-05:00,80.76942769311421,82.16811321292346,79.84571468441665,81.50740051269531,31432000,0.0,0.0
2020-11-04 00:00:00-05:00,84.47514867258275,87.66727660674924,84.34736681948627,86.46967315673828,71342000,0.0,0.0
2020-11-05 00:00:00-05:00,87.68808667270783,88.74651929237847,86.23095164260569,87.2943344116211,39758000,0.0,0.0
2020-11-06 00:00:00-05:00,86.74159460999942,87.59150879312968,86.0155021766149,87.15714263916016,28622000,0.0,0.0
2020-11-09 00:00:00-05:00,88.95256106744117,89.98820035330125,87.0491719162003,87.2408447265625,53440000,0.0,0.0
2020-11-10 00:00:00-05:00,85.67326433218005,87.13980845567484,84.9971948371196,86.0670166015625,43022000,0.0,0.0
2020-11-11 00:00:00-05:00,86.59597572878391,87.31414035453767,86.331494168355,86.53803253173828,31838000,0.0,0.0
2020-11-12 00:00:00-05:00,86.27899669762176,87.41716831631348,86.0793960905829,86.31961059570312,26474000,0.0,0.0
2020-11-13 00:00:00-05:00,86.57616912622984,88.0189373763228,85.98083620776305,87.7777328491211,29744000,0.0,0.0
2020-11-16 00:00:00-05:00,87.37555656318342,88.8713253340202,87.23637802204422,87.86539459228516,25468000,0.0,0.0
2020-11-17 00:00:00-05:00,87.55980685012722,88.0194376680563,87.14525640032842,87.25273132324219,21314000,0.0,0.0
2020-11-18 00:00:00-05:00,87.00407857774407,87.41813769991526,86.10909176523035,86.21161651611328,20108000,0.0,0.0
2020-11-19 00:00:00-05:00,85.84463006966791,87.34336905613068,85.68564336156041,87.09968566894531,20106000,0.0,0.0
2020-11-20 00:00:00-05:00,87.26957210044257,87.58457543362366,85.93229864739699,86.00064849853516,27694000,0.0,0.0
2020-11-23 00:00:00-05:00,86.19083352627514,86.47661206181675,84.70299250728546,85.56379699707031,22530000,0.0,0.0
2020-11-24 00:00:00-05:00,85.56082603907734,87.49145221377151,85.22551578530343,87.3636703491211,27984000,0.0,0.0
2020-11-25 00:00:00-05:00,87.55733233080412,87.6846154040814,86.59399550711878,87.37506103515625,19600000,0.0,0.0
2020-11-27 00:00:00-05:00,87.39537563730384,89.00357723053922,87.39537563730384,88.50878143310547,14790000,0.0,0.0
2020-11-30 00:00:00-05:00,87.94564290023665,88.17792961578647,86.56824676445946,86.89315795898438,32418000,0.0,0.0
2020-12-01 00:00:00-05:00,87.50035819774706,90.22740631592387,87.32056578299533,88.92182922363281,37350000,0.0,0.0
2020-12-02 00:00:00-05:00,88.92185299674881,90.77323924250796,88.41715688663899,90.38839721679688,29424000,0.0,0.0
2020-12-03 00:00:00-05:00,90.16897819276261,91.32249899387762,89.99364466340876,90.23336791992188,24728000,0.0,0.0
2020-12-04 00:00:00-05:00,90.15314239898743,90.61276570513371,89.82476230336675,90.32847595214844,20544000,0.0,0.0
2020-12-07 00:00:00-05:00,89.92184014027518,90.60236862355471,89.30224006807208,89.99514770507812,22288000,0.0,0.0
2020-12-08 00:00:00-05:00,89.57364334514529,89.9426297266843,88.71976907569164,89.71281433105469,19936000,0.0,0.0
2020-12-09 00:00:00-05:00,89.66475906128031,90.55677580693795,87.26955228310533,88.0550765991211,31728000,0.0,0.0
2020-12-10 00:00:00-05:00,87.29927799311818,87.91293775862344,85.85947993026394,87.54940032958984,28688000,0.0,0.0
2020-12-11 00:00:00-05:00,87.17050373177476,88.02784683803104,86.81092643169835,87.90352630615234,18628000,0.0,0.0
2020-12-14 00:00:00-05:00,87.70146673560802,88.64646917503514,86.63213618937668,86.78716278076172,33050000,0.0,0.0
2020-12-15 00:00:00-05:00,87.16356179371958,87.36861130797348,86.26264230585679,87.22399139404297,21352000,0.0,0.0
2020-12-16 00:00:00-05:00,87.62171669560271,87.62171669560271,86.62867139429869,87.03133392333984,24676000,0.0,0.0
2020-12-17 00:00:00-05:00,87.36515988539692,87.50284960689325,85.74160920753897,86.20519256591797,34880000,0.0,0.0
2020-12-18 00:00:00-05:00,86.48553159053134,86.59399654062504,84.94171984684814,85.49742889404297,85256000,0.0,0.0
2020-12-21 00:00:00-05:00,84.65097756458779,86.03134359423083,83.90160815092943,85.91049194335938,33974000,0.0,0.0
2020-12-22 00:00:00-05:00,85.65146053831243,85.81391611478843,84.4850618452266,85.20025634765625,20370000,0.0,0.0
2020-12-23 00:00:00-05:00,85.38401507930502,86.38349935541012,85.2487966486839,85.59698486328125,22974000,0.0,0.0
2020-12-24 00:00:00-05:00,85.63511475228846,86.29929627707045,85.40480812325238,85.89068603515625,9312000,0.0,0.0
2020-12-28 00:00:00-05:00,86.42311521018222,88.50777783386496,86.27007625611239,87.86192321777344,27650000,0.0,0.0
2020-12-29 00:00:00-05:00,88.51918422044176,88.58059630326431,86.92831955660789,87.0595703125,19726000,0.0,0.0
2020-12-30 00:00:00-05:00,87.41815172364336,87.55485141341681,85.58559141430368,85.99420166015625,21026000,0.0,0.0
2020-12-31 00:00:00-05:00,86.04472710858418,87.0466902305064,85.98627755937241,86.80598449707031,21070000,0.0,0.0
2021-01-04 00:00:00-05:00,87.17052259447759,87.29384556579528,84.55243743129638,85.49298858642578,37324000,0.0,0.0
2021-01-05 00:00:00-05:00,85.44146080222832,86.518212674344,85.03582065494678,86.18241119384766,20360000,0.0,0.0
2021-01-06 00:00:00-05:00,84.21167237373766,86.3765730528506,84.00563278952406,85.3320083618164,46588000,0.0,0.0
2021-01-07 00:00:00-05:00,85.52418658903392,88.0531237303189,85.52418658903392,87.88076782226562,41936000,0.0,0.0
2021-01-08 00:00:00-05:00,88.02044559213151,89.11998357916238,87.2309532846521,89.04420471191406,35484000,0.0,0.0
2021-01-11 00:00:00-05:00,88.01348430677218,88.3780193307126,86.78121460098683,86.98675537109375,34796000,0.0,0.0
2021-01-12 00:00:00-05:00,86.44541269398131,87.56178854372536,85.01007339537901,86.05265045166016,29528000,0.0,0.0
2021-01-13 00:00:00-05:00,85.55191167589342,86.99171739787953,85.55191167589342,86.53902435302734,23432000,0.0,0.0
2021-01-14 00:00:00-05:00,86.61926396665082,87.54446586908304,85.4900100852796,85.730224609375,29212000,0.0,0.0
2021-01-15 00:00:00-05:00,85.63611997667222,86.55735421375228,84.77878423975633,85.56678009033203,31444000,0.0,0.0
2021-01-19 00:00:00-05:00,86.32852762712288,89.3418536240995,85.82482158279993,88.38248443603516,41660000,0.0,0.0
2021-01-20 00:00:00-05:00,90.45772770705165,94.09066114332114,90.11796608823943,93.11742401123047,64152000,0.0,0.0
2021-01-21 00:00:00-05:00,93.790032515481,95.69341419060405,93.08473821223713,93.31950378417969,58634000,0.0,0.0
2021-01-22 00:00:00-05:00,93.68156395871092,94.32196976208911,92.94061343149993,93.73604583740234,32744000,0.0,0.0
2021-01-25 00:00:00-05:00,94.7355242882723,95.18524723091947,92.08177576243477,93.82122039794922,50586000,0.0,0.0
2021-01-26 00:00:00-05:00,93.41062600288265,94.8845989856594,92.92227680298997,94.49827575683594,31462000,0.0,0.0
2021-01-27 00:00:00-05:00,92.86185848412948,93.13723794973245,89.01694505852133,90.08973693847656,82512000,0.0,0.0
2021-01-28 00:00:00-05:00,90.68705283027275,93.50968842844524,90.68705283027275,91.78659057617188,55278000,0.0,0.0
2021-01-29 00:00:00-05:00,90.83662096022837,91.50625144946868,89.22892586011437,90.50675964355469,44530000,0.0,0.0
2021-02-01 00:00:00-05:00,91.36014419942674,94.87420605547841,91.36014419942674,93.76129913330078,40252000,0.0,0.0
2021-02-02 00:00:00-05:00,94.75484486792932,96.54976147357345,94.42002583322707,95.05152130126953,66332000,0.0,0.0
2021-02-03 00:00:00-05:00,102.30698592563262,104.3381569964161,99.7285172483929,101.9736557006836,97882000,0.0,0.0
2021-02-04 00:00:00-05:00,102.05982362673574,102.48973084988792,100.7958502900432,101.713623046875,48596000,0.0,0.0
2021-02-05 00:00:00-05:00,102.00732524757738,103.80917957809702,101.53383402404027,103.45703125,29866000,0.0,0.0
2021-02-08 00:00:00-05:00,104.01027478733427,104.7532053215295,102.19505117407518,103.24356842041016,28828000,0.0,0.0
2021-02-09 00:00:00-05:00,102.76214943056925,103.93647605054652,102.52441377558988,102.79137420654297,21892000,0.0,0.0
2021-02-10 00:00:00-05:00,103.17521915125829,103.95480346885013,101.64478405598078,103.34064483642578,25102000,0.0,0.0
2021-02-11 00:00:00-05:00,103.5645218292716,103.71310189348283,102.46795409901445,103.45307922363281,20480000,0.0,0.0
2021-02-12 00:00:00-05:00,103.00832108872298,103.98551848418626,102.70123796727195,103.76412963867188,18990000,0.0,0.0
2021-02-16 00:00:00-05:00,103.60165126363361,106.24599057738543,103.60165126363361,104.54022216796875,31004000,0.0,0.0
2021-02-17 00:00:00-05:00,103.71211324161287,105.12170427033345,103.43327244191914,104.93250274658203,20294000,0.0,0.0
2021-02-18 00:00:00-05:00,104.25790430962748,105.0993993877626,103.67990074352853,104.29801940917969,22546000,0.0,0.0
2021-02-19 00:00:00-05:00,104.39609150930389,104.93050352872974,103.18957020129459,103.4560317993164,37938000,0.0,0.0
2021-02-22 00:00:00-05:00,101.71215642318882,103.03606086152305,101.43479686384424,101.74484252929688,29466000,0.0,0.0
2021-02-23 00:00:00-05:00,99.7503100025293,102.64823328322915,98.57350455481658,102.03506469726562,34658000,0.0,0.0
2021-02-24 00:00:00-05:00,100.54524673581074,103.43178098580059,100.42093374260209,103.20840454101562,22608000,0.0,0.0
2021-02-25 00:00:00-05:00,101.82753952667834,103.1682817745652,99.37884052135821,99.84738159179688,41548000,0.0,0.0
2021-02-26 00:00:00-05:00,100.54078932464888,101.85676582886522,99.10743003489145,100.142578125,40042000,0.0,0.0
2021-03-01 00:00:00-05:00,101.43478411249855,102.83297841507579,100.76218348689981,102.50757598876953,26060000,0.0,0.0
2021-03-02 00:00:00-05:00,102.26883517462322,103.74974598869453,101.86419259805125,102.25100708007812,25564000,0.0,0.0
2021-03-03 00:00:00-05:00,101.63042204585955,102.82108791133213,98.76022716099328,99.62252807617188,33892000,0.0,0.0
2021-03-04 00:00:00-05:00,99.79388752346941,102.75174142926133,99.32633649330769,100.73790740966797,49216000,0.0,0.0
2021-03-05 00:00:00-05:00,102.08606692221426,104.31732937271639,100.43329167792027,103.8651351928711,53100000,0.0,0.0
2021-03-08 00:00:00-05:00,103.2207915540483,104.69079704860464,99.31445846041423,99.42887115478516,36868000,0.0,0.0
2021-03-09 00:00:00-05:00,101.5214533376975,102.22327112991414,100.82061801783814,101.0563735961914,33920000,0.0,0.0
2021-03-10 00:00:00-05:00,102.09846248595427,102.09846248595427,100.01478970178172,100.84984588623047,27100000,0.0,0.0
2021-03-11 00:00:00-05:00,101.94096586019782,104.56845981561914,101.85329909223847,104.03701782226562,27702000,0.0,0.0
2021-03-12 00:00:00-05:00,102.84189255369952,102.90132457610481,100.66312398359679,101.5338363647461,33818000,0.0,0.0
2021-03-15 00:00:00-04:00,101.28519734362825,101.7809755596203,100.43380192738763,101.75373840332031,26168000,0.0,0.0
2021-03-16 00:00:00-04:00,102.3258038173008,104.68782625409712,101.99396241672522,103.21237182617188,31900000,0.0,0.0
2021-03-17 00:00:00-04:00,102.44862669920484,103.96073477582843,101.24260410401793,103.12964630126953,26382000,0.0,0.0
2021-03-18 00:00:00-04:00,101.44368730072172,102.46249602458781,100.00735805315745,100.11434173583984,31700000,0.0,0.0
2021-03-19 00:00:00-04:00,100.52988341440378,100.89193201423502,99.20251043547509,100.39268493652344,46072000,0.0,0.0
2021-03-22 00:00:00-04:00,100.42586541395333,101.4516042369059,99.75078605422549,100.57742309570312,33536000,0.0,0.0
2021-03-23 00:00:00-04:00,101.03605842357481,102.23267186995687,100.44419445127932,101.10440826416016,28510000,0.0,0.0
2021-03-24 00:00:00-04:00,101.6210105719403,102.40554505722855,100.49373679196368,100.6685791015625,25218000,0.0,0.0
2021-03-25 00:00:00-04:00,100.49621315872466,101.31789263996187,98.8637445252711,100.66510772705078,35616000,0.0,0.0
2021-03-26 00:00:00-04:00,100.63191893272102,101.00833433627938,99.24808389518084,100.2822494506836,27978000,0.0,0.0
2021-03-29 00:00:00-04:00,100.15496602638108,101.49471837986127,99.32733878067825,101.32532501220703,26492000,0.0,0.0
2021-03-30 00:00:00-04:00,101.68142582954123,102.16135599859949,100.84785852895199,101.35899353027344,27312000,0.0,0.0
2021-03-31 00:00:00-04:00,101.75174418694795,103.32973058258688,101.38522915218084,102.15391540527344,42570000,0.0,0.0
2021-04-01 00:00:00-04:00,103.62642953491097,105.78092353227542,103.58581563660896,105.48523712158203,39880000,0.0,0.0
2021-04-05 00:00:00-04:00,106.34555045878076,110.39898226343156,106.24946465618592,109.90220642089844,48510000,0.0,0.0
2021-04-06 00:00:00-04:00,109.50398600807345,110.349940034583,109.05179177903032,109.42176818847656,35240000,0.0,0.0
2021-04-07 00:00:00-04:00,109.61195995099271,111.16716076045078,109.61195995099271,110.896240234375,24134000,0.0,0.0
2021-04-08 00:00:00-04:00,112.13297829066477,112.51881032540636,111.09337131949647,111.46087646484375,28664000,0.0,0.0
2021-04-09 00:00:00-04:00,111.21372651622714,112.6267787456698,110.8085775812512,112.46333312988281,26146000,0.0,0.0
2021-04-12 00:00:00-04:00,111.64364741357375,111.78083836129504,110.34104003466982,111.17312622070312,25024000,0.0,0.0
2021-04-13 00:00:00-04:00,111.4886131187785,112.10673186768861,111.09535207856177,111.65898895263672,25682000,0.0,0.0
2021-04-14 00:00:00-04:00,112.30286043860204,112.30286043860204,110.74716829600973,111.03888702392578,21002000,0.0,0.0
2021-04-15 00:00:00-04:00,112.03143574519012,113.71788721230173,111.49751495985066,113.1854476928711,29174000,0.0,0.0
2021-04-16 00:00:00-04:00,113.38307252092578,113.63071600635348,112.47570642755969,113.06163024902344,26282000,0.0,0.0
2021-04-19 00:00:00-04:00,112.43907566000101,114.11858965584351,112.43907566000101,113.40884399414062,30290000,0.0,0.0
2021-04-20 00:00:00-04:00,113.79169020022796,113.86647902139559,111.79222285597993,112.87640380859375,22288000,0.0,0.0
2021-04-21 00:00:00-04:00,112.53167863878394,112.92543087903039,111.18300863181327,112.84371185302734,23204000,0.0,0.0
2021-04-22 00:00:00-04:00,112.69761372551726,113.36526424608267,110.96014890455814,111.56439971923828,24146000,0.0,0.0
2021-04-23 00:00:00-04:00,112.28156447737894,114.21912854433809,111.99677595604035,113.91254425048828,29066000,0.0,0.0
2021-04-26 00:00:00-04:00,114.1398864450791,115.13095931495766,113.78327917305963,114.4078369140625,32038000,0.0,0.0
2021-04-27 00:00:00-04:00,114.78919765815289,114.82981155365069,113.23052794560031,113.4692611694336,44386000,0.0,0.0
2021-04-28 00:00:00-04:00,118.49740617928417,120.42308213784266,116.55192206744951,116.84017944335938,81106000,0.0,0.0
2021-04-29 00:00:00-04:00,118.33546493326537,119.07492659360635,117.57370870602772,118.51029968261719,41234000,0.0,0.0
2021-04-30 00:00:00-04:00,117.28495822738344,117.96993800153318,116.22207421400664,116.56580352783203,44856000,0.0,0.0
2021-05-03 00:00:00-04:00,117.13091635921127,117.95507465112739,115.67428013665503,116.0497055053711,28242000,0.0,0.0
2021-05-04 00:00:00-04:00,114.58711912501094,115.1537260493612,111.77042377433652,114.25428771972656,44818000,0.0,0.0
2021-05-05 00:00:00-04:00,115.3340133897962,115.64950792603096,114.32610258829462,114.64754486083984,26636000,0.0,0.0
2021-05-06 00:00:00-04:00,114.22951700606814,115.76589965820312,113.57128322599208,115.76589965820312,25190000,0.0,0.0
2021-05-07 00:00:00-04:00,117.08039985339984,117.44492732898748,116.2022509428102,116.48802947998047,28898000,0.0,0.0
2021-05-10 00:00:00-04:00,115.30975385958958,115.45141127254558,113.15030207737593,113.50740814208984,30914000,0.0,0.0
2021-05-11 00:00:00-04:00,111.09633857454644,112.9392979571263,110.64314676150782,112.43311309814453,34186000,0.0,0.0
2021-05-12 00:00:00-04:00,110.26030410354558,111.33953495671246,108.64715238516904,108.97552490234375,46376000,0.0,0.0
2021-05-13 00:00:00-04:00,110.2568388651658,110.91656156854681,109.29598079350154,110.4014663696289,33204000,0.0,0.0
2021-05-14 00:00:00-04:00,111.86255336958875,113.15921287683017,111.43957633181888,112.84519958496094,31996000,0.0,0.0
2021-05-17 00:00:00-04:00,112.11168643900419,113.40983486590622,111.71248520359744,113.36724090576172,21598000,0.0,0.0
2021-05-18 00:00:00-04:00,114.03239767436695,114.2963879915566,112.04332196648303,112.05718994140625,22204000,0.0,0.0
2021-05-19 00:00:00-04:00,110.37124334606443,112.67729498890604,110.22315452655346,112.50444030761719,23684000,0.0,0.0
2021-05-20 00:00:00-04:00,113.47026285067193,114.51036109068447,113.09978760399687,114.26024627685547,32352000,0.0,0.0
2021-05-21 00:00:00-04:00,114.7783119612719,114.85161952140666,113.38605780218471,113.62528228759766,40632000,0.0,0.0
2021-05-24 00:00:00-04:00,114.65349484020088,117.1626160124388,114.50837610780434,116.93924713134766,31832000,0.0,0.0
2021-05-25 00:00:00-04:00,117.48207094364784,118.0764138121948,116.64008458341634,117.02987670898438,22440000,0.0,0.0
2021-05-26 00:00:00-04:00,117.2106542643524,118.32356873602771,117.2076841748008,117.89366149902344,21572000,0.0,0.0
2021-05-27 00:00:00-04:00,118.32654591291701,118.32654591291701,116.70250387182054,117.02047729492188,35224000,0.0,0.0
2021-05-28 00:00:00-04:00,117.60194113813802,117.68366017105659,116.53360818591379,116.73171997070312,21482000,0.0,0.0
2021-06-01 00:00:00-04:00,117.60292325646189,118.16111114569608,116.60442148804488,117.9367446899414,23354000,0.0,0.0
2021-06-02 00:00:00-04:00,118.33148554300686,118.55387193641818,116.50932431972745,117.41223907470703,21158000,0.0,0.0
2021-06-03 00:00:00-04:00,116.18097136905885,116.74014937542513,115.37810995091701,116.27259826660156,18696000,0.0,0.0
2021-06-04 00:00:00-04:00,117.34684852732924,118.82082141695706,117.0070793927027,118.5503921508789,24458000,0.0,0.0
2021-06-07 00:00:00-04:00,118.34586644914862,119.09226589169023,117.92784709001755,118.98280334472656,24120000,0.0,0.0
2021-06-08 00:00:00-04:00,119.4637277374824,119.83568424252671,118.61034462609612,118.79161834716797,24240000,0.0,0.0
2021-06-09 00:00:00-04:00,119.43500068262446,119.50681185923406,118.71534719057304,119.26214599609375,17942000,0.0,0.0
2021-06-10 00:00:00-04:00,119.21162145420193,120.65191843453623,119.05610363082518,120.60882568359375,25904000,0.0,0.0
2021-06-11 00:00:00-04:00,120.85001838752488,120.93520629371287,119.8079326876981,120.36463928222656,21958000,0.0,0.0
2021-06-14 00:00:00-04:00,120.46667894424607,121.29182729577786,119.76040219746265,121.29133605957031,22098000,0.0,0.0
2021-06-15 00:00:00-04:00,121.2957827685943,121.61821508792153,119.91492539953478,120.2750015258789,21562000,0.0,0.0
2021-06-16 00:00:00-04:00,120.4260576459567,120.73710083598742,118.34387375463972,119.63409423828125,26472000,0.0,0.0
2021-06-17 00:00:00-04:00,119.55980164077796,121.36759607947798,119.36416116924035,120.59593963623047,25842000,0.0,0.0
2021-06-18 00:00:00-04:00,120.22298605345948,120.45676156741861,118.88373266538906,118.97882843017578,46116000,0.0,0.0
2021-06-21 00:00:00-04:00,119.36466939073665,120.85003164182754,118.76833886705938,120.66429901123047,27414000,0.0,0.0
2021-06-22 00:00:00-04:00,120.60238036078476,121.2462549501822,119.92284958263916,121.17740631103516,22390000,0.0,0.0
2021-06-23 00:00:00-04:00,120.94266043859656,121.93521462571331,120.68610663691496,120.97584533691406,19148000,0.0,0.0
2021-06-24 00:00:00-04:00,121.54343344314708,121.89558179394285,121.1472098673998,121.34532165527344,21362000,0.0,0.0
2021-06-25 00:00:00-04:00,120.8500080398898,121.47704448269721,120.4191108394522,121.35371398925781,34594000,0.0,0.0
2021-06-28 00:00:00-04:00,121.52213249976508,121.62763492093326,120.2611367274445,121.3809814453125,28526000,0.0,0.0
2021-06-29 00:00:00-04:00,121.51420801698202,121.86140619474826,120.54394097768125,121.11995697021484,23108000,0.0,0.0
2021-06-30 00:00:00-04:00,120.8445844421565,121.10461466323201,120.21061765850376,120.93869018554688,24474000,0.0,0.0
2021-07-01 00:00:00-04:00,120.57761338692235,121.4314876540544,120.38594059110169,121.29033660888672,18110000,0.0,0.0
2021-07-02 00:00:00-04:00,121.98918751815422,124.22193909928588,121.89954069361225,124.07682037353516,25982000,0.0,0.0
2021-07-06 00:00:00-04:00,124.46412677662887,125.23628199533644,123.40817309482604,125.00052642822266,26404000,0.0,0.0
2021-07-07 00:00:00-04:00,125.96337879875401,126.084222906747,124.96388693069338,125.2818603515625,24060000,0.0,0.0
2021-07-08 00:00:00-04:00,122.85693903291997,124.41164120732356,122.85297891324397,123.86534118652344,23790000,0.0,0.0
2021-07-09 00:00:00-04:00,123.84651726271859,124.54932511010205,123.37747738496,124.33536529541016,18632000,0.0,0.0
2021-07-12 00:00:00-04:00,124.98865731582708,125.87175646367176,124.42700048388281,125.77864074707031,17668000,0.0,0.0
2021-07-13 00:00:00-04:00,125.84103662468263,126.85042877825639,125.48046925037704,126.14118194580078,19240000,0.0,0.0
2021-07-14 00:00:00-04:00,126.75187452354898,128.10748242717386,126.70878177120348,127.02824401855469,23742000,0.0,0.0
2021-07-15 00:00:00-04:00,127.43636220289176,127.48687640049349,125.3373325394716,125.80785369873047,24218000,0.0,0.0
2021-07-16 00:00:00-04:00,126.45965431837553,126.60675311071445,124.96438421147906,125.77318572998047,20424000,0.0,0.0
2021-07-19 00:00:00-04:00,124.9009824416762,125.01539513075979,122.34084076103703,123.40373229980469,27968000,0.0,0.0
2021-07-20 00:00:00-04:00,124.34427344891768,125.84549123943627,123.17837348032579,125.01985168457031,26312000,0.0,0.0
2021-07-21 00:00:00-04:00,124.94457111166655,126.39328717154766,124.83560736154857,126.34673309326172,20746000,0.0,0.0
2021-07-22 00:00:00-04:00,126.63895778032669,127.27193457369845,126.29720850450708,127.21100616455078,14302000,0.0,0.0
2021-07-23 00:00:00-04:00,129.20107326762223,132.14159833008807,128.57702185378255,131.76121520996094,41506000,0.0,0.0
2021-07-26 00:00:00-04:00,132.07175342893328,132.97168302546814,131.05442593897925,132.77159118652344,30572000,0.0,0.0
2021-07-27 00:00:00-04:00,132.98504602981706,133.13214480421553,128.87763168036102,130.6566925048828,54710000,0.0,0.0
2021-07-28 00:00:00-04:00,135.02711991535966,136.99340991482225,134.00237098890494,134.81117248535156,95130000,0.0,0.0
2021-07-29 00:00:00-04:00,134.86663652248504,135.37282138017332,134.26536345852853,134.49765014648438,31716000,0.0,0.0
2021-07-30 00:00:00-04:00,133.7621677510973,134.0291281776654,132.98952121699546,133.45657348632812,25576000,0.0,0.0
2021-08-02 00:00:00-04:00,133.84338139700745,134.0608100761032,132.5328540287545,133.58335876464844,21634000,0.0,0.0
2021-08-03 00:00:00-04:00,133.86120286667253,134.45257562502817,132.06282508292418,134.35154724121094,20762000,0.0,0.0
2021-08-04 00:00:00-04:00,134.07370952688117,134.37088477508493,133.2193363564058,133.85182189941406,19676000,0.0,0.0
2021-08-05 00:00:00-04:00,134.40157667568067,135.06477578694478,133.5749394991409,134.96719360351562,17870000,0.0,0.0
2021-08-06 00:00:00-04:00,134.759697122158,135.18613554912025,133.9355386963067,134.45904541015625,20488000,0.0,0.0
2021-08-09 00:00:00-04:00,134.66109496877536,135.89089329134345,134.06376694609222,135.6224365234375,17760000,0.0,0.0
2021-08-10 00:00:00-04:00,136.04740162628875,136.47385507476878,135.0791222485657,135.5174560546875,19414000,0.0,0.0
2021-08-11 00:00:00-04:00,135.88843523972923,136.38470472961833,134.98700924033824,134.99444580078125,15352000,0.0,0.0
2021-08-12 00:00:00-04:00,134.69379757446927,136.00582150263867,134.14899393327093,135.90081787109375,16506000,0.0,0.0
2021-08-13 00:00:00-04:00,135.9562830728058,136.55707249857926,135.7413332281866,136.4292755126953,15948000,0.0,0.0
2021-08-16 00:00:00-04:00,136.22867768916447,137.0582924489466,134.02366211168172,137.0057830810547,22384000,0.0,0.0
2021-08-17 00:00:00-04:00,136.45157763049883,136.96222146374024,134.7993008134567,135.3733367919922,21716000,0.0,0.0
2021-08-18 00:00:00-04:00,135.21335999313266,135.8121693920602,134.04597111672172,134.17227172851562,19258000,0.0,0.0
2021-08-19 00:00:00-04:00,133.16830111355839,135.06722357653223,132.98454856339302,134.40106201171875,21782000,0.0,0.0
2021-08-20 00:00:00-04:00,134.71806434850964,136.25741719492962,133.9751338465877,136.13409423828125,31194000,0.0,0.0
2021-08-23 00:00:00-04:00,136.66900570061048,139.5466221404914,136.31041837397385,138.7214813232422,28454000,0.0,0.0
2021-08-24 00:00:00-04:00,139.28609523311977,140.74075898991882,139.01567348257018,139.9299774169922,19268000,0.0,0.0
2021-08-25 00:00:00-04:00,140.29004594584057,140.84922389330168,140.04340002756325,140.73976135253906,15848000,0.0,0.0
2021-08-26 00:00:00-04:00,140.41389185113024,141.07509589273704,140.02459087283276,140.10731506347656,20610000,0.0,0.0
2021-08-27 00:00:00-04:00,140.31728540087127,143.15032775638406,140.1632488403668,142.64662170410156,28780000,0.0,0.0
2021-08-30 00:00:00-04:00,143.03885933468914,144.59456634363275,142.80409381355324,143.22756958007812,24434000,0.0,0.0
2021-08-31 00:00:00-04:00,143.77884397500796,143.80310348475496,142.92100957240294,143.3335723876953,22448000,0.0,0.0
2021-09-01 00:00:00-04:00,143.63322637559537,144.87540396369636,143.51782366106966,143.84669494628906,21936000,0.0,0.0
2021-09-02 00:00:00-04:00,143.84718882858917,144.14782535950548,141.8353273499022,141.93637084960938,32342000,0.0,0.0
2021-09-03 00:00:00-04:00,141.73184334739216,142.79620869202296,141.05824509717957,142.38462829589844,19850000,0.0,0.0
2021-09-07 00:00:00-04:00,142.47870659035723,143.20232010806757,142.26523803308976,142.92050170898438,20124000,0.0,0.0
2021-09-08 00:00:00-04:00,142.74171960601453,143.03887971437993,141.65208215880904,142.33656311035156,18344000,0.0,0.0
2021-09-09 00:00:00-04:00,142.48464943117943,142.95022038804444,141.8279044770925,142.18797302246094,15314000,0.0,0.0
2021-09-10 00:00:00-04:00,142.85316370039908,143.35440605337484,139.41142650897547,139.54812622070312,36840000,0.0,0.0
2021-09-13 00:00:00-04:00,140.61145943021154,141.60253209663824,139.91855953583567,140.99085998535156,22094000,0.0,0.0
2021-09-14 00:00:00-04:00,141.6476195524205,142.01166334811575,140.4138609963223,141.20086669921875,19674000,0.0,0.0
2021-09-15 00:00:00-04:00,141.4257237044475,143.0888981584248,140.0151504362281,143.06809997558594,27408000,0.0,0.0
2021-09-16 00:00:00-04:00,142.5936227227182,142.9398308741866,141.05922759081184,142.25633239746094,26190000,0.0,0.0
2021-09-17 00:00:00-04:00,141.68229870784387,142.09783918596045,139.14593285849304,139.4728240966797,53384000,0.0,0.0
2021-09-20 00:00:00-04:00,136.8592025107944,137.68979986076525,135.03704858862534,137.4119415283203,46518000,0.0,0.0
2021-09-21 00:00:00-04:00,138.43222649685097,138.69176548662895,136.9746001490419,137.7224884033203,25332000,0.0,0.0
2021-09-22 00:00:00-04:00,137.99092214087034,139.55899341584305,137.24551278316375,138.961181640625,25056000,0.0,0.0
2021-09-23 00:00:00-04:00,139.65854119567996,140.36085773026602,139.07806633946038,139.8848876953125,20952000,0.0,0.0
2021-09-24 00:00:00-04:00,139.21380050073685,140.98891672018726,138.91910409206673,140.87449645996094,22984000,0.0,0.0
2021-09-27 00:00:00-04:00,139.47726820093547,140.60058167299186,138.7472157143195,139.74224853515625,21882000,0.0,0.0
2021-09-28 00:00:00-04:00,137.34803586719997,137.7853721088004,134.08409637223073,134.54966735839844,45772000,0.0,0.0
2021-09-29 00:00:00-04:00,135.6888354361308,135.85822880609126,132.60320680070598,133.08709716796875,30848000,0.0,0.0
2021-09-30 00:00:00-04:00,132.99594577873873,134.26486166268856,132.29709055592656,132.41595458984375,37996000,0.0,0.0
2021-10-01 00:00:00-04:00,133.18016825399758,135.61996414886843,132.80920186499142,135.25592041015625,35360000,0.0,0.0
2021-10-04 00:00:00-04:00,134.67893341555128,134.67893341555128,129.8147276953452,132.39962768554688,51202000,0.0,0.0
2021-10-05 00:00:00-04:00,132.77751730640625,135.93101151293692,132.77751730640625,134.74082946777344,32404000,0.0,0.0
2021-10-06 00:00:00-04:00,133.47985735059552,136.45157959216723,133.28174555748294,136.26832580566406,24364000,0.0,0.0
2021-10-07 00:00:00-04:00,137.58280506274824,138.72197425447405,137.34407938421361,137.9126739501953,25110000,0.0,0.0
2021-10-08 00:00:00-04:00,138.26134957359187,139.00824022807984,137.90524110595646,138.4678955078125,26526000,0.0,0.0
2021-10-11 00:00:00-04:00,137.97905719887984,139.3856706303846,137.55012482163005,137.6046142578125,17954000,0.0,0.0
2021-10-12 00:00:00-04:00,138.1652155977404,138.19196906836652,134.48028022043866,135.1627960205078,36332000,0.0,0.0
2021-10-13 00:00:00-04:00,136.1073590982627,136.69923077213141,135.2321876955181,136.28517150878906,19654000,0.0,0.0
2021-10-14 00:00:00-04:00,138.1593012632748,140.00523062194034,137.51641675537215,139.82049560546875,31894000,0.0,0.0
2021-10-15 00:00:00-04:00,140.27965888530153,140.3821836681898,139.42826334195342,140.0354766845703,30274000,0.0,0.0
2021-10-18 00:00:00-04:00,139.74673571374697,141.4500255958255,139.73979794647713,141.43218994140625,20396000,0.0,0.0
2021-10-19 00:00:00-04:00,142.03593493574522,142.30835187108826,141.25586693285337,141.88685607910156,20164000,0.0,0.0
2021-10-20 00:00:00-04:00,141.98688902177523,142.19293614617558,140.04387612604899,140.43267822265625,23288000,0.0,0.0
2021-10-21 00:00:00-04:00,140.4326824733916,140.81604319627527,139.1756468498999,140.548583984375,26292000,0.0,0.0
2021-10-22 00:00:00-04:00,137.83839151631784,139.25788299041804,134.7735607983092,136.2698211669922,50588000,0.0,0.0
2021-10-25 00:00:00-04:00,136.25345419885457,136.69920946760487,134.14748690052696,136.15142822265625,34412000,0.0,0.0
2021-10-26 00:00:00-04:00,137.95081782575454,138.76258192048442,137.000857642727,137.99539184570312,49236000,0.0,0.0
2021-10-27 00:00:00-04:00,138.0909489197362,147.24879949661485,138.0909489197362,144.8392333984375,85782000,0.0,0.0
2021-10-28 00:00:00-04:00,145.74761793016637,145.77089496837942,143.26374634339527,144.47422790527344,36206000,0.0,0.0
2021-10-29 00:00:00-04:00,143.71050193740845,146.84467961742357,143.28604362604932,146.65052795410156,43320000,0.0,0.0
2021-11-01 00:00:00-04:00,146.65054199542533,146.65054199542533,141.8754686677179,142.1444091796875,46924000,0.0,0.0
2021-11-02 00:00:00-04:00,143.21668904679433,145.22705422331256,142.97498573084604,144.0616455078125,33482000,0.0,0.0
2021-11-03 00:00:00-04:00,144.5252514271149,145.28651643687795,143.22810059076318,145.2161865234375,27494000,0.0,0.0
2021-11-04 00:00:00-04:00,145.7377329485967,148.32214978814326,144.92893127660318,146.86996459960938,38412000,0.0,0.0
2021-11-05 00:00:00-04:00,147.76344109720048,148.91053064576994,146.8001192514088,147.44894409179688,38354000,0.0,0.0
2021-11-08 00:00:00-05:00,148.4127275313217,149.19528935553726,147.03137153960657,147.626220703125,23052000,0.0,0.0
2021-11-09 00:00:00-05:00,147.8263354686144,148.422167196909,145.85706777321636,147.51480102539062,19530000,0.0,0.0
2021-11-10 00:00:00-05:00,146.1096586376128,146.6742930482063,143.17508933638337,144.51829528808594,29970000,0.0,0.0
2021-11-11 00:00:00-05:00,145.10869397753137,146.144839595857,144.22806618195017,144.3925018310547,16518000,0.0,0.0
2021-11-12 00:00:00-05:00,145.23350653045176,147.44695650484718,144.04036175488466,147.2765655517578,22360000,0.0,0.0
2021-11-15 00:00:00-05:00,147.49696261340108,148.13984720055237,146.18395628145507,147.0526885986328,23508000,0.0,0.0
2021-11-16 00:00:00-05:00,146.7530525035929,147.3602657973772,145.923936479964,146.4821319580078,18904000,0.0,0.0
2021-11-17 00:00:00-05:00,146.63217234150972,147.159155351601,145.85210447494438,146.6514892578125,19594000,0.0,0.0
2021-11-18 00:00:00-05:00,146.84420040414852,149.1611578418581,146.49057074897004,148.4261474609375,35608000,0.0,0.0
2021-11-19 00:00:00-05:00,148.56181312811756,149.54348433592108,147.49546792296061,147.522705078125,33682000,0.0,0.0
2021-11-22 00:00:00-05:00,147.92491073453456,148.41722013621822,144.7699346505262,144.9229736328125,30594000,0.0,0.0
2021-11-23 00:00:00-05:00,144.7753725898354,145.2775973941184,142.75658818830502,144.40786743164062,27218000,0.0,0.0
2021-11-24 00:00:00-05:00,144.1022548274951,144.870941178912,143.0121337594424,144.74266052246094,18040000,0.0,0.0
2021-11-26 00:00:00-05:00,142.9878581645666,143.19488775564477,140.50548313123517,140.8427734375,30470000,0.0,0.0
2021-11-29 00:00:00-05:00,142.64263112494936,144.91847509766967,142.5371287245244,144.15870666503906,32596000,0.0,0.0
2021-11-30 00:00:00-05:00,143.64165054932508,144.62380552713375,140.26676719316237,140.5599822998047,42068000,0.0,0.0
2021-12-01 00:00:00-05:00,142.64264793268592,144.57476289409172,139.5837581329981,139.72193908691406,34020000,0.0,0.0
2021-12-02 00:00:00-05:00,139.91854965408746,142.50840679638145,138.89280334696554,141.61837768554688,29194000,0.0,0.0
2021-12-03 00:00:00-05:00,142.32668327067537,143.03890027570796,138.9785378288507,140.6630096435547,41230000,0.0,0.0
2021-12-06 00:00:00-05:00,141.69219562959748,142.49653820256228,138.8289386103009,141.8056182861328,30618000,0.0,0.0
2021-12-07 00:00:00-05:00,144.22409805259204,146.14037256639585,143.8585729968473,145.88133239746094,32240000,0.0,0.0
2021-12-08 00:00:00-05:00,146.205237875634,146.9942386965999,145.0259688324968,146.7896728515625,24270000,0.0,0.0
2021-12-09 00:00:00-05:00,146.19978856816275,147.69456716893538,145.72827747091617,146.24684143066406,23270000,0.0,0.0
2021-12-10 00:00:00-05:00,147.29833221870211,147.57321284147923,145.32114458725633,146.60641479492188,24458000,0.0,0.0
2021-12-13 00:00:00-05:00,146.38849352115918,146.57522371786737,144.1458417908545,144.45193481445312,27070000,0.0,0.0
2021-12-14 00:00:00-05:00,142.61095145594314,143.11811878414613,139.88389547091273,142.55052185058594,38446000,0.0,0.0
2021-12-15 00:00:00-05:00,142.05723536266143,145.3380132207217,140.34254884287643,145.06065368652344,36370000,0.0,0.0
2021-12-16 00:00:00-05:00,145.78328493890672,146.28501095434962,142.25336717682623,143.08348083496094,33650000,0.0,0.0
2021-12-17 00:00:00-05:00,141.15678788642228,142.4787119667157,139.9681021693179,140.38909912109375,50416000,0.0,0.0
2021-12-20 00:00:00-05:00,138.68038467489825,140.43816411295876,138.0077839627871,140.27223205566406,27192000,0.0,0.0
2021-12-21 00:00:00-05:00,140.71451675436788,142.51290997715657,139.17814138751456,142.12014770507812,28756000,0.0,0.0
2021-12-22 00:00:00-05:00,141.71896161480515,145.1191022977237,141.71896161480515,145.03489685058594,26322000,0.0,0.0
2021-12-23 00:00:00-05:00,145.11909928211776,146.84616490784407,145.07154761613486,145.53167724609375,26384000,0.0,0.0
2021-12-27 00:00:00-05:00,145.86796324695013,146.9457052312204,145.78227653939464,146.5123291015625,15976000,0.0,0.0
2021-12-28 00:00:00-05:00,146.83870096738733,146.90111062798275,144.6777759161198,145.30430603027344,18200000,0.0,0.0
2021-12-29 00:00:00-05:00,145.26224494958964,146.02747009567088,144.27464849276222,145.27264404296875,17788000,0.0,0.0
2021-12-30 00:00:00-05:00,145.31125094205046,145.9115415190522,144.61835101429233,144.82240295410156,15688000,0.0,0.0
2021-12-31 00:00:00-05:00,144.67332366033148,145.3157093947341,143.4866180419922,143.4866180419922,18136000,0.0,0.0
2022-01-03 00:00:00-05:00,143.6877102445083,144.47621238059426,142.35836459751644,143.62481689453125,28646000,0.0,0.0
2022-01-04 00:00:00-05:00,144.02550400377285,145.1042436429634,142.36184561053787,143.0384063720703,28400000,0.0,0.0
2022-01-05 00:00:00-05:00,143.0586704195382,143.13741934598548,136.3901327302067,136.47630310058594,54618000,0.0,0.0
2022-01-06 00:00:00-05:00,135.7071485529665,138.62091962175828,135.27129360084805,136.44908142089844,37348000,0.0,0.0
2022-01-07 00:00:00-05:00,136.84332084249846,137.14347368557924,134.48674768484292,135.7254638671875,29760000,0.0,0.0
2022-01-10 00:00:00-05:00,133.8047579348391,137.51099140949978,131.90929663777965,137.36239624023438,44408000,0.0,0.0
2022-01-11 00:00:00-05:00,136.70613226103086,138.89430958407158,135.4040239930454,138.4188232421875,28730000,0.0,0.0
2022-01-12 00:00:00-05:00,139.81949281195844,141.26375722339816,139.36829621800032,140.09735107421875,26108000,0.0,0.0
2022-01-13 00:00:00-05:00,140.20582266969564,141.50348717076494,137.10433906437126,137.28067016601562,31436000,0.0,0.0
2022-01-14 00:00:00-05:00,135.7868732920058,139.41535500972142,135.70714188822194,138.16574096679688,29662000,0.0,0.0
2022-01-18 00:00:00-05:00,134.89139796047724,135.83887907326817,134.1618443053591,134.716064453125,34872000,0.0,0.0
2022-01-19 00:00:00-05:00,135.23661543971323,136.65908416614792,133.74283433997795,133.84288024902344,28648000,0.0,0.0
2022-01-20 00:00:00-05:00,134.9656869674604,136.32872359744084,131.71114945131728,132.05091857910156,29908000,0.0,0.0
2022-01-21 00:00:00-05:00,131.34368942250475,133.59426174993882,128.86031646787782,129.12281799316406,55652000,0.0,0.0
2022-01-24 00:00:00-05:00,124.79054540817465,129.966301316712,123.32647997852636,129.57106018066406,76622000,0.0,0.0
2022-01-25 00:00:00-05:00,127.52650408806734,128.17928897797395,125.30811164753264,125.73851013183594,46960000,0.0,0.0
2022-01-26 00:00:00-05:00,129.8830863515717,131.7463529353979,125.94356826887143,128.01486206054688,49130000,0.0,0.0
2022-01-27 00:00:00-05:00,130.0663348258986,131.4021194471858,127.71718280263595,127.78900909423828,31950000,0.0,0.0
2022-01-28 00:00:00-05:00,128.43683914357985,132.09949641780102,127.27390918310897,132.0940399169922,34362000,0.0,0.0
2022-01-31 00:00:00-05:00,132.8973869656009,134.19603402997248,130.96329190158724,134.0281219482422,39986000,0.0,0.0
2022-02-01 00:00:00-05:00,136.29752469047622,136.49415519096547,133.1019351922104,136.3465576171875,68644000,0.0,0.0
2022-02-02 00:00:00-05:00,149.82431540618072,150.1180141843333,144.15080955105117,146.60494995117188,123200000,0.0,0.0
2022-02-03 00:00:00-05:00,144.33208137122566,148.26416246033293,141.32072802834824,141.74122619628906,71518000,0.0,0.0
2022-02-04 00:00:00-05:00,142.09241348974794,143.50942602373587,139.19052224423842,141.9423370361328,57998000,0.0,0.0
2022-02-07 00:00:00-05:00,142.89028927583428,142.89028927583428,137.59071270904863,137.88888549804688,54974000,0.0,0.0
2022-02-08 00:00:00-05:00,137.71605080771687,138.68037019357018,135.72252350917645,138.0850372314453,54284000,0.0,0.0
2022-02-09 00:00:00-05:00,139.63476944444088,141.18105994739093,138.8655843121402,140.25733947753906,40144000,0.0,0.0
2022-02-10 00:00:00-05:00,138.38665259987917,140.15085547320035,136.65660953339068,137.3133544921875,39330000,0.0,0.0
2022-02-11 00:00:00-05:00,137.29356222530336,137.8448048052889,132.1425653416151,133.01675415039062,39958000,0.0,0.0
2022-02-14 00:00:00-05:00,132.00044170307171,135.015256846753,132.00044170307171,134.24855041503906,34302000,0.0,0.0
2022-02-15 00:00:00-05:00,136.27375391882413,136.8066922748942,134.54124703407226,135.32083129882812,26680000,0.0,0.0
2022-02-16 00:00:00-05:00,135.35846364202985,136.7843937626377,133.6521963761595,136.43968200683594,25022000,0.0,0.0
2022-02-17 00:00:00-05:00,134.95878467171522,135.82107810404372,131.22977254722994,131.28970336914062,38950000,0.0,0.0
2022-02-18 00:00:00-05:00,132.20894242873914,132.80627055380495,128.96927736418834,129.173828125,45620000,0.0,0.0
2022-02-22 00:00:00-05:00,128.61414903757367,130.93456750573523,127.01486532309565,128.5898895263672,44990000,0.0,0.0
2022-02-23 00:00:00-05:00,130.40758777953872,130.80629021138148,126.32542989882369,126.38536071777344,32786000,0.0,0.0
2022-02-24 00:00:00-05:00,123.77568492964569,131.74633962573986,123.77568492964569,131.44024658203125,54456000,0.0,0.0
2022-02-25 00:00:00-05:00,132.29313059177062,133.99642015608714,130.50959571249916,133.19207763671875,36406000,0.0,0.0
2022-02-28 00:00:00-05:00,131.79588020023658,134.47190837481307,131.34268834077528,133.78396606445312,38864000,0.0,0.0
2022-03-01 00:00:00-05:00,133.6071366345848,134.9711560163724,131.9627951950794,132.79783630371094,26496000,0.0,0.0
2022-03-02 00:00:00-05:00,133.35901024990838,133.98752054186207,131.81717846328633,133.30303955078125,23520000,0.0,0.0
2022-03-03 00:00:00-05:00,134.72795489655672,135.15341075297445,131.7715899019404,132.63735961914062,24604000,0.0,0.0
2022-03-04 00:00:00-05:00,131.67451892195976,132.5898052248612,129.10892100654087,130.6631317138672,30430000,0.0,0.0
2022-03-07 00:00:00-05:00,130.24861415155377,130.49328002986726,125.1045544925342,125.18727111816406,45112000,0.0,0.0
2022-03-08 00:00:00-05:00,125.05997251114222,130.0128427096033,124.48989666762061,125.90641784667969,40428000,0.0,0.0
2022-03-09 00:00:00-05:00,130.01284022199468,132.47491606181063,128.67605804169412,132.16238403320312,37026000,0.0,0.0
2022-03-10 00:00:00-05:00,130.0286978025834,132.01578605372748,129.67852951814072,131.1812286376953,27102000,0.0,0.0
2022-03-11 00:00:00-05:00,132.23022456027405,132.53433753192874,128.4095861869589,128.64633178710938,31526000,0.0,0.0
2022-03-14 00:00:00-04:00,129.022259756083,129.17975763176182,124.09415576058076,124.76377868652344,38812000,0.0,0.0
2022-03-15 00:00:00-04:00,125.77914575944271,128.63052298498053,124.53547908320327,127.9802017211914,30920000,0.0,0.0
2022-03-16 00:00:00-04:00,129.50075746868035,132.07624169532747,127.52109004630451,132.0242462158203,35576000,0.0,0.0
2022-03-17 00:00:00-04:00,131.89395505470344,132.8166781087835,130.93903713264967,132.57745361328125,28264000,0.0,0.0
2022-03-18 00:00:00-04:00,132.16683250009095,134.9597594793248,131.01182292044092,134.84237670898438,44566000,0.0,0.0
2022-03-21 00:00:00-04:00,134.88000032884761,135.75814912523794,132.82852273254352,134.81858825683594,26832000,0.0,0.0
2022-03-22 00:00:00-04:00,134.81862924241636,139.72048699983432,134.81862924241636,138.54962158203125,35496000,0.0,0.0
2022-03-23 00:00:00-04:00,137.39509925472657,138.2727494521605,136.53578350471344,136.9721221923828,25154000,0.0,0.0
2022-03-24 00:00:00-04:00,137.88789810464644,140.28410290416335,136.45206761789734,140.237548828125,26396000,0.0,0.0
2022-03-25 00:00:00-04:00,140.57830645229447,140.69618802841327,138.42034355673357,140.3376007080078,24126000,0.0,0.0
2022-03-28 00:00:00-04:00,139.57238537233414,140.66400300337222,138.4936456884533,140.12216186523438,35050000,0.0,0.0
2022-03-29 00:00:00-04:00,141.30289109647842,142.43808486861326,140.69962291058357,141.16221618652344,34318000,0.0,0.0
2022-03-30 00:00:00-04:00,141.1171698835011,141.3752124596819,140.2652756920692,140.6005859375,19884000,0.0,0.0
2022-03-31 00:00:00-04:00,140.71400046777697,140.7684898968639,137.71405887609035,137.75665283203125,37524000,0.0,0.0
2022-04-01 00:00:00-04:00,138.18507141556094,139.1469118661108,137.0038070973183,138.82943725585938,25942000,0.0,0.0
2022-04-04 00:00:00-04:00,139.03547918185924,142.35736929122916,138.98792752091472,141.62384033203125,25942000,0.0,0.0
2022-04-05 00:00:00-04:00,141.52232030143693,141.64266561089818,139.05926203677285,139.2657928466797,21418000,0.0,0.0
2022-04-06 00:00:00-04:00,137.44213448492033,138.0468839879228,134.23960723680352,135.26089477539062,32468000,0.0,0.0
2022-04-07 00:00:00-04:00,134.72795027720932,135.87157824028196,132.96225109677235,134.60760498046875,26234000,0.0,0.0
2022-04-08 00:00:00-04:00,134.30546022194693,134.39114691209707,131.71214173735837,132.03111267089844,25142000,0.0,0.0
2022-04-11 00:00:00-04:00,130.58092905766304,130.84739067393326,127.45566939745935,127.60920715332031,36884000,0.0,0.0
2022-04-12 00:00:00-04:00,130.35955472624002,130.35955472624002,125.59389824146888,126.51067352294922,32710000,0.0,0.0
2022-04-13 00:00:00-04:00,126.79347231964165,129.10547167871107,126.53691099276196,128.66961669921875,27928000,0.0,0.0
2022-04-14 00:00:00-04:00,129.24959957040411,129.24959957040411,125.40764911861989,125.53543853759766,31598000,0.0,0.0
2022-04-18 00:00:00-04:00,125.80290070747127,127.00396566233613,124.99261037205467,126.4730224609375,20808000,0.0,0.0
2022-04-19 00:00:00-04:00,126.48786373209683,129.10445946368372,125.8023852699178,128.7835235595703,26490000,0.0,0.0
2022-04-20 00:00:00-04:00,129.65821381786787,130.16043859794559,126.2981884119716,126.83309173583984,31696000,0.0,0.0
2022-04-21 00:00:00-04:00,128.03170056259026,128.87219820018547,123.35272078585082,123.63800811767578,36446000,0.0,0.0
2022-04-22 00:00:00-04:00,123.8217565690258,124.21996776137067,117.80402222276324,118.50782012939453,56884000,0.0,0.0
2022-04-25 00:00:00-04:00,117.97835219471519,122.11548294345009,117.39391716093655,121.91390228271484,46128000,0.0,0.0
2022-04-26 00:00:00-04:00,121.14175631057378,121.35522489023224,117.39391885369488,117.53160858154297,73054000,0.0,0.0
2022-04-27 00:00:00-04:00,113.39051664375937,116.13688235648152,111.67385763846296,113.21717071533203,91820000,0.0,0.0
2022-04-28 00:00:00-04:00,115.31767859411205,118.52168744721978,113.03935526290716,117.40531158447266,48884000,0.0,0.0
2022-04-29 00:00:00-04:00,115.63415406821377,116.80848059659873,112.7416798928777,113.03389739990234,42676000,0.0,0.0
2022-05-02 00:00:00-04:00,112.33603962239242,115.64505184129835,111.53862727592032,115.48408508300781,35534000,0.0,0.0
2022-05-03 00:00:00-04:00,115.33301749852883,117.32556209419245,114.94075408048792,116.2280044555664,24968000,0.0,0.0
2022-05-04 00:00:00-04:00,115.92835256217167,121.69646251835692,114.0309038197323,121.10855865478516,49916000,0.0,0.0
2022-05-05 00:00:00-04:00,119.07096543975983,119.8980938644429,113.92146466993306,115.4073257446289,45840000,0.0,0.0
2022-05-06 00:00:00-04:00,114.09878790423157,116.46328938854116,112.94080801191126,114.65548706054688,39710000,0.0,0.0
2022-05-09 00:00:00-04:00,112.18251024510543,113.99229246586657,110.94479148642294,111.45047760009766,40802000,0.0,0.0
2022-05-10 00:00:00-04:00,114.41872804342833,115.15422955384565,111.83629934235512,113.31671142578125,39900000,0.0,0.0
2022-05-11 00:00:00-04:00,112.16912984325442,115.26764350397949,112.16912984325442,112.53167724609375,37534000,0.0,0.0
2022-05-12 00:00:00-04:00,110.32765083304804,113.2176460554151,108.78928812184641,111.78032684326172,53836000,0.0,0.0
2022-05-13 00:00:00-04:00,113.45340618375492,116.76390724826179,112.53415970229025,114.95660400390625,35038000,0.0,0.0
2022-05-16 00:00:00-04:00,113.87192754882359,115.07498009851662,112.8159813449991,113.36624145507812,25990000,0.0,0.0
2022-05-17 00:00:00-04:00,115.73915065465215,115.7980914346333,113.78722760923657,115.37511444091797,23054000,0.0,0.0
2022-05-18 00:00:00-04:00,113.91601089828785,114.31224201290831,110.50397497987214,110.84473419189453,35126000,0.0,0.0
2022-05-19 00:00:00-04:00,110.38115567097562,111.94477566233903,108.96314565159634,109.3435287475586,34144000,0.0,0.0
2022-05-20 00:00:00-04:00,110.89573188528192,111.12604605401509,104.79924971097473,107.88141632080078,48962000,0.0,0.0
2022-05-23 00:00:00-04:00,108.55453508974904,111.0904022364091,107.71600998566917,110.43711853027344,37184000,0.0,0.0
2022-05-24 00:00:00-04:00,104.77498341907918,105.45501293079795,100.92412293197944,104.97111511230469,76780000,0.0,0.0
2022-05-25 00:00:00-04:00,103.99589154298525,105.49611914358974,102.87753579922828,104.80767059326172,40258000,0.0,0.0
2022-05-26 00:00:00-04:00,104.68088294574915,107.6253600174525,104.23314008398944,106.77644348144531,37948000,0.0,0.0
2022-05-27 00:00:00-04:00,108.45101725108991,111.25929369416936,108.1097592407956,111.25780487060547,37914000,0.0,0.0
2022-05-31 00:00:00-04:00,111.68375875485165,114.64409187492326,111.02205599422837,112.68968963623047,50012000,0.0,0.0
2022-06-01 00:00:00-04:00,113.77238639007433,115.99770912994168,112.18251170681881,112.8184585571289,36606000,0.0,0.0
2022-06-02 00:00:00-04:00,112.92543446799303,116.78817573341432,111.88186743338352,116.51378631591797,37992000,0.0,0.0
2022-06-03 00:00:00-04:00,114.96850763279154,115.22506898749447,112.4484883668074,113.46134948730469,26136000,0.0,0.0
2022-06-06 00:00:00-04:00,115.60444124136708,118.22203484000119,115.06903914035705,115.71935272216797,33542000,0.0,0.0
2022-06-07 00:00:00-04:00,114.39197563745488,116.58164197916135,113.96751735517762,116.04524230957031,31590000,0.0,0.0
2022-06-08 00:00:00-04:00,115.6608989926276,117.45285297012651,115.50092226538834,116.08932495117188,26108000,0.0,0.0
2022-06-09 00:00:00-04:00,115.23098481308054,117.18390542976788,113.69411097831355,113.7530517578125,25798000,0.0,0.0
2022-06-10 00:00:00-04:00,111.38510337775645,112.21124180702164,109.32569748430883,110.11370086669922,41452000,0.0,0.0
2022-06-13 00:00:00-04:00,105.77992416332314,107.76602221273737,105.11872028376786,105.38964080810547,47252000,0.0,0.0
2022-06-14 00:00:00-04:00,105.53079225978453,106.90719055903303,104.80271985113437,105.70958709716797,33706000,0.0,0.0
2022-06-15 00:00:00-04:00,107.52184819954677,110.37321720506895,106.6546047522059,108.7298583984375,39698000,0.0,0.0
2022-06-16 00:00:00-04:00,106.21033370451282,107.62437594926033,104.14696791638478,105.03402709960938,51684000,0.0,0.0
2022-06-17 00:00:00-04:00,105.03402250297012,107.67489298903801,104.05582771449916,106.13356018066406,51376000,0.0,0.0
2022-06-21 00:00:00-04:00,107.90271913799603,111.42916744939824,107.57632672264717,110.4925765991211,47416000,0.0,0.0
2022-06-22 00:00:00-04:00,109.51440602670822,112.27810104636315,109.34204257046585,110.43663024902344,30774000,0.0,0.0
2022-06-23 00:00:00-04:00,111.17359901614837,111.67978387662868,109.45892028477276,111.18399810791016,28362000,0.0,0.0
2022-06-24 00:00:00-04:00,111.9299067523176,116.96598437616667,111.88780403394424,116.86296081542969,41164000,0.0,0.0
2022-06-27 00:00:00-04:00,117.15816533978835,117.46177198860401,114.09381876102695,114.74166107177734,36420000,0.0,0.0
2022-06-28 00:00:00-04:00,114.71094784953131,116.20374667239821,110.7937245115218,110.95172119140625,35792000,0.0,0.0
2022-06-29 00:00:00-04:00,110.50050890465707,112.09384476980462,109.82740954217135,110.64859771728516,24716000,0.0,0.0
2022-06-30 00:00:00-04:00,108.9631485734699,109.84277883835993,105.74378282016283,107.93592071533203,43170000,0.0,0.0
2022-07-01 00:00:00-04:00,106.91563370982954,108.22022113824424,105.72446895132741,107.71255493164062,35476000,0.0,0.0
2022-07-05 00:00:00-04:00,106.09096331087137,112.30829738922557,104.734864359828,112.19537353515625,39342000,0.0,0.0
2022-07-06 00:00:00-04:00,112.23400934635875,114.49994569963258,110.42521735991373,113.49203491210938,37432000,0.0,0.0
2022-07-07 00:00:00-04:00,113.99525457205867,118.06601541008106,113.75107996208602,117.66334533691406,40936000,0.0,0.0
2022-07-08 00:00:00-04:00,116.14480464976064,118.55684998677997,115.7995865179468,118.22847747802734,38238000,0.0,0.0
2022-07-11 00:00:00-04:00,116.88575614827931,116.88575614827931,114.24339658286063,114.58613586425781,31196000,0.0,0.0
2022-07-12 00:00:00-04:00,115.1195582947248,115.87140665042774,112.61836489266997,112.94574737548828,29960000,0.0,0.0
2022-07-13 00:00:00-04:00,110.64809930840663,113.11958408095617,110.15331111772146,110.30387878417969,43722000,0.0,0.0
2022-07-14 00:00:00-04:00,109.17165351215847,110.04583472550598,107.35147235760216,109.3271713256836,37004000,0.0,0.0
2022-07-15 00:00:00-04:00,110.94478208000046,112.0740357874239,109.85465344414168,110.723876953125,46770000,0.0,0.0
2022-07-18 00:00:00-04:00,111.57825390635203,112.60845176541036,107.34850628382924,108.00228118896484,43164600,0.0,20.0
2022-07-19 00:00:00-04:00,109.80513015974967,112.94524803380152,108.52728874896475,112.73722839355469,36530900,0.0,0.0
2022-07-20 00:00:00-04:00,112.10326311823246,114.31224656898476,111.41977216468759,112.82638549804688,35600400,0.0,0.0
2022-07-21 00:00:00-04:00,113.20279789657461,113.47025711440008,110.06268006419117,113.2622299194336,32676200,0.0,0.0
2022-07-22 00:00:00-04:00,109.95371241453788,111.28107792780779,105.49612947881336,106.8829345703125,48901200,0.0,0.0
2022-07-25 00:00:00-04:00,107.38812296448917,108.83435998981076,105.29801137565637,106.4966049194336,34690900,0.0,0.0
2022-07-26 00:00:00-04:00,105.5951837606774,106.18952663157644,103.08903282410867,104.03007507324219,47991000,0.0,0.0
2022-07-27 00:00:00-04:00,108.2301239475271,112.83629483954817,106.99190637211716,111.99430084228516,59858500,0.0,0.0
2022-07-28 00:00:00-04:00,111.3108110624492,113.26223563374616,110.40938503038234,113.14337158203125,32816600,0.0,0.0
2022-07-29 00:00:00-04:00,112.01411401088968,115.60989504749655,111.99429829794433,115.22357177734375,37223400,0.0,0.0
2022-08-01 00:00:00-04:00,114.21319112150867,115.61980446035776,113.26223338181438,113.77733612060547,26034300,0.0,0.0
2022-08-02 00:00:00-04:00,112.92543862061498,115.25328606314042,112.64807910337518,114.04478454589844,20236000,0.0,0.0
2022-08-03 00:00:00-04:00,114.61931687482497,117.50189084849441,114.39148908653323,116.96697998046875,28499000,0.0,0.0
2022-08-04 00:00:00-04:00,116.37263636297655,117.66037802315151,115.7881937755093,117.07594299316406,21602900,0.0,0.0
2022-08-05 00:00:00-04:00,115.13442225860744,116.996698705037,114.90658690755124,116.36273193359375,19159500,0.0,0.0
2022-08-08 00:00:00-04:00,117.27405799513392,119.01747039195752,115.77828910409572,116.1943359375,19138300,0.0,0.0
2022-08-09 00:00:00-04:00,116.03583449031639,116.21413810759837,114.6193134078761,115.5306396484375,19086500,0.0,0.0
2022-08-10 00:00:00-04:00,117.66037481224664,119.78020250101322,117.29386728055461,118.57170104980469,30930400,0.0,0.0
2022-08-11 00:00:00-04:00,120.1368212493172,120.34484089581902,117.44245858656527,117.71981811523438,24293700,0.0,0.0
2022-08-12 00:00:00-04:00,119.12644474223903,120.5330581665039,118.33398243019873,120.5330581665039,19096300,0.0,0.0
2022-08-15 00:00:00-04:00,119.98822567992796,121.14720300149365,119.47313052616087,120.92927551269531,19494800,0.0,0.0
2022-08-16 00:00:00-04:00,120.37455281758771,121.27597881260755,119.50285039175542,120.5528564453125,19041200,0.0,0.0
2022-08-17 00:00:00-04:00,118.98776077131538,120.14673062684432,118.25473051343378,118.42313385009766,22847000,0.0,0.0
2022-08-18 00:00:00-04:00,118.30425456881134,119.68115184104835,117.60094792710956,119.03727722167969,17987700,0.0,0.0
2022-08-19 00:00:00-04:00,117.9377392404507,118.02689483126161,115.65942355139303,116.10517883300781,21809500,0.0,0.0
2022-08-22 00:00:00-04:00,114.11411997895853,114.54006709454625,112.77684661152537,113.16316986083984,21456600,0.0,0.0
2022-08-23 00:00:00-04:00,112.41033541234246,113.92591234989574,112.36080369174447,112.78675079345703,15870400,0.0,0.0
2022-08-24 00:00:00-04:00,112.43015094510808,113.6980844778473,111.80609203500424,112.61836242675781,17734600,0.0,0.0
2022-08-25 00:00:00-04:00,113.1631812740761,115.61980832842583,113.03440936381037,115.55046844482422,16956800,0.0,0.0
2022-08-26 00:00:00-04:00,113.63866138956425,114.03489253906723,109.15136194833346,109.29994201660156,37245700,0.0,0.0
2022-08-29 00:00:00-04:00,108.95323007744102,109.90418019250721,107.77445217888464,108.38860321044922,21191200,0.0,0.0
2022-08-30 00:00:00-04:00,109.13152576057584,109.45841696440027,106.78387043260568,107.91312408447266,27513300,0.0,0.0
2022-08-31 00:00:00-04:00,109.60701580275753,109.80512758191875,107.11076506343836,107.19992065429688,28627000,0.0,0.0
2022-09-01 00:00:00-04:00,107.25936720846006,109.40891128925564,106.3480408088805,108.70560455322266,28360900,0.0,0.0
2022-09-02 00:00:00-04:00,109.54759083524422,109.69617846817478,106.24898468308707,106.83341979980469,24160700,0.0,0.0
2022-09-06 00:00:00-04:00,106.28858643846911,107.01170118012315,104.78290982238947,105.8031997680664,25068300,0.0,0.0
2022-09-07 00:00:00-04:00,106.05085594393181,108.94333792914485,105.8923680249707,108.41832733154297,23167000,0.0,0.0
2022-09-08 00:00:00-04:00,107.02162974958583,108.56692297164543,106.1499272372026,107.3584213256836,24238300,0.0,0.0
2022-09-09 00:00:00-04:00,108.0419087418049,109.94380905842759,107.99237701749992,109.60701751708984,23197700,0.0,0.0
2022-09-12 00:00:00-04:00,109.94379721844312,110.56786362456725,108.89379128207831,109.81502532958984,22966800,0.0,0.0
2022-09-13 00:00:00-04:00,106.78387833563288,107.2791653268789,103.10884221000528,103.33667755126953,38172900,0.0,0.0
2022-09-14 00:00:00-04:00,103.58432964430956,104.28763632335523,102.68291117531426,104.0102767944336,26395100,0.0,0.0
2022-09-15 00:00:00-04:00,103.0494253696525,104.27773517279051,101.3852605316187,101.93998718261719,34188300,0.0,0.0
2022-09-16 00:00:00-04:00,101.10790172559079,102.15790789100767,99.98855567297623,101.83102416992188,42797200,0.0,0.0
2022-09-19 00:00:00-04:00,100.7909000168843,102.35600868106442,100.59278824868812,102.09845733642578,23036800,0.0,0.0
2022-09-20 00:00:00-04:00,101.11779510985505,101.40506247498007,99.57249454030391,100.18665313720703,26517100,0.0,0.0
2022-09-21 00:00:00-04:00,100.71165611559576,101.91024974095512,98.33427701945793,98.34418487548828,31487300,0.0,0.0
2022-09-22 00:00:00-04:00,97.88851058981584,100.28569756734774,97.85879458259106,99.1960678100586,34298600,0.0,0.0
2022-09-23 00:00:00-04:00,98.6908830045893,98.72060657230172,96.55124713555664,97.80927276611328,31625400,0.0,0.0
2022-09-26 00:00:00-04:00,97.17530428990605,98.93852473541365,96.87813663539869,97.24464416503906,27072700,0.0,0.0
2022-09-27 00:00:00-04:00,98.49277122014274,99.0573980869391,95.95690424751061,96.58096313476562,30072800,0.0,0.0
2022-09-28 00:00:00-04:00,96.72955443737825,99.75080065991985,96.19464356038361,99.10693359375,32466300,0.0,0.0
2022-09-29 00:00:00-04:00,97.71022581973406,97.71022581973406,95.05548700550042,96.50172424316406,31047200,0.0,0.0
2022-09-30 00:00:00-04:00,96.13521058040764,97.96777098525601,94.65924986585827,94.74840545654297,32941500,0.0,0.0
2022-10-03 00:00:00-04:00,95.84793642347994,98.35408727916217,95.61019323680982,97.71021270751953,27982000,0.0,0.0
2022-10-04 00:00:00-04:00,99.49325242488644,100.88004994331021,99.43381284732565,100.68193817138672,28850800,0.0,0.0
2022-10-05 00:00:00-04:00,98.88901332468096,100.96921740441856,97.86872322008227,100.47393035888672,22176900,0.0,0.0
2022-10-06 00:00:00-04:00,99.73099708399155,101.95978872839768,99.64184148832554,100.46401977539062,22324000,0.0,0.0
2022-10-07 00:00:00-04:00,98.90880179539982,99.58239234555766,97.37341679432703,97.74983215332031,27502800,0.0,0.0
2022-10-10 00:00:00-04:00,98.06683009651893,98.1658859891608,96.09558987026921,96.93757629394531,18225100,0.0,0.0
2022-10-11 00:00:00-04:00,96.51161288999931,98.31445703919984,95.40216742992249,96.26396942138672,26507100,0.0,0.0
2022-10-12 00:00:00-04:00,96.3828523219572,97.81918158553775,95.82812574805676,96.64039611816406,21876400,0.0,0.0
2022-10-13 00:00:00-04:00,94.25311840728581,98.83947334531618,93.49037218865715,98.12625885009766,34574500,0.0,0.0
2022-10-14 00:00:00-04:00,99.04749527967141,99.74090163611203,95.4616221229326,95.64982604980469,25410700,0.0,0.0
2022-10-17 00:00:00-04:00,97.92814929391774,99.97863723546732,97.89843328218922,99.0276870727539,28419200,0.0,0.0
2022-10-18 00:00:00-04:00,102.15789223033175,102.49469131471892,99.0276823713602,99.82013702392578,24060700,0.0,0.0
2022-10-19 00:00:00-04:00,99.06729510070366,100.06776927050231,97.9875656498345,98.69087219238281,23811100,0.0,0.0
2022-10-20 00:00:00-04:00,99.05740308448243,101.35553453374322,98.45315232106869,99.0276870727539,25323200,0.0,0.0
2022-10-21 00:00:00-04:00,96.92766853336371,100.35505381302936,96.79889662854987,100.17675018310547,32458700,0.0,0.0
2022-10-24 00:00:00-04:00,100.84043534742486,101.78147761626212,99.0375909853776,101.55364227294922,27176400,0.0,0.0
2022-10-25 00:00:00-04:00,101.930061923768,103.83196211183454,101.75175830879428,103.49517059326172,40611400,0.0,0.0
2022-10-26 00:00:00-04:00,95.5210399646223,97.38331614639972,93.79744352204752,94.0351791381836,88114100,0.0,0.0
2022-10-27 00:00:00-04:00,93.62905426662633,94.53048026417704,90.93469924535803,91.35073852539062,60710900,0.0,0.0
2022-10-28 00:00:00-04:00,91.40026565107432,95.63992899750288,91.26158588657455,95.38237762451172,43697300,0.0,0.0
2022-10-31 00:00:00-04:00,94.52057434230903,95.12482511935792,93.09415284479122,93.61915588378906,31675000,0.0,0.0
2022-11-01 00:00:00-04:00,94.55027159135598,95.12480624199029,89.51816214341191,89.61721801757812,47161400,0.0,0.0
2022-11-02 00:00:00-04:00,90.08280280353895,90.32053844962222,86.06106718761413,86.15022277832031,57038300,0.0,0.0
2022-11-03 00:00:00-04:00,85.50634332478795,85.70445509240571,82.55442961941449,82.64358520507812,61288000,0.0,0.0
2022-11-04 00:00:00-04:00,84.59503063237807,85.82334041452579,82.92095796557335,85.76390838623047,51124900,0.0,0.0
2022-11-07 00:00:00-05:00,86.45729778160043,88.06203038731945,86.03135065796711,87.65589141845703,34078900,0.0,0.0
2022-11-08 00:00:00-05:00,88.06202697753906,89.46864019368525,86.76436994463386,88.06202697753906,30429000,0.0,0.0
2022-11-09 00:00:00-05:00,87.61627903289357,88.59695286586066,86.45730911118433,86.49693298339844,31769100,0.0,0.0
2022-11-10 00:00:00-05:00,91.38044725273583,93.50027490961016,90.74648052680031,93.05451965332031,51620100,0.0,0.0
2022-11-11 00:00:00-05:00,93.79746258426681,96.01634641992595,93.03471630616241,95.50125122070312,33090500,0.0,0.0
2022-11-14 00:00:00-05:00,94.19366953695061,95.877649719558,93.6191424124527,94.79792022705078,30179500,0.0,0.0
2022-11-15 00:00:00-05:00,97.3338194561177,99.19609616346483,95.79842647915582,97.51212310791016,41640800,0.0,0.0
2022-11-16 00:00:00-05:00,96.9772010829533,98.70079781521773,96.71964971365578,97.91824340820312,29105200,0.0,0.0
2022-11-17 00:00:00-05:00,96.0559640432795,98.34418761381784,95.87766041716742,97.432861328125,26052600,0.0,0.0
2022-11-18 00:00:00-05:00,97.8389927582132,97.96777221776902,95.46162115308442,96.51162719726562,28342300,0.0,0.0
2022-11-21 00:00:00-05:00,96.37294018625333,97.47247787174473,94.46113216672569,94.69886779785156,21647400,0.0,0.0
2022-11-22 00:00:00-05:00,95.0455707019559,96.30360389329707,93.16348617912884,96.13520812988281,23438500,0.0,0.0
2022-11-23 00:00:00-05:00,96.17483219901126,97.82909662876517,96.17483219901126,97.53192138671875,18868100,0.0,0.0
2022-11-25 00:00:00-05:00,97.31398252976868,97.71021362044154,96.48190404108719,96.54133605957031,9701400,0.0,0.0
2022-11-28 00:00:00-05:00,96.12530422953257,96.66021510957758,94.70878307241713,95.14463806152344,26237500,0.0,0.0
2022-11-29 00:00:00-05:00,94.82764305325189,95.21396627079818,93.22291060980481,94.29273223876953,20061700,0.0,0.0
2022-11-30 00:00:00-05:00,93.92622347217593,100.08759477077614,93.52999237293703,100.0380630493164,43647500,0.0,0.0
2022-12-01 00:00:00-05:00,100.06777905920039,101.28618836680111,99.30504042808617,100.0380630493164,28687100,0.0,0.0
2022-12-02 00:00:00-05:00,98.11635082720889,99.82013163918121,97.96776322615591,99.49324798583984,21480700,0.0,0.0
2022-12-05 00:00:00-05:00,98.46305725876209,100.42438954950684,98.0668261466735,98.54230499267578,24405100,0.0,0.0
2022-12-06 00:00:00-05:00,98.3640036262318,98.83947492565986,95.51114559974337,96.06587219238281,24910700,0.0,0.0
2022-12-07 00:00:00-05:00,95.50123458303383,95.9667979738765,93.8271622516159,94.04508972167969,31045400,0.0,0.0
2022-12-08 00:00:00-05:00,94.48095524175791,94.67907459688469,92.56914692029817,92.82669830322266,32213300,0.0,0.0
2022-12-09 00:00:00-05:00,92.8861287032563,93.37151544670037,91.8757464609982,91.95499420166016,28225400,0.0,0.0
2022-12-12 00:00:00-05:00,91.83610759648849,92.67809392047832,90.74647779147345,92.43045043945312,29420000,0.0,0.0
2022-12-13 00:00:00-05:00,96.83851164366295,98.59182421305074,94.13424142996912,94.72858428955078,40593700,0.0,0.0
2022-12-14 00:00:00-05:00,94.30263052652263,95.95689465285044,92.71771382710223,94.17385864257812,28733600,0.0,0.0
2022-12-15 00:00:00-05:00,92.25215497887433,92.75734984088065,89.16156889949431,90.00355529785156,40107000,0.0,0.0
2022-12-16 00:00:00-05:00,89.90451254201793,90.46913950881054,88.67619514681773,89.40922546386719,58011800,0.0,0.0
2022-12-19 00:00:00-05:00,89.40922122463904,89.706388922951,87.37854127751075,87.60637664794922,29493000,0.0,0.0
2022-12-20 00:00:00-05:00,87.27947454659835,88.33938840975075,86.61579178950325,88.18089294433594,23453800,0.0,0.0
2022-12-21 00:00:00-05:00,88.24033160326711,89.36958533140333,87.48749326534973,88.7356185913086,24745600,0.0,0.0
2022-12-22 00:00:00-05:00,87.32901618522953,87.70543162211254,85.50635591339253,86.93278503417969,27658300,0.0,0.0
2022-12-23 00:00:00-05:00,86.28889654155903,88.70589937421238,86.24927267705067,88.388916015625,23003000,0.0,0.0
2022-12-27 00:00:00-05:00,87.96296650718489,88.101646250422,86.18983829581997,86.56625366210938,20097300,0.0,0.0
2022-12-28 00:00:00-05:00,86.16014054796655,87.2101467000031,85.12994255309941,85.20918273925781,19523200,0.0,0.0
2022-12-29 00:00:00-05:00,85.8035271991899,88.01250310538757,85.79361934256455,87.61627197265625,23333500,0.0,0.0
2022-12-30 00:00:00-05:00,86.16013598837714,87.46769345930478,85.75399699182971,87.39835357666016,23986300,0.0,0.0
2023-01-03 00:00:00-05:00,88.74551641039932,90.19176102565882,87.68560258790053,88.27995300292969,28131200,0.0,0.0
2023-01-04 00:00:00-05:00,89.49836324025155,89.79553847603304,86.44739337515158,87.24976348876953,34854800,0.0,0.0
2023-01-05 00:00:00-05:00,86.64551498875126,86.74457088411417,85.0903140033644,85.38748168945312,27194400,0.0,0.0
2023-01-06 00:00:00-05:00,85.97192008580211,86.8634382151229,84.06011192527862,86.51673126220703,41381500,0.0,0.0
2023-01-09 00:00:00-05:00,87.52711431751243,89.20118670166892,87.03182734539318,87.19031524658203,29003900,0.0,0.0
2023-01-10 00:00:00-05:00,85.1695525248776,87.8341913419079,85.02096491917445,87.5865478515625,30467800,0.0,0.0
2023-01-11 00:00:00-05:00,88.33939373373373,90.7365811115069,88.17099795969153,90.65733337402344,26862000,0.0,0.0
2023-01-12 00:00:00-05:00,90.61771831946737,91.0040415982066,88.90402187065258,90.27101135253906,30258100,0.0,0.0
2023-01-13 00:00:00-05:00,89.9936452702405,91.32101834363606,89.28043078990615,91.25167846679688,26329200,0.0,0.0
2023-01-17 00:00:00-05:00,91.19223538103147,91.38044684984735,89.20118718373709,90.42949676513672,32602400,0.0,0.0
2023-01-18 00:00:00-05:00,91.27147515486845,91.9252575322005,89.78561435999978,90.26109313964844,29116700,0.0,0.0
2023-01-19 00:00:00-05:00,89.86487339203985,92.72763161249016,89.77571780323882,92.17291259765625,37000400,0.0,0.0
2023-01-20 00:00:00-05:00,94.20357999199304,97.3734211280702,94.12433226315825,97.09605407714844,63191100,0.0,0.0
2023-01-23 00:00:00-05:00,97.02672788966429,99.09703164198855,96.58097257768254,98.8493881225586,40005100,0.0,0.0
2023-01-24 00:00:00-05:00,97.17529906869738,98.67106778903306,96.28378103811721,96.77906799316406,33078500,0.0,0.0
2023-01-25 00:00:00-05:00,94.66915574421624,95.25359832710816,92.87621924407682,94.32245635986328,42330000,0.0,0.0
2023-01-26 00:00:00-05:00,95.59037183207414,96.65028549723945,94.48092645384905,96.60075378417969,30114000,0.0,0.0
2023-01-27 00:00:00-05:00,96.39273944020158,99.37436886072858,96.39273944020158,98.4333267211914,33879800,0.0,0.0
2023-01-30 00:00:00-05:00,96.56115597928776,97.36351849369827,95.49133425508724,96.0262451171875,27226200,0.0,0.0
2023-01-31 00:00:00-05:00,95.95691582463402,97.94796432501448,95.9073840966227,97.90834045410156,29870700,0.0,0.0
2023-02-01 00:00:00-05:00,97.77955657834522,100.23618337201236,96.66021070256011,99.48334503173828,35531100,0.0,0.0
2023-02-02 00:00:00-05:00,104.80272559946398,106.83339763663767,104.61451413296538,106.72443389892578,69883800,0.0,0.0
2023-02-03 00:00:00-05:00,101.95976775066202,106.79376546859795,101.61306841102666,103.79232788085938,65309300,0.0,0.0
2023-02-06 00:00:00-05:00,101.43477436351553,103.37629840573868,100.91967167543784,101.93006134033203,31999600,0.0,0.0
2023-02-07 00:00:00-05:00,102.2470463384407,107.1602923201408,102.14799045298909,106.62538146972656,49010200,0.0,0.0
2023-02-08 00:00:00-05:00,101.08806495567671,102.16778683035665,97.11586167985637,98.4333267211914,94743500,0.0,0.0
2023-02-09 00:00:00-05:00,99.05738716249405,99.08710316944618,92.7474288795508,94.11442565917969,119455000,0.0,0.0
2023-02-10 00:00:00-05:00,94.55028362184048,95.83803282228948,93.36159786564117,93.67858123779297,54980700,0.0,0.0
2023-02-13 00:00:00-05:00,93.84697257457299,94.30263567820646,92.95545452073385,93.71820068359375,50076100,0.0,0.0
2023-02-14 00:00:00-05:00,93.53989314750166,93.9559323693414,91.39034961051733,93.78753662109375,54726100,0.0,0.0
2023-02-15 00:00:00-05:00,93.5993343044652,96.20454873788759,93.26254277507603,96.0262451171875,50169000,0.0,0.0
2023-02-16 00:00:00-05:00,94.47104619514022,96.75926974325574,93.8469797311233,94.60972595214844,42462600,0.0,0.0
2023-02-17 00:00:00-05:00,93.95594221146911,94.65924884324633,92.33140145912851,93.46065521240234,34284100,0.0,0.0
2023-02-21 00:00:00-05:00,92.12339853574474,92.22245444202886,90.85546479735298,90.9248046875,33629300,0.0,0.0
2023-02-22 00:00:00-05:00,90.83564172410104,91.24178073169509,89.75591958534133,90.78611755371094,30884000,0.0,0.0
2023-02-23 00:00:00-05:00,91.05356181773953,91.07337753026592,88.9139258711701,90.03327178955078,41206400,0.0,0.0
2023-02-24 00:00:00-05:00,88.5969466852926,89.04270199101362,87.74505238582013,88.28986358642578,36585100,0.0,0.0
2023-02-27 00:00:00-05:00,89.02288055419922,89.31014789674506,88.49787003042141,89.02288055419922,27502300,0.0,0.0
2023-02-28 00:00:00-05:00,88.48796774820013,90.37005965794255,88.47805989316787,89.2110824584961,30142000,0.0,0.0
2023-03-01 00:00:00-05:00,89.13185485166831,90.17195305226244,88.82477176222423,89.50827026367188,31111200,0.0,0.0
2023-03-02 00:00:00-05:00,88.8148579824483,91.41015671927016,88.74551055545453,91.13279724121094,32204400,0.0,0.0
2023-03-03 00:00:00-05:00,91.60829544482357,92.8465130610586,91.57857187375025,92.76726531982422,35160100,0.0,0.0
2023-03-06 00:00:00-05:00,93.13376154162282,95.06538532191449,93.11395338746972,94.2332992553711,32639300,0.0,0.0
2023-03-07 00:00:00-05:00,94.08472641631292,94.76821737043342,92.64838951204187,92.97528076171875,27835500,0.0,0.0
2023-03-08 00:00:00-05:00,93.23282326049596,95.05547570805707,93.11395166533696,93.3615951538086,34103300,0.0,0.0
2023-03-09 00:00:00-05:00,93.16348729195221,94.62953257298054,91.0337516903099,91.44979095458984,28813500,0.0,0.0
2023-03-10 00:00:00-05:00,91.30120355228826,91.91536215154204,89.54789090168737,89.77571868896484,35941000,0.0,0.0
2023-03-13 00:00:00-04:00,89.24080810196517,91.69743494917104,88.57712533524305,90.2511978149414,37335600,0.0,0.0
2023-03-14 00:00:00-04:00,91.6875307500272,93.47056704552529,91.56866670198077,93.08424377441406,36050200,0.0,0.0
2023-03-15 00:00:00-04:00,92.34132009026139,96.01634914526834,91.76678529050788,95.2040786743164,50622100,0.0,0.0
2023-03-16 00:00:00-04:00,95.29320715808248,100.23617641239431,94.59980844378984,99.37437438964844,65492000,0.0,0.0
2023-03-17 00:00:00-04:00,99.31494349581332,101.87061846985974,99.15644804076712,100.66212463378906,61028500,0.0,0.0
2023-03-20 00:00:00-04:00,99.17626978959724,100.79090265941907,98.92862629411955,100.26589965820312,32960400,0.0,0.0
2023-03-21 00:00:00-04:00,100.29562522714755,104.10933390947386,100.2659092140549,103.9310302734375,42110300,0.0,0.0
2023-03-22 00:00:00-04:00,103.28714806980601,105.5852794567427,102.35601364515021,102.39563751220703,43427400,0.0,0.0
2023-03-23 00:00:00-04:00,104.06969579353225,105.29801292140883,103.47535294059679,104.60460662841797,40797800,0.0,0.0
2023-03-24 00:00:00-04:00,104.00035080055734,104.49563774653625,102.86118931331005,104.44611358642578,30393300,0.0,0.0
2023-03-27 00:00:00-04:00,103.6338527182764,103.77253247115901,100.96920628828376,101.49420928955078,31120900,0.0,0.0
2023-03-28 00:00:00-04:00,101.474403093689,101.48430339231476,98.79984875616225,100.07769012451172,32057900,0.0,0.0
2023-03-29 00:00:00-04:00,101.31590589564402,101.52392552543023,99.70127302207695,100.43429565429688,28779600,0.0,0.0
2023-03-30 00:00:00-04:00,99.95882633237822,100.20646983328197,98.83947287150617,99.93901062011719,33086200,0.0,0.0
2023-03-31 00:00:00-04:00,100.34515540089112,102.91073859125474,100.08760402894022,102.75225067138672,36863400,0.0,0.0
2023-04-03 00:00:00-04:00,101.42488009655725,103.54470803674319,100.96921692373489,103.37631225585938,25035400,0.0,0.0
2023-04-04 00:00:00-04:00,103.34657170012625,104.58478901401405,103.05930437640683,103.73289489746094,24420100,0.0,0.0
2023-04-05 00:00:00-04:00,104.78292489397982,105.09990829704094,102.68291268275507,103.48527526855469,28290500,0.0,0.0
2023-04-06 00:00:00-04:00,104.2678083632468,108.14094829072397,103.34657435574289,107.39801788330078,48711500,0.0,0.0
2023-04-10 00:00:00-04:00,105.97160978014296,106.57585296689001,104.12914153667725,105.43669891357422,27067400,0.0,0.0
2023-04-11 00:00:00-04:00,105.54566510200387,105.72396872832205,103.69328895955833,104.35697174072266,26311800,0.0,0.0
2023-04-12 00:00:00-04:00,105.57537185911791,105.74376761435744,103.35648080221837,103.65365600585938,24370300,0.0,0.0
2023-04-13 00:00:00-04:00,104.84235694101693,106.4768056835996,104.84235694101693,106.41737365722656,24843600,0.0,0.0
2023-04-14 00:00:00-04:00,105.8824559006008,107.9131356551454,105.83292417683923,107.84379577636719,26578000,0.0,0.0
2023-04-17 00:00:00-04:00,103.67346574988196,105.1593265676102,103.53477845401336,104.97111511230469,37571200,0.0,0.0
2023-04-18 00:00:00-04:00,105.4862165216186,105.53574824150101,103.08902940590605,103.51497650146484,26596400,0.0,0.0
2023-04-19 00:00:00-04:00,102.60366275289918,103.9904679457502,102.09846786716825,103.19800567626953,20905700,0.0,0.0
2023-04-20 00:00:00-04:00,102.93055686919203,105.2484966020609,102.89093299886771,104.29754638671875,27820800,0.0,0.0
2023-04-21 00:00:00-04:00,104.47584437704927,105.00084740487684,103.79234587649182,104.41641235351562,25800100,0.0,0.0
2023-04-24 00:00:00-04:00,104.49563632534093,105.62488994221607,103.71308205443991,104.97111511230469,23542800,0.0,0.0
2023-04-25 00:00:00-04:00,104.83245664076307,105.68435095367855,102.86120878129468,102.8711166381836,46664100,0.0,0.0
2023-04-26 00:00:00-04:00,103.93102314766244,105.3475442819754,101.66260776152602,102.73242950439453,53347600,0.0,0.0
2023-04-27 00:00:00-04:00,103.4654423247581,107.34849781246507,102.564023992642,106.57584381103516,50089200,0.0,0.0
2023-04-28 00:00:00-04:00,106.03104125953,106.33811677937744,104.09941743610682,106.32820892333984,36139800,0.0,0.0
2023-05-01 00:00:00-04:00,105.83292977932275,106.97209146882285,105.81312162325753,106.18953704833984,26681700,0.0,0.0
2023-05-02 00:00:00-04:00,106.13009189782639,106.18952391615264,102.73242296305273,104.3272476196289,30997200,0.0,0.0
2023-05-03 00:00:00-04:00,104.53527640058293,106.47680059664341,103.97064950457289,104.41641235351562,21795400,0.0,0.0
2023-05-04 00:00:00-04:00,104.49565601153888,104.60461976329854,102.98998675787486,103.70320129394531,23419500,0.0,0.0
2023-05-05 00:00:00-04:00,103.83195968460865,104.88196563853086,103.12865309684194,104.57489013671875,26639300,0.0,0.0
2023-05-08 00:00:00-04:00,104.18858240083797,106.94237714366561,104.16877424446015,106.75416564941406,26511400,0.0,0.0
2023-05-09 00:00:00-04:00,107.36830969094812,109.11172195668867,106.1796239755447,106.3381118774414,36360100,0.0,0.0
2023-05-10 00:00:00-04:00,106.95227902689095,111.87543315591678,106.91265515886795,110.69664764404297,63153400,0.0,0.0
2023-05-11 00:00:00-04:00,114.31225204675472,116.80849544025747,113.33158580903728,115.47122192382812,78900000,0.0,0.0
2023-05-12 00:00:00-04:00,115.5801655805234,116.91743886441324,115.01553874699306,116.40234375,41102300,0.0,0.0
2023-05-15 00:00:00-04:00,115.01555779431223,117.36322110013674,114.916501897153,115.41178894042969,36266800,0.0,0.0
2023-05-16 00:00:00-04:00,115.39196147654542,119.61180877166494,115.33252945579774,118.38349914550781,45035600,0.0,0.0
2023-05-17 00:00:00-04:00,118.48255646699654,120.52313648382196,117.76934197947081,119.70095825195312,33323600,0.0,0.0
2023-05-18 00:00:00-04:00,119.80992666831531,122.14768199859776,119.69106262074578,121.67221069335938,35234200,0.0,0.0
2023-05-19 00:00:00-04:00,122.38542149832001,124.78260877971135,120.99861637803845,121.60286712646484,41353400,0.0,0.0
2023-05-22 00:00:00-04:00,121.78117269366314,125.23827391464934,121.5830533547579,123.87128448486328,35253000,0.0,0.0
2023-05-23 00:00:00-04:00,122.98967145510028,123.45523488676992,121.05804762080852,121.40474700927734,34046300,0.0,0.0
2023-05-24 00:00:00-04:00,119.97832635531356,120.76088072713313,118.73020099136893,119.7603988647461,34182600,0.0,0.0
2023-05-25 00:00:00-04:00,123.34626847305567,124.1387306788188,120.81040150658113,122.31607818603516,42317000,0.0,0.0
2023-05-26 00:00:00-04:00,122.0089958487117,124.07929940606435,121.2957813707238,123.4354248046875,35635900,0.0,0.0
2023-05-30 00:00:00-04:00,124.45571975597146,124.47553546863793,120.85003091363836,122.50428771972656,35076700,0.0,0.0
2023-05-31 00:00:00-04:00,121.59295853842984,122.89060806044641,121.34531503835157,121.71183013916016,37325800,0.0,0.0
2023-06-01 00:00:00-04:00,121.66229962836286,123.24721653315949,121.46418784931825,122.55381774902344,30772700,0.0,0.0
2023-06-02 00:00:00-04:00,122.8212671711218,124.96091062176546,122.59343938511499,123.49485778808594,26980100,0.0,0.0
2023-06-05 00:00:00-04:00,122.8410720392123,126.22883297952637,122.67266873172743,124.82221984863281,32305500,0.0,0.0
2023-06-06 00:00:00-04:00,124.82223601376286,127.08073604231397,124.17836138082025,126.10997772216797,26638300,0.0,0.0
2023-06-07 00:00:00-04:00,125.77318888731985,127.8236693200009,120.96890623532141,121.34532165527344,52539000,0.0,0.0
2023-06-08 00:00:00-04:00,121.07786408652909,122.06843809259337,120.0971903791399,120.98870849609375,29389200,0.0,0.0
2023-06-09 00:00:00-04:00,121.09767375566376,122.59344263961952,120.76088221698073,121.07786560058594,23778300,0.0,0.0
2023-06-12 00:00:00-04:00,121.63258482252455,122.88071020381717,120.51323890061894,122.47457122802734,28306400,0.0,0.0
2023-06-13 00:00:00-04:00,123.80194237811752,123.9802460011841,122.01890614745163,122.66278076171875,22278300,0.0,0.0
2023-06-14 00:00:00-04:00,121.93966082841287,122.88071068558905,120.3052121775111,122.50428771972656,30592300,0.0,0.0
2023-06-15 00:00:00-04:00,121.97928005124778,124.27741139684176,121.2462574175831,123.91089630126953,35246300,0.0,0.0
2023-06-16 00:00:00-04:00,124.742979611465,124.92128322731656,122.11795709489255,122.3656005859375,45535600,0.0,0.0
2023-06-20 00:00:00-04:00,121.77126335074871,123.39580412253898,120.98870897595658,121.93965911865234,26097500,0.0,0.0
2023-06-21 00:00:00-04:00,121.24626438669232,121.50381575399224,118.96794106457482,119.41370391845703,30306300,0.0,0.0
2023-06-22 00:00:00-04:00,118.8688795483101,122.07833718002013,117.70990978650924,121.98918914794922,26952200,0.0,0.0
2023-06-23 00:00:00-04:00,120.2358708393946,121.63258382371362,119.91888745789723,121.18682098388672,34913600,0.0,0.0
2023-06-26 00:00:00-04:00,119.62172810000537,120.85003784396424,117.15519319770573,117.22453308105469,33969900,0.0,0.0
2023-06-27 00:00:00-04:00,115.97641255413603,117.95756067064339,115.0056466517561,117.21463012695312,39535900,0.0,0.0
2023-06-28 00:00:00-04:00,115.98630267450676,119.25519980286133,115.74856703748377,119.04718017578125,27091400,0.0,0.0
2023-06-29 00:00:00-04:00,118.11605098218598,118.92832142410506,117.1849164876566,117.97737121582031,24090900,0.0,0.0
2023-06-30 00:00:00-04:00,119.03727202436663,119.93869796362138,118.5618007515014,118.57170104980469,29532200,0.0,0.0
2023-07-03 00:00:00-04:00,118.11604630300786,119.05709617461561,117.7000070203923,118.76982879638672,14467900,0.0,0.0
2023-07-05 00:00:00-04:00,118.11603610569972,121.45427304986976,118.10613580754944,120.60237884521484,27584800,0.0,0.0
2023-07-06 00:00:00-04:00,118.67076110569717,119.16604807599226,117.28395607737501,118.97783660888672,24745200,0.0,0.0
2023-07-07 00:00:00-04:00,118.96794135463395,119.90899123235957,118.27454254576682,118.35379028320312,21709500,0.0,0.0
2023-07-10 00:00:00-04:00,117.18491641740523,117.19481671679651,115.0452727819369,115.35234832763672,35315200,0.0,0.0
2023-07-11 00:00:00-04:00,115.19384132163853,116.60045446518235,114.26269942444343,116.03582763671875,23078800,0.0,0.0
2023-07-12 00:00:00-04:00,117.68018806836497,119.19576499990413,117.2938648331679,117.8089599609375,30404400,0.0,0.0
2023-07-13 00:00:00-04:00,119.79011606460736,123.65335623874292,119.31463721160668,123.3660888671875,44297900,0.0,0.0
2023-07-14 00:00:00-04:00,123.62363431555437,125.58496654137278,122.3259772774838,124.23778533935547,33283100,0.0,0.0
2023-07-17 00:00:00-04:00,124.75290096825793,125.90196296117138,123.02929664266715,123.47505950927734,25716200,0.0,0.0
2023-07-18 00:00:00-04:00,123.4255157057774,123.50476343752902,121.80097499226719,122.59343719482422,26193600,0.0,0.0
2023-07-19 00:00:00-04:00,123.42552039211267,124.00005513290701,120.6519176928117,120.87974548339844,37224000,0.0,0.0
2023-07-20 00:00:00-04:00,120.27550701498885,122.92033808352632,117.10567287563465,118.07643127441406,37906800,0.0,0.0
2023-07-21 00:00:00-04:00,119.48304524220468,119.84955280579004,117.61086088273697,118.8886947631836,72937900,0.0,0.0
2023-07-24 00:00:00-04:00,120.51323990968405,121.84060548000588,119.83964926814579,120.38446044921875,29686100,0.0,0.0
2023-07-25 00:00:00-04:00,120.21606564367339,121.98919407545517,119.87926654145934,121.05805206298828,52509600,0.0,0.0
2023-07-26 00:00:00-04:00,128.8439605940008,129.74537139876955,127.11045618604405,128.05149841308594,61682100,0.0,0.0
2023-07-27 00:00:00-04:00,130.42885898076116,131.98406720387166,127.5760014129933,128.1802520751953,44952100,0.0,0.0
2023-07-28 00:00:00-04:00,129.54727072583006,132.47937651181306,129.3392586434395,131.33030700683594,36591200,0.0,0.0
2023-07-31 00:00:00-04:00,131.47886392024066,132.27132602951215,130.5378217782747,131.46896362304688,28055500,0.0,0.0
2023-08-01 00:00:00-04:00,129.54723626569262,131.37980378383097,129.44817284283687,130.3099822998047,23166800,0.0,0.0
2023-08-02 00:00:00-04:00,128.22980534062592,128.863772116118,126.35762102589456,127.1698989868164,26273300,0.0,0.0
2023-08-03 00:00:00-04:00,126.76374840615887,128.17036158821978,126.21892971575811,127.23921966552734,20089500,0.0,0.0
2023-08-04 00:00:00-04:00,128.0614204630477,130.27039650877546,126.70433876138416,126.90245056152344,26147200,0.0,0.0
2023-08-07 00:00:00-04:00,127.94253620376521,130.36943938092537,127.80385645406918,130.29019165039062,22746300,0.0,0.0
2023-08-08 00:00:00-04:00,129.38879135617893,130.27040174998604,128.3189694544306,130.16143798828125,23535200,0.0,0.0
2023-08-09 00:00:00-04:00,130.41899929897178,130.79540720669382,127.78406837010577,128.43785095214844,24912900,0.0,0.0
2023-08-10 00:00:00-04:00,130.08216956285366,130.8052842652116,128.22978612358457,128.467529296875,20857800,0.0,0.0
2023-08-11 00:00:00-04:00,127.44724985423152,128.70526790592254,126.96186317041614,128.33876037597656,19591100,0.0,0.0
2023-08-14 00:00:00-04:00,128.170370790581,130.13170310188443,127.7444312206599,130.0920867919922,24695600,0.0,0.0
2023-08-15 00:00:00-04:00,129.86428210238398,130.1812579827869,128.06142982490869,128.5567169189453,19770700,0.0,0.0
2023-08-16 00:00:00-04:00,127.48688507080078,129.0519939800755,126.66471430230392,127.48688507080078,25216100,0.0,0.0
2023-08-17 00:00:00-04:00,128.5764942460754,130.74585348864863,128.07129188741925,128.6953582763672,33446300,0.0,0.0
2023-08-18 00:00:00-04:00,127.29865064608583,128.03168079764703,125.18873089019047,126.25855255126953,30504800,0.0,0.0
2023-08-21 00:00:00-04:00,125.98121040027308,127.51659567276597,125.36705175678769,127.15998840332031,25248700,0.0,0.0
2023-08-22 00:00:00-04:00,127.29865446565053,129.05197461127347,127.11045810936166,127.86328887939453,22054900,0.0,0.0
2023-08-23 00:00:00-04:00,128.9529093119667,132.15247404718667,128.6458338064408,131.1222686767578,27819700,0.0,0.0
2023-08-24 00:00:00-04:00,132.68740946941512,132.9845847488296,128.34870480382898,128.5567169189453,28500700,0.0,0.0
2023-08-25 00:00:00-04:00,128.31892461860997,129.52742587526996,126.05051724567355,128.65573120117188,26762900,0.0,0.0
2023-08-28 00:00:00-04:00,130.07226065194624,131.2906623566744,128.91329096477185,129.77508544921875,20543300,0.0,0.0
2023-08-29 00:00:00-04:00,130.99350506379912,135.28269209662818,130.99350506379912,133.30154418945312,43075600,0.0,0.0
2023-08-30 00:00:00-04:00,133.5095448272466,134.99540563044192,132.80624584477715,134.59918212890625,28315800,0.0,0.0
2023-08-31 00:00:00-04:00,134.7279334017649,136.69918065108874,134.5100059625449,134.8864288330078,30053800,0.0,0.0
2023-09-01 00:00:00-04:00,136.16432303188128,136.16432303188128,133.5789240149797,134.38128662109375,21543700,0.0,0.0
2023-09-05 00:00:00-04:00,134.1633431456703,135.13410142022065,133.31144891270912,134.490234375,19403100,0.0,0.0
2023-09-06 00:00:00-04:00,134.73787413439317,135.24306141209425,132.41001928477638,133.1925811767578,18684500,0.0,0.0
2023-09-07 00:00:00-04:00,132.33075932430347,134.30200676190253,131.69679265373736,133.98501586914062,18844300,0.0,0.0
2023-09-08 00:00:00-04:00,133.6383223872398,135.37182663325115,133.5788903743412,135.09446716308594,23558300,0.0,0.0
2023-09-11 00:00:00-04:00,135.2529867790659,136.18412889149724,134.51005617212115,135.62940979003906,20763400,0.0,0.0
2023-09-12 00:00:00-04:00,134.97561156998864,135.5798623314705,133.91570522015272,134.0642852783203,18405500,0.0,0.0
2023-09-13 00:00:00-04:00,133.81663138154605,135.60956781404116,132.88548944943147,135.42137145996094,20749500,0.0,0.0
2023-09-14 00:00:00-04:00,136.3029917964192,137.39261415422715,134.95581051870604,136.79827880859375,24751000,0.0,0.0
2023-09-15 00:00:00-04:00,136.6794084421126,137.21432691405798,135.19354730998145,136.10487365722656,38919600,0.0,0.0
2023-09-18 00:00:00-04:00,135.32231734485046,137.8482841163795,135.32231734485046,136.90724182128906,21861300,0.0,0.0
2023-09-19 00:00:00-04:00,136.1246795130563,137.10535323062862,135.3322172769841,136.73883056640625,20353700,0.0,0.0
2023-09-20 00:00:00-04:00,136.7784418280109,136.7784418280109,132.3604757157884,132.47935485839844,29927500,0.0,0.0
2023-09-21 00:00:00-04:00,130.20105377280416,130.98360061103773,128.84397217961927,129.21047973632812,31503900,0.0,0.0
2023-09-22 00:00:00-04:00,129.52744986822796,130.78548307138033,128.37839552385094,129.0222625732422,26397300,0.0,0.0
2023-09-25 00:00:00-04:00,128.60622722629518,129.9335927895909,127.74443266302943,129.87416076660156,20094600,0.0,0.0
2023-09-26 00:00:00-04:00,128.5468020175819,129.13123709457156,126.02083510191228,127.35811614990234,25718700,0.0,0.0
2023-09-27 00:00:00-04:00,127.35809261486546,129.66611648324476,127.35809261486546,129.30950927734375,22746500,0.0,0.0
2023-09-28 00:00:00-04:00,128.616101876369,132.04349396320777,128.56657016210218,131.0628204345703,22513100,0.0,0.0
2023-09-29 00:00:00-04:00,132.02369781929437,132.78644401015598,129.1312236339659,129.6265106201172,30859800,0.0,0.0
2023-10-02 00:00:00-04:00,129.973228473938,133.15296272774447,129.93359704733973,132.9053192138672,22288000,0.0,0.0
2023-10-03 00:00:00-04:00,132.6774934391783,132.99446928200175,130.59728184486156,131.1817169189453,22989400,0.0,0.0
2023-10-04 00:00:00-04:00,131.53830697235477,134.29211643404554,131.28076318908475,133.96522521972656,26752300,0.0,0.0
2023-10-05 00:00:00-04:00,133.79684448242188,134.21288377054,132.19210423972567,133.79684448242188,19832600,0.0,0.0
2023-10-06 00:00:00-04:00,132.74681617552042,136.85770734068427,132.74681617552042,136.28317260742188,27597600,0.0,0.0
2023-10-09 00:00:00-04:00,135.6492043634317,137.63035233984527,134.3317391453215,137.11524963378906,19278100,0.0,0.0
2023-10-10 00:00:00-04:00,137.19449142895036,138.40299285145625,136.03552172670302,136.75863647460938,27786600,0.0,0.0
2023-10-11 00:00:00-04:00,137.27374202789582,139.77989295278536,137.27374202789582,139.2251739501953,25884300,0.0,0.0
2023-10-12 00:00:00-04:00,139.72046035185502,139.88885611158636,136.95675053372017,137.66006469726562,24765500,0.0,0.0
2023-10-13 00:00:00-04:00,138.06621031388815,138.68036136313773,135.33221637344056,136.06524658203125,23420500,0.0,0.0
2023-10-16 00:00:00-04:00,136.86762235774896,138.31386720251632,136.68932627392138,137.7888641357422,28501900,0.0,0.0
2023-10-17 00:00:00-04:00,137.3232929900395,138.58131122040757,135.88694844605996,138.40301513671875,23515800,0.0,0.0
2023-10-18 00:00:00-04:00,138.13553721785942,139.39357039308052,136.08505695789236,136.6595916748047,23375000,0.0,0.0
2023-10-19 00:00:00-04:00,137.19448376221146,138.34355310217805,136.08504584222058,136.45155334472656,26066000,0.0,0.0
2023-10-20 00:00:00-04:00,136.0355425938075,136.57044595575792,133.8067508749185,134.3218536376953,26335700,0.0,0.0
2023-10-23 00:00:00-04:00,133.76708863043964,136.36240244560938,132.6873667407286,135.2133331298828,26317900,0.0,0.0
2023-10-24 00:00:00-04:00,136.5308133876984,138.04639036690818,136.12467442857437,137.50157165527344,44814300,0.0,0.0
2023-10-25 00:00:00-04:00,126.95197704539778,127.10055711062341,123.89109922458236,124.42601013183594,84366200,0.0,0.0
2023-10-26 00:00:00-04:00,122.10805414835848,123.15806773168971,120.12690614034925,121.12738800048828,57061100,0.0,0.0
2023-10-27 00:00:00-04:00,121.721739301728,122.14768645517988,119.0769083420869,121.0184326171875,44566500,0.0,0.0
2023-10-30 00:00:00-04:00,122.04861726115155,124.21797666183564,121.59295414437162,123.28683471679688,28940100,0.0,0.0
2023-10-31 00:00:00-04:00,123.88117387337412,124.18825693226216,121.53351848457729,122.91041564941406,26292300,0.0,0.0
2023-11-01 00:00:00-04:00,122.90050115316852,125.29768813216984,122.55380180620205,125.25806427001953,30082400,0.0,0.0
2023-11-02 00:00:00-04:00,127.2095031061741,127.76422209219731,125.73355005694552,126.28826904296875,27124600,0.0,0.0
2023-11-03 00:00:00-04:00,126.81328074199891,128.3090419584001,126.65478528312015,127.88310241699219,26393100,0.0,0.0
2023-11-06 00:00:00-05:00,127.83357680477238,129.1114106050115,127.45715385068908,129.0222625732422,19052700,0.0,0.0
2023-11-07 00:00:00-05:00,129.47796029984235,130.66664631654922,128.6557819002547,129.73550415039062,29757300,0.0,0.0
2023-11-08 00:00:00-05:00,129.73548022222718,130.9637974447547,129.5472687405941,130.59727478027344,26425800,0.0,0.0
2023-11-09 00:00:00-05:00,130.71614806102886,131.30058307721072,128.84396385761158,129.01235961914062,23747800,0.0,0.0
2023-11-10 00:00:00-05:00,128.87367527216182,131.54822187953658,128.19017683711922,131.34019470214844,26913300,0.0,0.0
2023-11-13 00:00:00-05:00,130.5378341612988,131.34019664387745,130.0128311760323,130.84490966796875,18324800,0.0,0.0
2023-11-14 00:00:00-05:00,132.92509266130938,134.42085356813905,132.06329834382638,132.36045837402344,32395200,0.0,0.0
2023-11-15 00:00:00-05:00,133.59868715782386,133.7571825976708,132.3109532751992,133.35104370117188,23861500,0.0,0.0
2023-11-16 00:00:00-05:00,133.9156781811989,135.92654184217392,133.05388378791164,135.63926696777344,28013200,0.0,0.0
2023-11-17 00:00:00-05:00,134.71807494996435,134.77750697640147,132.39021981477103,134.03457641601562,37240600,0.0,0.0
2023-11-20 00:00:00-05:00,132.42986133871003,135.37186779133089,132.36051389260578,134.96572875976562,27815500,0.0,0.0
2023-11-21 00:00:00-05:00,135.00531118496744,135.886921357929,134.67843509669842,135.6789093017578,22635300,0.0,0.0
2023-11-22 00:00:00-05:00,136.1741959558059,138.10581204793675,136.1741959558059,137.18458557128906,17813900,0.0,0.0
2023-11-24 00:00:00-05:00,136.72891570592253,136.82797914299124,134.70815157836293,135.40155029296875,12514300,0.0,0.0
2023-11-27 00:00:00-05:00,134.7477683599397,137.11523941063973,134.71805235170586,135.1241912841797,23436500,0.0,0.0
2023-11-28 00:00:00-05:00,134.7973154661077,135.95628526440245,134.14353298041522,135.90675354003906,18730000,0.0,0.0
2023-11-29 00:00:00-05:00,136.27328862830294,136.98648808728825,133.56901040418717,133.7176055908203,23967200,0.0,0.0
2023-11-30 00:00:00-05:00,133.7770433521116,134.2723304321898,130.04257453613266,131.28079223632812,38988300,0.0,0.0
2023-12-01 00:00:00-05:00,130.6170654296875,130.86470888643157,129.43828015719262,130.6170654296875,31442300,0.0,0.0
2023-12-04 00:00:00-05:00,128.65574912560064,128.80432917172766,126.69440938445004,128.05149841308594,36669900,0.0,0.0
2023-12-05 00:00:00-05:00,127.73451535832072,130.8944488634641,127.04111657544283,129.7552947998047,27384800,0.0,0.0
2023-12-06 00:00:00-05:00,130.20106226225468,130.5972858566958,128.65576908298854,128.79444885253906,23576200,0.0,0.0
2023-12-07 00:00:00-05:00,133.76708303807405,137.25390714366299,133.4302915642557,135.63926696777344,56767100,0.0,0.0
2023-12-08 00:00:00-05:00,132.93504357345236,135.11430360941816,132.76664778723733,133.7176055908203,32260100,0.0,0.0
2023-12-11 00:00:00-05:00,131.1321890142382,132.08313157577382,130.12179931701706,132.03359985351562,31138000,0.0,0.0
2023-12-12 00:00:00-05:00,130.56755981511444,131.7463453232423,130.02274107837968,131.2708740234375,29032800,0.0,0.0
2023-12-13 00:00:00-05:00,132.122766584224,132.24163062890102,130.32983004053287,131.32040405273438,30104800,0.0,0.0
2023-12-14 00:00:00-05:00,132.12276380482388,132.45955533429708,128.46754335829976,130.6963348388672,38722400,0.0,0.0
2023-12-15 00:00:00-05:00,130.3793395531458,132.2515237297127,129.9434845931054,131.35011291503906,50847100,0.0,0.0
2023-12-18 00:00:00-05:00,131.37981077825293,135.8571935685249,131.18168392199348,134.51992797851562,32258000,0.0,0.0
2023-12-19 00:00:00-05:00,135.5501194052659,136.1741857555767,134.79728873509703,135.36190795898438,25476800,0.0,0.0
2023-12-20 00:00:00-05:00,137.66006190353008,140.3643245325025,136.76855140187814,137.03599548339844,49107200,0.0,0.0
2023-12-21 00:00:00-05:00,138.17516326857788,139.3638489644379,137.86807265297588,139.0963897705078,27488300,0.0,0.0
2023-12-22 00:00:00-05:00,139.4431269574312,140.65162862641927,139.3836949269829,140.15634155273438,26532200,0.0,0.0
2023-12-26 00:00:00-05:00,140.25536747570143,141.33508949612715,139.85914392608302,140.18603515625,16780300,0.0,0.0
2023-12-27 00:00:00-05:00,140.25536116259798,140.74074783674814,138.57138848007864,139.04685974121094,19628600,0.0,0.0
2023-12-28 00:00:00-05:00,139.45299127087407,139.80959847650112,138.43270137157182,138.90817260742188,16045700,0.0,0.0
2023-12-29 00:00:00-05:00,138.3138589912108,139.03697381318452,137.4718650054482,138.373291015625,18733000,0.0,0.0
2024-01-02 00:00:00-05:00,137.24403772207745,138.13554832155825,135.1935421823269,136.86761474609375,23711200,0.0,0.0
2024-01-03 00:00:00-05:00,135.95627794501937,138.31384884016077,135.78788218321773,137.61053466796875,24212100,0.0,0.0
2024-01-04 00:00:00-05:00,137.11524935880684,137.84827954999523,135.06476906710992,135.10438537597656,27137700,0.0,0.0
2024-01-05 00:00:00-05:00,135.4609816574128,135.86712058649852,133.8760573616901,134.45059204101562,22513900,0.0,0.0
2024-01-08 00:00:00-05:00,135.00531397852347,137.69967627152062,134.97559796988412,137.53128051757812,21404000,0.0,0.0
2024-01-09 00:00:00-05:00,137.19448071346397,140.15630202007083,136.84777381369236,139.6213836669922,24759600,0.0,0.0
2024-01-10 00:00:00-05:00,139.67093972821166,141.6520878094629,139.58179169214583,140.93887329101562,21320200,0.0,0.0
2024-01-11 00:00:00-05:00,142.13746611601331,143.8511548726539,139.31432422138022,140.74075317382812,24008700,0.0,0.0
2024-01-12 00:00:00-05:00,141.325205118498,141.85020818261793,140.48322620196657,141.30538940429688,18785500,0.0,0.0
2024-01-16 00:00:00-05:00,140.66150965520748,142.98936462858398,140.1166909258045,141.1468963623047,22670500,0.0,0.0
2024-01-17 00:00:00-05:00,140.01761059193032,140.5029820731337,137.59069272608775,140.136474609375,20968600,0.0,0.0
2024-01-18 00:00:00-05:00,140.71103470348461,142.85067809474862,140.65160268399825,142.12754821777344,25746400,0.0,0.0
2024-01-19 00:00:00-05:00,143.37567301703265,145.06954593689224,143.0190658052267,145.00021362304688,34271900,0.0,0.0
2024-01-22 00:00:00-05:00,145.7134600037741,146.99129397593433,144.46532693124,144.61392211914062,32200400,0.0,0.0
2024-01-23 00:00:00-05:00,144.51480738671555,145.7926409055007,144.1284842191799,145.65396118164062,21636100,0.0,0.0
2024-01-24 00:00:00-05:00,147.13985963029438,148.43752430496747,146.70401975406176,147.29835510253906,25233500,0.0,0.0
2024-01-25 00:00:00-05:00,148.65544028148244,151.6073464272401,148.1304221809848,150.43846130371094,29149100,0.0,0.0
2024-01-26 00:00:00-05:00,149.67575574088906,151.10216977867384,149.58659258262122,150.75547790527344,26115500,0.0,0.0
2024-01-29 00:00:00-05:00,150.62668943208467,152.33047802772649,150.00262293630868,152.06301879882812,27784300,0.0,0.0
2024-01-30 00:00:00-05:00,151.35971420009986,152.1719770416637,149.76488941359605,150.0323486328125,36331800,0.0,0.0
2024-01-31 00:00:00-05:00,142.2662284294629,142.64265137404246,138.55157604993053,138.7794189453125,71910000,0.0,0.0
2024-02-01 00:00:00-05:00,140.78037988444788,141.7115219147045,139.46291457727207,139.82943725585938,40466500,0.0,0.0
2024-02-02 00:00:00-05:00,137.94733213900224,141.2756614400684,135.21335329400358,141.03793334960938,62499600,0.0,0.0
2024-02-05 00:00:00-05:00,141.4737891857491,144.0988043000788,141.43415776046106,142.32566833496094,38505400,0.0,0.0
2024-02-06 00:00:00-05:00,143.2865333836356,143.98984762492026,141.8403037037534,142.74172973632812,29128200,0.0,0.0
2024-02-07 00:00:00-05:00,143.39547489124692,144.24736906510518,142.57329672572433,144.16812133789062,25208900,0.0,0.0
2024-02-08 00:00:00-05:00,144.45538972752917,144.95067666407766,143.73227503235654,144.53463745117188,22563800,0.0,0.0
2024-02-09 00:00:00-05:00,145.29739619867138,148.0313902841131,144.8021091675361,147.5955352783203,26829500,0.0,0.0
2024-02-12 00:00:00-05:00,147.02101469275374,147.9323411041707,145.98090880402975,146.139404296875,21564100,0.0,0.0
2024-02-13 00:00:00-05:00,143.553984129069,145.28748865156425,142.3355823254468,143.77191162109375,27837700,0.0,0.0
2024-02-14 00:00:00-05:00,144.70307186453817,145.1389269035668,142.7318238889174,144.56439208984375,22704200,0.0,0.0
2024-02-15 00:00:00-05:00,141.79076291731,142.1671858771817,139.13603183073639,141.42425537109375,37590700,0.0,0.0
2024-02-16 00:00:00-05:00,141.6421841188465,141.8402958992358,138.81904212467896,139.19546508789062,31468900,0.0,0.0
2024-02-20 00:00:00-05:00,138.34355027761947,140.74073722863244,138.175154533556,139.78977966308594,25144700,0.0,0.0
2024-02-21 00:00:00-05:00,140.11669187948075,141.34500910368052,139.35394565312507,141.20632934570312,23223300,0.0,0.0
2024-02-22 00:00:00-05:00,143.56387475177468,143.63322218318132,141.4539625247731,142.73179626464844,27191900,0.0,0.0
2024-02-23 00:00:00-05:00,142.31575244424536,143.31622665623695,142.0780092634441,142.60302734375,19493800,0.0,0.0
2024-02-26 00:00:00-05:00,140.80021641248308,141.09739169595915,136.09498895482767,136.27330017089844,53641800,0.0,0.0
2024-02-27 00:00:00-05:00,136.71899827282226,137.9373997982781,135.79775679141187,137.57089233398438,33099200,0.0,0.0
2024-02-28 00:00:00-05:00,136.60012853970923,136.70909226834252,134.13360931467162,135.09446716308594,37328600,0.0,0.0
2024-02-29 00:00:00-05:00,135.9860067089307,137.55111554859022,135.1142966931809,137.15489196777344,42133000,0.0,0.0
2024-03-01 00:00:00-05:00,137.12515439240792,137.561009379789,135.62939306295007,135.84732055664062,31151100,0.0,0.0
2024-03-04 00:00:00-05:00,134.38128712569457,134.38128712569457,130.66663422050593,132.0930633544922,55999400,0.0,0.0
2024-03-05 00:00:00-05:00,130.6369020545164,131.98408327949778,129.43830088138756,131.41944885253906,40194800,0.0,0.0
2024-03-06 00:00:00-05:00,131.8652267449587,132.32089750707752,129.61663429471935,130.16143798828125,35318600,0.0,0.0
2024-03-07 00:00:00-05:00,131.53831809840491,133.66806132063292,130.36944800435913,133.11334228515625,37738200,0.0,0.0
2024-03-08 00:00:00-05:00,132.94495063107448,136.78836768800528,132.7369234288496,134.13363647460938,39370400,0.0,0.0
2024-03-11 00:00:00-04:00,134.84683721432617,137.78884306732874,134.84683721432617,136.372314453125,32437800,0.0,0.0
2024-03-12 00:00:00-04:00,135.73832855053206,138.06618305988314,135.73832855053206,137.19447326660156,27563400,0.0,0.0
2024-03-13 00:00:00-04:00,137.68977381646687,139.7600696656856,137.67987351872839,138.47232055664062,23347200,0.0,0.0
2024-03-14 00:00:00-04:00,139.85914445542792,142.23651599205533,139.1360296729057,141.7511444091797,42753400,0.0,0.0
2024-03-15 00:00:00-04:00,141.15679282026272,141.83037587468064,138.7100738688481,139.84922790527344,49475400,0.0,0.0
2024-03-18 00:00:00-04:00,147.20922091949492,150.7158466618513,145.7827917649901,146.28797912597656,69273700,0.0,0.0
2024-03-19 00:00:00-04:00,146.76345753749575,147.38750892214128,144.7030616623303,145.64410400390625,24070400,0.0,0.0
2024-03-20 00:00:00-04:00,146.60495197646654,147.45684622092818,145.3568341780524,147.33798217773438,21311500,0.0,0.0
2024-03-21 00:00:00-04:00,148.06109347483115,148.95260400768646,145.51531110007699,146.20872497558594,24755600,0.0,0.0
2024-03-22 00:00:00-04:00,147.71437517232798,150.15119361758784,147.5756954308877,149.3488311767578,29211800,0.0,0.0
2024-03-25 00:00:00-04:00,148.52669232386205,148.96254737369796,146.42667993642965,148.6554718017578,19229300,0.0,0.0
2024-03-26 00:00:00-04:00,148.80403108916107,150.82479544746644,148.56628788202391,149.24978637695312,22149100,0.0,0.0
2024-03-27 00:00:00-04:00,149.75499733044484,150.2106681039903,147.4964894084391,149.4479217529297,22879200,0.0,0.0
2024-03-28 00:00:00-04:00,149.42809160115786,150.00261121097796,148.75449343194893,149.50732421875,24485400,0.0,0.0
2024-04-01 00:00:00-04:00,149.26960970551775,154.27201180475902,149.19036196576207,154.0243682861328,31730800,0.0,0.0
2024-04-02 00:00:00-04:00,152.05311284830339,153.24179865539583,150.71583186847434,153.10311889648438,24586000,0.0,0.0
2024-04-03 00:00:00-04:00,152.15216702325534,153.61821225881653,151.29035739579777,153.459716796875,24705000,0.0,0.0
2024-04-04 00:00:00-04:00,152.0531051580242,153.3111383384258,149.0318515113713,149.11109924316406,34724700,0.0,0.0
2024-04-05 00:00:00-04:00,148.6158116009819,151.97385675674153,148.18987204880133,151.06253051757812,23459200,0.0,0.0
2024-04-08 00:00:00-04:00,151.3398855456625,153.8064201009343,151.1714897894332,153.390380859375,20702000,0.0,0.0
2024-04-09 00:00:00-04:00,154.61869893107254,157.06541802943522,153.72718833727967,155.1239013671875,31079500,0.0,0.0
2024-04-10 00:00:00-04:00,154.73757558656484,155.13379915183737,153.22198341774504,154.66822814941406,22838600,0.0,0.0
2024-04-11 00:00:00-04:00,155.4309745942535,158.17485377315867,154.9852193039768,157.90740966796875,27166400,0.0,0.0
2024-04-12 00:00:00-04:00,156.4710527081727,158.70974417796904,155.6587748922991,156.2432098388672,25353700,0.0,0.0
2024-04-15 00:00:00-04:00,157.36259530028232,157.73901827873132,153.13283984468552,153.40029907226562,27136500,0.0,0.0
2024-04-16 00:00:00-04:00,152.7365985322643,154.1828280231779,151.98375266278597,152.94461059570312,20779500,0.0,0.0
2024-04-17 00:00:00-04:00,154.15311190556037,155.59935651041437,153.12292165720868,154.00453186035156,21763100,0.0,0.0
2024-04-18 00:00:00-04:00,153.87577639819307,155.4607009972949,153.16256184009333,154.53945922851562,19883000,0.0,0.0
2024-04-19 00:00:00-04:00,154.72765445129966,154.886149917532,150.86442193038377,152.63754272460938,32615600,0.0,0.0
2024-04-22 00:00:00-04:00,152.85548314560833,156.15409663024886,152.6078396267761,154.80691528320312,26446200,0.0,0.0
2024-04-23 00:00:00-04:00,155.4805001575941,157.4715484365775,154.80690198445652,156.7682342529297,21151600,0.0,0.0
2024-04-24 00:00:00-04:00,156.00549474863058,158.06589035097772,155.68850383367314,157.63003540039062,22779100,0.0,0.0
2024-04-25 00:00:00-04:00,149.90356233876008,155.01492770763642,149.44789165697802,154.529541015625,57109700,0.0,0.0
2024-04-26 00:00:00-04:00,172.72639581047983,173.06320248176968,168.05088498922183,170.32920837402344,64665300,0.0,0.0
2024-04-29 00:00:00-04:00,167.46643624163954,167.95182293786596,163.65273545115042,164.5838623046875,45610000,0.0,0.0
2024-04-30 00:00:00-04:00,164.04897776984578,166.51551272721193,161.067355161794,161.2456512451172,33562900,0.0,0.0
2024-05-01 00:00:00-04:00,162.7513151941065,165.54472608248636,161.55271397427848,162.31546020507812,33493200,0.0,0.0
2024-05-02 00:00:00-04:00,163.23668620505856,165.15840222342754,162.34517563249727,165.0494384765625,24294500,0.0,0.0
2024-05-03 00:00:00-04:00,165.9805805633127,166.37681924074352,161.51309716937072,165.66360473632812,34662400,0.0,0.0
2024-05-06 00:00:00-04:00,165.88153614579352,166.5551192408857,164.46500740235146,166.5155029296875,21871300,0.0,0.0
2024-05-07 00:00:00-04:00,166.91170961700217,170.14097523408242,166.8027458785292,169.6357879638672,28039700,0.0,0.0
2024-05-08 00:00:00-04:00,167.40699381865014,168.54614778977586,167.14945003877577,167.78341674804688,19569100,0.0,0.0
2024-05-09 00:00:00-04:00,167.79333673106953,169.08108601143434,166.59473548708618,168.35797119140625,15346700,0.0,0.0
2024-05-10 00:00:00-04:00,166.44612127224363,168.2489729178071,164.62346903263196,167.06027221679688,29799900,0.0,0.0
2024-05-13 00:00:00-04:00,162.71166406626963,167.68434929765695,162.45412029255667,167.54566955566406,31327600,0.0,0.0
2024-05-14 00:00:00-04:00,168.16974046044572,169.63578564580942,167.20888253839394,168.73435974121094,25127100,0.0,0.0
2024-05-15 00:00:00-04:00,169.02165742888434,171.02260615600562,168.90277826299467,170.88392639160156,26948400,0.0,0.0
2024-05-16 00:00:00-04:00,171.65655202628884,173.4693041567708,171.0622167291373,172.5381622314453,27867900,0.0,0.0
2024-05-17 00:00:00-04:00,172.5381677499416,174.60847884553613,172.05279617565412,174.40045166015625,24479300,0.0,0.0
2024-05-20 00:00:00-04:00,174.52923506740714,177.0849177951841,174.42027132306535,175.25234985351562,22554400,0.0,0.0
2024-05-21 00:00:00-04:00,175.2325569894993,176.47077464803155,174.15283481884995,176.17361450195312,16989400,0.0,0.0
2024-05-22 00:00:00-04:00,174.9750273730194,175.48021477735617,173.5585135117614,174.7174835205078,17880000,0.0,0.0
2024-05-23 00:00:00-04:00,175.4009483043823,176.56981838832198,171.31977307945,171.91412353515625,21024900,0.0,0.0
2024-05-24 00:00:00-04:00,173.33064549887038,174.1132074738641,172.0131801798613,173.34056091308594,16579400,0.0,0.0
2024-05-28 00:00:00-04:00,172.80562741846637,175.5990532912732,172.7263796864407,174.73724365234375,20572200,0.0,0.0
2024-05-29 00:00:00-04:00,173.77641807017562,175.17313126687532,173.0731188791876,174.2419891357422,23388700,0.0,0.0
2024-05-30 00:00:00-04:00,173.54855608932272,173.56837180086202,170.17069523243458,170.48768615722656,22931500,0.0,0.0
2024-05-31 00:00:00-04:00,170.2400414486173,171.428727178173,167.84285427810815,170.87400817871094,37638900,0.0,0.0
2024-06-03 00:00:00-04:00,170.91362278332906,172.88487038637814,169.54664100969404,171.53768920898438,27459100,0.0,0.0
2024-06-04 00:00:00-04:00,171.6466681505934,172.21130260761575,170.26977084192941,172.15185546875,26879600,0.0,0.0
2024-06-05 00:00:00-04:00,173.54853412186395,174.98486316999143,172.29050111014413,173.75656127929688,22068500,0.0,0.0
2024-06-06 00:00:00-04:00,174.24193929814342,175.4801566470926,174.09335926225268,175.06411743164062,23251000,0.0,0.0
2024-06-07 00:00:00-04:00,175.3811193801314,176.19338215245025,172.65704104078017,172.81553649902344,19661400,0.0,0.0
2024-06-10 00:00:00-04:00,173.51964913718612,175.59232118793005,171.32796149412926,173.55931091308594,23726700,0.2,0.0
2024-06-11 00:00:00-04:00,174.75928180816368,175.37413767386394,172.32959332705445,175.1559600830078,21540600,0.0,0.0
2024-06-12 00:00:00-04:00,176.77246257931822,178.9145616902939,174.65020192278865,176.31626892089844,27864700,0.0,0.0
2024-06-13 00:00:00-04:00,174.65022177235798,175.27500453381123,173.43042150065708,173.70809936523438,20913300,0.0,0.0
2024-06-14 00:00:00-04:00,172.77586542867536,175.59232060979843,172.70643840569585,175.32455444335938,18063600,0.0,0.0
2024-06-17 00:00:00-04:00,174.00558422755435,176.8815395045709,173.36096312594307,175.7708282470703,19618500,0.0,0.0
2024-06-18 00:00:00-04:00,175.67166697323572,175.91959469647514,172.6568725168595,173.63865661621094,21869900,0.0,0.0
2024-06-20 00:00:00-04:00,173.91630892423163,175.82039174330862,173.53946913019786,174.83860778808594,20160100,0.0,0.0
2024-06-21 00:00:00-04:00,175.53283243143696,179.35092551747323,175.1460657788295,178.1410369873047,57759000,0.0,0.0
2024-06-24 00:00:00-04:00,178.6666314019322,179.39057608957674,177.18897677924866,177.7344207763672,18298000,0.0,0.0
2024-06-25 00:00:00-04:00,178.1311284106777,182.76241705405673,177.932789233317,182.50457763671875,23130200,0.0,0.0
2024-06-26 00:00:00-04:00,181.11615066799544,182.9805567069559,180.96738496662277,182.3557891845703,19839000,0.0,0.0
2024-06-27 00:00:00-04:00,182.65330785628058,184.50781754506613,182.49464561148105,183.8731231689453,18848900,0.0,0.0
2024-06-28 00:00:00-04:00,182.792147275446,183.59543062581383,180.4517091135773,180.64012145996094,29156600,0.0,0.0
2024-07-01 00:00:00-04:00,181.51283682486664,182.3557971056762,179.79718128044868,181.47317504882812,16006100,0.0,0.0
2024-07-02 00:00:00-04:00,180.54095368507097,184.0317799288088,180.05500994673656,183.7045135498047,17372500,0.0,0.0
2024-07-03 00:00:00-04:00,183.31774817184274,184.5474598841237,182.47478793552256,184.2797088623047,10242100,0.0,0.0
2024-07-05 00:00:00-04:00,184.3193809047392,189.2779352009688,184.25988067435352,189.0200958251953,20967500,0.0,0.0
2024-07-08 00:00:00-04:00,188.32588786123958,188.59365403276064,186.22346566251395,187.46310424804688,21035900,0.0,0.0
2024-07-09 00:00:00-04:00,188.73247507074413,189.77377441041267,187.15565857106904,187.4134979248047,15121400,0.0,0.0
2024-07-10 00:00:00-04:00,187.58210403384115,190.16055833537922,187.4631035723971,189.59527587890625,15952500,0.0,0.0
2024-07-11 00:00:00-04:00,188.2763207656611,189.27794332888038,183.54585552687806,184.03179931640625,25625800,0.0,0.0
2024-07-12 00:00:00-04:00,183.54584610912124,185.55901792595884,182.9607403388162,183.5359344482422,22898400,0.0,0.0
2024-07-15 00:00:00-04:00,183.38717059216182,186.67965791404401,183.38717059216182,184.98382568359375,16474000,0.0,0.0
2024-07-16 00:00:00-04:00,185.8069343179161,187.11598469260912,181.85000281609425,182.39544677734375,18290700,0.0,0.0
2024-07-17 00:00:00-04:00,181.45333384653057,182.02852795037177,178.40877430017733,179.51950073242188,20734100,0.0,0.0
2024-07-18 00:00:00-04:00,180.42194633892038,180.98722878273526,175.00721361216966,176.21710205078125,25315700,0.0,0.0
2024-07-19 00:00:00-04:00,177.3972665467986,178.79556754067195,175.66177231612548,176.1873779296875,18881900,0.0,0.0
2024-07-22 00:00:00-04:00,179.09304357457464,181.1855538958276,178.73602709357348,180.16409301757812,24100300,0.0,0.0
2024-07-23 00:00:00-04:00,180.54093552073283,182.0880017877875,180.0351533802927,180.2830810546875,36352700,0.0,0.0
2024-07-24 00:00:00-04:00,172.16099630525835,174.72952357646327,170.39575233929236,171.19903564453125,49585200,0.0,0.0
2024-07-25 00:00:00-04:00,171.0899727872295,171.98250656560228,165.80415174823364,165.89340209960938,44852000,0.0,0.0
2024-07-26 00:00:00-04:00,165.76447324044335,166.69668392087527,162.7000901475995,165.61572265625,41336900,0.0,0.0
2024-07-29 00:00:00-04:00,167.4305308304377,169.0172589803579,166.59749741680673,168.12472534179688,20293800,0.0,0.0
2024-07-30 00:00:00-04:00,168.8288597911077,169.8106438435088,167.04377724268764,168.87843322753906,18959700,0.0,0.0
2024-07-31 00:00:00-04:00,171.80402388022083,172.80564657053054,168.6007863656019,170.11810302734375,25729100,0.0,0.0
2024-08-01 00:00:00-04:00,168.83877635874134,172.60728070774732,167.48013730321483,169.34454345703125,24531400,0.0,0.0
2024-08-02 00:00:00-04:00,165.06035633790583,167.1131899291379,163.3050238959055,165.27853393554688,29130100,0.0,0.0
2024-08-05 00:00:00-04:00,154.21101645285518,163.06698588982482,153.64573408080796,157.929931640625,53630700,0.0,0.0
2024-08-06 00:00:00-04:00,158.0092930412871,159.23901995455182,155.11349914776707,156.9779052734375,49004600,0.0,0.0
2024-08-07 00:00:00-04:00,159.91337776437143,161.62903333217733,157.15642275675472,157.62252807617188,25138600,0.0,0.0
2024-08-08 00:00:00-04:00,159.17951532110402,162.33316393530674,158.88201414908212,160.68692016601562,25578800,0.0,0.0
2024-08-09 00:00:00-04:00,158.68367330409217,162.43233971229074,157.74155087080686,162.31333923339844,28602300,0.0,0.0
2024-08-12 00:00:00-04:00,162.9877004487663,163.5331293646278,160.49849628320337,160.94476318359375,15895300,0.0,0.0
2024-08-13 00:00:00-04:00,162.05547223997468,163.36452268194483,161.61911704854913,162.79925537109375,18551700,0.0,0.0
2024-08-14 00:00:00-04:00,161.05385194604304,161.86706218713195,156.40274030979796,159.04067993164062,40591100,0.0,0.0
2024-08-15 00:00:00-04:00,159.16956482747966,160.30011440227054,158.28694292375963,159.9629364013672,31524300,0.0,0.0
2024-08-16 00:00:00-04:00,160.1315525357236,163.69179086382167,159.79437447768626,161.6092071533203,24208600,0.0,0.0
2024-08-19 00:00:00-04:00,163.90997461723012,165.30829060327488,162.89842527282462,165.2884521484375,22416200,0.0,0.0
2024-08-20 00:00:00-04:00,165.51655736424223,167.24213992598882,165.437233801864,165.7942352294922,18341500,0.0,0.0
2024-08-21 00:00:00-04:00,163.7810405444825,165.46696109244462,163.30502357434244,164.47525024414062,22902000,0.0,0.0
2024-08-22 00:00:00-04:00,165.8735566607167,166.20082306762401,161.9563017036317,162.44224548339844,22493300,0.0,0.0
2024-08-23 00:00:00-04:00,163.3546280676757,164.80251757325382,162.4720059319359,164.24716186523438,13955700,0.0,0.0
2024-08-26 00:00:00-04:00,165.00087721050534,166.16117723782313,163.09679395037034,164.78269958496094,14190400,0.0,0.0
2024-08-27 00:00:00-04:00,164.46531429923328,165.0603468280275,163.0967636946959,163.31492614746094,11821900,0.0,0.0
2024-08-28 00:00:00-04:00,163.67194071175507,164.22731146050197,160.19104131650704,161.50010681152344,16407400,0.0,0.0
2024-08-29 00:00:00-04:00,162.94802283987033,164.59426663919365,158.92167882710484,160.43899536132812,19699800,0.0,0.0
2024-08-30 00:00:00-04:00,161.27201637464404,162.30340415057861,160.34973253169585,162.02572631835938,22123800,0.0,0.0
2024-09-03 00:00:00-04:00,160.3794938325781,160.50842109663853,155.18292307861995,156.05563354492188,38945300,0.0,0.0
2024-09-04 00:00:00-04:00,155.3614183931521,157.68201804584697,154.66722385588943,155.1531524658203,19353800,0.0,0.0
2024-09-05 00:00:00-04:00,155.0044347321749,158.12831837773487,154.68707994374114,155.9366455078125,18688700,0.0,0.0
2024-09-06 00:00:00-04:00,155.99609488776926,156.5217003439776,149.30204771635266,149.66897583007812,37912100,0.0,0.0
2024-09-09 00:00:00-04:00,151.44650905863844,152.3303022884686,146.19340404923173,147.6730194091797,39260500,0.2,0.0
2024-09-10 00:00:00-04:00,149.4008786095233,150.21516785637962,147.30559146131813,147.6233673095703,31118800,0.0,0.0
2024-09-11 00:00:00-04:00,148.87456789416893,150.44355197063078,146.49130976548943,150.10592651367188,29607700,0.0,0.0
2024-09-12 00:00:00-04:00,152.72753482151148,153.74042646617514,151.58554483567272,153.611328125,29621500,0.0,0.0
2024-09-13 00:00:00-04:00,154.3461563209122,157.27559765598852,154.12770435368589,156.3620147705078,29591200,0.0,0.0
2024-09-16 00:00:00-04:00,156.2130393678647,157.14648695965292,155.50799884377685,156.9578094482422,18379800,0.0,0.0
2024-09-17 00:00:00-04:00,157.91111909387857,159.43044881944618,157.27558257568288,158.2090301513672,20715600,0.0,0.0
2024-09-18 00:00:00-04:00,158.74525678494552,159.38079329854523,157.49404853540457,158.6956024169922,23677300,0.0,0.0
2024-09-19 00:00:00-04:00,162.5684282858201,162.64785709776754,160.214944405528,161.00936889648438,26587700,0.0,0.0
2024-09-20 00:00:00-04:00,162.35991099365975,162.58830295605833,160.92994972015902,162.44927978515625,40896400,0.0,0.0
2024-09-23 00:00:00-04:00,163.20395671072333,164.33600662936618,160.5426370715715,160.7213897705078,24150900,0.0,0.0
2024-09-24 00:00:00-04:00,161.89315521075918,162.08183272389985,159.5694761752488,161.15830993652344,23332100,0.0,0.0
2024-09-25 00:00:00-04:00,160.34402682435416,161.6746790019905,160.17521409904674,160.3638916015625,18869200,0.0,0.0
2024-09-26 00:00:00-04:00,162.49890337717716,162.93583758934093,161.1483863361193,161.59524536132812,20319300,0.0,0.0
2024-09-27 00:00:00-04:00,161.6746974446782,164.54454440704646,161.4959598865702,162.80674743652344,21101300,0.0,0.0
2024-09-30 00:00:00-04:00,162.1811552014193,164.99140790109868,162.12156086139018,164.69351196289062,20413900,0.0,0.0
2024-10-01 00:00:00-04:00,166.52066197521472,167.98041254359694,163.43234810534034,165.82554626464844,28338100,0.0,0.0
2024-10-02 00:00:00-04:00,165.25953808497383,166.35187375711521,163.58132016704218,164.7034454345703,17760200,0.0,0.0
2024-10-03 00:00:00-04:00,163.26355943212087,165.4780052194021,162.77697078682365,164.7034454345703,15073100,0.0,0.0
2024-10-04 00:00:00-04:00,166.8880921706125,167.05690491903522,164.32608104579808,165.8950653076172,19047400,0.0,0.0
2024-10-07 00:00:00-04:00,166.55045841132394,167.30515333490106,161.6151139348849,161.843505859375,22463100,0.0,0.0
2024-10-08 00:00:00-04:00,162.79683039346867,163.58131496769886,161.73428435048646,163.2337646484375,23072700,0.0,0.0
2024-10-09 00:00:00-04:00,162.31024767332997,163.6905544913904,158.626126271172,160.73133850097656,31181800,0.0,0.0
2024-10-10 00:00:00-04:00,159.74821424684626,161.93288529839,159.28149044514248,160.9497833251953,14144100,0.0,0.0
2024-10-11 00:00:00-04:00,160.99943947811877,162.7570859994371,160.11564623470997,162.10169982910156,15344300,0.0,0.0
2024-10-14 00:00:00-04:00,162.49888985539508,165.07082539197873,162.2605579906687,163.8096923828125,19016100,0.0,0.0
2024-10-15 00:00:00-04:00,164.63389887361683,166.51071883252447,163.48199935482498,164.30621337890625,20247200,0.0,0.0
2024-10-16 00:00:00-04:00,163.38270428394787,164.64385260964121,162.59821974974642,164.00831604003906,16406000,0.0,0.0
2024-10-17 00:00:00-04:00,164.5743474287461,165.20988405229943,161.6250562602158,161.7938690185547,21453400,0.0,0.0
2024-10-18 00:00:00-04:00,162.0520341206834,163.56143898948267,161.942800574539,162.28042602539062,19757700,0.0,0.0
2024-10-21 00:00:00-04:00,161.8137182306033,163.35291284104187,161.48601755980903,162.92591857910156,20946500,0.0,0.0
2024-10-22 00:00:00-04:00,161.84352257963812,164.61407616151644,161.84352257963812,163.98846435546875,16568100,0.0,0.0
2024-10-23 00:00:00-04:00,163.6111016800633,164.66372289048581,160.80083381909756,161.64491271972656,18280500,0.0,0.0
2024-10-24 00:00:00-04:00,161.69454543683605,162.19105880543688,159.88722950198394,161.58531188964844,22412500,0.0,0.0
2024-10-25 00:00:00-04:00,162.52868955985642,164.43529913917524,162.2804328674599,164.11753845214844,19828900,0.0,0.0
2024-10-28 00:00:00-04:00,167.57327733196706,167.57327733196706,162.80674552404707,165.55743408203125,32138600,0.0,0.0
2024-10-29 00:00:00-04:00,166.56036607974156,169.19189595668735,165.92482959046737,168.49676513671875,42169000,0.0,0.0
2024-10-30 00:00:00-04:00,179.42008224519654,180.75074972710868,172.84624941070035,173.24346923828125,68890800,0.0,0.0
2024-10-31 00:00:00-04:00,171.92275825269778,175.58703007037118,169.80760603057018,169.91683959960938,44769000,0.0,0.0
2024-11-01 00:00:00-04:00,168.8840566551811,171.11836671050878,167.702352468204,170.0955352783203,31796500,0.0,0.0
2024-11-04 00:00:00-05:00,168.7450666319896,169.5394912426717,166.83845665778608,168.0598907470703,21492700,0.0,0.0
2024-11-05 00:00:00-05:00,168.2485301772737,169.34086576189884,167.66264797842342,168.55638122558594,18242100,0.0,0.0
2024-11-06 00:00:00-05:00,172.5880653336426,175.70616896018197,172.29015425546123,175.27915954589844,33695500,0.0,0.0
2024-11-07 00:00:00-05:00,176.17290261823987,179.8173094537086,175.95443549219976,179.48960876464844,25352900,0.0,0.0
2024-11-08 00:00:00-05:00,179.39030350893603,179.6385602340535,176.8382322539701,177.10635375976562,22006200,0.0,0.0
2024-11-11 00:00:00-05:00,177.33474537334146,179.29100957580835,177.22551180839807,179.0924072265625,17450400,0.0,0.0
2024-11-12 00:00:00-05:00,178.56607957571185,181.21745921136755,178.13907018890748,180.353515625,25134900,0.0,0.0
2024-11-13 00:00:00-05:00,179.2016288670182,179.69814228328764,177.295004014443,177.6326446533203,23184000,0.0,0.0
2024-11-14 00:00:00-05:00,177.03679026722088,177.57303314451747,173.10441321150563,174.35562133789062,31007500,0.0,0.0
2024-11-15 00:00:00-05:00,172.51855985039145,172.9257045177489,170.02606777532782,171.28721618652344,32504600,0.0,0.0
2024-11-18 00:00:00-05:00,172.2106958182379,174.21661408019878,171.69431766961333,174.0775909423828,20135300,0.0,0.0
2024-11-19 00:00:00-05:00,172.50861780572185,177.6226997913749,172.34972988032243,176.8779296875,23434900,0.0,0.0
2024-11-20 00:00:00-05:00,176.1033704582549,176.4409959363333,172.56819744687726,174.7528533935547,18997100,0.0,0.0
2024-11-21 00:00:00-05:00,172.6873414876996,172.91574854426113,162.55847191900318,166.46107482910156,59734400,0.0,0.0
2024-11-22 00:00:00-05:00,164.6934946716423,165.29924160304688,162.75708036226996,163.611083984375,38604600,0.0,0.0
2024-11-25 00:00:00-05:00,164.93182234405353,167.4541189743164,164.45517370894052,166.48094177246094,33135300,0.0,0.0
2024-11-26 00:00:00-05:00,166.4611039634079,168.63583529706082,166.41144958796977,167.94070434570312,20486700,0.0,0.0
2024-11-27 00:00:00-05:00,167.82153482882035,168.29818346613916,166.8483727748482,168.0499267578125,19266500,0.0,0.0
2024-11-29 00:00:00-05:00,167.3250372754296,168.24854504481223,165.99438482921897,167.7718963623047,14257200,0.0,0.0
2024-12-02 00:00:00-05:00,167.59314004161567,170.88005637942206,167.3945377088188,170.29417419433594,23789100,0.0,0.0
2024-12-03 00:00:00-05:00,170.29418101536214,171.4758702461707,169.6586444335241,170.1452178955078,22248700,0.0,0.0
2024-12-04 00:00:00-05:00,169.956535651712,173.69032622472676,169.86716687371202,173.15408325195312,31615100,0.0,0.0
2024-12-05 00:00:00-05:00,174.13720700852932,174.8323228448496,171.1283365544375,171.43617248535156,21356200,0.0,0.0
2024-12-06 00:00:00-05:00,170.83040986678466,173.85914482652376,170.66159711852214,173.49172973632812,21462400,0.0,0.0
2024-12-09 00:00:00-05:00,172.94494909205568,175.2315164432607,172.63674520121344,174.34671020507812,25389600,0.2,0.0
2024-12-10 00:00:00-05:00,181.78305343524673,185.27256668487914,179.99355362655623,184.08950805664062,54813000,0.0,0.0
2024-12-11 00:00:00-05:00,184.22869140717978,194.46859270076922,183.77138405763577,194.2598114013672,67894100,0.0,0.0
2024-12-12 00:00:00-05:00,193.86214396789393,194.04108635776814,190.59134831615194,190.8398895263672,34817500,0.0,0.0
2024-12-13 00:00:00-05:00,189.89543056387427,191.60539539173107,188.53342951612586,188.71238708496094,25143500,0.0,0.0
2024-12-16 00:00:00-05:00,191.74457308879215,197.8388085792474,191.49603187198403,195.51246643066406,44934900,0.0,0.0
2024-12-17 00:00:00-05:00,196.09904790683566,200.2447141714918,193.84228909023724,194.27972412109375,43504000,0.0,0.0
2024-12-18 00:00:00-05:00,194.08085519878878,195.85046734497547,186.64450667606317,187.30064392089844,34166100,0.0,0.0
2024-12-19 00:00:00-05:00,190.51180819781734,191.90363286978481,187.28077255169532,187.41000366210938,32265200,0.0,0.0
2024-12-20 00:00:00-05:00,184.69598248922645,191.7644966288348,184.1392524862356,190.2931365966797,63462900,0.0,0.0
2024-12-23 00:00:00-05:00,191.49604252749893,193.96158245764806,189.04045395521715,193.49432373046875,25675000,0.0,0.0
2024-12-24 00:00:00-05:00,193.70310444798892,194.9656982421875,192.64929197793106,194.9656982421875,10403300,0.0,0.0
2024-12-26 00:00:00-05:00,194.0112928154141,195.60196287620988,193.2457966910566,194.45867919921875,12046600,0.0,0.0
2024-12-27 00:00:00-05:00,193.81244697780068,194.18029831146464,189.53753481304466,191.63522338867188,18891400,0.0,0.0
2024-12-30 00:00:00-05:00,188.69249985736334,191.42645331502607,188.01645984137915,190.1240997314453,14264700,0.0,0.0
2024-12-31 00:00:00-05:00,189.96504702886492,190.83991706940904,187.41003573761844,188.1954345703125,17466900,0.0,0.0
2025-01-02 00:00:00-05:00,189.53752836365504,190.87965701997763,186.4059150585719,188.32464599609375,20370800,0.0,0.0
2025-01-03 00:00:00-05:00,190.25332050764314,192.08259534159248,188.87143198733318,190.67086791992188,18596200,0.0,0.0
2025-01-06 00:00:00-05:00,192.84811629000748,197.06338121642014,192.7188851595698,195.72125244140625,29563600,0.0,0.0
2025-01-07 00:00:00-05:00,195.95986188833012,199.8271630946656,193.46451322323452,194.3493194580078,26487200,0.0,0.0
2025-01-08 00:00:00-05:00,191.44633065751327,195.1446099087928,191.25743691061763,192.81826782226562,24864800,0.0,0.0
2025-01-10 00:00:00-05:00,193.16627156624116,195.37331918302115,189.19954756964907,190.91944885253906,26665200,0.0,0.0
2025-01-13 00:00:00-05:00,188.96094444164697,190.064453003047,186.2667506795452,189.89544677734375,21823700,0.0,0.0
2025-01-14 00:00:00-05:00,190.12409653498483,190.8597688353095,187.21118555715896,188.55331420898438,17174900,0.0,0.0
2025-01-15 00:00:00-05:00,191.96331352397246,195.21423727602792,190.74049483860904,194.40896606445312,21776000,0.0,0.0
2025-01-16 00:00:00-05:00,193.00719678139495,194.33937427025197,191.68495548164725,191.7843780517578,17815400,0.0,0.0
2025-01-17 00:00:00-05:00,195.3832141332428,196.0791264849475,192.61943710093595,194.85630798339844,27735100,0.0,0.0
2025-01-21 00:00:00-05:00,197.90841585876197,201.10961291187695,196.71540583129996,196.8943634033203,29971300,0.0,0.0
2025-01-22 00:00:00-05:00,197.8984854427286,199.3101979435439,196.37741418348202,197.21250915527344,26200600,0.0,0.0
2025-01-23 00:00:00-05:00,196.98383809552067,199.13123797930666,194.060990781993,196.82476806640625,26951400,0.0,0.0
2025-01-24 00:00:00-05:00,196.94405964079763,199.7277090395957,196.8446370895185,199.041748046875,23877500,0.0,0.0
2025-01-27 00:00:00-05:00,191.28727038356462,195.73118866143682,189.61706547784135,190.69076538085938,41728900,0.0,0.0
2025-01-28 00:00:00-05:00,191.6253070801952,194.33937332983098,189.5673782129492,194.16043090820312,24157900,0.0,0.0
2025-01-29 00:00:00-05:00,194.41887879385513,195.64169733166847,192.30130277467072,194.26976013183594,18218300,0.0,0.0
2025-01-30 00:00:00-05:00,196.84465797279535,200.22481269836635,196.5165817224703,199.69790649414062,24354700,0.0,0.0
2025-01-31 00:00:00-05:00,200.82132655430865,204.2810164474162,200.622496591671,202.8295440673828,32001100,0.0,0.0
2025-02-03 00:00:00-05:00,199.5189590127464,202.5611012223486,198.93240535424198,200.05580139160156,27838300,0.0,0.0
2025-02-04 00:00:00-05:00,202.20322238534604,205.84186999162728,201.62660485458937,205.17578125,43856400,0.0,0.0
2025-02-05 00:00:00-05:00,189.9550846125892,191.62527427419866,186.93281498241248,190.21356201171875,70373900,0.0,0.0
2025-02-06 00:00:00-05:00,188.3942574313725,190.979092361129,187.61880998639617,190.4820098876953,29297400,0.0,0.0
2025-02-07 00:00:00-05:00,189.93521824759102,190.0644493766904,182.17079235327273,184.25852966308594,49315000,0.0,0.0
2025-02-10 00:00:00-05:00,186.2567974441607,187.10182849533746,184.77548630303588,185.38192749023438,23105600,0.0,0.0
2025-02-11 00:00:00-05:00,183.95033114344977,185.8491897525843,183.20470746476104,184.2386474609375,21239500,0.0,0.0
2025-02-12 00:00:00-05:00,182.15088106006976,184.02985197882202,180.76899255548213,182.53860473632812,22072600,0.0,0.0
2025-02-13 00:00:00-05:00,183.24449120134597,185.19304601185559,182.07136866992408,185.05386352539062,21402500,0.0,0.0
2025-02-14 00:00:00-05:00,183.98016370030402,185.31234109604222,183.2444913440249,184.149169921875,20448400,0.0,0.0
2025-02-18 00:00:00-05:00,184.51701650776232,184.87491648825042,180.679539282988,182.69769287109375,29916700,0.0,0.0
2025-02-19 00:00:00-05:00,182.99595464619662,184.37784335780142,182.51874453488796,184.18894958496094,19549400,0.0,0.0
2025-02-20 00:00:00-05:00,183.72168304847523,184.22870170428735,181.65381816300632,183.4830780029297,20441500,0.0,0.0
2025-02-21 00:00:00-05:00,184.0696192348162,184.25851298688883,178.03504637457257,178.61166381835938,35199200,0.0,0.0
2025-02-24 00:00:00-05:00,180.9280885264688,182.0514846282233,177.84617104858543,178.20407104492188,29854200,0.0,0.0
2025-02-25 00:00:00-05:00,177.00113079837024,177.69705843760613,173.67068713379516,174.39642333984375,41913400,0.0,0.0
2025-02-26 00:00:00-05:00,174.0484644370393,175.05256557173047,170.57882331320525,171.72210693359375,35431300,0.0,0.0
2025-02-27 00:00:00-05:00,172.97477115402882,173.54143730705212,166.96006996247044,167.5167999267578,39991000,0.0,0.0
2025-02-28 00:00:00-05:00,167.69573747342162,169.61448372650818,165.7968939367366,169.28640747070312,48130600,0.0,0.0
2025-03-03 00:00:00-05:00,170.92678194521508,172.35838197888094,164.96179191810995,166.03549194335938,40770500,0.0,0.0
2025-03-04 00:00:00-05:00,165.26996901303033,172.2788190225673,164.8325340548135,169.9226531982422,45388000,0.0,0.0
2025-03-05 00:00:00-05:00,169.525009408903,172.7659816444027,168.07352192530007,172.0104217529297,30954900,0.0,0.0
2025-03-06 00:00:00-05:00,169.5349424001719,173.78996703932643,169.50511866618623,171.34432983398438,28302000,0.0,0.0
2025-03-07 00:00:00-05:00,170.26068506359857,173.94904372851937,169.27647146487496,172.84552001953125,27385800,0.0,0.0
2025-03-10 00:00:00-04:00,167.47083096485238,167.66990508590422,162.9222728186128,165.092041015625,43604000,0.2,0.0
2025-03-11 00:00:00-04:00,164.13652914671087,165.96789538185345,160.61312424215637,163.27059936523438,39587400,0.0,0.0
2025-03-12 00:00:00-04:00,165.79871989426576,166.85374592604674,162.76302175465403,166.32623291015625,28372400,0.0,0.0
2025-03-13 00:00:00-04:00,165.261242942738,165.3508323726828,161.34968247166375,161.9966278076172,31756200,0.0,0.0
2025-03-14 00:00:00-04:00,162.5042625866914,165.70916189584676,161.68810112377207,164.71385192871094,31995900,0.0,0.0
2025-03-17 00:00:00-04:00,164.25600506871956,165.5200529979304,162.90238288608768,163.51947021484375,31184300,0.0,0.0
2025-03-18 00:00:00-04:00,162.91230471538228,163.47963860497418,155.9849568446372,159.9164276123047,42074800,0.0,0.0
2025-03-19 00:00:00-04:00,161.0013078964,165.09203178483114,160.24487791525596,163.12132263183594,34275600,0.0,0.0
2025-03-20 00:00:00-04:00,160.81221119039924,164.11663181906812,160.20507160674322,162.03643798828125,28138500,0.0,0.0
2025-03-21 00:00:00-04:00,160.45391074936325,163.46969843906228,160.13540430124633,163.2208709716797,36625800,0.0,0.0
2025-03-24 00:00:00-04:00,166.2864302357092,167.53056759539257,164.36547425500177,166.8935546875,30879100,0.0,0.0
2025-03-25 00:00:00-04:00,168.1874640642974,169.82973452544573,167.53057106706197,169.7600555419922,24174400,0.0,0.0
2025-03-26 00:00:00-04:00,168.20736616989782,168.81450579137277,164.0668735115514,164.2858428955078,28901600,0.0,0.0
2025-03-27 00:00:00-04:00,163.85787020298363,164.6441583248392,161.24020036188836,161.4790802001953,24508300,0.0,0.0
2025-03-28 00:00:00-04:00,159.73728296251087,161.06104688273138,152.90945679818688,153.60617065429688,48669300,0.0,0.0
2025-03-31 00:00:00-04:00,152.39191084034044,154.81050678909716,149.9534044396659,153.91473388671875,54603500,0.0,0.0
2025-04-01 00:00:00-04:00,152.89949705290155,157.35849619606978,152.89949705290155,156.3333282470703,30672900,0.0,0.0
2025-04-02 00:00:00-04:00,154.42231653657922,157.6670363544579,153.97443014331054,156.30345153808594,25041700,0.0,0.0
2025-04-03 00:00:00-04:00,150.40127754802887,152.06344323592336,149.68465321481136,150.0131072998047,46883400,0.0,0.0
2025-04-04 00:00:00-04:00,147.31583037779836,150.3614917918229,144.69817535633214,144.91714477539062,62259500,0.0,0.0
2025-04-07 00:00:00-04:00,140.88614300883881,152.13314980238968,139.87092248816518,146.06175231933594,76794100,0.0,0.0
2025-04-08 00:00:00-04:00,150.5107721866655,151.5259925903324,142.35918124819136,144.02134704589844,52200200,0.0,0.0
2025-04-09 00:00:00-04:00,143.74263667980892,158.80167851894325,143.23503415914513,157.9656219482422,70406200,0.0,0.0
2025-04-10 00:00:00-04:00,155.80581046857128,156.9802840886705,149.22681119385487,152.103271484375,48022000,0.0,0.0
2025-04-11 00:00:00-04:00,152.18286551192307,156.93049760914,152.10325409102202,156.40298461914062,33636200,0.0,0.0
2025-04-14 00:00:00-04:00,159.24959030436233,160.96152461511218,156.82103162226488,158.32395935058594,30333000,0.0,0.0
2025-04-15 00:00:00-04:00,158.38367026397722,158.90122048049952,154.48205725338974,155.57688903808594,27551500,0.0,0.0
2025-04-16 00:00:00-04:00,152.381953334393,155.1588613016161,150.7993990348029,152.61087036132812,28187400,0.0,0.0
2025-04-17 00:00:00-04:00,153.56635949907425,153.9545297569088,147.8035217962651,150.4510498046875,33046600,0.0,0.0
2025-04-21 00:00:00-04:00,148.1817487017602,148.25141250019158,145.41478828401154,146.9774169921875,26049100,0.0,0.0
2025-04-22 00:00:00-04:00,148.191681312594,151.47620681854735,147.84331679407512,150.75958251953125,26971800,0.0,0.0
2025-04-23 00:00:00-04:00,154.88018931651595,156.79118268922488,153.08862828359344,154.6214141845703,31128800,0.0,0.0
2025-04-24 00:00:00-04:00,155.41763415068155,158.84150262211006,155.0593219807129,158.532958984375,45894000,0.0,0.0
2025-04-25 00:00:00-04:00,164.29580798857202,165.32097594255075,160.2846952290497,161.2003936767578,56034000,0.0,0.0
2025-04-28 00:00:00-04:00,161.66817604969367,162.38480037619334,157.85615258510526,159.85671997070312,29745800,0.0,0.0
2025-04-29 00:00:00-04:00,159.56806668176705,159.98609495501276,156.78119633957397,159.4088134765625,26809000,0.0,0.0
2025-04-30 00:00:00-04:00,157.2390449367046,158.52300314058715,154.67114371616248,158.05520629882812,34981100,0.0,0.0
2025-05-01 00:00:00-04:00,159.69748324974734,161.19044821971175,158.1647125629629,160.5435028076172,30203200,0.0,0.0
2025-05-02 00:00:00-04:00,162.64359387625743,164.19627488526416,161.11080813038504,163.26068115234375,25715000,0.0,0.0
2025-05-05 00:00:00-04:00,162.2355030126838,164.61429290949133,161.95681747402023,163.43983459472656,21341800,0.0,0.0
2025-05-06 00:00:00-04:00,161.40940569190968,164.02707560554774,160.43400623609975,162.4644317626953,21277200,0.0,0.0
2025-05-07 00:00:00-04:00,163.3104457768094,164.22612903746054,147.14660797263102,150.67001342773438,127490100,0.0,0.0
2025-05-08 00:00:00-04:00,154.27302076354474,155.19865159825923,152.18286408476257,153.556396484375,57498700,0.0,0.0
2025-05-09 00:00:00-04:00,153.44693820644628,154.32281585111178,151.4861763255997,152.03359985351562,32435300,0.0,0.0
2025-05-12 00:00:00-04:00,156.75137548916837,158.35382517745646,155.5171856365556,157.71682739257812,44138800,0.0,0.0
2025-05-13 00:00:00-04:00,158.0452492784777,159.81691483841985,155.42759461947415,158.7817840576172,42382100,0.0,0.0
2025-05-14 00:00:00-04:00,159.209775932056,166.21675084206151,158.86141139731794,164.59439086914062,48755900,0.0,0.0
2025-05-15 00:00:00-04:00,165.06219714400765,165.43047214987737,161.6084704301294,163.19102478027344,33146700,0.0,0.0
2025-05-16 00:00:00-04:00,166.9433389262676,168.55575142343383,164.84323425804385,165.4105682373047,42846900,0.0,0.0
2025-05-19 00:00:00-04:00,163.73841809182645,165.85843293399518,163.44978491746534,165.75889587402344,30426100,0.0,0.0
2025-05-20 00:00:00-04:00,165.6494131078347,167.70971181285083,162.13597050857302,163.21090698242188,46607700,0.0,0.0
2025-05-21 00:00:00-04:00,162.92227037071072,172.32794533461094,162.7928752314158,167.76942443847656,73416000,0.0,0.0
2025-05-22 00:00:00-04:00,171.0440181854767,175.94094123693523,169.90936546851952,170.068603515625,74864400,0.0,0.0
2025-05-23 00:00:00-04:00,168.26708452621156,169.1628725233235,167.10257379846712,167.6798553466797,35211400,0.0,0.0
2025-05-27 00:00:00-04:00,169.3619263053745,172.3578034614341,169.20267308577203,172.0890655517578,37995700,0.0,0.0
2025-05-28 00:00:00-04:00,172.34785613681433,174.4479605139837,171.10371883250124,171.55160522460938,34784000,0.0,0.0
2025-05-29 00:00:00-04:00,173.1839175950813,173.60194591853366,169.82972818892713,171.053955078125,29317300,0.0,0.0
2025-05-30 00:00:00-04:00,170.5463542897915,171.4023213954702,166.65468900773928,170.9345245361328,52639900,0.0,0.0
2025-06-02 00:00:00-04:00,167.05277689950148,169.0732543815281,166.60489057061463,168.23719787597656,38612300,0.0,0.0
2025-06-03 00:00:00-04:00,166.70444231356663,167.68978928654823,164.50480099371782,165.40057373046875,45084900,0.0,0.0
2025-06-04 00:00:00-04:00,165.95797207058334,167.4310264158141,165.57974946262576,167.26182556152344,26900800,0.0,0.0
2025-06-05 00:00:00-04:00,169.54106580736408,170.12829493792012,166.80396388771035,167.4210662841797,36379100,0.0,0.0
2025-06-06 00:00:00-04:00,170.02880836424262,173.6815942254864,170.02880836424262,172.8654327392578,35731800,0.0,0.0
2025-06-09 00:00:00-04:00,173.93170198198985,175.8549836240846,173.76229627558533,175.47630310058594,28935900,0.21,0.0
2025-06-10 00:00:00-04:00,175.58590961128442,180.47880106496282,174.30041217393423,177.97755432128906,61766100,0.0,0.0
2025-06-11 00:00:00-04:00,179.14346702948194,179.74136677669094,176.133988123354,176.73190307617188,31646800,0.0,0.0
2025-06-12 00:00:00-04:00,175.56596932852466,176.10409583310096,174.14096047000893,175.087646484375,20941900,0.0,0.0
2025-06-13 00:00:00-04:00,171.83900983498697,176.51266655178486,171.7891810552309,174.0612335205078,27663100,0.0,0.0
2025-06-16 00:00:00-04:00,174.12104697948539,176.3233516338636,174.0413239615484,176.15394592285156,27389200,0.0,0.0
2025-06-17 00:00:00-04:00,175.0876480323832,176.74186625647056,173.9715563176299,175.33677673339844,24973000,0.0,0.0
2025-06-18 00:00:00-04:00,175.39658525731375,175.94467150338016,172.59638077040555,172.71597290039062,28707500,0.0,0.0
2025-06-20 00:00:00-04:00,173.34373983894176,173.73237998796506,164.88333923967906,166.05921936035156,75659900,0.0,0.0
2025-06-23 00:00:00-04:00,165.6905108199857,166.75677368964836,161.43538860354417,164.61427307128906,57671000,0.0,0.0
2025-06-24 00:00:00-04:00,166.3382528798913,167.63372519441324,165.55101285806253,166.18878173828125,40524300,0.0,0.0
2025-06-25 00:00:00-04:00,167.04578597314622,171.75929686583365,166.96606296199934,170.08514404296875,35479000,0.0,0.0
2025-06-26 00:00:00-04:00,171.82906373170223,173.08468228715412,169.34775126375922,172.93519592285156,31796700,0.0,0.0
2025-06-27 00:00:00-04:00,172.93516183654683,178.0572470081361,171.1314725843347,177.90777587890625,108140200,0.0,0.0
2025-06-30 00:00:00-04:00,180.14994433141436,180.59837295030215,173.9715556124037,175.6157989501953,63378900,0.0,0.0
2025-07-01 00:00:00-04:00,175.12751523681553,175.47628629108172,172.92521085330227,175.22715759277344,35904500,0.0,0.0
2025-07-02 00:00:00-04:00,174.92819320035304,178.23662948182692,174.4598452552033,178.01739501953125,29128900,0.0,0.0
2025-07-03 00:00:00-04:00,177.8778878701253,179.0438083356934,176.43294448317042,178.904296875,21689700,0.0,0.0
2025-07-07 00:00:00-04:00,178.43595167386934,178.67512071867887,175.06772651945082,176.17385864257812,34175600,0.0,0.0
2025-07-08 00:00:00-04:00,177.23017699013243,177.32981935448504,172.20773349396308,173.75233459472656,40442500,0.0,0.0
2025-07-09 00:00:00-04:00,174.63923502855474,178.81463486384698,172.16788235105685,176.00445556640625,43025600,0.0,0.0
2025-07-10 00:00:00-04:00,175.0178914126315,177.8081205641565,173.77224796798342,177.00094604492188,29252400,0.0,0.0
2025-07-11 00:00:00-04:00,176.17386710523087,180.7976957543855,175.86494991101927,179.56202697753906,34282900,0.0,0.0
2025-07-14 00:00:00-04:00,180.37914463511837,183.02987774300456,179.05377808117527,180.92723083496094,32536600,0.0,0.0
2025-07-15 00:00:00-04:00,182.17288201396957,183.57797163820845,180.96710752938097,181.36570739746094,33448300,0.0,0.0
2025-07-16 00:00:00-04:00,182.60138443088442,183.68758195520638,181.39559478616047,182.3323211669922,33104200,0.0,0.0
2025-07-17 00:00:00-04:00,181.50521696666215,183.41852368346133,179.85099864083438,182.94020080566406,31992600,0.0,0.0
2025-07-18 00:00:00-04:00,184.75383518149354,185.7702845204503,183.069737966418,184.41502380371094,34014500,0.0,0.0
2025-07-21 00:00:00-04:00,185.6008814217948,189.62679452163042,185.50122385959315,189.43746948242188,45803100,0.0,0.0
2025-07-22 00:00:00-04:00,190.8325874995953,190.98205863993607,186.80667432845317,190.6731414794922,44660200,0.0,0.0
2025-07-23 00:00:00-04:00,190.8325947249331,191.85900380909362,188.520672962732,189.5670166015625,58681900,0.0,0.0
2025-07-24 00:00:00-04:00,196.3433222418533,197.26011409114668,190.33433883436888,191.50025939941406,74881700,0.0,0.0
2025-07-25 00:00:00-04:00,191.31089919737093,193.65271496353512,190.59340735435927,192.5067138671875,39785900,0.0,0.0
2025-07-28 00:00:00-04:00,192.97509170180885,193.37370675914636,190.17488744855515,191.90882873535156,38139500,0.0,0.0
2025-07-29 00:00:00-04:00,191.7593429801203,195.23718523880464,191.41057191018163,195.06777954101562,41389200,0.0,0.0
2025-07-30 00:00:00-04:00,194.91831074404357,196.91134044406198,194.0114785811888,195.84506225585938,32445400,0.0,0.0
2025-07-31 00:00:00-04:00,195.02790454929124,195.30692745731486,190.42399615568507,191.23117065429688,51329200,0.0,0.0
2025-08-01 00:00:00-04:00,188.3712133978127,190.16494328814227,187.16543886432095,188.4708709716797,34832200,0.0,0.0
2025-08-04 00:00:00-04:00,189.62678444569647,194.58943883195033,189.45737876344242,194.3602294921875,31547400,0.0,0.0
2025-08-05 00:00:00-04:00,194.03140047861146,197.17041596913074,193.21425105621586,193.9915313720703,31602300,0.0,0.0
2025-08-06 00:00:00-04:00,193.82213079278006,195.94471220658852,192.99502167474958,195.40658569335938,21562900,0.0,0.0
2025-08-07 00:00:00-04:00,196.37320958328212,196.85153244317704,193.65272836026733,195.83509826660156,26321800,0.0,0.0
2025-08-08 00:00:00-04:00,196.53265828436582,201.9038726725722,196.48282950116197,200.718017578125,39161800,0.0,0.0
2025-08-11 00:00:00-04:00,200.23969579500547,200.77780712193308,198.37621789685548,200.2994842529297,25832400,0.0,0.0
2025-08-12 00:00:00-04:00,200.6681968640444,203.78729330959044,199.89091647275984,202.63133239746094,30397900,0.0,0.0
2025-08-13 00:00:00-04:00,203.41858472937733,203.81718459405647,196.82164596798347,201.2561492919922,28342900,0.0,0.0
2025-08-14 00:00:00-04:00,200.7977432270797,203.7274993328687,200.5286799587332,202.23272705078125,25230400,0.0,0.0
2025-08-15 00:00:00-04:00,203.13954799676898,205.7205176785909,200.57849766290207,203.18936157226562,34931400,0.0,0.0
2025-08-18 00:00:00-04:00,203.4883288365654,204.55460702217843,201.7842969623296,202.790771484375,18526600,0.0,0.0
2025-08-19 00:00:00-04:00,202.3223803786228,202.73095505911667,199.26308812547938,200.8674774169922,24240200,0.0,0.0
2025-08-20 00:00:00-04:00,200.03040999419306,200.57849617106174,195.9148142419443,198.62533569335938,28955500,0.0,0.0
2025-08-21 00:00:00-04:00,199.0538330078125,201.77431417758274,198.73494097038414,199.0538330078125,19774600,0.0,0.0
2025-08-22 00:00:00-04:00,202.02344423178036,207.81319287530533,200.59843534470966,205.37173461914062,42827000,0.0,0.0
2025-08-25 00:00:00-04:00,205.71054863967242,209.78630584234324,204.56456266974786,207.7633819580078,29928900,0.0,0.0
2025-08-26 00:00:00-04:00,206.78679645866202,207.12562307278867,204.98310696587825,206.4180908203125,28464100,0.0,0.0
2025-08-27 00:00:00-04:00,204.98310175479907,208.1819211161226,204.9332729711404,206.75689697265625,23022900,0.0,0.0
2025-08-28 00:00:00-04:00,206.52770514920687,211.48038522978865,206.17891886526334,210.90240478515625,32339300,0.0,0.0
2025-08-29 00:00:00-04:00,209.77632411753885,213.90189476250458,209.46740696384475,212.16796875,39728400,0.0,0.0
2025-09-02 00:00:00-04:00,207.71352663332877,210.94222453179842,205.48132822988683,210.61338806152344,47523000,0.0,0.0
2025-09-03 00:00:00-04:00,225.42163672219405,230.50385346488952,224.00657221776532,229.8561248779297,103336100,0.0,0.0
2025-09-04 00:00:00-04:00,228.84964383594738,231.56016561750613,225.32198773211877,231.49041748046875,51684200,0.0,0.0
2025-09-05 00:00:00-04:00,231.39072486155447,234.9383149839264,231.09176739161794,234.18096923828125,46588900,0.0,0.0
2025-09-08 00:00:00-04:00,234.85919032931716,237.51229392263,233.06385649853374,233.43289184570312,32474700,0.21,0.0
2025-09-09 00:00:00-04:00,233.56257898038902,239.8462403027557,232.62501483391662,239.0084228515625,38061000,0.0,0.0
2025-09-10 00:00:00-04:00,238.280317666347,241.03316831731985,237.23305340830441,238.54962158203125,35141100,0.0,0.0
2025-09-11 00:00:00-04:00,239.25778647565335,241.62163412512044,235.63719736660352,239.7465057373047,30599300,0.0,0.0
2025-09-12 00:00:00-04:00,239.7464919977143,241.4520630725996,237.38264448371655,240.17538452148438,26771600,0.0,0.0
2025-09-15 00:00:00-04:00,244.02536743382055,251.75526430827645,244.02536743382055,250.95733642578125,58383800,0.0,0.0
2025-09-16 00:00:00-04:00,251.42612617048883,252.38362748338088,248.82289569604956,250.50851440429688,34109700,0.0,0.0
2025-09-17 00:00:00-04:00,250.56835490468708,250.94737408261642,245.6411664684413,248.8827362060547,34108000,0.0,0.0
2025-09-18 00:00:00-04:00,251.0271682452624,253.33118919660149,249.15205506430715,251.3762664794922,31239500,0.0,0.0
2025-09-19 00:00:00-04:00,252.5930770553269,255.33594363736893,251.15680993729336,254.05926513671875,55571400,0.0,0.0
2025-09-22 00:00:00-04:00,253.7700350469374,255.11653941381564,249.65075806779814,251.87496948242188,32290500,0.0,0.0
2025-09-23 00:00:00-04:00,252.38362744671002,253.7002107757565,249.8302703204236,251.00721740722656,26628000,0.0,0.0
2025-09-24 00:00:00-04:00,251.00721151585665,251.69542412904988,245.80075068993506,246.49893188476562,28201000,0.0,0.0
2025-09-25 00:00:00-04:00,243.76604145127706,245.85063173864694,240.1155467413105,245.15243530273438,31020400,0.0,0.0
2025-09-26 00:00:00-04:00,246.42913668030897,248.7730319241888,245.33198386371188,245.90049743652344,18503200,0.0,0.0
2025-09-29 00:00:00-04:00,247.20709239615746,250.4985201433971,242.1402679011131,243.4169464111328,32505800,0.0,0.0
2025-09-30 00:00:00-04:00,242.18016510404112,242.65891575563484,238.6294019345709,242.46942138671875,34724300,0.0,0.0
2025-10-01 00:00:00-04:00,240.1255258955177,245.6611329631193,237.99107738521485,244.26475524902344,31658200,0.0,0.0
2025-10-02 00:00:00-04:00,244.5140808226371,246.16977847594512,241.6714827842888,245.0526885986328,25483300,0.0,0.0
2025-10-03 00:00:00-04:00,243.85583788051034,245.66114059757743,241.0331766174326,244.71360778808594,30249600,0.0,0.0
2025-10-06 00:00:00-04:00,244.14505728413704,250.66810152305118,243.94557911341744,249.7803955078125,28894700,0.0,0.0
2025-10-07 00:00:00-04:00,247.62601181924765,249.7903811872092,244.88314509840285,245.1225128173828,23181300,0.0,0.0
2025-10-08 00:00:00-04:00,244.3246032710778,245.37186749350337,243.18756093367097,243.9854736328125,21307100,0.0,0.0
2025-10-09 00:00:00-04:00,243.83586445575082,244.12510552114733,238.52965682972516,240.9034881591797,27892100,0.0,0.0
2025-10-10 00:00:00-04:00,240.80375429608978,243.45685825048318,235.2282576904417,235.9563751220703,33180300,0.0,0.0
2025-10-13 00:00:00-04:00,239.5869108546296,243.8657760570938,239.08820783610793,243.5166778564453,24995000,0.0,0.0
2025-10-14 00:00:00-04:00,240.60425402252167,246.4789749711557,239.88612045840952,244.8133087158203,22111600,0.0,0.0
2025-10-15 00:00:00-04:00,246.6086665065597,251.45606092411225,245.35194025727193,250.3788604736328,27007700,0.0,0.0
2025-10-16 00:00:00-04:00,251.1169327071502,256.29345747170413,249.45126638195018,250.8077392578125,27997200,0.0,0.0
2025-10-17 00:00:00-04:00,250.10953966399788,253.56057134926166,247.16719481275433,252.64295959472656,29671600,0.0,0.0
2025-10-20 00:00:00-04:00,254.02934561004358,256.6624817157193,253.5705321372737,255.88450622558594,22350200,0.0,0.0
2025-10-21 00:00:00-04:00,254.07923005269296,254.2188662949897,243.51668810909678,249.81033325195312,47312100,0.0,0.0
2025-10-22 00:00:00-04:00,253.71019631561148,255.69502480450944,248.64337127106648,251.0371551513672,35029400,0.0,0.0
2025-10-23 00:00:00-04:00,252.3237915100895,254.3784456458486,251.19673296350098,252.4235382080078,19901400,0.0,0.0
2025-10-24 00:00:00-04:00,255.9144557753844,261.0012332121926,254.65774472843228,259.2458190917969,28655100,0.0,0.0
2025-10-27 00:00:00-04:00,264.13306424820985,269.43927147389144,263.5944564854066,268.5715026855469,35235200,0.0,0.0
2025-10-28 00:00:00-04:00,268.99045739081123,270.0277682724026,265.80872945123696,266.7762145996094,29738600,0.0,0.0
2025-10-29 00:00:00-04:00,267.05547147917497,274.6257797911847,266.97569238760303,273.8577880859375,43580300,0.0,0.0
2025-10-30 00:00:00-04:00,290.8336389163956,290.8336389163956,279.3335478851562,280.7498779296875,74876000,0.0,0.0
2025-10-31 00:00:00-04:00,282.47535101357687,285.25812233816373,276.3113891018392,280.4606018066406,39267900,0.0,0.0
2025-11-03 00:00:00-05:00,281.4480558536455,284.7893724933962,279.0742243823285,282.98406982421875,29786000,0.0,0.0
2025-11-04 00:00:00-05:00,276.0321091006133,280.5403732399284,275.5433899033839,276.820068359375,30078400,0.0,0.0
2025-11-05 00:00:00-05:00,278.1466184544242,285.677052345188,276.62058842555,283.572509765625,31010300,0.0,0.0
2025-11-06 00:00:00-05:00,284.5898957734926,287.60208195818814,280.41079182644177,284.01141357421875,37173600,0.0,0.0
2025-11-07 00:00:00-05:00,282.47536340962876,283.04389217242976,274.47617771869056,278.1067199707031,34479600,0.0,0.0
2025-11-10 00:00:00-05:00,283.6822445549795,290.0456696400176,282.12626310035637,289.3475036621094,29557300,0.0,0.0
2025-11-11 00:00:00-05:00,287.0035887304013,291.1627853205446,286.5747114373448,290.5543518066406,19842100,0.0,0.0
2025-11-12 00:00:00-05:00,290.9233873275988,291.2525483673142,282.9541227840324,285.9662780761719,24829900,0.0,0.0
2025-11-13 00:00:00-05:00,281.60765291032834,282.1063559927165,276.5208753822851,277.8474426269531,29494000,0.0,0.0
2025-11-14 00:00:00-05:00,270.706023148486,277.83747146334946,269.9978732620401,275.69305419921875,31647200,0.0,0.0
2025-11-17 00:00:00-05:00,285.0387085276487,293.1875295999499,282.83444961203753,284.2806701660156,52670200,0.0,0.0
2025-11-18 00:00:00-05:00,287.1731753233953,288.05086711584505,277.4783868942568,283.5426025390625,49158700,0.0,0.0
2025-11-19 00:00:00-05:00,286.41513772838755,303.0219431129204,285.88651371587775,292.05047607421875,68198900,0.0,0.0
2025-11-20 00:00:00-05:00,303.75007371618807,305.625202125324,287.921243180084,288.69921875,62025200,0.0,0.0
2025-11-21 00:00:00-05:00,295.65113486551246,303.1316807498811,293.0877938372482,298.8827209472656,74137700,0.0,0.0
2025-11-24 00:00:00-05:00,310.3229443803346,318.651290855991,308.79691436510495,317.75360107421875,85165100,0.0,0.0
2025-11-25 00:00:00-05:00,325.3638169665917,327.9770159307299,316.82602366827604,322.60101318359375,88632100,0.0,0.0
2025-11-26 00:00:00-05:00,319.8481736259059,323.6582721471574,315.9682798124272,319.1200866699219,51373400,0.0,0.0
2025-11-28 00:00:00-05:00,322.5312152935296,326.0021995827445,315.9682963529555,319.3494873046875,26018600,0.0,0.0
2025-12-01 00:00:00-05:00,316.87595107857686,319.02036824755595,313.07583602161014,314.0732421875,41183000,0.0,0.0
2025-12-02 00:00:00-05:00,315.91839456558273,317.554155160306,313.09574872951146,314.9908142089844,35854700,0.0,0.0
2025-12-03 00:00:00-05:00,315.07061440214585,320.74582687116515,313.2852490348319,318.8009033203125,41838300,0.0,0.0
2025-12-04 00:00:00-05:00,321.3942008459266,321.5238380796439,313.8837336096964,316.796142578125,31240900,0.0,0.0
2025-12-05 00:00:00-05:00,318.6612335259534,322.32172694260385,318.34208673882245,320.4366149902344,28851700,0.0,0.0
2025-12-08 00:00:00-05:00,319.42862865409404,319.81788611091974,310.61578500656543,313.1109313964844,33909400,0.21,0.0
2025-12-09 00:00:00-05:00,311.7635388280278,317.3726229056239,311.2944500995635,316.4643859863281,30194000,0.0,0.0
2025-12-10 00:00:00-05:00,315.2168165746965,320.6861883612462,314.069055340672,319.58831787109375,33428900,0.0,0.0
2025-12-11 00:00:00-05:00,319.45853583973854,320.4965251579071,308.0008443067889,311.8233947753906,42353700,0.0,0.0
2025-12-12 00:00:00-05:00,313.0909556884665,314.25866704717134,304.96674508462553,308.68951416015625,35940200,0.0,0.0
2025-12-15 00:00:00-05:00,310.7155693717638,310.81538131016634,304.288070405232,307.62158203125,29151900,0.0,0.0
2025-12-16 00:00:00-05:00,304.3579426322819,310.16661977978157,302.00250880457793,305.97479248046875,30585000,0.0,0.0
2025-12-17 00:00:00-05:00,307.4120099511304,307.4918412298865,295.54507970361715,296.1439208984375,43930400,0.0,0.0
2025-12-18 00:00:00-05:00,301.1342186567393,303.3698600006946,298.6490626821344,301.8727722167969,33518000,0.0,0.0
2025-12-19 00:00:00-05:00,301.1442091965169,306.65348128006514,300.3856749721532,306.56365966796875,59943200,0.0,0.0
2025-12-22 00:00:00-05:00,309.2783702904479,309.52788491338026,304.70724534166345,309.1785583496094,26429900,0.0,0.0
2025-12-23 00:00:00-05:00,309.02884787804055,314.328535898872,308.7194521900694,313.73968505859375,25478700,0.0,0.0
2025-12-24 00:00:00-05:00,314.15883598568854,314.4682316573388,311.3143938726672,313.48016357421875,10097400,0.0,0.0
2025-12-26 00:00:00-05:00,313.8694546536391,314.4782557314601,311.67371372407564,312.9013366699219,10899000,0.0,0.0
2025-12-29 00:00:00-05:00,310.76548227407176,313.41033130955566,310.0169383701615,312.95123291015625,19621800,0.0,0.0
2025-12-30 00:00:00-05:00,311.8932765746258,316.3346490163796,311.85334570689247,313.24066162109375,17380900,0.0,0.0
2025-12-31 00:00:00-05:00,312.2426007868329,313.9692224596297,310.83533467851674,312.3923034667969,16377700,0.0,0.0
2026-01-02 00:00:00-05:00,316.28474944088583,321.8738834308866,309.72749743587605,314.53814697265625,32009400,0.0,0.0
2026-01-05 00:00:00-05:00,317.0432968268774,318.4006418955826,314.01918050346546,315.92547607421875,30195600,0.0,0.0
2026-01-06 00:00:00-05:00,315.7857038876524,320.3168980142969,311.17467848252585,313.7297058105469,31212100,0.0,0.0
2026-01-07 00:00:00-05:00,313.7496277154789,325.5167449190081,313.5799748421341,321.3548583984375,35104400,0.0,0.0
2026-01-08 00:00:00-05:00,328.3313118537803,329.67869694461876,320.8758135066914,324.80816650390625,31896100,0.0,0.0
2026-01-09 00:00:00-05:00,326.45496079982934,330.1876899539591,325.16745676828174,327.9320983886719,26214200,0.0,0.0
2026-01-12 00:00:00-05:00,325.16743586064183,333.3914583276215,324.3690012716118,331.2156677246094,33923900,0.0,0.0
2026-01-13 00:00:00-05:00,334.29970979162056,339.828932001794,332.9722749179122,335.3177185058594,33517600,0.0,0.0
2026-01-14 00:00:00-05:00,334.40950381083184,335.8666608024698,329.838408937521,335.18798828125,28525600,0.0,0.0
2026-01-15 00:00:00-05:00,336.9944202593897,337.03435112462023,330.0978329050398,332.1338806152344,28442400,0.0,0.0
2026-01-16 00:00:00-05:00,333.7607557246461,334.00028002450074,327.0637915356931,329.35931396484375,40341600,0.0,0.0
2026-01-20 00:00:00-05:00,320.2470363972373,327.0937337673917,319.80788820634325,321.3748474121094,35361000,0.0,0.0
2026-01-21 00:00:00-05:00,320.2969541162656,331.83450818795274,318.729994927537,327.7424621582031,35386600,0.0,0.0
2026-01-22 00:00:00-05:00,333.8006666576773,334.49928930997066,328.11172120927307,329.89825439453125,26253600,0.0,0.0
2026-01-23 00:00:00-05:00,331.8444485977197,333.0421309365838,326.8142558744754,327.2933044433594,27280000,0.0,0.0
2026-01-26 00:00:00-05:00,327.1735452193246,335.1879535299186,326.3651202937951,332.61297607421875,26042100,0.0,0.0
2026-01-27 00:00:00-05:00,334.71886692218493,337.2539439848537,332.8325522369338,333.90045166015625,21636200,0.0,0.0
2026-01-28 00:00:00-05:00,335.40752623810386,336.8846637353836,331.2955302242731,335.3576354980469,27434400,0.0,0.0
2026-01-29 00:00:00-05:00,339.6393000059441,341.62545715973704,325.9060355700189,337.5932922363281,39785600,0.0,0.0
2026-01-30 00:00:00-05:00,339.33989756206086,339.33989756206086,331.64487488391205,337.3437805175781,31024000,0.0,0.0
2026-02-02 00:00:00-05:00,335.56723722383623,344.160506471566,334.9783863513143,343.0227355957031,32006100,0.0,0.0
2026-02-03 00:00:00-05:00,346.66563680855586,348.322417578686,336.81480425638233,339.0504455566406,36506700,0.0,0.0
2026-02-04 00:00:00-05:00,342.2941250868659,342.6434516437907,327.8821583120744,332.3934020996094,70618400,0.0,0.0
2026-02-05 00:00:00-05:00,311.6137920773395,332.0440485608184,305.8649659981283,330.6068420410156,88205800,0.0,0.0
2026-02-06 00:00:00-05:00,326.54477434837446,329.7385737476322,319.2988903139048,322.233154296875,56380500,0.0,0.0
2026-02-09 00:00:00-05:00,320.30690521957837,327.0637807183464,316.6440476026885,323.6903381347656,39640100,0.0,0.0
2026-02-10 00:00:00-05:00,320.3468306795893,321.0454837970353,313.9991629255859,317.9614562988281,39170000,0.0,0.0
2026-02-11 00:00:00-05:00,318.3507205277581,320.43665913490463,309.0587983421378,310.35626220703125,45406400,0.0,0.0
2026-02-12 00:00:00-05:00,311.4840518259579,315.6259882196205,306.603561940612,308.4000549316406,47761300,0.0,0.0
2026-02-13 00:00:00-05:00,307.1325415821482,308.03078810659247,303.1203270701956,305.1264343261719,38499700,0.0,0.0
2026-02-17 00:00:00-05:00,299.45745756709624,303.84890853372514,295.674807618098,301.43359375,39247600,0.0,0.0
2026-02-18 00:00:00-05:00,301.5035060024616,304.7871271852118,300.66514046909924,302.7410888671875,28482100,0.0,0.0
2026-02-19 00:00:00-05:00,301.23402488534225,304.87693233204385,299.4574819671566,302.26202392578125,25834400,0.0,0.0
2026-02-20 00:00:00-05:00,303.72916224594877,315.885507154404,303.30996428502766,314.36846923828125,53210800,0.0,0.0
2026-02-23 00:00:00-05:00,318.43054299285177,318.8996316925602,309.2683735389658,310.8852233886719,31423000,0.0,0.0
2026-02-24 00:00:00-05:00,309.91715008938735,311.6637526652123,305.33606470265187,310.2964172363281,25615600,0.0,0.0
2026-02-25 00:00:00-05:00,311.45411503231185,313.03106442763067,308.83920678711326,312.29248046875,29963600,0.0,0.0
2026-02-26 00:00:00-05:00,312.0330622595087,312.5320915706006,301.76303050890556,306.78326416015625,36431200,0.0,0.0
2026-02-27 00:00:00-05:00,303.5495233120643,311.7635251790807,303.21015662264614,311.15472412109375,44640600,0.0,0.0
2026-03-02 00:00:00-05:00,302.6412753457796,307.8910420913047,300.71499938521333,305.92486572265625,34790200,0.0,0.0
2026-03-03 00:00:00-05:00,298.01026816236094,303.34988694776314,296.1339134078651,302.9905700683594,35497000,0.0,0.0
2026-03-04 00:00:00-05:00,302.30197959238774,304.8769573413998,300.1661195993462,302.54150390625,29536200,0.0,0.0
2026-03-05 00:00:00-05:00,302.4516473530844,302.711121843687,297.4114338033223,300.29583740234375,35752300,0.0,0.0
2026-03-06 00:00:00-05:00,295.5151547022239,299.94653713519574,294.60691775969326,297.9404296875,25576900,0.0,0.0
2026-03-09 00:00:00-04:00,293.99527562141907,306.4198649966507,293.71562375842984,305.98040771484375,29312100,0.21,0.0
2026-03-10 00:00:00-04:00,305.79068968096857,309.1265479913924,305.1914269440574,306.65960693359375,23239700,0.0,0.0
2026-03-11 00:00:00-04:00,306.3699695674413,311.0341973481569,305.54101125974313,308.31756591796875,24125700,0.0,0.0
2026-03-12 00:00:00-04:00,306.43988798140623,308.5572566363961,300.65705267874506,303.1739196777344,24928300,0.0,0.0
2026-03-13 00:00:00-04:00,306.6296377698095,307.3087879643589,300.0677703977713,301.9054870605469,23693100,0.0,0.0
2026-03-16 00:00:00-04:00,303.97293465389924,306.11026747244654,302.64456537566065,305.1814270019531,23519700,0.0,0.0
2026-03-17 00:00:00-04:00,305.48103123176395,311.03417054952814,305.1214918945171,310.5347900390625,21955200,0.0,0.0
2026-03-18 00:00:00-04:00,308.88680583632095,312.08285325242963,306.5497087361953,307.30877685546875,20009800,0.0,0.0
2026-03-19 00:00:00-04:00,303.63335165234247,307.67832164750223,301.9754046785898,306.7494812011719,25075800,0.0,0.0
2026-03-20 00:00:00-04:00,305.0815409313132,305.62088043111504,297.9004465638477,300.6270751953125,44364100,0.0,0.0
2026-03-23 00:00:00-04:00,301.7356863586682,305.60091722739566,300.55715563413514,301.6857604980469,29326900,0.0,0.0
2026-03-24 00:00:00-04:00,298.82932646685043,299.5484356615691,289.97029010977093,290.0801696777344,36864300,0.0,0.0
2026-03-25 00:00:00-04:00,293.07644958925243,295.6332754793409,288.8816409209488,290.5695495605469,29460700,0.0,0.0
2026-03-26 00:00:00-04:00,287.553321534765,287.59328051443134,278.1549756132059,280.5719909667969,39080600,0.0,0.0
2026-03-27 00:00:00-04:00,276.9364513575891,279.02385820883654,273.6105906087015,274.0000915527344,35890600,0.0,0.0
2026-03-30 00:00:00-04:00,276.07755917965534,276.74671205405957,271.772870758184,273.1611633300781,35141200,0.0,0.0
2026-03-31 00:00:00-04:00,277.6955407888773,287.72308014338427,276.74670556560056,287.2037353515625,43875400,0.0,0.0
2026-04-01 00:00:00-04:00,290.47967248402244,300.14767254424095,290.05021252939383,297.0215759277344,37684500,0.0,0.0
2026-04-02 00:00:00-04:00,290.3298413990028,297.7106694379238,289.0913874960174,295.4035339355469,21666500,0.0,0.0
2026-04-06 00:00:00-04:00,295.5034561131459,300.24757156825143,294.81430848233833,299.61834716796875,16945500,0.0,0.0
2026-04-07 00:00:00-04:00,302.3549447988444,305.2513457589993,297.3511421656273,305.08154296875,23205400,0.0,0.0
2026-04-08 00:00:00-04:00,320.0530070056894,321.68096199730417,314.6297110626625,316.9268798828125,33547100,0.0,0.0
2026-04-09 00:00:00-04:00,315.51860784412145,319.1441153425082,310.6746106421415,318.09539794921875,23739200,0.0,0.0
2026-04-10 00:00:00-04:00,319.62350892085055,321.4312640320202,315.9281112234418,316.8469543457031,19152600,0.0,0.0
2026-04-13 00:00:00-04:00,316.74710955552524,321.2315371363443,315.0791651091577,320.91192626953125,18866400,0.0,0.0
2026-04-14 00:00:00-04:00,324.38762340838895,332.8770926852431,323.3489033390031,332.49755859375,27721400,0.0,0.0
2026-04-15 00:00:00-04:00,332.4775916674409,337.0619013824557,330.49003638532656,336.70233154296875,24918800,0.0,0.0
2026-04-16 00:00:00-04:00,338.33029678032364,339.458901613874,334.105526677332,335.6036682128906,20541500,0.0,0.0
2026-04-17 00:00:00-04:00,337.2316773591919,341.89590508018404,335.8234205588037,341.2566833496094,25581900,0.0,0.0
2026-04-20 00:00:00-04:00,340.3378420577138,340.97703331198585,336.1929591105031,337.0019836425781,18784200,0.0,0.0
2026-04-21 00:00:00-04:00,337.2716301294484,338.9195798085849,330.9394885663705,331.8783264160156,23123800,0.0,0.0
2026-04-22 00:00:00-04:00,336.60245884112476,339.3990082413208,334.7547751685775,338.8996276855469,20293000,0.0,0.0
2026-04-23 00:00:00-04:00,340.7572947145818,341.53632713037314,335.7634893621326,338.47015380859375,18650300,0.0,0.0
2026-04-24 00:00:00-04:00,338.31036908905986,344.84224494447176,334.9745105669949,343.97332763671875,26426100,0.0,0.0
2026-04-27 00:00:00-04:00,345.55139138660655,352.7424533316474,342.30541767036533,349.9059753417969,28576900,0.0,0.0
2026-04-28 00:00:00-04:00,348.1181924796765,351.9834237980171,345.6912101596132,349.3466796875,27824100,0.0,0.0
2026-04-29 00:00:00-04:00,347.13938043155986,355.34919736274225,343.7835275027263,349.5064392089844,35376300,0.0,0.0
2026-04-30 00:00:00-04:00,373.6065555628184,385.3619622201579,365.3667768501622,384.3232421875,72040000,0.0,0.0
2026-05-01 00:00:00-04:00,381.1572209075714,386.2808704617397,378.5804000830116,385.2121887207031,30105200,0.0,0.0
2026-05-04 00:00:00-04:00,385.15223320621686,386.90006506467324,379.31947226185457,382.7751770019531,26298600,0.0,0.0
2026-05-05 00:00:00-04:00,385.7515048868787,392.33333678038815,383.5442209432822,387.9487609863281,23878600,0.0,0.0
2026-05-06 00:00:00-04:00,393.7615619135972,399.3546301445318,392.2734176347804,397.546875,31308500,0.0,0.0
2026-05-07 00:00:00-04:00,399.42454979908837,399.6043194807176,392.1934987581594,397.4969177246094,24433500,0.0,0.0
2026-05-08 00:00:00-04:00,396.5081562950806,401.5019617899809,395.86893456144384,400.3034362792969,21461800,0.0,0.0
2026-05-11 00:00:00-04:00,393.16231133568834,396.94762453931395,387.9887360157618,388.1585388183594,30753700,0.0,0.0
2026-05-12 00:00:00-04:00,386.8601198229993,388.0386506028281,382.2957742925754,386.8701171875,26017500,0.0,0.0
2026-05-13 00:00:00-04:00,385.1222825184223,403.1998643489371,384.5230197682841,402.1211853027344,28144600,0.0,0.0
2026-05-14 00:00:00-04:00,396.7878070287349,402.43080112559403,395.349588612008,400.5731201171875,21136700,0.0,0.0
2026-05-15 00:00:00-04:00,395.82900006662373,399.0450119758119,392.69287563304505,396.2884216308594,20309700,0.0,0.0
2026-05-18 00:00:00-04:00,395.1997907850553,408.10376741205215,394.04122422601415,396.4482421875,26837200,0.0,0.0
2026-05-19 00:00:00-04:00,396.4681837278221,396.65795076850566,385.63162007935824,387.1797180175781,39545700,0.0,0.0
2026-05-20 00:00:00-04:00,387.2196997137571,393.37204141137994,382.42562803382646,388.4281921386719,31744400,0.0,0.0
2026-05-21 00:00:00-04:00,385.22215486500835,392.01371791338363,382.5454520468608,387.1797180175781,24852800,0.0,0.0
2026-05-22 00:00:00-04:00,386.87012298265273,388.258385079403,381.29701890681014,382.49554443359375,20442100,0.0,0.0
2026-05-26 00:00:00-04:00,384.03364271938483,388.777757974093,382.1260053488666,388.3982238769531,27747400,0.0,0.0
2026-05-27 00:00:00-04:00,386.1909694394293,393.3920284639016,385.42190388240675,388.3482666015625,23087300,0.0,0.0
2026-05-28 00:00:00-04:00,387.5193014898567,391.38450201712897,384.68282366229704,389.64666748046875,24357500,0.0,0.0
2026-05-29 00:00:00-04:00,384.7626974671623,384.7626974671623,377.9910987617443,379.8687744140625,44415800,0.0,0.0
2026-06-01 00:00:00-04:00,376.05352511273605,378.09100632744554,373.05724175924524,375.9037170410156,28672100,0.0,0.0
2026-06-02 00:00:00-04:00,366.13582064636165,373.07722234401785,357.99592394061045,361.4017028808594,50412300,0.0,0.0
2026-06-03 00:00:00-04:00,361.5814692403301,365.9960065843375,357.6363508187865,358.54522705078125,55441600,0.0,0.0
2026-06-04 00:00:00-04:00,358.4553387971999,372.7875661225121,357.7661912265356,371.7288818359375,44055500,0.0,0.0
2026-06-05 00:00:00-04:00,365.88613605551615,371.6190149899659,363.6688852043904,368.07342529296875,37471200,0.0,0.0
2026-06-08 00:00:00-04:00,364.9454235864071,365.9647879200631,360.2984165590168,363.0766296386719,27942500,0.22,0.0
2026-06-09 00:00:00-04:00,366.85420025674074,371.84098522768176,357.0704802123837,364.0260314941406,29535100,0.0,0.0
2026-06-10 00:00:00-04:00,362.95671584537644,368.3232616719084,354.97185779418805,356.1510925292969,32357100,0.0,0.0
2026-06-11 00:00:00-04:00,355.70134679025995,358.5694982511428,346.13748714351743,357.5401611328125,35538200,0.0,0.0
2026-06-12 00:00:00-04:00,362.3870579560934,366.33453278338226,354.7119986974298,359.4489440917969,24704600,0.0,0.0
2026-06-15 00:00:00-04:00,367.69366113705985,372.7504085202595,366.3145426692825,369.1127624511719,27727500,0.0,0.0
2026-06-16 00:00:00-04:00,369.3626044753487,375.7584875251172,366.8242274297617,373.01025390625,24876100,0.0,0.0
2026-06-17 00:00:00-04:00,368.8929017493238,372.0908279957741,361.78745285393074,363.55633544921875,24543600,0.0,0.0
2026-06-18 00:00:00-04:00,365.51504497617543,369.2426598317581,358.4396065335441,367.7935791015625,44470100,0.0,0.0
2026-06-22 00:00:00-04:00,357.72009076397745,358.68946892539066,341.50050477393233,349.45538330078125,52814800,0.0,0.0
2026-06-23 00:00:00-04:00,340.47114598010614,349.0656275102868,339.98147051143604,345.90765380859375,34007700,0.0,0.0
2026-06-24 00:00:00-04:00,348.8157979233392,353.25294826847323,341.7103492701006,345.0682067871094,44997300,0.0,0.0
2026-06-25 00:00:00-04:00,336.51370015420923,345.34801779729577,335.6242572392167,343.48919677734375,44491400,0.0,0.0
2026-06-26 00:00:00-04:00,342.32993723999033,346.1374872957393,329.98789515004995,337.17327880859375,114706300,0.0,0.0
2026-06-29 00:00:00-04:00,341.6104064955248,354.122383587675,340.4511784786947,353.4228210449219,34213900,0.0,0.0
2026-06-30 00:00:00-04:00,353.64269008629407,358.3896389689017,350.1749177879227,357.14044189453125,35237200,0.0,0.0
2026-07-01 00:00:00-04:00,358.1397942573561,362.7368455226467,356.20103798676814,360.97796630859375,26736400,0.0,0.0
2026-07-02 00:00:00-04:00,359.2490860357571,363.97602803095486,353.19298133516355,359.6788024902344,25974800,0.0,0.0
2026-07-06 00:00:00-04:00,361.31772936423556,367.693635754559,357.15042523629825,366.2245788574219,26915800,0.0,0.0
2026-07-07 00:00:00-04:00,368.8329180211536,372.9202869594668,365.26520405735874,366.7942199707031,24045600,0.0,0.0
2026-07-08 00:00:00-04:00,364.525702555654,367.6037106679975,357.79001132287857,361.6875305175781,22094800,0.0,0.0
2026-07-09 00:00:00-04:00,354.08240970637695,359.41897594546776,350.8544734886641,358.65948486328125,24729100,0.0,0.0
2026-07-10 00:00:00-04:00,357.30034280387986,357.5901650645865,352.52341441108456,356.9505615234375,18146100,0.0,0.0
2026-07-13 00:00:00-04:00,355.96119810970276,357.8999543595846,351.52404777471276,352.2835693359375,15901700,0.0,0.0
2026-07-14 00:00:00-04:00,350.97442351070157,359.92865963343,350.86447830880365,359.2790832519531,18259400,0.0,0.0
2026-07-15 00:00:00-04:00,357.74006858863044,373.40998963278184,357.5302120160503,370.6817626953125,28284600,0.0,0.0
2026-07-16 00:00:00-04:00,372.8203579699616,375.02892981037553,352.07368364698067,354.2322998046875,41158500,0.0,0.0
2026-07-17 00:00:00-04:00,345.77774679993126,348.2961170979314,341.1407126662452,346.5472412109375,29959300,0.0,0.0
2026-07-20 00:00:00-04:00,350.6546131580819,359.4489481797366,350.2948285491913,351.7638854980469,24736600,0.0,0.0
2026-07-21 00:00:00-04:00,351.09433677099497,351.09433677099497,346.77710440528256,346.927001953125,23369800,0.0,0.0
2026-07-22 00:00:00-04:00,347.93634723653764,349.7152025525983,341.51048515922605,341.8702392578125,39334100,0.0,0.0
2026-07-23 00:00:00-04:00,320.92372412122546,324.2815511558238,314.69771503877246,317.4859313964844,69419700,0.0,0.0
2026-07-24 00:00:00-04:00,318.2154780071113,323.97175736278774,317.11617848672984,319.53460693359375,31806600,0.0,0.0
2026-07-27 00:00:00-04:00,324.83120713377,330.2077559724587,324.2415898017393,326.3502197265625,28471600,0.0,0.0
2026-07-28 00:00:00-04:00,327.68937042492354,335.66425552638333,324.2316014627561,333.4956359863281,29511900,0.0,0.0
2026-07-29 00:00:00-04:00,334.455045685483,342.2800028423013,331.40698648547414,336.49371337890625,27501600,0.0,0.0
2026-07-30 00:00:00-04:00,333.98534038388266,336.29385412629074,330.12780397797883,333.4456787109375,30168000,0.0,0.0
2026-07-31 00:00:00-04:00,340.611054758666,358.3496530632621,339.78160132747564,355.9012451171875,46498000,0.0,0.0
2026-08-03 00:00:00-04:00,365.2152604560987,376.4480305309448,363.1166033198653,373.27008056640625,38669700,0.0,0.0
2026-08-04 00:00:00-04:00,367.9834743668337,380.2755612380555,367.263935640354,377.40740966796875,35705700,0.0,0.0
2026-08-05 00:00:00-04:00,383.0937455186354,384.2330278418686,356.54080629618977,362.1971740722656,46926300,0.0,0.0
2026-08-06 00:00:00-04:00,360.5382517887205,363.8961093831237,356.65076635274994,357.52020263671875,25235900,0.0,0.0
2026-08-07 00:00:00-04:00,356.49084652154687,358.6694387836589,353.5527327193329,354.0723876953125,19859900,0.0,0.0
2026-08-10 00:00:00-04:00,354.951850943437,357.38028276908574,352.4834362714388,357.29034423828125,18991400,0.0,0.0
2026-08-11 00:00:00-04:00,355.6613923515014,356.5807842683805,343.1694223006263,343.5791320800781,29081800,0.0,0.0
2026-08-12 00:00:00-04:00,346.0875456512855,346.25744987105145,340.66104092628797,343.3193359375,25012000,0.0,0.0
2026-08-13 00:00:00-04:00,345.5478948342235,347.7065110877775,343.5392066313974,346.13751220703125,17866100,0.0,0.0
2026-08-14 00:00:00-04:00,346.5772111705174,350.22489088982945,344.27870083870846,345.67779541015625,17808600,0.0,0.0
2026-08-17 00:00:00-04:00,346.04755304110785,347.0269344906474,341.7103446182459,343.7790222167969,18291300,0.0,0.0
2026-08-18 00:00:00-04:00,342.19005363605754,344.6484648943574,339.97147845233087,343.9789123535156,19248800,0.0,0.0
2026-08-19 00:00:00-04:00,342.2400076559886,346.5072842825429,340.44117610948047,344.4985656738281,19733800,0.0,0.0
2026-08-20 00:00:00-04:00,342.83962071417653,343.6790774504127,338.3525147854226,340.451171875,18570400,0.0,0.0
2026-08-21 00:00:00-04:00,342.359928876986,345.97762917305914,340.1813365286692,344.5985107421875,20849800,0.0,0.0
2026-08-24 00:00:00-04:00,343.39927531721605,351.3741604480826,342.2699962782288,347.83642578125,26338200,0.0,0.0
2026-08-25 00:00:00-04:00,349.41542326154587,349.9350782600912,345.37800981753963,346.73712158203125,20649700,0.0,0.0
2026-08-26 00:00:00-04:00,346.3973312516375,346.65717399060424,339.96146577825954,341.7803039550781,20420300,0.0,0.0
2026-08-27 00:00:00-04:00,339.45183186724313,341.4705233735174,338.3025461528343,340.4311828613281,23391400,0.0,0.0
2026-08-28 00:00:00-04:00,340.49114263603377,348.91575095848634,340.0514228221321,346.36737060546875,25347200,0.0,0.0
2026-08-31 00:00:00-04:00,343.60912172254496,344.3686432833908,336.94342338566804,339.13201904296875,33493600,0.0,0.0
2026-09-01 00:00:00-04:00,335.7841605001305,336.9834018439635,332.8360433203593,334.8047790527344,23342700,0.0,0.0
2026-09-02 00:00:00-04:00,333.84541044728496,339.78159726283246,332.6062167342666,336.9034423828125,22582300,0.0,0.0
2026-09-03 00:00:00-04:00,340.34122971001256,344.4585782378343,339.841550898423,342.260009765625,20726900,0.0,0.0
2026-09-04 00:00:00-04:00,342.4700012207031,343.5299987792969,337.0899963378906,338.4599914550781,23189300,0.22,0.0
2026-09-08 00:00:00-04:00,335.4200134277344,339.67999267578125,333.2200012207031,338.3599853515625,22915800,0.0,0.0
2026-09-09 00:00:00-04:00,331.6499938964844,331.8500061035156,327.8999938964844,330.6499938964844,33151600,0.0,0.0
2026-09-10 00:00:00-04:00,328.2300109863281,333.2300109863281,327.739990234375,332.6000061035156,23557600,0.0,0.0
2026-09-11 00:00:00-04:00,335.0299987792969,342.9800109863281,335.0299987792969,338.5,24708300,0.0,0.0
2026-09-14 00:00:00-04:00,343.1199951171875,349.9100036621094,342.1400146484375,349.3900146484375,35905400,0.0,0.0
2026-09-15 00:00:00-04:00,346.79998779296875,348.07000732421875,342.70001220703125,344.9800109863281,21928600,0.0,0.0
2026-09-16 00:00:00-04:00,347.0799865722656,348.3999938964844,340.6400146484375,342.8699951171875,18928900,0.0,0.0
2026-09-17 00:00:00-04:00,348.67999267578125,349.5,343.8900146484375,347.3299865722656,19238400,0.0,0.0
2026-09-18 00:00:00-04:00,357.30999755859375,359.44000244140625,348.45001220703125,349.5400085449219,47526100,0.0,0.0
