Date,open,high,low,close,volume,dividends,stock splits
2016-09-19 00:00:00-04:00,99.26370206192551,99.80437301709406,98.8640754438345,98.9581069946289,4525400,0.0,0.0
2016-09-20 00:00:00-04:00,99.40472434446926,99.77300703058606,98.9894288824999,99.38121795654297,3627100,0.0,0.0
2016-09-21 00:00:00-04:00,99.92190200375644,100.76033054410168,99.16183607585103,100.38421630859375,5367400,0.0,0.0
2016-09-22 00:00:00-04:00,100.9405526259498,101.59091203064811,100.86219002091262,100.88569641113281,4099700,0.0,0.0
2016-09-23 00:00:00-04:00,100.79167748858292,101.23831088863744,100.13346862792969,100.13346862792969,4464700,0.0,0.0
2016-09-26 00:00:00-04:00,99.59280164267167,99.69467064866667,98.22153960516535,98.29989624023438,5338500,0.0,0.0
2016-09-27 00:00:00-04:00,98.57415817520199,99.50661234039507,98.2293817904287,99.37340545654297,4433600,0.0,0.0
2016-09-28 00:00:00-04:00,99.67899310010888,100.71331619907501,99.56145516149795,100.50959014892578,5751100,0.0,0.0
2016-09-29 00:00:00-04:00,100.68980341830033,102.44502297287312,100.22749512818575,100.2431640625,5987500,0.0,0.0
2016-09-30 00:00:00-04:00,100.19616575110221,101.26967024259771,100.00810264280699,100.83085632324219,6044600,0.0,0.0
2016-10-03 00:00:00-04:00,100.4547358248863,100.9405625020317,100.2745161634138,100.68981170654297,3652700,0.0,0.0
2016-10-04 00:00:00-04:00,100.71331707379044,101.80249042313763,100.25884022893575,100.4547348022461,4848600,0.0,0.0
2016-10-05 00:00:00-04:00,100.54877774865818,101.10511167123755,99.92190671074984,99.96892547607422,4115400,0.0,0.0
2016-10-06 00:00:00-04:00,99.41257381771983,102.21777938353384,99.06779747784974,102.01405334472656,7472400,0.0,0.0
2016-10-07 00:00:00-04:00,101.73198952801972,102.18646645454606,100.2040079946768,100.54094696044922,5511900,0.0,0.0
2016-10-10 00:00:00-04:00,100.65061090710667,101.0345685046664,99.71031951904297,99.71031951904297,4349700,0.0,0.0
2016-10-11 00:00:00-04:00,99.39689762973084,99.57712325368531,98.30772436445515,98.61331939697266,5113900,0.0,0.0
2016-10-12 00:00:00-04:00,98.61332889318273,99.63982054213915,98.5036284082909,99.27153778076172,3545900,0.0,0.0
2016-10-13 00:00:00-04:00,98.9267631443641,99.2480331259072,98.08049712189893,98.9581069946289,3655700,0.0,0.0
2016-10-14 00:00:00-04:00,99.43610257136287,99.95326121924785,99.05998229980469,99.05998229980469,4462100,0.0,0.0
2016-10-17 00:00:00-04:00,98.87191375639952,99.35773447236504,97.85325953777861,98.05699157714844,3753000,0.0,0.0
2016-10-18 00:00:00-04:00,98.8483924333579,98.92674905874907,98.06481422299157,98.5271224975586,3563300,0.0,0.0
2016-10-19 00:00:00-04:00,98.54279793397916,98.80137420132333,97.56332516580888,98.64466094970703,4094800,0.0,0.0
2016-10-20 00:00:00-04:00,98.69169715982817,99.57714457853264,98.39393951977594,98.92677307128906,3543200,0.0,0.0
2016-10-21 00:00:00-04:00,98.19021003588837,99.35774618766267,98.14319724365521,99.2010269165039,3234100,0.0,0.0
2016-10-24 00:00:00-04:00,99.6946611693355,100.40771425236052,99.6946611693355,100.12562561035156,3824800,0.0,0.0
2016-10-25 00:00:00-04:00,98.94243789691946,98.94243789691946,96.6073777080879,96.64655303955078,8731900,0.0,0.0
2016-10-26 00:00:00-04:00,96.24691697829049,96.967807526745,95.90997809482603,96.15288543701172,5456100,0.0,0.0
2016-10-27 00:00:00-04:00,96.15289318566815,96.74057691500799,95.47901536443356,95.80028533935547,4261600,0.0,0.0
2016-10-28 00:00:00-04:00,96.14505723935912,97.23423062325739,95.76110553739488,96.83460998535156,4497700,0.0,0.0
2016-10-31 00:00:00-04:00,96.6543850902037,96.77192303447421,95.29879793720468,95.6043930053711,5671500,0.0,0.0
2016-11-01 00:00:00-04:00,95.35363470376207,95.7924365902429,93.40252064802975,93.94319152832031,7492600,0.0,0.0
2016-11-02 00:00:00-04:00,93.97452607787568,95.04019282096075,93.8883320046683,94.2566146850586,4846000,0.0,0.0
2016-11-03 00:00:00-04:00,94.29581009360314,94.7581244009543,94.09208403919024,94.17044067382812,5113500,0.0,0.0
2016-11-04 00:00:00-04:00,94.45252840746345,95.51819536704326,94.07640819540023,94.7424545288086,4607600,0.0,0.0
2016-11-07 00:00:00-05:00,95.98836139717488,97.14806014896568,95.83947957666835,96.96783447265625,5510400,0.0,0.0
2016-11-08 00:00:00-05:00,97.12452800028679,98.27638905906724,96.85027679063144,97.35960388183594,6105900,0.0,0.0
2016-11-09 00:00:00-05:00,94.77380909678969,98.93461464194996,94.28015683607498,98.74655151367188,8052500,0.0,0.0
2016-11-10 00:00:00-05:00,99.29502367500032,101.94352163607556,99.13047298163248,101.10508728027344,8737000,0.0,0.0
2016-11-11 00:00:00-05:00,101.12859382602274,101.96702818313375,100.8621801253618,101.74762725830078,5496100,0.0,0.0
2016-11-14 00:00:00-05:00,102.2569564816748,102.36665695289888,99.46741996501588,100.0394287109375,11438500,0.0,0.0
2016-11-15 00:00:00-05:00,99.56929497348106,100.0394407608178,96.3174438122076,97.47714233398438,13445400,0.0,0.0
2016-11-16 00:00:00-05:00,96.85026341948745,98.49577642846805,96.59951863695923,98.20585632324219,9793400,0.0,0.0
2016-11-17 00:00:00-05:00,98.62899195470294,101.19129008422817,98.49577911486158,101.0267333984375,6801200,0.0,0.0
2016-11-18 00:00:00-05:00,101.0267422738878,101.36368715288741,100.07861924720632,100.55660247802734,4428900,0.0,0.0
2016-11-21 00:00:00-05:00,100.51742599420339,101.00324072683277,99.83571668145488,100.47041320800781,4072100,0.0,0.0
2016-11-22 00:00:00-05:00,100.59576822350441,102.88381502085738,100.59576822350441,102.63306427001953,5535800,0.0,0.0
2016-11-23 00:00:00-05:00,102.930848310309,103.42450647661704,102.53905915138677,102.81331634521484,3582700,0.0,0.0
2016-11-25 00:00:00-05:00,103.3226609698147,103.54206199219709,102.70363921876276,103.09542846679688,2545800,0.0,0.0
2016-11-28 00:00:00-05:00,102.84465960776362,103.15808616874737,101.99839354535919,102.3666763305664,4859000,0.0,0.0
2016-11-29 00:00:00-05:00,102.68176272013316,103.02048465215135,101.81524518715973,102.10670471191406,4127100,0.69,0.0
2016-11-30 00:00:00-05:00,101.8861482328908,102.65814102282441,101.46864757014436,101.93341064453125,6973800,0.0,0.0
2016-12-01 00:00:00-05:00,101.88615362699359,102.68177766486968,101.61832526689032,101.98856353759766,5398700,0.0,0.0
2016-12-02 00:00:00-05:00,101.64981757438439,102.89444642009249,101.54741969577286,102.30364227294922,3738300,0.0,0.0
2016-12-05 00:00:00-05:00,102.65814088375653,102.7684238507488,102.05945161727685,102.15397644042969,4065400,0.0,0.0
2016-12-06 00:00:00-05:00,102.5084698047878,102.51634286683162,101.36623875150465,101.41351318359375,4292600,0.0,0.0
2016-12-07 00:00:00-05:00,101.42139332285745,104.81654639167836,101.42139332285745,104.34391021728516,6987300,0.0,0.0
2016-12-08 00:00:00-05:00,104.14696240205491,104.87168072779006,103.65068306228159,104.39903259277344,4975400,0.0,0.0
2016-12-09 00:00:00-05:00,104.38327064606204,105.084357741494,103.27256800314555,105.07648468017578,5174600,0.0,0.0
2016-12-12 00:00:00-05:00,104.87166668134307,106.07690604227092,104.87166668134307,106.01388549804688,6276500,0.0,0.0
2016-12-13 00:00:00-05:00,105.99027616873778,107.8335823929038,105.99027616873778,107.55786895751953,6886300,0.0,0.0
2016-12-14 00:00:00-05:00,107.17188486092513,107.8257096215046,106.9355607756645,107.11673736572266,7036300,0.0,0.0
2016-12-15 00:00:00-05:00,107.53423044688789,108.17230903801268,106.95131136701244,107.0064468383789,5839800,0.0,0.0
2016-12-16 00:00:00-05:00,107.21912764836499,107.61299704505724,106.3841264505678,106.43138885498047,9429300,0.0,0.0
2016-12-19 00:00:00-05:00,106.39198540786923,107.52633104316308,106.179292596267,106.69132995605469,3463600,0.0,0.0
2016-12-20 00:00:00-05:00,106.85677762412801,108.1092916178687,106.68347410348318,108.00688171386719,4301500,0.0,0.0
2016-12-21 00:00:00-05:00,107.86510550148952,108.10931471088449,107.57364589084773,107.78633880615234,2704700,0.0,0.0
2016-12-22 00:00:00-05:00,107.3294310120849,107.92023521949088,106.48654457328004,106.68347930908203,4094800,0.0,0.0
2016-12-23 00:00:00-05:00,106.8567608123969,107.12460113303538,106.17930498008054,106.38412475585938,2337300,0.0,0.0
2016-12-27 00:00:00-05:00,106.15570629460076,106.91194104461746,106.11632895944929,106.54957580566406,2254900,0.0,0.0
2016-12-28 00:00:00-05:00,106.79377180615533,107.02221080557591,106.07692649979153,106.39990234375,3369400,0.0,0.0
2016-12-29 00:00:00-05:00,106.36051002399488,107.01433475572635,106.05329233269374,106.42353057861328,2777900,0.0,0.0
2016-12-30 00:00:00-05:00,106.84889630808539,106.99069555035967,105.4230909237864,105.62002563476562,4149100,0.0,0.0
2017-01-03 00:00:00-05:00,106.42348290534632,106.74644657567153,105.2339900021723,105.80116271972656,5299700,0.0,0.0
2017-01-04 00:00:00-05:00,105.82480671255406,107.08519335286314,105.72240886223464,106.73858642578125,4055300,0.0,0.0
2017-01-05 00:00:00-05:00,106.32900047817247,106.70712382985664,105.38371613884709,105.47824096679688,3821100,0.0,0.0
2017-01-06 00:00:00-05:00,105.53335928591429,105.8169457113021,104.80864109213192,105.18675231933594,3827500,0.0,0.0
2017-01-09 00:00:00-05:00,104.94253058507283,106.15564266321388,104.87951005868499,105.80116271972656,4310200,0.0,0.0
2017-01-10 00:00:00-05:00,105.55700160884359,107.43182384200848,105.37582504629235,107.21125793457031,5928300,0.0,0.0
2017-01-11 00:00:00-05:00,107.21128200913071,107.43972102886663,106.13995649531633,106.89617919921875,4643700,0.0,0.0
2017-01-12 00:00:00-05:00,106.74649737391533,106.76225551799534,105.50975351233247,106.39990234375,3600000,0.0,0.0
2017-01-13 00:00:00-05:00,106.28171878050934,106.935543435065,106.1556776861501,106.3762435913086,3117600,0.0,0.0
2017-01-17 00:00:00-05:00,106.41565656872606,107.51061327676825,106.15570126135653,107.07735443115234,3976900,0.0,0.0
2017-01-18 00:00:00-05:00,107.05369463019674,107.36091227140716,106.28171399688799,107.25851440429688,3869700,0.0,0.0
2017-01-19 00:00:00-05:00,107.1324911227072,107.74692650725679,106.28960472444912,106.65196990966797,5078700,0.0,0.0
2017-01-20 00:00:00-05:00,106.54955771408684,107.13248881866146,106.02965918291656,106.81739807128906,4853900,0.0,0.0
2017-01-23 00:00:00-05:00,106.58895536457976,108.92066794455097,106.34475821335471,108.76312255859375,7056200,0.0,0.0
2017-01-24 00:00:00-05:00,108.61343128921297,109.0073006953735,108.15654133567388,108.75521850585938,4055100,0.0,0.0
2017-01-25 00:00:00-05:00,109.06241680006691,109.7871349363506,108.2589199885605,108.29830932617188,3631700,0.0,0.0
2017-01-26 00:00:00-05:00,108.71582044691824,109.63747334106412,108.47950843811628,109.0703125,2931200,0.0,0.0
2017-01-27 00:00:00-05:00,109.33814896800288,109.3617801706506,108.47163147111885,108.96791076660156,3149500,0.0,0.0
2017-01-30 00:00:00-05:00,108.7001280201224,109.09399758926851,107.8099789474697,109.07823944091797,2705000,0.0,0.0
2017-01-31 00:00:00-05:00,108.41647979260435,109.19633340324239,107.80204457576409,108.37709045410156,3227000,0.0,0.0
2017-02-01 00:00:00-05:00,108.44012631288837,108.67645035735607,107.54997762070076,108.2668228149414,2968800,0.0,0.0
2017-02-02 00:00:00-05:00,108.29047938397366,108.3534999452567,107.57363402181508,107.88085174560547,2197600,0.0,0.0
2017-02-03 00:00:00-05:00,108.12501920185746,109.07818840196806,107.89658024741792,108.69219207763672,2654700,0.0,0.0
2017-02-06 00:00:00-05:00,108.2589274411169,108.62916560426207,107.48694685453165,107.51846313476562,3864100,0.0,0.0
2017-02-07 00:00:00-05:00,108.04624754979216,108.47162117702288,107.3924229587267,107.64449310302734,3242000,0.0,0.0
2017-02-08 00:00:00-05:00,107.83358321744217,108.63708030332849,107.77844774190908,108.61344909667969,2882700,0.0,0.0
2017-02-09 00:00:00-05:00,108.61344060711353,109.61386033022983,108.2432023719648,109.26726531982422,2931900,0.0,0.0
2017-02-10 00:00:00-05:00,109.18061719983682,110.73246380654012,108.90490377470893,110.16529083251953,3297000,0.0,0.0
2017-02-13 00:00:00-05:00,110.66155912050695,110.79547329330923,109.53509824461274,110.18103790283203,2753000,0.0,0.0
2017-02-14 00:00:00-05:00,110.24408237037132,111.36267042693898,109.76356104847058,111.35479736328125,4775800,0.0,0.0
2017-02-15 00:00:00-05:00,111.28384964758509,112.37880596109619,111.03176749371325,112.0085678100586,4343500,0.0,0.0
2017-02-16 00:00:00-05:00,112.16614969441318,112.63879787696095,110.9924143203832,111.49656677246094,4295800,0.0,0.0
2017-02-17 00:00:00-05:00,111.3547233171652,112.7411388555229,111.07113695478107,112.64661407470703,5108400,0.0,0.0
2017-02-21 00:00:00-05:00,114.69482042884458,114.7341977688023,112.84362869291988,114.23793029785156,9275900,0.0,0.0
2017-02-22 00:00:00-05:00,114.26152201759886,114.59237089052975,113.4107626215162,114.4190673828125,5037800,0.0,0.0
2017-02-23 00:00:00-05:00,115.09651233295679,115.26981582420412,113.83612549114711,113.99368286132812,4184000,0.0,0.0
2017-02-24 00:00:00-05:00,113.94645677860788,115.07292994960704,113.94645677860788,114.97052001953125,3516900,0.0,0.0
2017-02-27 00:00:00-05:00,114.90747816205722,115.01776113557625,114.0646037258638,114.4584732055664,4388400,0.0,0.0
2017-02-28 00:00:00-05:00,114.20636532280542,114.71840274340127,113.80462287090337,114.15122985839844,4211900,0.0,0.0
2017-03-01 00:00:00-05:00,115.57705614415366,116.34903692578162,114.9232313934078,115.54553985595703,6213500,0.0,0.0
2017-03-02 00:00:00-05:00,115.86062294077395,116.76651774337134,115.31708125123949,116.54595184326172,4053400,0.0,0.0
2017-03-03 00:00:00-05:00,116.54596716865821,116.79016430303781,115.65583039043014,116.43568420410156,3412300,0.0,0.0
2017-03-06 00:00:00-05:00,115.90001678466797,116.19934936361673,115.46675802836519,115.90001678466797,3998000,0.0,0.0
2017-03-07 00:00:00-05:00,115.97130727775614,116.46267366432308,115.57504094198566,115.72562408447266,3996300,0.89,0.0
2017-03-08 00:00:00-05:00,115.88417129778487,116.59744613020493,115.64640898928042,116.4389419555664,3614500,0.0,0.0
2017-03-09 00:00:00-05:00,116.56574998939956,116.6291540777958,116.12985443985878,116.20117950439453,3594000,0.0,0.0
2017-03-10 00:00:00-05:00,116.69257894389617,116.86693719475785,116.06647101768499,116.38349151611328,3123200,0.0,0.0
2017-03-13 00:00:00-04:00,116.76387835228408,117.03333664688999,116.10607456738644,116.84312438964844,2933300,0.0,0.0
2017-03-14 00:00:00-04:00,116.71632949777702,116.96993375025107,116.07437975106339,116.629150390625,3272500,0.0,0.0
2017-03-15 00:00:00-04:00,116.77974410170725,117.59605213624414,116.31214043409092,117.25525665283203,3670500,0.0,0.0
2017-03-16 00:00:00-04:00,117.61189100657111,118.23799884148399,117.30280362385898,117.87342834472656,3544500,0.0,0.0
2017-03-17 00:00:00-04:00,118.40445670602443,118.87206049055682,117.3979482366156,118.56297302246094,9002000,0.0,0.0
2017-03-20 00:00:00-04:00,118.38856354956543,118.5549886795143,117.0571020445154,117.13636016845703,5906100,0.0,0.0
2017-03-21 00:00:00-04:00,117.5564410368893,117.84967442622835,115.91589164734224,116.19328308105469,4530000,0.0,0.0
2017-03-22 00:00:00-04:00,116.2883514548149,117.23938853601958,115.75735585191806,116.78765106201172,3169000,0.0,0.0
2017-03-23 00:00:00-04:00,116.72423028769455,117.61979622509844,116.52609708689481,117.28693389892578,3219400,0.0,0.0
2017-03-24 00:00:00-04:00,117.17599471123187,118.99881071623166,116.51025788102167,117.0650405883789,4735400,0.0,0.0
2017-03-27 00:00:00-04:00,116.55783115081539,117.04126465915236,115.91586927894055,116.3993148803711,2943000,0.0,0.0
2017-03-28 00:00:00-04:00,116.732190857831,116.77975300035237,115.66227846645212,116.6608657836914,4635600,0.0,0.0
2017-03-29 00:00:00-04:00,116.00306950460707,116.83523170353037,115.67814011447919,116.53406524658203,3730000,0.0,0.0
2017-03-30 00:00:00-04:00,116.28045880796812,116.80353356264709,116.0506174340506,116.46273803710938,2450800,0.0,0.0
2017-03-31 00:00:00-04:00,116.39933363761774,116.64501696606621,116.22497538650678,116.36763763427734,3248700,0.0,0.0
2017-04-03 00:00:00-04:00,116.45479585797949,116.66085007544724,115.78113800022615,116.20117950439453,3775300,0.0,0.0
2017-04-04 00:00:00-04:00,116.10607147377968,116.4230798009762,115.74943408241046,115.97926330566406,3124200,0.0,0.0
2017-04-05 00:00:00-04:00,116.2091124101021,117.64359514040504,116.16948334327354,116.21703338623047,3390400,0.0,0.0
2017-04-06 00:00:00-04:00,116.5340496399014,117.2631906583476,116.5023536401444,116.69256591796875,2699100,0.0,0.0
2017-04-07 00:00:00-04:00,116.58158692045484,117.13635749611424,116.42307067618795,116.60536193847656,2869100,0.0,0.0
2017-04-10 00:00:00-04:00,116.47062247877291,118.08738402636195,116.30418527428601,117.46128845214844,5044500,0.0,0.0
2017-04-11 00:00:00-04:00,117.22360084456918,117.81006773467497,116.58165081994083,117.45343017578125,2844800,0.0,0.0
2017-04-12 00:00:00-04:00,116.83519678762265,116.95408397656584,116.00303483738888,116.13776397705078,4445600,0.0,0.0
2017-04-13 00:00:00-04:00,116.04270685571254,116.51029852993719,115.60681118775032,115.63851928710938,2346900,0.0,0.0
2017-04-17 00:00:00-04:00,115.63056476587835,116.74803924560547,115.51961062489728,116.74803924560547,3467700,0.0,0.0
2017-04-18 00:00:00-04:00,116.54988181493839,117.43751475869321,116.3200526038204,117.10465240478516,2969400,0.0,0.0
2017-04-19 00:00:00-04:00,117.23940370754556,117.61189519395982,116.51820785093601,116.67671203613281,3461000,0.0,0.0
2017-04-20 00:00:00-04:00,117.02543356093513,118.12705402137661,116.85107532174916,117.86551666259766,3700500,0.0,0.0
2017-04-21 00:00:00-04:00,117.68322343310342,118.99881895426661,117.61188627604396,118.87994384765625,5019900,0.0,0.0
2017-04-24 00:00:00-04:00,119.73589592171128,120.51257493292518,119.55361670433444,120.37784576416016,5077200,0.0,0.0
2017-04-25 00:00:00-04:00,121.0911216342981,122.5652336183608,121.0911216342981,121.28133392333984,5496500,0.0,0.0
2017-04-26 00:00:00-04:00,121.34472183075164,122.69202544237235,120.78201810892594,122.22443389892578,5120200,0.0,0.0
2017-04-27 00:00:00-04:00,122.59691599864703,123.84911942939488,121.96288726125553,123.73023223876953,5881400,0.0,0.0
2017-04-28 00:00:00-04:00,123.64310221216282,123.83331453680633,122.12937296601872,123.71443939208984,4983000,0.0,0.0
2017-05-01 00:00:00-04:00,123.80950150310308,123.84913057020968,122.21651458740234,122.21651458740234,3152900,0.0,0.0
2017-05-02 00:00:00-04:00,122.43844295000902,122.96943867573998,121.85988508008668,122.8030014038086,3295100,0.0,0.0
2017-05-03 00:00:00-04:00,122.96942140072012,123.15170060201292,122.51767179258017,122.84261322021484,2445500,0.0,0.0
2017-05-04 00:00:00-04:00,123.2071835653137,123.34983369838753,122.25613430578007,122.73165893554688,3793100,0.0,0.0
2017-05-05 00:00:00-04:00,123.1120856783938,123.43702714336119,122.12141932892861,123.42117309570312,2500600,0.0,0.0
2017-05-08 00:00:00-04:00,123.51627847102469,124.55449481306421,123.23096609440285,124.34050750732422,3184600,0.0,0.0
2017-05-09 00:00:00-04:00,124.4594006661966,125.01418354616902,123.86500080316573,124.96662139892578,3004400,0.0,0.0
2017-05-10 00:00:00-04:00,124.83975099317652,125.33903835769014,124.66539283633401,125.32319641113281,2617600,0.0,0.0
2017-05-11 00:00:00-04:00,124.70509099615846,124.98247033169363,123.10417071119737,123.79367065429688,3929100,0.0,0.0
2017-05-12 00:00:00-04:00,123.94427718345497,124.58622719504191,123.43705637613091,124.36431884765625,2926400,0.0,0.0
2017-05-15 00:00:00-04:00,124.6495722917603,125.09338877640492,124.15820576848833,124.68920135498047,6068900,0.0,0.0
2017-05-16 00:00:00-04:00,126.89242955942144,127.48682917098084,125.25981389456624,125.42623901367188,10120900,0.0,0.0
2017-05-17 00:00:00-04:00,125.42631589297916,125.42631589297916,123.5480158389479,123.7065200805664,5937000,0.0,0.0
2017-05-18 00:00:00-04:00,123.2230035617306,124.16611958376106,123.03280341818935,123.3973617553711,4858600,0.0,0.0
2017-05-19 00:00:00-04:00,123.66679752738698,124.22158009338524,123.09618510745874,123.87286376953125,4781800,0.0,0.0
2017-05-22 00:00:00-04:00,124.02347315522955,124.42766056533635,123.47662354014324,123.60343170166016,3802100,0.0,0.0
2017-05-23 00:00:00-04:00,123.56377673699247,123.97588503589475,122.58895280441095,122.70783996582031,4640900,0.0,0.0
2017-05-24 00:00:00-04:00,122.60485090504085,123.18339660059239,121.48737648888866,122.84261322021484,4558700,0.0,0.0
2017-05-25 00:00:00-04:00,123.79367424428007,124.18201983700604,123.12002833007709,123.99974060058594,3110800,0.0,0.0
2017-05-26 00:00:00-04:00,123.7144314268961,123.96803575032898,122.55732768940007,122.76338195800781,4284700,0.0,0.0
2017-05-30 00:00:00-04:00,122.75541683028119,123.20179821813258,122.3728059496915,122.6597671508789,3504300,0.89,0.0
2017-05-31 00:00:00-04:00,123.04233500081571,123.05828066279973,122.1814516983236,122.36478424072266,7158400,0.0,0.0
2017-06-01 00:00:00-04:00,122.37281768113498,123.68008279787144,121.75107037945433,123.67210388183594,3385100,0.0,0.0
2017-06-02 00:00:00-04:00,123.38509613764995,124.23801274914351,123.090168267085,123.83148956298828,3485600,0.0,0.0
2017-06-05 00:00:00-04:00,123.97493858376018,124.04667580841344,122.93868963008353,123.38507080078125,2651800,0.0,0.0
2017-06-06 00:00:00-04:00,123.10609109560232,123.28145686799861,122.4763652320952,122.91477966308594,3260300,0.0,0.0
2017-06-07 00:00:00-04:00,123.30542882584672,123.79166830904744,123.03441328779537,123.5206527709961,3159000,0.0,0.0
2017-06-08 00:00:00-04:00,123.52061693590431,123.73582865563691,122.26117712901207,122.35682678222656,4041600,0.0,0.0
2017-06-09 00:00:00-04:00,122.75536828336735,122.75536828336735,121.78288971743508,121.92637634277344,4705300,0.0,0.0
2017-06-12 00:00:00-04:00,121.79886767917294,122.19742417539865,120.94595093902,121.30464935302734,4473900,0.0,0.0
2017-06-13 00:00:00-04:00,121.4083029832578,122.7873053390815,121.20902469402968,122.7474594116211,3753800,0.0,0.0
2017-06-14 00:00:00-04:00,123.15392048492504,125.3698929678617,122.72348494950242,124.95539093017578,5999400,0.0,0.0
2017-06-15 00:00:00-04:00,124.45327278272786,125.36198123449887,123.48876057546268,124.96342468261719,3972300,0.0,0.0
2017-06-16 00:00:00-04:00,124.5489362172094,124.89966796767419,123.87936405522137,124.85980987548828,9105400,0.0,0.0
2017-06-19 00:00:00-04:00,125.07500582607726,126.76488152198557,124.66050365356,126.58951568603516,5196100,0.0,0.0
2017-06-20 00:00:00-04:00,126.52573151889627,126.91632123186571,125.62500218205598,125.68079376220703,4201200,0.0,0.0
2017-06-21 00:00:00-04:00,125.87209533189363,126.36630141565081,124.6923595352815,124.81990051269531,4071300,0.0,0.0
2017-06-22 00:00:00-04:00,124.70036109880365,125.20254618672675,123.92716050688173,123.93512725830078,3347400,0.0,0.0
2017-06-23 00:00:00-04:00,123.68004222227073,123.73583380130691,120.29231234963336,120.61115264892578,11422200,0.0,0.0
2017-06-26 00:00:00-04:00,120.89810022694111,121.13723650608449,120.46766465486417,120.69882202148438,4128500,0.0,0.0
2017-06-27 00:00:00-04:00,120.41187086574729,122.15755003582669,120.16476781664517,121.35247039794922,4567100,0.0,0.0
2017-06-28 00:00:00-04:00,121.75899079085302,122.31696736679177,121.44811725833162,122.1416015625,5087000,0.0,0.0
2017-06-29 00:00:00-04:00,121.77496626247759,121.95829886166788,120.77857493190841,121.28872680664062,2855400,0.0,0.0
2017-06-30 00:00:00-04:00,121.56765452809553,122.75535683982707,121.3763552627788,122.27708435058594,3640900,0.0,0.0
2017-07-03 00:00:00-04:00,123.06628882274735,123.38512919185602,122.52425776266654,122.76338195800781,1658500,0.0,0.0
2017-07-05 00:00:00-04:00,122.76335674356494,122.98654738869583,120.73072852276422,121.71117401123047,4432500,0.0,0.0
2017-07-06 00:00:00-04:00,120.97783626273853,121.54377964800844,120.53942170606426,121.2010269165039,3408500,0.0,0.0
2017-07-07 00:00:00-04:00,121.19306713781285,121.85467245271319,121.08147179331039,121.34452056884766,3775400,0.0,0.0
2017-07-10 00:00:00-04:00,121.33651144788743,121.36839060819341,120.36403285837768,120.50750732421875,5081100,0.0,0.0
2017-07-11 00:00:00-04:00,120.722742810381,121.00970393267079,119.96548800969268,120.04520416259766,5642000,0.0,0.0
2017-07-12 00:00:00-04:00,120.73072516177676,122.06986899528205,120.43578511801047,121.63145446777344,4275900,0.0,0.0
2017-07-13 00:00:00-04:00,121.81479076036662,122.85900664080519,121.63942496150155,122.18942260742188,3288000,0.0,0.0
2017-07-14 00:00:00-04:00,122.13362529862917,122.49232362929276,121.01767223368111,121.86260986328125,3588400,0.0,0.0
2017-07-17 00:00:00-04:00,121.87855558421403,123.15394106888863,121.73508110275128,122.6677017211914,4166600,0.0,0.0
2017-07-18 00:00:00-04:00,122.55613197864993,122.64381490105629,121.14523846828573,121.29669189453125,3783600,0.0,0.0
2017-07-19 00:00:00-04:00,121.59956072151665,122.75537185508948,121.59956072151665,122.19739532470703,2808400,0.0,0.0
2017-07-20 00:00:00-04:00,121.60755786188032,121.6155367762216,116.06762492042463,117.19952392578125,18264100,0.0,0.0
2017-07-21 00:00:00-04:00,117.19947500537148,117.54223977853478,116.48207846689814,116.89656829833984,9120200,0.0,0.0
2017-07-24 00:00:00-04:00,116.8646970004166,116.92846747791992,114.98351048448079,115.2465591430664,7295900,0.0,0.0
2017-07-25 00:00:00-04:00,116.17122699834923,117.49442503833967,115.80454974870457,117.15167236328125,5002400,0.0,0.0
2017-07-26 00:00:00-04:00,117.06398977613709,117.37486329086379,116.34659309999132,116.92848205566406,2836000,0.0,0.0
2017-07-27 00:00:00-04:00,116.52194191893194,117.86109773220063,116.29078456131329,117.7574691772461,5399000,0.0,0.0
2017-07-28 00:00:00-04:00,117.89300473306893,118.18794480613492,117.43068990865396,118.03649139404297,3421100,0.0,0.0
2017-07-31 00:00:00-04:00,117.97274490712437,119.55102552119303,117.606067510431,119.24813079833984,5253300,0.0,0.0
2017-08-01 00:00:00-04:00,119.75824597971952,119.87780804903433,118.72996353170188,119.44737243652344,4110600,0.0,0.0
2017-08-02 00:00:00-04:00,119.51911096764029,120.25245338096438,119.50316530390042,119.96549224853516,3754200,0.0,0.0
2017-08-03 00:00:00-04:00,120.1249409022352,121.1851027774221,119.9655207159397,120.1966781616211,5146600,0.0,0.0
2017-08-04 00:00:00-04:00,120.37200669376499,121.7589874267578,120.20461980709668,121.75898742675781,3258600,0.0,0.0
2017-08-07 00:00:00-04:00,121.82273401802043,123.12999834466562,121.5357729627581,122.23723602294922,3833600,0.0,0.0
2017-08-08 00:00:00-04:00,122.21332361525856,122.91477451247528,122.02201219075887,122.23723602294922,3218900,0.0,0.0
2017-08-09 00:00:00-04:00,122.23731157629855,124.00690381701664,122.21339915382792,123.7597885131836,3844900,0.0,0.0
2017-08-10 00:00:00-04:00,123.7039833609557,124.33369735532166,122.6597671508789,122.6597671508789,4433700,0.0,0.0
2017-08-11 00:00:00-04:00,122.84307540581149,124.12642772297146,122.73944683168125,123.45685577392578,3650500,0.0,0.0
2017-08-14 00:00:00-04:00,124.3815375150906,124.38951643134395,122.40470019841291,122.96267700195312,6662500,0.0,0.0
2017-08-15 00:00:00-04:00,122.97854922555388,123.39305124476778,118.1799272550031,119.7024154663086,13528700,0.0,0.0
2017-08-16 00:00:00-04:00,120.72275034114656,121.91841973144444,120.49159294406597,121.36044311523438,6043900,0.0,0.0
2017-08-17 00:00:00-04:00,121.00969979643523,121.28071524628498,119.2560539592623,119.30387878417969,4460900,0.0,0.0
2017-08-18 00:00:00-04:00,119.25605269994347,119.25605269994347,117.1437085352192,117.56617736816406,6989100,0.0,0.0
2017-08-21 00:00:00-04:00,117.2552925981974,119.47126511188785,117.08789356583601,118.9292221069336,4222500,0.0,0.0
2017-08-22 00:00:00-04:00,119.00101321950956,120.02929596323843,119.00101321950956,119.49523162841797,3268100,0.0,0.0
2017-08-23 00:00:00-04:00,118.43503858825248,119.1524353478818,117.51835143652849,118.84954071044922,5235400,0.0,0.0
2017-08-24 00:00:00-04:00,119.35169773629016,120.04519415239868,117.95675031761411,118.1719741821289,3736000,0.0,0.0
2017-08-25 00:00:00-04:00,118.37922518551119,119.98939655101037,118.29154228533606,119.28793334960938,3048000,0.0,0.0
2017-08-28 00:00:00-04:00,121.1133259904869,121.47202433332914,119.90967782638025,120.67491149902344,6845400,0.0,0.0
2017-08-29 00:00:00-04:00,120.33015040355204,120.99565586233356,119.49624370318745,120.14572143554688,5368700,0.89,0.0
2017-08-30 00:00:00-04:00,120.27400207519531,120.47445874532065,119.69668588644204,120.27400207519531,3641000,0.0,0.0
2017-08-31 00:00:00-04:00,120.76314081181927,121.01971903836164,120.15375681823784,120.16978454589844,6083300,0.0,0.0
2017-09-01 00:00:00-04:00,120.48249881912852,121.02774744264114,120.08158539165716,120.89945220947266,3383000,0.0,0.0
2017-09-05 00:00:00-04:00,121.64512715883704,123.41715721404597,121.63710106195221,122.62334442138672,7488800,0.0,0.0
2017-09-06 00:00:00-04:00,124.17087843311641,125.91084083641104,123.60157611484944,125.53398132324219,8126000,0.0,0.0
2017-09-07 00:00:00-04:00,126.82491960697025,127.71494767677625,125.71839491615638,126.63247680664062,8273100,0.0,0.0
2017-09-08 00:00:00-04:00,127.56265184341882,128.8455799107287,126.30378984172526,128.0196990966797,10088600,0.0,0.0
2017-09-11 00:00:00-04:00,127.02537667750973,127.28196707877396,125.26136049098122,126.98528289794922,8847900,0.0,0.0
2017-09-12 00:00:00-04:00,127.53856563424024,129.03797779725923,127.25793360226062,128.22012329101562,5794600,0.0,0.0
2017-09-13 00:00:00-04:00,128.60499107211797,129.39880395380771,127.93145954305676,128.30831909179688,4713700,0.0,0.0
2017-09-14 00:00:00-04:00,128.57289297632812,128.97380625379105,127.75502646453106,127.79512023925781,5290800,0.0,0.0
2017-09-15 00:00:00-04:00,128.27631843912596,128.2843445418707,126.92122844583744,127.00942993164062,9124200,0.0,0.0
2017-09-18 00:00:00-04:00,127.49045356342671,127.49045356342671,126.44006247592924,126.5362777709961,4010600,0.0,0.0
2017-09-19 00:00:00-04:00,126.52826325090223,126.94521658553525,126.01509462170205,126.41600799560547,3713400,0.0,0.0
2017-09-20 00:00:00-04:00,126.34386302853916,127.80318153802263,126.17547400614536,127.23387908935547,4599200,0.0,0.0
2017-09-21 00:00:00-04:00,127.3862165645997,127.93947900012911,127.26594744161753,127.64280700683594,3082100,0.0,0.0
2017-09-22 00:00:00-04:00,127.60271654033555,128.3644495538184,127.49847514110213,128.2682342529297,3576500,0.0,0.0
2017-09-25 00:00:00-04:00,128.33238056847372,129.43889322223137,128.09183008377653,129.17430114746094,4897700,0.0,0.0
2017-09-26 00:00:00-04:00,129.53510311799477,129.89592267845407,128.9257070084238,129.3025665283203,3222600,0.0,0.0
2017-09-27 00:00:00-04:00,129.39878337133146,129.64734766502596,128.40451396165017,129.02993774414062,3966200,0.0,0.0
2017-09-28 00:00:00-04:00,128.86959025177725,130.25674703905935,128.82148260659707,130.18458557128906,4614100,0.0,0.0
2017-09-29 00:00:00-04:00,130.29683993981567,131.1868680743392,130.01619569829114,131.1467742919922,3467400,0.0,0.0
2017-10-02 00:00:00-04:00,131.65988683795862,131.69998060323476,130.87410042512363,131.51556396484375,2721400,0.0,0.0
2017-10-03 00:00:00-04:00,131.54770065926462,132.52593031776303,131.4995930096509,132.43772888183594,3046400,0.0,0.0
2017-10-04 00:00:00-04:00,132.69431068168052,133.1673855186038,132.2292497075355,132.533935546875,2746500,0.0,0.0
2017-10-05 00:00:00-04:00,132.35756970854257,133.30371955957835,131.70807965471963,133.19947814941406,3504900,0.0,0.0
2017-10-06 00:00:00-04:00,133.2475632518115,133.60839507672,132.8947697596361,132.98297119140625,2916300,0.0,0.0
2017-10-09 00:00:00-04:00,133.21550719842355,133.60840674423835,132.63819091004137,132.8707275390625,2131800,0.0,0.0
2017-10-10 00:00:00-04:00,132.86269910881288,132.94288668325555,132.01276465330707,132.42971801757812,2755400,0.0,0.0
2017-10-11 00:00:00-04:00,132.45373867482013,132.9989748927969,131.86038258328398,132.50184631347656,2319300,0.0,0.0
2017-10-12 00:00:00-04:00,132.63017536468416,132.63017536468416,131.87645620691413,131.97267150878906,3397800,0.0,0.0
2017-10-13 00:00:00-04:00,132.2372691837801,133.15937730843532,131.7802342879173,131.87644958496094,3259000,0.0,0.0
2017-10-16 00:00:00-04:00,131.8764210041362,132.0367838760896,130.90620544122848,131.67596435546875,2586700,0.0,0.0
2017-10-17 00:00:00-04:00,131.67600953380258,132.23728589566605,129.50305333334398,130.97842407226562,4189200,0.0,0.0
2017-10-18 00:00:00-04:00,131.03452466775101,131.69202846873623,130.97840315797953,131.05857849121094,2757900,0.0,0.0
2017-10-19 00:00:00-04:00,131.09869886204996,131.58781376310284,130.51336864764488,130.89022827148438,2676100,0.0,0.0
2017-10-20 00:00:00-04:00,131.47555011502723,131.61987307586665,130.48930651123737,131.0425567626953,4166500,0.0,0.0
2017-10-23 00:00:00-04:00,131.53166797334586,133.31975061560124,131.29914357571565,132.09295654296875,3995100,0.0,0.0
2017-10-24 00:00:00-04:00,132.0368191278589,133.47209596706,132.02077916591028,133.12730407714844,3686700,0.0,0.0
2017-10-25 00:00:00-04:00,133.1914610017799,133.86499263183651,132.60613081624786,133.15939331054688,4189400,0.0,0.0
2017-10-26 00:00:00-04:00,133.41595693798914,134.6587908893422,133.19144641921764,134.42625427246094,3750500,0.0,0.0
2017-10-27 00:00:00-04:00,133.74472273624733,134.50645580650095,133.47210454014086,134.17770385742188,3720400,0.0,0.0
2017-10-30 00:00:00-04:00,133.89704777991955,133.89704777991955,132.20519291887237,132.5499725341797,3906300,0.0,0.0
2017-10-31 00:00:00-04:00,132.62212081055415,133.37583980660452,132.38158260747724,132.92681884765625,2922400,0.0,0.0
2017-11-01 00:00:00-04:00,133.4399886871342,133.6965790860849,132.39761160247818,132.60609436035156,3568300,0.0,0.0
2017-11-02 00:00:00-04:00,132.30947870409148,132.30947870409148,128.71729690274793,130.4652862548828,6518900,0.0,0.0
2017-11-03 00:00:00-04:00,130.7058070443608,132.2934332184962,130.4412026820049,131.8123321533203,3080900,0.0,0.0
2017-11-06 00:00:00-05:00,132.1410252485656,132.2051728443275,130.70574879256102,131.67596435546875,3275500,0.0,0.0
2017-11-07 00:00:00-05:00,131.5717694307633,131.82033380527525,130.56147196938684,131.22698974609375,3198100,0.0,0.0
2017-11-08 00:00:00-05:00,130.97038570278696,132.044830671249,130.9142641893121,131.53968811035156,2912900,0.0,0.0
2017-11-09 00:00:00-05:00,131.57979389146684,131.61186158281768,130.12046311940946,130.91427612304688,3405200,0.0,0.0
2017-11-10 00:00:00-05:00,130.97038899906752,131.9646586540314,130.64163706860694,131.58779907226562,3554900,0.0,0.0
2017-11-13 00:00:00-05:00,132.01274418230133,133.6163975432306,131.70003226631627,132.58204650878906,7189300,0.0,0.0
2017-11-14 00:00:00-05:00,131.1948772140864,134.81913722648855,130.81801769641893,134.75498962402344,10284000,0.0,0.0
2017-11-15 00:00:00-05:00,134.25788349139805,134.25788349139805,132.58206838904124,132.67828369140625,5534500,0.0,0.0
2017-11-16 00:00:00-05:00,133.64848067035982,134.51445505351467,133.15135198619717,134.3059844970703,4587900,0.0,0.0
2017-11-17 00:00:00-05:00,133.90508731503814,135.05169386659713,133.15136809951207,134.49844360351562,4530100,0.0,0.0
2017-11-20 00:00:00-05:00,134.81912346183628,136.8637837301303,134.54650535537118,136.6713409423828,4699900,0.0,0.0
2017-11-21 00:00:00-05:00,136.73551719462301,138.60377502441406,136.43081910889148,138.60377502441406,6229000,0.0,0.0
2017-11-22 00:00:00-05:00,138.6278284720448,138.6679222571488,137.94627082999295,137.96231079101562,4133500,0.0,0.0
2017-11-24 00:00:00-05:00,138.00241486933274,138.79622782794084,137.70574286026493,138.17881774902344,1853600,0.0,0.0
2017-11-27 00:00:00-05:00,138.61175503872454,140.2474880906861,138.2188678503347,139.6461181640625,4539100,0.0,0.0
2017-11-28 00:00:00-05:00,140.23149208489627,141.73893042192955,138.7080260205927,141.5785675048828,6049000,0.0,0.0
2017-11-29 00:00:00-05:00,142.29573647094148,143.79467725616647,141.57848391039312,142.84373474121094,4902200,0.89,0.0
2017-11-30 00:00:00-05:00,143.50458149740336,145.5998843711222,142.97269209760506,144.91488647460938,9180700,0.0,0.0
2017-12-01 00:00:00-05:00,145.31785600828567,145.54350386010282,142.40053055798882,145.3984375,4683400,0.0,0.0
2017-12-04 00:00:00-05:00,147.6307416358816,150.1451102526845,147.6307416358816,149.00880432128906,6193800,0.0,0.0
2017-12-05 00:00:00-05:00,147.25193528075056,149.01683291435512,146.88122119139774,147.35670471191406,6347600,0.0,0.0
2017-12-06 00:00:00-05:00,145.26150099557688,146.79268526900688,143.99624928689414,145.70474243164062,6892500,0.0,0.0
2017-12-07 00:00:00-05:00,145.100272321961,147.13916988168322,144.87462445505085,146.6717529296875,5484300,0.0,0.0
2017-12-08 00:00:00-05:00,147.07468279007298,148.20292201327013,146.80068359256586,147.80804443359375,5092100,0.0,0.0
2017-12-11 00:00:00-05:00,146.5589033962446,147.44538578775104,145.96254139678715,146.87319946289062,6038900,0.0,0.0
2017-12-12 00:00:00-05:00,147.2761815174773,147.64689578445822,146.39776565694345,146.51058959960938,5275500,0.0,0.0
2017-12-13 00:00:00-05:00,146.6798361815908,148.0176147243504,146.67178171936533,147.50184631347656,5177400,0.0,0.0
2017-12-14 00:00:00-05:00,147.95312582762836,148.283543195785,146.72011691415352,146.7765350341797,3542500,0.0,0.0
2017-12-15 00:00:00-05:00,147.4695774741312,147.64687397168277,146.77651270103473,147.13916015625,8202200,0.0,0.0
2017-12-18 00:00:00-05:00,147.88063191856583,149.46823423681064,147.88063191856583,148.8718719482422,5011900,0.0,0.0
2017-12-19 00:00:00-05:00,149.28287671882055,150.47558894720984,148.76710827166116,149.8792266845703,4576300,0.0,0.0
2017-12-20 00:00:00-05:00,150.70119574295177,151.42649069675687,149.9275371349248,150.95101928710938,5383700,0.0,0.0
2017-12-21 00:00:00-05:00,151.4184428844934,152.18403476865504,151.05579539166808,151.57156372070312,5859100,0.0,0.0
2017-12-22 00:00:00-05:00,151.877745817049,151.877745817049,150.9187365743508,151.61180114746094,3256600,0.0,0.0
2017-12-26 00:00:00-05:00,151.93420345067634,153.4573326802302,151.7810826222901,153.4089813232422,2969200,0.0,0.0
2017-12-27 00:00:00-05:00,153.6023746803094,154.3196150545819,153.1268910526242,153.27195739746094,5912600,0.0,0.0
2017-12-28 00:00:00-05:00,153.8522477170897,153.90865354382564,152.82876540510858,152.94158935546875,3175700,0.0,0.0
2017-12-29 00:00:00-05:00,153.71522786472715,153.71522786472715,152.74009704589844,152.74009704589844,4637800,0.0,0.0
2018-01-02 00:00:00-05:00,153.28807830987373,153.69907707514412,151.5151135258422,151.53123474121094,4684700,0.0,0.0
2018-01-03 00:00:00-05:00,151.50708644470365,152.60309564703016,151.36203237082597,152.32102966308594,4530500,0.0,0.0
2018-01-04 00:00:00-05:00,153.01410834921455,153.8199971799104,151.88586890499545,153.52987670898438,4047400,0.0,0.0
2018-01-05 00:00:00-05:00,153.86836967534543,155.16585136284422,153.52989779559218,155.1336212158203,4224800,0.0,0.0
2018-01-08 00:00:00-05:00,154.5050308652826,156.11680876932527,154.4083281260447,154.76290893554688,3508500,0.0,0.0
2018-01-09 00:00:00-05:00,155.2947635785893,155.91530137485321,154.44052344956683,155.61712646484375,3012300,0.0,0.0
2018-01-10 00:00:00-05:00,155.34310428801362,155.71381850757083,154.448567322422,154.5694580078125,3119500,0.0,0.0
2018-01-11 00:00:00-05:00,154.47276022103733,156.93072353536473,154.24711233941585,156.8904266357422,3899200,0.0,0.0
2018-01-12 00:00:00-05:00,157.5512929769096,160.71037625048737,157.00329438210568,158.29270935058594,6748400,0.0,0.0
2018-01-16 00:00:00-05:00,159.45313996425136,160.3315557031074,157.71241740691198,158.20401000976562,5692700,0.0,0.0
2018-01-17 00:00:00-05:00,159.16306190324482,161.03273010253906,158.63117226411225,161.03273010253906,3996100,0.0,0.0
2018-01-18 00:00:00-05:00,161.0004299783654,161.37114415985545,159.2919500128795,159.83189392089844,4474600,0.0,0.0
2018-01-19 00:00:00-05:00,161.02461849200816,162.24957275390625,160.47662008085297,162.24957275390625,5809600,0.0,0.0
2018-01-22 00:00:00-05:00,162.4671911723224,164.78008815273378,162.39465183282468,164.77203369140625,4857700,0.0,0.0
2018-01-23 00:00:00-05:00,165.1185782282121,166.29518144708825,164.52221600811203,165.1266326904297,3621700,0.0,0.0
2018-01-24 00:00:00-05:00,165.36834355212423,166.89953931925032,164.84452086411648,166.1903533935547,4370700,0.0,0.0
2018-01-25 00:00:00-05:00,166.6578291477041,166.68200483126753,164.27239256203697,165.50540161132812,3537700,0.0,0.0
2018-01-26 00:00:00-05:00,165.6907733843171,167.06883660543306,164.75593924911396,167.00436401367188,3778100,0.0,0.0
2018-01-29 00:00:00-05:00,167.00431643461692,167.31055808401288,164.9734857087198,165.14271545410156,3632900,0.0,0.0
2018-01-30 00:00:00-05:00,162.36246003808586,163.71634767412652,154.38416374754084,162.63645935058594,5979600,0.0,0.0
2018-01-31 00:00:00-05:00,163.77275976985945,165.2717137670109,161.363147288799,161.90309143066406,4547300,0.0,0.0
2018-02-01 00:00:00-05:00,160.64588741934375,162.9910270264535,159.7916471685614,161.09718322753906,3553800,0.0,0.0
2018-02-02 00:00:00-05:00,160.5733287979926,160.61362569370556,155.89111726327937,156.3182373046875,6179000,0.0,0.0
2018-02-05 00:00:00-05:00,153.17532260425207,156.58422950809185,145.36625650858687,147.5663299560547,10618500,0.0,0.0
2018-02-06 00:00:00-05:00,143.94783414195462,154.69839863228935,141.36899278850973,153.95697021484375,11682700,0.0,0.0
2018-02-07 00:00:00-05:00,153.70715155160286,156.76147667531524,152.8932083743048,154.158447265625,6016800,0.0,0.0
2018-02-08 00:00:00-05:00,154.0376146020154,154.0376146020154,145.80948294827093,146.04319763183594,7241800,0.0,0.0
2018-02-09 00:00:00-05:00,147.6791296688813,149.89532397496274,141.66719352248066,148.3802490234375,9059200,0.0,0.0
2018-02-12 00:00:00-05:00,150.3385615052381,150.70926347537937,147.80807110778633,148.33189392089844,6783700,0.0,0.0
2018-02-13 00:00:00-05:00,147.66301712351282,148.27550054681868,145.77724008171938,148.0579071044922,4273800,0.0,0.0
2018-02-14 00:00:00-05:00,146.57503909573413,149.1377592313373,145.9061500063878,148.83958435058594,6767000,0.0,0.0
2018-02-15 00:00:00-05:00,150.49169499969597,150.8543425390211,147.6871928226343,149.30703735351562,5113300,0.0,0.0
2018-02-16 00:00:00-05:00,149.13778188539078,151.49904250374811,148.97660658203955,150.67703247070312,7619200,0.0,0.0
2018-02-20 00:00:00-05:00,153.03828916487038,154.27936489203756,150.1451511168596,150.46751403808594,8922100,0.0,0.0
2018-02-21 00:00:00-05:00,150.87044685692283,151.49097237586665,147.3648256767964,147.5260009765625,7527200,0.0,0.0
2018-02-22 00:00:00-05:00,148.05789524619297,150.07261729962266,147.40512726838375,149.46820068359375,5653900,0.0,0.0
2018-02-23 00:00:00-05:00,150.05648582704168,151.83750541121094,149.58906886695704,151.78915405273438,4315400,0.0,0.0
2018-02-26 00:00:00-05:00,152.4499970912812,152.94964425904948,151.39428463195748,151.87782287597656,4648000,0.0,0.0
2018-02-27 00:00:00-05:00,152.20825682696602,152.5144985926988,149.0572400722201,149.07334899902344,4618800,0.0,0.0
2018-02-28 00:00:00-05:00,148.61397553968118,150.4191588122247,146.88937377929688,146.88937377929688,6419900,0.0,0.0
2018-03-01 00:00:00-05:00,147.27618166215305,148.60589329465688,143.6496819769017,144.76986694335938,6123900,0.0,0.0
2018-03-02 00:00:00-05:00,143.22257699318374,144.4072346657367,142.1104463707327,143.81893920898438,5671000,0.0,0.0
2018-03-05 00:00:00-05:00,143.33536709447264,146.8812725156004,143.20642194904252,146.46221923828125,5748600,0.0,0.0
2018-03-06 00:00:00-05:00,147.2761592592851,147.4776314333744,144.66507545620883,146.38162231445312,5306800,0.0,0.0
2018-03-07 00:00:00-05:00,144.93089470123726,145.88726080814504,143.3099251367023,144.7363739013672,4799200,1.03,0.0
2018-03-08 00:00:00-05:00,145.43336304553745,145.87101930142137,143.23694427095353,144.21763610839844,4750700,0.0,0.0
2018-03-09 00:00:00-05:00,145.07677408967874,147.70274920130487,144.20144905247002,147.63790893554688,4477200,0.0,0.0
2018-03-12 00:00:00-04:00,147.8566514008283,148.36726048967682,145.5224649239696,145.6521453857422,4993300,0.0,0.0
2018-03-13 00:00:00-04:00,145.5549504307975,146.65721016386823,144.15281530355094,144.54995727539062,6128100,0.0,0.0
2018-03-14 00:00:00-04:00,145.1578377945642,145.6117073199997,142.55617605245524,143.78811645507812,4531500,0.0,0.0
2018-03-15 00:00:00-04:00,144.0150708476412,145.77382168193736,143.22889946713303,144.32305908203125,3936700,0.0,0.0
2018-03-16 00:00:00-04:00,144.61477378809536,146.2114295779766,144.24195776527876,145.04434204101562,8410900,0.0,0.0
2018-03-19 00:00:00-04:00,144.79307601541302,145.3361116072838,142.64529666582976,143.53683471679688,4744500,0.0,0.0
2018-03-20 00:00:00-04:00,143.9744491877165,144.98755469381305,143.58542013613837,144.39590454101562,4148300,0.0,0.0
2018-03-21 00:00:00-04:00,144.55000853822045,146.0007712852858,144.006972690812,144.2825469970703,3494400,0.0,0.0
2018-03-22 00:00:00-04:00,143.79617562551064,144.7201275708306,141.89964463780336,142.06983947753906,5255100,0.0,0.0
2018-03-23 00:00:00-04:00,142.8398259687051,143.5044169824987,139.04675119527,139.24127197265625,6021300,0.0,0.0
2018-03-26 00:00:00-04:00,141.11348914704874,143.29369493069254,140.6353061504841,142.9532928466797,7323600,0.0,0.0
2018-03-27 00:00:00-04:00,143.76377319122417,144.85792006386475,140.70014216060738,141.57545471191406,4713900,0.0,0.0
2018-03-28 00:00:00-04:00,142.02936143419657,143.88536619294288,140.95951555728254,141.64031982421875,4318600,0.0,0.0
2018-03-29 00:00:00-04:00,142.40220719163133,144.78503498945062,142.24011267053885,144.46084594726562,4423500,0.0,0.0
2018-04-02 00:00:00-04:00,143.57735715618534,144.01502581208686,138.1227986830018,140.13279724121094,7229300,0.0,0.0
2018-04-03 00:00:00-04:00,140.03548648180833,141.78613566436997,139.75181200951008,140.8297576904297,5283300,0.0,0.0
2018-04-04 00:00:00-04:00,138.43081986085537,144.13662796976368,138.122831649269,143.81243896484375,4757300,0.0,0.0
2018-04-05 00:00:00-04:00,144.26630755884597,145.9196912601674,143.70707101711412,145.18215942382812,3799900,0.0,0.0
2018-04-06 00:00:00-04:00,144.25006334440516,144.68773200763374,140.49752759554642,141.38905334472656,5236900,0.0,0.0
2018-04-09 00:00:00-04:00,141.88340343531365,142.11845084735913,139.7031983230162,139.81666564941406,5079800,0.0,0.0
2018-04-10 00:00:00-04:00,141.04866402627084,141.17834455800755,139.597901724392,140.6110076904297,4783000,0.0,0.0
2018-04-11 00:00:00-04:00,139.40330949592592,141.88338965125976,139.241215097821,140.10032653808594,4228400,0.0,0.0
2018-04-12 00:00:00-04:00,140.46510378406694,141.2188609988246,140.13280208329186,140.50563049316406,3396700,0.0,0.0
2018-04-13 00:00:00-04:00,141.4215097422372,142.2481954072773,139.58980601695185,140.05178833007812,4311200,0.0,0.0
2018-04-16 00:00:00-04:00,141.21070831083242,142.32108046447334,140.47317682866182,141.372802734375,3534200,0.0,0.0
2018-04-17 00:00:00-04:00,142.45079119456145,142.83983276785224,141.10539594639775,141.7618865966797,3106500,0.0,0.0
2018-04-18 00:00:00-04:00,141.83483008318734,146.08987498568297,141.8267296878797,145.76568603515625,5858900,0.0,0.0
2018-04-19 00:00:00-04:00,145.48201680896742,145.644111290226,142.45891206728933,143.52064514160156,5407300,0.0,0.0
2018-04-20 00:00:00-04:00,144.1446836152829,144.987582114282,142.90464323066152,143.4638671875,5008600,0.0,0.0
2018-04-23 00:00:00-04:00,143.95831159629844,144.57428798219962,142.7506971140771,143.99073791503906,2987700,0.0,0.0
2018-04-24 00:00:00-04:00,145.31992933925267,145.88726623453917,141.8753688864927,142.85604858398438,4435400,0.0,0.0
2018-04-25 00:00:00-04:00,142.7101329742204,144.32300181563124,141.47009249845217,143.77186584472656,5587300,0.0,0.0
2018-04-26 00:00:00-04:00,144.63909457263082,150.69340346736178,144.331106451397,150.52320861816406,8782500,0.0,0.0
2018-04-27 00:00:00-04:00,150.3367994952365,151.59304078668546,149.0238059761201,151.1229705810547,4382400,0.0,0.0
2018-04-30 00:00:00-04:00,151.55258239394564,152.20907321233946,149.77761840820312,149.77761840820312,4173200,0.0,0.0
2018-05-01 00:00:00-04:00,149.72082681186936,149.72082681186936,147.0219114274621,149.63978576660156,3423900,0.0,0.0
2018-05-02 00:00:00-04:00,149.52631362845906,151.65787979276215,148.92655055098584,150.6772003173828,3866500,0.0,0.0
2018-05-03 00:00:00-04:00,149.83431045823306,149.8586240111581,146.85983293591622,148.4727020263672,4123900,0.0,0.0
2018-05-04 00:00:00-04:00,148.11605491316848,151.03380430696362,147.3785109876518,149.96395874023438,3896200,0.0,0.0
2018-05-07 00:00:00-04:00,150.2639028460813,150.34495628684394,148.05128242387033,148.77261352539062,3582300,0.0,0.0
2018-05-08 00:00:00-04:00,148.68339364383573,150.18279506279632,147.91343576667214,149.97206115722656,4168200,0.0,0.0
2018-05-09 00:00:00-04:00,149.96401530305582,151.1554290576437,148.7807143121023,151.04196166992188,3392300,0.0,0.0
2018-05-10 00:00:00-04:00,150.72584408228087,152.34681351921068,150.6529034257027,151.69032287597656,3850100,0.0,0.0
2018-05-11 00:00:00-04:00,152.0712389812849,154.64047384018178,151.84430426843062,154.2433319091797,5355100,0.0,0.0
2018-05-14 00:00:00-04:00,155.2078184683252,155.3293862252803,153.8786240685512,154.86741638183594,7035900,0.0,0.0
2018-05-15 00:00:00-04:00,153.5868597130539,153.7408537938634,150.83121651725133,152.35491943359375,10147000,0.0,0.0
2018-05-16 00:00:00-04:00,153.4085520668174,153.4085520668174,150.66910966194058,151.0581512451172,5044800,0.0,0.0
2018-05-17 00:00:00-04:00,150.9527978713936,151.70654281855647,149.8343248612635,150.2071533203125,4227700,0.0,0.0
2018-05-18 00:00:00-04:00,150.54750849096828,152.54130596953496,150.38541405078706,151.90101623535156,4697900,0.0,0.0
2018-05-21 00:00:00-04:00,152.53323159485345,154.53512997076413,152.37113711388022,153.8218994140625,4147800,0.0,0.0
2018-05-22 00:00:00-04:00,154.04074025805076,154.62429030776397,151.1716294861414,151.45529174804688,4585600,0.0,0.0
2018-05-23 00:00:00-04:00,151.64171253013964,151.82002017726867,149.92347632753425,151.29319763183594,7387400,0.0,0.0
2018-05-24 00:00:00-04:00,151.390460675194,151.8929696950359,149.67223673945813,151.68223571777344,3941300,0.0,0.0
2018-05-25 00:00:00-04:00,151.32561953892557,152.23335854002102,150.79069661313017,151.4390869140625,2730400,0.0,0.0
2018-05-29 00:00:00-04:00,150.3854051899618,151.42282438641163,149.33177284034522,149.93963623046875,4725500,0.0,0.0
2018-05-30 00:00:00-04:00,150.6405977245087,153.06121534446734,149.9722733603089,152.4825439453125,3976000,1.03,0.0
2018-05-31 00:00:00-04:00,152.5395835565452,152.7025855366719,150.98288790838936,152.04241943359375,4839900,0.0,0.0
2018-06-01 00:00:00-04:00,152.58037061187198,153.90070310749377,152.0180030863274,152.69447326660156,3706200,0.0,0.0
2018-06-04 00:00:00-04:00,153.4035073268273,156.1093750551829,153.19975173983877,155.96267700195312,4103300,0.0,0.0
2018-06-05 00:00:00-04:00,155.21284560351162,156.79399082273136,154.60972463688822,156.4353790283203,4231300,0.0,0.0
2018-06-06 00:00:00-04:00,157.3563335416128,157.78013610839844,155.8403918348381,157.78013610839844,4134700,0.0,0.0
2018-06-07 00:00:00-04:00,157.97574000584672,160.72236058792677,157.97574000584672,159.8828887939453,4378700,0.0,0.0
2018-06-08 00:00:00-04:00,159.63844142423915,161.78195442212905,158.9375216280331,161.64340209960938,4006200,0.0,0.0
2018-06-11 00:00:00-04:00,162.11614235284392,163.4283291877469,161.6515735186279,162.7111053466797,4243000,0.0,0.0
2018-06-12 00:00:00-04:00,162.8740445851869,164.09657796866784,162.60508574847077,164.07212829589844,4616700,0.0,0.0
2018-06-13 00:00:00-04:00,164.06400246256985,164.29220772694964,162.72736629852216,163.2571258544922,5128100,0.0,0.0
2018-06-14 00:00:00-04:00,163.21637963543614,163.81950068216346,161.50484007513654,162.7355194091797,4305900,0.0,0.0
2018-06-15 00:00:00-04:00,162.14872777434323,164.3085449128664,161.7819701278036,163.44461059570312,7820900,0.0,0.0
2018-06-18 00:00:00-04:00,162.14052929200034,163.74612412818604,161.4640593284485,163.5668182373047,3396300,0.0,0.0
2018-06-19 00:00:00-04:00,161.54558859611936,162.92296594785873,161.45593563843178,162.36061096191406,5501100,0.0,0.0
2018-06-20 00:00:00-04:00,163.00445768487504,163.11041456197123,161.4722118030362,162.254638671875,3389600,0.0,0.0
2018-06-21 00:00:00-04:00,162.36060872621564,163.7705939174738,161.87159033897083,163.2571258544922,4695100,0.0,0.0
2018-06-22 00:00:00-04:00,163.64835263568872,163.98251482564996,160.69797533958126,160.89358520507812,6785800,0.0,0.0
2018-06-25 00:00:00-04:00,160.89356442933638,161.2440180689775,158.97825694029703,160.05409240722656,5127200,0.0,0.0
2018-06-26 00:00:00-04:00,160.21713249188312,160.8283993972125,159.4184138844047,160.03782653808594,3270600,0.0,0.0
2018-06-27 00:00:00-04:00,160.28228423229723,161.3662653547671,158.9374900113746,158.94564819335938,3771700,0.0,0.0
2018-06-28 00:00:00-04:00,158.9293190027923,159.75248689596154,157.71493152413086,159.10047912597656,2994000,0.0,0.0
2018-06-29 00:00:00-04:00,159.63029208030824,162.05090966869935,158.92122655272576,159.01087951660156,4106600,0.0,0.0
2018-07-02 00:00:00-04:00,157.9676437630987,158.26103988128392,156.58209576719955,158.13064575195312,3822800,0.0,0.0
2018-07-03 00:00:00-04:00,158.47295077410973,159.50803266068428,157.6334787323518,157.80462646484375,1608400,0.0,0.0
2018-07-05 00:00:00-04:00,158.513720133789,158.71747574546148,157.40528910884038,158.44851684570312,3040600,0.0,0.0
2018-07-06 00:00:00-04:00,158.5870614144043,159.21463214981904,157.25857091166083,158.50555419921875,2552400,0.0,0.0
2018-07-09 00:00:00-04:00,159.4998578661933,160.32303832900783,158.95379443040463,159.8095703125,2575100,0.0,0.0
2018-07-10 00:00:00-04:00,160.20078839091548,161.17881270696577,160.05409033982218,161.0565643310547,2842400,0.0,0.0
2018-07-11 00:00:00-04:00,160.73870575262876,161.1788123411637,159.70362390599988,160.51864624023438,3309300,0.0,0.0
2018-07-12 00:00:00-04:00,161.53743479619584,161.76564006990984,160.5594104179567,161.33367919921875,2709200,0.0,0.0
2018-07-13 00:00:00-04:00,161.7493616722476,162.94743323812017,161.7493616722476,161.9368133544922,2308100,0.0,0.0
2018-07-16 00:00:00-04:00,162.30356089370204,162.36876417831584,161.28478288958965,162.09165954589844,2530500,0.0,0.0
2018-07-17 00:00:00-04:00,161.8878796883835,164.16993212665682,161.8878796883835,163.90098571777344,4662800,0.0,0.0
2018-07-18 00:00:00-04:00,163.83579755037954,164.56931269656937,163.1593275022802,163.7950439453125,3787800,0.0,0.0
2018-07-19 00:00:00-04:00,163.7298515240023,165.63700097959278,163.45274688917397,165.1479949951172,3691100,0.0,0.0
2018-07-20 00:00:00-04:00,164.6997274310789,166.06895908824558,164.48782608497115,165.00128173828125,3564100,0.0,0.0
2018-07-23 00:00:00-04:00,165.00945508938884,165.76742001865344,164.55303205878997,164.82199096679688,2264300,0.0,0.0
2018-07-24 00:00:00-04:00,165.88148689600942,166.46830394398026,164.10474426028063,164.62635803222656,5058100,0.0,0.0
2018-07-25 00:00:00-04:00,164.145538350741,164.87090793054722,162.24654673284095,163.8195343017578,4382700,0.0,0.0
2018-07-26 00:00:00-04:00,164.2514896411461,164.73234994962792,162.11613459000128,162.51548767089844,4280000,0.0,0.0
2018-07-27 00:00:00-04:00,163.17563230717266,163.4038375732676,160.298591932557,160.6735076904297,3871200,0.0,0.0
2018-07-30 00:00:00-04:00,160.176330933884,161.02396108653338,160.0703740557395,160.78759765625,2331100,0.0,0.0
2018-07-31 00:00:00-04:00,161.12176763683792,161.39887224645128,160.45344335173687,160.98321533203125,2795900,0.0,0.0
2018-08-01 00:00:00-04:00,160.4452868306046,161.16251041791247,159.4183632329845,159.98887634277344,3086800,0.0,0.0
2018-08-02 00:00:00-04:00,159.01087460380367,159.61398321828423,157.74758740140447,159.46728515625,3543500,0.0,0.0
2018-08-03 00:00:00-04:00,159.76884702189764,160.07040134340397,159.13313051716486,159.45098876953125,2309000,0.0,0.0
2018-08-06 00:00:00-04:00,159.43467220096832,159.79328403393154,159.01901526889975,159.49172973632812,2515700,0.0,0.0
2018-08-07 00:00:00-04:00,160.02964552606684,160.722407071031,159.4509741779163,160.60015869140625,3052500,0.0,0.0
2018-08-08 00:00:00-04:00,160.9180021345132,162.11608588981017,160.80389951192555,161.39071655273438,2176700,0.0,0.0
2018-08-09 00:00:00-04:00,162.18945533564982,162.79257638028133,161.40702837062125,161.43963623046875,2466000,0.0,0.0
2018-08-10 00:00:00-04:00,160.83649404356657,161.31735420494203,159.45095865229254,159.98887634277344,2873000,0.0,0.0
2018-08-13 00:00:00-04:00,159.98887517209246,161.0402484355637,158.11432145114276,158.22842407226562,5294400,0.0,0.0
2018-08-14 00:00:00-04:00,159.06793416423787,159.7281003759117,155.88935150200973,157.38084411621094,11488000,0.0,0.0
2018-08-15 00:00:00-04:00,156.28053142099915,158.2610297089795,155.74261369972533,158.10618591308594,6049300,0.0,0.0
2018-08-16 00:00:00-04:00,158.13066136719866,159.8177513946351,157.88615214164466,159.2472381591797,5690100,0.0,0.0
2018-08-17 00:00:00-04:00,159.418395826095,159.72809589972545,158.78267931146456,159.3857879638672,3885800,0.0,0.0
2018-08-20 00:00:00-04:00,159.6139587314872,161.73302161275964,159.25534694207929,161.31735229492188,2956700,0.0,0.0
2018-08-21 00:00:00-04:00,162.05089870962377,163.60759441516672,161.70859080786246,163.19192504882812,4124600,0.0,0.0
2018-08-22 00:00:00-04:00,163.6565164341233,165.89782825361482,161.9042106407672,162.16502380371094,5007000,0.0,0.0
2018-08-23 00:00:00-04:00,162.50731696082713,164.15366570234818,162.30356135941997,163.1348876953125,3595000,0.0,0.0
2018-08-24 00:00:00-04:00,163.28971145847052,165.04200430748105,163.0044486987467,164.06398010253906,3054300,0.0,0.0
2018-08-27 00:00:00-04:00,165.31096848394307,165.4087671767229,163.97433245885603,164.61819458007812,2521300,0.0,0.0
2018-08-28 00:00:00-04:00,164.87902050783748,164.97681920822868,163.5179347036265,164.6100616455078,3516300,0.0,0.0
2018-08-29 00:00:00-04:00,164.7493557124868,165.47025590157335,164.42168062654014,165.21629333496094,2488000,1.03,0.0
2018-08-30 00:00:00-04:00,164.65925390905974,165.01970402707028,163.10277839947324,163.2338409423828,2825400,0.0,0.0
2018-08-31 00:00:00-04:00,163.33209197489322,164.58546691331028,163.2583544785162,164.4707794189453,4023300,0.0,0.0
2018-09-04 00:00:00-04:00,164.405268491981,168.68968147388333,164.24961847447378,168.00155639648438,4612800,0.0,0.0
2018-09-05 00:00:00-04:00,167.79671697286832,169.30404178847226,166.4204546412311,167.23965454101562,3667100,0.0,0.0
2018-09-06 00:00:00-04:00,167.6001375181138,169.64813767107967,166.95297496977702,168.66510009765625,3490400,0.0,0.0
2018-09-07 00:00:00-04:00,168.30468935391588,169.76286480317316,168.28830184886695,168.94366455078125,3672700,0.0,0.0
2018-09-10 00:00:00-04:00,170.50010940579318,173.35910956351253,170.50010940579318,172.59725952148438,5586600,0.0,0.0
2018-09-11 00:00:00-04:00,174.4896185295708,175.84949367398,173.26081839908088,175.18594360351562,5969500,0.0,0.0
2018-09-12 00:00:00-04:00,175.3334310298239,176.4803063963212,172.77753021305628,173.65406799316406,5660100,0.0,0.0
2018-09-13 00:00:00-04:00,173.21167945199744,173.21167945199744,170.96706657033533,171.5814666748047,4701100,0.0,0.0
2018-09-14 00:00:00-04:00,172.1876875781645,172.4662126389497,170.02499960618044,171.2701873779297,3622400,0.0,0.0
2018-09-17 00:00:00-04:00,171.27834548495449,172.06477052161745,170.60659545363768,170.72128295898438,3074700,0.0,0.0
2018-09-18 00:00:00-04:00,170.90971185153722,173.4492245276368,170.5246868248381,172.8675994873047,4338500,0.0,0.0
2018-09-19 00:00:00-04:00,173.67042946341942,174.2192920565347,172.57270427718888,173.4082794189453,2579100,0.0,0.0
2018-09-20 00:00:00-04:00,173.39186983398838,174.17010731080168,172.85938234985323,172.9003448486328,4020800,0.0,0.0
2018-09-21 00:00:00-04:00,173.09694326329551,174.21105563948137,172.44976833521773,173.9898681640625,9749200,0.0,0.0
2018-09-24 00:00:00-04:00,173.27719690997006,173.53933442420566,170.36084675159512,170.3854217529297,4623700,0.0,0.0
2018-09-25 00:00:00-04:00,171.08178182077737,171.45861944593508,169.41061876574,169.9512939453125,4443300,0.0,0.0
2018-09-26 00:00:00-04:00,170.8687621123841,171.32751217846368,169.76283695308376,170.0004119873047,2965800,0.0,0.0
2018-09-27 00:00:00-04:00,169.98401917720867,170.25435670770753,168.48488150807938,169.44334411621094,3218800,0.0,0.0
2018-09-28 00:00:00-04:00,169.11568627660415,171.0899617001013,169.04196126078958,169.6973114013672,3966100,0.0,0.0
2018-10-01 00:00:00-04:00,170.8195804375904,171.85995539457684,169.8774929765403,170.06591796875,3670500,0.0,0.0
2018-10-02 00:00:00-04:00,169.9758291505425,170.42637919467762,167.6656789242441,167.73121643066406,4428000,0.0,0.0
2018-10-03 00:00:00-04:00,168.88631736744517,169.1320799290981,166.83011685161912,166.9038543701172,4162500,0.0,0.0
2018-10-04 00:00:00-04:00,166.83011543047695,166.9202279523153,162.42282686239173,162.89796447753906,5996200,0.0,0.0
2018-10-05 00:00:00-04:00,163.07814641146967,163.59423390011318,159.39174649258882,160.87449645996094,5016600,0.0,0.0
2018-10-08 00:00:00-04:00,160.75981307952912,162.7422755866758,159.79315057604438,162.5374755859375,3731800,0.0,0.0
2018-10-09 00:00:00-04:00,162.16068221077842,163.1682949885964,160.21918167546986,160.3584442138672,4466800,0.0,0.0
2018-10-10 00:00:00-04:00,163.11093757084663,163.21743758721612,158.3923493455795,158.67906188964844,6157900,0.0,0.0
2018-10-11 00:00:00-04:00,158.6872689801324,161.11209446116547,154.39465562857043,155.43504333496094,5831400,0.0,0.0
2018-10-12 00:00:00-04:00,157.90086862996893,158.58899392905542,155.77914270778285,157.67149353027344,5450200,0.0,0.0
2018-10-15 00:00:00-04:00,157.58134126682828,158.34319140590574,156.22146601858,156.6064910888672,3642800,0.0,0.0
2018-10-16 00:00:00-04:00,157.14714940313053,158.99034954274396,156.14772432742896,158.58074951171875,4057400,0.0,0.0
2018-10-17 00:00:00-04:00,155.35312533017088,156.1969005356393,150.71644920108997,151.69129943847656,8985700,0.0,0.0
2018-10-18 00:00:00-04:00,150.94582073291454,151.8797084385235,147.07100737981813,147.8164825439453,9262000,0.0,0.0
2018-10-19 00:00:00-04:00,147.73451459575472,148.26700205825415,146.28453969786963,147.33311462402344,7004300,0.0,0.0
2018-10-22 00:00:00-04:00,148.12777235059366,148.602897422284,145.4571719476341,146.43202209472656,4866700,0.0,0.0
2018-10-23 00:00:00-04:00,143.9908877567918,147.0383148786293,143.72055006856328,146.2518768310547,7004900,0.0,0.0
2018-10-24 00:00:00-04:00,146.29278992577326,149.39755353840246,144.43320175936756,144.973876953125,6791700,0.0,0.0
2018-10-25 00:00:00-04:00,145.42440543422887,147.86561823528749,144.85915536452035,146.6941680908203,5228000,0.0,0.0
2018-10-26 00:00:00-04:00,144.90009235266982,145.2769173327823,140.00946761078023,141.09080505371094,9472200,0.0,0.0
2018-10-29 00:00:00-04:00,142.3278273165598,144.17102750843995,140.04225207862766,141.8854522705078,5918400,0.0,0.0
2018-10-30 00:00:00-04:00,141.85268627407706,144.53146148697903,141.42669874022067,144.37582397460938,5657100,0.0,0.0
2018-10-31 00:00:00-04:00,145.80121462467852,146.51392713506448,143.84332709614733,144.08090209960938,6339500,0.0,0.0
2018-11-01 00:00:00-04:00,144.86738722715307,148.16057614172797,144.0973368963813,147.83290100097656,5225300,0.0,0.0
2018-11-02 00:00:00-04:00,149.47947256147663,149.92183520222787,145.31793373735547,147.39869689941406,4730600,0.0,0.0
2018-11-05 00:00:00-05:00,148.29161362508935,149.43030132569623,146.8825883768561,149.2500762939453,3885300,0.0,0.0
2018-11-06 00:00:00-05:00,149.03706259211899,149.62688764195323,147.49697496199724,149.10260009765625,3338800,0.0,0.0
2018-11-07 00:00:00-05:00,150.56079461376945,153.74748279347207,149.14358181148592,153.37884521484375,4673400,0.0,0.0
2018-11-08 00:00:00-05:00,153.29691297677843,154.5748630849585,152.14183787899984,154.00961303710938,4054000,0.0,0.0
2018-11-09 00:00:00-05:00,154.27179036761507,154.40285290190963,151.51927714737715,152.36305236816406,4761100,0.0,0.0
2018-11-12 00:00:00-05:00,151.74042225365284,153.14944734422292,146.65319692665344,146.9890594482422,7590400,0.0,0.0
2018-11-13 00:00:00-05:00,145.24417270488735,148.7831104535339,141.5987349487581,146.63681030273438,14274000,0.0,0.0
2018-11-14 00:00:00-05:00,149.59415309264577,149.8317156571088,146.7597148235158,147.37411499023438,7561100,0.0,0.0
2018-11-15 00:00:00-05:00,146.6449947691506,147.1856697959517,142.22131954987026,145.29331970214844,8663100,0.0,0.0
2018-11-16 00:00:00-05:00,142.53262579388053,145.49812607046988,142.1394007572048,145.01480102539062,6834900,0.0,0.0
2018-11-19 00:00:00-05:00,144.7608380467631,146.53850055347732,141.14816303311798,142.20492553710938,6203400,0.0,0.0
2018-11-20 00:00:00-05:00,138.64963160472905,140.90243211824753,136.80643118457755,138.4857940673828,8661000,0.0,0.0
2018-11-21 00:00:00-05:00,139.2640505009128,140.0259007771803,138.56772524840642,138.69061279296875,5752100,0.0,0.0
2018-11-23 00:00:00-05:00,138.764307755,139.53435786740184,138.01064514499018,138.3219451904297,2711000,0.0,0.0
2018-11-26 00:00:00-05:00,139.42788000211706,141.22193054900157,138.33834216999077,139.11659240722656,6140500,0.0,0.0
2018-11-27 00:00:00-05:00,138.5349571425592,142.03294576977768,138.29739456600524,141.90187072753906,7084200,0.0,0.0
2018-11-28 00:00:00-05:00,142.4951986551857,146.40142637923796,140.60800175726428,146.22012329101562,7133600,1.03,0.0
2018-11-29 00:00:00-05:00,145.7009331742443,146.0882613148973,144.15162061163238,144.76145935058594,4329300,0.0,0.0
2018-11-30 00:00:00-05:00,144.83569110329367,148.64303213141142,144.30826718349044,148.60183715820312,8942400,0.0,0.0
2018-12-03 00:00:00-05:00,151.04934866536132,151.22241527296094,147.80240382666986,149.77200317382812,7610600,0.0,0.0
2018-12-04 00:00:00-05:00,149.2116588780364,150.1758551114761,143.84676827409422,144.46484375,7059600,0.0,0.0
2018-12-06 00:00:00-05:00,142.98139014882,145.07459920368998,140.4761309782474,145.00868225097656,7571200,0.0,0.0
2018-12-07 00:00:00-05:00,144.50599335202062,146.98653074041215,141.94304090331107,142.3962860107422,6226100,0.0,0.0
2018-12-10 00:00:00-05:00,142.89072913800413,143.38519427394277,138.22631911983981,141.48976135253906,5373800,0.0,0.0
2018-12-11 00:00:00-05:00,143.64067088550865,144.71200368664609,141.11892622384102,141.91830444335938,5229400,0.0,0.0
2018-12-12 00:00:00-05:00,143.18742140576526,145.75861021513884,142.4127651427432,143.56651306152344,5912500,0.0,0.0
2018-12-13 00:00:00-05:00,143.6489373613121,144.14340262657234,141.8029605305252,143.2863311767578,6102200,0.0,0.0
2018-12-14 00:00:00-05:00,142.5528842198404,144.33294410863877,141.70406181055466,141.9842529296875,4265200,0.0,0.0
2018-12-17 00:00:00-05:00,141.34144293322962,141.73702014507958,137.56706191654604,138.42413330078125,5631700,0.0,0.0
2018-12-18 00:00:00-05:00,139.19053107461832,141.70403942212934,138.86089599533946,140.1300048828125,4462200,0.0,0.0
2018-12-19 00:00:00-05:00,140.8552512846166,144.17637518360866,137.43523935282886,138.08627319335938,6996900,0.0,0.0
2018-12-20 00:00:00-05:00,137.0314366533703,137.88025920277147,133.69382695462636,135.2843475341797,7675600,0.0,0.0
2018-12-21 00:00:00-05:00,134.17175722909812,138.41588098360097,131.99613311200176,132.25160217285156,13034100,0.0,0.0
2018-12-24 00:00:00-05:00,131.98792858585435,133.0098050766112,130.2820346508268,130.3232421875,4547400,0.0,0.0
2018-12-26 00:00:00-05:00,131.41102346134184,138.67958068847656,131.39453793640135,138.67958068847656,6141500,0.0,0.0
2018-12-27 00:00:00-05:00,137.16325048904113,140.47613708422543,134.62502015701273,140.3607635498047,5069300,0.0,0.0
2018-12-28 00:00:00-05:00,141.10249715632466,142.66828317118487,138.94335773956922,140.2783966064453,4552000,0.0,0.0
2018-12-31 00:00:00-05:00,141.30849891227228,142.76716016513967,140.6327305372941,141.59693908691406,4206000,0.0,0.0
2019-01-02 00:00:00-05:00,139.8580316398444,142.7176473799429,139.31412256314903,142.08309936523438,4242900,0.0,0.0
2019-01-03 00:00:00-05:00,141.61339381690334,141.61339381690334,138.62191825164953,138.95155334472656,4810500,0.0,0.0
2019-01-04 00:00:00-05:00,140.24539962713894,144.00330800299082,139.70150292155336,143.08030700683594,4762600,0.0,0.0
2019-01-07 00:00:00-05:00,143.2533422444507,146.83817064389743,143.2533422444507,145.89869689941406,4928800,0.0,0.0
2019-01-08 00:00:00-05:00,147.1595921134658,148.0001653399631,144.7202497670496,146.5991973876953,4722400,0.0,0.0
2019-01-09 00:00:00-05:00,146.58275783223928,149.38470719028862,145.9482094754454,148.11558532714844,4922000,0.0,0.0
2019-01-10 00:00:00-05:00,146.71459312181287,147.7117601381412,145.32186143464833,147.56341552734375,3605300,0.0,0.0
2019-01-11 00:00:00-05:00,146.63220506474215,148.55236085834682,145.96468563011777,147.8518829345703,3285100,0.0,0.0
2019-01-14 00:00:00-05:00,146.35198785767196,147.70351201843468,145.7833565664459,147.35739135742188,3871400,0.0,0.0
2019-01-15 00:00:00-05:00,145.10757174635324,146.54151069065546,144.38235951133535,145.42897033691406,5016100,0.0,0.0
2019-01-16 00:00:00-05:00,145.93990442522247,146.63214558962676,144.92626467914678,145.89869689941406,4075400,0.0,0.0
2019-01-17 00:00:00-05:00,143.40170103437663,144.5966566321755,141.74526381554378,144.1104278564453,6499200,0.0,0.0
2019-01-18 00:00:00-05:00,145.84930748076167,148.37105307680517,145.19002454541229,147.99197387695312,6371100,0.0,0.0
2019-01-22 00:00:00-05:00,146.26953719667287,147.18428884769133,144.51419988869338,145.9563751220703,6272700,0.0,0.0
2019-01-23 00:00:00-05:00,145.5278985703258,146.7393272638029,143.8302536188613,145.77513122558594,4910400,0.0,0.0
2019-01-24 00:00:00-05:00,145.86579847604895,146.3025707649386,144.4648300451891,146.1047821044922,3860100,0.0,0.0
2019-01-25 00:00:00-05:00,148.15677111888232,149.05503755035298,147.19257514545401,148.66770935058594,4501800,0.0,0.0
2019-01-28 00:00:00-05:00,147.4892407249242,148.32982660331353,146.20364619019549,148.19796752929688,4091400,0.0,0.0
2019-01-29 00:00:00-05:00,147.48097568922518,148.4616443535411,146.7639999723326,148.0825653076172,3686900,0.0,0.0
2019-01-30 00:00:00-05:00,148.72540831800606,151.7992994569785,148.1567769989811,150.13461303710938,5197700,0.0,0.0
2019-01-31 00:00:00-05:00,149.5742237871495,152.18662056691082,149.21161759630766,151.2471466064453,5138000,0.0,0.0
2019-02-01 00:00:00-05:00,151.65920096189453,152.58218941856234,150.67028296192552,151.93939208984375,4513100,0.0,0.0
2019-02-04 00:00:00-05:00,151.88171379603196,153.6370391845703,151.50262206025914,153.6370391845703,3050200,0.0,0.0
2019-02-05 00:00:00-05:00,154.0161151196465,154.09853018520394,152.20309685034414,153.60406494140625,4135200,0.0,0.0
2019-02-06 00:00:00-05:00,153.85127695267377,153.85127695267377,151.6838892815559,152.22779846191406,3072500,0.0,0.0
2019-02-07 00:00:00-05:00,151.42018408108638,152.39261633775013,150.35708771938786,151.692138671875,2793400,0.0,0.0
2019-02-08 00:00:00-05:00,150.8515663424451,152.11243882816532,150.57961172741895,152.0794677734375,2792300,0.0,0.0
2019-02-11 00:00:00-05:00,152.45859159840657,152.80471229738663,150.6043654843719,150.7444610595703,3729200,0.0,0.0
2019-02-12 00:00:00-05:00,151.50262021556676,153.61231530694155,151.23891461653224,152.88711547851562,3773200,0.0,0.0
2019-02-13 00:00:00-05:00,153.5298856877524,155.49123581619463,153.21672355536757,155.26873779296875,4146900,0.0,0.0
2019-02-14 00:00:00-05:00,154.51879742765325,155.69725475347764,153.28264704823204,154.69186401367188,2600600,0.0,0.0
2019-02-15 00:00:00-05:00,156.47192394814795,158.73819983124272,155.79616822370707,158.5486602783203,4997900,0.0,0.0
2019-02-19 00:00:00-05:00,157.98828360875854,159.20794860564718,157.63391391942713,158.4992218017578,3828400,0.0,0.0
2019-02-20 00:00:00-05:00,158.5486769000515,158.55691337720796,157.49382938440604,158.10366821289062,3970100,0.0,0.0
2019-02-21 00:00:00-05:00,158.10367098128594,158.53219414686305,157.0817819311474,158.07894897460938,3094200,0.0,0.0
2019-02-22 00:00:00-05:00,157.97179256848716,158.67227029657994,157.91409951011735,158.5486602783203,3321600,0.0,0.0
2019-02-25 00:00:00-05:00,158.84535319744245,159.39749896028425,156.54611859845795,156.56259155273438,6190700,0.0,0.0
2019-02-26 00:00:00-05:00,152.94482819091985,155.31824195611446,150.64559303697052,155.1781463623047,13635100,0.0,0.0
2019-02-27 00:00:00-05:00,154.8484750768806,155.34294039451865,150.98345439061876,151.36253356933594,8766200,0.0,0.0
2019-02-28 00:00:00-05:00,151.30483503748786,152.6151516258169,150.90102132372985,152.57394409179688,8060600,0.0,0.0
2019-03-01 00:00:00-05:00,153.13432080072434,153.74414696299797,150.69497842731266,152.59864807128906,5481300,0.0,0.0
2019-03-04 00:00:00-05:00,153.44748943518505,153.48046049251502,150.06868539575527,151.47789001464844,5046800,0.0,0.0
2019-03-05 00:00:00-05:00,151.83224905498386,152.55744879324314,151.01638520282248,151.63446044921875,3691000,0.0,0.0
2019-03-06 00:00:00-05:00,152.0712395968747,152.4338457700332,151.50260833212835,152.00531005859375,4460900,0.0,0.0
2019-03-07 00:00:00-05:00,151.9558524914347,152.1453920378487,149.64013268055362,150.4065399169922,4122200,0.0,0.0
2019-03-08 00:00:00-05:00,149.565973963537,149.91209459442527,147.9424953015403,149.35169982910156,3867100,0.0,0.0
2019-03-11 00:00:00-04:00,149.98625554808024,150.97517339937676,149.3269727889583,150.34886169433594,3866200,0.0,0.0
2019-03-12 00:00:00-04:00,151.1647172260665,151.85697105885788,150.25821440954917,151.63446044921875,3777000,0.0,0.0
2019-03-13 00:00:00-04:00,152.13258609857007,152.58090836790288,150.3392716844241,150.3890838623047,4528300,1.36,0.0
2019-03-14 00:00:00-04:00,150.50534768905123,150.8872622459581,149.85776390559127,150.77932739257812,4393000,0.0,0.0
2019-03-15 00:00:00-04:00,151.35219004689617,151.50993708551212,149.0856468474186,151.2940673828125,8059100,0.0,0.0
2019-03-18 00:00:00-04:00,151.54313315780456,152.33185564172373,151.37708831935984,152.28204345703125,4395800,0.0,0.0
2019-03-19 00:00:00-04:00,152.92133318202247,154.2746233523301,152.33185942224392,152.87152099609375,4437100,0.0,0.0
2019-03-20 00:00:00-04:00,153.0126965748837,155.3539585559266,152.2903816998323,154.5071258544922,4772600,0.0,0.0
2019-03-21 00:00:00-04:00,154.00894800220468,157.74501412624738,154.00894800220468,157.72010803222656,4755700,0.0,0.0
2019-03-22 00:00:00-04:00,157.17219090316172,159.44704522676395,156.64083964044463,156.70726013183594,5173600,0.0,0.0
2019-03-25 00:00:00-04:00,156.70721012804577,159.1647168517036,156.50794871745427,157.4793243408203,3845900,0.0,0.0
2019-03-26 00:00:00-04:00,158.31789225472835,159.56324772875254,156.6989326721791,157.1970672607422,4143300,0.0,0.0
2019-03-27 00:00:00-04:00,157.45441939691364,159.08168925759426,156.40832548759647,157.12232971191406,4298400,0.0,0.0
2019-03-28 00:00:00-04:00,157.6703150957454,158.9073601445227,157.04763733237593,157.7948455810547,3326100,0.0,0.0
2019-03-29 00:00:00-04:00,158.45073755524214,159.43870895024807,157.86126370728005,159.31417846679688,4674100,0.0,0.0
2019-04-01 00:00:00-04:00,160.22739838456093,162.6433777509627,160.1111657438007,162.42752075195312,5381400,0.0,0.0
2019-04-02 00:00:00-04:00,162.31130234877457,162.31130234877457,161.08255537175415,161.3233184814453,2717800,0.0,0.0
2019-04-03 00:00:00-04:00,161.87960720890436,165.04280816165178,161.15730507058254,164.89337158203125,4581500,0.0,0.0
2019-04-04 00:00:00-04:00,165.217164124512,166.4542218235598,164.4035354061294,166.42100524902344,3138400,0.0,0.0
2019-04-05 00:00:00-04:00,166.7614237063791,168.64606546255183,166.55386443225828,167.75770568847656,3615300,0.0,0.0
2019-04-08 00:00:00-04:00,167.1847823669192,169.19395392680337,167.07686019614263,168.9947052001953,3040900,0.0,0.0
2019-04-09 00:00:00-04:00,167.92370885910196,168.29732559443715,166.42929259139953,166.79458618164062,3721700,0.0,0.0
2019-04-10 00:00:00-04:00,167.09347753602177,167.37576771609952,164.40351802980663,165.5741424560547,3587500,0.0,0.0
2019-04-11 00:00:00-04:00,165.9643775344346,167.2927618522389,165.2420753708998,167.27615356445312,2465100,0.0,0.0
2019-04-12 00:00:00-04:00,167.8157963843608,169.58419244833533,167.8157963843608,169.24380493164062,3097900,0.0,0.0
2019-04-15 00:00:00-04:00,169.5011883204468,170.3148170302197,168.87020009504596,170.0823516845703,3049900,0.0,0.0
2019-04-16 00:00:00-04:00,170.40615934333852,171.02053933838388,169.60912617864216,169.75857543945312,3271400,0.0,0.0
2019-04-17 00:00:00-04:00,170.48085084007508,171.72620625461067,170.4642552224701,171.48544311523438,3271900,0.0,0.0
2019-04-18 00:00:00-04:00,171.04543735275482,172.506649972487,170.28162080141217,170.74655151367188,3162500,0.0,0.0
2019-04-22 00:00:00-04:00,169.45967291145692,171.2363795672608,169.36834633561796,170.01593017578125,2593900,0.0,0.0
2019-04-23 00:00:00-04:00,170.31485466066098,172.13307611247123,168.89514350824035,171.07037353515625,3702600,0.0,0.0
2019-04-24 00:00:00-04:00,171.16167145671866,172.9383782181762,170.64691587664703,171.62660217285156,2750900,0.0,0.0
2019-04-25 00:00:00-04:00,171.03711852141979,172.45682935482995,170.2483959110413,171.44393920898438,3292100,0.0,0.0
2019-04-26 00:00:00-04:00,170.92921262552287,171.14506970385216,168.82040336600917,169.04457092285156,3560300,0.0,0.0
2019-04-29 00:00:00-04:00,168.7954502841316,169.20227089725213,166.32964585044394,167.84068298339844,3785200,0.0,0.0
2019-04-30 00:00:00-04:00,167.33424323812403,169.16076181359512,166.70325511081657,169.11924743652344,3415600,0.0,0.0
2019-05-01 00:00:00-04:00,168.70415464964972,168.96983656857108,164.93488427093408,165.05111694335938,4644700,0.0,0.0
2019-05-02 00:00:00-04:00,165.46622719823506,166.9274396742837,165.05110872190653,166.88592529296875,2810000,0.0,0.0
2019-05-03 00:00:00-04:00,167.70787239708153,167.96524383767584,166.3130803312501,166.5123291015625,3583400,0.0,0.0
2019-05-06 00:00:00-04:00,165.0012934899152,165.98926480389915,164.6442850192806,165.74020385742188,2619400,0.0,0.0
2019-05-07 00:00:00-04:00,163.34914232868843,164.09635061886266,160.20254943048624,161.7052764892578,4622100,0.0,0.0
2019-05-08 00:00:00-04:00,161.47278323172208,163.2328814493241,160.80028068463994,162.03733825683594,3122600,0.0,0.0
2019-05-09 00:00:00-04:00,160.49311133923732,161.96263436628558,159.06510269558575,161.54751586914062,2917700,0.0,0.0
2019-05-10 00:00:00-04:00,160.41009524085501,162.30303457436312,157.75332672439836,161.54751586914062,3863600,0.0,0.0
2019-05-13 00:00:00-04:00,158.5752880242794,159.12324755734784,157.03104649280382,158.02732849121094,3325900,0.0,0.0
2019-05-14 00:00:00-04:00,158.16013503096988,160.03646593055214,157.75331437498696,159.08999633789062,3663600,0.0,0.0
2019-05-15 00:00:00-04:00,158.4175000170686,160.07797380821177,157.9691776675602,159.2062225341797,3355800,0.0,0.0
2019-05-16 00:00:00-04:00,159.79572659512803,161.86302141760663,159.57155904367562,159.72100830078125,3854000,0.0,0.0
2019-05-17 00:00:00-04:00,158.45907593251962,161.4811388992707,158.36774933180402,159.8870849609375,5223800,0.0,0.0
2019-05-20 00:00:00-04:00,158.68323223516217,160.11953897290977,158.25150536537637,158.53378295898438,4782800,0.0,0.0
2019-05-21 00:00:00-04:00,155.36223570582462,159.83721210607226,154.7063414581724,158.9488525390625,8555600,0.0,0.0
2019-05-22 00:00:00-04:00,158.15181782184,159.5881239861765,156.12603793591327,156.8400421142578,5706000,0.0,0.0
2019-05-23 00:00:00-04:00,156.45817344338866,159.85384002221204,154.64826271005828,159.405517578125,7754000,0.0,0.0
2019-05-24 00:00:00-04:00,159.85381933359696,160.9497382059484,158.08542321635454,160.72557067871094,3799500,0.0,0.0
2019-05-28 00:00:00-04:00,161.38147845039293,163.11667080810503,158.86586125509234,159.0319061279297,5165800,0.0,0.0
2019-05-29 00:00:00-04:00,157.97750328029505,159.30588761437218,156.1094699364808,157.7367401123047,4569900,0.0,0.0
2019-05-30 00:00:00-04:00,157.85297047090086,159.82062817690135,157.81975389541068,158.64169311523438,3029800,0.0,0.0
2019-05-31 00:00:00-04:00,157.44614331407706,157.9857922937677,156.6325146056722,157.62049865722656,3681500,0.0,0.0
2019-06-03 00:00:00-04:00,157.34650136824771,159.29755048881208,156.7072154059271,157.3880157470703,4620200,0.0,0.0
2019-06-04 00:00:00-04:00,159.0568067400672,162.31133427540564,158.92396577901388,162.10377502441406,5118100,0.0,0.0
2019-06-05 00:00:00-04:00,162.20406896562196,164.46979819792665,161.4265389393808,164.44471740722656,3704600,1.36,0.0
2019-06-06 00:00:00-04:00,164.4112685900251,165.24732896985185,162.9983372642238,164.8460235595703,3732900,0.0,0.0
2019-06-07 00:00:00-04:00,164.871131277095,166.39276754038207,164.04343953054024,164.95474243164062,3522300,0.0,0.0
2019-06-10 00:00:00-04:00,166.00812748403501,167.08665239143832,164.97142089943537,165.5817413330078,3154500,0.0,0.0
2019-06-11 00:00:00-04:00,166.39273846480492,167.91436170493148,163.7340598535404,165.54830932617188,3708500,0.0,0.0
2019-06-12 00:00:00-04:00,166.2171900080366,167.37095760843536,165.52325824528015,166.3258819580078,2551500,0.0,0.0
2019-06-13 00:00:00-04:00,167.17031156392417,169.45275339091268,166.75228127106251,169.17686462402344,3630900,0.0,0.0
2019-06-14 00:00:00-04:00,168.30734301709725,172.6464992028753,168.30734301709725,172.0361785888672,4898000,0.0,0.0
2019-06-17 00:00:00-04:00,173.06456108937937,174.56110409622724,172.22850040778815,173.04783630371094,4620500,0.0,0.0
2019-06-18 00:00:00-04:00,173.9842170803526,175.7148558996863,173.15651248841849,173.46585083007812,3891300,0.0,0.0
2019-06-19 00:00:00-04:00,173.8169837834331,174.30190043481593,172.1448626782254,173.85043334960938,3648200,0.0,0.0
2019-06-20 00:00:00-04:00,175.21319192317287,176.96055517493357,174.99580804487834,176.61776733398438,5171500,0.0,0.0
2019-06-21 00:00:00-04:00,176.62612733458624,177.23646065267533,174.80352166407184,175.0626983642578,9855000,0.0,0.0
2019-06-24 00:00:00-04:00,174.02597992432163,174.95400754669615,171.4927177470531,171.8104248046875,4943500,0.0,0.0
2019-06-25 00:00:00-04:00,172.4792859249865,173.14813688506322,170.723553749444,171.17503356933594,3587900,0.0,0.0
2019-06-26 00:00:00-04:00,171.67665824096179,173.33206719915546,171.09977446073705,172.57960510253906,3071200,0.0,0.0
2019-06-27 00:00:00-04:00,173.5745410008821,173.90060412332244,172.23683894317838,173.08126831054688,2286800,0.0,0.0
2019-06-28 00:00:00-04:00,173.70824825882582,174.73659883303316,173.39054126953107,173.87545776367188,11069000,0.0,0.0
2019-07-01 00:00:00-04:00,175.32186139657284,177.50397952681757,174.0426900192503,175.80677795410156,4097700,0.0,0.0
2019-07-02 00:00:00-04:00,175.77330839202838,175.79002041149565,174.28512219436888,175.689697265625,3160500,0.0,0.0
2019-07-03 00:00:00-04:00,175.42218314183938,177.8718337653899,175.3218472281105,177.32839965820312,2183700,0.0,0.0
2019-07-05 00:00:00-04:00,175.5476306948485,177.38696131138676,175.34697157481347,176.79336547851562,2547800,0.0,0.0
2019-07-08 00:00:00-04:00,176.3920423383493,178.448756800442,176.06597925064483,178.00564575195312,2705300,0.0,0.0
2019-07-09 00:00:00-04:00,177.18629691159825,178.35678927435094,176.57597631425926,177.2448272705078,2397400,0.0,0.0
2019-07-10 00:00:00-04:00,176.17464149961842,176.67628282256877,174.5944879167743,176.19972229003906,3457400,0.0,0.0
2019-07-11 00:00:00-04:00,177.45383578123412,178.9838279810331,176.42548496923726,178.95037841796875,3450100,0.0,0.0
2019-07-12 00:00:00-04:00,179.75303422526247,182.47023125424897,179.42697109207498,182.45350646972656,4429800,0.0,0.0
2019-07-15 00:00:00-04:00,183.05543540335748,183.3480616676457,181.2662665269239,182.84642028808594,3141300,0.0,0.0
2019-07-16 00:00:00-04:00,181.67592087233234,182.55378681189896,181.19936033815347,181.64247131347656,2657400,0.0,0.0
2019-07-17 00:00:00-04:00,181.19939948100978,181.9100560516206,180.2630157470703,180.2630157470703,3037300,0.0,0.0
2019-07-18 00:00:00-04:00,180.17099666703191,180.78131712082956,178.08920190410964,179.28477478027344,3068000,0.0,0.0
2019-07-19 00:00:00-04:00,179.4771322619385,179.94532416927242,178.02238218648858,178.11434936523438,3254800,0.0,0.0
2019-07-22 00:00:00-04:00,178.08088732525286,178.2982584636427,175.89041288742854,176.63450622558594,2764900,0.0,0.0
2019-07-23 00:00:00-04:00,177.7213950893407,179.02564749041616,177.01909454030113,178.1477813720703,2589900,0.0,0.0
2019-07-24 00:00:00-04:00,178.23971322358588,179.57740216799502,178.13939006100415,179.51052856445312,2207100,0.0,0.0
2019-07-25 00:00:00-04:00,179.151029263743,180.52216786893797,178.60759508307424,180.21282958984375,2335300,0.0,0.0
2019-07-26 00:00:00-04:00,180.19610131242118,181.60068945188246,179.00054103524155,181.34986877441406,2675500,0.0,0.0
2019-07-29 00:00:00-04:00,181.2495259551195,182.48690451496051,180.88167010039635,182.2946014404297,2407200,0.0,0.0
2019-07-30 00:00:00-04:00,181.85987747361665,182.75445554503418,181.30807450025424,181.72610473632812,2172600,0.0,0.0
2019-07-31 00:00:00-04:00,180.88169994026947,182.09398515176494,177.38696030708854,178.65777587890625,3426400,0.0,0.0
2019-08-01 00:00:00-04:00,179.03400374708545,181.93513484506093,177.26155948241671,177.9387664794922,3431500,0.0,0.0
2019-08-02 00:00:00-04:00,177.12777207538733,178.1979284587674,176.4756459279298,177.37022399902344,2884900,0.0,0.0
2019-08-05 00:00:00-04:00,175.17975397884206,175.53926662440995,170.6232268460178,171.3422393798828,4553200,0.0,0.0
2019-08-06 00:00:00-04:00,171.40075118659416,174.81187941167266,170.9743649424357,174.56942749023438,3646800,0.0,0.0
2019-08-07 00:00:00-04:00,172.2619362770224,174.3186511556564,169.82900940246412,173.82537841796875,3901100,0.0,0.0
2019-08-08 00:00:00-04:00,175.32188835408567,176.98565338018932,174.50255261716865,176.8853302001953,2968000,0.0,0.0
2019-08-09 00:00:00-04:00,176.7849768050076,177.5876004375121,173.85876527628866,175.58941650390625,2912100,0.0,0.0
2019-08-12 00:00:00-04:00,173.98416092020193,175.271688223672,172.3538330601647,173.07284545898438,2005000,0.0,0.0
2019-08-13 00:00:00-04:00,172.48760717329105,176.9270855496006,171.208435870194,174.17645263671875,3876700,0.0,0.0
2019-08-14 00:00:00-04:00,170.94094531967423,171.69339471024026,168.47455649635674,168.54144287109375,4582100,0.0,0.0
2019-08-15 00:00:00-04:00,169.7202721855307,170.35567353804154,166.41783594322683,168.70863342285156,4199700,0.0,0.0
2019-08-16 00:00:00-04:00,170.34729827265858,170.91581319371147,168.60829119377587,170.26368713378906,4093600,0.0,0.0
2019-08-19 00:00:00-04:00,173.04776981949797,174.58613057812207,171.64319453754788,173.85874938964844,6413600,0.0,0.0
2019-08-20 00:00:00-04:00,178.4988971484922,182.135765027025,177.38693527472765,181.50035095214844,12452600,0.0,0.0
2019-08-21 00:00:00-04:00,182.8714960533487,184.66903364962337,181.22445596971218,184.26771545410156,7938600,0.0,0.0
2019-08-22 00:00:00-04:00,183.97510736674036,186.15722568465623,183.8329786189552,184.7860870361328,4544600,0.0,0.0
2019-08-23 00:00:00-04:00,183.84973654243532,184.66071641429497,180.59746104090092,181.818115234375,5769300,0.0,0.0
2019-08-26 00:00:00-04:00,182.64577043760303,183.51526768725043,180.73954088621338,182.8046112060547,3680200,0.0,0.0
2019-08-27 00:00:00-04:00,183.5570855879762,184.27609812929143,182.1859468763135,182.436767578125,4311700,0.0,0.0
2019-08-28 00:00:00-04:00,182.16085450184858,185.68066184403673,181.51708438482018,185.56361389160156,3066700,0.0,0.0
2019-08-29 00:00:00-04:00,187.193975542621,190.3710085829234,187.07692756121753,190.05331420898438,4184200,0.0,0.0
2019-08-30 00:00:00-04:00,190.98128155331946,191.68358202347375,189.5265445419549,190.54653930664062,3768300,0.0,0.0
2019-09-03 00:00:00-04:00,189.32585922245832,190.31241704587444,186.75916064252215,187.33604431152344,4139400,0.0,0.0
2019-09-04 00:00:00-04:00,188.37914788496937,188.54737854003906,185.6201240692625,188.54737854003906,3132900,1.36,0.0
2019-09-05 00:00:00-04:00,190.35586842291357,192.44195650967706,190.3138075558663,191.91201782226562,3373100,0.0,0.0
2019-09-06 00:00:00-04:00,192.37464602463845,194.62055752219536,191.68489663489206,194.41868591308594,3237900,0.0,0.0
2019-09-09 00:00:00-04:00,194.72991572577243,196.72347490262086,193.53546162741617,195.88230895996094,4449100,0.0,0.0
2019-09-10 00:00:00-04:00,195.36079423110374,196.0084956142224,193.22423833994947,195.99166870117188,4210600,0.0,0.0
2019-09-11 00:00:00-04:00,195.9327482302003,196.56362259500222,194.3261312692353,195.7056427001953,2978300,0.0,0.0
2019-09-12 00:00:00-04:00,196.34496463167068,198.0861843988256,196.0842052273546,196.66461181640625,3366100,0.0,0.0
2019-09-13 00:00:00-04:00,197.11040746262398,197.6487531267886,195.42807565771292,196.8159942626953,3805500,0.0,0.0
2019-09-16 00:00:00-04:00,195.76450830360116,196.50473829694607,193.98124095800245,194.30088806152344,3120200,0.0,0.0
2019-09-17 00:00:00-04:00,190.7680072586978,193.7457417081251,190.49884084718155,193.64480590820312,3732500,0.0,0.0
2019-09-18 00:00:00-04:00,193.77940930690062,194.75516495738387,192.635423021721,194.16635131835938,3341800,0.0,0.0
2019-09-19 00:00:00-04:00,194.43549622338233,194.6457877022461,191.74376786096062,191.8867645263672,3134000,0.0,0.0
2019-09-20 00:00:00-04:00,191.77743364406552,193.5102334843287,188.61464139021908,188.98475646972656,7687700,0.0,0.0
2019-09-23 00:00:00-04:00,188.5557329988632,191.06240354472286,188.37908252946187,190.3137664794922,2754000,0.0,0.0
2019-09-24 00:00:00-04:00,191.90361844808015,193.6700722532255,189.07730006095264,189.60723876953125,4511300,0.0,0.0
2019-09-25 00:00:00-04:00,190.5997957590875,192.16436499062644,188.84176194657456,191.86996459960938,3716700,0.0,0.0
2019-09-26 00:00:00-04:00,193.19899039657585,194.41027142548555,192.62700370802065,193.29151916503906,4200600,0.0,0.0
2019-09-27 00:00:00-04:00,194.82244322208427,194.9402059398816,192.73635529174345,193.35040283203125,3152000,0.0,0.0
2019-09-30 00:00:00-04:00,193.6279926476585,195.64678579946442,193.56910487010367,195.16732788085938,3249200,0.0,0.0
2019-10-01 00:00:00-04:00,196.00007684164544,197.26182578887287,194.07381242968816,194.3766326904297,3335400,0.0,0.0
2019-10-02 00:00:00-04:00,193.97286604366363,193.97286604366363,188.7071591765332,189.7249755859375,4336100,0.0,0.0
2019-10-03 00:00:00-04:00,189.26235786337932,190.7848663330078,186.83979557547204,190.7848663330078,2777700,0.0,0.0
2019-10-04 00:00:00-04:00,191.08767769248146,192.80366351131318,190.96150792720317,191.72695922851562,3163100,0.0,0.0
2019-10-07 00:00:00-04:00,191.37364062077827,191.8951721830751,190.14554565009718,190.7259521484375,2917600,0.0,0.0
2019-10-08 00:00:00-04:00,189.5651584028647,192.44194440249984,189.3464598772224,190.66708374023438,3438500,0.0,0.0
2019-10-09 00:00:00-04:00,192.2064077782366,193.09804157688436,190.6166047437185,192.57652282714844,2657600,0.0,0.0
2019-10-10 00:00:00-04:00,192.9129832960115,195.35237209283216,192.69428478395432,194.8224334716797,2781500,0.0,0.0
2019-10-11 00:00:00-04:00,197.1020223888066,199.1039887318271,196.630958649392,197.3880157470703,3459200,0.0,0.0
2019-10-14 00:00:00-04:00,197.01792201967143,198.08620654452966,196.88333236524383,196.98426818847656,2183900,0.0,0.0
2019-10-15 00:00:00-04:00,197.4132479145469,199.23857656955454,197.33754605601612,198.19552612304688,2663300,0.0,0.0
2019-10-16 00:00:00-04:00,198.02728946384627,198.6581639360791,196.6982457021216,198.43104553222656,2388100,0.0,0.0
2019-10-17 00:00:00-04:00,198.81796071810936,200.34046885220607,198.10296461190475,199.162841796875,2250500,0.0,0.0
2019-10-18 00:00:00-04:00,199.34795601545767,200.8115767955311,198.21237666144987,200.13864135742188,3662500,0.0,0.0
2019-10-21 00:00:00-04:00,200.41622090669173,201.03028137203793,198.18713598096386,199.10400390625,2041700,0.0,0.0
2019-10-22 00:00:00-04:00,199.60867311671578,200.44983902716535,198.95256473337898,199.52455139160156,2003200,0.0,0.0
2019-10-23 00:00:00-04:00,199.07034829762392,199.7012227965375,197.1356639339207,197.39642333984375,2110500,0.0,0.0
2019-10-24 00:00:00-04:00,197.514181830797,198.82639870677053,196.0505612392147,196.7403106689453,2173900,0.0,0.0
2019-10-25 00:00:00-04:00,196.40387429258698,198.02731867976377,195.6131761171052,197.1525115966797,2210900,0.0,0.0
2019-10-28 00:00:00-04:00,197.6319329858467,199.32268472221895,197.30387878605669,199.18809509277344,2705000,0.0,0.0
2019-10-29 00:00:00-04:00,199.22179924361942,199.77697201471346,196.7655954858072,196.95065307617188,2558000,0.0,0.0
2019-10-30 00:00:00-04:00,196.42067898392216,199.01989182348328,195.8907531023133,198.71707153320312,1956700,0.0,0.0
2019-10-31 00:00:00-04:00,199.23859737351017,199.68441436719706,196.17675336875973,197.32073974609375,2824100,0.0,0.0
2019-11-01 00:00:00-04:00,198.57409276733998,199.73489328886683,197.72450676881166,199.64236450195312,2197400,0.0,0.0
2019-11-04 00:00:00-05:00,200.42463127309247,200.5255670882838,196.73191295697046,197.60671997070312,2542400,0.0,0.0
2019-11-05 00:00:00-05:00,197.45527880145667,197.6066824955306,193.6952663765507,195.31871032714844,3624600,0.0,0.0
2019-11-06 00:00:00-05:00,195.84870822072276,196.8665120328239,195.05801001848968,196.84127807617188,2631900,0.0,0.0
2019-11-07 00:00:00-05:00,196.83281112561835,198.3384923666675,194.9485949796512,195.94117736816406,2832500,0.0,0.0
2019-11-08 00:00:00-05:00,195.82347570182785,196.21040493011705,194.83931287964478,195.85711669921875,2088400,0.0,0.0
2019-11-11 00:00:00-05:00,193.888735814609,195.38601005786026,193.61955657146717,194.9822540283203,2309600,0.0,0.0
2019-11-12 00:00:00-05:00,195.27668877351536,197.36278976970164,195.15051900305752,196.09262084960938,2991100,0.0,0.0
2019-11-13 00:00:00-05:00,195.22620244803585,197.58987671624448,194.18316488351604,197.50576782226562,2399600,0.0,0.0
2019-11-14 00:00:00-05:00,197.67398873513702,199.3058526532165,196.86646381453005,198.97779846191406,2282200,0.0,0.0
2019-11-15 00:00:00-05:00,199.93678544241453,200.23960577163197,198.81803291600505,199.60031127929688,3524700,0.0,0.0
2019-11-18 00:00:00-05:00,200.56760972726846,201.29941999124281,199.15444426715482,200.91249084472656,5747400,0.0,0.0
2019-11-19 00:00:00-05:00,193.9728952261329,196.09262441946413,189.59882152139804,189.9857635498047,14972200,0.0,0.0
2019-11-20 00:00:00-05:00,188.88383177994254,189.26235392074906,185.5359946244378,185.81356811523438,10225400,0.0,0.0
2019-11-21 00:00:00-05:00,186.68837156741253,186.9995988592743,183.79475866793715,183.82839965820312,7823700,0.0,0.0
2019-11-22 00:00:00-05:00,183.79479367566825,184.32473242830525,183.2143870104327,183.39944458007812,5786500,0.0,0.0
2019-11-25 00:00:00-05:00,183.3741710893169,183.81998800138987,182.43206936345294,183.71063232421875,8865400,0.0,0.0
2019-11-26 00:00:00-05:00,184.01345366756763,185.86402897608903,183.70222638166788,185.69578552246094,9981400,0.0,0.0
2019-11-27 00:00:00-05:00,186.46965664587998,187.95852393139208,185.6116766411615,187.5800018310547,6687500,0.0,0.0
2019-11-29 00:00:00-05:00,187.83236440357834,187.85759835596323,185.30044660945202,185.48550415039062,2952900,0.0,0.0
2019-12-02 00:00:00-05:00,185.81354278758857,186.0574880870885,182.91994286360884,183.0545196533203,4416300,0.0,0.0
2019-12-03 00:00:00-05:00,182.07037558853975,182.07037558853975,179.10946771606942,180.009521484375,6505400,0.0,0.0
2019-12-04 00:00:00-05:00,180.73756590463947,181.97352871339257,180.47513871880054,181.24549865722656,4256200,1.36,0.0
2019-12-05 00:00:00-05:00,181.4655882737833,181.584104188731,179.27303738861798,180.3142852783203,4580500,0.0,0.0
2019-12-06 00:00:00-05:00,181.33860616893287,182.3121288044548,181.07616608473177,181.39785766601562,4193700,0.0,0.0
2019-12-09 00:00:00-05:00,181.4063294312084,184.44543926728716,181.3132088582266,183.30259704589844,5111100,0.0,0.0
2019-12-10 00:00:00-05:00,183.2940779313081,183.43798914972666,182.09198459163935,182.7692108154297,4663000,0.0,0.0
2019-12-11 00:00:00-05:00,178.6465771191134,180.8645232047969,178.29102939740375,179.4677276611328,8284800,0.0,0.0
2019-12-12 00:00:00-05:00,179.89101900346807,181.27089307099638,178.39262901658105,179.50160217285156,9915100,0.0,0.0
2019-12-13 00:00:00-05:00,179.5693256294454,181.35553812897533,178.34183656592378,181.2285614013672,6869200,0.0,0.0
2019-12-16 00:00:00-05:00,181.52481857744363,183.4634157879853,181.4147764017976,182.45602416992188,5850300,0.0,0.0
2019-12-17 00:00:00-05:00,182.870871931075,185.77451853292482,182.74388227974669,184.30999755859375,7574400,0.0,0.0
2019-12-18 00:00:00-05:00,184.72479265760265,185.89301725466086,184.24225527828946,184.54701232910156,6677400,0.0,0.0
2019-12-19 00:00:00-05:00,184.9533512560905,186.89194867036628,184.7840446534645,186.4263458251953,5405000,0.0,0.0
2019-12-20 00:00:00-05:00,186.73954961293933,187.56917386263706,186.0707840619226,187.2474822998047,7778200,0.0,0.0
2019-12-23 00:00:00-05:00,187.93319224702353,187.93319224702353,185.51207042480817,185.5713348388672,3943700,0.0,0.0
2019-12-24 00:00:00-05:00,185.8168547007436,187.12052991117395,185.5798228443017,186.80731201171875,2260700,0.0,0.0
2019-12-26 00:00:00-05:00,186.86653991707485,187.21361390651063,185.89300441661678,186.93426513671875,2649200,0.0,0.0
2019-12-27 00:00:00-05:00,187.2559389380031,187.75539788802988,186.0538453842753,186.21469116210938,3082800,0.0,0.0
2019-12-30 00:00:00-05:00,186.55335000407715,186.6549443144177,183.31955079100396,183.96292114257812,3952400,0.0,0.0
2019-12-31 00:00:00-05:00,183.7851355688308,184.97875557145366,183.22641212752947,184.86871337890625,3789900,0.0,0.0
2020-01-02 00:00:00-05:00,185.46127234890682,186.0369173451835,184.4115508108397,185.9522705078125,3935700,0.0,0.0
2020-01-03 00:00:00-05:00,183.81897805813716,185.9691989821671,183.48882567050717,185.33428955078125,3423200,0.0,0.0
2020-01-06 00:00:00-05:00,183.2687826228417,186.2401549908885,183.1925836514026,186.206298828125,5682800,0.0,0.0
2020-01-07 00:00:00-05:00,185.81682449746447,186.71416108203374,183.61579999710318,184.98721313476562,5685400,0.0,0.0
2020-01-08 00:00:00-05:00,185.22425279650452,188.75434778842722,185.11419769164627,187.7554168701172,4916200,0.0,0.0
2020-01-09 00:00:00-05:00,188.47497243502417,190.93842402281368,187.80620687970654,190.6336669921875,4843600,0.0,0.0
2020-01-10 00:00:00-05:00,190.26121412445843,190.88766281673057,188.80515396629812,189.8125457763672,4226600,0.0,0.0
2020-01-13 00:00:00-05:00,190.04957764020983,190.05803845002228,188.50885771473162,189.0675811767578,6060900,0.0,0.0
2020-01-14 00:00:00-05:00,188.33951954137981,190.43048885146356,188.19560829507932,188.61888122558594,3915100,0.0,0.0
2020-01-15 00:00:00-05:00,188.17022864540215,190.45590007730223,188.04325192256664,190.12574768066406,3444300,0.0,0.0
2020-01-16 00:00:00-05:00,191.26010452695726,193.7404906730982,190.81143624380042,193.70663452148438,5390800,0.0,0.0
2020-01-17 00:00:00-05:00,194.37542093116178,196.90659803483905,193.78284133487492,196.32247924804688,7979200,0.0,0.0
2020-01-21 00:00:00-05:00,196.00075680213322,197.80390357026087,195.60287922496644,197.20285034179688,4873500,0.0,0.0
2020-01-22 00:00:00-05:00,197.9139936988439,200.23353450675683,197.1436466168782,197.1605682373047,4030800,0.0,0.0
2020-01-23 00:00:00-05:00,196.50871538981625,198.78592606072058,195.24735727485282,197.7954559326172,4617900,0.0,0.0
2020-01-24 00:00:00-05:00,198.48119058644656,199.30232836286828,195.17965327402385,196.398681640625,4467500,0.0,0.0
2020-01-27 00:00:00-05:00,193.18174460760747,196.79649870869116,193.18174460760747,195.71292114257812,3595600,0.0,0.0
2020-01-28 00:00:00-05:00,196.2462729065113,199.14991908652928,195.84839530789878,197.9732208251953,3621900,0.0,0.0
2020-01-29 00:00:00-05:00,198.85362469629493,199.68324897018664,197.58380585936516,198.10867309570312,2564000,0.0,0.0
2020-01-30 00:00:00-05:00,196.39864775622905,197.4991600038334,196.03463922145096,197.06741333007812,4685700,0.0,0.0
2020-01-31 00:00:00-05:00,197.21133572417125,197.43989381346802,192.9193418723313,193.0971221923828,5304700,0.0,0.0
2020-02-03 00:00:00-05:00,194.9595380978344,197.69387794479252,194.15532201546628,196.00924682617188,5100900,0.0,0.0
2020-02-04 00:00:00-05:00,198.11714287193374,200.08959643798386,198.11714287193374,198.93829345703125,3505100,0.0,0.0
2020-02-05 00:00:00-05:00,200.71605340649367,201.7488405168564,199.6663317600016,201.57106018066406,3868600,0.0,0.0
2020-02-06 00:00:00-05:00,201.47796081141186,202.67159384745563,201.0377532465856,202.18905639648438,3930300,0.0,0.0
2020-02-07 00:00:00-05:00,202.18903582442846,202.77315460890148,200.22505589635165,200.88536071777344,2456100,0.0,0.0
2020-02-10 00:00:00-05:00,200.29277906077428,203.6874237060547,199.93721839080982,203.6874237060547,2568000,0.0,0.0
2020-02-11 00:00:00-05:00,203.6874154205569,205.24505682156902,203.34032849135124,204.55935668945312,2692400,0.0,0.0
2020-02-12 00:00:00-05:00,204.97423201756632,205.1181433190212,202.1890878337508,204.51708984375,3592100,0.0,0.0
2020-02-13 00:00:00-05:00,203.99218588155995,206.21860594300455,203.50964847255946,205.16888427734375,2468100,0.0,0.0
2020-02-14 00:00:00-05:00,206.08316363954825,207.57307997342718,205.3974634352218,207.42916870117188,2841600,0.0,0.0
2020-02-18 00:00:00-05:00,207.26832546385336,208.34344253141631,205.84613434349336,206.50643920898438,2892600,0.0,0.0
2020-02-19 00:00:00-05:00,207.32757364840126,207.82703266341588,205.71912857803954,206.25245666503906,2713300,0.0,0.0
2020-02-20 00:00:00-05:00,206.29477016523208,209.19841636995832,204.99108225992484,209.11376953125,3701800,0.0,0.0
2020-02-21 00:00:00-05:00,208.67358580055654,209.40161586608485,206.55722083300526,207.69158935546875,3881100,0.0,0.0
2020-02-24 00:00:00-05:00,201.88429653532648,205.80380884439933,201.2239916557647,202.91708374023438,5350100,0.0,0.0
2020-02-25 00:00:00-05:00,208.33496084841073,209.07145168214655,200.19118012783093,200.9530792236328,8061500,0.0,0.0
2020-02-26 00:00:00-05:00,202.40911960198758,204.05140771427932,198.36263143838136,199.17530822753906,6963000,0.0,0.0
2020-02-27 00:00:00-05:00,195.6113580042266,198.78590497815125,190.1088099160905,190.24424743652344,7612800,0.0,0.0
2020-02-28 00:00:00-05:00,185.0803538829923,187.13745443791268,179.7471115638136,184.4115753173828,11809600,0.0,0.0
2020-03-02 00:00:00-05:00,186.22315229674626,194.70554532286332,184.9618072484431,194.65475463867188,7150800,0.0,0.0
2020-03-03 00:00:00-05:00,194.7309785080329,199.63248716127725,190.9553905204065,192.96170043945312,8432500,0.0,0.0
2020-03-04 00:00:00-05:00,197.2536646992711,204.2884723065413,196.22935134621466,204.08529663085938,6770000,0.0,0.0
2020-03-05 00:00:00-05:00,200.29275965616512,202.840858095606,197.3721660468335,198.77743530273438,6473900,0.0,0.0
2020-03-06 00:00:00-05:00,192.64842592230008,194.95101851899037,188.14479625265875,193.4441680908203,7399900,0.0,0.0
2020-03-09 00:00:00-04:00,181.05077431047437,183.00629334627715,175.44664437517596,178.1640625,10120500,0.0,0.0
2020-03-10 00:00:00-04:00,183.8782330422609,191.1754542659098,178.62117753638498,191.06539916992188,7206600,0.0,0.0
2020-03-11 00:00:00-04:00,185.18515804736683,186.761738084898,179.3901298735181,181.42691040039062,7253900,1.5,0.0
2020-03-12 00:00:00-04:00,166.53031043669785,176.04949178766003,157.52244713373207,162.4226531982422,10928700,0.0,0.0
2020-03-13 00:00:00-04:00,170.82543577877848,175.40181081783433,161.9198468052286,175.2739715576172,10292300,0.0,0.0
2020-03-16 00:00:00-04:00,155.07656956946917,158.59619909760733,139.00389727672064,140.5804901123047,12536600,0.0,0.0
2020-03-17 00:00:00-04:00,143.35016966221352,148.94917946940532,132.3481415935076,147.9776611328125,16234400,0.0,0.0
2020-03-18 00:00:00-04:00,136.1831229470181,138.33921261057833,119.84626332449335,132.62940979003906,14681900,0.0,0.0
2020-03-19 00:00:00-04:00,130.5244171977965,138.8334602720319,121.01375554271023,137.3165283203125,13499100,0.0,0.0
2020-03-20 00:00:00-04:00,138.7226892563182,145.0631312914899,129.37394812170052,129.6636962890625,12602400,0.0,0.0
2020-03-23 00:00:00-04:00,127.88260183802154,140.5549575346961,124.71238030874039,138.39035034179688,12241600,0.0,0.0
2020-03-24 00:00:00-04:00,147.76462921714395,158.22976257429946,146.58857575071312,157.420166015625,14676600,0.0,0.0
2020-03-25 00:00:00-04:00,157.16449420145736,163.24075286205334,153.397729298026,154.89761352539062,11497400,0.0,0.0
2020-03-26 00:00:00-04:00,156.3719500928374,168.9079465003651,155.52825787563677,166.35984802246094,10170300,0.0,0.0
2020-03-27 00:00:00-04:00,160.63300002361314,167.35693357556832,158.93709815553234,162.3885498046875,7121700,0.0,0.0
2020-03-30 00:00:00-04:00,162.40561318051198,168.90796452556012,159.8830666783954,167.1183319091797,6936700,0.0,0.0
2020-03-31 00:00:00-04:00,166.01043081525145,166.59845751323354,158.04226594331638,159.11605834960938,7335400,0.0,0.0
2020-04-01 00:00:00-04:00,149.91221315862768,155.7498418680317,149.13669920189267,152.230224609375,7858200,0.0,0.0
2020-04-02 00:00:00-04:00,149.09407574179664,155.71574836666156,148.28447917462665,154.51412963867188,6353900,0.0,0.0
2020-04-03 00:00:00-04:00,153.02277208002067,154.54823472935874,149.0855674161729,152.2898712158203,7299800,0.0,0.0
2020-04-06 00:00:00-04:00,160.21540883274372,163.97365638422644,157.76957138035982,163.0532684326172,7454000,0.0,0.0
2020-04-07 00:00:00-04:00,172.9304244818807,173.94455630320823,163.4964680253466,163.87142944335938,6438800,0.0,0.0
2020-04-08 00:00:00-04:00,165.5076479121963,167.68930261554047,163.23223662008215,166.02749633789062,6094700,0.0,0.0
2020-04-09 00:00:00-04:00,170.27148483011212,175.5466644632537,167.45919048084153,171.7458038330078,7125100,0.0,0.0
2020-04-13 00:00:00-04:00,170.8254071026371,170.8254071026371,166.4961808911938,169.41073608398438,4415600,0.0,0.0
2020-04-14 00:00:00-04:00,172.04409315725601,178.73393129629167,170.55272622767836,176.55227661132812,5655400,0.0,0.0
2020-04-15 00:00:00-04:00,169.30848257631317,172.3508771422798,167.55293285078378,169.1465606689453,5693900,0.0,0.0
2020-04-16 00:00:00-04:00,169.69199497452408,172.32533288730573,167.73192302506354,170.31411743164062,7262800,0.0,0.0
2020-04-17 00:00:00-04:00,176.55228521998276,179.17709270446701,175.6915580885566,178.46975708007812,6717600,0.0,0.0
2020-04-20 00:00:00-04:00,175.66600243809629,179.84182507127304,175.00979728018942,175.5978240966797,4753100,0.0,0.0
2020-04-21 00:00:00-04:00,171.08111610195863,174.1405461407545,170.02437127633937,170.96180725097656,4845000,0.0,0.0
2020-04-22 00:00:00-04:00,172.05264436454829,175.30809220055178,171.41348698348176,173.9956817626953,4067700,0.0,0.0
2020-04-23 00:00:00-04:00,173.27123105368076,176.38179033461648,172.30823021712575,172.4190216064453,3565500,0.0,0.0
2020-04-24 00:00:00-04:00,174.47287904909402,181.46099562023676,173.72294339510697,180.82183837890625,5025200,0.0,0.0
2020-04-27 00:00:00-04:00,183.25916753872218,188.28721255371417,182.38139259102357,185.57717895507812,5472800,0.0,0.0
2020-04-28 00:00:00-04:00,190.88647003336766,191.08247463837682,184.85282333389003,185.46641540527344,5080700,0.0,0.0
2020-04-29 00:00:00-04:00,188.62808590167467,191.03984083671665,187.3327365613647,189.02862548828125,4381100,0.0,0.0
2020-04-30 00:00:00-04:00,184.75049286380144,189.28425367208374,184.5204056601091,187.34121704101562,5152700,0.0,0.0
2020-05-01 00:00:00-04:00,184.73352159358387,187.2304900604948,183.88131179539891,186.2675018310547,3819300,0.0,0.0
2020-05-04 00:00:00-04:00,184.65676418017085,189.7529867933473,183.40402807027314,189.05416870117188,4090900,0.0,0.0
2020-05-05 00:00:00-04:00,191.69603466288277,195.02817740943118,190.56259430394095,192.2670135498047,4655200,0.0,0.0
2020-05-06 00:00:00-04:00,193.76690290228615,194.6787734645816,190.72452123030027,190.8267822265625,3321100,0.0,0.0
2020-05-07 00:00:00-04:00,193.03399144628543,197.39731343246527,192.95729570331656,195.53948974609375,4501300,0.0,0.0
2020-05-08 00:00:00-04:00,198.30917405468804,200.73797664966494,196.9882465557302,199.7834930419922,4365200,0.0,0.0
2020-05-11 00:00:00-04:00,197.51667552726877,203.4821443247993,197.07352277556188,201.5987548828125,4378300,0.0,0.0
2020-05-12 00:00:00-04:00,203.3117011119744,203.8911975424242,198.4796600341797,198.4796600341797,4399600,0.0,0.0
2020-05-13 00:00:00-04:00,198.59893026135992,201.37714203078687,194.7639868528317,196.09344482421875,6237200,0.0,0.0
2020-05-14 00:00:00-04:00,192.91470493626127,199.97953060600068,192.7698308482232,199.8261260986328,6434500,0.0,0.0
2020-05-15 00:00:00-04:00,198.38589182421333,207.28296323930462,198.3091960715252,203.9593505859375,16176300,0.0,0.0
2020-05-18 00:00:00-04:00,209.50723508625094,211.6207245609864,207.97325498481018,209.08966064453125,8314800,0.0,0.0
2020-05-19 00:00:00-04:00,204.91383319534225,206.62678312697793,202.65548254379385,202.91114807128906,9387000,0.0,0.0
2020-05-20 00:00:00-04:00,206.23475575303556,206.46485602238786,200.22667452395527,202.9878387451172,7534200,0.0,0.0
2020-05-21 00:00:00-04:00,202.50206153725534,205.53592594049002,200.94251625057706,205.2802734375,4772700,0.0,0.0
2020-05-22 00:00:00-04:00,205.1268778298594,206.52450125614388,203.3883757156767,206.1324920654297,3041800,0.0,0.0
2020-05-26 00:00:00-04:00,211.47584175163414,211.53550267519682,206.29441797636352,206.64381408691406,4535200,0.0,0.0
2020-05-27 00:00:00-04:00,206.82274926899328,210.82813177594684,205.19502581711075,210.8025665283203,4664800,0.0,0.0
2020-05-28 00:00:00-04:00,212.6433885750173,214.95286980357608,208.3056308991949,208.91070556640625,5259300,0.0,0.0
2020-05-29 00:00:00-04:00,208.84249412666625,212.80527678958106,208.56126338256104,211.75704956054688,5341600,0.0,0.0
2020-06-01 00:00:00-04:00,212.5496286230866,212.86494205717443,209.53279894305075,210.74293518066406,3407800,0.0,0.0
2020-06-02 00:00:00-04:00,211.88492102581014,215.37045589300473,210.4958149280598,215.3619384765625,5301000,0.0,0.0
2020-06-03 00:00:00-04:00,215.8677107510129,216.75072693794064,214.65891702980105,215.18186950683594,4638100,1.5,0.0
2020-06-04 00:00:00-04:00,214.12739884003992,216.1849095158438,212.15561014494978,213.42440795898438,4759400,0.0,0.0
2020-06-05 00:00:00-04:00,216.33066315895596,219.33978874868336,214.65036571338106,218.5253448486328,5054300,0.0,0.0
2020-06-08 00:00:00-04:00,216.45925634221504,220.1627782620658,216.26206831113285,220.12847900390625,3811900,0.0,0.0
2020-06-09 00:00:00-04:00,218.89399063164063,221.43159951915223,217.63376100282483,220.11993408203125,3716100,0.0,0.0
2020-06-10 00:00:00-04:00,220.71144951071628,222.28887518395211,217.94236668715544,218.13954162597656,3589800,0.0,0.0
2020-06-11 00:00:00-04:00,213.34728821950955,214.85612874990315,204.67143227740831,205.29725646972656,6563700,0.0,0.0
2020-06-12 00:00:00-04:00,208.38352363733756,211.2297474584421,203.22258372370206,207.85198974609375,5238500,0.0,0.0
2020-06-15 00:00:00-04:00,203.71122576934786,207.65480333499636,200.8735703791853,206.9175262451172,6250900,0.0,0.0
2020-06-16 00:00:00-04:00,213.81019108175607,215.73911225941106,208.21203422155747,214.28170776367188,5291600,0.0,0.0
2020-06-17 00:00:00-04:00,216.69932560806913,218.2853198386236,214.39319076182977,215.05331420898438,4234000,0.0,0.0
2020-06-18 00:00:00-04:00,213.7759283939596,215.8248710356524,211.86415663504727,213.6473388671875,3347800,0.0,0.0
2020-06-19 00:00:00-04:00,216.98226861736703,218.01102426290032,211.22122130477518,211.4526824951172,11114600,0.0,0.0
2020-06-22 00:00:00-04:00,210.63817350650922,214.3759943305167,210.47528474901353,213.60443115234375,3815200,0.0,0.0
2020-06-23 00:00:00-04:00,216.89648193804607,217.27369530399534,214.43603986651507,214.59034729003906,3105300,0.0,0.0
2020-06-24 00:00:00-04:00,212.44712153634245,214.5732179768766,208.09204394851537,211.00686645507812,3873000,0.0,0.0
2020-06-25 00:00:00-04:00,209.8666265001204,211.19544148166486,207.63764568712105,210.36386108398438,2938400,0.0,0.0
2020-06-26 00:00:00-04:00,210.33814678656486,210.98112052271944,205.96592014818015,206.61746215820312,5002700,0.0,0.0
2020-06-29 00:00:00-04:00,208.0320306502274,211.32405333136595,206.04309210453832,210.99827575683594,3468300,0.0,0.0
2020-06-30 00:00:00-04:00,211.75271277349677,215.73914525107074,210.9725680606001,214.76182556152344,4524600,0.0,0.0
2020-07-01 00:00:00-04:00,214.0245186366649,214.60748829187696,211.69266617848496,212.7385711669922,3677300,0.0,0.0
2020-07-02 00:00:00-04:00,215.98772813554785,216.2963560358565,212.5413854289903,213.0386199951172,3369800,0.0,0.0
2020-07-06 00:00:00-04:00,214.55605283000932,215.6105260940576,211.78696985564832,213.9387969970703,3133800,0.0,0.0
2020-07-07 00:00:00-04:00,212.06987092200623,214.99326119059768,211.81269190357708,212.052734375,2927800,0.0,0.0
2020-07-08 00:00:00-04:00,212.49854659214526,214.1445579222684,211.0840094888421,213.613037109375,2294000,0.0,0.0
2020-07-09 00:00:00-04:00,214.03310339171856,214.76179912064111,211.19544802324532,212.57569885253906,2994700,0.0,0.0
2020-07-10 00:00:00-04:00,212.85859504907117,214.60749095507634,211.44405804741095,214.41888427734375,2745300,0.0,0.0
2020-07-13 00:00:00-04:00,215.97061403393812,221.06295560470627,213.5444579621198,213.9988250732422,4437500,0.0,0.0
2020-07-14 00:00:00-04:00,213.46728526151017,221.33727769211083,213.00434991673018,221.00294494628906,4614200,0.0,0.0
2020-07-15 00:00:00-04:00,223.01759090054264,224.00347870673377,218.73965462015818,221.01148986816406,4343700,0.0,0.0
2020-07-16 00:00:00-04:00,220.11994240829654,223.3262300063913,219.46838726155923,221.25155639648438,2511200,0.0,0.0
2020-07-17 00:00:00-04:00,222.92329848636493,223.45481930018528,220.9429413057527,223.22335815429688,3091300,0.0,0.0
2020-07-20 00:00:00-04:00,222.07458358846372,223.9263512613686,221.20012248136734,223.0433349609375,2451100,0.0,0.0
2020-07-21 00:00:00-04:00,224.28635946133207,226.2152804849792,223.51479628440637,224.9722137451172,2439900,0.0,0.0
2020-07-22 00:00:00-04:00,225.1179894053843,227.68988467037806,224.61218647612276,227.329833984375,2750000,0.0,0.0
2020-07-23 00:00:00-04:00,229.58441404820562,229.58441404820562,224.44062559757222,226.16380310058594,2680100,0.0,0.0
2020-07-24 00:00:00-04:00,227.21841368934585,228.80442123010997,225.4609359745139,227.4498748779297,2984500,0.0,0.0
2020-07-27 00:00:00-04:00,227.26120829255433,230.33890611889908,227.26120829255433,229.25872802734375,2412500,0.0,0.0
2020-07-28 00:00:00-04:00,230.23607118920765,230.67330177370675,226.90119380084295,227.42413330078125,2227000,0.0,0.0
2020-07-29 00:00:00-04:00,227.01263208664548,228.99298952646564,226.47255600888226,226.8926239013672,2874100,0.0,0.0
2020-07-30 00:00:00-04:00,225.7608913231288,229.19866527122423,224.22632031151892,228.30706787109375,2347800,0.0,0.0
2020-07-31 00:00:00-04:00,227.18405816559334,229.0444070591274,223.42050592695776,227.6041259765625,3640600,0.0,0.0
2020-08-03 00:00:00-04:00,228.66719323176997,230.25317421388493,227.75845909398078,228.19566345214844,2363500,0.0,0.0
2020-08-04 00:00:00-04:00,228.58141360497203,229.6616176634358,226.18954440237238,229.6444549560547,2224000,0.0,0.0
2020-08-05 00:00:00-04:00,230.0903253312987,230.0903253312987,227.94707937603565,229.3101806640625,1959900,0.0,0.0
2020-08-06 00:00:00-04:00,228.555713244437,231.84773530658893,228.49569608932507,230.930419921875,2203400,0.0,0.0
2020-08-07 00:00:00-04:00,231.99345310009798,235.6884324078662,231.3076250058847,232.87649536132812,2846300,0.0,0.0
2020-08-10 00:00:00-04:00,233.54518646971954,235.75700430765158,233.01363961064212,235.52554321289062,2393100,0.0,0.0
2020-08-11 00:00:00-04:00,238.06322983792248,239.50348508292333,235.25129171844114,235.6885223388672,3321300,0.0,0.0
2020-08-12 00:00:00-04:00,239.82924189262317,242.58974395394418,237.4373718865372,241.39808654785156,3867900,0.0,0.0
2020-08-13 00:00:00-04:00,241.0380408287184,242.3154071762423,239.82066549042918,241.46669006347656,2202400,0.0,0.0
2020-08-14 00:00:00-04:00,241.0209506775064,241.75821494514014,239.34920787504856,240.51512145996094,2490400,0.0,0.0
2020-08-17 00:00:00-04:00,243.81561340699093,247.94779718899318,243.10406738174677,247.10763549804688,5584400,0.0,0.0
2020-08-18 00:00:00-04:00,247.67347524906592,249.1137301233973,242.64971973645714,244.33001708984375,6934300,0.0,0.0
2020-08-19 00:00:00-04:00,246.43895386946153,246.87618436010345,241.6980954732339,242.49537658691406,4986800,0.0,0.0
2020-08-20 00:00:00-04:00,240.50644144299895,241.68093577675916,239.56340820187833,240.62644958496094,3530000,0.0,0.0
2020-08-21 00:00:00-04:00,240.01779089964666,243.0869071077372,238.68898908385316,242.81259155273438,5519100,0.0,0.0
2020-08-24 00:00:00-04:00,244.32139284667133,245.91598101972124,241.68950739417326,245.8302459716797,4430900,0.0,0.0
2020-08-25 00:00:00-04:00,246.27602758980362,246.4560790365626,243.37838184935117,245.29872131347656,2854500,0.0,0.0
2020-08-26 00:00:00-04:00,246.67054070229682,250.43406802960448,245.41886588326147,250.27117919921875,4001900,0.0,0.0
2020-08-27 00:00:00-04:00,250.51968351271344,251.14552062342372,245.6673725135032,247.44198608398438,3430900,0.0,0.0
2020-08-28 00:00:00-04:00,247.16764606018248,247.613431713038,244.13280305615712,245.4359130859375,3100100,0.0,0.0
2020-08-31 00:00:00-04:00,244.33001958953517,245.77885583379884,242.50396999394434,244.36431884765625,4105400,0.0,0.0
2020-09-01 00:00:00-04:00,243.49840630018886,245.7702412939304,243.04403930144056,245.13584899902344,3235100,0.0,0.0
2020-09-02 00:00:00-04:00,245.489245646613,248.2384514608024,244.41197146552432,247.5145263671875,3464600,1.5,0.0
2020-09-03 00:00:00-04:00,247.6007101592887,247.94545896963078,234.56140435805278,236.6814727783203,5380100,0.0,0.0
2020-09-04 00:00:00-04:00,237.4742797191569,238.525700238038,228.09770853350267,232.39817810058594,5253500,0.0,0.0
2020-09-08 00:00:00-04:00,230.2005343119679,233.58750405695525,226.49472194342795,232.053466796875,5241200,0.0,0.0
2020-09-09 00:00:00-04:00,234.81132080475334,241.08536537068932,234.19943635729138,238.7584686279297,4754700,0.0,0.0
2020-09-10 00:00:00-04:00,239.5943701439391,242.15397428337639,233.69952982597587,235.0181121826172,3156300,0.0,0.0
2020-09-11 00:00:00-04:00,236.12127571310128,239.5685531237863,235.67311281730298,238.1465301513672,3729200,0.0,0.0
2020-09-14 00:00:00-04:00,240.05972703672396,243.4294432563355,239.6029639138967,241.8695526123047,3055800,0.0,0.0
2020-09-15 00:00:00-04:00,243.9293148091827,247.0835762511857,243.36051097859513,246.11831665039062,4174900,0.0,0.0
2020-09-16 00:00:00-04:00,246.144211800873,246.98017762196278,241.8954487197414,242.7141876220703,3379100,0.0,0.0
2020-09-17 00:00:00-04:00,239.50822889775725,243.65357804345408,238.68948996019117,241.2749481201172,3166600,0.0,0.0
2020-09-18 00:00:00-04:00,239.93909090794688,241.16285946542018,233.3892596109885,237.16403198242188,6072900,0.0,0.0
2020-09-21 00:00:00-04:00,234.30283943063247,235.19051237333923,229.70072692469876,234.71652221679688,3548000,0.0,0.0
2020-09-22 00:00:00-04:00,234.1391142911804,235.72485900726943,233.23421434090824,235.54388427734375,2972000,0.0,0.0
2020-09-23 00:00:00-04:00,237.3623011463864,238.39646860428923,228.1149698891424,229.7179412841797,4467600,0.0,0.0
2020-09-24 00:00:00-04:00,228.99399764738874,232.43267452093136,227.41687990887496,228.9853973388672,3095600,0.0,0.0
2020-09-25 00:00:00-04:00,227.6840994178,232.82053635503124,227.45141761734385,231.44161987304688,2457700,0.0,0.0
2020-09-28 00:00:00-04:00,234.35452679173872,236.3281004443298,232.9497570595702,234.69924926757812,3061100,0.0,0.0
2020-09-29 00:00:00-04:00,235.62141317759975,236.00061580876363,233.64783943367507,234.50965881347656,2048900,0.0,0.0
2020-09-30 00:00:00-04:00,235.69044203631756,241.24056256123552,234.8630762545046,239.33592224121094,4778800,0.0,0.0
2020-10-01 00:00:00-04:00,240.8267877044851,241.30940440925258,237.73285956831444,239.25827026367188,2696900,0.0,0.0
2020-10-02 00:00:00-04:00,236.94866605668494,242.2402243475757,236.22474080030796,240.71481323242188,2943600,0.0,0.0
2020-10-05 00:00:00-04:00,242.10230690086362,243.39503594469417,241.05088622652255,243.11924743652344,2330700,0.0,0.0
2020-10-06 00:00:00-04:00,243.46390391538307,243.89481347983508,237.66385170963136,238.2671356201172,2992500,0.0,0.0
2020-10-07 00:00:00-04:00,242.04199639525734,244.75672238695606,241.30944460685808,243.71392822265625,3423700,0.0,0.0
2020-10-08 00:00:00-04:00,244.6187574668077,245.57539045081597,242.3177149415586,245.2047882080078,2256200,0.0,0.0
2020-10-09 00:00:00-04:00,246.02362393570414,247.58351519144324,244.83430876820248,246.4114532470703,2240100,0.0,0.0
2020-10-12 00:00:00-04:00,247.67817844352993,248.4882641181022,246.53194442940026,247.26449584960938,2411900,0.0,0.0
2020-10-13 00:00:00-04:00,246.2217989748655,250.591203093712,246.2217989748655,250.23785400390625,2699900,0.0,0.0
2020-10-14 00:00:00-04:00,249.5053379898953,250.18615636600796,245.74779180366184,247.4197235107422,2221000,0.0,0.0
2020-10-15 00:00:00-04:00,244.86003178595598,250.14298693254622,243.99821270953032,247.80746459960938,2699400,0.0,0.0
2020-10-16 00:00:00-04:00,248.41940466163797,252.2114041907949,247.55758539134607,247.9109344482422,3108600,0.0,0.0
2020-10-19 00:00:00-04:00,249.72078704088628,250.02240277742666,244.22237529680424,244.52401733398438,2428100,0.0,0.0
2020-10-20 00:00:00-04:00,245.7391232797543,249.7465770381724,244.86867752834092,246.51475524902344,2281500,0.0,0.0
2020-10-21 00:00:00-04:00,245.9546179461483,248.22118056925277,244.13616558160396,245.1962127685547,2304500,0.0,0.0
2020-10-22 00:00:00-04:00,244.69631167414792,246.2044952281085,241.86954583646434,242.30908203125,2787000,0.0,0.0
2020-10-23 00:00:00-04:00,243.36054317441247,244.05861471779647,240.9215797766214,243.89486694335938,1750600,0.0,0.0
2020-10-26 00:00:00-04:00,240.9991766368266,242.6280015386076,234.4148641517857,237.89662170410156,2911900,0.0,0.0
2020-10-27 00:00:00-04:00,238.71534247642103,241.07674547023151,237.96556382132775,238.58607482910156,3014100,0.0,0.0
2020-10-28 00:00:00-04:00,232.90666857788108,235.85410219099944,231.5622325580413,232.4499053955078,3255900,0.0,0.0
2020-10-29 00:00:00-04:00,232.4241283362203,235.88003332327156,230.37299349504713,232.37242126464844,2872500,0.0,0.0
2020-10-30 00:00:00-04:00,231.674272113848,232.36371703828203,225.8225116628696,229.85581970214844,3872800,0.0,0.0
2020-11-02 00:00:00-05:00,232.82047874344877,236.8107063124117,231.4157090756916,233.32894897460938,2956400,0.0,0.0
2020-11-03 00:00:00-05:00,236.8709956236045,240.90430288213145,235.8971357883949,239.0427703857422,3037500,0.0,0.0
2020-11-04 00:00:00-05:00,238.5171434965344,247.3766457998556,237.8707789521268,243.65357971191406,3525300,0.0,0.0
2020-11-05 00:00:00-05:00,248.5056226616276,249.0657999966477,244.82563708878297,246.35107421875,2516600,0.0,0.0
2020-11-06 00:00:00-05:00,247.10946423652646,247.15254468247065,243.7656010513344,244.96351623535156,2839100,0.0,0.0
2020-11-09 00:00:00-05:00,248.1867661947417,248.5659688438297,232.23448030437947,232.66539001464844,7856400,0.0,0.0
2020-11-10 00:00:00-05:00,235.09575049049943,237.68120900942958,232.0449020739815,237.49160766601562,4828500,0.0,0.0
2020-11-11 00:00:00-05:00,238.99972432203973,242.76587029316477,238.0086374297389,239.37030029296875,2987900,0.0,0.0
2020-11-12 00:00:00-05:00,243.89487697076126,244.4895344285574,236.0006085388818,238.0689697265625,3818600,0.0,0.0
2020-11-13 00:00:00-05:00,238.22413409643823,241.07675425399952,237.22442041967528,238.87049865722656,3939200,0.0,0.0
2020-11-16 00:00:00-05:00,240.6026444140287,242.4210963489436,238.20678842393494,240.9387664794922,5360200,0.0,0.0
2020-11-17 00:00:00-05:00,234.50101634880392,235.73341152822363,232.17409392138532,234.81988525390625,8532200,0.0,0.0
2020-11-18 00:00:00-05:00,233.12207761347844,237.32775922917222,231.8293489021283,232.54464721679688,5122200,0.0,0.0
2020-11-19 00:00:00-05:00,233.0531810920078,234.74233951534018,231.57085087951367,233.49269104003906,3929400,0.0,0.0
2020-11-20 00:00:00-05:00,233.94084676083182,234.73370574528198,231.71733835960498,232.52745056152344,4111000,0.0,0.0
2020-11-23 00:00:00-05:00,232.69985089422298,235.87133978713274,232.3033950571298,233.89776611328125,3294200,0.0,0.0
2020-11-24 00:00:00-05:00,236.1385418334576,237.47435153160103,234.9061462667003,235.54388427734375,4773400,0.0,0.0
2020-11-25 00:00:00-05:00,235.69039317810885,236.77626780308563,233.7340461898493,236.1040496826172,3001700,0.0,0.0
2020-11-27 00:00:00-05:00,237.20715110805773,238.36198588891787,236.4487458667431,237.853515625,1625300,0.0,0.0
2020-11-30 00:00:00-05:00,237.18988433144884,239.37891249182513,234.34589145506712,239.0772705078125,4624100,0.0,0.0
2020-12-01 00:00:00-05:00,240.2149060251166,240.4045073255636,237.4743006276304,238.3792266845703,3942400,0.0,0.0
2020-12-02 00:00:00-05:00,237.4000505860676,237.52134941294352,233.58737485898203,234.91314697265625,4168600,1.5,0.0
2020-12-03 00:00:00-05:00,234.50590445004457,235.63236791552822,231.48176336565768,232.34828186035156,4168900,0.0,0.0
2020-12-04 00:00:00-05:00,231.76773737276807,232.85955930088602,227.73843106078252,228.7522430419922,7732800,0.0,0.0
2020-12-07 00:00:00-05:00,228.32762118373432,229.19413967020012,226.16132496756987,227.58242797851562,6379000,0.0,0.0
2020-12-08 00:00:00-05:00,226.7852020263672,227.46108533646236,224.1943204116763,226.7852020263672,5338100,0.0,0.0
2020-12-09 00:00:00-05:00,229.28940474317903,230.29456918862348,227.244434158477,230.1299285888672,4550100,0.0,0.0
2020-12-10 00:00:00-05:00,228.8302157281262,230.55460568998447,227.12317306211634,229.46278381347656,4234300,0.0,0.0
2020-12-11 00:00:00-05:00,228.20632853111707,229.93936575183594,227.5911077220957,229.23748779296875,3454500,0.0,0.0
2020-12-14 00:00:00-05:00,230.61520318670335,232.7468308940205,229.8613100195892,230.1299285888672,4576800,0.0,0.0
2020-12-15 00:00:00-05:00,231.80234528023266,232.8854932785231,230.6672082935477,232.20960998535156,3754100,0.0,0.0
2020-12-16 00:00:00-05:00,232.68615277250075,234.60982441270443,231.802313646368,233.6046600341797,4669600,0.0,0.0
2020-12-17 00:00:00-05:00,235.83170416540514,237.71203470929834,235.08648442224063,237.4001007080078,4247000,0.0,0.0
2020-12-18 00:00:00-05:00,237.93731800183915,238.93380901424757,234.2199461347023,234.34994506835938,9817000,0.0,0.0
2020-12-21 00:00:00-05:00,232.71220696125732,235.6497173784473,230.38994372067552,234.81784057617188,4339000,0.0,0.0
2020-12-22 00:00:00-05:00,234.0119039741034,235.13836706129092,232.66881133599233,233.9945831298828,3140100,0.0,0.0
2020-12-23 00:00:00-05:00,234.01194819537565,234.8264775762928,232.40023672507704,233.79531860351562,2337100,0.0,0.0
2020-12-24 00:00:00-05:00,233.47474525681324,235.1384459574679,233.44007711270288,234.7572021484375,1093900,0.0,0.0
2020-12-28 00:00:00-05:00,235.84035000646574,235.90965985056417,233.3014307230877,233.3101043701172,2633800,0.0,0.0
2020-12-29 00:00:00-05:00,233.94268196497993,234.3585939346845,229.68807281456432,230.6585693359375,2572100,0.0,0.0
2020-12-30 00:00:00-05:00,230.5891958672205,231.6203548659382,229.55806331254544,229.85267639160156,2511400,0.0,0.0
2020-12-31 00:00:00-05:00,230.12131173019694,230.45059297312713,228.39692202812233,230.1646270751953,2607900,0.0,0.0
2021-01-04 00:00:00-05:00,230.50260996755352,230.87520660074728,226.21333252984638,228.69158935546875,5002000,0.0,0.0
2021-01-05 00:00:00-05:00,227.59973247931515,230.9531545500055,227.25313039843527,230.53721618652344,3822600,0.0,0.0
2021-01-06 00:00:00-05:00,228.81285148838376,233.76066425400654,226.91517403622254,231.85433959960938,3949200,0.0,0.0
2021-01-07 00:00:00-05:00,231.31710760141462,232.90282470757313,230.64122427753728,230.71920776367188,3833200,0.0,0.0
2021-01-08 00:00:00-05:00,231.6637444253784,234.5925814160356,231.36045763779265,233.17147827148438,3757700,0.0,0.0
2021-01-11 00:00:00-05:00,231.76768486278814,236.8801382962647,231.58572339734414,235.0258026123047,3764400,0.0,0.0
2021-01-12 00:00:00-05:00,234.92182532867162,240.84016168095113,234.52323421030167,239.44505310058594,4030900,0.0,0.0
2021-01-13 00:00:00-05:00,241.1607837385953,243.04114069144075,237.37410177733054,237.4694061279297,3921400,0.0,0.0
2021-01-14 00:00:00-05:00,237.8593175623922,238.2059196580093,231.94100810869674,232.5215606689453,4641400,0.0,0.0
2021-01-15 00:00:00-05:00,232.7727972151368,239.49698716684864,232.22688649717574,238.8037567138672,5131700,0.0,0.0
2021-01-19 00:00:00-05:00,240.89213383989303,240.89213383989303,236.57686235412794,236.72418212890625,3615800,0.0,0.0
2021-01-20 00:00:00-05:00,236.77620122777907,240.20760738927171,235.2597937176286,237.68603515625,3498400,0.0,0.0
2021-01-21 00:00:00-05:00,239.3496904586853,243.23170203674033,238.87311596219203,241.8019256591797,4397900,0.0,0.0
2021-01-22 00:00:00-05:00,241.9839734423145,247.02709119553305,240.77949999101645,246.0912628173828,4501900,0.0,0.0
2021-01-25 00:00:00-05:00,245.96128351112063,247.62498423596483,243.855649885593,247.02708435058594,4025900,0.0,0.0
2021-01-26 00:00:00-05:00,247.32168569296476,247.52096799459673,244.09823628717484,244.8780975341797,2472200,0.0,0.0
2021-01-27 00:00:00-05:00,242.6165286055443,243.3270801872867,236.6288820480755,237.4694061279297,4337000,0.0,0.0
2021-01-28 00:00:00-05:00,239.30643793133802,245.19007980537106,238.23193695482817,240.9354705810547,3463000,0.0,0.0
2021-01-29 00:00:00-05:00,238.99449743598643,240.07764570631522,233.986020891748,234.6705780029297,4079500,0.0,0.0
2021-02-01 00:00:00-05:00,235.02580972119728,236.25625111680876,231.57705675555226,234.02064514160156,3707800,0.0,0.0
2021-02-02 00:00:00-05:00,233.95993659663748,238.89042774636386,233.95126295170795,235.8316192626953,4111800,0.0,0.0
2021-02-03 00:00:00-05:00,235.59773360329794,238.9164879066643,234.57522165002052,237.57339477539062,2802700,0.0,0.0
2021-02-04 00:00:00-05:00,237.64271081448726,242.13994417568904,237.64271081448726,241.6027069091797,2976000,0.0,0.0
2021-02-05 00:00:00-05:00,242.87639393236086,244.1501767454336,240.7274192742953,241.6372528076172,2389900,0.0,0.0
2021-02-08 00:00:00-05:00,242.356540473154,242.98910844344084,239.93029946007695,242.65115356445312,3475600,0.0,0.0
2021-02-09 00:00:00-05:00,242.33056029415135,242.79848767576098,239.69633672144482,239.82630920410156,2507800,0.0,0.0
2021-02-10 00:00:00-05:00,240.9181306437259,241.69799198273162,239.3757288153652,241.4900360107422,2410600,0.0,0.0
2021-02-11 00:00:00-05:00,240.83145773551968,242.84178681324707,239.167757180468,240.0775909423828,2595300,0.0,0.0
2021-02-12 00:00:00-05:00,240.12958966556943,241.50735083370878,239.66166229622476,240.46754455566406,2392200,0.0,0.0
2021-02-16 00:00:00-05:00,240.03429465898336,241.438050377537,238.18860604975703,238.6305389404297,2873500,0.0,0.0
2021-02-17 00:00:00-05:00,238.76051993927666,244.17626067870975,238.639194653571,243.42239379882812,3536400,0.0,0.0
2021-02-18 00:00:00-05:00,243.31839965757058,246.6804958818965,242.4778756014891,245.26806640625,3532000,0.0,0.0
2021-02-19 00:00:00-05:00,245.11207009546868,246.01325668917994,242.13991815399206,242.313232421875,4079900,0.0,0.0
2021-02-22 00:00:00-05:00,241.07406917813762,241.31669326484626,237.10542666468,239.0290985107422,3995500,0.0,0.0
2021-02-23 00:00:00-05:00,233.42267522609893,233.67397290657652,223.19774467506178,231.5683135986328,12111000,0.0,0.0
2021-02-24 00:00:00-05:00,228.09367284125415,231.35176439882525,220.1216921137408,225.26881408691406,14512700,0.0,0.0
2021-02-25 00:00:00-05:00,225.07818153672775,226.07467252806188,220.7109340918766,221.17884826660156,6545400,0.0,0.0
2021-02-26 00:00:00-05:00,223.3624471647094,225.50274875399492,221.92402339129077,223.8563690185547,7871200,0.0,0.0
2021-03-01 00:00:00-05:00,224.26364778607166,227.44378227272819,223.96903467340783,226.6985626220703,4528900,0.0,0.0
2021-03-02 00:00:00-05:00,226.75052836701246,227.98964333135785,225.09547505117555,225.54608154296875,3740300,0.0,0.0
2021-03-03 00:00:00-05:00,224.67091403326205,225.7280676535472,221.8374080781585,223.00718688964844,4257500,0.0,0.0
2021-03-04 00:00:00-05:00,221.82874108206363,222.5739343159938,214.11673154419185,217.43548583984375,7154900,0.0,0.0
2021-03-05 00:00:00-05:00,218.5879268887395,220.26897470076025,213.67476914592856,219.67974853515625,6351800,0.0,0.0
2021-03-08 00:00:00-05:00,220.29497827216315,228.09365741783293,218.81323915100242,224.4542694091797,5037400,0.0,0.0
2021-03-09 00:00:00-05:00,227.6604235170321,231.8543700401889,226.84589398112487,229.59274291992188,6625300,0.0,0.0
2021-03-10 00:00:00-05:00,231.86853396237439,234.33613626573677,230.26412546400883,232.1475372314453,3798400,1.65,0.0
2021-03-11 00:00:00-05:00,234.20530700327137,236.1061478159833,232.98458476619717,234.4232940673828,4371300,0.0,0.0
2021-03-12 00:00:00-05:00,233.2026166002936,238.74819580324314,232.6009700590627,238.12911987304688,4190500,0.0,0.0
2021-03-15 00:00:00-04:00,239.34978874679953,243.84031680206672,239.21027383705604,242.87246704101562,4355200,0.0,0.0
2021-03-16 00:00:00-04:00,242.8725348251887,246.34287271327042,242.09648791247847,245.95921325683594,4458900,0.0,0.0
2021-03-17 00:00:00-04:00,245.1395990248092,247.52872925312803,243.49160368822095,244.17172241210938,5908400,0.0,0.0
2021-03-18 00:00:00-04:00,243.29974327760942,248.91509269364352,242.19237846972672,246.90089416503906,4808100,0.0,0.0
2021-03-19 00:00:00-04:00,247.31944588888675,252.0802764892578,246.2643692130459,252.0802764892578,13729200,0.0,0.0
2021-03-22 00:00:00-04:00,249.8131789590732,253.15272911959065,247.80770858515146,251.94073486328125,5564700,0.0,0.0
2021-03-23 00:00:00-04:00,252.5250129264665,255.85586285471237,251.9408222852414,252.84765625,4801200,0.0,0.0
2021-03-24 00:00:00-04:00,252.21980228092457,258.77684465854134,251.98435918307274,255.2628936767578,4842000,0.0,0.0
2021-03-25 00:00:00-04:00,255.50699984462682,259.7359542653336,255.00998294564954,259.1255798339844,5373500,0.0,0.0
2021-03-26 00:00:00-04:00,259.26510953232156,265.0722885200426,258.12285936517645,264.9066162109375,5865900,0.0,0.0
2021-03-29 00:00:00-04:00,264.46196016344015,266.42384421987447,261.52349807869723,263.5028381347656,4642900,0.0,0.0
2021-03-30 00:00:00-04:00,263.0232650065976,266.53721646806196,261.61944066597425,265.787353515625,5045400,0.0,0.0
2021-03-31 00:00:00-04:00,266.3801574457092,268.57745718457454,265.194320744979,266.16217041015625,4744100,0.0,0.0
2021-04-01 00:00:00-04:00,267.58354168267243,269.0396806768692,264.97642436065536,268.3421325683594,3923900,0.0,0.0
2021-04-05 00:00:00-04:00,270.1644214106558,275.4048384975182,270.077221270541,275.012451171875,4697200,0.0,0.0
2021-04-06 00:00:00-04:00,273.4517021444319,275.48335664844626,273.03318397758005,273.5999450683594,3988600,0.0,0.0
2021-04-07 00:00:00-04:00,272.7803498231395,274.78584722339184,271.11492509096763,272.4577331542969,3799300,0.0,0.0
2021-04-08 00:00:00-04:00,272.65829424046325,274.8817521708215,270.8184691517476,274.166748046875,4035600,0.0,0.0
2021-04-09 00:00:00-04:00,274.986346831376,278.43055345714345,274.44574311203576,278.3520812988281,4607800,0.0,0.0
2021-04-12 00:00:00-04:00,277.03545327088074,280.1657449078163,276.6779512252469,279.71234130859375,3556800,0.0,0.0
2021-04-13 00:00:00-04:00,279.485519374149,279.8081359089098,276.40754369019055,279.3721618652344,3635100,0.0,0.0
2021-04-14 00:00:00-04:00,278.77053072652257,281.37767374420457,278.40432741136345,279.04083251953125,3440600,0.0,0.0
2021-04-15 00:00:00-04:00,279.2065997072552,281.9881173315977,279.0670847650909,281.4126281738281,3508200,0.0,0.0
2021-04-16 00:00:00-04:00,283.24374307596497,286.58332067971503,282.45899476030314,286.06884765625,6213100,0.0,0.0
2021-04-19 00:00:00-04:00,284.6823616637968,286.7227172755481,283.7668266901031,284.99627685546875,4494300,0.0,0.0
2021-04-20 00:00:00-04:00,284.25519218510334,285.7287871813463,280.9069133598972,282.4764099121094,4462900,0.0,0.0
2021-04-21 00:00:00-04:00,283.34824012410985,285.9204975994504,282.41527590356776,284.21148681640625,3740100,0.0,0.0
2021-04-22 00:00:00-04:00,284.42959302508376,284.63012413692434,278.01203864133595,280.2965393066406,4875000,0.0,0.0
2021-04-23 00:00:00-04:00,280.9330822171381,283.8453869400887,278.6572828527967,282.4154052734375,3405700,0.0,0.0
2021-04-26 00:00:00-04:00,282.2322932232499,282.51132313861746,278.430610412957,279.0148010253906,2848500,0.0,0.0
2021-04-27 00:00:00-04:00,279.4595222050866,281.17726198630703,279.3548926321813,279.5379943847656,3335800,0.0,0.0
2021-04-28 00:00:00-04:00,280.7237510313299,281.6044006732787,278.4130668703309,278.77056884765625,2713400,0.0,0.0
2021-04-29 00:00:00-04:00,280.51454074718436,284.07210548125323,279.9652089419417,283.6797180175781,3261900,0.0,0.0
2021-04-30 00:00:00-04:00,283.4268076608748,284.10692632661153,280.4273031325609,282.2235412597656,3118700,0.0,0.0
2021-05-03 00:00:00-04:00,284.49935804149925,289.1555598796679,283.97618361490305,287.9784240722656,3683700,0.0,0.0
2021-05-04 00:00:00-04:00,286.97568795371114,290.55941014940254,286.76642882745415,290.1582946777344,3954400,0.0,0.0
2021-05-05 00:00:00-04:00,291.44875367327614,291.44875367327614,288.75443630144906,289.53045654296875,3227200,0.0,0.0
2021-05-06 00:00:00-04:00,290.9430306551718,294.5528831484268,290.55937123524575,294.3523254394531,3539600,0.0,0.0
2021-05-07 00:00:00-04:00,293.5675580797383,296.29676061690776,292.5648228197236,295.8084716796875,2998100,0.0,0.0
2021-05-10 00:00:00-04:00,296.8548353682212,301.4238363451122,296.0613591525832,297.43902587890625,4840600,0.0,0.0
2021-05-11 00:00:00-04:00,294.3262236608777,294.7186111539504,286.18222736239807,288.3185119628906,5500900,0.0,0.0
2021-05-12 00:00:00-04:00,284.70856189362013,286.6966030409131,275.7710914244311,276.4076232910156,5822000,0.0,0.0
2021-05-13 00:00:00-04:00,278.15153043181596,285.49334742611296,277.8812285655057,283.74945068359375,5159800,0.0,0.0
2021-05-14 00:00:00-04:00,284.50810709854926,285.4062130636028,280.6453546999516,282.188720703125,3998000,0.0,0.0
2021-05-17 00:00:00-04:00,279.895477608046,281.49113170667715,274.93408835281747,279.0322570800781,4388000,0.0,0.0
2021-05-18 00:00:00-04:00,279.0234066692976,282.9994880855554,274.47183628361483,276.1895751953125,7010300,0.0,0.0
2021-05-19 00:00:00-04:00,272.0478894492162,274.44574744916923,269.4930871301523,274.1841735839844,5242100,0.0,0.0
2021-05-20 00:00:00-04:00,274.5678669840554,278.7706383935886,274.5678669840554,275.4485168457031,3854700,0.0,0.0
2021-05-21 00:00:00-04:00,276.4076501831277,278.3956915238402,274.18419234763826,275.33514404296875,3920600,0.0,0.0
2021-05-24 00:00:00-04:00,276.26806633348116,277.92476260255756,274.3061828704242,274.524169921875,2930600,0.0,0.0
2021-05-25 00:00:00-04:00,275.125797392996,276.49476236830617,274.00970483070864,276.1895751953125,3523300,0.0,0.0
2021-05-26 00:00:00-04:00,277.11394890960867,280.2268114213303,276.1286428532579,276.6954040527344,2881600,0.0,0.0
2021-05-27 00:00:00-04:00,276.6691931485624,279.380966279029,276.6691931485624,277.9509582519531,3734800,0.0,0.0
2021-05-28 00:00:00-04:00,279.3461575716292,280.3401917086273,278.0208053320569,278.0731201171875,3194000,0.0,0.0
2021-06-01 00:00:00-04:00,279.598980665677,280.1221550342301,274.8119924043869,275.8059997558594,3549800,0.0,0.0
2021-06-02 00:00:00-04:00,276.5247840507483,277.8395652147888,273.83385884851543,274.5526123046875,3380100,1.65,0.0
2021-06-03 00:00:00-04:00,272.5979255336975,274.289603989367,271.44968560788766,272.9748229980469,2652500,0.0,0.0
2021-06-04 00:00:00-04:00,273.5708407458363,274.7454019283619,271.1516619987073,272.606689453125,2638700,0.0,0.0
2021-06-07 00:00:00-04:00,272.70316878627204,273.7637515491376,269.863249727332,271.6864013671875,3974800,0.0,0.0
2021-06-08 00:00:00-04:00,272.8346233617696,273.7286917090333,270.8274099629552,272.51031494140625,2913500,0.0,0.0
2021-06-09 00:00:00-04:00,272.99237595801304,274.33345152584917,269.0041908221493,269.3898620605469,3603700,0.0,0.0
2021-06-10 00:00:00-04:00,269.6615749432165,271.4146162583023,268.33804693984234,270.2400817871094,3286300,0.0,0.0
2021-06-11 00:00:00-04:00,271.08152035004446,272.80826702760857,270.2751363656929,272.39630126953125,2785100,0.0,0.0
2021-06-14 00:00:00-04:00,270.7835408065458,271.77401350440965,268.4081771346485,271.1253967285156,3393500,0.0,0.0
2021-06-15 00:00:00-04:00,270.6257278359936,270.80104265090506,266.0152210465306,268.6097412109375,5270600,0.0,0.0
2021-06-16 00:00:00-04:00,268.8201435843525,269.3986504734003,263.98175880680236,265.3929443359375,4492500,0.0,0.0
2021-06-17 00:00:00-04:00,265.6295856179186,267.52287352687995,262.98250275177327,265.6909484863281,4481100,0.0,0.0
2021-06-18 00:00:00-04:00,262.29883016953335,266.3132833695248,261.5537821942982,265.2439270019531,8792700,0.0,0.0
2021-06-21 00:00:00-04:00,267.55793837989165,270.5994662186698,267.22485624059726,269.6177673339844,3774200,0.0,0.0
2021-06-22 00:00:00-04:00,270.95889934756667,276.02518887860805,270.23137204982345,274.0968322753906,4418400,0.0,0.0
2021-06-23 00:00:00-04:00,273.4919720191728,274.92947876917094,272.27362218772197,273.1852111816406,2564500,0.0,0.0
2021-06-24 00:00:00-04:00,274.45617400994496,275.96379077568344,273.1852349671577,273.334228515625,2649200,0.0,0.0
2021-06-25 00:00:00-04:00,273.68482159929664,276.5072193933017,273.08002016134634,274.9031982421875,11733500,0.0,0.0
2021-06-28 00:00:00-04:00,274.92943142674966,276.3406166341161,272.922191932179,275.4728698730469,2635400,0.0,0.0
2021-06-29 00:00:00-04:00,276.7965098246497,280.7496004274621,276.5949004117037,278.9439697265625,3150100,0.0,0.0
2021-06-30 00:00:00-04:00,278.6809665906839,280.74079538666075,278.46183643684145,279.513671875,3061500,0.0,0.0
2021-07-01 00:00:00-04:00,280.4076930015975,281.96789851419373,279.1717958133574,281.83642578125,2578000,0.0,0.0
2021-07-02 00:00:00-04:00,282.70419017641103,283.2213341243901,281.66990228045285,282.85321044921875,2201600,0.0,0.0
2021-07-06 00:00:00-04:00,282.96717132583456,283.8436920429164,277.68175247180284,279.8380126953125,3109500,0.0,0.0
2021-07-07 00:00:00-04:00,279.16303973088844,284.36082726296956,278.952683344854,283.5368957519531,2939900,0.0,0.0
2021-07-08 00:00:00-04:00,279.67140294053286,280.7758005833334,275.9286432781535,279.20684814453125,3663000,0.0,0.0
2021-07-09 00:00:00-04:00,280.96000686825147,283.38796004588784,280.64444544574576,282.318603515625,2587400,0.0,0.0
2021-07-12 00:00:00-04:00,281.4244954035654,283.99269452371936,280.9511667562253,282.0117492675781,2521800,0.0,0.0
2021-07-13 00:00:00-04:00,282.62540042010164,283.37044853307356,277.70810427392286,277.90093994140625,3213800,0.0,0.0
2021-07-14 00:00:00-04:00,279.3909821857152,280.53922220000976,278.74236540645285,279.8029479980469,3381600,0.0,0.0
2021-07-15 00:00:00-04:00,278.1901557537868,283.08112969594106,278.1726082195034,282.86199951171875,2603900,0.0,0.0
2021-07-16 00:00:00-04:00,283.9926588493808,285.99112463797917,281.7137000643129,281.83642578125,3623700,0.0,0.0
2021-07-19 00:00:00-04:00,278.72481227973213,279.6101067574515,276.0251402600371,279.49615478515625,3752600,0.0,0.0
2021-07-20 00:00:00-04:00,279.17185302899736,285.85971049133667,278.9702436309746,285.176025390625,4251700,0.0,0.0
2021-07-21 00:00:00-04:00,287.1481831410343,287.91075186077666,284.8429294484778,286.061279296875,2832600,0.0,0.0
2021-07-22 00:00:00-04:00,287.4462253080221,287.4725198613201,285.15849217393287,286.32427978515625,2208100,0.0,0.0
2021-07-23 00:00:00-04:00,288.7872491809834,292.27581087155704,287.4461737049572,291.7411193847656,2786400,0.0,0.0
2021-07-26 00:00:00-04:00,289.3132380441805,290.6192455268228,286.5171344442992,290.2861633300781,2752000,0.0,0.0
2021-07-27 00:00:00-04:00,290.82082713657104,290.8997107941574,285.79835360925273,286.8501892089844,2910300,0.0,0.0
2021-07-28 00:00:00-04:00,286.1138716443851,288.6645231011388,284.6150021294435,285.3249816894531,2376200,0.0,0.0
2021-07-29 00:00:00-04:00,286.17518353982695,287.98958748376356,285.2548476693407,286.9991149902344,2172400,0.0,0.0
2021-07-30 00:00:00-04:00,286.4907488688585,289.34818768981444,286.04371482585447,287.665283203125,2381200,0.0,0.0
2021-08-02 00:00:00-04:00,289.25178960386,289.25178960386,286.11385771663083,286.8150634765625,2016400,0.0,0.0
2021-08-03 00:00:00-04:00,287.80556454305497,291.89015403541293,287.52507151155595,290.9522705078125,2405900,0.0,0.0
2021-08-04 00:00:00-04:00,289.8566722795772,290.93480251856914,288.7172059126109,289.5235900878906,1783700,0.0,0.0
2021-08-05 00:00:00-04:00,290.96978979746876,294.5109407414221,290.20722110579214,291.977783203125,2284000,0.0,0.0
2021-08-06 00:00:00-04:00,293.3627028309093,294.2567442773998,288.4804763183118,289.111572265625,2656600,0.0,0.0
2021-08-09 00:00:00-04:00,288.57688273840677,290.18967740997334,286.90272520586836,288.1649169921875,1995300,0.0,0.0
2021-08-10 00:00:00-04:00,288.08608165851126,292.0917610868381,286.7537530221524,290.5491027832031,1868100,0.0,0.0
2021-08-11 00:00:00-04:00,292.58254423917157,296.7460167854859,292.2319413746019,295.3874206542969,3258600,0.0,0.0
2021-08-12 00:00:00-04:00,295.6942807409965,296.4130341767466,291.25031411297624,292.77545166015625,2554200,0.0,0.0
2021-08-13 00:00:00-04:00,292.63518730690527,294.3356396004587,290.1108301668246,290.4088439941406,2217000,0.0,0.0
2021-08-16 00:00:00-04:00,289.8740962579469,294.186589024393,287.47243857155394,293.6781921386719,3496300,0.0,0.0
2021-08-17 00:00:00-04:00,281.36314262455545,283.633328010895,277.5152039402807,281.1440124511719,9322800,0.0,0.0
2021-08-18 00:00:00-04:00,279.9081116246375,287.37605821206154,279.6100978024116,281.84521484375,4880600,0.0,0.0
2021-08-19 00:00:00-04:00,279.42607676045253,285.0358045996281,278.558302968255,283.028564453125,2974700,0.0,0.0
2021-08-20 00:00:00-04:00,282.8006776045547,288.9713646429352,282.65165730210543,288.585693359375,2929900,0.0,0.0
2021-08-23 00:00:00-04:00,289.2517885569601,289.71634338982255,286.9553089398177,287.2708435058594,2792700,0.0,0.0
2021-08-24 00:00:00-04:00,288.16496969048444,288.2350795806411,284.4397565112488,284.7815856933594,2359500,0.0,0.0
2021-08-25 00:00:00-04:00,284.1241326096075,286.2365503574896,283.2125437424275,283.8874816894531,2586900,0.0,0.0
2021-08-26 00:00:00-04:00,283.3002074688821,284.8604130219312,281.3631044885273,281.7838439941406,2952300,0.0,0.0
2021-08-27 00:00:00-04:00,281.25797794594797,284.03653369846165,280.1798478113131,283.44927978515625,2985400,0.0,0.0
2021-08-30 00:00:00-04:00,285.6668990386166,288.81360552163835,285.05332377481733,286.7099609375,2926900,0.0,0.0
2021-08-31 00:00:00-04:00,286.6222873757072,287.73545910671834,283.65964293884855,285.9035339355469,4183100,0.0,0.0
2021-09-01 00:00:00-04:00,286.81106029535704,287.00487643938374,282.15949972401944,285.1195983886719,3339100,1.65,0.0
2021-09-02 00:00:00-04:00,286.34400474093695,289.1190774130484,285.1723169497038,288.7314453125,3109000,0.0,0.0
2021-09-03 00:00:00-04:00,286.6082988265614,291.51534825187224,286.45854775927495,291.0220031738281,2774800,0.0,0.0
2021-09-07 00:00:00-04:00,291.6299062539464,292.97780040922044,287.99146580672283,289.7974853515625,2555200,0.0,0.0
2021-09-08 00:00:00-04:00,289.7974629301574,292.42275779982793,288.63456656471493,292.1144104003906,2219500,0.0,0.0
2021-09-09 00:00:00-04:00,292.88091483222524,294.0085647034821,291.4889556391667,292.2818298339844,3011900,0.0,0.0
2021-09-10 00:00:00-04:00,294.24639171826783,295.3300033784501,291.9999105595652,292.4403991699219,3178600,0.0,0.0
2021-09-13 00:00:00-04:00,295.0832541798479,297.02138743078405,293.1450940436276,295.52374267578125,3908700,0.0,0.0
2021-09-14 00:00:00-04:00,296.03477733501387,297.32099656212205,292.85446244165706,293.47113037109375,2857200,0.0,0.0
2021-09-15 00:00:00-04:00,293.6825268401407,294.83663162940013,290.8105596422686,293.69134521484375,2875500,0.0,0.0
2021-09-16 00:00:00-04:00,294.8805938815405,297.6292375529927,294.3960673327034,296.3518371582031,3043800,0.0,0.0
2021-09-17 00:00:00-04:00,295.08331620672243,299.2238928076794,295.08331620672243,295.7176208496094,7098400,0.0,0.0
2021-09-20 00:00:00-04:00,292.33459256374914,295.4708954877664,289.33927607437715,291.78839111328125,4036600,0.0,0.0
2021-09-21 00:00:00-04:00,293.3918509914918,296.8629034895619,292.4844455040445,294.4402160644531,3171100,0.0,0.0
2021-09-22 00:00:00-04:00,295.8761584188132,298.6512308505441,293.7706102875251,295.9466247558594,2872800,0.0,0.0
2021-09-23 00:00:00-04:00,297.6292954363832,299.10933048803815,295.6559153675099,295.92901611328125,2426600,0.0,0.0
2021-09-24 00:00:00-04:00,296.6954671549831,297.62930073170986,295.6118556414812,297.3209533691406,2004900,0.0,0.0
2021-09-27 00:00:00-04:00,296.7747702462952,302.8270790064958,296.7747702462952,300.7744140625,2966100,0.0,0.0
2021-09-28 00:00:00-04:00,300.7391633446366,300.7391633446366,292.88965376538795,294.0701599121094,3304100,0.0,0.0
2021-09-29 00:00:00-04:00,293.682511519179,298.5455222907411,293.682511519179,296.8276062011719,2424000,0.0,0.0
2021-09-30 00:00:00-04:00,297.98174161406484,298.3958020041707,288.63458573410054,289.1896057128906,4255000,0.0,0.0
2021-10-01 00:00:00-04:00,289.09265763655344,293.1275481962084,285.94756263628983,290.59912109375,2814200,0.0,0.0
2021-10-04 00:00:00-04:00,289.401053808509,291.259903075671,285.5776154106076,287.6126708984375,2919900,0.0,0.0
2021-10-05 00:00:00-04:00,287.99143757694117,292.6518144325271,287.4892741269684,290.2643737792969,2514300,0.0,0.0
2021-10-06 00:00:00-04:00,289.1014174993271,291.2950416408557,286.6699123596095,291.03955078125,2226800,0.0,0.0
2021-10-07 00:00:00-04:00,293.80586573550136,298.84505587240335,293.24202748102584,297.3121643066406,2789500,0.0,0.0
2021-10-08 00:00:00-04:00,293.3653618821261,295.48851982948935,291.4976948108286,294.5458679199219,2912200,0.0,0.0
2021-10-11 00:00:00-04:00,295.6558892869114,300.28981006739053,294.7749122788367,296.8628234863281,2589100,0.0,0.0
2021-10-12 00:00:00-04:00,298.7745575163435,300.4571999545028,297.2416392295617,297.5940246582031,2960300,0.0,0.0
2021-10-13 00:00:00-04:00,297.17120675371154,299.7436448726201,296.49283716887527,298.0169372558594,2477400,0.0,0.0
2021-10-14 00:00:00-04:00,299.99921961267734,303.3821694520815,299.62040579998546,303.1002502441406,2824300,0.0,0.0
2021-10-15 00:00:00-04:00,305.29386935182123,309.1789823219346,304.59788978365276,308.7032470703125,3473500,0.0,0.0
2021-10-18 00:00:00-04:00,307.46105551051113,313.58385805774543,307.46105551051113,312.7557373046875,3487500,0.0,0.0
2021-10-19 00:00:00-04:00,314.45593582216617,315.4690540057134,312.23588343763174,315.3809509277344,2375600,0.0,0.0
2021-10-20 00:00:00-04:00,315.1607711568822,316.77297446937064,313.8128771324083,315.59246826171875,2574800,0.0,0.0
2021-10-21 00:00:00-04:00,315.56600492144247,321.424497202712,315.49551169836343,321.22186279296875,2885400,0.0,0.0
2021-10-22 00:00:00-04:00,321.5566437584009,323.3450262085498,319.04585362870927,322.4288024902344,2734700,0.0,0.0
2021-10-25 00:00:00-04:00,323.49479887864595,327.42394918038264,322.4287972401098,327.0715637207031,2923400,0.0,0.0
2021-10-26 00:00:00-04:00,328.9480713158458,329.52949257644974,325.15103506058125,325.25677490234375,2989500,0.0,0.0
2021-10-27 00:00:00-04:00,325.84705758726597,330.49861648366453,325.35371246835194,328.0054626464844,2840300,0.0,0.0
2021-10-28 00:00:00-04:00,328.60451759033594,329.4326383645774,326.74566847888053,327.3447265625,2553500,0.0,0.0
2021-10-29 00:00:00-04:00,326.2522343583622,330.4985503904645,325.987951985114,327.4944152832031,3820200,0.0,0.0
2021-11-01 00:00:00-04:00,328.60449634630953,329.10665980391974,321.2923963238189,322.86053466796875,3380500,0.0,0.0
2021-11-02 00:00:00-04:00,322.61392611800574,324.9837574122725,321.50388602001277,323.5741882324219,2367100,0.0,0.0
2021-11-03 00:00:00-04:00,322.99262456701484,325.3976747398726,321.7768719197175,325.0541076660156,2378800,0.0,0.0
2021-11-04 00:00:00-04:00,326.6486870016104,328.8070916437148,325.44175268017665,327.8820495605469,3210000,0.0,0.0
2021-11-05 00:00:00-04:00,329.3181228976886,329.8467146556069,323.8208331400433,324.5520324707031,3090200,0.0,0.0
2021-11-08 00:00:00-05:00,326.15535738939747,328.5251880435014,324.067445872168,324.7193603515625,2357200,0.0,0.0
2021-11-09 00:00:00-05:00,325.6708697122976,329.3797763827183,324.8251122004052,326.5342102050781,2183300,0.0,0.0
2021-11-10 00:00:00-05:00,324.4198606365538,327.0275456748208,323.9529437862699,324.7105712890625,2161400,0.0,0.0
2021-11-11 00:00:00-05:00,326.84251533640474,327.72349246669154,322.28785174329505,323.8736267089844,2387300,0.0,0.0
2021-11-12 00:00:00-05:00,325.1863256318358,329.04501037645144,323.0543756939959,328.278564453125,2793300,0.0,0.0
2021-11-15 00:00:00-05:00,329.8290843236251,330.2519361954885,325.33609498803344,326.91302490234375,3650600,0.0,0.0
2021-11-16 00:00:00-05:00,336.5333059943284,347.4398085373619,333.8903742718598,345.6337890625,8648200,0.0,0.0
2021-11-17 00:00:00-05:00,346.0741994524328,351.88865330455786,344.2946355069482,347.8537902832031,4647000,0.0,0.0
2021-11-18 00:00:00-05:00,350.6288502358805,358.15240143465076,348.9461809193184,357.5445251464844,4503700,0.0,0.0
2021-11-19 00:00:00-05:00,359.1127361539213,361.28875088798196,356.0116792394632,360.04656982421875,3542000,0.0,0.0
2021-11-22 00:00:00-05:00,361.0244121617718,366.9798260820757,360.055358840311,360.1346435546875,4006400,0.0,0.0
2021-11-23 00:00:00-05:00,357.385995855345,360.9186957825921,355.04259351774243,359.7646179199219,3557000,0.0,0.0
2021-11-24 00:00:00-05:00,355.6153276822123,363.62340873310313,354.92816641041196,363.0595703125,2676300,0.0,0.0
2021-11-26 00:00:00-05:00,358.7867234281652,364.84784985816907,354.3730197866361,354.76947021484375,3007800,0.0,0.0
2021-11-29 00:00:00-05:00,358.4696057484977,361.9142297157031,357.7119782858576,358.3991394042969,3725500,0.0,0.0
2021-11-30 00:00:00-05:00,355.5535748340474,359.8175011348371,352.6111142957654,352.9282531738281,7773500,0.0,0.0
2021-12-01 00:00:00-05:00,355.68829530448846,362.91565862962955,354.0429136861977,354.2198486328125,3516200,1.65,0.0
2021-12-02 00:00:00-05:00,355.4494695262591,363.3137611319128,354.7329288620918,360.7218017578125,3705000,0.0,0.0
2021-12-03 00:00:00-05:00,362.56177477826867,367.9402563921299,357.7848287205768,360.75714111328125,5237500,0.0,0.0
2021-12-06 00:00:00-05:00,365.80835322210663,372.08031093544656,363.7737363490901,367.7368469238281,4624500,0.0,0.0
2021-12-07 00:00:00-05:00,368.8868334444739,370.2668395825333,365.36603332499953,368.16143798828125,4204500,0.0,0.0
2021-12-08 00:00:00-05:00,368.16137425110065,371.40794355008967,361.1728773010063,363.8002014160156,4079400,0.0,0.0
2021-12-09 00:00:00-05:00,363.4021191108542,367.3386914432743,361.1817398392652,363.87982177734375,3822900,0.0,0.0
2021-12-10 00:00:00-05:00,364.63178036039636,367.65716780295,362.9244690202755,367.4714050292969,2625200,0.0,0.0
2021-12-13 00:00:00-05:00,367.47142237817707,368.44451051833795,357.83791728178585,358.4836730957031,3766400,0.0,0.0
2021-12-14 00:00:00-05:00,356.90024001048505,358.8729269368326,352.14980407066207,355.7944641113281,4662800,0.0,0.0
2021-12-15 00:00:00-05:00,354.3967165506477,360.8632912706665,353.30865044096953,360.75714111328125,4421400,0.0,0.0
2021-12-16 00:00:00-05:00,361.2791073337969,361.694880164353,352.18520714309744,353.4325256347656,4632800,0.0,0.0
2021-12-17 00:00:00-05:00,351.1678491556857,352.0613246221696,342.7197330199393,343.2151184082031,11097500,0.0,0.0
2021-12-20 00:00:00-05:00,339.95088430067756,345.1524581515646,336.9520072757656,344.4712829589844,4294800,0.0,0.0
2021-12-21 00:00:00-05:00,346.44391810913413,348.32816402490346,339.0219394263019,345.4177551269531,3038200,0.0,0.0
2021-12-22 00:00:00-05:00,345.8867103218276,350.10634154487167,343.99360897454227,349.9913635253906,3267800,0.0,0.0
2021-12-23 00:00:00-05:00,352.3355859895811,353.7067372753175,349.0890161437182,351.25634765625,2743900,0.0,0.0
2021-12-27 00:00:00-05:00,352.9990158287196,357.78481656914687,352.2647656042766,357.4663391113281,2228300,0.0,0.0
2021-12-28 00:00:00-05:00,358.26252329163145,360.0583022058929,356.50213676385505,359.3506164550781,2521400,0.0,0.0
2021-12-29 00:00:00-05:00,359.49213013053793,364.790998979751,359.43020020828357,363.4375305175781,2209300,0.0,0.0
2021-12-30 00:00:00-05:00,364.33104726407714,365.73759096286284,361.27909499545046,362.64141845703125,1804400,0.0,0.0
2021-12-31 00:00:00-05:00,362.68562126771974,368.47104803107857,362.5971807975594,367.1264343261719,2386100,0.0,0.0
2022-01-03 00:00:00-05:00,368.506491512071,369.62995020438836,356.7321908756496,361.491455078125,3715700,0.0,0.0
2022-01-04 00:00:00-05:00,361.4913965650248,365.8879352933859,361.0933064726216,365.206787109375,3266500,0.0,0.0
2022-01-05 00:00:00-05:00,366.2329743323811,366.4275919686489,359.87254926094806,360.2529296875,4443200,0.0,0.0
2022-01-06 00:00:00-05:00,361.4206528971919,361.87181812036016,356.51984636369247,358.9437255859375,3315100,0.0,0.0
2022-01-07 00:00:00-05:00,356.8205463117436,357.46632905771463,347.54973985597553,348.19549560546875,4520700,0.0,0.0
2022-01-10 00:00:00-05:00,342.7019908454342,342.8700709072857,336.960812195643,342.75506591796875,6440000,0.0,0.0
2022-01-11 00:00:00-05:00,343.29479916570295,346.62980985160766,339.9774711770036,342.05633544921875,4385400,0.0,0.0
2022-01-12 00:00:00-05:00,343.48936697513346,348.05401286475916,341.7997382585031,344.4712829589844,3623300,0.0,0.0
2022-01-13 00:00:00-05:00,347.2225492969744,348.8148560780199,341.33979886389204,342.3305969238281,3466300,0.0,0.0
2022-01-14 00:00:00-05:00,337.3324494454384,337.93401212755947,328.6366385593209,329.0789489746094,6336200,0.0,0.0
2022-01-18 00:00:00-05:00,323.85962057922785,325.6200070078444,318.48996683391005,324.4080810546875,6435200,0.0,0.0
2022-01-19 00:00:00-05:00,324.8150714289475,326.1597123747093,317.9415772658097,318.18927001953125,5175100,0.0,0.0
2022-01-20 00:00:00-05:00,319.6399904008947,320.1000104494765,308.7503115818438,309.2456970214844,5440600,0.0,0.0
2022-01-21 00:00:00-05:00,311.13877723146067,318.54304777950057,307.1225919068138,308.8210754394531,7718400,0.0,0.0
2022-01-24 00:00:00-05:00,304.11488150786636,322.3380720293542,303.9644841211255,321.8338317871094,8584300,0.0,0.0
2022-01-25 00:00:00-05:00,316.81804861179717,319.8080436945935,311.55454501112166,317.5611267089844,5536700,0.0,0.0
2022-01-26 00:00:00-05:00,318.4634201195471,323.68267632776616,313.55378652462883,316.0572509765625,6103300,0.0,0.0
2022-01-27 00:00:00-05:00,318.84384179069286,322.1080944293276,313.0761243759486,315.30535888671875,3941000,0.0,0.0
2022-01-28 00:00:00-05:00,318.61384145059515,324.4080960924825,312.1295567632964,324.2488708496094,4551300,0.0,0.0
2022-01-31 00:00:00-05:00,322.7184230374989,325.018441883555,320.41840419144285,324.6380615234375,4084600,0.0,0.0
2022-02-01 00:00:00-05:00,326.84078561831535,327.9200238680041,320.5599737388641,326.1596374511719,3406800,0.0,0.0
2022-02-02 00:00:00-05:00,325.8765275154652,331.4407984191311,325.32806708550817,330.6092529296875,3839300,0.0,0.0
2022-02-03 00:00:00-05:00,327.4777390262681,329.1850504977662,321.2942489733969,322.7184753417969,4009700,0.0,0.0
2022-02-04 00:00:00-05:00,321.55956302685286,322.59458092659924,313.3768231148903,318.1714782714844,3728100,0.0,0.0
2022-02-07 00:00:00-05:00,318.6933895159183,320.0556856465199,314.4295122328244,316.119140625,2809300,0.0,0.0
2022-02-08 00:00:00-05:00,316.11917912895,321.0995974629324,313.8633803845102,319.7372741699219,3225100,0.0,0.0
2022-02-09 00:00:00-05:00,323.1607692079469,325.0626982162512,321.1172976553133,322.3292236328125,2777500,0.0,0.0
2022-02-10 00:00:00-05:00,317.4372305815899,321.1172552588442,312.15604489044904,314.1199035644531,4291800,0.0,0.0
2022-02-11 00:00:00-05:00,313.76613571186476,316.11037529808567,308.34340619951354,309.8738098144531,3308700,0.0,0.0
2022-02-14 00:00:00-05:00,307.8480058625417,312.1914967710421,306.81298775748303,310.99725341796875,3654300,0.0,0.0
2022-02-15 00:00:00-05:00,314.53574604011925,316.1811546436284,310.83803785093403,312.5011291503906,3552500,0.0,0.0
2022-02-16 00:00:00-05:00,310.944218008954,312.14728936498597,305.83111075284825,309.6968994140625,3594900,0.0,0.0
2022-02-17 00:00:00-05:00,308.7237627913616,311.66070993113294,307.30839129909265,307.794921875,3927000,0.0,0.0
2022-02-18 00:00:00-05:00,308.19302946087225,310.14803371755414,304.3979989655043,306.848388671875,5526100,0.0,0.0
2022-02-22 00:00:00-05:00,296.42762575888565,297.8430246536548,276.31135434337335,279.69061279296875,19752800,0.0,0.0
2022-02-23 00:00:00-05:00,282.4770582348678,283.43243661038247,271.66699335551345,272.8612365722656,11026000,0.0,0.0
2022-02-24 00:00:00-05:00,265.38617344397755,277.27547617398596,264.75810039250723,277.0985412597656,8416700,0.0,0.0
2022-02-25 00:00:00-05:00,277.0455380574743,280.81403133689486,272.08282828492764,280.11517333984375,6510600,0.0,0.0
2022-02-28 00:00:00-05:00,276.8596470573853,279.6108035370124,274.6569509051133,279.3896484375,5735100,0.0,0.0
2022-03-01 00:00:00-05:00,278.2927878785829,285.22821005737984,277.55856466809814,283.29974365234375,5640900,0.0,0.0
2022-03-02 00:00:00-05:00,284.0163122915021,292.9775240655919,282.7955314382625,289.5982666015625,5645600,0.0,0.0
2022-03-03 00:00:00-05:00,291.2083417629113,292.5264181995507,285.58213908025874,286.93560791015625,3858400,0.0,0.0
2022-03-04 00:00:00-05:00,285.03358803857213,288.97016039766487,282.64512868289586,286.8470764160156,3630900,0.0,0.0
2022-03-07 00:00:00-05:00,286.84715611554685,291.5710280610838,283.17595811045106,285.529052734375,4670000,0.0,0.0
2022-03-08 00:00:00-05:00,282.85751104448474,290.5890884776307,279.4959626813305,280.1947937011719,5092500,0.0,0.0
2022-03-09 00:00:00-05:00,284.786949406437,286.976241475367,282.045886968536,282.2950744628906,4443600,1.9,0.0
2022-03-10 00:00:00-05:00,279.76757450067475,283.23843727475037,274.7749161856042,282.9536437988281,3895200,0.0,0.0
2022-03-11 00:00:00-05:00,284.14613468741317,286.3799406748124,281.4317703503758,281.9301452636719,2973300,0.0,0.0
2022-03-14 00:00:00-04:00,287.3766922043174,288.34674435056684,281.4139554542973,283.3273620605469,3604200,0.0,0.0
2022-03-15 00:00:00-04:00,285.09849842795126,293.846787355451,285.08068185798135,292.38726806640625,3775300,0.0,0.0
2022-03-16 00:00:00-04:00,295.09265637402785,297.2018824689662,288.5514780527426,294.49639892578125,3942400,0.0,0.0
2022-03-17 00:00:00-04:00,292.92119998853246,299.3466796875,291.764236670234,299.3466796875,3123200,0.0,0.0
2022-03-18 00:00:00-04:00,296.91706316792653,303.2446594238281,295.7423106207003,303.2446594238281,9409600,0.0,0.0
2022-03-21 00:00:00-04:00,300.8417813099804,303.2001674895056,291.08781003408546,293.1258239746094,4521200,0.0,0.0
2022-03-22 00:00:00-04:00,293.08140249124693,294.84350451900264,288.3557207923346,293.4462890625,4852800,0.0,0.0
2022-03-23 00:00:00-04:00,290.92763234866237,292.0756872238255,281.09359488732184,282.1615295410156,5207700,0.0,0.0
2022-03-24 00:00:00-04:00,282.25055077606225,284.2529589471733,279.7141616607751,281.03131103515625,4599900,0.0,0.0
2022-03-25 00:00:00-04:00,283.4341901022083,283.7189563792528,274.3743856262678,276.49249267578125,5176500,0.0,0.0
2022-03-28 00:00:00-04:00,276.777285281386,279.7586537540777,275.20206742228,279.69635009765625,3936600,0.0,0.0
2022-03-29 00:00:00-04:00,282.03691450187404,285.67684361150395,278.4859867255595,282.7488708496094,5306100,0.0,0.0
2022-03-30 00:00:00-04:00,278.6551201536355,280.5507376500929,272.4165244491716,274.5168151855469,7223800,0.0,0.0
2022-03-31 00:00:00-04:00,272.51443444708895,274.0718632495138,265.999952897521,266.3915100097656,11044600,0.0,0.0
2022-04-01 00:00:00-04:00,267.43280421643755,269.98698339206794,266.00886372050877,268.66986083984375,5554600,0.0,0.0
2022-04-04 00:00:00-04:00,268.31380528238395,272.7547204031605,266.60509873361696,271.9537353515625,4659500,0.0,0.0
2022-04-05 00:00:00-04:00,272.5589530706531,275.0864343084822,268.954601488857,271.31298828125,4376100,0.0,0.0
2022-04-06 00:00:00-04:00,265.2879230411378,267.5751246031442,262.52904421018127,265.68841552734375,6499900,0.0,0.0
2022-04-07 00:00:00-04:00,264.1309410393158,271.07261042351337,261.28306135588457,269.4350891113281,5241000,0.0,0.0
2022-04-08 00:00:00-04:00,268.28708258520896,277.9253555625208,268.1268964535801,276.87518310546875,5741900,0.0,0.0
2022-04-11 00:00:00-04:00,273.9383751501561,279.59853052828004,272.26524728895345,272.96832275390625,4100600,0.0,0.0
2022-04-12 00:00:00-04:00,275.38896776049444,278.8153159971596,271.5265482215005,272.5856018066406,4122600,0.0,0.0
2022-04-13 00:00:00-04:00,272.4253898870296,277.4002855730722,272.0783199318398,276.2611389160156,3185300,0.0,0.0
2022-04-14 00:00:00-04:00,276.6260788664168,277.88983321259053,270.841342546539,271.01043701171875,4569200,0.0,0.0
2022-04-18 00:00:00-04:00,269.6576459491195,272.585619412407,265.84862154156076,267.1746520996094,3192400,0.0,0.0
2022-04-19 00:00:00-04:00,267.53060444278464,274.2231145677029,266.81864799346886,273.9294128417969,3389700,0.0,0.0
2022-04-20 00:00:00-04:00,276.77725703596997,281.31605349962837,275.664808253671,280.4617004394531,4720800,0.0,0.0
2022-04-21 00:00:00-04:00,282.11707546876676,283.36301295693806,275.6559627780639,276.2077331542969,3014200,0.0,0.0
2022-04-22 00:00:00-04:00,275.7271238775726,275.7271238775726,266.7919272654939,267.0856018066406,4043200,0.0,0.0
2022-04-25 00:00:00-04:00,266.9877547393116,271.5799473799556,263.6681972113359,271.3841552734375,4396900,0.0,0.0
2022-04-26 00:00:00-04:00,268.9901318168957,273.71581235695703,266.7385364318183,266.9521179199219,3415200,0.0,0.0
2022-04-27 00:00:00-04:00,268.14467809119503,272.70129170312873,266.20457368372263,268.41168212890625,3446200,0.0,0.0
2022-04-28 00:00:00-04:00,271.21508179231444,279.927790465845,269.6665613862969,277.4537048339844,4149500,0.0,0.0
2022-04-29 00:00:00-04:00,274.2409654080851,277.4181267726788,266.72970639973556,267.3437805175781,4878200,0.0,0.0
2022-05-02 00:00:00-04:00,268.75872894878785,274.8104668774281,266.90762604647375,273.19073486328125,4233900,0.0,0.0
2022-05-03 00:00:00-04:00,272.05165759830356,274.9974206761601,269.6754543432949,271.4019775390625,3336600,0.0,0.0
2022-05-04 00:00:00-04:00,270.61875594534587,281.00459077544707,269.59530839419506,280.6130065917969,4021300,0.0,0.0
2022-05-05 00:00:00-04:00,276.7772747233104,277.0976469565766,261.3898745785959,266.1956481933594,4959600,0.0,0.0
2022-05-06 00:00:00-04:00,263.6949299955342,264.0954225447042,257.5631245351615,261.9239196777344,4325300,0.0,0.0
2022-05-09 00:00:00-04:00,258.33728986543923,267.646253128096,256.75316397822314,264.3445129394531,5243600,0.0,0.0
2022-05-10 00:00:00-04:00,265.6171423957214,267.93994939370043,256.0055965349463,259.1204528808594,4392900,0.0,0.0
2022-05-11 00:00:00-04:00,259.3785703204594,261.051670484021,251.47572978358383,251.8227996826172,3880500,0.0,0.0
2022-05-12 00:00:00-04:00,250.58579225660483,260.91820445155463,249.74922852333867,257.812255859375,4447700,0.0,0.0
2022-05-13 00:00:00-04:00,258.04368038631424,266.47159507979,256.70874158899113,263.4546203613281,3949100,0.0,0.0
2022-05-16 00:00:00-04:00,261.71927203377635,266.6051680493436,257.90136541781084,263.4190979003906,4267900,0.0,0.0
2022-05-17 00:00:00-04:00,272.7725150154185,276.7239363290139,258.88914503462945,267.833251953125,12425900,0.0,0.0
2022-05-18 00:00:00-04:00,260.75805647817424,262.9295591895158,250.23873177707844,253.79856872558594,7799500,0.0,0.0
2022-05-19 00:00:00-04:00,254.08328850860931,260.31300136171006,253.6027030553116,256.0946044921875,5211500,0.0,0.0
2022-05-20 00:00:00-04:00,257.92787635752666,258.5330418477294,248.8235876882285,255.5872802734375,5621800,0.0,0.0
2022-05-23 00:00:00-04:00,257.2783269557282,258.39077606420153,249.47339378806365,254.5550537109375,4305600,0.0,0.0
2022-05-24 00:00:00-04:00,252.74846879500407,257.4830593061819,249.76709938261854,256.23712158203125,4241900,0.0,0.0
2022-05-25 00:00:00-04:00,254.35922798011563,262.97402621984526,254.22573953661333,261.26531982421875,4612900,0.0,0.0
2022-05-26 00:00:00-04:00,264.6026583961432,271.9982166872191,264.31786495268625,269.488525390625,4170800,0.0,0.0
2022-05-27 00:00:00-04:00,270.1382310038764,274.5524211592109,268.41170793307293,274.5168151855469,3899300,0.0,0.0
2022-05-31 00:00:00-04:00,272.8614367168769,273.9916748773033,267.7263558693907,269.4350891113281,5966600,0.0,0.0
2022-06-01 00:00:00-04:00,270.2322255712687,271.34276304856684,266.0140525928087,266.1573486328125,3080800,1.9,0.0
2022-06-02 00:00:00-04:00,267.6081486809331,274.07423474208497,264.9930714507489,273.9309387207031,4086400,0.0,0.0
2022-06-03 00:00:00-04:00,271.6562155352234,276.25054439762897,270.37554294846194,273.2234802246094,2956600,0.0,0.0
2022-06-06 00:00:00-04:00,273.6533482495832,275.4892758183059,271.5845611982404,272.1577453613281,2562000,0.0,0.0
2022-06-07 00:00:00-04:00,264.24979154252065,270.8054426830329,262.0466727376014,270.2591247558594,3547800,0.0,0.0
2022-06-08 00:00:00-04:00,268.4768768004481,269.1933296158771,264.8049946267977,266.4618225097656,3003100,0.0,0.0
2022-06-09 00:00:00-04:00,266.66779708949423,274.83547887215417,266.3006061646303,268.5484924316406,4168400,0.0,0.0
2022-06-10 00:00:00-04:00,261.061494546845,265.53939325262274,258.50014960598395,259.0374755859375,4623900,0.0,0.0
2022-06-13 00:00:00-04:00,254.66696411810366,256.87010928519055,251.90859138533796,253.59228515625,4704600,0.0,0.0
2022-06-14 00:00:00-04:00,253.63712502186783,256.4761247618145,247.7083916443642,249.5712127685547,3987000,0.0,0.0
2022-06-15 00:00:00-04:00,251.65796078044613,253.9775095235863,246.7054048519187,250.5205841064453,4050400,0.0,0.0
2022-06-16 00:00:00-04:00,246.21277841747764,247.27849309554537,241.56471767733797,244.90521240234375,6181000,0.0,0.0
2022-06-17 00:00:00-04:00,242.70212385336458,247.73527791604704,242.15583329859095,242.4603271484375,10775600,0.0,0.0
2022-06-21 00:00:00-04:00,245.11118582009678,245.3171789696734,239.4959115005713,241.0900421142578,5498400,0.0,0.0
2022-06-22 00:00:00-04:00,238.57351798505843,243.39171439034521,236.88982357438923,240.89306640625,4678400,0.0,0.0
2022-06-23 00:00:00-04:00,241.80651433141608,246.81280147804836,241.70801368516112,246.6605682373047,3747500,0.0,0.0
2022-06-24 00:00:00-04:00,248.49649633756303,253.8610099058404,245.3171993875761,253.4490509033203,10310700,0.0,0.0
2022-06-27 00:00:00-04:00,254.75661411009068,255.24023483928747,252.09674109589687,253.17144775390625,2538600,0.0,0.0
2022-06-28 00:00:00-04:00,254.14759691405501,255.77755846809643,241.64531241017727,241.9408416748047,4052100,0.0,0.0
2022-06-29 00:00:00-04:00,243.22151480494736,247.32328499974014,240.74076895764958,245.27239990234375,2460500,0.0,0.0
2022-06-30 00:00:00-04:00,242.46035833226597,248.11146536527838,240.0512461932687,245.6306915283203,4058000,0.0,0.0
2022-07-01 00:00:00-04:00,246.93816948025548,251.43396917000558,245.88136479559293,249.93833923339844,2818300,0.0,0.0
2022-07-05 00:00:00-04:00,246.73221329068278,254.10284423828125,246.3112897283111,254.10284423828125,3241300,0.0,0.0
2022-07-06 00:00:00-04:00,255.23127664814118,256.0641866277453,251.22803387726157,253.968505859375,2206100,0.0,0.0
2022-07-07 00:00:00-04:00,253.30570603761967,257.0044537972182,252.06086472731292,256.7536926269531,3133900,0.0,0.0
2022-07-08 00:00:00-04:00,256.1268440584305,257.91800355914256,254.2640502032969,256.5567321777344,1891000,0.0,0.0
2022-07-11 00:00:00-04:00,255.40140581648464,259.3509154731424,255.36560230765656,256.4850769042969,2453200,0.0,0.0
2022-07-12 00:00:00-04:00,258.7956741743179,262.9780435148315,253.8162530907956,255.34768676757812,2696100,0.0,0.0
2022-07-13 00:00:00-04:00,252.22216948242325,259.53010468449145,250.54743945649852,257.192626953125,2941600,0.0,0.0
2022-07-14 00:00:00-04:00,252.41913368164944,259.97782822979974,252.24000681653933,259.2524108886719,2822200,0.0,0.0
2022-07-15 00:00:00-04:00,264.02578913366,264.5989731301668,260.5688653965737,261.87640380859375,2647200,0.0,0.0
2022-07-18 00:00:00-04:00,266.2110610838953,267.321571146222,261.5092677426322,262.4496154785156,2664000,0.0,0.0
2022-07-19 00:00:00-04:00,264.5900865451942,268.6828926088112,262.6824972829824,268.52166748046875,2614900,0.0,0.0
2022-07-20 00:00:00-04:00,269.506733548311,271.9785417249604,267.13345332916737,270.7336730957031,2533400,0.0,0.0
2022-07-21 00:00:00-04:00,271.22636424884445,273.375750432249,267.6619465908066,273.15185546875,1965000,0.0,0.0
2022-07-22 00:00:00-04:00,275.5340826027204,278.229786527588,272.5786528850268,274.5758056640625,2391500,0.0,0.0
2022-07-25 00:00:00-04:00,274.7638535430652,275.32807315271305,272.10398061967163,274.1817321777344,1910500,0.0,0.0
2022-07-26 00:00:00-04:00,265.9871982348971,269.2471217967553,265.0110195412883,267.0439758300781,2690200,0.0,0.0
2022-07-27 00:00:00-04:00,267.07077623897027,268.9514988044212,261.3211706979546,267.69769287109375,3233700,0.0,0.0
2022-07-28 00:00:00-04:00,264.1960212770552,269.78443006596893,262.55712239101103,268.3425598144531,3992100,0.0,0.0
2022-07-29 00:00:00-04:00,268.6739912639453,269.9636286084868,266.37234417936054,269.5158386230469,3236000,0.0,0.0
2022-08-01 00:00:00-04:00,269.24707350237264,276.2415482371182,268.6828539616444,273.88616943359375,3303900,0.0,0.0
2022-08-02 00:00:00-04:00,273.51002423342476,273.6980883104224,268.68286405100247,269.30975341796875,3091000,0.0,0.0
2022-08-03 00:00:00-04:00,271.67408253778757,275.90121942722675,268.9783791421961,274.37872314453125,3329400,0.0,0.0
2022-08-04 00:00:00-04:00,272.7398359765103,277.6028269471294,272.6502725447634,275.09521484375,2718400,0.0,0.0
2022-08-05 00:00:00-04:00,273.49210486012095,277.43264966619944,272.70399043272107,277.35205078125,2029100,0.0,0.0
2022-08-08 00:00:00-04:00,279.29542345410454,282.82400904369933,278.02371580702504,279.3939514160156,2505100,0.0,0.0
2022-08-09 00:00:00-04:00,276.6355974698361,277.59384687624953,271.6382479656843,273.33984375,2607000,0.0,0.0
2022-08-10 00:00:00-04:00,277.18194483309406,280.29857233949457,276.7789229954735,279.04473876953125,3863400,0.0,0.0
2022-08-11 00:00:00-04:00,281.0687514707037,281.7673025974046,277.25357290822336,278.2476806640625,2444100,0.0,0.0
2022-08-12 00:00:00-04:00,279.9671463614445,282.0448977466689,277.7908943317706,282.00909423828125,2273800,0.0,0.0
2022-08-15 00:00:00-04:00,279.45665158221885,282.78820861513634,277.76399310692705,281.7582702636719,3917300,0.0,0.0
2022-08-16 00:00:00-04:00,280.2985430974939,298.2101370177675,280.2089796617079,293.19488525390625,10089800,0.0,0.0
2022-08-17 00:00:00-04:00,293.83076846387524,295.09353924079284,290.23054756629244,291.74407958984375,3162600,0.0,0.0
2022-08-18 00:00:00-04:00,291.02756992008807,293.69640724927086,288.5736903026486,291.25146484375,2899600,0.0,0.0
2022-08-19 00:00:00-04:00,291.0364991831814,292.2455370905797,286.379474403173,287.76763916015625,3489100,0.0,0.0
2022-08-22 00:00:00-04:00,284.87496108810024,286.35266221818324,279.16115787624926,279.60894775390625,3144200,0.0,0.0
2022-08-23 00:00:00-04:00,278.71330877585314,278.99093625453446,273.72495137021485,274.8533630371094,3317500,0.0,0.0
2022-08-24 00:00:00-04:00,273.1965101715236,277.61173779121634,271.85314094793455,275.9369812011719,2495600,0.0,0.0
2022-08-25 00:00:00-04:00,276.4117619825629,277.59390654445724,273.89515760564865,277.4327087402344,2529700,0.0,0.0
2022-08-26 00:00:00-04:00,277.8984085314759,278.9820797970824,266.90068938295974,266.97235107421875,3315500,0.0,0.0
2022-08-29 00:00:00-04:00,265.6020687451646,268.41417469110235,263.5601481950003,265.378173828125,2711800,0.0,0.0
2022-08-30 00:00:00-04:00,267.3842727878319,268.5843463049645,261.21374287285903,262.4944152832031,2892400,0.0,0.0
2022-08-31 00:00:00-04:00,263.2245391076999,263.6391859852285,259.8622214134163,259.9884338378906,4376200,1.9,0.0
2022-09-01 00:00:00-04:00,259.9703664096207,264.63973056503517,258.4559824958502,264.450439453125,3742500,0.0,0.0
2022-09-02 00:00:00-04:00,266.9204112251365,267.54239543545566,261.52089504639076,263.12542724609375,2753600,0.0,0.0
2022-09-06 00:00:00-04:00,264.3152772146689,265.4690976593037,258.9428033483302,260.998046875,4110000,0.0,0.0
2022-09-07 00:00:00-04:00,261.80929867141316,268.3536384631378,261.68308624680566,268.14630126953125,3016000,0.0,0.0
2022-09-08 00:00:00-04:00,266.8212773972606,270.5982429503473,265.50520717755444,270.3368225097656,2703200,0.0,0.0
2022-09-09 00:00:00-04:00,269.95821158852135,272.6714765307962,268.9215529712034,270.2196044921875,2769200,0.0,0.0
2022-09-12 00:00:00-04:00,271.1480010921514,272.97788850426355,267.13668563683837,268.2093811035156,3632900,0.0,0.0
2022-09-13 00:00:00-04:00,263.2245371145933,265.090461803967,249.98263114035984,250.53248596191406,4797200,0.0,0.0
2022-09-14 00:00:00-04:00,251.85762636100188,251.98383880832318,246.24177765874276,249.09927368164062,4194400,0.0,0.0
2022-09-15 00:00:00-04:00,250.49647246981274,250.60463883774466,243.8710073414902,244.77243041992188,3896100,0.0,0.0
2022-09-16 00:00:00-04:00,242.52790166285746,249.2975987175406,242.39269368431414,248.76576232910156,9535100,0.0,0.0
2022-09-19 00:00:00-04:00,246.6113408654072,253.5072501826142,246.54826214999622,252.777099609375,3047200,0.0,0.0
2022-09-20 00:00:00-04:00,249.58602201523172,251.29872033260375,244.61917213652893,247.14317321777344,2940700,0.0,0.0
2022-09-21 00:00:00-04:00,248.7927665801457,252.51564824965453,244.74538581084138,244.79946899414062,3173500,0.0,0.0
2022-09-22 00:00:00-04:00,244.48395659736622,244.48395659736622,241.44616537158802,242.6090087890625,3515800,0.0,0.0
2022-09-23 00:00:00-04:00,241.48226821285385,244.55609703983333,240.06702722202903,244.23159790039062,3527900,0.0,0.0
2022-09-26 00:00:00-04:00,244.67328421527128,246.59331996715966,239.42699476827386,240.30137634277344,4181800,0.0,0.0
2022-09-27 00:00:00-04:00,242.80732249482196,246.71050007544727,240.66195854080095,242.20338439941406,3701000,0.0,0.0
2022-09-28 00:00:00-04:00,248.08968382851762,255.55346651198977,245.82710288818458,254.3726043701172,5816600,0.0,0.0
2022-09-29 00:00:00-04:00,251.05535873158644,251.28071450869376,247.64798048209394,250.89308166503906,4518600,0.0,0.0
2022-09-30 00:00:00-04:00,250.4334037978861,254.01205505615266,247.675050965084,248.7387237548828,4789100,0.0,0.0
2022-10-03 00:00:00-04:00,253.29989596916272,257.8610947421023,251.99282144533697,255.73374938964844,3580000,0.0,0.0
2022-10-04 00:00:00-04:00,259.1591229916586,262.593542559956,258.3117831366156,261.01605224609375,3641300,0.0,0.0
2022-10-05 00:00:00-04:00,258.0323676102004,263.31469387893327,257.2391108646261,261.2774963378906,2728000,0.0,0.0
2022-10-06 00:00:00-04:00,261.0160551751206,264.0899110651642,259.4025002191025,261.7642517089844,2641500,0.0,0.0
2022-10-07 00:00:00-04:00,259.18622448755366,260.177795558725,254.5799649108797,256.29266357421875,2406000,0.0,0.0
2022-10-10 00:00:00-04:00,255.60752241260704,256.7793613947918,252.59677267306031,254.61595153808594,2115400,0.0,0.0
2022-10-11 00:00:00-04:00,253.39007630211054,257.98734029233316,253.20978065180617,255.00363159179688,2771900,0.0,0.0
2022-10-12 00:00:00-04:00,256.3827439789797,256.58105814106284,252.8401306513472,252.86717224121094,2258200,0.0,0.0
2022-10-13 00:00:00-04:00,247.58488179349445,256.75233967990187,242.23944920012798,254.94949340820312,3881600,0.0,0.0
2022-10-14 00:00:00-04:00,258.3839710196823,258.3839710196823,248.74775437209254,249.180419921875,2783100,0.0,0.0
2022-10-17 00:00:00-04:00,252.03795109146108,255.8870185403025,251.80357223895263,253.53431701660156,3426700,0.0,0.0
2022-10-18 00:00:00-04:00,259.5647816144129,261.28647545408256,255.31006366291405,256.95965576171875,3166500,0.0,0.0
2022-10-19 00:00:00-04:00,254.62496575795802,254.89538166471758,246.10650707480897,248.33302307128906,4323000,0.0,0.0
2022-10-20 00:00:00-04:00,247.83728500025745,250.59563766009242,241.46421667768865,242.89747619628906,3959500,0.0,0.0
2022-10-21 00:00:00-04:00,241.8878757011724,248.5313596661186,241.58139514277295,248.36911010742188,3429100,0.0,0.0
2022-10-24 00:00:00-04:00,249.6671236670224,256.42779601149977,249.6671236670224,255.3370819091797,2937100,0.0,0.0
2022-10-25 00:00:00-04:00,257.36533472471206,263.3327516310739,257.36533472471206,261.6470947265625,2791600,0.0,0.0
2022-10-26 00:00:00-04:00,261.95356400509513,263.09836146342747,257.9602661882878,261.54791259765625,2615000,0.0,0.0
2022-10-27 00:00:00-04:00,263.08032650261157,265.2617549104247,260.9169166527333,262.3681945800781,3041500,0.0,0.0
2022-10-28 00:00:00-04:00,261.4126874853811,269.66972601878786,261.4126874853811,269.2099914550781,3243100,0.0,0.0
2022-10-31 00:00:00-04:00,265.387966761636,269.7778926684092,263.71130556291484,266.93841552734375,4210900,0.0,0.0
2022-11-01 00:00:00-04:00,270.7604982324978,272.41911371770584,264.4325168967226,266.8753662109375,3309100,0.0,0.0
2022-11-02 00:00:00-04:00,266.10012265027876,270.58019676854684,260.07859515178734,260.2679138183594,4426400,0.0,0.0
2022-11-03 00:00:00-04:00,255.61660894039906,257.7620007720202,252.85825587381638,253.7506561279297,4823900,0.0,0.0
2022-11-04 00:00:00-04:00,257.7078808677665,260.3670626888684,250.14492733769237,256.0312194824219,4401600,0.0,0.0
2022-11-07 00:00:00-05:00,258.2577419157117,262.94515347076236,254.9585297649975,261.6560974121094,3260200,0.0,0.0
2022-11-08 00:00:00-05:00,263.6032461014249,264.42354472093814,259.2764246564146,262.4404296875,3371800,0.0,0.0
2022-11-09 00:00:00-05:00,260.51126463140935,263.66624534493855,258.0413742472061,258.4830627441406,3071400,0.0,0.0
2022-11-10 00:00:00-05:00,268.38971551865757,283.71390881975077,267.7947729482109,280.9736022949219,7794000,0.0,0.0
2022-11-11 00:00:00-05:00,281.24406988635803,286.3641476333498,279.65755607378077,283.8942565917969,4945400,0.0,0.0
2022-11-14 00:00:00-05:00,283.37135759774,284.831686153721,276.1419541093107,276.664794921875,6394800,0.0,0.0
2022-11-15 00:00:00-05:00,274.0867126253852,285.4176078856478,273.3565620963707,281.180908203125,9290400,0.0,0.0
2022-11-16 00:00:00-05:00,275.70929091124975,285.21932232041956,274.49239158027484,283.8671875,5249500,0.0,0.0
2022-11-17 00:00:00-05:00,281.2440220568479,282.758406342626,275.97069114143176,280.7392272949219,3642100,0.0,0.0
2022-11-18 00:00:00-05:00,283.1731254225634,284.8497595369139,279.6755986571482,282.3077392578125,3559300,0.0,0.0
2022-11-21 00:00:00-05:00,285.7150449584887,287.4097247101793,283.22713602297887,285.55279541015625,4069000,0.0,0.0
2022-11-22 00:00:00-05:00,288.4553904931095,294.60310260521385,287.89651257550906,292.8543395996094,6054700,0.0,0.0
2022-11-23 00:00:00-05:00,294.5490612782726,295.50456769432697,288.8520599042193,289.81658935546875,4243400,0.0,0.0
2022-11-25 00:00:00-05:00,291.0604334779891,296.64021553884857,290.168006161742,294.2063903808594,3393500,0.0,0.0
2022-11-28 00:00:00-05:00,293.0165961917955,296.3879098461912,286.51734322124776,287.48187255859375,4733700,0.0,0.0
2022-11-29 00:00:00-05:00,284.84969377624327,288.4553861025248,284.5071486037666,284.8136291503906,3505600,0.0,0.0
2022-11-30 00:00:00-05:00,283.7888568047883,294.00029506186905,282.49203005057035,293.81890869140625,15106500,1.9,0.0
2022-12-01 00:00:00-05:00,295.92285609712707,298.96997540075563,294.227001541318,296.6120910644531,3830100,0.0,0.0
2022-12-02 00:00:00-05:00,291.1799211397589,297.8908299955933,290.4997637023982,297.4464416503906,3644100,0.0,0.0
2022-12-05 00:00:00-05:00,294.870880629279,295.20642049728326,289.78331688336294,290.27301025390625,5057300,0.0,0.0
2022-12-06 00:00:00-05:00,289.8740010880592,291.69680392886164,285.2489256686828,287.887939453125,3341500,0.0,0.0
2022-12-07 00:00:00-05:00,286.53673255398405,292.8123310171984,285.158290038241,290.3365478515625,4038200,0.0,0.0
2022-12-08 00:00:00-05:00,288.88550328261545,294.2995571935562,288.88550328261545,293.90960693359375,3483600,0.0,0.0
2022-12-09 00:00:00-05:00,291.54271037458597,294.2270574630766,290.1370349859339,290.6358337402344,3738800,0.0,0.0
2022-12-12 00:00:00-05:00,292.92115284571895,297.763870751251,291.3704015504316,297.4374084472656,4900200,0.0,0.0
2022-12-13 00:00:00-05:00,312.28296541188814,314.9129020392111,299.2329977421222,301.8901672363281,5787700,0.0,0.0
2022-12-14 00:00:00-05:00,299.74991574051063,307.48557188308115,298.37147329819885,302.3798522949219,4546000,0.0,0.0
2022-12-15 00:00:00-05:00,298.76133095832313,299.2873070358605,293.25658516646104,297.0926818847656,5056900,0.0,0.0
2022-12-16 00:00:00-05:00,293.3110467126343,297.40106840201344,289.51123213251486,293.22943115234375,9615000,0.0,0.0
2022-12-19 00:00:00-05:00,289.74701726797025,291.9325927693821,286.591077351387,287.7790832519531,3000600,0.0,0.0
2022-12-20 00:00:00-05:00,284.1424930260998,287.38004810561085,281.8843521873166,285.52093505859375,2632200,0.0,0.0
2022-12-21 00:00:00-05:00,288.43205019079005,289.82864770366996,285.43029128937746,289.62005615234375,2610400,0.0,0.0
2022-12-22 00:00:00-05:00,286.9357175245005,286.9357175245005,281.793743295482,286.6817932128906,3064400,0.0,0.0
2022-12-23 00:00:00-05:00,284.89528715277703,289.3843375316754,283.9067949493325,289.0487976074219,2064900,0.0,0.0
2022-12-27 00:00:00-05:00,288.7585336372469,291.6061112976314,287.9423503677442,289.7923583984375,1610200,0.0,0.0
2022-12-28 00:00:00-05:00,290.69927964471304,291.49733547144626,286.11956393878467,286.3281555175781,1568200,0.0,0.0
2022-12-29 00:00:00-05:00,288.9761846823057,291.86004524520115,288.01489782800724,290.5722961425781,1559100,0.0,0.0
2022-12-30 00:00:00-05:00,287.92419693696536,288.54089396008084,283.87045807474766,286.44598388671875,2581600,0.0,0.0
2023-01-03 00:00:00-05:00,287.8608172478293,289.49318425432256,282.7460193229701,286.4914245605469,2822400,0.0,0.0
2023-01-04 00:00:00-05:00,291.17086925121527,292.4767737362914,286.91761589056864,289.9556579589844,3560900,0.0,0.0
2023-01-05 00:00:00-05:00,288.2325615640036,288.45928070138945,284.0609515766459,286.09234619140625,2935100,0.0,0.0
2023-01-06 00:00:00-05:00,286.83599218640654,289.1575939438953,280.2248543776285,287.96051025390625,4022500,0.0,0.0
2023-01-09 00:00:00-05:00,290.20044751304926,292.51297125890034,287.5342286874694,288.2143859863281,3466300,0.0,0.0
2023-01-10 00:00:00-05:00,286.84502927845455,290.86251325456885,284.72294156439165,290.7718200683594,2111300,0.0,0.0
2023-01-11 00:00:00-05:00,292.51306112040413,298.3987095740859,292.12311079142484,298.3624267578125,2864800,0.0,0.0
2023-01-12 00:00:00-05:00,301.27342428820924,301.27342428820924,296.2856037042242,299.1513366699219,2481800,0.0,0.0
2023-01-13 00:00:00-05:00,296.0861186859055,301.43671252082765,295.6417580285207,300.3665771484375,2798600,0.0,0.0
2023-01-17 00:00:00-05:00,299.5685711075129,303.9488011103765,296.6393770498704,297.0293273925781,3988900,0.0,0.0
2023-01-18 00:00:00-05:00,299.26920163662993,303.3682728594418,292.85757906849636,293.54681396484375,2952200,0.0,0.0
2023-01-19 00:00:00-05:00,290.5088546924725,291.4157313173509,281.7030904140929,281.9298095703125,5359300,0.0,0.0
2023-01-20 00:00:00-05:00,281.1407420773591,285.88368760723444,278.76473050262956,285.6660461425781,3725100,0.0,0.0
2023-01-23 00:00:00-05:00,284.3420976073383,287.960526393955,282.1202388616432,286.1014404296875,3237900,0.0,0.0
2023-01-24 00:00:00-05:00,285.77491162717945,288.477413497774,283.5167980507419,288.1055908203125,2127900,0.0,0.0
2023-01-25 00:00:00-05:00,285.96540525344545,288.49559888609673,282.5374125828802,287.7156982421875,2060400,0.0,0.0
2023-01-26 00:00:00-05:00,284.8952487533818,289.52940208923144,283.42611324213783,284.5869140625,3555300,0.0,0.0
2023-01-27 00:00:00-05:00,282.963574829254,288.6043473528867,282.33782787605907,287.1986999511719,2761200,0.0,0.0
2023-01-30 00:00:00-05:00,286.4187366718868,288.5136464378483,284.47803573366735,284.976806640625,2643100,0.0,0.0
2023-01-31 00:00:00-05:00,286.563906664594,294.1454088680721,285.75680094197475,293.982177734375,3526800,0.0,0.0
2023-02-01 00:00:00-05:00,292.36792989894036,299.7680178293905,288.06026649771997,297.537109375,3076500,0.0,0.0
2023-02-02 00:00:00-05:00,302.3979891449279,309.67112893174857,301.7087541278579,308.1475830078125,4776600,0.0,0.0
2023-02-03 00:00:00-05:00,301.56359815546966,303.54058199955733,299.5684590715561,300.6295166015625,3389700,0.0,0.0
2023-02-06 00:00:00-05:00,298.3533449281357,300.1852535024338,296.96582473880113,298.6072692871094,2229700,0.0,0.0
2023-02-07 00:00:00-05:00,293.82805766508255,296.5486878286481,290.85350312661143,294.91632080078125,3865500,0.0,0.0
2023-02-08 00:00:00-05:00,292.86664872149436,293.8188578123487,289.8104798705711,290.9168701171875,2777200,0.0,0.0
2023-02-09 00:00:00-05:00,293.011821084971,293.7282613141491,285.51193424657987,286.1648864746094,3063300,0.0,0.0
2023-02-10 00:00:00-05:00,284.62315294976383,287.6611943104165,283.6255834122207,287.0626525878906,2768800,0.0,0.0
2023-02-13 00:00:00-05:00,287.7881959569221,293.54686748252584,286.2192895899764,293.4017639160156,2432500,0.0,0.0
2023-02-14 00:00:00-05:00,290.7537179106521,292.8848836351402,286.2737725912564,288.7767333984375,3380800,0.0,0.0
2023-02-15 00:00:00-05:00,286.46418913039815,291.5880364620725,286.382573556256,290.8262634277344,2585500,0.0,0.0
2023-02-16 00:00:00-05:00,285.6660515777866,293.592142057413,285.60256359083075,291.324951171875,3169200,0.0,0.0
2023-02-17 00:00:00-05:00,289.0034022926013,290.7446173855339,283.8070175536834,288.3414001464844,4985500,0.0,0.0
2023-02-21 00:00:00-05:00,277.0960288944382,279.32696441022676,267.5557006464896,267.98193359375,10891800,0.0,0.0
2023-02-22 00:00:00-05:00,269.8411152560286,272.42571904365917,267.61020661885385,268.70751953125,5922100,0.0,0.0
2023-02-23 00:00:00-05:00,269.1519063369447,271.95415163150477,267.1839719926756,271.4372253417969,4354500,0.0,0.0
2023-02-24 00:00:00-05:00,265.17069368114556,270.5484648992863,264.80794860175774,269.03399658203125,3713300,0.0,0.0
2023-02-27 00:00:00-05:00,271.48250228530225,272.5072770320683,267.564817321816,268.4444885253906,3238300,0.0,0.0
2023-02-28 00:00:00-05:00,267.5286340271089,270.88408898178926,266.9028868724486,268.92523193359375,3949500,0.0,0.0
2023-03-01 00:00:00-05:00,264.7353459527349,266.36771224885473,261.7789203107305,263.7105712890625,5905100,0.0,0.0
2023-03-02 00:00:00-05:00,261.59758606955893,266.7214327325657,260.5184008261619,265.7329406738281,4103700,0.0,0.0
2023-03-03 00:00:00-05:00,267.2020905368924,270.8023634750774,266.4040348327113,270.65728759765625,4036700,0.0,0.0
2023-03-06 00:00:00-05:00,270.2492304086936,272.16272677591974,269.32422622758577,270.4396667480469,3763200,0.0,0.0
2023-03-07 00:00:00-05:00,271.21053450897307,271.21053450897307,263.3751344775118,263.6290588378906,4512400,0.0,0.0
2023-03-08 00:00:00-05:00,264.3870954832822,267.14568488689366,263.3183542960728,266.2596435546875,4680300,2.09,0.0
2023-03-09 00:00:00-05:00,267.6846877862376,268.8904402625307,262.8434469170041,263.0718078613281,3248000,0.0,0.0
2023-03-10 00:00:00-05:00,263.58326308151743,267.78510889943385,259.50931273846453,261.52801513671875,4730900,0.0,0.0
2023-03-13 00:00:00-04:00,259.4088677021226,267.03612817996964,258.1391954534192,261.7198791503906,3892100,0.0,0.0
2023-03-14 00:00:00-04:00,264.25923881627614,264.7159606447703,257.03392402045637,260.85211181640625,5116000,0.0,0.0
2023-03-15 00:00:00-04:00,259.3723992545065,264.13143403424027,258.2031922104617,263.04443359375,4835500,0.0,0.0
2023-03-16 00:00:00-04:00,262.1583324011563,263.09917826302285,260.3314450673504,261.9117126464844,4400200,0.0,0.0
2023-03-17 00:00:00-04:00,262.9074613281862,266.67998954506623,261.48249090441,263.4281311035156,8342000,0.0,0.0
2023-03-20 00:00:00-04:00,262.5511604556656,264.7434201316391,261.8021298045789,264.2227783203125,3677800,0.0,0.0
2023-03-21 00:00:00-04:00,266.204878035049,267.5385258438792,262.70640109729567,264.37799072265625,4788200,0.0,0.0
2023-03-22 00:00:00-04:00,264.98088446688587,266.0039369695487,258.00218896595567,258.1483154296875,3723400,0.0,0.0
2023-03-23 00:00:00-04:00,260.56900071593617,261.34540568501205,255.96523592174339,259.3358459472656,6005800,0.0,0.0
2023-03-24 00:00:00-04:00,258.1026203817982,260.26747724520226,256.5223529245549,258.5227966308594,3851000,0.0,0.0
2023-03-27 00:00:00-04:00,259.1896669670287,260.2766672717971,256.59549003308877,256.92431640625,4269700,0.0,0.0
2023-03-28 00:00:00-04:00,256.4949579157699,258.76945149036544,255.70026642477717,256.51324462890625,3633300,0.0,0.0
2023-03-29 00:00:00-04:00,256.9060213416276,259.4088479714167,256.9060213416276,258.8333740234375,3607500,0.0,0.0
2023-03-30 00:00:00-04:00,260.6602478027344,261.3362150107703,259.2809669463523,260.6602478027344,3432800,0.0,0.0
2023-03-31 00:00:00-04:00,262.14919874147455,269.9682745893177,261.9391245310125,269.57550048828125,5800600,0.0,0.0
2023-04-03 00:00:00-04:00,269.34713132689956,272.1788122876768,269.22837918926643,271.9595947265625,4007600,0.0,0.0
2023-04-04 00:00:00-04:00,271.74947588003164,273.85038504732483,268.9177950939635,269.4293212890625,2965700,0.0,0.0
2023-04-05 00:00:00-04:00,269.4659249642066,270.11446226644154,263.51028133598436,263.683837890625,4002400,0.0,0.0
2023-04-06 00:00:00-04:00,262.3867580075735,264.70691329883056,259.63728297198264,263.6290283203125,3193400,0.0,0.0
2023-04-10 00:00:00-04:00,261.36364329733055,267.3101705444181,260.9343236548573,265.9674072265625,2799900,0.0,0.0
2023-04-11 00:00:00-04:00,267.3558392591291,269.55724192517954,266.50634330687797,268.34234619140625,2497000,0.0,0.0
2023-04-12 00:00:00-04:00,270.56204292931756,272.60814795624987,264.51502204420456,265.30059814453125,3341400,0.0,0.0
2023-04-13 00:00:00-04:00,265.71168959105114,267.15491857969573,261.5829056309537,266.86260986328125,3505800,0.0,0.0
2023-04-14 00:00:00-04:00,266.8625938479149,270.56205787003995,266.1592521750902,266.8991394042969,2653200,0.0,0.0
2023-04-17 00:00:00-04:00,266.4515432847543,269.9226182574256,266.3145044263912,269.8312683105469,2621900,0.0,0.0
2023-04-18 00:00:00-04:00,270.67167398609763,273.3389142762142,270.30630204066847,273.07403564453125,2847800,0.0,0.0
2023-04-19 00:00:00-04:00,270.79033405335576,272.4710667316408,269.5114908651083,271.21051025390625,2889300,0.0,0.0
2023-04-20 00:00:00-04:00,270.3519389459437,275.2297250660189,269.9226192824644,272.7268981933594,3371800,0.0,0.0
2023-04-21 00:00:00-04:00,275.51293117432436,276.95618807630547,273.43942365819544,274.0697021484375,3506700,0.0,0.0
2023-04-24 00:00:00-04:00,274.0331278189099,275.76866538654474,273.3206428016244,275.53118896484375,2515400,0.0,0.0
2023-04-25 00:00:00-04:00,275.4032406944451,276.4902407899595,270.49805310642927,270.68072509765625,4529500,0.0,0.0
2023-04-26 00:00:00-04:00,269.8586120702264,270.35187937568446,262.23135311298995,263.13568115234375,4037400,0.0,0.0
2023-04-27 00:00:00-04:00,263.0717506248768,269.20094923170103,262.88905075873083,268.48846435546875,3133600,0.0,0.0
2023-04-28 00:00:00-04:00,268.34233572792584,274.78213029893885,267.9861071937485,274.5263671875,4063400,0.0,0.0
2023-05-01 00:00:00-04:00,273.10145801394543,273.63124319253217,271.630798889152,271.9322509765625,2970000,0.0,0.0
2023-05-02 00:00:00-04:00,272.6080950131483,272.81819706482383,265.8577338050346,268.80816650390625,3413200,0.0,0.0
2023-05-03 00:00:00-04:00,269.0639426866609,272.9004169300148,267.1822511140301,267.7120361328125,2743400,0.0,0.0
2023-05-04 00:00:00-04:00,267.38324431071834,269.0913795908279,260.6328819030839,261.01654052734375,4422500,0.0,0.0
2023-05-05 00:00:00-04:00,262.31368450213483,265.6934100450844,261.3362928855456,264.5516052246094,3806600,0.0,0.0
2023-05-08 00:00:00-04:00,263.9852651170284,264.75255458400204,259.8199635099752,263.00787353515625,3736500,0.0,0.0
2023-05-09 00:00:00-04:00,261.40023453298,265.8669603906561,261.0257192154908,265.4284973144531,2570000,0.0,0.0
2023-05-10 00:00:00-04:00,266.46062592832396,268.15964552739774,261.17180753173216,264.0126037597656,3571000,0.0,0.0
2023-05-11 00:00:00-04:00,263.74774004310973,264.3963051778423,260.34972817048464,262.78863525390625,3859700,0.0,0.0
2023-05-12 00:00:00-04:00,263.0717957882654,265.7847247973755,262.5694128842448,265.3280029296875,3438300,0.0,0.0
2023-05-15 00:00:00-04:00,264.8256202928274,265.73906402912485,262.1035479232685,263.5650634765625,5353600,0.0,0.0
2023-05-16 00:00:00-04:00,257.36273207190834,261.3270739164571,253.1060815876295,257.89251708984375,12362100,0.0,0.0
2023-05-17 00:00:00-04:00,257.7281351550747,268.59810964255564,256.86949584440464,267.0818176269531,7956900,0.0,0.0
2023-05-18 00:00:00-04:00,267.3192775563764,270.31537160166647,266.36017287804617,269.6120300292969,4547000,0.0,0.0
2023-05-19 00:00:00-04:00,270.16018653668135,270.16018653668135,264.8530795161913,265.70257568359375,4470600,0.0,0.0
2023-05-22 00:00:00-04:00,265.5655041474823,267.6298680097966,263.1448559758811,265.5015563964844,3736200,0.0,0.0
2023-05-23 00:00:00-04:00,264.24100731635036,271.9961358461621,264.24100731635036,269.4111022949219,5352200,0.0,0.0
2023-05-24 00:00:00-04:00,271.63078617362305,271.7677971723529,265.06312283227015,265.90350341796875,4978200,0.0,0.0
2023-05-25 00:00:00-04:00,266.53375693474294,266.53375693474294,261.2997142645387,261.92999267578125,5355900,0.0,0.0
2023-05-26 00:00:00-04:00,262.1583690733517,267.913053829403,260.96175993240746,267.4837341308594,4626100,0.0,0.0
2023-05-30 00:00:00-04:00,267.89477732931755,268.9635187641233,263.93957822455707,267.0909423828125,5193300,0.0,0.0
2023-05-31 00:00:00-04:00,266.42850855735117,266.80572001347963,259.4087535695403,260.77960205078125,18288800,2.09,0.0
2023-06-01 00:00:00-04:00,261.3316733979268,266.0881892177561,257.58721328428874,265.3245849609375,4305100,0.0,0.0
2023-06-02 00:00:00-04:00,267.403747822951,272.5190556374213,266.54813615195826,272.2706604003906,4515600,0.0,0.0
2023-06-05 00:00:00-04:00,271.97627694246006,272.0682845473412,268.06619238763403,269.6578369140625,3028800,0.0,0.0
2023-06-06 00:00:00-04:00,268.4801905903386,273.17229728733594,268.3237748671688,272.32586669921875,2855400,0.0,0.0
2023-06-07 00:00:00-04:00,273.53110659893787,278.03001726139723,273.34709139335513,277.57000732421875,4842700,0.0,0.0
2023-06-08 00:00:00-04:00,277.9931864705285,281.020059477655,276.7327638353014,277.0087585449219,3757300,0.0,0.0
2023-06-09 00:00:00-04:00,276.90760897109584,277.32160109402423,272.4179072150272,273.56793212890625,3485800,0.0,0.0
2023-06-12 00:00:00-04:00,274.53387849371575,278.4071536486373,273.84386370456764,276.797119140625,4456600,0.0,0.0
2023-06-13 00:00:00-04:00,278.2140122332789,279.7964475848542,274.7823559743243,276.0795593261719,4043400,0.0,0.0
2023-06-14 00:00:00-04:00,276.9166987072053,278.35192708001824,271.9854069804675,275.73907470703125,4176000,0.0,0.0
2023-06-15 00:00:00-04:00,276.7787632181904,279.1616112166855,275.6195292439258,277.8643798828125,4109700,0.0,0.0
2023-06-16 00:00:00-04:00,279.9988309584796,281.50767695257446,276.13476452868224,276.3555603027344,10809300,0.0,0.0
2023-06-20 00:00:00-04:00,275.79431572483594,278.5359847409074,274.3775054975013,277.30316162109375,3371100,0.0,0.0
2023-06-21 00:00:00-04:00,278.64635987175217,279.29038488743447,276.1715046519277,276.6499328613281,2713300,0.0,0.0
2023-06-22 00:00:00-04:00,277.3859658046668,278.6095797677021,275.6379338245697,277.091552734375,3052000,0.0,0.0
2023-06-23 00:00:00-04:00,276.3003589409655,278.14039858003406,275.1779336380626,276.75115966796875,8525900,0.0,0.0
2023-06-26 00:00:00-04:00,278.46238838932067,284.4792973023757,277.8275725195473,283.264892578125,4440100,0.0,0.0
2023-06-27 00:00:00-04:00,283.50406588530797,290.2294076685993,283.26487985471584,288.64697265625,5342500,0.0,0.0
2023-06-28 00:00:00-04:00,287.0462004117996,287.91102133866974,281.58128011935577,281.99530029296875,4025600,0.0,0.0
2023-06-29 00:00:00-04:00,282.24364162398297,283.48567383073373,279.71358745632403,283.2004699707031,3279700,0.0,0.0
2023-06-30 00:00:00-04:00,284.8197056140612,286.5217477894023,283.6420814415742,285.7949523925781,3230700,0.0,0.0
2023-07-03 00:00:00-04:00,285.0036915689818,286.4941189385394,284.1940697690315,285.2244873046875,1483300,0.0,0.0
2023-07-05 00:00:00-04:00,285.6661439663859,287.32216835287204,285.19692489027864,285.942138671875,2496000,0.0,0.0
2023-07-06 00:00:00-04:00,282.2988822167426,283.3477183033205,277.4227883320657,277.8643798828125,4828300,0.0,0.0
2023-07-07 00:00:00-04:00,277.8367331326741,281.1856182321175,276.8247339499019,278.5911560058594,2951900,0.0,0.0
2023-07-10 00:00:00-04:00,278.9500172254456,285.6937500693599,278.9500172254456,285.4637451171875,3246700,0.0,0.0
2023-07-11 00:00:00-04:00,287.8834104155766,289.4106467134178,285.88695501654007,288.57342529296875,2913800,0.0,0.0
2023-07-12 00:00:00-04:00,291.01147865898577,295.5655881808682,290.7354839326562,292.12469482421875,5300500,0.0,0.0
2023-07-13 00:00:00-04:00,292.658301696582,292.9527147686957,288.3986055637569,289.438232421875,3235600,0.0,0.0
2023-07-14 00:00:00-04:00,289.6589822785584,291.55422050514704,289.08857458972886,291.18621826171875,2942100,0.0,0.0
2023-07-17 00:00:00-04:00,290.46865313344614,292.4007003338191,289.02421530526857,290.7722473144531,2002500,0.0,0.0
2023-07-18 00:00:00-04:00,289.37379154334604,292.86067402476965,287.1657499059762,291.4254455566406,2315600,0.0,0.0
2023-07-19 00:00:00-04:00,291.64631897248955,294.35117982361345,291.36111503919517,293.927978515625,2361400,0.0,0.0
2023-07-20 00:00:00-04:00,294.71911645749617,295.74035295605023,292.45587578689043,293.569091796875,2101900,0.0,0.0
2023-07-21 00:00:00-04:00,295.3907626100865,296.145185581156,293.9371156095599,294.8387451171875,3673400,0.0,0.0
2023-07-24 00:00:00-04:00,295.2987378467834,299.6136326848629,295.28034755957384,299.10760498046875,2621900,0.0,0.0
2023-07-25 00:00:00-04:00,299.0708081446764,300.75443182797585,297.9299646339033,299.1260070800781,2890800,0.0,0.0
2023-07-26 00:00:00-04:00,298.7212479409359,304.4897623043494,298.3072277768956,303.2293395996094,3448100,0.0,0.0
2023-07-27 00:00:00-04:00,305.179791990167,306.7714365186672,302.6221378011052,303.3397521972656,2608600,0.0,0.0
2023-07-28 00:00:00-04:00,305.44659087602037,306.36661072805657,303.1465412459299,304.8669738769531,2268200,0.0,0.0
2023-07-31 00:00:00-04:00,305.1245587042534,307.35101895688433,304.96817106245265,307.139404296875,2690000,0.0,0.0
2023-08-01 00:00:00-04:00,305.2257824319694,308.17903817297423,304.4161605034851,305.510986328125,2547200,0.0,0.0
2023-08-02 00:00:00-04:00,303.6341306225679,305.93418010099134,301.6929023396309,302.22650146484375,2752600,0.0,0.0
2023-08-03 00:00:00-04:00,301.47208105893736,305.5385809251223,301.4353004822487,303.4685363769531,2451300,0.0,0.0
2023-08-04 00:00:00-04:00,301.9137270186682,303.1649405779044,299.3100550367499,300.32208251953125,3591600,0.0,0.0
2023-08-07 00:00:00-04:00,301.03969736116386,303.0637523298107,300.469289527303,302.84295654296875,2111000,0.0,0.0
2023-08-08 00:00:00-04:00,300.46004039403,302.2540901539157,297.5252031948829,301.5916748046875,3272600,0.0,0.0
2023-08-09 00:00:00-04:00,301.16845230210845,304.4529293465419,300.62564405212095,301.95965576171875,2698900,0.0,0.0
2023-08-10 00:00:00-04:00,304.21376891508936,306.2746044076957,302.6313336399015,303.0545349121094,3075100,0.0,0.0
2023-08-11 00:00:00-04:00,302.2449289161877,305.06939676140627,302.0885412554204,304.6277770996094,3108400,0.0,0.0
2023-08-14 00:00:00-04:00,304.94969637837096,307.0933578229546,302.1620380437492,303.56048583984375,3974800,0.0,0.0
2023-08-15 00:00:00-04:00,305.2257968974254,311.12312755299456,302.24491346702723,305.5754089355469,5860900,0.0,0.0
2023-08-16 00:00:00-04:00,306.01698406612104,310.7918891161178,305.1521632003983,306.3941955566406,3753900,0.0,0.0
2023-08-17 00:00:00-04:00,307.0749841796397,308.8046258150465,300.90165947179963,301.10406494140625,3885100,0.0,0.0
2023-08-18 00:00:00-04:00,299.0616460703897,302.5853377702887,298.482029080599,301.1868896484375,3472000,0.0,0.0
2023-08-21 00:00:00-04:00,300.48764072280414,301.64687460646144,297.62639274238006,298.1416015625,3109700,0.0,0.0
2023-08-22 00:00:00-04:00,299.2548716992917,300.21170028535494,296.2740161188708,298.528076171875,2582200,0.0,0.0
2023-08-23 00:00:00-04:00,298.56477866184804,300.7820294763167,298.1599677535018,300.00921630859375,2728000,0.0,0.0
2023-08-24 00:00:00-04:00,299.11680278947784,302.6864837466153,296.5315496577231,296.7891540527344,2490000,0.0,0.0
2023-08-25 00:00:00-04:00,297.5619851418902,300.2392460208324,295.51035903999656,297.0375671386719,2418100,0.0,0.0
2023-08-28 00:00:00-04:00,297.3503823698135,301.2512569670214,297.046760141635,299.8436279296875,2099900,0.0,0.0
2023-08-29 00:00:00-04:00,300.65328484784544,303.4593340682145,300.6348664823078,303.0361328125,2628200,0.0,0.0
2023-08-30 00:00:00-04:00,303.69349323856085,307.04522788077185,303.5731223940505,306.12860107421875,2256200,2.09,0.0
2023-08-31 00:00:00-04:00,306.6562952535774,307.9525420103715,305.2489174124352,305.8229675292969,2914700,0.0,0.0
2023-09-01 00:00:00-04:00,307.39704930153977,308.73960795784285,306.6007933993926,308.3970031738281,2317400,0.0,0.0
2023-09-05 00:00:00-04:00,307.2489378891425,307.6748416004809,303.11018685677516,303.48980712890625,3141400,0.0,0.0
2023-09-06 00:00:00-04:00,303.25835389927875,304.25830795343944,301.4343398254639,301.84173583984375,3199700,0.0,0.0
2023-09-07 00:00:00-04:00,300.9435701705605,305.47120907162815,300.2676568292861,304.0823669433594,2454000,0.0,0.0
2023-09-08 00:00:00-04:00,303.2305662458736,305.073087972876,302.471325680229,304.35089111328125,2210300,0.0,0.0
2023-09-11 00:00:00-04:00,304.88790742831713,305.43418197106655,303.29536723776715,304.03607177734375,2087800,0.0,0.0
2023-09-12 00:00:00-04:00,302.6102135515489,304.4064518932063,301.739898353163,302.1009826660156,2190500,0.0,0.0
2023-09-13 00:00:00-04:00,301.8787373735784,303.656439500638,300.91579890538276,301.7305908203125,2564300,0.0,0.0
2023-09-14 00:00:00-04:00,303.128702509703,305.8230314268114,301.16578186093517,305.20269775390625,2707600,0.0,0.0
2023-09-15 00:00:00-04:00,303.0639212486785,304.7768324411498,296.5918967732599,297.5826110839844,7117800,0.0,0.0
2023-09-18 00:00:00-04:00,296.43450968046966,297.8140840167499,293.42535130515216,293.7494201660156,2740400,0.0,0.0
2023-09-19 00:00:00-04:00,292.5364697315487,293.443828540404,289.19397485188,291.2957458496094,2776500,0.0,0.0
2023-09-20 00:00:00-04:00,291.6568568836845,292.9068204929707,287.7680874894755,287.8236389160156,2320000,0.0,0.0
2023-09-21 00:00:00-04:00,286.47184390337884,287.24035240657685,283.65711581506105,284.0274963378906,2766500,0.0,0.0
2023-09-22 00:00:00-04:00,283.4720111174961,284.85158559891613,282.82387332758105,283.0738830566406,2289200,0.0,0.0
2023-09-25 00:00:00-04:00,281.9442426652662,284.5182291527465,281.9442426652662,283.7774963378906,1882300,0.0,0.0
2023-09-26 00:00:00-04:00,281.95346228205636,283.14787443474376,279.277641117491,280.1202087402344,2655500,0.0,0.0
2023-09-27 00:00:00-04:00,280.5461012384381,281.6756939314229,277.6758219441917,279.45355224609375,2513900,0.0,0.0
2023-09-28 00:00:00-04:00,279.31467942010727,282.2775256426535,278.46284382428536,280.9997863769531,2369600,0.0,0.0
2023-09-29 00:00:00-04:00,282.35165674283445,283.01830219089027,277.60181145744525,279.7684020996094,3502600,0.0,0.0
2023-10-02 00:00:00-04:00,278.2499232037546,280.9628167161405,276.34258198375824,277.6110534667969,2806800,0.0,0.0
2023-10-03 00:00:00-04:00,275.83331808012167,276.1944023521877,268.5743063751333,270.30572509765625,3609200,0.0,0.0
2023-10-04 00:00:00-04:00,271.6204723803623,272.40748857511164,268.842788109058,270.7223815917969,2956300,0.0,0.0
2023-10-05 00:00:00-04:00,270.36128375111133,270.98164570471664,268.73169984820424,270.0835266113281,2469300,0.0,0.0
2023-10-06 00:00:00-04:00,269.2132032490844,272.7130847509196,266.092942037224,271.12054443359375,2922500,0.0,0.0
2023-10-09 00:00:00-04:00,268.78723435169115,273.6296740614945,268.21318412824013,273.4722595214844,1929900,0.0,0.0
2023-10-10 00:00:00-04:00,274.7037214936682,278.388792849404,273.29637161585214,277.0462341308594,3116300,0.0,0.0
2023-10-11 00:00:00-04:00,277.52774692431797,278.55550502550415,273.9723136602443,275.9629821777344,2292800,0.0,0.0
2023-10-12 00:00:00-04:00,275.6389038856931,275.6389038856931,269.2224311997881,271.3056945800781,2546400,0.0,0.0
2023-10-13 00:00:00-04:00,271.231664624772,272.88902447076583,269.3335913097129,270.2872619628906,2092700,0.0,0.0
2023-10-16 00:00:00-04:00,272.61120583173766,276.25923369320117,271.82418958132837,275.2962951660156,2567000,0.0,0.0
2023-10-17 00:00:00-04:00,274.7037289574984,276.2499574415735,272.67601709619584,274.0093078613281,2139700,0.0,0.0
2023-10-18 00:00:00-04:00,271.28722968011215,271.5927625914486,268.1206564095359,268.73175048828125,2720100,0.0,0.0
2023-10-19 00:00:00-04:00,269.4354053085072,269.750206171404,265.1948192658752,265.51885986328125,3028600,0.0,0.0
2023-10-20 00:00:00-04:00,264.67622683688217,265.8984145367157,262.59296390782765,265.18548583984375,2885300,0.0,0.0
2023-10-23 00:00:00-04:00,264.6392452840251,266.8891627540607,263.2596428868874,263.94482421875,2590900,0.0,0.0
2023-10-24 00:00:00-04:00,265.49105888048723,266.5743682004732,261.1301023996537,262.31524658203125,2705200,0.0,0.0
2023-10-25 00:00:00-04:00,260.8708738588633,262.2412084083722,258.5098532949549,260.11163330078125,2962800,0.0,0.0
2023-10-26 00:00:00-04:00,259.74131687345965,262.2504843504523,257.1673299665931,257.3988037109375,3108200,0.0,0.0
2023-10-27 00:00:00-04:00,258.3061736612346,258.94504341332333,253.93594853046014,255.972900390625,2907300,0.0,0.0
2023-10-30 00:00:00-04:00,256.90800283067483,261.39859776450226,256.4357874930368,260.620849609375,3074400,0.0,0.0
2023-10-31 00:00:00-04:00,261.64860237220506,264.2503644423537,260.75048330576493,263.5929870605469,3036000,0.0,0.0
2023-11-01 00:00:00-04:00,264.4263131303083,265.57441372976155,261.12086165547976,265.3892517089844,2747300,0.0,0.0
2023-11-02 00:00:00-04:00,268.7409978169461,272.82419776365293,268.50952408928293,272.7038269042969,3628000,0.0,0.0
2023-11-03 00:00:00-04:00,272.37974300143827,275.74074586258166,272.3705032669695,273.7037658691406,3071900,0.0,0.0
2023-11-06 00:00:00-05:00,272.9074684769805,274.4722328128723,271.4908506868845,272.7408142089844,2890300,0.0,0.0
2023-11-07 00:00:00-05:00,272.7778483171147,274.0648556277379,271.8056700978888,272.9259948730469,2629000,0.0,0.0
2023-11-08 00:00:00-05:00,273.1667238105028,275.92590030585137,272.31488821766237,273.99078369140625,2454900,0.0,0.0
2023-11-09 00:00:00-05:00,270.3150204342727,271.0464570421692,266.361431228645,266.537353515625,4059100,0.0,0.0
2023-11-10 00:00:00-05:00,267.7965305193458,269.98162841796875,265.5373452223601,269.98162841796875,3653500,0.0,0.0
2023-11-13 00:00:00-05:00,266.4632542659987,268.4446543099734,265.95399520702296,266.7225036621094,4586700,0.0,0.0
2023-11-14 00:00:00-05:00,278.5925429819274,285.3978482086026,277.8981217746282,281.1294860839844,7952800,0.0,0.0
2023-11-15 00:00:00-05:00,281.5646254910555,286.03668511963656,281.48129834648086,285.3515319824219,3985900,0.0,0.0
2023-11-16 00:00:00-05:00,283.2127328127496,285.12934201203024,281.7775787829595,283.7312316894531,3114000,0.0,0.0
2023-11-17 00:00:00-05:00,285.63852499989326,285.8329549820362,282.81455736796045,284.4996643066406,2770300,0.0,0.0
2023-11-20 00:00:00-05:00,284.42563714572395,286.7218665129193,283.08307833008473,285.3515319824219,3459000,0.0,0.0
2023-11-21 00:00:00-05:00,282.9257040307668,283.38865146875037,279.9350534092077,282.7127380371094,2977200,0.0,0.0
2023-11-22 00:00:00-05:00,284.6107844702637,286.89771724600456,283.76821690527635,286.2866516113281,2873500,0.0,0.0
2023-11-24 00:00:00-05:00,286.2681285052122,288.3051082326032,285.4626046035828,287.6755065917969,1259900,0.0,0.0
2023-11-27 00:00:00-05:00,287.66624545863937,289.70322523457924,286.7959021231074,287.87921142578125,2992600,0.0,0.0
2023-11-28 00:00:00-05:00,287.68482572639647,291.2680348328569,286.46266580870935,290.11993408203125,3116900,0.0,0.0
2023-11-29 00:00:00-05:00,292.739115730777,292.739115730777,289.8029683863762,289.9054870605469,3083800,2.09,0.0
2023-11-30 00:00:00-05:00,291.32230481932066,292.4594826454566,287.64045088460625,292.2077941894531,4493700,0.0,0.0
2023-12-01 00:00:00-05:00,292.5246944513121,298.36905485681564,291.7510540127341,297.921630859375,3613600,0.0,0.0
2023-12-04 00:00:00-05:00,297.92166171113075,303.01098575867366,297.3064643181173,302.02294921875,3827900,0.0,0.0
2023-12-05 00:00:00-05:00,300.14010087120846,301.9297686472155,298.28520686599717,301.53826904296875,3269800,0.0,0.0
2023-12-06 00:00:00-05:00,302.9364385383005,306.02172737513393,302.2000619997975,303.9710693359375,3030800,0.0,0.0
2023-12-07 00:00:00-05:00,303.97102465003314,305.18278729353125,302.63811134340546,304.0269775390625,2742300,0.0,0.0
2023-12-08 00:00:00-05:00,303.86851632335674,305.06161856249986,302.99232875522654,304.3066101074219,2889300,0.0,0.0
2023-12-11 00:00:00-05:00,307.4198698605323,309.54508417544736,306.48775781985375,308.836669921875,3520700,0.0,0.0
2023-12-12 00:00:00-05:00,308.0071343689632,311.8101393414323,307.8952854647442,310.57977294921875,2893400,0.0,0.0
2023-12-13 00:00:00-05:00,312.16435741279344,320.49744241802335,309.37735115064135,320.0873107910156,5822700,0.0,0.0
2023-12-14 00:00:00-05:00,325.9969125158898,329.1008620790688,324.37504638661494,327.9263916015625,7594800,0.0,0.0
2023-12-15 00:00:00-05:00,324.58007510933805,330.3218890324677,323.209869190798,329.9676818847656,11212800,0.0,0.0
2023-12-18 00:00:00-05:00,329.6973514847679,330.82522756760625,326.53750636724124,326.9942321777344,4420500,0.0,0.0
2023-12-19 00:00:00-05:00,327.6001284857671,328.99829671167015,326.61209188179333,328.1687316894531,4654700,0.0,0.0
2023-12-20 00:00:00-05:00,327.1713734511778,330.68542611071877,324.66398942456266,324.990234375,3259500,0.0,0.0
2023-12-21 00:00:00-05:00,327.98229432294795,328.33650148766304,323.44291275008965,325.2791748046875,2794200,0.0,0.0
2023-12-22 00:00:00-05:00,325.34444966052786,327.4882963383022,323.15398030535425,324.92498779296875,2029900,0.0,0.0
2023-12-26 00:00:00-05:00,324.7758061518237,326.3231156226195,324.5241461299811,325.5960693359375,1585500,0.0,0.0
2023-12-27 00:00:00-05:00,326.15530712394775,326.2391937888546,323.6106311719066,324.8689880371094,2764300,0.0,0.0
2023-12-28 00:00:00-05:00,324.8410638208895,325.3444123150209,322.3243497960361,323.7784423828125,2859400,0.0,0.0
2023-12-29 00:00:00-05:00,322.3522851946988,323.9555189961594,319.7330527117604,323.0234069824219,10325700,0.0,0.0
2024-01-02 00:00:00-05:00,320.8423262302598,323.72254945940216,319.91954427265483,321.65325927734375,2833600,0.0,0.0
2024-01-03 00:00:00-05:00,319.22974815705845,319.4348139478386,313.73959447641886,315.2962341308594,3309600,0.0,0.0
2024-01-04 00:00:00-05:00,316.8528169165295,319.63985106564274,315.55719606276114,315.6037902832031,3652400,0.0,0.0
2024-01-05 00:00:00-05:00,314.9327234526379,320.4881038291972,314.8861292240691,319.6585388183594,2664300,0.0,0.0
2024-01-08 00:00:00-05:00,320.1152188801187,324.80374112494616,319.9474455463,324.3097229003906,2736200,0.0,0.0
2024-01-09 00:00:00-05:00,322.33365908791336,325.40961741116234,321.8116786263414,322.6878662109375,2338100,0.0,0.0
2024-01-10 00:00:00-05:00,326.817099920575,332.63346960950145,326.52814748063156,332.5775451660156,4109300,0.0,0.0
2024-01-11 00:00:00-05:00,332.84793880314265,336.4925008827098,329.2779616284921,332.3259582519531,3530400,0.0,0.0
2024-01-12 00:00:00-05:00,334.1900858815801,334.1900858815801,329.4363093955582,331.5615234375,1956100,0.0,0.0
2024-01-16 00:00:00-05:00,333.75204691210314,335.2341016961394,332.02763388619064,334.096923828125,3669400,0.0,0.0
2024-01-17 00:00:00-05:00,332.4190728197567,335.33658763012085,330.0142081781885,331.5522155761719,2646100,0.0,0.0
2024-01-18 00:00:00-05:00,331.9437165553507,334.3578831903392,329.9956059142782,333.6028747558594,2510700,0.0,0.0
2024-01-19 00:00:00-05:00,334.4511231013846,338.31938242801175,332.09288074766425,337.8067321777344,3234600,0.0,0.0
2024-01-22 00:00:00-05:00,334.9638212613938,336.92126253972,331.5429854709334,332.47509765625,4003700,0.0,0.0
2024-01-23 00:00:00-05:00,331.6920932035667,331.7200554284588,325.3630441421481,326.9662780761719,3878400,0.0,0.0
2024-01-24 00:00:00-05:00,328.04749453246654,328.9143518522007,323.50811371330354,323.69451904296875,3474400,0.0,0.0
2024-01-25 00:00:00-05:00,328.65344988822636,328.92377040150126,324.61741642237314,327.1434326171875,3064200,0.0,0.0
2024-01-26 00:00:00-05:00,327.60940587926575,332.8105783247238,327.1899441008156,331.17938232421875,3177700,0.0,0.0
2024-01-29 00:00:00-05:00,331.0395369615781,332.1767146221016,329.0448322791636,331.5522155761719,2732000,0.0,0.0
2024-01-30 00:00:00-05:00,330.43371130918524,334.56296073353195,330.0049477445252,332.8572082519531,2336500,0.0,0.0
2024-01-31 00:00:00-05:00,333.62158768354647,334.60962427041403,328.4297162675882,328.998291015625,3377900,0.0,0.0
2024-02-01 00:00:00-05:00,329.4084400866456,335.6908955490043,328.40177144423257,335.6256408691406,2439100,0.0,0.0
2024-02-02 00:00:00-05:00,330.13546502850176,335.14090257967456,326.25787518178237,332.9784240722656,3697600,0.0,0.0
2024-02-05 00:00:00-05:00,329.65079820070895,331.8971919762404,326.9476785579613,331.03033447265625,2653800,0.0,0.0
2024-02-06 00:00:00-05:00,330.7599901326916,333.69613760964916,330.2473114012835,332.06494140625,2045300,0.0,0.0
2024-02-07 00:00:00-05:00,334.14353477714644,339.03712299355306,333.4351205231623,338.0677185058594,3272200,0.0,0.0
2024-02-08 00:00:00-05:00,338.2262007911514,340.82680165214055,337.0983530554902,339.02783203125,2521900,0.0,0.0
2024-02-09 00:00:00-05:00,339.40990934219667,339.6895315327603,336.30596079795197,338.4964294433594,2389900,0.0,0.0
2024-02-12 00:00:00-05:00,339.4939031422137,343.6884079992224,339.3354315536829,340.6404113769531,3119700,0.0,0.0
2024-02-13 00:00:00-05:00,334.1341974563499,335.029017032089,329.85580669152716,333.3139343261719,3106500,0.0,0.0
2024-02-14 00:00:00-05:00,332.92254678102364,334.60966768765144,329.94910641060034,333.91058349609375,2998900,0.0,0.0
2024-02-15 00:00:00-05:00,334.53501909855464,337.08902553537126,332.6242007170129,336.5670166015625,2662800,0.0,0.0
2024-02-16 00:00:00-05:00,336.1941842567538,339.27947302158856,334.7680538864399,337.7508239746094,3899600,0.0,0.0
2024-02-20 00:00:00-05:00,331.18872902067255,340.45392504006924,330.4896449856827,337.95587158203125,4830000,0.0,0.0
2024-02-21 00:00:00-05:00,336.1102884466168,340.32342476928176,334.58163944118377,339.40997314453125,3277800,0.0,0.0
2024-02-22 00:00:00-05:00,342.4952617749324,347.64051016833173,342.22494130941413,346.1304931640625,3387500,0.0,0.0
2024-02-23 00:00:00-05:00,346.8202534403288,348.84294918892044,345.11450083419584,346.7084045410156,3398200,0.0,0.0
2024-02-26 00:00:00-05:00,348.15313995399674,349.43012876098953,345.5525396755128,346.372802734375,2461000,0.0,0.0
2024-02-27 00:00:00-05:00,347.36090641723035,350.2877236852836,345.4500595017424,350.06402587890625,2802900,0.0,0.0
2024-02-28 00:00:00-05:00,350.0639742923695,354.05341244442775,349.59791830055985,351.97479248046875,2282500,0.0,0.0
2024-02-29 00:00:00-05:00,353.07469602177906,355.86170166948705,352.47813071554356,354.7711181640625,4382800,0.0,0.0
2024-03-01 00:00:00-05:00,354.5381310106817,358.95636153720784,354.04411275459154,358.3504943847656,2750900,0.0,0.0
2024-03-04 00:00:00-05:00,356.90569717551404,358.4250443637435,354.3050965990612,354.5474548339844,2619000,0.0,0.0
2024-03-05 00:00:00-05:00,354.2957916750245,355.11605482058474,351.4248706655636,352.7578125,3011600,0.0,0.0
2024-03-06 00:00:00-05:00,354.9426686857969,356.15229296138574,352.4671898182905,353.92059326171875,2496300,2.25,0.0
2024-03-07 00:00:00-05:00,354.3237521382761,356.602324487701,352.17644107746065,353.08599853515625,2368500,0.0,0.0
2024-03-08 00:00:00-05:00,351.63259640215455,353.15164464006244,348.913310046498,350.0854187011719,2162900,0.0,0.0
2024-03-11 00:00:00-04:00,348.4069307704257,349.7384587154696,345.8845508034393,348.3694152832031,2833700,0.0,0.0
2024-03-12 00:00:00-04:00,349.29776014429194,352.47650389020873,349.20398573006685,351.2012634277344,2843800,0.0,0.0
2024-03-13 00:00:00-04:00,352.5984473659366,358.8621897629327,352.3640256120136,355.3739929199219,3761200,0.0,0.0
2024-03-14 00:00:00-04:00,354.4456069104544,356.50852929651677,348.97890551128376,351.8857116699219,3877500,0.0,0.0
2024-03-15 00:00:00-04:00,350.8073962810257,354.8394668657887,349.3258636636582,349.9728698730469,9234900,0.0,0.0
2024-03-18 00:00:00-04:00,353.02973134461195,354.07057868248415,348.0131293291693,348.7351379394531,3455600,0.0,0.0
2024-03-19 00:00:00-04:00,351.52948739691476,355.8146951684813,349.8791491468979,355.767822265625,3493800,0.0,0.0
2024-03-20 00:00:00-04:00,355.77715902719507,360.896921241769,352.78593567120964,360.4562072753906,2750400,0.0,0.0
2024-03-21 00:00:00-04:00,364.2069808431829,372.1398041916092,364.09446299108146,370.5738830566406,4212200,0.0,0.0
2024-03-22 00:00:00-04:00,370.0956519611138,371.7178606310181,365.7822864150522,365.96044921875,2910900,0.0,0.0
2024-03-25 00:00:00-04:00,364.8539709154351,365.5665934857608,359.03094340015565,359.6123046875,2683900,0.0,0.0
2024-03-26 00:00:00-04:00,358.5808448686116,360.3155713277993,355.7583981896951,356.25537109375,2720200,0.0,0.0
2024-03-27 00:00:00-04:00,357.1181046178831,362.2472537235393,357.0149441661678,361.84405517578125,2536500,0.0,0.0
2024-03-28 00:00:00-04:00,363.0067500658502,363.4568214833545,356.0584863987841,359.69671630859375,4108200,0.0,0.0
2024-04-01 00:00:00-04:00,357.69943860723464,359.2653883900631,344.9187610200207,345.096923828125,4333200,0.0,0.0
2024-04-02 00:00:00-04:00,341.78687090913127,343.9997982306729,340.34282508816506,340.3803405761719,4650500,0.0,0.0
2024-04-03 00:00:00-04:00,339.4425975708211,339.8176665410839,336.6295373699579,337.47344970703125,4723000,0.0,0.0
2024-04-04 00:00:00-04:00,340.0146662205435,342.2557518656694,334.66986753905223,335.3918762207031,4381600,0.0,0.0
2024-04-05 00:00:00-04:00,335.39181402203775,336.9389915477564,333.83525047104604,335.5699768066406,3243400,0.0,0.0
2024-04-08 00:00:00-04:00,335.7576172676228,339.9772090982679,334.99809302738174,339.4895935058594,4339600,0.0,0.0
2024-04-09 00:00:00-04:00,340.9710836968579,341.7399938039002,336.3764237222755,338.8988037109375,3022600,0.0,0.0
2024-04-10 00:00:00-04:00,329.94388267808097,331.9317743139974,327.0183041485486,328.71551513671875,4805200,0.0,0.0
2024-04-11 00:00:00-04:00,329.1656586623127,329.98144178905386,324.2428018200391,325.7243347167969,4104700,0.0,0.0
2024-04-12 00:00:00-04:00,324.5521821024818,324.5521821024818,320.2294592710444,321.50469970703125,3550300,0.0,0.0
2024-04-15 00:00:00-04:00,324.3646346464239,324.51463935434737,316.17861847470806,316.87249755859375,4209200,0.0,0.0
2024-04-16 00:00:00-04:00,315.8317146683135,317.0413101893666,312.21222828363426,313.9656982421875,4525500,0.0,0.0
2024-04-17 00:00:00-04:00,315.7941760153986,316.2348899792805,311.2557750979399,312.0903015136719,4273800,0.0,0.0
2024-04-18 00:00:00-04:00,314.7345720645944,315.95358208719637,310.6837581774259,312.1465759277344,3717300,0.0,0.0
2024-04-19 00:00:00-04:00,313.8531557585423,314.94087593224185,311.8558782009002,314.462646484375,3076600,0.0,0.0
2024-04-22 00:00:00-04:00,317.1444582729359,318.2978234391617,312.9154812793741,315.1659240722656,3112800,0.0,0.0
2024-04-23 00:00:00-04:00,316.9382284608914,318.9917654256971,315.3347915897206,317.87591552734375,3697400,0.0,0.0
2024-04-24 00:00:00-04:00,316.0661312931394,316.51620269242636,311.1432750519049,312.2591247558594,4029200,0.0,0.0
2024-04-25 00:00:00-04:00,309.17415322196626,312.165376987423,306.5298690617176,311.2933349609375,3787800,0.0,0.0
2024-04-26 00:00:00-04:00,310.37433700153247,314.9033517450166,310.36495097624726,314.20947265625,2465300,0.0,0.0
2024-04-29 00:00:00-04:00,314.1251630307436,316.3193473027771,313.32812331180634,315.81298828125,2427400,0.0,0.0
2024-04-30 00:00:00-04:00,314.80023758236246,316.41306014566084,312.118438250118,313.3937072753906,3089900,0.0,0.0
2024-05-01 00:00:00-04:00,312.25916859303635,314.4908683142473,308.90223298377265,311.2839660644531,3267500,0.0,0.0
2024-05-02 00:00:00-04:00,314.593940851398,315.06278428038667,310.3556065550759,314.6220703125,3213600,0.0,0.0
2024-05-03 00:00:00-04:00,320.01375622384234,325.2648081298212,319.1604577852268,321.4859313964844,4165100,0.0,0.0
2024-05-06 00:00:00-04:00,324.43968706221085,324.7960126843548,319.22614987152645,320.96087646484375,3366100,0.0,0.0
2024-05-07 00:00:00-04:00,322.18924376459427,324.00835874828215,319.16989062201355,319.4605712890625,2930700,0.0,0.0
2024-05-08 00:00:00-04:00,317.66952725369833,319.2260907476525,316.5911931762523,317.7164001464844,3123200,0.0,0.0
2024-05-09 00:00:00-04:00,318.11031910298135,326.3244664924823,317.7633794867837,325.78997802734375,3801400,0.0,0.0
2024-05-10 00:00:00-04:00,325.8086813498946,328.01225128191544,323.2206849719706,324.8428649902344,3413700,0.0,0.0
2024-05-13 00:00:00-04:00,326.3713284073048,327.05585020535983,319.188642696958,319.7137451171875,4055600,0.0,0.0
2024-05-14 00:00:00-04:00,314.17200429298845,322.7987357656336,312.24975747263903,319.28240966796875,5854300,0.0,0.0
2024-05-15 00:00:00-04:00,323.6707516568049,328.60299382230346,323.21129424087746,326.94329833984375,4151100,0.0,0.0
2024-05-16 00:00:00-04:00,326.31504329652876,326.5494650230349,321.3171846784288,321.3734436035156,3101600,0.0,0.0
2024-05-17 00:00:00-04:00,323.2769754822576,323.43636624546224,319.36680814714583,322.76123046875,2739000,0.0,0.0
2024-05-20 00:00:00-04:00,319.8731506641747,321.2046500950647,316.5068579809251,316.7694091796875,3237400,0.0,0.0
2024-05-21 00:00:00-04:00,317.87584343224756,317.87584343224756,311.6214595265087,315.20343017578125,4275100,0.0,0.0
2024-05-22 00:00:00-04:00,313.80635289401846,314.35958482191035,308.4333957734007,309.9899597167969,4024400,0.0,0.0
2024-05-23 00:00:00-04:00,310.35567499097175,310.37441843052886,305.6859831068049,306.5205383300781,4021100,0.0,0.0
2024-05-24 00:00:00-04:00,306.05166522472564,307.12999952179786,304.20442074103534,304.842041015625,2736900,0.0,0.0
2024-05-28 00:00:00-04:00,305.1140010924417,310.36502564797837,304.26070244818254,308.2177429199219,3807500,0.0,0.0
2024-05-29 00:00:00-04:00,306.1828932646934,306.42670100858754,303.5948683400706,305.6015319824219,3506200,0.0,0.0
2024-05-30 00:00:00-04:00,308.0564738689252,311.79551931638525,307.53714359172653,310.81353759765625,2921800,2.25,0.0
2024-05-31 00:00:00-04:00,311.6350788502652,316.46943622465915,309.7089199745895,316.1861572265625,5557800,0.0,0.0
2024-06-03 00:00:00-04:00,315.03416646181694,315.03416646181694,308.60412916607464,309.7088623046875,3712800,0.0,0.0
2024-06-04 00:00:00-04:00,308.6323954800242,311.38948775676374,306.96116239829996,309.9448547363281,4296800,0.0,0.0
2024-06-05 00:00:00-04:00,310.1715021123715,312.0221367965389,307.7354646373354,311.83331298828125,2422400,0.0,0.0
2024-06-06 00:00:00-04:00,311.3989499362805,313.32513714750775,309.7560416526577,312.6264343261719,2979400,0.0,0.0
2024-06-07 00:00:00-04:00,307.5560831334622,310.4736748152992,305.85649586029706,308.7835388183594,2583800,0.0,0.0
2024-06-10 00:00:00-04:00,308.7552241715078,314.23160500089637,308.2831213822547,314.0050048828125,2691000,0.0,0.0
2024-06-11 00:00:00-04:00,314.42046808466927,317.54578634812924,311.8900039658025,316.98870849609375,3250900,0.0,0.0
2024-06-12 00:00:00-04:00,327.66758124947427,330.93452369023515,323.91908485976427,324.9388427734375,4793000,0.0,0.0
2024-06-13 00:00:00-04:00,326.600647231431,329.2349884070062,323.9285585859631,328.4701843261719,3380800,0.0,0.0
2024-06-14 00:00:00-04:00,325.57151461132804,328.111429855543,322.62559789465837,327.4882507324219,2589000,0.0,0.0
2024-06-17 00:00:00-04:00,325.6470133262621,331.12339310499925,325.18433308745006,329.9997863769531,2680200,0.0,0.0
2024-06-18 00:00:00-04:00,333.2573845649902,336.5243279367337,332.4642264883908,334.12603759765625,3655000,0.0,0.0
2024-06-20 00:00:00-04:00,332.3602821805286,335.1173744726102,330.08474383622524,333.7199401855469,3661200,0.0,0.0
2024-06-21 00:00:00-04:00,335.04190445186117,336.3732377770577,332.40756281626534,335.9483337402344,6596400,0.0,0.0
2024-06-24 00:00:00-04:00,336.98693258678867,337.73286298976814,331.1517495920129,331.3028259277344,4278900,0.0,0.0
2024-06-25 00:00:00-04:00,326.98779604715753,327.62984885518915,315.865056693874,319.443603515625,4879600,0.0,0.0
2024-06-26 00:00:00-04:00,320.51998163432063,323.4753493736943,318.69767198791965,322.7483215332031,3365300,0.0,0.0
2024-06-27 00:00:00-04:00,323.70193837501324,325.52427677383787,319.5663427515529,322.43670654296875,2912600,0.0,0.0
2024-06-28 00:00:00-04:00,322.304525483442,326.0152458639097,321.7002201842514,325.03326416015625,6344000,0.0,0.0
2024-07-01 00:00:00-04:00,324.7311838385905,325.4204354451884,316.6771116892684,317.4324645996094,2643600,0.0,0.0
2024-07-02 00:00:00-04:00,316.3088425905385,318.03672597749244,313.97665385227634,316.280517578125,2995900,0.0,0.0
2024-07-03 00:00:00-04:00,318.1972665346836,320.6899829879309,314.93032343901825,315.0247497558594,1733000,0.0,0.0
2024-07-05 00:00:00-04:00,314.1465719499113,317.17749204396563,313.13629406675534,315.9122314453125,3437500,0.0,0.0
2024-07-08 00:00:00-04:00,317.139745575814,321.74747299169235,316.30884013165695,320.6521911621094,3534500,0.0,0.0
2024-07-09 00:00:00-04:00,320.03843307936376,320.3311344492937,316.8470142047859,318.2821960449219,2254300,0.0,0.0
2024-07-10 00:00:00-04:00,319.7457761366325,325.08053164529304,318.7826680496197,324.9766540527344,3263100,0.0,0.0
2024-07-11 00:00:00-04:00,331.2084082630601,334.3715024904338,325.75090155767396,334.05047607421875,4146900,0.0,0.0
2024-07-12 00:00:00-04:00,335.1929579267624,343.6436088145242,334.33372745006767,339.6968078613281,4019900,0.0,0.0
2024-07-15 00:00:00-04:00,339.10195097459314,341.0281092994869,335.2212516848567,338.4598693847656,2884000,0.0,0.0
2024-07-16 00:00:00-04:00,339.9706167753746,348.8083948946759,339.4418640211705,348.5251159667969,3210400,0.0,0.0
2024-07-17 00:00:00-04:00,346.18348555939593,354.2564302937517,345.0315538059164,351.14056396484375,3991100,0.0,0.0
2024-07-18 00:00:00-04:00,349.2615650787345,354.77572105246117,345.3714435148279,345.6546936035156,2395000,0.0,0.0
2024-07-19 00:00:00-04:00,345.98517375848064,347.0899067420948,341.7551520574827,343.0864562988281,2474500,0.0,0.0
2024-07-22 00:00:00-04:00,344.16289233045586,346.78778237313884,340.9336969584447,342.9826354980469,4049300,0.0,0.0
2024-07-23 00:00:00-04:00,345.04100740653007,345.04100740653007,339.3285756830201,339.55517578125,2535700,0.0,0.0
2024-07-24 00:00:00-04:00,338.90369577939776,341.28311223944365,330.47194701818756,330.7646484375,3508100,0.0,0.0
2024-07-25 00:00:00-04:00,330.66077760360594,338.8092468635687,329.8392946141748,333.578369140625,3297600,0.0,0.0
2024-07-26 00:00:00-04:00,335.2023997637457,341.49081177626397,335.2023997637457,339.4513244628906,2439000,0.0,0.0
2024-07-29 00:00:00-04:00,339.1680176335331,342.64271544547637,338.9225438207677,341.49078369140625,2142100,0.0,0.0
2024-07-30 00:00:00-04:00,342.57664762913305,344.34230730995785,339.2152783425128,343.3981018066406,2788800,0.0,0.0
2024-07-31 00:00:00-04:00,344.6350204291874,351.7071106687443,342.784385647922,347.61871337890625,3526100,0.0,0.0
2024-08-01 00:00:00-04:00,349.346568908221,350.7534546376623,334.0126814592983,338.57318115234375,3759000,0.0,0.0
2024-08-02 00:00:00-04:00,335.1268047860869,335.731110053529,327.39376050688475,335.5989074707031,3764600,0.0,0.0
2024-08-05 00:00:00-04:00,331.30283847185433,334.1921050666198,325.97750549178255,330.48138427734375,3827900,0.0,0.0
2024-08-06 00:00:00-04:00,329.29168377249727,338.6487641799169,327.90370046894753,334.1637878417969,2831100,0.0,0.0
2024-08-07 00:00:00-04:00,335.362904686041,336.39208522973746,323.18265942232125,323.29595947265625,3429100,0.0,0.0
2024-08-08 00:00:00-04:00,323.1448816920853,329.28221745334486,322.2951025034993,328.904541015625,3591100,0.0,0.0
2024-08-09 00:00:00-04:00,328.4796510812755,331.9165439695475,326.128559893409,329.18780517578125,2314800,0.0,0.0
2024-08-12 00:00:00-04:00,331.19896797832644,331.8882483981382,323.04104706971015,326.5157165527344,3830200,0.0,0.0
2024-08-13 00:00:00-04:00,322.79555811188635,333.6728248716527,320.43504415393255,330.5380554199219,6388600,0.0,0.0
2024-08-14 00:00:00-04:00,330.04702100299806,339.6212786042478,329.9053959409694,335.8161315917969,4814800,0.0,0.0
2024-08-15 00:00:00-04:00,342.23673884130426,345.02215676625485,338.1577927257907,339.9801025390625,3575800,0.0,0.0
2024-08-16 00:00:00-04:00,339.8856229379276,343.40751949418024,339.8856229379276,341.8590087890625,3308300,0.0,0.0
2024-08-19 00:00:00-04:00,342.27447907797193,344.34229133952175,341.8968026571345,342.81268310546875,3634900,0.0,0.0
2024-08-20 00:00:00-04:00,340.5277448678479,347.1277616251621,340.38611979040945,346.77838134765625,3459400,0.0,0.0
2024-08-21 00:00:00-04:00,348.8366858899673,352.0658521229101,347.9585529955218,349.7903137207031,4587600,0.0,0.0
2024-08-22 00:00:00-04:00,350.77231923746814,351.67874838725527,344.26672995668065,344.9748840332031,4097300,0.0,0.0
2024-08-23 00:00:00-04:00,346.20240671769415,355.32343569091677,344.8144234214458,354.6341552734375,3426200,0.0,0.0
2024-08-26 00:00:00-04:00,356.0409857327282,357.45729393686764,352.5379915093186,353.2366943359375,2452100,0.0,0.0
2024-08-27 00:00:00-04:00,352.6513134690684,353.3972439044294,350.3002509248581,352.3586120605469,1780300,0.0,0.0
2024-08-28 00:00:00-04:00,352.18869753181747,354.46423654201914,349.5449333122179,351.89599609375,2218300,0.0,0.0
2024-08-29 00:00:00-04:00,353.9572772336623,354.6317557879081,348.5616227389773,348.68511962890625,2698400,2.25,0.0
2024-08-30 00:00:00-04:00,350.75595559547764,351.8673985289584,346.61422970224794,350.0530090332031,3216700,0.0,0.0
2024-09-03 00:00:00-04:00,349.48307743634825,350.88899970523283,344.73337529943166,346.48126220703125,3598100,0.0,0.0
2024-09-04 00:00:00-04:00,345.9397942235187,347.61166954674,341.9880388406588,346.4147644042969,3221300,0.0,0.0
2024-09-05 00:00:00-04:00,346.6332687267155,346.870753842175,339.6796975884895,343.7359619140625,2789200,0.0,0.0
2024-09-06 00:00:00-04:00,344.7523848101412,347.1462241962729,341.4275933900181,342.0260314941406,2228800,0.0,0.0
2024-09-09 00:00:00-04:00,344.600413028541,347.830204817829,342.0070651177034,347.22222900390625,2747600,0.0,0.0
2024-09-10 00:00:00-04:00,347.3932670029147,352.9599046510317,344.3344573051448,352.304443359375,2787400,0.0,0.0
2024-09-11 00:00:00-04:00,351.0505045274828,352.62740925580187,344.01147084638825,351.9434509277344,2937700,0.0,0.0
2024-09-12 00:00:00-04:00,353.32087566818257,356.21818262821773,352.0099531257801,355.68621826171875,2367700,0.0,0.0
2024-09-13 00:00:00-04:00,356.7596055613626,362.87722390662276,356.71212013847855,360.96783447265625,2514700,0.0,0.0
2024-09-16 00:00:00-04:00,362.87727110339085,364.77715210393217,360.530916908127,362.88677978515625,2877800,0.0,0.0
2024-09-17 00:00:00-04:00,364.23572785482725,368.5199693617347,362.5733317566563,364.05523681640625,2947600,0.0,0.0
2024-09-18 00:00:00-04:00,364.86260356995535,373.01310840976674,361.9937940076474,364.78662109375,3549400,0.0,0.0
2024-09-19 00:00:00-04:00,371.27471386694015,372.25315134941354,367.63645477867937,370.79974365234375,3753500,0.0,0.0
2024-09-20 00:00:00-04:00,368.8904031449031,372.2151950890011,367.6269949616953,370.34381103515625,6584200,0.0,0.0
2024-09-23 00:00:00-04:00,371.26521620921255,372.99411479924817,367.873950808613,372.3386535644531,2502300,0.0,0.0
2024-09-24 00:00:00-04:00,374.9415724985396,381.03066633222136,373.9251290824773,380.60321044921875,4057700,0.0,0.0
2024-09-25 00:00:00-04:00,380.6031331832235,380.6031331832235,375.81542533633495,377.0598449707031,2787300,0.0,0.0
2024-09-26 00:00:00-04:00,379.5011911625035,379.9761613642088,375.6919208680656,376.84136962890625,2849500,0.0,0.0
2024-09-27 00:00:00-04:00,379.6436512884186,383.3389331281595,378.3707347109154,379.5296630859375,2452300,0.0,0.0
2024-09-30 00:00:00-04:00,380.16616102031327,385.02034256633624,379.0452093120402,384.9158630371094,3442000,0.0,0.0
2024-10-01 00:00:00-04:00,383.7948907860627,390.0075088086657,381.3155603811449,388.5730895996094,3476200,0.0,0.0
2024-10-02 00:00:00-04:00,387.29073021121485,390.86248656381366,384.6878736842473,390.6725158691406,3431300,0.0,0.0
2024-10-03 00:00:00-04:00,388.5256373838639,392.2969020652536,386.4357568337683,390.9764709472656,3320700,0.0,0.0
2024-10-04 00:00:00-04:00,389.5420519514953,391.2044475881899,379.45368992604915,387.9176330566406,3989000,0.0,0.0
2024-10-07 00:00:00-04:00,384.6213954940609,389.29508618597464,381.1540897247569,387.6326904296875,3267800,0.0,0.0
2024-10-08 00:00:00-04:00,389.28557586633156,394.5007685300802,387.9936707991693,393.4463195800781,3693900,0.0,0.0
2024-10-09 00:00:00-04:00,398.97501955070135,399.0035166067882,390.18806971535855,395.24176025390625,3627800,0.0,0.0
2024-10-10 00:00:00-04:00,389.20955411458425,393.7312793731518,387.224182298837,389.4375305175781,3040800,0.0,0.0
2024-10-11 00:00:00-04:00,390.00750942978107,392.4583717775007,388.37361086126094,391.2804260253906,2717400,0.0,0.0
2024-10-14 00:00:00-04:00,390.88153017967016,395.57423860251583,390.7105188561323,394.6242980957031,2088700,0.0,0.0
2024-10-15 00:00:00-04:00,397.0276283674768,400.45689952601487,394.24428077674884,394.7762451171875,3693000,0.0,0.0
2024-10-16 00:00:00-04:00,393.1518629221341,397.77806843433086,393.1518629221341,397.6545715332031,2429000,0.0,0.0
2024-10-17 00:00:00-04:00,397.65458935377575,398.02508007376207,393.8073418225248,394.7952880859375,2013800,0.0,0.0
2024-10-18 00:00:00-04:00,395.79270732134626,395.8022160032001,392.5534067065062,394.2253112792969,2436600,0.0,0.0
2024-10-21 00:00:00-04:00,395.241754118232,395.70721569038585,384.1274385787601,386.0558166503906,3699500,0.0,0.0
2024-10-22 00:00:00-04:00,378.55127518820314,382.77852185212976,376.3759034068429,381.73358154296875,4486700,0.0,0.0
2024-10-23 00:00:00-04:00,380.5081758782898,384.041955804848,376.8319106703955,379.6342468261719,3159000,0.0,0.0
2024-10-24 00:00:00-04:00,382.15154148301735,383.9659311725684,378.1617801042302,382.5220031738281,2550300,0.0,0.0
2024-10-25 00:00:00-04:00,383.31997713658996,383.31997713658996,377.9148134145195,378.9407653808594,1941400,0.0,0.0
2024-10-28 00:00:00-04:00,383.2534914397633,385.5238340718697,381.82858074509056,382.7215270996094,2586500,0.0,0.0
2024-10-29 00:00:00-04:00,374.2195618671285,379.1307380043805,369.57433891967145,375.2929992675781,3822700,0.0,0.0
2024-10-30 00:00:00-04:00,375.22646816090224,377.78181022528975,372.3196527773779,372.87060546875,2795600,0.0,0.0
2024-10-31 00:00:00-04:00,370.95175595238095,375.8629609698341,370.95175595238095,374.0390625,2518600,0.0,0.0
2024-11-01 00:00:00-04:00,375.0364941564769,378.75076495413833,372.3861810599697,372.9371337890625,3277800,0.0,0.0
2024-11-04 00:00:00-05:00,372.32919484244604,380.4321862408111,371.49324255447436,375.7679748535156,2690500,0.0,0.0
2024-11-05 00:00:00-05:00,375.19798549753074,380.194681605236,374.14353650979825,380.0616760253906,2496500,0.0,0.0
2024-11-06 00:00:00-05:00,374.314550457999,374.314550457999,362.611276924346,368.9283752441406,7133400,0.0,0.0
2024-11-07 00:00:00-05:00,371.42671418803025,379.7482017673171,371.2367145029788,379.4442138671875,4323100,0.0,0.0
2024-11-08 00:00:00-05:00,383.77592954747445,386.055780756711,382.16101923807975,385.580810546875,3448700,0.0,0.0
2024-11-11 00:00:00-05:00,387.35723917790216,390.9955276392835,385.51435223195693,387.8512268066406,4071500,0.0,0.0
2024-11-12 00:00:00-05:00,393.512793583495,395.1941775820035,382.0565151769957,382.9019470214844,5647100,0.0,0.0
2024-11-13 00:00:00-05:00,388.64919323640333,392.07846480714005,386.3598329651031,389.6561279296875,3083100,0.0,0.0
2024-11-14 00:00:00-05:00,387.57568351078214,390.90047491344814,384.1464125791749,385.4098205566406,3348100,0.0,0.0
2024-11-15 00:00:00-05:00,382.73101945001514,388.44017109893076,382.73101945001514,387.7467041015625,3239500,0.0,0.0
2024-11-18 00:00:00-05:00,385.2008466166784,391.88843540013727,383.7284505375241,389.8935546875,3394300,0.0,0.0
2024-11-19 00:00:00-05:00,387.9366826318607,388.67763501757844,379.36820128510175,386.4357604980469,3239400,0.0,0.0
2024-11-20 00:00:00-05:00,385.67580825805663,386.34077814410904,379.9001832938776,379.9761657714844,4732200,0.0,0.0
2024-11-21 00:00:00-05:00,381.2395649241592,390.79599194233816,380.33713894531246,389.9030456542969,3722200,0.0,0.0
2024-11-22 00:00:00-05:00,391.4609434002833,399.107981159609,390.378026398431,398.9749755859375,4932500,0.0,0.0
2024-11-25 00:00:00-05:00,403.7247042161414,408.71189173881135,403.21172823949956,407.21099853515625,4544200,0.0,0.0
2024-11-26 00:00:00-05:00,407.14447314039404,417.3753211111246,403.4397112700655,408.0184020996094,2758600,0.0,0.0
2024-11-27 00:00:00-05:00,409.288520063449,410.7209343689843,406.767456897286,407.9420471191406,2293500,2.25,0.0
2024-11-29 00:00:00-05:00,409.25029229802067,411.58035510846037,408.2762611136731,409.79461669921875,2028700,0.0,0.0
2024-12-02 00:00:00-05:00,409.6704731203931,411.00738725078565,404.09361050322525,407.7223815917969,2617100,0.0,0.0
2024-12-03 00:00:00-05:00,410.3676131808146,411.2747914287838,404.24642583980807,410.0047302246094,2714000,0.0,0.0
2024-12-04 00:00:00-05:00,407.19721752657597,409.5081630930837,406.328215964775,408.6391906738281,1968800,0.0,0.0
2024-12-05 00:00:00-05:00,407.378644339883,410.396267381517,406.6910842906177,407.32135009765625,2523500,0.0,0.0
2024-12-06 00:00:00-05:00,409.3840345865526,416.1163704024837,407.7701787474492,411.9337158203125,3161400,0.0,0.0
2024-12-09 00:00:00-05:00,412.86949696398966,416.69879751124296,408.7441373579951,409.8423156738281,3426000,0.0,0.0
2024-12-10 00:00:00-05:00,407.6650871429016,408.05661719919686,402.4224603466762,403.5492858886719,3354900,0.0,0.0
2024-12-11 00:00:00-05:00,406.07033441014903,408.71551545577927,402.2792103557571,402.393798828125,4211200,0.0,0.0
2024-12-12 00:00:00-05:00,402.4415972507971,403.70212892906807,394.56331797542197,395.7474670410156,3673600,0.0,0.0
2024-12-13 00:00:00-05:00,397.0365758126904,399.29981483301486,395.5182201876285,398.19207763671875,2649500,0.0,0.0
2024-12-16 00:00:00-05:00,399.0228650821426,399.6244837244391,392.18547096099536,392.2045593261719,2879600,0.0,0.0
2024-12-17 00:00:00-05:00,391.52658268797796,391.9085540133111,387.92645850433365,390.0655212402344,3726500,0.0,0.0
2024-12-18 00:00:00-05:00,388.661731537377,392.2045612742801,375.655414864707,376.0755920410156,4225500,0.0,0.0
2024-12-19 00:00:00-05:00,376.9541343666708,377.33613482382975,367.54797053126777,367.6720886230469,4576100,0.0,0.0
2024-12-20 00:00:00-05:00,366.0963905521059,375.5694352775072,365.7908018836163,374.9105224609375,8046400,0.0,0.0
2024-12-23 00:00:00-05:00,373.4781553054601,375.52171785494465,369.591530902988,374.767333984375,2433800,0.0,0.0
2024-12-24 00:00:00-05:00,374.4617464850608,378.29107666015625,372.90518496822517,378.29107666015625,1392600,0.0,0.0
2024-12-26 00:00:00-05:00,374.8341762477719,377.94729942432224,373.97473346712667,377.3361511230469,1319500,0.0,0.0
2024-12-27 00:00:00-05:00,374.47125217748015,377.6511986120934,373.7359276319175,375.1587829589844,1942700,0.0,0.0
2024-12-30 00:00:00-05:00,372.9338353123301,373.5831894652916,368.3023565959038,371.8833923339844,2444700,0.0,0.0
2024-12-31 00:00:00-05:00,372.43722552444615,373.82187500512407,369.84930972912355,371.4631652832031,2179700,0.0,0.0
2025-01-02 00:00:00-05:00,374.4617453761999,374.9774226764104,368.9708239748738,370.95709228515625,2415700,0.0,0.0
2025-01-03 00:00:00-05:00,372.2558307359425,373.3922150648131,368.42650056172073,371.6446533203125,2231600,0.0,0.0
2025-01-06 00:00:00-05:00,372.9052009753837,376.23794235759044,370.5464908560092,371.82611083984375,3274500,0.0,0.0
2025-01-07 00:00:00-05:00,373.2871154012432,374.2420581518949,365.8385736031759,366.91766357421875,2274300,0.0,0.0
2025-01-08 00:00:00-05:00,365.7430739996075,370.22175783768995,362.9737458474396,369.75384521484375,2848500,0.0,0.0
2025-01-10 00:00:00-05:00,371.386807918017,375.20657911876685,367.29009514530105,372.3226623535156,5323400,0.0,0.0
2025-01-13 00:00:00-05:00,372.41815470147077,378.02366459759867,370.2313565461188,371.6446533203125,3512900,0.0,0.0
2025-01-14 00:00:00-05:00,372.99113128394447,376.43849019126,372.07439429065306,375.08245849609375,3405200,0.0,0.0
2025-01-15 00:00:00-05:00,388.3274902548724,389.61666888483796,383.6578350392715,387.792724609375,4584800,0.0,0.0
2025-01-16 00:00:00-05:00,387.964565859482,391.63154238351365,385.72047379599474,390.8866882324219,2305900,0.0,0.0
2025-01-17 00:00:00-05:00,394.85927958530493,395.7760456339685,390.12277157070633,390.9344787597656,3229000,0.0,0.0
2025-01-21 00:00:00-05:00,394.3913886209392,401.2860770162854,394.3913886209392,399.57672119140625,3568100,0.0,0.0
2025-01-22 00:00:00-05:00,398.7363460183702,398.7363460183702,390.88671520330524,391.6220397949219,3581400,0.0,0.0
2025-01-23 00:00:00-05:00,393.0258650036332,396.005282254448,390.3329189721102,395.71881103515625,3840300,0.0,0.0
2025-01-24 00:00:00-05:00,395.43226145790715,396.3108216586317,392.2523147493637,395.82379150390625,2369800,0.0,0.0
2025-01-27 00:00:00-05:00,396.20575135393653,406.9870634391066,395.3463086853027,405.7265319824219,3699200,0.0,0.0
2025-01-28 00:00:00-05:00,404.17001127373373,404.17001127373373,397.92470588192106,399.9587097167969,2818300,0.0,0.0
2025-01-29 00:00:00-05:00,401.2860801028969,402.38425853686465,393.2359189817377,394.79248046875,2384900,0.0,0.0
2025-01-30 00:00:00-05:00,397.6477357531764,398.5167372002658,392.97805146209276,395.82379150390625,3081300,0.0,0.0
2025-01-31 00:00:00-05:00,394.5537733055904,397.61913187402223,391.83218019490664,393.4173889160156,2761000,0.0,0.0
2025-02-03 00:00:00-05:00,387.82140502290275,393.3409738069286,382.9416608031739,390.34246826171875,2896200,0.0,0.0
2025-02-04 00:00:00-05:00,391.0586337703504,393.9902860061496,387.7927165848547,392.94940185546875,2150800,0.0,0.0
2025-02-05 00:00:00-05:00,396.44453019988754,396.44453019988754,389.7504004382095,395.1744689941406,2212100,0.0,0.0
2025-02-06 00:00:00-05:00,396.2153526656936,398.96559281476397,394.3914082731845,395.4991455078125,2023700,0.0,0.0
2025-02-07 00:00:00-05:00,394.58237802977203,395.6232621883938,388.1842495898477,389.0150451660156,2530200,0.0,0.0
2025-02-10 00:00:00-05:00,392.1376961296901,396.2534969592768,390.3710462529615,395.33673095703125,2617600,0.0,0.0
2025-02-11 00:00:00-05:00,395.34629419133984,397.80050402630235,394.14305701384046,397.5999450683594,1441800,0.0,0.0
2025-02-12 00:00:00-05:00,390.1705315480723,391.1923273779493,384.00160898050046,388.7954406738281,3387000,0.0,0.0
2025-02-13 00:00:00-05:00,390.29468781417677,394.3723124740888,389.1296563602795,393.8470764160156,3067900,0.0,0.0
2025-02-14 00:00:00-05:00,396.3012885348701,399.1661171266884,390.1514541596966,391.0491027832031,3004400,0.0,0.0
2025-02-18 00:00:00-05:00,389.9127147629048,390.4474804302592,382.18723056366906,385.13800048828125,3994000,0.0,0.0
2025-02-19 00:00:00-05:00,379.3224235944976,380.6784553484114,375.2352691084315,377.6130676269531,3780000,0.0,0.0
2025-02-20 00:00:00-05:00,375.2925223894032,376.9732310519258,373.47813688829353,376.858642578125,2703500,0.0,0.0
2025-02-21 00:00:00-05:00,378.53938694057484,379.89541877876485,366.6025998325689,367.93951416015625,5287000,0.0,0.0
2025-02-24 00:00:00-05:00,368.6938940791645,369.1331596452878,361.15940988889423,365.18927001953125,5722000,0.0,0.0
2025-02-25 00:00:00-05:00,367.65300399376844,382.94164862831803,366.87950260248374,375.5694885253906,6823900,0.0,0.0
2025-02-26 00:00:00-05:00,377.4315858266186,380.89803287987814,371.0525748681494,372.8860778808594,3871500,0.0,0.0
2025-02-27 00:00:00-05:00,372.34175093757176,377.6512305783389,370.8329249925634,372.6855163574219,2825100,0.0,0.0
2025-02-28 00:00:00-05:00,376.648608574775,378.9882013006782,372.6951308005066,378.7303771972656,4263500,0.0,0.0
2025-03-03 00:00:00-05:00,379.0645777997893,379.1791662795372,369.0567661920202,372.1316833496094,3397600,0.0,0.0
2025-03-04 00:00:00-05:00,368.75117010331786,370.4796143041859,361.8278345458771,364.4825744628906,4384800,0.0,0.0
2025-03-05 00:00:00-05:00,361.9233634786073,369.67749525761093,360.9779793217842,368.94219970703125,2780300,0.0,0.0
2025-03-06 00:00:00-05:00,366.2206034378623,370.28866953178243,363.5754220868762,364.5303649902344,4222000,0.0,0.0
2025-03-07 00:00:00-05:00,362.40080604312857,363.49898447535685,352.27840615913345,359.82244873046875,4573900,0.0,0.0
2025-03-10 00:00:00-04:00,360.43361622444854,365.85768438632294,355.8212261363351,357.7693176269531,3710500,0.0,0.0
2025-03-11 00:00:00-04:00,357.3587289169278,358.0367302078822,349.2512731187968,351.57177734375,4013300,0.0,0.0
2025-03-12 00:00:00-04:00,355.210071657431,355.2387187755016,345.4505551533271,348.2962951660156,3368000,0.0,0.0
2025-03-13 00:00:00-04:00,347.79665319015703,347.8831399542724,331.7959566240563,333.7083435058594,7062400,2.3,0.0
2025-03-14 00:00:00-04:00,336.9756893473671,337.6868514958381,331.94966252744206,337.6099548339844,5510700,0.0,0.0
2025-03-17 00:00:00-04:00,338.04240452473243,341.6845845619482,337.2735845740471,340.3199768066406,3681300,0.0,0.0
2025-03-18 00:00:00-04:00,339.7433686110332,340.08934492013736,334.0350087944141,335.93780517578125,3008200,0.0,0.0
2025-03-19 00:00:00-04:00,338.27302774481393,340.6082578011612,335.3803995716337,339.6376647949219,2990200,0.0,0.0
2025-03-20 00:00:00-04:00,340.85814216618854,347.6620302176503,338.4652541810212,341.65576171875,3391200,0.0,0.0
2025-03-21 00:00:00-04:00,338.35955246753116,339.60887399989895,332.7761272233881,337.4562072753906,8205400,0.0,0.0
2025-03-24 00:00:00-04:00,340.79090370998256,350.2183414727097,340.46416618575034,349.5840759277344,4023200,0.0,0.0
2025-03-25 00:00:00-04:00,347.4313948723554,349.4687164312136,344.55800544052073,346.9124450683594,2799500,0.0,0.0
2025-03-26 00:00:00-04:00,346.335920634567,350.50667056142134,346.07643102846345,348.008056640625,3140900,0.0,0.0
2025-03-27 00:00:00-04:00,347.7869458910207,350.96786316436925,347.06619371136503,348.5845947265625,3036600,0.0,0.0
2025-03-28 00:00:00-04:00,348.997862079119,349.03631041181484,342.28046031914835,344.1832275390625,2980200,0.0,0.0
2025-03-31 00:00:00-04:00,339.71454838912746,354.3602242022121,338.89769000275174,352.1979675292969,4498800,0.0,0.0
2025-04-01 00:00:00-04:00,349.93964859261445,352.96680219524404,347.8062207467402,351.26580810546875,2801600,0.0,0.0
2025-04-02 00:00:00-04:00,348.42125058509805,357.79102997631645,348.13296141174675,356.4264221191406,3189500,0.0,0.0
2025-04-03 00:00:00-04:00,341.90561302541585,345.9994947933839,337.9943241559474,342.0305480957031,5407100,0.0,0.0
2025-04-04 00:00:00-04:00,337.0333664754429,351.18895175074385,335.4285078290404,340.0989685058594,7531100,0.0,0.0
2025-04-07 00:00:00-04:00,330.87334665014674,340.4065100484055,320.49452518184904,328.1921691894531,6950500,0.0,0.0
2025-04-08 00:00:00-04:00,336.7162569017452,340.19508328702835,316.88113966340995,322.1666564941406,4868000,0.0,0.0
2025-04-09 00:00:00-04:00,315.7855759694516,342.1554993249397,313.58487099714154,341.5308532714844,6793000,0.0,0.0
2025-04-10 00:00:00-04:00,339.08993322637644,341.4347830226548,326.414300607002,339.82989501953125,5574800,0.0,0.0
2025-04-11 00:00:00-04:00,336.64896734958444,340.646743452978,330.77725294388705,340.0605163574219,3576400,0.0,0.0
2025-04-14 00:00:00-04:00,343.8468114080296,345.01923606975265,339.81061699450106,343.2702331542969,2841800,0.0,0.0
2025-04-15 00:00:00-04:00,342.65518903266076,347.3448878408554,339.54154904549057,340.30072021484375,2883100,0.0,0.0
2025-04-16 00:00:00-04:00,338.11927920866435,340.00283680570834,330.892547479967,332.4974060058594,2637200,0.0,0.0
2025-04-17 00:00:00-04:00,334.957575835788,343.558564209222,334.7846023385584,341.2137145996094,3232400,0.0,0.0
2025-04-21 00:00:00-04:00,340.4737436073095,340.54099152497014,328.4707968106564,333.3719177246094,4015200,0.0,0.0
2025-04-22 00:00:00-04:00,337.46580720627406,342.32847989896396,336.7546743917056,340.6082763671875,2802400,0.0,0.0
2025-04-23 00:00:00-04:00,347.8062072444272,350.61231948890185,341.011909218911,342.52069091796875,3283300,0.0,0.0
2025-04-24 00:00:00-04:00,342.59751873703186,346.34542401620473,340.78120925896366,345.6150817871094,2749500,0.0,0.0
2025-04-25 00:00:00-04:00,343.75078200585745,345.0000741645964,340.90619203344727,343.63543701171875,2811300,0.0,0.0
2025-04-28 00:00:00-04:00,344.0294410662529,346.0571725668631,340.68516952725895,343.0011901855469,2413000,0.0,0.0
2025-04-29 00:00:00-04:00,342.01135592065066,346.5184328008007,340.89658897293833,345.00006103515625,2836900,0.0,0.0
2025-04-30 00:00:00-04:00,342.5975533958161,347.18152693244696,338.6382259143262,346.43194580078125,3741500,0.0,0.0
2025-05-01 00:00:00-04:00,346.2589874691235,348.728772209769,343.76999322643417,344.3273620605469,3210100,0.0,0.0
2025-05-02 00:00:00-04:00,347.9599295468465,351.9481151861726,347.07582327068155,350.3047790527344,2283300,0.0,0.0
2025-05-05 00:00:00-04:00,348.0080525958742,350.0549938636301,345.7016510525174,347.6236572265625,2563500,0.0,0.0
2025-05-06 00:00:00-04:00,344.69255105757156,348.1425483288535,343.2030081296798,345.3652648925781,2299700,0.0,0.0
2025-05-07 00:00:00-04:00,346.4223849844755,349.59368327236655,345.7304616254375,348.6038513183594,2657200,0.0,0.0
2025-05-08 00:00:00-04:00,349.8147016963988,354.90800572390526,348.1329464931206,350.63153076171875,3035800,0.0,0.0
2025-05-09 00:00:00-04:00,348.0079998504418,351.3138523149506,347.40256330498204,348.56536865234375,1970700,0.0,0.0
2025-05-12 00:00:00-04:00,360.37612252930506,363.95105483789513,358.91540853721386,361.90411376953125,3831400,0.0,0.0
2025-05-13 00:00:00-04:00,366.1421165034665,366.1421165034665,358.4060546442942,359.03070068359375,2726800,0.0,0.0
2025-05-14 00:00:00-04:00,357.39699867059704,361.13531430101676,356.36871845412094,358.2715148925781,2587400,0.0,0.0
2025-05-15 00:00:00-04:00,357.5892147023516,364.53724747775135,357.0318165505938,363.86456298828125,2830500,0.0,0.0
2025-05-16 00:00:00-04:00,365.4021851729724,366.3055303488747,363.4032824881095,365.93072509765625,3129100,0.0,0.0
2025-05-19 00:00:00-04:00,359.5977492732853,366.2959419963508,359.56892035363023,364.5853576660156,4428200,0.0,0.0
2025-05-20 00:00:00-04:00,371.3027156764133,374.55091043234194,359.4631519565435,362.3461608886719,6287400,0.0,0.0
2025-05-21 00:00:00-04:00,363.23990147837094,363.57622904506957,354.22568921722916,356.3783264160156,3966000,0.0,0.0
2025-05-22 00:00:00-04:00,353.6490911158033,354.83113532063317,350.3528579844883,351.8520202636719,2957300,0.0,0.0
2025-05-23 00:00:00-04:00,348.24825058578415,350.4969939492903,347.0662064100063,348.56536865234375,3115000,0.0,0.0
2025-05-27 00:00:00-04:00,351.6213716373405,356.0996194256755,350.9198289495203,355.9554748535156,3998500,0.0,0.0
2025-05-28 00:00:00-04:00,354.43712824576755,356.6762522984903,353.1013200183721,353.7067565917969,2986100,0.0,0.0
2025-05-29 00:00:00-04:00,355.5711022928413,355.90745920104746,349.86274225037374,353.92779541015625,3034800,0.0,0.0
2025-05-30 00:00:00-04:00,352.73613177329685,355.22515529753224,350.8814030620951,353.92779541015625,4110400,0.0,0.0
2025-06-02 00:00:00-04:00,350.91024064630886,353.687553401905,347.7293230528826,353.61065673828125,2506900,0.0,0.0
2025-06-03 00:00:00-04:00,353.61067492384046,358.9730883792368,352.6881202052992,358.531005859375,3359500,0.0,0.0
2025-06-04 00:00:00-04:00,358.5309774265715,360.7316824535805,357.1663696238725,357.87750244140625,2428800,0.0,0.0
2025-06-05 00:00:00-04:00,358.73811402828727,359.2892969654424,355.3730592745836,357.0845947265625,2324100,2.3,0.0
2025-06-06 00:00:00-04:00,359.24098409399494,360.3433205324662,353.8839329533744,355.1990051269531,2349700,0.0,0.0
2025-06-09 00:00:00-04:00,355.1893258969253,355.2183339715843,352.3270581517876,353.13934326171875,2619700,0.0,0.0
2025-06-10 00:00:00-04:00,353.85491481155464,356.3787059742451,350.5768546469656,355.7598571777344,3014900,0.0,0.0
2025-06-11 00:00:00-04:00,356.94921372547765,356.94921372547765,347.4438316701904,348.55584716796875,3793500,0.0,0.0
2025-06-12 00:00:00-04:00,348.89431990504414,353.01364370433885,346.6702887466852,351.1667175292969,2921900,0.0,0.0
2025-06-13 00:00:00-04:00,348.1110620927645,350.8089310867107,341.148829047013,342.9474182128906,3364400,0.0,0.0
2025-06-16 00:00:00-04:00,344.12714815158745,345.31650879333654,340.2785761285875,341.8837585449219,3688600,0.0,0.0
2025-06-17 00:00:00-04:00,340.31727253461975,342.5896702786679,335.93687582364305,337.2616271972656,4230100,0.0,0.0
2025-06-18 00:00:00-04:00,338.5186902661872,339.31161707163284,334.38003728206587,335.5694274902344,4453900,0.0,0.0
2025-06-20 00:00:00-04:00,336.01419071560736,339.6113395105771,335.36633388037137,338.0738525390625,8056500,0.0,0.0
2025-06-23 00:00:00-04:00,338.41236061174175,345.2778914214332,337.0102345661215,345.1715087890625,3862400,0.0,0.0
2025-06-24 00:00:00-04:00,344.8910549416785,349.7645886655491,344.03043285555697,348.5172119140625,4089600,0.0,0.0
2025-06-25 00:00:00-04:00,347.2601045162967,351.59216372909214,346.50586509408674,349.90960693359375,4159600,0.0,0.0
2025-06-26 00:00:00-04:00,351.224701030144,353.16833044654925,348.6912309606489,351.4954528808594,3187900,0.0,0.0
2025-06-27 00:00:00-04:00,351.60185128420045,357.92587758833434,351.01201055510643,356.56243896484375,5503700,0.0,0.0
2025-06-30 00:00:00-04:00,357.0845984836706,358.69946004204405,352.6751939595168,354.53179931640625,4600700,0.0,0.0
2025-07-01 00:00:00-04:00,352.3077282567881,367.15080294914793,350.9636481218092,360.8364562988281,5152600,0.0,0.0
2025-07-02 00:00:00-04:00,361.3102762155556,361.61971536072656,357.171623555552,359.5697326660156,3011400,0.0,0.0
2025-07-03 00:00:00-04:00,359.53101544168925,360.85576662876554,356.1659314152286,359.4053039550781,2573600,0.0,0.0
2025-07-07 00:00:00-04:00,358.7477710315114,360.478664766331,352.68484762707243,355.4987487792969,3433100,0.0,0.0
2025-07-08 00:00:00-04:00,353.9322389363761,358.16759487664467,353.0522879958862,355.3633728027344,2531700,0.0,0.0
2025-07-09 00:00:00-04:00,355.3730776284032,358.81550710006275,352.7429038119928,358.7864990234375,3384200,0.0,0.0
2025-07-10 00:00:00-04:00,356.81385069717913,365.4586113919226,356.3400422897771,360.9718322753906,3701700,0.0,0.0
2025-07-11 00:00:00-04:00,358.1289122964318,359.521358911731,354.9862429719945,357.8485107421875,3068900,0.0,0.0
2025-07-14 00:00:00-04:00,358.24498212526095,359.02822967518244,354.3480732561147,357.8871765136719,2481100,0.0,0.0
2025-07-15 00:00:00-04:00,357.76148490395576,358.5060451631887,346.67992818136577,346.7959899902344,3868700,0.0,0.0
2025-07-16 00:00:00-04:00,347.9757052385688,349.02973424762956,340.82009416840606,345.5969543457031,4259800,0.0,0.0
2025-07-17 00:00:00-04:00,344.76533187492925,348.42049680003726,342.94741385222386,347.1827697753906,3128900,0.0,0.0
2025-07-18 00:00:00-04:00,348.0917459350541,348.69126584234476,345.1811411163945,347.5308837890625,3361600,0.0,0.0
2025-07-21 00:00:00-04:00,348.8073048437816,353.7001971285355,347.9563619229997,352.0176696777344,3503900,0.0,0.0
2025-07-22 00:00:00-04:00,352.44312995898844,359.90817965032494,351.7082193671252,358.7574768066406,3095400,0.0,0.0
2025-07-23 00:00:00-04:00,359.42471355103356,365.4006135356775,359.2796436552057,363.921142578125,3238000,0.0,0.0
2025-07-24 00:00:00-04:00,363.07985316788535,365.40058771045227,359.9661918911047,360.7687683105469,3088000,0.0,0.0
2025-07-25 00:00:00-04:00,362.28692197230157,363.5729859685138,360.7300765982126,362.9444580078125,2221000,0.0,0.0
2025-07-28 00:00:00-04:00,361.3973007046346,368.4948951098575,360.66241962149587,364.7720642089844,4062800,0.0,0.0
2025-07-29 00:00:00-04:00,364.54964994233165,367.18950285852435,362.39328462553203,364.87841796875,2931600,0.0,0.0
2025-07-30 00:00:00-04:00,365.20715022500644,366.0290849654185,357.42301244109166,359.7920837402344,3110700,0.0,0.0
2025-07-31 00:00:00-04:00,356.9782598208417,360.4980343245854,354.7251910020546,355.3730773925781,3091600,0.0,0.0
2025-08-01 00:00:00-04:00,355.67281482608934,362.42228264001153,353.67116913783144,361.3199462890625,3008200,0.0,0.0
2025-08-04 00:00:00-04:00,362.46094744495093,369.28778937496793,361.3489319680863,368.24346923828125,2844300,0.0,0.0
2025-08-05 00:00:00-04:00,369.2491053817069,374.1613555197297,368.37883367512865,372.681884765625,2931400,0.0,0.0
2025-08-06 00:00:00-04:00,373.3297471813113,376.0856322183398,371.8212683313094,374.0259704589844,2812800,0.0,0.0
2025-08-07 00:00:00-04:00,375.7858805090549,378.52243672676036,370.69958174394486,373.41680908203125,2433000,0.0,0.0
2025-08-08 00:00:00-04:00,374.29673104314867,376.43376738859234,373.4458176925885,375.04132080078125,2326700,0.0,0.0
2025-08-11 00:00:00-04:00,377.1009734411685,378.5900939007546,370.6415571176131,374.73187255859375,2605800,0.0,0.0
2025-08-12 00:00:00-04:00,378.49347689740523,383.2896660211393,376.1533837366586,382.9222106933594,2911300,0.0,0.0
2025-08-13 00:00:00-04:00,386.2969292340723,394.3518495097621,385.581376999498,393.73297119140625,5187500,0.0,0.0
2025-08-14 00:00:00-04:00,387.9504607169136,390.28084497237023,386.17120038642724,387.0995178222656,3600200,0.0,0.0
2025-08-15 00:00:00-04:00,388.92704779660716,389.48790988163,382.3709577806508,386.1905212402344,3841400,0.0,0.0
2025-08-18 00:00:00-04:00,383.47333889043625,384.9914969447048,379.54742217730444,381.66510009765625,4407100,0.0,0.0
2025-08-19 00:00:00-04:00,387.77636002565936,400.6758048523024,387.77636002565936,393.7522888183594,7629300,0.0,0.0
2025-08-20 00:00:00-04:00,396.15038042269873,397.5911934921109,388.4049293803704,388.47259521484375,4195300,0.0,0.0
2025-08-21 00:00:00-04:00,386.7030776065693,391.07379513383484,383.08659959749883,384.5660705566406,2942600,0.0,0.0
2025-08-22 00:00:00-04:00,387.63132744141325,400.81120358607967,385.1558733940372,399.1576843261719,5284700,0.0,0.0
2025-08-25 00:00:00-04:00,396.8079548206866,397.4945285045366,394.0907566920205,395.39617919921875,3579500,0.0,0.0
2025-08-26 00:00:00-04:00,394.52582443474455,395.5314867597555,391.34446822498313,394.0810241699219,3180900,0.0,0.0
2025-08-27 00:00:00-04:00,395.2898191791763,398.0940414913663,393.75233207880046,394.7579650878906,2487800,0.0,0.0
2025-08-28 00:00:00-04:00,393.5588984371735,395.4445118429186,391.4412204312409,393.9940490722656,4051600,0.0,0.0
2025-08-29 00:00:00-04:00,394.2648042444122,395.39614868954186,392.0117355296734,393.33648681640625,2210300,0.0,0.0
2025-09-02 00:00:00-04:00,390.34848296488127,395.0963340242122,389.4492032464256,392.8916320800781,3328600,0.0,0.0
2025-09-03 00:00:00-04:00,391.56691187414833,395.51215742400285,390.2421606663508,394.24542236328125,3025100,0.0,0.0
2025-09-04 00:00:00-04:00,397.26011968287133,401.8404034566353,395.9861979319458,400.3525390625,3873100,2.3,0.0
2025-09-05 00:00:00-04:00,405.11754363773105,408.8226178492379,402.61831162671075,407.4125671386719,5855600,0.0,0.0
2025-09-08 00:00:00-04:00,406.9749892700853,408.99769539417065,404.30072112075976,408.3753356933594,3742600,0.0,0.0
2025-09-09 00:00:00-04:00,406.6054488503357,407.1889314722671,401.3833372545098,403.9020080566406,3516000,0.0,0.0
2025-09-10 00:00:00-04:00,404.0770428202423,405.9344471617109,400.4011408925683,401.8501281738281,2897800,0.0,0.0
2025-09-11 00:00:00-04:00,404.2520901069122,413.50990907145683,402.84200964465566,411.7594909667969,5316400,0.0,0.0
2025-09-12 00:00:00-04:00,408.69625245111234,411.84704687803486,407.3445468330596,411.04962158203125,5004200,0.0,0.0
2025-09-15 00:00:00-04:00,410.8356495901566,411.64277925991445,406.24563192743295,411.06903076171875,4884700,0.0,0.0
2025-09-16 00:00:00-04:00,412.08039870025317,412.8389171851107,408.52118744756547,409.84375,3726700,0.0,0.0
2025-09-17 00:00:00-04:00,412.7514096604531,414.9977925252571,404.35906525307314,405.51629638671875,4771700,0.0,0.0
2025-09-18 00:00:00-04:00,406.0511124651653,409.7853891317768,404.40765086424653,405.9830627441406,3677200,0.0,0.0
2025-09-19 00:00:00-04:00,405.87606754488917,407.0527371169607,403.66859162420025,404.2423400878906,6718400,0.0,0.0
2025-09-22 00:00:00-04:00,402.70587046992364,403.4546845448791,399.80795525150035,400.65399169921875,2656300,0.0,0.0
2025-09-23 00:00:00-04:00,400.6539731783087,402.3363415649943,396.2389914749436,399.593994140625,2597000,0.0,0.0
2025-09-24 00:00:00-04:00,395.5874669386123,399.3411526132105,393.85648733374296,398.4853820800781,3220700,0.0,0.0
2025-09-25 00:00:00-04:00,395.4512918948509,399.54534472840567,394.4399240629465,396.2292785644531,2554300,0.0,0.0
2025-09-26 00:00:00-04:00,396.91972701956456,400.08022560159,394.66361014003166,398.79656982421875,2316600,0.0,0.0
2025-09-29 00:00:00-04:00,398.7576973399684,399.6329361488585,392.7284557947046,395.5971984863281,3008400,0.0,0.0
2025-09-30 00:00:00-04:00,395.4318710489828,395.79167691601566,392.36862444808656,394.0315246582031,3211600,0.0,0.0
2025-10-01 00:00:00-04:00,393.2535809799684,393.97319273846136,384.4236170674206,386.0865173339844,3787800,0.0,0.0
2025-10-02 00:00:00-04:00,384.60839345015114,386.43662520149616,382.94549315596385,384.13189697265625,2964700,0.0,0.0
2025-10-03 00:00:00-04:00,383.27609925380614,386.37825254638744,381.81740759938197,384.18048095703125,2951300,0.0,0.0
2025-10-06 00:00:00-04:00,383.6358825136301,383.6358825136301,375.09767571980467,378.6082458496094,3653700,0.0,0.0
2025-10-07 00:00:00-04:00,378.7249959339671,379.016722399781,374.8934967381007,376.1576843261719,2505700,0.0,0.0
2025-10-08 00:00:00-04:00,375.8173102434433,375.8173102434433,372.43316459219193,373.2208557128906,2517600,0.0,0.0
2025-10-09 00:00:00-04:00,372.3553630865562,373.77514803569323,367.0651721318674,367.2888488769531,3321400,0.0,0.0
2025-10-10 00:00:00-04:00,369.78806118140676,369.78806118140676,364.4589637589981,365.4022521972656,2992400,0.0,0.0
2025-10-13 00:00:00-04:00,368.6308504339742,371.78161502209394,366.80261874752887,368.9225769042969,2925900,0.0,0.0
2025-10-14 00:00:00-04:00,368.4363162416045,378.18039503470294,367.6000139768833,377.0426025390625,4399900,0.0,0.0
2025-10-15 00:00:00-04:00,378.51103978401335,383.50947434180813,376.07988706518233,377.60662841796875,3690100,0.0,0.0
2025-10-16 00:00:00-04:00,378.9292168586321,379.25985008975897,373.39591051776523,376.72174072265625,2783700,0.0,0.0
2025-10-17 00:00:00-04:00,377.8011212465189,382.2841524813975,376.536933741267,381.10748291015625,2657700,0.0,0.0
2025-10-20 00:00:00-04:00,380.63101126516386,382.3522567670641,377.40243321809885,378.180419921875,2761100,0.0,0.0
2025-10-21 00:00:00-04:00,376.8870540082442,382.78990051625465,375.2338581249689,380.13507080078125,2306900,0.0,0.0
2025-10-22 00:00:00-04:00,380.4754194313423,382.225837605147,377.4802521906377,378.2582092285156,2857000,0.0,0.0
2025-10-23 00:00:00-04:00,376.4688710262192,378.0150806165678,370.79940618445,374.42669677734375,2767300,0.0,0.0
2025-10-24 00:00:00-04:00,378.9681015073717,378.9681015073717,375.04908447214564,376.03125,2426800,0.0,0.0
2025-10-27 00:00:00-04:00,377.02319835539487,378.56940801701535,372.3553670460668,374.66009521484375,3065800,0.0,0.0
2025-10-28 00:00:00-04:00,373.8335013939448,379.26955526933915,372.2872621610022,375.1268615722656,2372800,0.0,0.0
2025-10-29 00:00:00-04:00,372.4526102885826,374.3975325355203,364.8674253963886,367.62921142578125,3852300,0.0,0.0
2025-10-30 00:00:00-04:00,367.30827036867885,374.10579357517423,365.7523266876615,369.09759521484375,2384300,0.0,0.0
2025-10-31 00:00:00-04:00,366.5789579935506,370.4493641725706,364.6826764994138,369.13653564453125,2643500,0.0,0.0
2025-11-03 00:00:00-05:00,366.6276001559169,368.0571192822332,363.3892877968191,367.9306945800781,2897600,0.0,0.0
2025-11-04 00:00:00-05:00,366.9582122429663,373.1138781194984,366.37472963128045,372.5303955078125,2590000,0.0,0.0
2025-11-05 00:00:00-05:00,372.24839971795575,372.8610549707219,360.3260169130116,363.54486083984375,4763000,0.0,0.0
2025-11-06 00:00:00-05:00,361.58048746407775,362.39735121357927,357.4280596409988,358.9062194824219,3622100,0.0,0.0
2025-11-07 00:00:00-05:00,358.8284322647385,363.36010481054535,357.4475540431628,360.8900451660156,2766400,0.0,0.0
2025-11-10 00:00:00-05:00,359.6064000909565,360.4524365034046,353.44100025057185,360.228759765625,3257900,0.0,0.0
2025-11-11 00:00:00-05:00,361.74580038362024,365.64537894835036,360.69555543820746,363.933837890625,2407300,0.0,0.0
2025-11-12 00:00:00-05:00,361.81389713794727,363.27258887924756,358.84790246816715,360.9095153808594,3375800,0.0,0.0
2025-11-13 00:00:00-05:00,361.42490876665056,363.2336722315698,356.5236963397476,357.93377685546875,3034800,0.0,0.0
2025-11-14 00:00:00-05:00,355.83326688983465,357.2141451188847,349.89151376555355,352.3810119628906,3413300,0.0,0.0
2025-11-17 00:00:00-05:00,351.1848622282798,353.76187806429334,346.2933843548503,348.17022705078125,5127200,0.0,0.0
2025-11-18 00:00:00-05:00,330.6173592116862,339.1944441751817,326.75668718026844,327.2137451171875,10168500,0.0,0.0
2025-11-19 00:00:00-05:00,331.5800630406063,332.3385815128617,322.2444305286613,325.2882385253906,7595000,0.0,0.0
2025-11-20 00:00:00-05:00,327.0970305832446,329.56709030759504,322.9835387560075,323.2266540527344,4025300,0.0,0.0
2025-11-21 00:00:00-05:00,325.3563217063679,337.36622238762413,323.8295506364051,333.8653564453125,7441300,0.0,0.0
2025-11-24 00:00:00-05:00,332.77619990804084,334.24459598688446,327.2817709576355,327.3109436035156,6132900,0.0,0.0
2025-11-25 00:00:00-05:00,329.6643042136632,343.27875925493544,329.51844098793805,341.40191650390625,6316600,0.0,0.0
2025-11-26 00:00:00-05:00,340.61427155844075,347.48954973119123,339.38896094201596,345.6807861328125,4517300,0.0,0.0
2025-11-28 00:00:00-05:00,345.1556025907452,347.97573377578397,343.7649903745483,347.0908203125,2119600,0.0,0.0
2025-12-01 00:00:00-05:00,344.2998610600955,352.31296118111214,343.16209812463956,347.4895324707031,5107100,0.0,0.0
2025-12-02 00:00:00-05:00,347.0033054241789,347.6548674645102,341.62559635370235,344.2804260253906,3965300,0.0,0.0
2025-12-03 00:00:00-05:00,344.7374624136521,350.54305640922786,344.00811658343986,348.0535583496094,4166700,0.0,0.0
2025-12-04 00:00:00-05:00,348.71914631588487,349.91322353945174,342.5627951482988,343.70794677734375,4022800,2.3,0.0
2025-12-05 00:00:00-05:00,343.19895387165076,348.0633464265518,342.1027577808173,347.0747985839844,5959200,0.0,0.0
2025-12-08 00:00:00-05:00,344.47136095174096,344.6083705337733,338.3541683639427,342.4747009277344,7273000,0.0,0.0
2025-12-09 00:00:00-05:00,340.3703677160696,349.09104041465736,337.6298477160418,337.9332580566406,5063100,0.0,0.0
2025-12-10 00:00:00-05:00,336.7881155909637,344.53980426434816,336.69023454896075,343.6687316894531,6316100,0.0,0.0
2025-12-11 00:00:00-05:00,348.43525959364473,355.01246568860347,346.4190354810299,349.8642272949219,6609800,0.0,0.0
2025-12-12 00:00:00-05:00,351.62602366535515,353.09414987244986,348.48421207641735,352.0077209472656,3861200,0.0,0.0
2025-12-15 00:00:00-05:00,351.7532309142689,354.9635320383587,348.06332163277614,349.4042053222656,4387400,0.0,0.0
2025-12-16 00:00:00-05:00,349.31615106277945,351.1170489325283,344.3343131247511,345.1858215332031,3497200,0.0,0.0
2025-12-17 00:00:00-05:00,344.4908843816016,349.9033745469626,343.52193074866074,349.1693115234375,3875200,0.0,0.0
2025-12-18 00:00:00-05:00,355.8150530732911,358.5163848099426,347.0258606581617,347.44671630859375,4805200,0.0,0.0
2025-12-19 00:00:00-05:00,346.58541127955135,346.58541127955135,337.5907194306183,337.66900634765625,12825600,0.0,0.0
2025-12-22 00:00:00-05:00,337.97244288692974,340.50740392360393,336.39666840566116,339.0295104980469,3523700,0.0,0.0
2025-12-23 00:00:00-05:00,336.6902590123812,340.1158866476816,334.6740348508469,337.6396484375,3873400,0.0,0.0
2025-12-24 00:00:00-05:00,337.0230372348798,340.85975340339644,336.59238450568597,339.95928955078125,1368600,0.0,0.0
2025-12-26 00:00:00-05:00,339.61668934520765,342.6116640404491,339.20563078575907,342.347412109375,1786900,0.0,0.0
2025-12-29 00:00:00-05:00,342.56275799846856,342.87596540293737,337.4243166284915,340.06695556640625,3790000,0.0,0.0
2025-12-30 00:00:00-05:00,338.67714901066444,339.60697424818056,336.41623697955146,338.9903564453125,2392600,0.0,0.0
2025-12-31 00:00:00-05:00,338.1583920810744,339.34267215308904,336.6609045931061,336.78814697265625,2317500,0.0,0.0
2026-01-02 00:00:00-05:00,336.1323595285862,341.0848358843269,333.6757154817447,338.4715881347656,3763000,0.0,0.0
2026-01-05 00:00:00-05:00,335.41787238947416,339.96905711029814,333.9986719456546,336.7783203125,4725300,0.0,0.0
2026-01-06 00:00:00-05:00,334.2433821573216,343.22830690148726,330.5339084400161,341.86785888671875,4680300,0.0,0.0
2026-01-07 00:00:00-05:00,345.83181357461933,350.882171425454,341.61339990042745,341.64276123046875,4442700,0.0,0.0
2026-01-08 00:00:00-05:00,337.9724185347548,355.5214122846852,336.78813849255954,351.91961669921875,5196500,0.0,0.0
2026-01-09 00:00:00-05:00,355.77590141056635,367.51111346981986,353.632434855731,366.67919921875,7093500,0.0,0.0
2026-01-12 00:00:00-05:00,366.6791955603369,368.42137070172816,361.4037146771692,366.9728088378906,5859800,0.0,0.0
2026-01-13 00:00:00-05:00,367.88304619367426,372.1014596119851,362.94036676554117,371.6708068847656,4785800,0.0,0.0
2026-01-14 00:00:00-05:00,368.6856307593888,372.0133774109565,366.023427464314,367.96136474609375,4959900,0.0,0.0
2026-01-15 00:00:00-05:00,368.02988789183587,372.1014950566882,366.5030389386545,371.1031799316406,2990100,0.0,0.0
2026-01-16 00:00:00-05:00,371.19124144254374,374.63643351070186,369.4882246061678,372.0917053222656,3709000,0.0,0.0
2026-01-20 00:00:00-05:00,364.33018071485697,369.3218156656606,363.41015259231614,367.1391906738281,5353700,0.0,0.0
2026-01-21 00:00:00-05:00,367.81455216608674,377.719535714972,366.71835600898766,376.46673583984375,5169800,0.0,0.0
2026-01-22 00:00:00-05:00,378.2382839965987,382.3000941154238,372.4440657292604,372.9334411621094,4828100,0.0,0.0
2026-01-23 00:00:00-05:00,373.3934198383746,376.20242977736825,371.1520722052226,375.61517333984375,3138300,0.0,0.0
2026-01-26 00:00:00-05:00,376.81907125597525,379.18766141770476,373.8338931586024,378.3165588378906,3984800,0.0,0.0
2026-01-27 00:00:00-05:00,376.77011060504714,378.2871623096181,370.2320329388677,372.2776184082031,3466100,0.0,0.0
2026-01-28 00:00:00-05:00,372.1308348268722,372.9040563253842,365.7102319421367,367.3251647949219,3371500,0.0,0.0
2026-01-29 00:00:00-05:00,366.9336686607455,369.07713530060647,362.284602364362,363.9093322753906,4744500,0.0,0.0
2026-01-30 00:00:00-05:00,364.49657950368345,367.1489857391411,360.71858598230574,366.6302490234375,3755600,0.0,0.0
2026-02-02 00:00:00-05:00,366.28767783702625,371.58272307589243,360.41517322936585,370.0852355957031,4757200,0.0,0.0
2026-02-03 00:00:00-05:00,369.27288458137934,383.45497361161824,368.9890384961104,373.0019226074219,5684400,0.0,0.0
2026-02-04 00:00:00-05:00,376.4177351325982,382.2315167883015,376.19261171453303,378.9722900390625,5574700,0.0,0.0
2026-02-05 00:00:00-05:00,378.46334758938633,378.77655501017597,372.73764950494666,374.24493408203125,3759700,0.0,0.0
2026-02-06 00:00:00-05:00,373.2368128082787,378.1599279570784,371.0444206547449,376.9658508300781,4685400,0.0,0.0
2026-02-09 00:00:00-05:00,376.19264106698864,377.58248033769564,370.163562457197,372.904052734375,3639300,0.0,0.0
2026-02-10 00:00:00-05:00,375.6543048047358,383.4157907083761,373.82404576978695,381.3995666503906,3160800,0.0,0.0
2026-02-11 00:00:00-05:00,376.81905953552473,383.10265283953595,373.96109404547286,382.37835693359375,3229900,0.0,0.0
2026-02-12 00:00:00-05:00,385.18738884109734,389.1807090748937,380.73408437763874,381.92816162109375,3702200,0.0,0.0
2026-02-13 00:00:00-05:00,381.908564252376,385.62780524875825,378.87443087685193,382.740478515625,2875900,0.0,0.0
2026-02-17 00:00:00-05:00,383.89544883635097,385.6278270527202,372.41469084659906,374.9007263183594,3485300,0.0,0.0
2026-02-18 00:00:00-05:00,374.6168560607417,376.93649059942254,371.4750744620919,375.3704833984375,2982600,0.0,0.0
2026-02-19 00:00:00-05:00,375.58581909315217,375.58581909315217,369.3707754637165,370.53546142578125,2930900,0.0,0.0
2026-02-20 00:00:00-05:00,369.42948029989446,376.6428685046932,367.9613541837774,374.1274719238281,3984100,0.0,0.0
2026-02-23 00:00:00-05:00,372.8942820194261,375.9773711355021,361.72673107982297,368.9792785644531,5495700,0.0,0.0
2026-02-24 00:00:00-05:00,380.8417107584177,385.9703852790173,374.0883361890514,376.31011962890625,5675800,0.0,0.0
2026-02-25 00:00:00-05:00,372.97257644926333,373.3347094680754,363.47868169262966,367.5894470214844,5036900,0.0,0.0
2026-02-26 00:00:00-05:00,370.35929161988014,373.37386076885247,366.97282226210285,367.11962890625,2889400,0.0,0.0
2026-02-27 00:00:00-05:00,365.915758878878,374.0687697501482,364.42806841930053,372.6300048828125,4819500,0.0,0.0
2026-03-02 00:00:00-05:00,367.03154064678733,367.13918889487417,361.1590359964387,362.9305725097656,4537600,0.0,0.0
2026-03-03 00:00:00-05:00,356.0010430233106,360.94372266823945,352.46773706579626,359.1232604980469,3964700,0.0,0.0
2026-03-04 00:00:00-05:00,358.41855457469165,361.716939988571,353.8282109374275,361.2666931152344,4324400,0.0,0.0
2026-03-05 00:00:00-05:00,358.340254529235,359.1819957877215,351.5673154097268,353.9945983886719,4752200,0.0,0.0
2026-03-06 00:00:00-05:00,349.9425840615119,351.81200175215207,345.7143732597218,350.31451416015625,4167400,0.0,0.0
2026-03-09 00:00:00-04:00,348.04377907067123,348.91485172224776,338.2954297848507,346.047119140625,4224500,0.0,0.0
2026-03-10 00:00:00-04:00,345.5381703207324,353.9554326757943,343.5610747056572,349.5608215332031,3986000,0.0,0.0
2026-03-11 00:00:00-04:00,347.90677293241225,348.7485142053993,341.69169898686965,343.38494873046875,3197100,0.0,0.0
2026-03-12 00:00:00-04:00,340.95125911865614,343.54258802323494,333.71920232888397,333.94580078125,3893600,2.33,0.0
2026-03-13 00:00:00-04:00,336.6651978613972,338.36976775473033,333.05901726415016,334.0443115234375,2531900,0.0,0.0
2026-03-16 00:00:00-04:00,337.40418868905533,340.1630007521627,335.6405034404279,337.5421142578125,3194400,0.0,0.0
2026-03-17 00:00:00-04:00,339.81816704201003,341.68035764135743,335.92624251251857,336.4090270996094,3075900,0.0,0.0
2026-03-18 00:00:00-04:00,333.62066680099906,334.8030019580219,325.28508517224077,326.0634460449219,3592200,0.0,0.0
2026-03-19 00:00:00-04:00,324.12242413889567,325.37376721971134,319.8561127917808,323.3834533691406,3845400,0.0,0.0
2026-03-20 00:00:00-04:00,322.930233272276,325.37377416116306,315.5503879828975,316.0331726074219,9672200,0.0,0.0
2026-03-23 00:00:00-04:00,327.1078722975504,329.7977367855016,323.3834607358939,326.0339050292969,5806300,0.0,0.0
2026-03-24 00:00:00-04:00,321.1073977566388,327.63004103694806,318.26974543762685,326.0437316894531,4566400,0.0,0.0
2026-03-25 00:00:00-04:00,330.07361260711576,332.2314096741407,322.18139511350944,327.6202392578125,4397800,0.0,0.0
2026-03-26 00:00:00-04:00,326.56593457755275,329.2065159991698,321.7872513641968,323.6001892089844,3448400,0.0,0.0
2026-03-27 00:00:00-04:00,322.68389984010173,322.72332003339125,316.0233004076466,316.919921875,3977400,0.0,0.0
2026-03-30 00:00:00-04:00,320.93006084928754,323.16666808726706,317.83622231185035,318.7427062988281,4066000,0.0,0.0
2026-03-31 00:00:00-04:00,323.65932500963066,326.56595531217556,318.6540430408731,324.053466796875,5749100,0.0,0.0
2026-04-01 00:00:00-04:00,324.52638420366446,328.1916802636729,322.98932747547997,324.7135925292969,3386200,0.0,0.0
2026-04-02 00:00:00-04:00,318.84123847490497,321.5015150184395,313.9738822734865,316.90020751953125,3732300,0.0,0.0
2026-04-06 00:00:00-04:00,314.9985972226668,321.87593213773096,314.2300688775543,321.84637451171875,2448300,0.0,0.0
2026-04-07 00:00:00-04:00,318.2500813990391,319.60979244017267,310.673165290877,314.082275390625,4661600,0.0,0.0
2026-04-08 00:00:00-04:00,328.3591748751156,333.7979883682909,327.36401804999974,331.2165222167969,4610600,0.0,0.0
2026-04-09 00:00:00-04:00,326.388616523007,335.5617045306175,323.6199418005998,334.58624267578125,3002000,0.0,0.0
2026-04-10 00:00:00-04:00,336.0248127567512,336.2120210994593,330.8717121868362,332.37921142578125,3208300,0.0,0.0
2026-04-13 00:00:00-04:00,330.6056862577288,336.4189171136328,327.0487578932272,336.1430358886719,3741200,0.0,0.0
2026-04-14 00:00:00-04:00,335.9853517224209,337.71947928880917,333.36446531187323,337.6701965332031,2882500,0.0,0.0
2026-04-15 00:00:00-04:00,336.82288478276956,337.236691577658,331.6697844276179,333.9261169433594,3365200,0.0,0.0
2026-04-16 00:00:00-04:00,334.9902184465357,336.9509746615948,331.7387590995254,332.1919860839844,2856700,0.0,0.0
2026-04-17 00:00:00-04:00,337.79828232748184,346.84327646696823,337.79828232748184,344.2618103027344,4930400,0.0,0.0
2026-04-20 00:00:00-04:00,343.2174366312315,346.00583653193246,338.5668460102951,345.8284606933594,3260900,0.0,0.0
2026-04-21 00:00:00-04:00,347.7399078982703,348.35078554942595,337.92638515117363,338.8624267578125,3081000,0.0,0.0
2026-04-22 00:00:00-04:00,338.8920183636698,340.163026480594,332.9506943790196,334.5074462890625,2855800,0.0,0.0
2026-04-23 00:00:00-04:00,334.50744745169345,335.81787576813997,331.9259809451064,335.1577453613281,2712400,0.0,0.0
2026-04-24 00:00:00-04:00,332.91125712465214,335.26609496653134,329.75830320236696,330.9505310058594,3255900,0.0,0.0
2026-04-27 00:00:00-04:00,329.56126408981737,332.41861168305576,327.25567892552993,327.4132995605469,3282900,0.0,0.0
2026-04-28 00:00:00-04:00,329.5316980954363,330.9899144482985,322.5459348903251,324.220947265625,4279300,0.0,0.0
2026-04-29 00:00:00-04:00,320.8709611177203,321.0483068839262,314.35814983882847,318.0628662109375,4150000,0.0,0.0
2026-04-30 00:00:00-04:00,317.501224026995,325.2653478832921,317.501224026995,323.9647521972656,4317900,0.0,0.0
2026-05-01 00:00:00-04:00,325.24565828599395,325.6594650583568,318.60475417876165,319.11712646484375,3865300,0.0,0.0
2026-05-04 00:00:00-04:00,317.3436008490747,317.3436008490747,307.6680328846103,307.82568359375,6396100,0.0,0.0
2026-05-05 00:00:00-04:00,308.8011039225745,312.959047256485,305.8353583254913,310.78155517578125,6391400,0.0,0.0
2026-05-06 00:00:00-04:00,317.22537962585596,320.45714408588196,314.6537756503886,318.2993469238281,5455900,0.0,0.0
2026-05-07 00:00:00-04:00,320.23052855702514,322.67403931809866,317.688452277705,317.8953857421875,4411700,0.0,0.0
2026-05-08 00:00:00-04:00,317.93477804145607,319.2353738179666,312.1412423722705,312.7817077636719,4995500,0.0,0.0
2026-05-11 00:00:00-04:00,311.8456552875821,312.45653296086624,305.15549837099616,306.8206481933594,4335700,0.0,0.0
2026-05-12 00:00:00-04:00,308.6237547613812,310.150948950067,304.56431685148686,305.89447021484375,4225700,0.0,0.0
2026-05-13 00:00:00-04:00,303.08638666631595,303.1652270544281,294.86903523029974,298.1007995605469,6307800,0.0,0.0
2026-05-14 00:00:00-04:00,300.57387915260443,301.4803631461129,296.98742350774006,299.87432861328125,5072600,0.0,0.0
2026-05-15 00:00:00-04:00,295.8937302385283,298.47519650583126,292.51417798992316,293.1349182128906,6121500,0.0,0.0
2026-05-18 00:00:00-04:00,294.84933010653106,299.31271224674526,292.92799412343095,295.4010925292969,6366100,0.0,0.0
2026-05-19 00:00:00-04:00,287.57783348316474,298.7313718247998,284.84857918279005,297.9924011230469,8692500,0.0,0.0
2026-05-20 00:00:00-04:00,296.6327042526405,306.4363947204983,292.30727784287797,306.0126953125,5810900,0.0,0.0
2026-05-21 00:00:00-04:00,301.85475235570635,309.3725528012548,299.9038888531578,309.1656494140625,4516600,0.0,0.0
2026-05-22 00:00:00-04:00,309.8750586089163,310.32828556949477,306.8797555054846,308.4660949707031,2963800,0.0,0.0
2026-05-26 00:00:00-04:00,310.4268164834753,312.13138642929147,304.416515303009,305.9732971191406,6978200,0.0,0.0
2026-05-27 00:00:00-04:00,310.1213933019174,316.2794829226862,309.8849322824949,313.1758117675781,5990100,0.0,0.0
2026-05-28 00:00:00-04:00,312.78167269742613,317.14651902247385,310.52534043839654,316.4863586425781,6818900,0.0,0.0
2026-05-29 00:00:00-04:00,315.7671367684214,317.36330876728886,312.3383016854047,312.47625732421875,6963300,0.0,0.0
2026-06-01 00:00:00-04:00,310.4958029229232,311.24463622584767,303.1652107990409,306.12109375,4544200,0.0,0.0
2026-06-02 00:00:00-04:00,305.4215416998635,307.6088962755514,304.03227311149993,306.9388732910156,4310000,0.0,0.0
2026-06-03 00:00:00-04:00,303.41155468512704,308.9094841116081,302.60360607461246,308.3675842285156,4328300,0.0,0.0
2026-06-04 00:00:00-04:00,315.5049467263879,318.403599213189,305.85605078553533,307.6826171875,4558600,2.33,0.0
2026-06-05 00:00:00-04:00,308.5561528759146,311.7525986238699,306.3722648476684,308.50653076171875,3946300,0.0,0.0
2026-06-08 00:00:00-04:00,306.62045149296284,311.4746638676563,304.8236946299612,307.4443664550781,4381800,0.0,0.0
2026-06-09 00:00:00-04:00,309.0723663566284,320.52795549693786,308.00024998881105,318.9793395996094,4875300,0.0,0.0
2026-06-10 00:00:00-04:00,320.9051596578416,321.6298303667879,316.4678580086006,316.5870056152344,4823800,0.0,0.0
2026-06-11 00:00:00-04:00,319.93233407887243,324.6376494749074,316.2196730066971,323.6251220703125,4656600,0.0,0.0
2026-06-12 00:00:00-04:00,326.0969127055492,328.59846715733096,322.9104034108394,325.98773193359375,3649000,0.0,0.0
2026-06-15 00:00:00-04:00,331.3184370072605,335.52741021038827,327.12930659108537,327.4072570800781,4695000,0.0,0.0
2026-06-16 00:00:00-04:00,329.48195490895256,335.7954145326594,327.33775250061905,334.6240539550781,5131500,0.0,0.0
2026-06-17 00:00:00-04:00,333.55197998269495,338.6543633465824,323.78396663149965,325.0843811035156,6085400,0.0,0.0
2026-06-18 00:00:00-04:00,329.27351216388143,335.5472561594589,328.4793462633244,331.8346252441406,10604400,0.0,0.0
2026-06-22 00:00:00-04:00,327.585930781475,329.30328611244005,323.9527013683971,324.23065185546875,4713600,0.0,0.0
2026-06-23 00:00:00-04:00,321.5007640397083,326.6130837898613,319.3466553723836,322.0765380859375,4788000,0.0,0.0
2026-06-24 00:00:00-04:00,326.7123600579221,340.4511116799111,325.3126710965327,340.3518371582031,6385000,0.0,0.0
2026-06-25 00:00:00-04:00,339.74631356501925,346.08958287234753,339.3194664460809,342.4761962890625,6974100,0.0,0.0
2026-06-26 00:00:00-04:00,345.35498409810776,347.93597025012764,343.31999268085383,346.3079528808594,7771700,0.0,0.0
2026-06-29 00:00:00-04:00,346.30796611732103,348.779771593463,343.0122759730193,348.24371337890625,5786500,0.0,0.0
2026-06-30 00:00:00-04:00,348.1245733949154,350.91401476625776,344.7593579765289,350.1000061035156,4579000,0.0,0.0
2026-07-01 00:00:00-04:00,351.39054305253717,354.50755727558504,348.27349853515625,348.27349853515625,4041300,0.0,0.0
2026-07-02 00:00:00-04:00,350.2588479333682,355.5697168646199,345.1068121812833,355.2818298339844,3110500,0.0,0.0
2026-07-06 00:00:00-04:00,355.2024317145021,356.2248957008094,343.2703427329958,348.0848693847656,4460800,0.0,0.0
2026-07-07 00:00:00-04:00,352.46261179283084,352.81999402230383,341.96002145419817,342.6846618652344,3592800,0.0,0.0
2026-07-08 00:00:00-04:00,335.51746569664226,335.51746569664226,328.24110074686496,333.75048828125,4192300,0.0,0.0
2026-07-09 00:00:00-04:00,335.2891698936722,338.2374444527704,333.1548737064404,336.2520751953125,2780800,0.0,0.0
2026-07-10 00:00:00-04:00,337.06606773965154,341.8805944502874,335.4281440922459,340.78863525390625,2748000,0.0,0.0
2026-07-13 00:00:00-04:00,341.4835329455154,342.5853984087983,332.9762178919015,334.6439208984375,3650400,0.0,0.0
2026-07-14 00:00:00-04:00,337.0362951640151,339.24999292947075,334.1078935040618,335.2693176269531,2807300,0.0,0.0
2026-07-15 00:00:00-04:00,336.5101711499915,343.7170716460562,334.79284603598825,338.9422607421875,3953100,0.0,0.0
2026-07-16 00:00:00-04:00,339.05141987244593,348.24368914862276,338.148103527179,345.4740905761719,3810300,0.0,0.0
2026-07-17 00:00:00-04:00,346.3774576909258,351.39053349528973,335.61675940843014,336.39105224609375,4434000,0.0,0.0
2026-07-20 00:00:00-04:00,337.4829959680537,337.7113243396537,328.98561793122497,330.60369873046875,4125300,0.0,0.0
2026-07-21 00:00:00-04:00,328.87640129200065,330.5639772575944,324.60786955925937,329.1742248535156,3112600,0.0,0.0
2026-07-22 00:00:00-04:00,331.0901002710247,334.097933459434,328.2907223705125,329.02532958984375,2907700,0.0,0.0
2026-07-23 00:00:00-04:00,322.92030555418336,325.8288946116248,320.6867650845805,322.3346252441406,4523100,0.0,0.0
2026-07-24 00:00:00-04:00,322.69201940343424,331.02062819830684,320.8654832094117,330.5441589355469,3874500,0.0,0.0
2026-07-27 00:00:00-04:00,336.90725567373363,339.3889672822994,332.8968012318786,333.6313781738281,3622400,0.0,0.0
2026-07-28 00:00:00-04:00,340.13347371189195,346.87378048907175,340.0937578445657,341.9500732421875,4308000,0.0,0.0
2026-07-29 00:00:00-04:00,337.89002113209693,342.74423353473367,334.495026147691,335.7954406738281,4028500,0.0,0.0
2026-07-30 00:00:00-04:00,332.5394250801792,333.23431646100056,327.8341094785939,330.91143798828125,6275400,0.0,0.0
2026-07-31 00:00:00-04:00,330.0080852280822,331.55667084801746,326.39469858534585,329.5315856933594,4961900,0.0,0.0
2026-08-03 00:00:00-04:00,337.3142314565633,341.126167165973,331.27872212293863,337.5326232910156,2908100,0.0,0.0
2026-08-04 00:00:00-04:00,337.741121159039,348.29333390946084,336.8675537894677,345.6925048828125,4275000,0.0,0.0
2026-08-05 00:00:00-04:00,347.59845998552333,351.95632983727285,345.6031541488199,350.5566711425781,3140400,0.0,0.0
2026-08-06 00:00:00-04:00,350.9140306560572,350.9636527717977,344.967859180145,346.963134765625,2622400,0.0,0.0
2026-08-07 00:00:00-04:00,348.9386046403958,354.21966416090896,346.1888486641563,353.0185241699219,3584800,0.0,0.0
2026-08-10 00:00:00-04:00,349.52427926105196,351.41037408001614,344.52114002902516,348.21392822265625,3124800,0.0,0.0
2026-08-11 00:00:00-04:00,349.71288949562955,355.7384623950411,348.0352499864083,351.8868713378906,2549700,0.0,0.0
2026-08-12 00:00:00-04:00,349.4250091127092,351.28132462652724,340.5206262766717,340.9176940917969,3965800,0.0,0.0
2026-08-13 00:00:00-04:00,344.4615642861647,345.206077753642,338.0190507751135,339.2003479003906,2439900,0.0,0.0
2026-08-14 00:00:00-04:00,338.3168506868042,338.3168506868042,333.5519765191293,336.381103515625,3073100,0.0,0.0
2026-08-17 00:00:00-04:00,332.26147100502055,336.95688030952056,330.4548079641576,335.4082946777344,5580000,0.0,0.0
2026-08-18 00:00:00-04:00,334.31635102921473,342.01959397178314,328.27090486006995,335.0211486816406,6603400,0.0,0.0
2026-08-19 00:00:00-04:00,338.92240470580333,347.8366934263856,338.92240470580333,341.78131103515625,4971000,0.0,0.0
2026-08-20 00:00:00-04:00,333.54205438988197,336.40099113174557,329.1643112906949,332.0430908203125,4027700,0.0,0.0
2026-08-21 00:00:00-04:00,334.0582233645888,336.10315129465374,330.5639843459303,333.1548767089844,3422800,0.0,0.0
2026-08-24 00:00:00-04:00,333.4229292601251,339.7165463845368,332.7081950914107,334.9615783691406,3298600,0.0,0.0
2026-08-25 00:00:00-04:00,336.8873851133212,337.0065024243307,331.25888010780307,335.4082946777344,2528100,0.0,0.0
2026-08-26 00:00:00-04:00,336.94693389837937,336.9568704387829,332.06294252407247,332.40045166015625,4258100,0.0,0.0
2026-08-27 00:00:00-04:00,328.1517689125653,329.5812372185705,325.4814448058147,326.2060852050781,3618000,0.0,0.0
2026-08-28 00:00:00-04:00,328.08226594055674,329.1841313242223,325.1042120893565,327.7745361328125,3136100,0.0,0.0
2026-08-31 00:00:00-04:00,325.838797551875,326.8414187355763,323.36702248478053,325.4317932128906,3858700,0.0,0.0
2026-09-01 00:00:00-04:00,323.62512835314175,324.43910673216897,316.4678503051231,317.4307556152344,3291000,0.0,0.0
2026-09-02 00:00:00-04:00,319.1481100391916,319.81322207391105,315.38582679146464,316.17999267578125,3499300,0.0,0.0
2026-09-03 00:00:00-04:00,318.2099914550781,320.44000244140625,315.2099914550781,318.07000732421875,3377700,2.33,0.0
2026-09-04 00:00:00-04:00,316.70001220703125,321.79998779296875,316.1000061035156,321.04998779296875,2261000,0.0,0.0
2026-09-08 00:00:00-04:00,320.7300109863281,321.5,313.239990234375,313.70001220703125,5655700,0.0,0.0
2026-09-09 00:00:00-04:00,310.4700012207031,313.3900146484375,309.8399963378906,310.45001220703125,3611700,0.0,0.0
2026-09-10 00:00:00-04:00,308.1300048828125,308.2799987792969,304.29998779296875,305.69000244140625,4493800,0.0,0.0
2026-09-11 00:00:00-04:00,309.0899963378906,311.2099914550781,307.8999938964844,308.739990234375,3488800,0.0,0.0
2026-09-14 00:00:00-04:00,307.1700134277344,312.6700134277344,306.5,310.8699951171875,4178400,0.0,0.0
2026-09-15 00:00:00-04:00,310.6000061035156,311.1300048828125,304.32000732421875,305.4800109863281,4494200,0.0,0.0
2026-09-16 00:00:00-04:00,307.489990234375,308.79998779296875,302.4700012207031,302.4700012207031,3720400,0.0,0.0
2026-09-17 00:00:00-04:00,307.010009765625,310.3999938964844,302.5,302.510009765625,4152600,0.0,0.0
2026-09-18 00:00:00-04:00,298.67999267578125,302.25,298.25,299.9800109863281,8191600,0.0,0.0
