Date,open,high,low,close,volume,dividends,stock splits
2016-09-19 00:00:00-04:00,90.18067952392651,90.40925741280164,89.632097241008,89.6473388671875,5457600,0.0,0.0
2016-09-20 00:00:00-04:00,90.03591677909333,90.08925084692282,89.67019911768453,89.86829376220703,5187700,0.0,0.0
2016-09-21 00:00:00-04:00,89.86827700354596,90.66829368477865,89.63208414905736,90.59972381591797,6337300,0.0,0.0
2016-09-22 00:00:00-04:00,90.85879661340715,91.30832581480807,90.77498509908193,91.018798828125,5340500,0.0,0.0
2016-09-23 00:00:00-04:00,90.9807077762228,91.12546836528995,90.44736123935981,90.52355194091797,4773000,0.0,0.0
2016-09-26 00:00:00-04:00,90.38639916244063,90.39401997588355,89.57114651337015,89.73876953125,5998900,0.0,0.0
2016-09-27 00:00:00-04:00,90.20354365938095,90.8359375,89.69305958643781,90.8359375,5349500,0.0,0.0
2016-09-28 00:00:00-04:00,90.7064121956428,91.06450905687524,90.52354754520937,90.96546173095703,5076100,0.0,0.0
2016-09-29 00:00:00-04:00,90.57688632045222,90.87403412662124,89.17495880549868,89.3501968383789,6190200,0.0,0.0
2016-09-30 00:00:00-04:00,89.73877702469937,90.3787917088676,89.44162921836417,90.00544738769531,7941100,0.0,0.0
2016-10-03 00:00:00-04:00,89.90639970142553,90.67593915701222,89.47210630826827,90.52355194091797,6098600,0.0,0.0
2016-10-04 00:00:00-04:00,90.54640952133522,91.03404280498181,90.11973693774469,90.53117370605469,5733900,0.0,0.0
2016-10-05 00:00:00-04:00,90.83592024618855,91.00354323841498,90.3635287056392,90.8054428100586,5778700,0.0,0.0
2016-10-06 00:00:00-04:00,90.28734933953535,90.55401967287946,89.84543517972098,90.47782897949219,4448500,0.0,0.0
2016-10-07 00:00:00-04:00,90.79784695563009,91.10261558772558,90.43212924749803,90.85118103027344,4799300,0.0,0.0
2016-10-10 00:00:00-04:00,91.05689781743276,91.58261772345611,90.93498804544146,91.2778549194336,3657000,0.0,0.0
2016-10-11 00:00:00-04:00,90.98071762182722,91.14833485820296,89.19020397006884,89.63211822509766,6394200,0.0,0.0
2016-10-12 00:00:00-04:00,89.875924107669,90.2340268066371,89.52544222290689,89.883544921875,4685200,0.0,0.0
2016-10-13 00:00:00-04:00,89.55590230120742,90.82068400418734,89.35780186111047,90.10448455810547,7387400,0.0,0.0
2016-10-14 00:00:00-04:00,90.2873417205622,90.51591959441257,89.57113647460938,89.57113647460938,5640500,0.0,0.0
2016-10-17 00:00:00-04:00,89.5254415426045,90.32545845179344,89.5254415426045,90.27973937988281,6956400,0.0,0.0
2016-10-18 00:00:00-04:00,89.43399618722738,90.2721112321217,87.74254191029365,87.93302154541016,12598300,0.0,0.0
2016-10-19 00:00:00-04:00,88.05490244159749,88.29871607821161,87.20917261800385,87.30821990966797,7400900,0.0,0.0
2016-10-20 00:00:00-04:00,87.49112137187387,88.15398688765413,87.30825670760933,87.52159881591797,6973000,0.0,0.0
2016-10-21 00:00:00-04:00,86.94254438180685,87.04159172134196,86.0891933347329,86.43206024169922,8422000,0.0,0.0
2016-10-24 00:00:00-04:00,86.80537527289556,87.00347571129444,86.43203683408667,86.56156158447266,6141900,0.0,0.0
2016-10-25 00:00:00-04:00,86.5844181233431,86.9806189997467,86.16536062195023,86.82823181152344,5595000,0.0,0.0
2016-10-26 00:00:00-04:00,86.58441390965785,87.7882464796404,86.5539364734964,87.2853775024414,6429200,0.0,0.0
2016-10-27 00:00:00-04:00,87.60539236966535,88.80160419145808,87.46062599338585,88.15396881103516,7548700,0.0,0.0
2016-10-28 00:00:00-04:00,88.24540878518297,88.31398447941795,87.29301057008949,87.8720703125,8813300,0.0,0.0
2016-10-31 00:00:00-04:00,87.83397744306615,88.55780361869532,87.23968185049294,88.37493896484375,8552500,0.0,0.0
2016-11-01 00:00:00-04:00,87.4377760986495,88.33684023737108,87.3387229649488,87.87968444824219,7591900,0.0,0.0
2016-11-02 00:00:00-04:00,88.01681731989854,88.19968193435021,87.49109753903531,87.51395416259766,6591300,0.0,0.0
2016-11-03 00:00:00-04:00,87.52920470232444,87.9558830615314,87.430157379229,87.64349365234375,6227100,0.0,0.0
2016-11-04 00:00:00-04:00,87.65111844394912,88.33684636221011,87.65111844394912,87.70445251464844,7160600,0.0,0.0
2016-11-07 00:00:00-05:00,88.29873362905467,88.93112737293168,88.2606353792397,88.88541412353516,6398200,0.0,0.0
2016-11-08 00:00:00-05:00,88.74829324095876,89.57878183847588,88.74067242628126,89.18258666992188,6675300,0.0,0.0
2016-11-09 00:00:00-05:00,91.4302270897477,93.33502348745078,89.98258066489791,91.66641998291016,16220000,0.0,0.0
2016-11-10 00:00:00-05:00,92.01690668293918,92.26834121583151,90.68354913411798,91.07975006103516,11904500,0.0,0.0
2016-11-11 00:00:00-05:00,91.04162716468515,91.04162716468515,90.00541768502197,90.26447296142578,8134800,0.0,0.0
2016-11-14 00:00:00-05:00,90.34830778663014,90.66069138574488,88.76351572450295,88.83970642089844,10054900,0.0,0.0
2016-11-15 00:00:00-05:00,88.6873205408444,88.90827761829593,88.24540638594134,88.6263656616211,7446700,0.0,0.0
2016-11-16 00:00:00-05:00,88.87779452677937,88.9768418394857,88.44350121264105,88.6568374633789,6594800,0.0,0.0
2016-11-17 00:00:00-05:00,88.90066026383123,88.90066026383123,88.47398771862291,88.81684875488281,5730300,0.0,0.0
2016-11-18 00:00:00-05:00,88.83218561453566,88.93191737076417,88.08034314612163,88.5022964477539,7717800,0.8,0.0
2016-11-21 00:00:00-05:00,88.56366735789115,88.74778976367746,88.07267037369716,88.22610473632812,5843300,0.0,0.0
2016-11-22 00:00:00-05:00,87.91158307799034,88.2261312249117,86.13171701262237,86.49229431152344,11649700,0.0,0.0
2016-11-23 00:00:00-05:00,86.11634738974101,87.02162414876567,85.58698890471732,86.74543762207031,7892600,0.0,0.0
2016-11-25 00:00:00-05:00,87.1520408539461,87.63537018513063,86.98325955436708,87.55864715576172,3433300,0.0,0.0
2016-11-28 00:00:00-05:00,87.29780967010275,87.55098162551546,86.73009552872058,86.79146575927734,9065700,0.0,0.0
2016-11-29 00:00:00-05:00,86.65338754690443,87.00629716291068,86.0549852597446,86.29281616210938,7799600,0.0,0.0
2016-11-30 00:00:00-05:00,86.0703203251595,86.32348643643726,85.38752746582031,85.38752746582031,11178500,0.0,0.0
2016-12-01 00:00:00-05:00,85.4335572204201,85.5716504880893,85.15737068508169,85.44889831542969,8143300,0.0,0.0
2016-12-02 00:00:00-05:00,85.70975269701893,86.33116953978383,85.49494222560125,85.89387512207031,6167700,0.0,0.0
2016-12-05 00:00:00-05:00,86.23142849577467,86.2467695907331,85.71741694405412,85.87852478027344,5451600,0.0,0.0
2016-12-06 00:00:00-05:00,86.10866667703161,86.84516206858929,85.80946560712208,85.97057342529297,6530400,0.0,0.0
2016-12-07 00:00:00-05:00,85.8401607461447,85.8401607461447,83.86849939906578,85.23408508300781,11761100,0.0,0.0
2016-12-08 00:00:00-05:00,84.80449650483587,85.31083476054425,84.33651392658315,85.14972686767578,7774900,0.0,0.0
2016-12-09 00:00:00-05:00,85.47192618894182,86.25445087185582,85.31081248499403,86.12403106689453,7672100,0.0,0.0
2016-12-12 00:00:00-05:00,86.45391773578505,88.53298449270409,86.3695270754586,88.5022964477539,9544600,0.0,0.0
2016-12-13 00:00:00-05:00,88.63273368235653,88.97029639005852,88.2338007258292,88.90892028808594,7051600,0.0,0.0
2016-12-14 00:00:00-05:00,89.08536608047962,89.99064300672181,87.90390257652645,88.21844482421875,9378700,0.0,0.0
2016-12-15 00:00:00-05:00,88.4792992805723,88.93193486303885,88.14173657287031,88.90892028808594,6738100,0.0,0.0
2016-12-16 00:00:00-05:00,89.30786505943306,89.34622073586588,88.57903696943755,88.90125274658203,11291100,0.0,0.0
2016-12-19 00:00:00-05:00,89.04698272954488,89.49962400828477,88.94725098826432,89.00862121582031,6310800,0.0,0.0
2016-12-20 00:00:00-05:00,88.97795854548114,89.18509554685066,88.15707230876717,88.73246002197266,5715200,0.0,0.0
2016-12-21 00:00:00-05:00,89.14672876317036,89.14672876317036,88.02664144995009,88.46393585205078,5907600,0.0,0.0
2016-12-22 00:00:00-05:00,88.22611227634586,88.63271863989867,87.3668645540001,88.56367492675781,4602300,0.0,0.0
2016-12-23 00:00:00-05:00,88.53299499283301,89.23880255095844,88.45627779793188,88.96261596679688,2992500,0.0,0.0
2016-12-27 00:00:00-05:00,88.90890079299757,88.9932914514187,88.51763554514926,88.92424774169922,3232600,0.0,0.0
2016-12-28 00:00:00-05:00,88.90123584467109,89.11605217507413,88.26447788798825,88.3028335571289,3278300,0.0,0.0
2016-12-29 00:00:00-05:00,88.40255676909034,88.89355373799891,88.23377546356322,88.60202026367188,2993600,0.0,0.0
2016-12-30 00:00:00-05:00,88.83985599144455,88.98561688344297,88.21076572476596,88.38721466064453,5506700,0.0,0.0
2017-01-03 00:00:00-05:00,88.82452291655163,88.99330425768176,88.40257541687312,88.87055206298828,5953000,0.0,0.0
2017-01-04 00:00:00-05:00,88.60970614000338,89.16975274553673,88.46393938243722,88.72478485107422,5828900,0.0,0.0
2017-01-05 00:00:00-05:00,88.99329780609534,89.73746683632214,88.56367686210724,89.653076171875,6217200,0.0,0.0
2017-01-06 00:00:00-05:00,89.5072962224444,89.76046817847192,88.80916229135862,89.22344207763672,5221400,0.0,0.0
2017-01-09 00:00:00-05:00,89.26180197786742,89.46127133328119,88.90889825868662,89.20809936523438,5457500,0.0,0.0
2017-01-10 00:00:00-05:00,89.01630548429925,89.76047445689825,88.89355916115647,89.11604309082031,5312800,0.0,0.0
2017-01-11 00:00:00-05:00,89.05467868097698,89.18509849552706,87.47427639631435,88.01898193359375,8887200,0.0,0.0
2017-01-12 00:00:00-05:00,87.66609705550567,88.01900678166966,86.97563626442846,87.93461608886719,6627300,0.0,0.0
2017-01-13 00:00:00-05:00,88.18007303275645,88.24144326413597,87.79648128419308,87.91922760009766,4935200,0.0,0.0
2017-01-17 00:00:00-05:00,87.41291508421304,88.26448948316904,87.20577220168467,88.12639617919922,6255400,0.0,0.0
2017-01-18 00:00:00-05:00,88.12637444035306,88.30282337497619,87.77347071796099,87.9959487915039,5014600,0.0,0.0
2017-01-19 00:00:00-05:00,87.98060876854584,88.14939008416997,87.3975476381568,87.61235809326172,5540800,0.0,0.0
2017-01-20 00:00:00-05:00,87.83484472957747,88.24912455710975,87.52030251152188,87.57400512695312,7502400,0.0,0.0
2017-01-23 00:00:00-05:00,87.8501862593722,88.04964975972894,87.30548666412895,87.38987731933594,7989800,0.0,0.0
2017-01-24 00:00:00-05:00,86.62268725930078,86.92188834038419,85.27244273111327,85.74042510986328,12450300,0.0,0.0
2017-01-25 00:00:00-05:00,85.87086296170737,86.53831481933594,84.97325952958887,86.53831481933594,9385500,0.0,0.0
2017-01-26 00:00:00-05:00,85.92454812344448,86.56897942486056,85.61767356666026,85.80179595947266,10164300,0.0,0.0
2017-01-27 00:00:00-05:00,85.92455754658369,87.10602091522674,85.84784036226058,86.98326873779297,8886100,0.0,0.0
2017-01-30 00:00:00-05:00,86.9986085784861,87.15204293459625,86.57665531946493,86.79146575927734,6969400,0.0,0.0
2017-01-31 00:00:00-05:00,86.53061076560599,86.998593077448,86.25442429130104,86.88351440429688,8713400,0.0,0.0
2017-02-01 00:00:00-05:00,86.29281450545811,86.93724592444413,86.28514103052359,86.86820220947266,7082300,0.0,0.0
2017-02-02 00:00:00-05:00,86.55366344251945,87.16741273415334,86.5153019168622,87.1290512084961,7826300,0.0,0.0
2017-02-03 00:00:00-05:00,87.07534926769493,87.19810146824369,86.43091777425519,87.18275451660156,7267600,0.0,0.0
2017-02-06 00:00:00-05:00,87.0446482213497,87.1443799795448,86.40021682412684,86.99861907958984,6178400,0.0,0.0
2017-02-07 00:00:00-05:00,87.15204056971457,87.16738751679645,86.73009317528849,87.05998229980469,5507900,0.0,0.0
2017-02-08 00:00:00-05:00,86.92190189227468,87.22110302000617,86.80682318472881,86.99861907958984,5272000,0.0,0.0
2017-02-09 00:00:00-05:00,86.99860918066396,87.95758854585394,86.99860918066396,87.52029418945312,5854600,0.0,0.0
2017-02-10 00:00:00-05:00,87.70440993071189,88.98560486059037,87.63536623116944,88.41021728515625,6438500,0.0,0.0
2017-02-13 00:00:00-05:00,88.44094365735455,89.08538106479112,88.39491450437609,88.90125274658203,5710800,0.0,0.0
2017-02-14 00:00:00-05:00,88.56367038696247,89.30016588844322,88.47160625434765,89.26947784423828,5539100,0.0,0.0
2017-02-15 00:00:00-05:00,88.91658235162055,90.11338692073917,88.67875145028933,89.9139175415039,5979700,0.0,0.0
2017-02-16 00:00:00-05:00,89.76043759694235,90.74243119141448,89.76043759694235,90.58899688720703,7119300,0.0,0.0
2017-02-17 00:00:00-05:00,90.67342738127039,91.21812700980806,90.56602215046837,91.18743896484375,8691400,0.0,0.0
2017-02-21 00:00:00-05:00,90.83452515533817,91.97762690106231,90.77314907221522,91.80117797851562,8595100,0.0,0.0
2017-02-22 00:00:00-05:00,91.5096489571339,91.8855672415251,91.48663438813078,91.69377136230469,5103900,0.0,0.0
2017-02-23 00:00:00-05:00,91.69377348602009,93.51967404450117,91.66309129540245,93.3662338256836,9980900,0.0,0.0
2017-02-24 00:00:00-05:00,93.82960506492817,94.78720596895162,93.3662501689089,94.77948760986328,10835000,0.8,0.0
2017-02-27 00:00:00-05:00,94.31610656800086,94.89530153661468,94.29293971195645,94.52462005615234,5946200,0.0,0.0
2017-02-28 00:00:00-05:00,94.22344951803663,94.71769547432129,94.16939155068914,94.37789916992188,8885500,0.0,0.0
2017-03-01 00:00:00-05:00,94.59413173889727,96.10776072769788,94.54007377114999,95.65213012695312,9393900,0.0,0.0
2017-03-02 00:00:00-05:00,95.56718352221068,96.0382626355693,95.00343107951248,95.4745101928711,6950200,0.0,0.0
2017-03-03 00:00:00-05:00,95.47451142598385,95.70619180638676,95.16561210794909,95.59807586669922,5585200,0.0,0.0
2017-03-06 00:00:00-05:00,94.99572092106078,96.09232889946043,94.67909143739311,95.53630065917969,6670700,0.0,0.0
2017-03-07 00:00:00-05:00,94.66364218349364,96.11548901531854,94.51691088264032,95.62896728515625,6644000,0.0,0.0
2017-03-08 00:00:00-05:00,95.56719638498258,96.28539858136907,95.3741313417806,95.83748626708984,7909900,0.0,0.0
2017-03-09 00:00:00-05:00,96.20816647162866,97.46694833709851,95.89153699660514,97.26615905761719,8571100,0.0,0.0
2017-03-10 00:00:00-05:00,97.33565903685093,97.68317370841206,96.94952900539334,97.4669418334961,7395400,0.0,0.0
2017-03-13 00:00:00-04:00,97.17349036783996,98.03841791411921,97.14259925663326,97.82991027832031,7162500,0.0,0.0
2017-03-14 00:00:00-04:00,97.96892267843039,98.65623373762018,97.8994162014535,98.11565399169922,7679700,0.0,0.0
2017-03-15 00:00:00-04:00,98.11563307206647,99.62153768025006,97.76811254503298,99.59065246582031,8360600,0.0,0.0
2017-03-16 00:00:00-04:00,99.18909556492939,99.38987896180507,98.67167678653202,99.20454406738281,7610700,0.0,0.0
2017-03-17 00:00:00-04:00,99.1968185133312,99.57523024654063,98.81068842041535,98.89563751220703,13300800,0.0,0.0
2017-03-20 00:00:00-04:00,98.8801721873915,99.17363477888493,98.82612011113144,98.90335083007812,5827500,0.0,0.0
2017-03-21 00:00:00-04:00,99.1427457949809,99.19679786918744,98.1851391216881,98.27008819580078,7578600,0.0,0.0
2017-03-22 00:00:00-04:00,98.11565569147491,98.57901060913117,97.46695409325419,97.50556945800781,10272700,0.0,0.0
2017-03-23 00:00:00-04:00,97.38201163646193,98.07704700622017,97.042221149374,97.2275619506836,8508100,0.0,0.0
2017-03-24 00:00:00-04:00,97.19665495396893,97.58278499720195,96.63290249842288,96.9031982421875,6490300,0.0,0.0
2017-03-27 00:00:00-04:00,96.65605320102482,97.41286461366676,96.64832895219668,97.15029907226562,5004300,0.0,0.0
2017-03-28 00:00:00-04:00,97.01129944596661,97.13485797725544,96.3625980081033,97.04219055175781,5287600,0.0,0.0
2017-03-29 00:00:00-04:00,96.57111595521202,96.78734781385184,96.03825466650943,96.47071838378906,3971800,0.0,0.0
2017-03-30 00:00:00-04:00,96.33170429655101,96.86456554625246,95.97646542737532,96.26992797851562,4711700,0.0,0.0
2017-03-31 00:00:00-04:00,95.84518602520369,96.40121415023222,95.78340381311695,96.18498229980469,5657600,0.0,0.0
2017-04-03 00:00:00-04:00,96.32400481950661,96.77191119946657,95.9764842395461,96.2931137084961,4956400,0.0,0.0
2017-04-04 00:00:00-04:00,96.15410233484731,96.3548857095793,95.9301462089908,96.28538513183594,5358500,0.0,0.0
2017-04-05 00:00:00-04:00,96.31628479187164,96.99587158826914,96.07688603588971,96.37806701660156,5646300,0.0,0.0
2017-04-06 00:00:00-04:00,96.4166656713236,96.88774477125455,96.14637583330008,96.57112121582031,4324200,0.0,0.0
2017-04-07 00:00:00-04:00,96.62517391987197,96.89546374317175,96.40121781145895,96.47071838378906,3615100,0.0,0.0
2017-04-10 00:00:00-04:00,96.43212232766949,96.49389865881646,95.93787632723124,96.02281951904297,4594200,0.0,0.0
2017-04-11 00:00:00-04:00,95.9610363729901,96.37033326067233,95.72163174874306,95.93014526367188,4161500,0.0,0.0
2017-04-12 00:00:00-04:00,96.17728641793005,96.88776439085572,96.03827934567262,96.8414306640625,5556600,0.0,0.0
2017-04-13 00:00:00-04:00,96.63289620715372,97.03447472542243,96.50161341505209,96.5247802734375,5396500,0.0,0.0
2017-04-17 00:00:00-04:00,96.54794594035418,97.15803206843916,96.47844536605565,97.08853149414062,5367500,0.0,0.0
2017-04-18 00:00:00-04:00,95.12700306917284,95.27373437930456,93.40486038648304,94.07672882080078,13485700,0.0,0.0
2017-04-19 00:00:00-04:00,94.29294879481151,94.43195583634385,93.52841301232189,93.72920227050781,6993100,0.0,0.0
2017-04-20 00:00:00-04:00,94.10758642066872,94.331542485689,93.7137322448141,94.11531066894531,6330100,0.0,0.0
2017-04-21 00:00:00-04:00,94.04583048740952,94.24661975556027,93.86048972012708,94.03038787841797,6021700,0.0,0.0
2017-04-24 00:00:00-04:00,94.61733010815561,95.15019160475003,94.33159756570932,94.90306854248047,5679000,0.0,0.0
2017-04-25 00:00:00-04:00,95.25052376454003,95.56715312014916,94.99568250071121,95.32003021240234,5090000,0.0,0.0
2017-04-26 00:00:00-04:00,95.59808309200695,95.96104629919509,95.35868433487319,95.38185119628906,5021800,0.0,0.0
2017-04-27 00:00:00-04:00,95.43588208967638,95.99962853042031,95.29687506874798,95.55944061279297,4225200,0.0,0.0
2017-04-28 00:00:00-04:00,95.64440120220343,95.6830165595113,95.08837305147725,95.35094451904297,4381800,0.0,0.0
2017-05-01 00:00:00-04:00,95.29689655781004,95.59035327177637,94.98799134254833,95.25055694580078,4556400,0.0,0.0
2017-05-02 00:00:00-04:00,95.38956502874366,95.55946319356717,94.90304328646658,95.52857208251953,4881600,0.0,0.0
2017-05-03 00:00:00-04:00,95.44363466585945,95.52858375865425,95.01889509376318,95.24285125732422,3736500,0.0,0.0
2017-05-04 00:00:00-04:00,95.52085814723489,95.72164154052734,95.16561919155143,95.72164154052734,3753700,0.0,0.0
2017-05-05 00:00:00-04:00,95.60580734310466,95.60580734310466,94.8798809287284,95.38185119628906,4139800,0.0,0.0
2017-05-08 00:00:00-04:00,95.39726974400853,95.60578322791142,95.0034155236509,95.18103790283203,3608600,0.0,0.0
2017-05-09 00:00:00-04:00,95.16559498262284,95.35093571846646,94.89529929016767,95.150146484375,3762500,0.0,0.0
2017-05-10 00:00:00-04:00,94.91848590676065,95.03432020116594,94.50918312964767,94.84125518798828,4237400,0.0,0.0
2017-05-11 00:00:00-04:00,94.60186108928187,95.15016504652921,94.47829664669699,95.14244079589844,4095900,0.0,0.0
2017-05-12 00:00:00-04:00,95.07293426049719,95.83747005250075,94.99570943465746,95.48223114013672,4097100,0.0,0.0
2017-05-15 00:00:00-04:00,96.07689385007791,98.35505907241878,96.01511162032307,98.06932067871094,9854600,0.0,0.0
2017-05-16 00:00:00-04:00,98.3395969323109,99.13502388150022,98.12336505003151,98.67166900634766,7233800,0.0,0.0
2017-05-17 00:00:00-04:00,98.67165890506071,98.76433222735476,97.65227592733135,97.82217407226562,6480800,0.0,0.0
2017-05-18 00:00:00-04:00,97.66001683271043,98.74890646083547,97.27388676177995,98.05387115478516,6571300,0.0,0.0
2017-05-19 00:00:00-04:00,98.10020085718797,98.37821496821348,97.64457022026548,98.07703399658203,6957200,0.0,0.0
2017-05-22 00:00:00-04:00,97.79130434766851,98.57901302971587,97.79130434766851,98.27783203125,4858200,0.0,0.0
2017-05-23 00:00:00-04:00,98.31641041027399,98.96510592738115,98.31641041027399,98.47858428955078,3972500,0.0,0.0
2017-05-24 00:00:00-04:00,98.68711046792914,98.84928436807033,98.30098045086636,98.47087860107422,3965200,0.0,0.0
2017-05-25 00:00:00-04:00,98.52529530243706,99.20939457976135,98.20657208264122,99.1394271850586,5294300,0.84,0.0
2017-05-26 00:00:00-04:00,98.90621437713482,99.24825807793998,98.59526070562724,98.66522216796875,4005200,0.0,0.0
2017-05-30 00:00:00-04:00,98.49419809936958,99.0305930385161,98.09773794786375,98.81292724609375,3665400,0.0,0.0
2017-05-31 00:00:00-04:00,98.99948301320065,100.12668917945733,98.99948301320065,99.69912719726562,8813500,0.0,0.0
2017-06-01 00:00:00-04:00,99.75357153222237,100.11116027832031,99.59808578672207,100.11116027832031,5790900,0.0,0.0
2017-06-02 00:00:00-04:00,100.32102546842304,101.16836795418925,100.15000069086925,101.1217269897461,6562600,0.0,0.0
2017-06-05 00:00:00-04:00,101.0362306954434,101.46379270743596,100.90407732117208,101.33940887451172,4634700,0.0,0.0
2017-06-06 00:00:00-04:00,101.19950606353346,102.09350180043647,101.08290359701952,101.7048110961914,5619100,0.0,0.0
2017-06-07 00:00:00-04:00,101.83691575467928,102.2100553307709,101.51041714286247,101.64257049560547,5765200,0.0,0.0
2017-06-08 00:00:00-04:00,101.64258781400758,102.14788082893669,101.02846190992933,101.48711395263672,8101700,0.0,0.0
2017-06-09 00:00:00-04:00,101.34721236321872,102.38113107967035,101.30057137572301,102.24897766113281,5992500,0.0,0.0
2017-06-12 00:00:00-04:00,102.24893333546896,102.48215003374547,102.16342094149736,102.47438049316406,8020700,0.0,0.0
2017-06-13 00:00:00-04:00,102.41998653962644,103.18181689426358,102.14789833916453,102.6298828125,5733800,0.0,0.0
2017-06-14 00:00:00-04:00,103.01075633556488,103.8270087919835,103.01075633556488,103.21288299560547,7329400,0.0,0.0
2017-06-15 00:00:00-04:00,102.61431172179914,103.66378101825734,102.4666074055085,103.42278289794922,5265000,0.0,0.0
2017-06-16 00:00:00-04:00,103.95141578333333,104.63551504020981,103.42279039522991,104.44116973876953,12639600,0.0,0.0
2017-06-19 00:00:00-04:00,104.28570607212473,104.69771724939686,103.77264338281307,104.22352600097656,7488700,0.0,0.0
2017-06-20 00:00:00-04:00,104.0913430887822,104.75989142835772,104.0913430887822,104.3401107788086,5201200,0.0,0.0
2017-06-21 00:00:00-04:00,104.39453375802916,105.03199214338768,104.1846493391506,104.87651824951172,5841100,0.0,0.0
2017-06-22 00:00:00-04:00,105.29629991168333,106.50124335855753,105.15637696448526,105.76273345947266,7311000,0.0,0.0
2017-06-23 00:00:00-04:00,105.2962676822544,106.120289750818,105.19521620528525,106.05809783935547,9007100,0.0,0.0
2017-06-26 00:00:00-04:00,106.09697680822023,106.42347547018564,105.87931103357663,105.98814392089844,5561800,0.0,0.0
2017-06-27 00:00:00-04:00,106.11253351740476,106.29132787159779,104.93869217881335,104.95423126220703,6120500,0.0,0.0
2017-06-28 00:00:00-04:00,105.68498896402212,105.87933429564478,103.83482947306483,104.0291748046875,6557900,0.0,0.0
2017-06-29 00:00:00-04:00,103.70266006747714,103.95919731840134,102.85531730229845,103.11185455322266,5750000,0.0,0.0
2017-06-30 00:00:00-04:00,103.15851194353469,103.54720265308976,102.83201317093632,102.83978271484375,5264400,0.0,0.0
2017-07-03 00:00:00-04:00,103.22843718440336,103.64046010483165,103.11960429841143,103.31394958496094,2931000,0.0,0.0
2017-07-05 00:00:00-04:00,103.3761467619452,104.21571986600087,102.94081519581904,103.88922119140625,4302700,0.0,0.0
2017-07-06 00:00:00-04:00,103.86592807398824,104.14578584908409,102.93307277763499,103.01858520507812,4282200,0.0,0.0
2017-07-07 00:00:00-04:00,103.32174251582893,103.39170397993769,102.37333646270035,103.03410339355469,4994100,0.0,0.0
2017-07-10 00:00:00-04:00,103.18956594809192,103.29061741958238,102.01571295845763,102.26448059082031,4019600,0.0,0.0
2017-07-11 00:00:00-04:00,102.17122860260136,102.4510863725705,101.43271866742951,102.01575469970703,3733100,0.0,0.0
2017-07-12 00:00:00-04:00,102.64540176279041,103.30618048463657,102.43551739298563,102.79310607910156,5053200,0.0,0.0
2017-07-13 00:00:00-04:00,102.69207657956416,102.78535854166896,101.82918284440215,102.50550079345703,4424400,0.0,0.0
2017-07-14 00:00:00-04:00,102.6143388422239,103.39172019708923,102.41222396024223,103.08077239990234,4383100,0.0,0.0
2017-07-17 00:00:00-04:00,103.16624698855084,103.33725991095821,102.41995594233737,102.73090362548828,4939400,0.0,0.0
2017-07-18 00:00:00-04:00,102.31891586700182,104.90759684123591,101.89913521313251,104.52668762207031,10256000,0.0,0.0
2017-07-19 00:00:00-04:00,104.8220944268197,105.26520747328934,104.57333857240502,105.10973358154297,5503300,0.0,0.0
2017-07-20 00:00:00-04:00,105.51390691829276,106.56337588483878,105.4283945442639,106.16691589355469,6088600,0.0,0.0
2017-07-21 00:00:00-04:00,105.20303569193305,105.93377617117446,105.0242412752782,105.18748474121094,6773500,0.0,0.0
2017-07-24 00:00:00-04:00,104.93870624584947,105.0708596437852,103.27511073375071,103.39948272705078,8306700,0.0,0.0
2017-07-25 00:00:00-04:00,103.96697919000891,104.05249160736778,102.18676937278258,102.52104949951172,6262900,0.0,0.0
2017-07-26 00:00:00-04:00,102.35002639514676,102.80090897958013,101.64260655429968,101.79808044433594,5382200,0.0,0.0
2017-07-27 00:00:00-04:00,101.72036204569291,101.9535669787208,100.72531479177746,101.7048110961914,5838100,0.0,0.0
2017-07-28 00:00:00-04:00,101.94576533616338,102.60654407008604,101.46379281046156,102.49771118164062,4970900,0.0,0.0
2017-07-31 00:00:00-04:00,102.72316678999529,103.8425977847722,102.69207675653928,103.1740493774414,5440800,0.0,0.0
2017-08-01 00:00:00-04:00,103.52385478225696,103.66378956887812,102.83198597669181,103.01078033447266,3837600,0.0,0.0
2017-08-02 00:00:00-04:00,102.67653182243079,103.00303057138021,102.22564920857734,102.73872375488281,4032100,0.0,0.0
2017-08-03 00:00:00-04:00,102.54437965608334,103.70267030907264,102.23341999005726,103.66381072998047,4327300,0.0,0.0
2017-08-04 00:00:00-04:00,103.96696728186674,104.17685166797379,103.2362270466605,103.53162384033203,3192800,0.0,0.0
2017-08-07 00:00:00-04:00,103.46167707276892,103.76485531321265,103.0107944835633,103.28288269042969,3010800,0.0,0.0
2017-08-08 00:00:00-04:00,103.00302075446733,103.23623751346064,102.14789659212423,102.82422637939453,5535800,0.0,0.0
2017-08-09 00:00:00-04:00,103.24404255175263,103.71047623010088,102.90199276921739,103.57054138183594,6332300,0.0,0.0
2017-08-10 00:00:00-04:00,103.4227984861668,104.05248727608743,102.90195446098784,103.461669921875,5607900,0.0,0.0
2017-08-11 00:00:00-04:00,103.88924023170678,104.55001910547107,103.19737132404784,103.4694595336914,4270600,0.0,0.0
2017-08-14 00:00:00-04:00,104.32457759651517,104.45673100613291,103.29065894984869,103.76486206054688,3041100,0.0,0.0
2017-08-15 00:00:00-04:00,104.05251930455934,104.12248079323093,103.54721420860795,103.68714904785156,3931800,0.0,0.0
2017-08-16 00:00:00-04:00,104.231285173562,104.92315404975452,104.06026034017533,104.3012466430664,4469900,0.0,0.0
2017-08-17 00:00:00-04:00,104.30899693379804,104.74434034145807,103.41501335673733,103.42278289794922,5741400,0.0,0.0
2017-08-18 00:00:00-04:00,103.13517023132778,103.99806390348796,102.90973488540155,103.10408020019531,4792800,0.0,0.0
2017-08-21 00:00:00-04:00,102.83198155598018,103.89698997692413,102.76202009662519,103.74151611328125,4660000,0.0,0.0
2017-08-22 00:00:00-04:00,103.60157709723715,104.78318776684392,103.31393803920018,104.71322631835938,4150300,0.0,0.0
2017-08-23 00:00:00-04:00,104.50334454914976,104.54999738314528,103.11960702133065,103.23622131347656,5129900,0.0,0.0
2017-08-24 00:00:00-04:00,103.25176472241945,103.45387954073456,102.82420273954675,103.3061752319336,5398400,0.0,0.0
2017-08-25 00:00:00-04:00,103.19666728051163,103.70517461132545,102.96978596379611,103.0167236328125,4133300,0.84,0.0
2017-08-28 00:00:00-04:00,103.01672531962043,103.3609508145133,102.86809334441891,103.06367492675781,5349200,0.0,0.0
2017-08-29 00:00:00-04:00,102.9306776094283,103.61911663996506,102.71944616476205,103.43136596679688,3277900,0.0,0.0
2017-08-30 00:00:00-04:00,103.26707035457386,103.26707035457386,102.40650666001167,102.53951263427734,5430800,0.0,0.0
2017-08-31 00:00:00-04:00,102.78986491558943,103.65824769452449,102.68033969740634,103.5565414428711,7407100,0.0,0.0
2017-09-01 00:00:00-04:00,103.7364671906667,103.77557395391366,102.43780272984938,102.50820922851562,3820800,0.0,0.0
2017-09-05 00:00:00-04:00,102.26569696371635,102.62556038409298,101.48337064786011,101.62418365478516,5146600,0.0,0.0
2017-09-06 00:00:00-04:00,102.12488676188208,102.48476217156147,101.86672954525268,102.22659301757812,5601900,0.0,0.0
2017-09-07 00:00:00-04:00,102.37524529915602,103.67391014183754,101.89802566117571,103.41574096679688,3800200,0.0,0.0
2017-09-08 00:00:00-04:00,103.26706947479032,103.53305754635187,102.38303695403084,102.4690933227539,4854400,0.0,0.0
2017-09-11 00:00:00-04:00,102.77421729456263,104.31540128674052,102.50041021178892,104.21370697021484,5724200,0.0,0.0
2017-09-12 00:00:00-04:00,104.69873797304129,104.73785667843033,103.21231072972796,103.75994873046875,5465200,0.0,0.0
2017-09-13 00:00:00-04:00,103.79124576474462,104.63615973942204,103.14974430124286,103.61913299560547,4679500,0.0,0.0
2017-09-14 00:00:00-04:00,103.37660133950504,105.19942313095214,103.2592571642981,104.97254180908203,6274500,0.0,0.0
2017-09-15 00:00:00-04:00,105.44975730457277,105.96609553037727,104.97253778145382,105.18376922607422,15522000,0.0,0.0
2017-09-18 00:00:00-04:00,105.17595017075845,106.21644558707618,104.91778105807644,105.91133880615234,5260800,0.0,0.0
2017-09-19 00:00:00-04:00,105.62970045741676,106.23208311403063,105.10554326845757,105.78616333007812,4903800,0.0,0.0
2017-09-20 00:00:00-04:00,104.24500356843994,105.0586178560502,103.53308360593424,104.2215347290039,8705500,0.0,0.0
2017-09-21 00:00:00-04:00,104.29190679428572,104.69090080759939,102.78202291503831,103.07147979736328,6051800,0.0,0.0
2017-09-22 00:00:00-04:00,103.25926419391412,103.57218997400413,102.69598823986944,102.78986358642578,4334900,0.0,0.0
2017-09-25 00:00:00-04:00,102.85242944126429,103.07929879338626,102.35174113628919,102.61772918701172,6017400,0.0,0.0
2017-09-26 00:00:00-04:00,102.87592896937102,103.22015452000569,102.34395270919335,102.43782806396484,4516200,0.0,0.0
2017-09-27 00:00:00-04:00,102.48472839237867,102.55513488279874,101.25647057408399,101.50682067871094,5796100,0.0,0.0
2017-09-28 00:00:00-04:00,101.63198325647114,101.91362112093255,101.14693297263017,101.28775787353516,3992700,0.0,0.0
2017-09-29 00:00:00-04:00,101.37384102447008,102.0701109377529,100.95920905011917,101.71023559570312,5736900,0.0,0.0
2017-10-02 00:00:00-04:00,101.82759636487395,102.74291672399352,101.71807115790287,102.6568603515625,4492900,0.0,0.0
2017-10-03 00:00:00-04:00,102.99323481368033,103.57997943723873,102.76636547833837,103.34529113769531,3900800,0.0,0.0
2017-10-04 00:00:00-04:00,103.57998897640803,104.19020248611824,103.34530065525107,103.96333312988281,3589000,0.0,0.0
2017-10-05 00:00:00-04:00,103.96335876564976,104.29193443364227,103.54872671289584,104.19805908203125,3741100,0.0,0.0
2017-10-06 00:00:00-04:00,104.04942194823649,104.24500356843994,103.64260883575398,104.2215347290039,2469500,0.0,0.0
2017-10-09 00:00:00-04:00,104.56574490006531,104.6909199835368,104.18240068344122,104.40145111083984,3750500,0.0,0.0
2017-10-10 00:00:00-04:00,104.48751377672023,104.93344556191668,103.9868253500553,104.75350189208984,4184600,0.0,0.0
2017-10-11 00:00:00-04:00,105.52017537944451,107.24129085548894,105.12118132572441,106.9048843383789,8269400,0.0,0.0
2017-10-12 00:00:00-04:00,106.66238632927433,107.58553775636416,106.41204807034862,107.04573059082031,5172800,0.0,0.0
2017-10-13 00:00:00-04:00,106.86577116592076,107.50727248734584,106.6623586997959,106.7327651977539,4106600,0.0,0.0
2017-10-16 00:00:00-04:00,106.74842638709578,107.38210881062906,106.03650655485482,106.4902572631836,5120100,0.0,0.0
2017-10-17 00:00:00-04:00,107.70284573966721,110.40186872260401,107.22562628363748,110.1436996459961,11717300,0.0,0.0
2017-10-18 00:00:00-04:00,110.14372697348226,110.76177150525342,109.58046295618357,110.05767059326172,6827700,0.0,0.0
2017-10-19 00:00:00-04:00,110.08115939876275,111.85703183515307,109.94815339815602,111.12164306640625,9181300,0.0,0.0
2017-10-20 00:00:00-04:00,111.38762897471062,112.35770600394312,110.95734709689653,111.40326690673828,5634500,0.0,0.0
2017-10-23 00:00:00-04:00,111.19203801570532,112.92880331259575,111.15291931422819,112.35769653320312,6686000,0.0,0.0
2017-10-24 00:00:00-04:00,112.16998356144425,112.16998356144425,110.25327398110461,110.80873107910156,6585800,0.0,0.0
2017-10-25 00:00:00-04:00,110.43318196977,112.05259118277031,110.27671909922846,111.3719711303711,6563600,0.0,0.0
2017-10-26 00:00:00-04:00,111.48932988359662,112.4594189076209,110.60530917758399,110.94170379638672,5841100,0.0,0.0
2017-10-27 00:00:00-04:00,110.30800696837412,111.63795927484868,109.68214354845907,110.91822052001953,5140100,0.0,0.0
2017-10-30 00:00:00-04:00,110.37060205547688,110.47230830016031,108.99371198734069,109.52568817138672,6034300,0.0,0.0
2017-10-31 00:00:00-04:00,109.54133697437878,109.7290876552249,108.72771089953707,109.06411743164062,4832100,0.0,0.0
2017-11-01 00:00:00-04:00,109.39267324075108,109.98723685129524,109.00932910789014,109.51001739501953,5006800,0.0,0.0
2017-11-02 00:00:00-04:00,109.61175697215766,109.75257000012539,108.82943053939296,109.47093200683594,3494100,0.0,0.0
2017-11-03 00:00:00-04:00,109.3144607187253,109.83861795597021,108.97806610838205,109.5882797241211,2737000,0.0,0.0
2017-11-06 00:00:00-05:00,109.53351036375395,109.90903561486823,109.30664096972296,109.33792877197266,4220700,0.0,0.0
2017-11-07 00:00:00-05:00,109.58828343393503,109.64304007445598,108.6729629793408,109.34576416015625,4201900,0.0,0.0
2017-11-08 00:00:00-05:00,109.29100315501513,110.98865012644953,109.10325244610159,110.55838012695312,4440700,0.0,0.0
2017-11-09 00:00:00-05:00,110.19848927905463,110.6287711556694,109.36922526449851,109.79950714111328,3517100,0.0,0.0
2017-11-10 00:00:00-05:00,109.62738158399527,109.62738158399527,108.43824233772372,109.18144989013672,4240800,0.0,0.0
2017-11-13 00:00:00-05:00,108.75118399662874,109.54134126733113,108.28961430498958,109.33792877197266,4322300,0.0,0.0
2017-11-14 00:00:00-05:00,109.18929652607633,109.74474156047702,108.6807772262604,109.126708984375,4078200,0.0,0.0
2017-11-15 00:00:00-05:00,108.92328854094102,109.39268910077045,108.54777525548872,108.82159423828125,4811500,0.0,0.0
2017-11-16 00:00:00-05:00,109.0719521617662,109.2753527411979,108.4617384861168,108.64167022705078,4193800,0.0,0.0
2017-11-17 00:00:00-05:00,108.19572932944983,108.63383014606433,107.8749726825171,107.96102905273438,4247400,0.0,0.0
2017-11-20 00:00:00-05:00,108.07838564840628,108.39914233221707,107.75764090194883,107.9062728881836,4266300,0.0,0.0
2017-11-21 00:00:00-05:00,108.31305372999867,108.94673600532535,108.10965322722399,108.22699737548828,5660600,0.0,0.0
2017-11-22 00:00:00-05:00,108.19570511925892,108.25829264153506,106.86575309860122,107.40554809570312,3917000,0.0,0.0
2017-11-24 00:00:00-05:00,107.56988226596067,108.25833333241603,107.42123833685292,107.96886444091797,2606800,0.0,0.0
2017-11-27 00:00:00-05:00,108.23649650734778,108.86619275472235,108.21288394898622,108.7009048461914,3933100,0.84,0.0
2017-11-28 00:00:00-05:00,108.85832313873273,110.61359132492063,108.81896487231145,110.21216583251953,5052800,0.0,0.0
2017-11-29 00:00:00-05:00,110.36957304134468,110.69229397087294,109.3699308498461,110.0468521118164,5851400,0.0,0.0
2017-11-30 00:00:00-05:00,110.24359069023983,110.4167573684443,108.99994455152165,109.66899871826172,8941900,0.0,0.0
2017-12-01 00:00:00-05:00,109.85794752621482,110.61357327217182,109.09444292198545,110.18065643310547,5990500,0.0,0.0
2017-12-04 00:00:00-05:00,110.68441151647421,111.37707846262617,109.35418159054818,109.41715240478516,5916700,0.0,0.0
2017-12-05 00:00:00-05:00,110.03109571783509,110.83395853438894,109.56669950461875,109.9366455078125,6745300,0.0,0.0
2017-12-06 00:00:00-05:00,110.85754925114763,111.73912840937723,110.34592803369466,111.03071594238281,5591700,0.0,0.0
2017-12-07 00:00:00-05:00,110.20426177978516,111.37707059247283,109.61392394978972,110.20426177978516,4713100,0.0,0.0
2017-12-08 00:00:00-05:00,110.19639328626289,110.79459795462498,110.03897226937326,110.6607894897461,5101300,0.0,0.0
2017-12-11 00:00:00-05:00,110.90480703345553,111.11733203723578,110.06259788736436,111.09371948242188,4358600,0.0,0.0
2017-12-12 00:00:00-05:00,112.24292755126953,113.00643226431274,111.8021317911091,112.24292755126953,8016700,0.0,0.0
2017-12-13 00:00:00-05:00,112.16418570295562,112.89619883410451,111.93592703068606,112.47116088867188,6118400,0.0,0.0
2017-12-14 00:00:00-05:00,112.96705732098087,113.04576183011922,111.46366067411917,111.4951400756836,5337900,0.0,0.0
2017-12-15 00:00:00-05:00,112.14842412178655,112.66792421190249,111.59744463702054,112.1326904296875,12517000,0.0,0.0
2017-12-18 00:00:00-05:00,112.21138660550498,113.1874159136508,111.29832809244449,111.6131820678711,5833200,0.0,0.0
2017-12-19 00:00:00-05:00,111.68404887968775,112.06974059640675,111.2668777624294,111.59746551513672,6580100,0.0,0.0
2017-12-20 00:00:00-05:00,111.97526519772543,112.22714841421808,111.04647286042761,111.10944366455078,6289800,0.0,0.0
2017-12-21 00:00:00-05:00,111.44788696841717,111.90441624435981,110.99923654872715,111.03071594238281,6284700,0.0,0.0
2017-12-22 00:00:00-05:00,110.9835070147744,111.25900279381513,110.22786934198923,110.29084014892578,4665600,0.0,0.0
2017-12-26 00:00:00-05:00,110.55847630466334,110.62143510526012,109.94451389953045,110.2672348022461,3271100,0.0,0.0
2017-12-27 00:00:00-05:00,110.52700576946435,111.10159801445442,110.35383900898137,110.64508056640625,3753600,0.0,0.0
2017-12-28 00:00:00-05:00,110.74738006311112,110.98351760905106,110.45615056237607,110.6371841430664,2485000,0.0,0.0
2017-12-29 00:00:00-05:00,110.96778420332174,111.14882981453441,109.865824880729,109.97602081298828,4452900,0.0,0.0
2018-01-02 00:00:00-05:00,109.92879104331936,110.15704974673731,109.18889895358721,109.59032440185547,6842100,0.0,0.0
2018-01-03 00:00:00-05:00,109.69264596976113,110.73163435726059,109.33056679792595,110.6371841430664,5350500,0.0,0.0
2018-01-04 00:00:00-05:00,110.55061696576824,111.09372979782802,110.36958335856707,110.62933349609375,4837600,0.0,0.0
2018-01-05 00:00:00-05:00,110.73951082256076,111.62895702185183,110.41678991709799,111.54237365722656,6158800,0.0,0.0
2018-01-08 00:00:00-05:00,111.53450495323891,111.77064251557415,110.92055449744049,111.6840591430664,5129800,0.0,0.0
2018-01-09 00:00:00-05:00,112.06184710896386,114.66720254243748,111.97526375571613,113.45504760742188,8897000,0.0,0.0
2018-01-10 00:00:00-05:00,112.99069360021743,113.4708356454623,112.80965997968622,113.32128143310547,6558600,0.0,0.0
2018-01-11 00:00:00-05:00,113.44717907398395,114.05325052725323,113.10084566614294,113.96666717529297,4962200,0.0,0.0
2018-01-12 00:00:00-05:00,114.12412251992274,115.24969430522172,114.0532728468522,114.73019409179688,5450600,0.0,0.0
2018-01-16 00:00:00-05:00,115.24970530967366,116.54057710812117,114.94273006523967,115.59603881835938,8804000,0.0,0.0
2018-01-17 00:00:00-05:00,116.3674043680215,116.74522927285628,114.5098072891776,115.69048309326172,10619700,0.0,0.0
2018-01-18 00:00:00-05:00,115.65108583975164,116.05252316448875,114.89546030574881,115.64321899414062,5554800,0.0,0.0
2018-01-19 00:00:00-05:00,116.06827185883179,116.21781399200485,115.24966349702878,115.98955535888672,8738800,0.0,0.0
2018-01-22 00:00:00-05:00,115.71408468563371,116.60353088378906,115.48582600306993,116.60353088378906,7010400,0.0,0.0
2018-01-23 00:00:00-05:00,115.67473243329107,116.05254527226506,111.47151805919763,111.6368179321289,17473600,0.0,0.0
2018-01-24 00:00:00-05:00,112.95132414856026,112.9985492613745,111.6132272401807,111.82575225830078,13034400,0.0,0.0
2018-01-25 00:00:00-05:00,112.01467182976357,113.86440246709888,111.93596729845743,113.65974426269531,7938800,0.0,0.0
2018-01-26 00:00:00-05:00,113.73842261836953,114.6042562452515,113.44719313044286,114.39173126220703,8065600,0.0,0.0
2018-01-29 00:00:00-05:00,114.01392470105758,114.08476236249544,112.97492429148377,113.09298706054688,8013400,0.0,0.0
2018-01-30 00:00:00-05:00,112.8725896464741,113.20318940444126,112.10908508300781,112.10908508300781,8376100,0.0,0.0
2018-01-31 00:00:00-05:00,112.21931358919234,112.21931358919234,108.70089847408738,108.77173614501953,13137400,0.0,0.0
2018-02-01 00:00:00-05:00,108.25223946512364,110.72378726462622,107.8350682640627,110.21216583251953,9393600,0.0,0.0
2018-02-02 00:00:00-05:00,109.4250465658728,110.47978082832043,108.13417471962705,108.37030029296875,9262500,0.0,0.0
2018-02-05 00:00:00-05:00,107.5044910734349,107.83507892523544,96.14638726467723,102.63223266601562,19954100,0.0,0.0
2018-02-06 00:00:00-05:00,102.3330739647158,104.67869120619294,100.75097316302782,103.76563262939453,19193500,0.0,0.0
2018-02-07 00:00:00-05:00,103.81289345543796,105.02504873389148,103.38785542572091,103.44294738769531,10550400,0.0,0.0
2018-02-08 00:00:00-05:00,103.0415223112009,103.30913929429187,99.2633571006327,99.46013641357422,11680200,0.0,0.0
2018-02-09 00:00:00-05:00,100.37316193374917,103.04936106106929,98.73596306047078,101.95526885986328,15030900,0.0,0.0
2018-02-12 00:00:00-05:00,102.32524810026501,103.36424869214848,100.49913622053096,102.53777313232422,9963900,0.0,0.0
2018-02-13 00:00:00-05:00,101.70341668928818,102.79750909527594,101.3019792385199,102.29375457763672,6339000,0.0,0.0
2018-02-14 00:00:00-05:00,101.88442665755011,102.33307710324169,101.05795140338401,102.06546020507812,6259700,0.0,0.0
2018-02-15 00:00:00-05:00,102.40396921165805,103.33276189399305,101.85297747350566,103.29340362548828,5606400,0.0,0.0
2018-02-16 00:00:00-05:00,103.08087279063218,105.82790410513245,102.98641056044443,104.80464935302734,7970100,0.0,0.0
2018-02-20 00:00:00-05:00,104.58427493020473,105.04080441909005,102.844752371124,103.01004028320312,6563500,0.0,0.0
2018-02-21 00:00:00-05:00,102.95493601443876,104.23792893133592,102.21504389708076,102.25440216064453,6578000,0.0,0.0
2018-02-22 00:00:00-05:00,102.40395635591337,103.12810276575469,101.91593550654308,102.25440216064453,5732200,0.0,0.0
2018-02-23 00:00:00-05:00,102.39607963792528,103.9624472810504,102.34098767614871,103.91522216796875,5126800,0.0,0.0
2018-02-26 00:00:00-05:00,104.335054486352,105.6817196232448,103.7726174246188,104.62023162841797,6684400,0.84,0.0
2018-02-27 00:00:00-05:00,104.73114705760841,105.42823742930946,104.2479305052772,104.30337524414062,7158600,0.0,0.0
2018-02-28 00:00:00-05:00,104.52516601896924,104.82618969750389,102.87747718426596,102.88540649414062,7985900,0.0,0.0
2018-03-01 00:00:00-05:00,102.27546307908084,103.07553786341703,100.22377185548473,100.82581329345703,9424000,0.0,0.0
2018-03-02 00:00:00-05:00,100.53270692951479,102.27545093756254,100.53270692951479,102.04573059082031,6910400,0.0,0.0
2018-03-05 00:00:00-05:00,101.89521634945592,103.21811783642163,101.53873582815672,102.8141098022461,5799800,0.0,0.0
2018-03-06 00:00:00-05:00,102.980473938793,103.13890301968756,101.33278490528862,101.5704345703125,5546500,0.0,0.0
2018-03-07 00:00:00-05:00,100.98420577944307,102.44969543807774,100.81784744362746,102.21996307373047,6391700,0.0,0.0
2018-03-08 00:00:00-05:00,102.44971089048146,104.80241917237642,102.44971089048146,104.61229705810547,6423400,0.0,0.0
2018-03-09 00:00:00-05:00,104.96876425916865,106.0065005228831,104.21621720731726,105.99065399169922,7557800,0.0,0.0
2018-03-12 00:00:00-04:00,105.99065781022259,106.33127967509655,104.81826829497344,105.06383514404297,4942000,0.0,0.0
2018-03-13 00:00:00-04:00,105.99062646841142,107.250153404822,105.71336663781905,106.42631530761719,9152300,0.0,0.0
2018-03-14 00:00:00-04:00,107.1313658661849,107.49575148336667,104.48555109372633,104.81826782226562,6770600,0.0,0.0
2018-03-15 00:00:00-04:00,105.00047638773958,106.33922446287022,104.93710233885817,105.40447235107422,6147200,0.0,0.0
2018-03-16 00:00:00-04:00,105.48367860511078,106.46594601093173,104.64399372438167,105.89559173583984,14233500,0.0,0.0
2018-03-19 00:00:00-04:00,105.63419566575361,105.72925068718405,102.47348324220005,103.17058563232422,6017000,0.0,0.0
2018-03-20 00:00:00-04:00,103.59833852308306,104.39049588269516,102.48932305457092,103.93897247314453,6214300,0.0,0.0
2018-03-21 00:00:00-04:00,104.08949542256579,105.18267669048724,103.50330658168654,103.92314910888672,5158700,0.0,0.0
2018-03-22 00:00:00-04:00,103.35277589247842,103.51912217586131,100.68320330593919,100.9050064086914,7560100,0.0,0.0
2018-03-23 00:00:00-04:00,101.10304952113802,101.23772087597872,98.94046314510105,99.09889221191406,8452500,0.0,0.0
2018-03-26 00:00:00-04:00,100.13660732030202,101.03174289470634,99.18601493289438,100.91291809082031,8358200,0.0,0.0
2018-03-27 00:00:00-04:00,100.69112543625684,102.26752297987156,100.12077115350993,100.77033996582031,7789900,0.0,0.0
2018-03-28 00:00:00-04:00,101.10303013962547,102.20413430451512,100.77032553688892,100.96044158935547,6868500,0.0,0.0
2018-03-29 00:00:00-04:00,101.37239395661409,101.9981930490656,100.46141164341518,101.51497650146484,6119400,0.0,0.0
2018-04-02 00:00:00-04:00,101.25353874019656,101.3010662408842,97.86310670106177,98.67110443115234,8916900,0.0,0.0
2018-04-03 00:00:00-04:00,99.16226492293667,101.78431006231519,98.76618621754767,101.67340850830078,8035000,0.0,0.0
2018-04-04 00:00:00-04:00,100.52480011004762,103.86770008744018,100.12079804398137,103.3052749633789,7717100,0.0,0.0
2018-04-05 00:00:00-04:00,103.30524283376796,103.93104182133986,102.58437674486422,103.54289245605469,5621700,0.0,0.0
2018-04-06 00:00:00-04:00,103.15474996528124,103.48745466269558,100.13663184332728,101.47537994384766,6399300,0.0,0.0
2018-04-09 00:00:00-04:00,101.91103519038771,103.88351128426365,101.1426476605924,102.56852722167969,6395800,0.0,0.0
2018-04-10 00:00:00-04:00,103.17851257324219,103.70133941507972,102.41803606808179,103.17851257324219,6019300,0.0,0.0
2018-04-11 00:00:00-04:00,102.29919361163809,103.25770926657314,102.21205582482582,102.6873550415039,4575400,0.0,0.0
2018-04-12 00:00:00-04:00,103.05176006543606,104.01819312420015,102.86956723587467,103.32109069824219,4559800,0.0,0.0
2018-04-13 00:00:00-04:00,103.84391070930792,104.1053241019029,102.68736767373791,103.47159576416016,4742300,0.0,0.0
2018-04-16 00:00:00-04:00,104.09739361608115,105.2618658131988,103.99440929920264,104.37464141845703,6379600,0.0,0.0
2018-04-17 00:00:00-04:00,104.65190354295545,104.7231948004578,102.03778198161653,103.40821075439453,11008700,0.0,0.0
2018-04-18 00:00:00-04:00,102.73489026537705,102.9012365425611,100.55645751874009,101.1743392944336,9383600,0.0,0.0
2018-04-19 00:00:00-04:00,101.10306374918005,101.61005013042822,100.51686886706001,101.0396957397461,5959500,0.0,0.0
2018-04-20 00:00:00-04:00,101.39615145064506,101.63380109808016,99.94650189739055,100.33466339111328,7743900,0.0,0.0
2018-04-23 00:00:00-04:00,100.50892644747917,100.84163714110048,99.63755453605837,100.46932220458984,7501900,0.0,0.0
2018-04-24 00:00:00-04:00,100.55645166643208,100.96837081169404,99.26523137289034,99.96233367919922,6577500,0.0,0.0
2018-04-25 00:00:00-04:00,99.74055435342632,100.48517829840686,99.24149125733022,100.41388702392578,5859600,0.0,0.0
2018-04-26 00:00:00-04:00,100.30297569556852,102.36258379935467,100.30297569556852,101.40406799316406,8211100,0.0,0.0
2018-04-27 00:00:00-04:00,101.18225781764055,102.02193660478211,101.00005897360589,101.61002349853516,4266800,0.0,0.0
2018-04-30 00:00:00-04:00,102.07739678805432,102.17245180226944,100.19998168945312,100.19998168945312,8219400,0.0,0.0
2018-05-01 00:00:00-04:00,100.06533006210921,100.31882020745213,98.99591870030878,99.81976318359375,5122600,0.0,0.0
2018-05-02 00:00:00-04:00,99.4315914011453,99.95441817145452,97.59378652641671,97.83143615722656,7390800,0.0,0.0
2018-05-03 00:00:00-04:00,97.67301522776138,97.98195614731642,96.0728538069916,97.4591293334961,7282900,0.0,0.0
2018-05-04 00:00:00-04:00,97.11849546821678,98.63151899441203,96.4847731780996,98.3780288696289,6127600,0.0,0.0
2018-05-07 00:00:00-04:00,98.33842184853842,99.20979380369157,97.68885300447718,97.9027328491211,6707900,0.0,0.0
2018-05-08 00:00:00-04:00,97.32444312701212,97.82350003370144,96.39762056729748,97.12640380859375,5951800,0.0,0.0
2018-05-09 00:00:00-04:00,97.42744545903253,98.26713648621192,97.06305374838867,97.83937072753906,6808600,0.0,0.0
2018-05-10 00:00:00-04:00,98.40179272377353,99.85144220931512,98.22751712961906,99.29692840576172,4948000,0.0,0.0
2018-05-11 00:00:00-04:00,99.62962564763343,101.07927502529773,99.62170842571108,100.79409790039062,5716700,0.0,0.0
2018-05-14 00:00:00-04:00,100.88123580325734,101.0871984034041,99.4949604615142,99.8593521118164,6101600,0.0,0.0
2018-05-15 00:00:00-04:00,99.44742991677033,99.67715626305346,98.54437106237772,99.12264251708984,5875700,0.0,0.0
2018-05-16 00:00:00-04:00,99.36822571413458,99.73261739114787,99.01967452582566,99.29692840576172,3818100,0.0,0.0
2018-05-17 00:00:00-04:00,99.40781048753597,99.48702500290526,97.87102954959524,98.10867309570312,6473400,0.0,0.0
2018-05-18 00:00:00-04:00,98.05324898135099,98.57607580351637,97.65717025317059,98.41764068603516,5433900,0.0,0.0
2018-05-21 00:00:00-04:00,98.71864191488007,99.01173623905659,97.68883503856581,98.00569915771484,5558700,0.0,0.0
2018-05-22 00:00:00-04:00,98.06909435133264,98.41763951829223,97.24524988125064,97.36407470703125,7172700,0.0,0.0
2018-05-23 00:00:00-04:00,97.33238525563753,98.20375721681987,97.2294009221455,97.79183197021484,4940800,0.0,0.0
2018-05-24 00:00:00-04:00,97.60963355656713,97.74429886099541,96.28673217938794,96.84123992919922,6923600,0.0,0.0
2018-05-25 00:00:00-04:00,97.00881645337364,97.99838101164492,96.66566227833687,96.93699645996094,4594800,0.9,0.0
2018-05-29 00:00:00-04:00,96.16291447212417,96.4023266530998,94.66261559172368,95.28507995605469,9821900,0.0,0.0
2018-05-30 00:00:00-04:00,95.85965281264451,97.02477937062163,95.39679256552232,96.53797912597656,6423700,0.0,0.0
2018-05-31 00:00:00-04:00,96.49809386766495,96.76144606872208,95.39681114756938,95.46065521240234,10337500,0.0,0.0
2018-06-01 00:00:00-04:00,96.0671519288889,96.81730444103756,95.73996176388049,96.76942443847656,5741000,0.0,0.0
2018-06-04 00:00:00-04:00,97.24025107471486,97.65523135085138,96.57788269182667,97.32005310058594,4853000,0.0,0.0
2018-06-05 00:00:00-04:00,97.39987035292586,97.80686254960331,96.48213174804624,96.94499206542969,5125400,0.0,0.0
2018-06-06 00:00:00-04:00,97.33603861188564,97.99042510986328,96.9290402751844,97.99042510986328,6799300,0.0,0.0
2018-06-07 00:00:00-04:00,98.15799638851823,98.54903060430905,97.57542999117275,98.42134857177734,7414100,0.0,0.0
2018-06-08 00:00:00-04:00,98.4452859565704,99.63435263173028,98.42134595663836,99.00390625,6208100,0.0,0.0
2018-06-11 00:00:00-04:00,99.17148428540519,99.22734631021221,97.79887366321785,97.88665771484375,5571400,0.0,0.0
2018-06-12 00:00:00-04:00,98.28568351533612,98.30164148605189,97.32005885315392,97.79090118408203,5227300,0.0,0.0
2018-06-13 00:00:00-04:00,98.27769695634518,99.02784331550711,97.72705262020676,97.86271667480469,5836900,0.0,0.0
2018-06-14 00:00:00-04:00,97.92654746675832,98.27768364380448,97.43176522532998,97.68714141845703,5239200,0.0,0.0
2018-06-15 00:00:00-04:00,97.4397501428155,97.94251442731313,96.7534418246947,97.84674835205078,13173500,0.0,0.0
2018-06-18 00:00:00-04:00,97.04874433103882,97.20834841458071,95.96341951513851,96.81731414794922,6787400,0.0,0.0
2018-06-19 00:00:00-04:00,96.29061084212644,98.29366816798587,96.21878474627803,97.81484985351562,8572400,0.0,0.0
2018-06-20 00:00:00-04:00,97.69513399833271,97.8866661758013,97.08863370186262,97.39188385009766,6277200,0.0,0.0
2018-06-21 00:00:00-04:00,97.22432259839005,97.55151283026746,96.64973809620848,96.92106628417969,4417200,0.0,0.0
2018-06-22 00:00:00-04:00,97.1045894723055,98.46124221186182,97.08064947279048,98.03030395507812,9501400,0.0,0.0
2018-06-25 00:00:00-04:00,98.01435307454638,98.50115339491151,96.96893243007611,97.83080291748047,8170500,0.0,0.0
2018-06-26 00:00:00-04:00,97.75098338319768,98.07019754918149,97.04073506034818,97.6392593383789,5496400,0.0,0.0
2018-06-27 00:00:00-04:00,97.46370314738449,98.13405358668096,96.92104082547955,97.0487289428711,5666000,0.0,0.0
2018-06-28 00:00:00-04:00,97.18438672815587,97.6871510473019,96.61778444293925,97.35995483398438,5296800,0.0,0.0
2018-06-29 00:00:00-04:00,97.55149004246955,98.30164253269564,96.71355957961514,96.83325958251953,7308700,0.0,0.0
2018-07-02 00:00:00-04:00,96.83324811446435,97.14448635066972,95.85167167586899,97.0247802734375,5481400,0.0,0.0
2018-07-03 00:00:00-04:00,97.08066214175248,98.52509912703157,96.76942993043274,97.92657470703125,4248100,0.0,0.0
2018-07-05 00:00:00-04:00,98.63681970515056,99.84983256295557,98.34155156505061,99.75406646728516,7319100,0.0,0.0
2018-07-06 00:00:00-04:00,99.88174100230387,100.48824126016494,99.44282073417686,100.35257720947266,7297900,0.0,0.0
2018-07-09 00:00:00-04:00,100.72766693754721,101.15062320439888,100.23288457695382,100.59200286865234,6706100,0.0,0.0
2018-07-10 00:00:00-04:00,100.8473804460267,101.76511305241065,100.63989026814173,101.65338897705078,5075600,0.0,0.0
2018-07-11 00:00:00-04:00,101.67734758552379,101.70128759197571,100.59999858713775,100.74364471435547,4827400,0.0,0.0
2018-07-12 00:00:00-04:00,101.91672283443258,102.31574514549217,101.48578458345243,101.95662689208984,6199000,0.0,0.0
2018-07-13 00:00:00-04:00,100.00945355348756,101.74916501054138,100.00945355348756,100.49625396728516,8250200,0.0,0.0
2018-07-16 00:00:00-04:00,100.55208094194538,100.6318829630874,99.0837042697195,99.50666046142578,7314400,0.0,0.0
2018-07-17 00:00:00-04:00,102.5711133954915,104.17515429211518,101.7970209178797,103.03397369384766,12858700,0.0,0.0
2018-07-18 00:00:00-04:00,102.79456434926473,102.9860965329371,101.48579153669414,101.98855590820312,7152000,0.0,0.0
2018-07-19 00:00:00-04:00,101.77309558462726,101.90875966416061,100.44836464661509,100.50422668457031,5984600,0.0,0.0
2018-07-20 00:00:00-04:00,99.99347408639623,100.66381845989827,99.84982799371654,100.43238830566406,5835500,0.0,0.0
2018-07-23 00:00:00-04:00,100.35258134782599,101.09475177548924,100.1131691756103,101.05484771728516,4631100,0.0,0.0
2018-07-24 00:00:00-04:00,101.54164380274047,103.44095877771251,101.46982380714896,103.23347473144531,7158800,0.0,0.0
2018-07-25 00:00:00-04:00,103.05791701793787,103.12973702077267,101.86885029246928,102.64293670654297,6523000,0.0,0.0
2018-07-26 00:00:00-04:00,103.66441800543338,104.71782676184249,103.62452612160764,103.9676742553711,7640600,0.0,0.0
2018-07-27 00:00:00-04:00,103.72824633139795,105.55574731813891,103.6963303937772,104.98116302490234,6620400,0.0,0.0
2018-07-30 00:00:00-04:00,105.164742786816,105.73135133236477,104.74178645187605,105.4759750366211,11013100,0.0,0.0
2018-07-31 00:00:00-04:00,105.5637473405732,105.85103955273152,105.15675511377002,105.75527954101562,7598900,0.0,0.0
2018-08-01 00:00:00-04:00,105.65151270589375,106.10639703503334,105.4041246014179,105.85102081298828,5770400,0.0,0.0
2018-08-02 00:00:00-04:00,106.0505175502616,106.13830159505208,104.61405689778428,104.74174499511719,6563300,0.0,0.0
2018-08-03 00:00:00-04:00,104.68588092545197,105.89889354290428,104.46243283500124,105.30036926269531,6498700,0.0,0.0
2018-08-06 00:00:00-04:00,105.05299832950243,105.76324677091459,104.55023395538709,105.35625457763672,5840000,0.0,0.0
2018-08-07 00:00:00-04:00,105.24452734388483,105.47595140516741,104.78166704431038,104.90935516357422,4664600,0.0,0.0
2018-08-08 00:00:00-04:00,104.9333013634791,105.18068949853817,104.45447697645444,104.67792510986328,3721500,0.0,0.0
2018-08-09 00:00:00-04:00,104.97317134180572,105.11682349873894,104.27888708481629,104.70184326171875,4057800,0.0,0.0
2018-08-10 00:00:00-04:00,104.69387149145153,105.04500769237573,103.9516950345876,104.34273529052734,4324000,0.0,0.0
2018-08-13 00:00:00-04:00,104.3187854455833,104.46242541767064,103.62450122648085,103.91976928710938,3778000,0.0,0.0
2018-08-14 00:00:00-04:00,103.48085599727875,104.11928432893087,103.22549197082246,103.3451919555664,4542800,0.0,0.0
2018-08-15 00:00:00-04:00,103.5447079883152,104.33476447923235,102.89031554951357,104.08736419677734,5377300,0.0,0.0
2018-08-16 00:00:00-04:00,104.55822225686298,106.04256320384245,104.19911006486996,105.72334289550781,7861500,0.0,0.0
2018-08-17 00:00:00-04:00,105.69941033044091,107.73439579757499,105.49192624818419,107.31143951416016,6700900,0.0,0.0
2018-08-20 00:00:00-04:00,107.67847715187801,109.42616958980881,106.93631306289635,109.23464965820312,7935000,0.0,0.0
2018-08-21 00:00:00-04:00,109.33045113027771,109.67359925601404,107.97379833267614,108.01370239257812,5832100,0.0,0.0
2018-08-22 00:00:00-04:00,108.18126982146812,108.2770298124943,107.27151337569539,107.42314147949219,4688400,0.0,0.0
2018-08-23 00:00:00-04:00,107.42315781297621,108.12543032596874,107.01616561222457,107.82217407226562,5057600,0.0,0.0
2018-08-24 00:00:00-04:00,107.82214085974938,108.6520890655376,107.59869279753693,108.49248504638672,4809400,0.0,0.0
2018-08-27 00:00:00-04:00,108.85404465355978,109.29589009087077,107.8177274080137,108.38809967041016,4325900,0.9,0.0
2018-08-28 00:00:00-04:00,108.27564726792613,108.372045465731,107.56066536515847,107.90611267089844,6037500,0.0,0.0
2018-08-29 00:00:00-04:00,107.9061006850563,108.40417432927516,107.60082341503202,108.33990478515625,4648700,0.0,0.0
2018-08-30 00:00:00-04:00,108.21134797327919,108.93437103257334,108.13102024990881,108.41218566894531,4821900,0.0,0.0
2018-08-31 00:00:00-04:00,108.13101710848233,108.45235250894864,107.6249022074961,108.20331573486328,6139500,0.0,0.0
2018-09-04 00:00:00-04:00,108.20330816955115,108.25150725043515,107.19911979060463,107.42405700683594,4406800,0.0,0.0
2018-09-05 00:00:00-04:00,107.23128551308896,109.20753431996829,107.21522731934621,109.14326477050781,6174800,0.0,0.0
2018-09-06 00:00:00-04:00,108.85402613202895,110.30808902163834,108.59694800927656,109.9546127319336,6562000,0.0,0.0
2018-09-07 00:00:00-04:00,109.88233811758063,110.61339039847358,109.05488764867096,110.31615447998047,6375200,0.0,0.0
2018-09-10 00:00:00-04:00,110.4848108828579,111.23996243444671,110.10723510706349,110.22774505615234,4892200,0.0,0.0
2018-09-11 00:00:00-04:00,110.57319874280128,111.59345764606884,110.23579289266804,111.27210998535156,7856800,0.0,0.0
2018-09-12 00:00:00-04:00,111.58539412403303,112.46105559962615,111.31225786030845,111.95494079589844,6767700,0.0,0.0
2018-09-13 00:00:00-04:00,112.38075256347656,112.85472663418308,111.68184123012419,112.38075256347656,6456100,0.0,0.0
2018-09-14 00:00:00-04:00,112.46909928517023,112.75027693664676,111.74608855017203,112.05939483642578,4534800,0.0,0.0
2018-09-17 00:00:00-04:00,111.93087387933747,112.79045290290429,111.81036389857958,112.4369888305664,5295500,0.0,0.0
2018-09-18 00:00:00-04:00,112.68597437619938,113.1438777719595,112.33249820647274,112.90287017822266,4581200,0.0,0.0
2018-09-19 00:00:00-04:00,113.07962604975792,113.26440551364215,112.50925398829226,112.83863067626953,5049900,0.0,0.0
2018-09-20 00:00:00-04:00,113.12785302110929,114.18826958551944,112.8788040038145,114.05973052978516,5019300,0.0,0.0
2018-09-21 00:00:00-04:00,114.22042046508842,114.98361359579506,113.82678638520967,114.78277587890625,13283400,0.0,0.0
2018-09-24 00:00:00-04:00,114.15612988346594,114.47746523348978,112.65385586380192,112.84666442871094,6708000,0.0,0.0
2018-09-25 00:00:00-04:00,112.89487347827607,113.24032065531769,111.18373255575402,111.37654113769531,7982800,0.0,0.0
2018-09-26 00:00:00-04:00,111.62556259624442,112.46908317166336,110.83025335332259,110.99092102050781,7133300,0.0,0.0
2018-09-27 00:00:00-04:00,111.22390602941542,112.13169627621264,110.51696572311961,111.03913879394531,6450500,0.0,0.0
2018-09-28 00:00:00-04:00,110.94275710536384,111.31229163118437,110.38844305847189,110.99898529052734,6638500,0.0,0.0
2018-10-01 00:00:00-04:00,111.07126437026147,112.34860131097616,110.86239759931594,112.22006225585938,4871800,0.0,0.0
2018-10-02 00:00:00-04:00,112.30039944388469,113.05555113369181,112.18793082571086,112.8547134399414,6439100,0.0,0.0
2018-10-03 00:00:00-04:00,112.90294359158833,113.4893986445841,111.5693902543458,111.68988800048828,5411800,0.0,0.0
2018-10-04 00:00:00-04:00,111.30422413461606,112.09150426241388,110.31610636394026,111.94690704345703,4738700,0.0,0.0
2018-10-05 00:00:00-04:00,112.30842915317314,112.66993451281245,111.3122698825113,111.74608612060547,4309300,0.0,0.0
2018-10-08 00:00:00-04:00,111.58540344039008,112.21201598391342,111.360466232877,111.97904968261719,5174100,0.0,0.0
2018-10-09 00:00:00-04:00,111.45688155479937,112.1638218417454,110.70975902269355,111.826416015625,4475300,0.0,0.0
2018-10-10 00:00:00-04:00,111.94692907118996,112.83864887135772,110.64549255371094,110.64549255371094,7265600,0.0,0.0
2018-10-11 00:00:00-04:00,110.79009762933649,111.39261065243512,106.74924460174097,107.52045440673828,11603200,0.0,0.0
2018-10-12 00:00:00-04:00,107.97033055986407,107.97837191218876,106.2270609895114,107.5445556640625,6998000,0.0,0.0
2018-10-15 00:00:00-04:00,107.55259750785913,108.69335405070625,107.25534940814497,107.60882568359375,6398700,0.0,0.0
2018-10-16 00:00:00-04:00,108.25151869983853,110.85437966630107,108.25151869983853,109.70558166503906,9592800,0.0,0.0
2018-10-17 00:00:00-04:00,109.44044709695392,112.46908224395001,109.42438891107794,112.0352783203125,8261100,0.0,0.0
2018-10-18 00:00:00-04:00,111.82642852745059,112.31647300410775,110.62944368475057,112.06743621826172,7583900,0.0,0.0
2018-10-19 00:00:00-04:00,111.13553296744207,112.46909807225697,110.79009805013641,111.70591735839844,5924800,0.0,0.0
2018-10-22 00:00:00-04:00,111.35244796919316,111.87462105352951,110.97487213596794,111.40867614746094,4864300,0.0,0.0
2018-10-23 00:00:00-04:00,110.69369297660897,112.05939903997186,110.42055666720017,111.60951232910156,8282700,0.0,0.0
2018-10-24 00:00:00-04:00,111.28014331321113,112.5574679947779,110.19561495601127,110.4366226196289,8279200,0.0,0.0
2018-10-25 00:00:00-04:00,110.42859516280731,111.73804849846398,108.49251698919035,111.23997497558594,9720700,0.0,0.0
2018-10-26 00:00:00-04:00,110.81420144359619,111.90675892461356,108.71745555201726,110.03495025634766,11371400,0.0,0.0
2018-10-29 00:00:00-04:00,110.0510333994226,111.74610412233157,109.43244983486814,110.50090789794922,6783000,0.0,0.0
2018-10-30 00:00:00-04:00,110.80613971669656,113.3527718448009,110.05902956052952,113.07159423828125,9646200,0.0,0.0
2018-10-31 00:00:00-04:00,113.27246235033738,113.6178973090491,112.15580523309663,112.4610824584961,9968900,0.0,0.0
2018-11-01 00:00:00-04:00,112.52536312452791,113.7384185347733,112.34862495109327,113.12787628173828,6913500,0.0,0.0
2018-11-02 00:00:00-04:00,114.0517333191569,114.0758328665743,112.19599461904187,113.0154037475586,7673200,0.0,0.0
2018-11-05 00:00:00-05:00,113.27246977455943,114.67030466556648,111.66576807562952,114.23648834228516,5601400,0.0,0.0
2018-11-06 00:00:00-05:00,113.69825300330673,114.74261163510694,113.32067709597773,114.53374481201172,5798900,0.0,0.0
2018-11-07 00:00:00-05:00,114.95951019592955,116.38143235795032,114.85507066403748,116.2850341796875,7173600,0.0,0.0
2018-11-08 00:00:00-05:00,115.93154601183267,117.12050170227154,115.68250923797315,116.72686767578125,5497100,0.0,0.0
2018-11-09 00:00:00-05:00,116.51795692494927,117.08031210945964,115.9877548847621,116.75896453857422,5343100,0.0,0.0
2018-11-12 00:00:00-05:00,116.4778450500643,117.48203362028575,116.26896598223503,116.98394775390625,7013600,0.0,0.0
2018-11-13 00:00:00-05:00,117.4418424436722,117.89171688068487,115.21655754113556,116.22877502441406,7432300,0.0,0.0
2018-11-14 00:00:00-05:00,116.50191473180631,116.73488102678978,115.32901738884905,115.88333129882812,6433100,0.0,0.0
2018-11-15 00:00:00-05:00,115.20854094035595,116.0922194636986,114.4614183236015,116.08419036865234,6657900,0.0,0.0
2018-11-16 00:00:00-05:00,116.25286309793921,117.88366372836975,116.1243240684086,117.2811508178711,8494300,0.0,0.0
2018-11-19 00:00:00-05:00,117.63466513232517,119.24940826910542,117.58646604015175,118.67902374267578,8714600,0.0,0.0
2018-11-20 00:00:00-05:00,118.49427787583897,119.49846667139694,117.57042908719126,117.6507568359375,8937700,0.0,0.0
2018-11-21 00:00:00-05:00,117.473994653999,117.473994653999,113.0957348504836,114.06779479980469,10275400,0.0,0.0
2018-11-23 00:00:00-05:00,113.95530938976425,114.66224971793169,113.75447170120856,114.26057434082031,3404900,0.0,0.0
2018-11-26 00:00:00-05:00,114.80226855901418,114.84269436025835,113.76743219552088,114.29293060302734,7590900,0.9,0.0
2018-11-27 00:00:00-05:00,113.64613541962224,115.89367117602058,112.91042798540475,115.78856658935547,5962100,0.0,0.0
2018-11-28 00:00:00-05:00,116.28176246273594,118.48887301458633,115.90178214147312,118.39186096191406,8411400,0.0,0.0
2018-11-29 00:00:00-05:00,117.72889214366974,119.00627074133654,117.09828923720667,117.91484832763672,6900000,0.0,0.0
2018-11-30 00:00:00-05:00,117.50252704843322,118.84458450076751,117.30850296891934,118.76373291015625,12517600,0.0,0.0
2018-12-03 00:00:00-05:00,117.68846120257349,118.54543362321462,117.17912341678102,118.20587921142578,8827200,0.0,0.0
2018-12-04 00:00:00-05:00,118.2948183217663,120.45342228913061,117.89058509185794,118.06035614013672,9803500,0.0,0.0
2018-12-06 00:00:00-05:00,116.82338501131206,118.39989189197213,115.44090215521493,117.96332550048828,11572500,0.0,0.0
2018-12-07 00:00:00-05:00,117.62379758911547,119.11945323861681,116.516190076059,117.57527923583984,9444500,0.0,0.0
2018-12-10 00:00:00-05:00,117.54291737400995,117.93907031050892,115.1094382000742,117.43781280517578,6848100,0.0,0.0
2018-12-11 00:00:00-05:00,118.27060045847517,119.82286754035496,117.86636706628701,118.44038391113281,9857400,0.0,0.0
2018-12-12 00:00:00-05:00,118.84460158380207,120.049221374229,118.84460158380207,118.92545318603516,8869200,0.0,0.0
2018-12-13 00:00:00-05:00,118.81222435771097,120.13001616543237,118.68286677651811,119.52366638183594,6008300,0.0,0.0
2018-12-14 00:00:00-05:00,116.69406237422936,117.53487451978839,105.2623455070311,107.52605438232422,58140200,0.0,0.0
2018-12-17 00:00:00-05:00,103.74244402634268,106.4346270520877,102.53782430493824,104.40538024902344,36933100,0.0,0.0
2018-12-18 00:00:00-05:00,106.75802061469723,107.36437058524315,104.453885792134,105.44021606445312,24640100,0.0,0.0
2018-12-19 00:00:00-05:00,104.99553335166526,106.19207257333557,102.7479976195982,103.16840362548828,21232100,0.0,0.0
2018-12-20 00:00:00-05:00,103.25735202456548,104.89853818616817,102.48122485214743,103.70201110839844,16609600,0.0,0.0
2018-12-21 00:00:00-05:00,103.3220305294077,105.5857394017697,102.77227301286895,103.55648040771484,19732900,0.0,0.0
2018-12-24 00:00:00-05:00,102.91781689904853,103.48374114116965,97.82447404751193,99.31204986572266,7531900,0.0,0.0
2018-12-26 00:00:00-05:00,99.78094763777524,102.48122932562167,98.64101292381419,102.44080352783203,9253000,0.0,0.0
2018-12-27 00:00:00-05:00,101.76166725064762,103.00670623779297,99.49795887981807,103.00670623779297,9918700,0.0,0.0
2018-12-28 00:00:00-05:00,103.41096371711754,104.09007268696467,102.47313951901182,102.89353942871094,6537200,0.0,0.0
2018-12-31 00:00:00-05:00,103.62924437252717,104.73685201925312,103.0148141886381,104.3326187133789,7409900,0.0,0.0
2019-01-02 00:00:00-05:00,103.58883749050636,103.79095415628119,102.09316922928372,103.2816162109375,7631700,0.0,0.0
2019-01-03 00:00:00-05:00,103.59690664155212,103.70201124411044,101.3493705452962,101.64041900634766,8654500,0.0,0.0
2019-01-04 00:00:00-05:00,102.7722876094091,104.00923448716428,102.45698609450632,103.34629821777344,8831700,0.0,0.0
2019-01-07 00:00:00-05:00,103.18461797818262,103.76672124337912,102.51359520559443,102.6833724975586,8404700,0.0,0.0
2019-01-08 00:00:00-05:00,103.62923937913378,105.504887749398,103.26543805673187,105.06832122802734,9351600,0.0,0.0
2019-01-09 00:00:00-05:00,104.96320769970275,105.29468192705143,103.75050794364456,104.23558044433594,7403500,0.0,0.0
2019-01-10 00:00:00-05:00,103.23309739680585,105.0117213680504,103.23309739680585,104.86620330810547,6224400,0.0,0.0
2019-01-11 00:00:00-05:00,104.29217917381685,104.97128807751172,103.73433531141752,104.89852905273438,5300400,0.0,0.0
2019-01-14 00:00:00-05:00,104.08199068743208,104.25985431977178,103.15224672997988,103.71009063720703,7374400,0.0,0.0
2019-01-15 00:00:00-05:00,103.90412015179335,104.68833365967386,103.20075206193857,104.5832290649414,5194400,0.0,0.0
2019-01-16 00:00:00-05:00,104.62366752580037,104.62366752580037,103.40288121103666,103.51605987548828,6264200,0.0,0.0
2019-01-17 00:00:00-05:00,103.24925528656995,104.71258383613016,103.04713866291725,104.36493682861328,7632000,0.0,0.0
2019-01-18 00:00:00-05:00,105.0197899901465,106.05462608949631,104.65598254425655,105.65848541259766,10593000,0.0,0.0
2019-01-22 00:00:00-05:00,103.64540830396803,104.69641727669242,102.68333731249714,104.1304931640625,10568100,0.0,0.0
2019-01-23 00:00:00-05:00,103.88795073401526,104.53472643540108,103.42712505141368,104.1304931640625,9267800,0.0,0.0
2019-01-24 00:00:00-05:00,103.87986758460687,104.04963864550525,101.05831498907273,102.69950103759766,9917000,0.0,0.0
2019-01-25 00:00:00-05:00,103.5888232221442,103.84752610386657,102.69950508074105,103.66966247558594,7585100,0.0,0.0
2019-01-28 00:00:00-05:00,103.33010646190507,104.41344866437498,102.9097065752432,104.28410339355469,6927700,0.0,0.0
2019-01-29 00:00:00-05:00,104.25176666188314,105.48063936050961,103.88795915543136,105.3674545288086,6669300,0.0,0.0
2019-01-30 00:00:00-05:00,105.39977302765728,106.87118797025123,105.34318678782967,106.42652893066406,7299300,0.0,0.0
2019-01-31 00:00:00-05:00,106.4184321037242,109.29657040369551,105.80398976807788,107.59070587158203,17298100,0.0,0.0
2019-02-01 00:00:00-05:00,108.35068251461395,108.8923535829209,107.90602347757999,108.49620056152344,9575200,0.0,0.0
2019-02-04 00:00:00-05:00,108.30219973772337,108.45579804145714,106.88738307571886,107.4290542602539,7759000,0.0,0.0
2019-02-05 00:00:00-05:00,107.94647243176667,108.23752092425649,107.32394964634244,107.4290542602539,6449800,0.0,0.0
2019-02-06 00:00:00-05:00,107.59073318861498,107.98688625106307,106.96013024755617,107.52605438232422,5066100,0.0,0.0
2019-02-07 00:00:00-05:00,107.0813925511918,107.23500317016266,106.33760480226714,106.75801086425781,6085300,0.0,0.0
2019-02-08 00:00:00-05:00,106.6771547528027,107.08948057282042,106.34568051920184,107.04096221923828,4436700,0.0,0.0
2019-02-11 00:00:00-05:00,106.96819770757362,107.25924613304034,106.11930543861077,106.71757507324219,4962200,0.0,0.0
2019-02-12 00:00:00-05:00,106.78227794239135,108.57707491464451,106.78227794239135,108.4638900756836,6262300,0.0,0.0
2019-02-13 00:00:00-05:00,108.39110960000782,109.12680473964112,107.6958279164075,108.69831848144531,7902200,0.0,0.0
2019-02-14 00:00:00-05:00,108.57705618940703,108.99746223428228,107.80901546204156,108.58513641357422,3910400,0.0,0.0
2019-02-15 00:00:00-05:00,109.29659743073104,110.282927631753,109.15106703348442,110.25867462158203,6665000,0.0,0.0
2019-02-19 00:00:00-05:00,110.0646054150728,110.25864177485673,109.65229202877629,109.70079803466797,5935500,0.0,0.0
2019-02-20 00:00:00-05:00,109.92719192676957,110.54162203095584,109.73315552408026,110.23441314697266,6089800,0.0,0.0
2019-02-21 00:00:00-05:00,109.12680906793608,109.78166498525717,108.55280473832734,109.48253631591797,6665500,0.0,0.0
2019-02-22 00:00:00-05:00,109.37742956806083,110.46886429961143,108.9974616547022,110.43653106689453,5223900,0.0,0.0
2019-02-25 00:00:00-05:00,110.9655265562176,111.89329059643383,110.5667461005489,110.84344482421875,6846600,0.9,0.0
2019-02-26 00:00:00-05:00,111.0387598961258,111.46195418314983,110.72136728536704,110.77019500732422,5106900,0.0,0.0
2019-02-27 00:00:00-05:00,110.29003474257632,110.88412603252603,110.18423307057175,110.57486724853516,4378100,0.0,0.0
2019-02-28 00:00:00-05:00,110.63998678085602,112.26764384984408,110.42839583238123,111.20153045654297,10133200,0.0,0.0
2019-03-01 00:00:00-05:00,111.67357031907643,112.80479166583706,111.50266083561996,112.59320068359375,5641600,0.0,0.0
2019-03-04 00:00:00-05:00,113.00009196865015,113.4558339408625,111.90955234309929,112.69896697998047,8377700,0.0,0.0
2019-03-05 00:00:00-05:00,112.96754523844322,113.23611016484705,112.60132485445213,112.93499755859375,6568900,0.0,0.0
2019-03-06 00:00:00-05:00,113.50467815962845,113.65116134996924,112.79665123690296,113.19541931152344,6236900,0.0,0.0
2019-03-07 00:00:00-05:00,112.73968221340138,113.2198381379447,112.06420294180529,112.50367736816406,6100400,0.0,0.0
2019-03-08 00:00:00-05:00,112.38156870647143,113.36630660390045,111.02247667272421,112.3571548461914,7046700,0.0,0.0
2019-03-11 00:00:00-04:00,112.39785588742623,113.14657662562642,111.91770004739094,112.76407623291016,6150400,0.0,0.0
2019-03-12 00:00:00-04:00,112.83732572303711,113.93599925449223,112.71525640533696,113.2686538696289,5552900,0.0,0.0
2019-03-13 00:00:00-04:00,113.60230896421291,113.80576607422176,113.13843321077171,113.45582580566406,6446900,0.0,0.0
2019-03-14 00:00:00-04:00,112.5850341467734,112.95940072881369,112.25950770694176,112.32461547851562,8493600,0.0,0.0
2019-03-15 00:00:00-04:00,112.30835272286204,112.5199436995268,111.35617470081122,111.98282623291016,11922500,0.0,0.0
2019-03-18 00:00:00-04:00,112.02348483869697,112.12928651442866,111.26663031610379,111.63285064697266,7369600,0.0,0.0
2019-03-19 00:00:00-04:00,111.99095600231828,112.97569408860689,111.87702049314797,112.66643524169922,5882500,0.0,0.0
2019-03-20 00:00:00-04:00,112.57688778567272,112.72337094186047,111.20964957107232,111.73049926757812,5475700,0.0,0.0
2019-03-21 00:00:00-04:00,111.4945159516766,112.94312983702171,111.45382203888943,112.38973236083984,5765100,0.0,0.0
2019-03-22 00:00:00-04:00,112.10489297114951,112.62574279385832,111.3805859924132,111.42127990722656,6528800,0.0,0.0
2019-03-25 00:00:00-04:00,111.42127508370886,111.50265049177347,110.46909712488547,111.1771240234375,4500300,0.0,0.0
2019-03-26 00:00:00-04:00,111.43753372683678,113.3419019089312,111.43753372683678,112.77222442626953,4758600,0.0,0.0
2019-03-27 00:00:00-04:00,112.78848435328075,113.51279119278058,112.36530249108183,112.87800598144531,6764900,0.0,0.0
2019-03-28 00:00:00-04:00,113.1709964232905,113.49653529482443,112.88616388099132,113.0245132446289,4602100,0.0,0.0
2019-03-29 00:00:00-04:00,113.35003523840545,113.83833731747514,113.02450879771746,113.76508331298828,7168400,0.0,0.0
2019-04-01 00:00:00-04:00,113.92785546464782,114.17199407867318,112.9105698460844,113.10588073730469,5885200,0.0,0.0
2019-04-02 00:00:00-04:00,113.13030146261649,113.13030146261649,111.4212689705609,112.07233428955078,5517800,0.0,0.0
2019-04-03 00:00:00-04:00,112.47109298444207,112.50365307760738,111.38869962038106,111.63285064697266,5947000,0.0,0.0
2019-04-04 00:00:00-04:00,111.38870905712265,111.50264455677963,109.97265533539141,110.33074188232422,5844600,0.0,0.0
2019-04-05 00:00:00-04:00,110.71320533370317,111.15267960499443,110.43650666987408,110.82714080810547,4759700,0.0,0.0
2019-04-08 00:00:00-04:00,110.72138273545737,111.0957369347246,110.43653776024368,110.79462432861328,4329600,0.0,0.0
2019-04-09 00:00:00-04:00,110.68068219625704,110.8922731476091,109.5087671037635,110.33074188232422,5210300,0.0,0.0
2019-04-10 00:00:00-04:00,110.59112908976408,110.78645235561127,110.13538722082187,110.3388442993164,4194100,0.0,0.0
2019-04-11 00:00:00-04:00,110.64815226880651,110.82718315295536,109.39484915348386,110.03778076171875,4485200,0.0,0.0
2019-04-12 00:00:00-04:00,110.04587781782374,110.9655078884119,109.66337747437746,110.66438293457031,5756800,0.0,0.0
2019-04-15 00:00:00-04:00,110.68067229426705,111.32359132380483,110.51790908332407,111.10386657714844,5380900,0.0,0.0
2019-04-16 00:00:00-04:00,112.56876651740819,114.50566994507045,111.95024889647534,112.32461547851562,10745700,0.0,0.0
2019-04-17 00:00:00-04:00,113.12218641300271,114.05808442690142,112.03979277946168,112.73155212402344,9543700,0.0,0.0
2019-04-18 00:00:00-04:00,113.40700940526794,114.13131629247084,110.47722176150465,111.9177017211914,10485300,0.0,0.0
2019-04-22 00:00:00-04:00,111.47824646950488,112.70713569475006,111.0550645069149,112.17000579833984,4666500,0.0,0.0
2019-04-23 00:00:00-04:00,111.83629286421443,114.62773062442736,111.6979435317892,113.85458374023438,5790500,0.0,0.0
2019-04-24 00:00:00-04:00,113.65115537218742,114.04993584387218,113.00823626277581,113.2849349975586,5676300,0.0,0.0
2019-04-25 00:00:00-04:00,112.73155087020744,113.74883670793085,112.27580880179376,113.65116882324219,5218100,0.0,0.0
2019-04-26 00:00:00-04:00,113.8383545724674,114.35920440733834,113.37446628523378,114.25340270996094,4613600,0.0,0.0
2019-04-29 00:00:00-04:00,114.22086962958848,114.28596500148416,113.59421801723215,113.8058090209961,4275200,0.0,0.0
2019-04-30 00:00:00-04:00,114.0906125032608,115.11603188076413,113.08960698583827,114.9125747680664,6003700,0.0,0.0
2019-05-01 00:00:00-04:00,114.70912832167922,115.84849570955335,113.73253657352839,115.52295684814453,6656300,0.0,0.0
2019-05-02 00:00:00-04:00,115.49042291564375,115.68573383769535,114.03366272579927,114.97770690917969,8835600,0.0,0.0
2019-05-03 00:00:00-04:00,114.98583502932988,115.63690037934438,114.81493798099976,115.57179260253906,5281600,0.0,0.0
2019-05-06 00:00:00-04:00,114.13945269334978,115.75897595785248,113.87902159998656,115.63689422607422,5818900,0.0,0.0
2019-05-07 00:00:00-04:00,114.60334218033778,115.05908418069085,113.17099598718453,113.91158294677734,6606700,0.0,0.0
2019-05-08 00:00:00-04:00,114.09875598641798,114.68471351408652,113.69184172653914,113.76508331298828,4667300,0.0,0.0
2019-05-09 00:00:00-04:00,113.08145565910124,113.38258061659214,112.01534242348288,112.90241241455078,5604200,0.0,0.0
2019-05-10 00:00:00-04:00,112.65828252943037,113.32562791479351,111.01435776565765,113.1628646850586,4771600,0.0,0.0
2019-05-13 00:00:00-04:00,112.1862606710493,112.3571576973461,111.11200111932104,111.65726470947266,5560000,0.0,0.0
2019-05-14 00:00:00-04:00,111.52705330816039,112.17811859837676,111.27476845748546,111.3480224609375,7179400,0.0,0.0
2019-05-15 00:00:00-04:00,111.4131336734403,111.89330199937505,110.13542919096807,111.42127990722656,6429400,0.0,0.0
2019-05-16 00:00:00-04:00,111.81191785126204,113.27681190650088,111.47011130804626,112.47926330566406,6857200,0.0,0.0
2019-05-17 00:00:00-04:00,111.49449947132,113.14657025836449,111.38056398318027,112.80476379394531,6915300,0.0,0.0
2019-05-20 00:00:00-04:00,112.80478353574281,113.08962851496086,112.04791647504176,112.65015411376953,4771100,0.0,0.0
2019-05-21 00:00:00-04:00,113.21982680081564,113.58605959212225,112.373450551084,112.40599822998047,4859000,0.0,0.0
2019-05-22 00:00:00-04:00,112.59319669177462,113.08148642226453,111.89330356850357,112.9268569946289,5456800,0.0,0.0
2019-05-23 00:00:00-04:00,112.71524998643748,113.81392345532542,112.03977082487408,113.76508331298828,6951800,0.0,0.0
2019-05-24 00:00:00-04:00,114.30589565626198,114.30589565626198,113.53566038039091,113.7732925415039,5473300,0.95,0.0
2019-05-28 00:00:00-04:00,113.89618085009273,115.11708685812903,112.29835923085444,112.31475067138672,11919600,0.0,0.0
2019-05-29 00:00:00-04:00,111.34785256168189,111.34785256168189,105.30890095836455,107.61140441894531,23247400,0.0,0.0
2019-05-30 00:00:00-04:00,107.70154717953646,108.8323190772354,107.48030648150703,108.25054168701172,7360600,0.0,0.0
2019-05-31 00:00:00-04:00,107.76709835990356,108.16040542424089,106.20204706857375,107.46391296386719,7811000,0.0,0.0
2019-06-03 00:00:00-04:00,107.75073043441112,108.48818290386134,107.37380222586418,107.70156860351562,8434600,0.0,0.0
2019-06-04 00:00:00-04:00,108.65206217653677,110.04503476792668,108.63567073343589,109.57797241210938,6648900,0.0,0.0
2019-06-05 00:00:00-04:00,110.37279629595473,110.72514358061139,109.68450567389203,110.110595703125,6860600,0.0,0.0
2019-06-06 00:00:00-04:00,110.53664500337503,112.79818861695624,110.28263394602476,111.99517059326172,9115800,0.0,0.0
2019-06-07 00:00:00-04:00,112.74082398377755,114.37961789299332,112.37209785480506,113.52745056152344,6533900,0.0,0.0
2019-06-10 00:00:00-04:00,113.56844474012874,114.01910314938499,112.74904762801528,113.91259002685547,4994700,0.0,0.0
2019-06-11 00:00:00-04:00,114.45339463445137,115.25641289079294,114.30590914023087,114.53533935546875,8230500,0.0,0.0
2019-06-12 00:00:00-04:00,114.96138104201208,117.10000732968093,114.96138104201208,116.0921401977539,9216500,0.0,0.0
2019-06-13 00:00:00-04:00,116.12497284505979,116.31343070128969,114.88768756710216,115.2973861694336,7500800,0.0,0.0
2019-06-14 00:00:00-04:00,115.72344935550002,115.93650060420421,114.74836480245175,114.78933715820312,6548100,0.0,0.0
2019-06-17 00:00:00-04:00,114.71558182339461,114.91224160760267,114.06826368442819,114.25672149658203,5562800,0.0,0.0
2019-06-18 00:00:00-04:00,115.17445527985909,115.47762820827717,114.5435160070629,114.904052734375,7122700,0.0,0.0
2019-06-19 00:00:00-04:00,114.72376813328678,115.51039474545139,114.64183593604423,115.08430480957031,6393400,0.0,0.0
2019-06-20 00:00:00-04:00,115.73983965718423,116.6821413151371,115.53499038345471,116.5264663696289,7335800,0.0,0.0
2019-06-21 00:00:00-04:00,115.91191943182811,116.70672311718921,115.5431807338988,116.42813110351562,11272200,0.0,0.0
2019-06-24 00:00:00-04:00,116.69855531319062,117.74738279716095,116.42815271924377,117.22296905517578,5894700,0.0,0.0
2019-06-25 00:00:00-04:00,117.39503361483999,118.79619574482935,117.32948034223693,118.18984985351562,7517000,0.0,0.0
2019-06-26 00:00:00-04:00,117.87027765698086,117.87027765698086,115.33833111954499,116.23148345947266,7674100,0.0,0.0
2019-06-27 00:00:00-04:00,116.54284132349055,116.76408203239389,115.2072326064981,115.28097534179688,5233500,0.0,0.0
2019-06-28 00:00:00-04:00,115.32195086218789,115.6169343144895,113.49468635067726,114.12562561035156,12792400,0.0,0.0
2019-07-01 00:00:00-04:00,114.87946791343226,114.92862973766469,113.66676373800631,114.19117736816406,5872300,0.0,0.0
2019-07-02 00:00:00-04:00,114.07647128368603,114.74018096923828,113.6421917980035,114.74018096923828,4501200,0.0,0.0
2019-07-03 00:00:00-04:00,115.53499634525484,116.50187896570743,115.36291744511921,116.46910858154297,3436300,0.0,0.0
2019-07-05 00:00:00-04:00,116.14132535398474,116.23964898461868,115.0187430578926,115.18263244628906,4652400,0.0,0.0
2019-07-08 00:00:00-04:00,114.81390639681429,115.60053303703133,114.42059932820891,115.5103988647461,4078100,0.0,0.0
2019-07-09 00:00:00-04:00,115.91189825149317,116.73948467136188,115.46122742760218,115.87092590332031,4217400,0.0,0.0
2019-07-10 00:00:00-04:00,116.17409625943422,116.34617511683294,115.26456516290946,115.70704650878906,4874400,0.0,0.0
2019-07-11 00:00:00-04:00,115.48581082356986,115.70705150606483,113.91257014328393,114.80570983886719,5817400,0.0,0.0
2019-07-12 00:00:00-04:00,114.81391311870563,114.81391311870563,108.42262599341063,110.04502868652344,17780100,0.0,0.0
2019-07-15 00:00:00-04:00,110.93816543453008,111.7329815685073,110.167930211665,110.3809814453125,10038200,0.0,0.0
2019-07-16 00:00:00-04:00,108.92244122790629,109.65990605692309,107.95555873367022,108.57010650634766,10214500,0.0,0.0
2019-07-17 00:00:00-04:00,108.56190890579886,109.45504860113869,107.67695867906569,108.04568481445312,8862100,0.0,0.0
2019-07-18 00:00:00-04:00,108.26690472814214,108.57826701453814,107.48027828760867,108.21774291992188,6203100,0.0,0.0
2019-07-19 00:00:00-04:00,108.3652981219195,108.48001324930051,106.67734160345115,106.77566528320312,8340200,0.0,0.0
2019-07-22 00:00:00-04:00,106.52160695072006,106.64451149599941,104.75170648066367,105.4072265625,12624800,0.0,0.0
2019-07-23 00:00:00-04:00,105.3826557645803,106.07094629019524,105.0139295903585,105.57111358642578,5803600,0.0,0.0
2019-07-24 00:00:00-04:00,105.6039095596627,106.34955146999596,105.34989844155933,106.34136199951172,6838600,0.0,0.0
2019-07-25 00:00:00-04:00,106.57077979952541,107.77529447995978,106.25121544571671,107.43933868408203,8897800,0.0,0.0
2019-07-26 00:00:00-04:00,107.5868208638125,107.5868208638125,106.92311134202217,107.11975860595703,4894600,0.0,0.0
2019-07-29 00:00:00-04:00,107.34102251090007,109.23382785393164,106.69370428868449,108.99620819091797,7832000,0.0,0.0
2019-07-30 00:00:00-04:00,108.54554707091197,108.56193851560147,107.56227294069315,108.22598266601562,5509600,0.0,0.0
2019-07-31 00:00:00-04:00,107.86540825661076,108.16039164303012,106.66908327196434,106.70186614990234,8559200,0.0,0.0
2019-08-01 00:00:00-04:00,106.73467354009058,107.12799319372147,105.71862902573302,106.7592544555664,7870700,0.0,0.0
2019-08-02 00:00:00-04:00,107.2263128187716,107.72614558631038,106.33317291541805,107.39839172363281,6574900,0.0,0.0
2019-08-05 00:00:00-04:00,107.2672806932076,107.71795161280595,105.71041865305038,106.6527328491211,9480000,0.0,0.0
2019-08-06 00:00:00-04:00,106.8001873216575,107.52126058365687,106.18563965600012,107.15253448486328,7880600,0.0,0.0
2019-08-07 00:00:00-04:00,105.99720257670296,107.26727050107287,105.03850953138038,106.69369506835938,6771700,0.0,0.0
2019-08-08 00:00:00-04:00,107.32462553605119,108.11944170017775,106.71007772892284,107.89820098876953,5260500,0.0,0.0
2019-08-09 00:00:00-04:00,107.996513756963,108.78312777808861,107.52945152322856,108.19316101074219,4677300,0.0,0.0
2019-08-12 00:00:00-04:00,107.75070788617934,108.73398180735312,107.57862901104596,108.10304260253906,6852100,0.0,0.0
2019-08-13 00:00:00-04:00,108.4062310361384,109.8811482106926,108.16040942321159,109.3239517211914,5013200,0.0,0.0
2019-08-14 00:00:00-04:00,108.5946921277633,108.6028815973386,106.62814417109082,106.73465728759766,7736200,0.0,0.0
2019-08-15 00:00:00-04:00,106.66093073934384,107.3983957122695,105.9070868247819,106.96410369873047,7251200,0.0,0.0
2019-08-16 00:00:00-04:00,107.7261204948186,107.88999738798731,107.01324913288174,107.635986328125,5858900,0.0,0.0
2019-08-19 00:00:00-04:00,108.57012180840361,108.62748561004821,108.01293775075537,108.36527252197266,4958000,0.0,0.0
2019-08-20 00:00:00-04:00,108.1276480862883,108.70122356241818,106.89855242186388,107.01326751708984,7302000,0.0,0.0
2019-08-21 00:00:00-04:00,107.9145874390155,108.49636483750717,107.21810745829345,107.7752914428711,6912800,0.0,0.0
2019-08-22 00:00:00-04:00,107.83265074169654,108.26693015363281,107.17713063780964,107.56224822998047,7213500,0.0,0.0
2019-08-23 00:00:00-04:00,107.39838004269946,107.55405498358422,104.16994733261951,104.66159057617188,15714000,0.0,0.0
2019-08-26 00:00:00-04:00,105.1899311061587,105.73478859120627,104.53775607027508,105.5036392211914,8889500,0.95,0.0
2019-08-27 00:00:00-04:00,107.22076222233143,109.30110663779084,106.5768442942088,107.02262878417969,20183800,0.0,0.0
2019-08-28 00:00:00-04:00,105.5531535404713,106.38694131417834,104.85144840188391,106.23008728027344,9878800,0.0,0.0
2019-08-29 00:00:00-04:00,106.36219702660047,106.65939088670808,104.70287198907253,105.86688232421875,6749900,0.0,0.0
2019-08-30 00:00:00-04:00,105.89163944316853,106.57683669664739,105.3550391085363,105.96593475341797,7371100,0.0,0.0
2019-09-03 00:00:00-04:00,105.66048872105411,106.47776866374171,105.26423445117142,106.27964782714844,5710200,0.0,0.0
2019-09-04 00:00:00-04:00,106.89878494004292,106.98133107760535,105.73477480917255,106.37869262695312,4807200,0.0,0.0
2019-09-05 00:00:00-04:00,107.23726252379228,107.23726252379228,105.92466157914467,106.1475601196289,4754100,0.0,0.0
2019-09-06 00:00:00-04:00,106.3952256558866,106.68415608334924,105.72654261924596,105.84211730957031,6758300,0.0,0.0
2019-09-09 00:00:00-04:00,105.66874207838053,105.80083102918547,104.50473181821641,104.80192565917969,7684700,0.0,0.0
2019-09-10 00:00:00-04:00,105.12389120812269,106.94833374023438,104.2983541087719,106.94833374023438,8239500,0.0,0.0
2019-09-11 00:00:00-04:00,107.20423126464236,108.376492248652,106.56031343675953,108.28568267822266,6203600,0.0,0.0
2019-09-12 00:00:00-04:00,108.44253773774855,108.78101092132287,107.3693371489513,107.6747817993164,5250000,0.0,0.0
2019-09-13 00:00:00-04:00,108.41778539765474,108.6159188301479,107.28680363765946,107.96373748779297,5369800,0.0,0.0
2019-09-16 00:00:00-04:00,107.41064096548105,107.93898424683667,106.76672298497567,106.94007873535156,5101700,0.0,0.0
2019-09-17 00:00:00-04:00,106.98960512707492,107.73258342234392,106.58508744378217,107.0473861694336,4976400,0.0,0.0
2019-09-18 00:00:00-04:00,107.23726270093572,107.78212020226557,106.31266519324598,107.65829467773438,4373600,0.0,0.0
2019-09-19 00:00:00-04:00,107.01435980125886,108.30219543912185,106.7914612957228,107.41061401367188,4730100,0.0,0.0
2019-09-20 00:00:00-04:00,108.14536694926431,108.97090410154878,107.55923002859555,108.68196105957031,12053100,0.0,0.0
2019-09-23 00:00:00-04:00,108.161860828794,109.01216292761292,107.72432722830253,108.7562484741211,5183700,0.0,0.0
2019-09-24 00:00:00-04:00,109.05344362498228,109.61480274313101,108.42602743799834,108.59939575195312,7102600,0.0,0.0
2019-09-25 00:00:00-04:00,108.55814254799984,108.61593619881309,107.50970676970034,108.13712310791016,4522900,0.0,0.0
2019-09-26 00:00:00-04:00,108.21967107879762,108.4012902748197,105.69352920265186,106.37047576904297,7545800,0.0,0.0
2019-09-27 00:00:00-04:00,106.17232859510734,106.82449737175901,104.59554968624377,106.16407775878906,6006500,0.0,0.0
2019-09-30 00:00:00-04:00,106.55206893837988,107.55096167581092,106.49427530071772,106.8079833984375,6552100,0.0,0.0
2019-10-01 00:00:00-04:00,107.33631905614024,107.9802368771439,107.12993481615972,107.31155395507812,7673000,0.0,0.0
2019-10-02 00:00:00-04:00,109.59830517514263,111.19984922765323,108.32698353364795,108.97090148925781,12051800,0.0,0.0
2019-10-03 00:00:00-04:00,108.67370475667488,109.27634332045515,107.32807523519196,108.30221557617188,6997600,0.0,0.0
2019-10-04 00:00:00-04:00,108.42605618399752,110.39083881181284,108.35176085690325,110.34130859375,7233300,0.0,0.0
2019-10-07 00:00:00-04:00,109.87072656082937,110.47337769669406,109.086468856975,109.92852020263672,5427200,0.0,0.0
2019-10-08 00:00:00-04:00,109.34236894815992,110.01105187711065,108.54986051262365,108.83879089355469,7870400,0.0,0.0
2019-10-09 00:00:00-04:00,108.26094075747024,108.35175034734351,106.09803746719398,106.67591094970703,7787700,0.0,0.0
2019-10-10 00:00:00-04:00,106.4529984054575,107.41887522717714,106.18883310389013,106.54380798339844,5119700,0.0,0.0
2019-10-11 00:00:00-04:00,108.26091634799069,109.48270752078474,107.99675107127315,108.41777038574219,7161400,0.0,0.0
2019-10-14 00:00:00-04:00,108.44254301591363,108.44254301591363,107.66653620475633,107.91419982910156,5700000,0.0,0.0
2019-10-15 00:00:00-04:00,109.79642610755448,110.8283474055578,109.0534478116703,109.66433715820312,10008800,0.0,0.0
2019-10-16 00:00:00-04:00,111.36493869728807,112.7600982732766,110.45685553544187,111.58783721923828,12434200,0.0,0.0
2019-10-17 00:00:00-04:00,112.24002774998453,113.5030984837712,111.98410067211135,112.41338348388672,8434000,0.0,0.0
2019-10-18 00:00:00-04:00,110.05234501934676,110.94392656843887,105.42108154296875,105.42108154296875,25868700,0.0,0.0
2019-10-21 00:00:00-04:00,106.22184333517046,107.04738032783989,104.89272827310491,105.68524932861328,13823600,0.0,0.0
2019-10-22 00:00:00-04:00,106.29613975570393,107.76559461032555,105.74303147642006,106.65937805175781,7613700,0.0,0.0
2019-10-23 00:00:00-04:00,107.039153309483,107.71608724381188,106.55208939864059,107.23727416992188,6693400,0.0,0.0
2019-10-24 00:00:00-04:00,107.66657170545145,107.79866069488172,104.10025086937992,105.2560043334961,12111600,0.0,0.0
2019-10-25 00:00:00-04:00,105.52839697838203,106.5768325029753,105.09911420822893,105.95767974853516,6947300,0.0,0.0
2019-10-28 00:00:00-04:00,106.18054652930324,107.31979142304338,106.0897369711545,106.6428451538086,7876300,0.0,0.0
2019-10-29 00:00:00-04:00,107.07215866864352,107.29505721129875,106.13104688450599,106.59334564208984,4506300,0.0,0.0
2019-10-30 00:00:00-04:00,110.04408973841439,110.23395973017224,108.74799054170835,109.66433715820312,9627600,0.0,0.0
2019-10-31 00:00:00-04:00,109.28457547262121,109.66431538072703,108.05452099485885,109.0038833618164,7686700,0.0,0.0
2019-11-01 00:00:00-04:00,109.01216683324074,109.79642448882183,108.26092511616298,108.31045532226562,5541800,0.0,0.0
2019-11-04 00:00:00-05:00,108.8057808587942,108.92960637209579,107.39410702368028,107.50968170166016,6140300,0.0,0.0
2019-11-05 00:00:00-05:00,107.75735926968828,108.5333661779873,107.05564767898467,107.66654968261719,6257300,0.0,0.0
2019-11-06 00:00:00-05:00,107.66652295797735,108.54159007253055,107.07213537135749,108.11231994628906,5450000,0.0,0.0
2019-11-07 00:00:00-05:00,108.74798405064742,109.28459065159694,108.15359641074028,108.50032043457031,5873700,0.0,0.0
2019-11-08 00:00:00-05:00,108.39301443565024,109.82944080433931,108.12058570445515,109.79642486572266,5003000,0.0,0.0
2019-11-11 00:00:00-05:00,109.19381195758567,109.40019626323038,108.41780495288977,108.95439910888672,4371400,0.0,0.0
2019-11-12 00:00:00-05:00,108.97090502795373,109.0452003490836,108.16188213891238,108.43431091308594,5228700,0.0,0.0
2019-11-13 00:00:00-05:00,108.17836540189371,108.54986713771295,107.91420010615707,108.36824798583984,5885400,0.0,0.0
2019-11-14 00:00:00-05:00,108.17010098006656,108.44252967365847,107.43537362948003,108.11231994628906,4217500,0.0,0.0
2019-11-15 00:00:00-05:00,108.35173836152677,111.42273721082341,107.96373493832508,111.3979721069336,10495100,0.0,0.0
2019-11-18 00:00:00-05:00,110.8035661411936,112.01710641838359,109.51573056459041,111.30714416503906,9291800,0.0,0.0
2019-11-19 00:00:00-05:00,111.44751795131585,111.6043720290893,110.79534912955506,111.2989273071289,5192200,0.0,0.0
2019-11-20 00:00:00-05:00,111.5383134659586,112.5537205298346,110.67976046005856,112.2235107421875,7594400,0.0,0.0
2019-11-21 00:00:00-05:00,112.22352292618551,112.97476476084461,111.44751598459897,112.63629150390625,6424900,0.0,0.0
2019-11-22 00:00:00-05:00,112.80963696663154,114.44420945499054,112.68581144328444,113.9819107055664,9235800,0.0,0.0
2019-11-25 00:00:00-05:00,113.93203731595179,114.42247570776698,113.25041344128785,114.03178405761719,6111900,0.95,0.0
2019-11-26 00:00:00-05:00,113.44159092560652,114.16478011963056,112.34432610877211,114.02346801757812,10636500,0.0,0.0
2019-11-27 00:00:00-05:00,114.01514641806051,114.92121297348217,113.79901160684477,114.50558471679688,5523000,0.0,0.0
2019-11-29 00:00:00-05:00,114.38092085615163,114.93786129319092,113.83228841943713,114.28948211669922,3278900,0.0,0.0
2019-12-02 00:00:00-05:00,114.48065698934543,114.58872440340498,113.75746782502401,114.18140411376953,4717100,0.0,0.0
2019-12-03 00:00:00-05:00,113.8073302235747,114.25620315169981,113.1838878498652,114.01514434814453,5741400,0.0,0.0
2019-12-04 00:00:00-05:00,115.12902489137775,116.15978751439529,114.74664132162312,115.86053466796875,7257300,0.0,0.0
2019-12-05 00:00:00-05:00,115.83557510897994,116.16807256868533,114.67180863208098,116.0101318359375,5472900,0.0,0.0
2019-12-06 00:00:00-05:00,115.92704844555503,117.68930833959602,115.92704844555503,116.69180297851562,6640400,0.0,0.0
2019-12-09 00:00:00-05:00,116.70009570446501,117.0492219009513,116.4257795463757,116.79153442382812,4241000,0.0,0.0
2019-12-10 00:00:00-05:00,117.04092288186308,117.20717165237778,116.3011050716997,116.36760711669922,5310300,0.0,0.0
2019-12-11 00:00:00-05:00,117.14899401776348,118.02181604019837,116.89962716904202,117.19055938720703,6631500,0.0,0.0
2019-12-12 00:00:00-05:00,117.47319875735018,118.08832057574774,116.98274768196293,117.48981475830078,5012400,0.0,0.0
2019-12-13 00:00:00-05:00,117.29032805199854,117.87220521814474,116.63362814137069,117.52307891845703,4257200,0.0,0.0
2019-12-16 00:00:00-05:00,117.81398009406674,118.74499599837903,117.61448665197435,117.86385345458984,5353100,0.0,0.0
2019-12-17 00:00:00-05:00,118.8696805751658,119.74250244485393,118.47068100306781,119.3351821899414,10722400,0.0,0.0
2019-12-18 00:00:00-05:00,119.46820630451629,119.60121041217008,118.65357834208405,119.02764129638672,7849200,0.0,0.0
2019-12-19 00:00:00-05:00,119.60951798312239,121.2637232707085,119.37676713754854,120.82315826416016,9414700,0.0,0.0
2019-12-20 00:00:00-05:00,122.09495119530256,122.89295028271535,120.3659362606191,121.41331481933594,14532800,0.0,0.0
2019-12-23 00:00:00-05:00,121.14736322966651,121.99523598163626,120.81485291950753,121.72924041748047,6558700,0.0,0.0
2019-12-24 00:00:00-05:00,121.36346901628121,121.3717770164231,120.74833453859974,121.3052749633789,4238900,0.0,0.0
2019-12-26 00:00:00-05:00,121.33845176057483,121.51300843543301,120.66513636105648,121.22207641601562,3019300,0.0,0.0
2019-12-27 00:00:00-05:00,121.52973316318163,121.82067809651701,120.98110066922015,121.15567016601562,3432700,0.0,0.0
2019-12-30 00:00:00-05:00,121.18058530712781,121.52971155467134,120.55714286137817,120.78158569335938,2923300,0.0,0.0
2019-12-31 00:00:00-05:00,120.61532036576654,121.37175412302847,120.34931220376481,121.25537872314453,4435000,0.0,0.0
2020-01-02 00:00:00-05:00,121.25540075741692,121.38009686250247,120.5987135995902,121.33853149414062,5777000,0.0,0.0
2020-01-03 00:00:00-05:00,119.28531384372369,120.83975951926334,118.86968557249119,119.9336929321289,5752400,0.0,0.0
2020-01-06 00:00:00-05:00,119.70097264451852,119.86722145861938,118.74503245045992,119.78410339355469,7731300,0.0,0.0
2020-01-07 00:00:00-05:00,119.70928961424359,120.90630145980224,117.52309281128674,120.51560974121094,7382900,0.0,0.0
2020-01-08 00:00:00-05:00,120.42414729313131,121.34684268556447,119.45157853094014,120.49897003173828,6605800,0.0,0.0
2020-01-09 00:00:00-05:00,121.16399102206024,121.38843391776055,120.52393239516967,120.85643005371094,6112700,0.0,0.0
2020-01-10 00:00:00-05:00,121.15564609391403,121.5130803337077,120.44907292989889,120.58207702636719,5042600,0.0,0.0
2020-01-13 00:00:00-05:00,120.93120487234583,121.18889238519424,120.29945443168619,121.11408233642578,4593200,0.0,0.0
2020-01-14 00:00:00-05:00,120.57378227370177,121.87054064681446,120.30777405154011,121.79573059082031,7037500,0.0,0.0
2020-01-15 00:00:00-05:00,121.695966392133,122.52722302782782,121.56297497023877,122.20303344726562,4960300,0.0,0.0
2020-01-16 00:00:00-05:00,122.54384347765861,123.72422629895249,121.5297094355386,123.19222259521484,6476000,0.0,0.0
2020-01-17 00:00:00-05:00,123.36680753075044,124.19806421484583,122.96779518992595,123.9985580444336,9083600,0.0,0.0
2020-01-21 00:00:00-05:00,123.50812638388416,124.82982153955795,123.44162432345156,124.08169555664062,9543900,0.0,0.0
2020-01-22 00:00:00-05:00,121.9453599543953,124.00687309666763,121.36348277923429,123.23381042480469,10305300,0.0,0.0
2020-01-23 00:00:00-05:00,123.0591867726687,123.6660130519635,121.99517963950277,123.46650695800781,8671900,0.0,0.0
2020-01-24 00:00:00-05:00,123.50811434986976,123.81567525092863,122.96778991799057,123.2919921875,9051900,0.0,0.0
2020-01-27 00:00:00-05:00,122.62697203890616,124.23961180468567,122.19471507352941,123.6494140625,7587100,0.0,0.0
2020-01-28 00:00:00-05:00,123.40838671630765,125.16233902344834,123.15068646085551,124.27288818359375,7336600,0.0,0.0
2020-01-29 00:00:00-05:00,124.23126269703661,125.67765335564876,123.96526725272001,125.1373291015625,6288600,0.0,0.0
2020-01-30 00:00:00-05:00,124.71347665874906,125.1124764351258,123.89884841582074,124.98779296875,6470600,0.0,0.0
2020-01-31 00:00:00-05:00,124.48070130061015,124.68851549309865,123.55800577860235,123.74919128417969,8651700,0.0,0.0
2020-02-03 00:00:00-05:00,124.206338236098,125.09578873305725,124.05671816219848,124.82978057861328,5765200,0.0,0.0
2020-02-04 00:00:00-05:00,125.9270854231132,126.97446432694552,125.68601387063076,126.01852416992188,6541400,0.0,0.0
2020-02-05 00:00:00-05:00,126.11821722181188,128.03010940582564,125.77739906663385,128.0051727294922,5979900,0.0,0.0
2020-02-06 00:00:00-05:00,128.22133905838572,128.42915322217564,126.96614607532373,127.62283325195312,6201200,0.0,0.0
2020-02-07 00:00:00-05:00,127.46492533175935,127.56468478120645,125.97698111622339,126.25960540771484,5700300,0.0,0.0
2020-02-10 00:00:00-05:00,126.08501684860974,126.2762150321997,125.42832960176068,126.23464965820312,4835600,0.0,0.0
2020-02-11 00:00:00-05:00,126.59207162466794,126.66689436415362,125.96862912743102,126.34270477294922,3715300,0.0,0.0
2020-02-12 00:00:00-05:00,126.24294552854944,126.47569637979929,125.45325423438244,125.59456634521484,5166800,0.0,0.0
2020-02-13 00:00:00-05:00,124.82149971698635,125.55299693280395,124.58874887323034,124.7633056640625,5480200,0.0,0.0
2020-02-14 00:00:00-05:00,125.15401176069606,125.2205138214496,123.9819367223607,124.79657745361328,5716300,0.0,0.0
2020-02-18 00:00:00-05:00,125.0791442471107,125.30358701356582,123.9070697471361,123.97357177734375,7230700,0.0,0.0
2020-02-19 00:00:00-05:00,124.03177768785065,124.48895857786526,123.50808207729347,123.80733489990234,6115200,0.0,0.0
2020-02-20 00:00:00-05:00,123.53304802711901,124.17311918235981,122.52722192602633,123.33354187011719,7464700,0.0,0.0
2020-02-21 00:00:00-05:00,123.10082339288805,124.88803322381091,122.64362959037416,124.63033294677734,7776800,0.0,0.0
2020-02-24 00:00:00-05:00,122.55562315278303,124.64701603934928,121.5099267094999,122.06205749511719,10588900,0.95,0.0
2020-02-25 00:00:00-05:00,122.12901507100972,122.7647940770157,120.32204808781069,121.00801849365234,10529000,0.0,0.0
2020-02-26 00:00:00-05:00,121.5936026879616,122.32140341845779,120.12125374278214,120.19654083251953,10093800,0.0,0.0
2020-02-27 00:00:00-05:00,119.25961044227937,121.10840775067084,116.23963798254384,116.38185119628906,12566700,0.0,0.0
2020-02-28 00:00:00-05:00,113.23640343477182,114.85095299354455,109.43843868136167,112.50022888183594,19820300,0.0,0.0
2020-03-02 00:00:00-05:00,112.7511784127722,117.22676453942506,112.10702579451164,117.1347427368164,11508200,0.0,0.0
2020-03-03 00:00:00-05:00,117.1179996547388,117.94619581907149,111.34576049198053,113.42877960205078,13662500,0.0,0.0
2020-03-04 00:00:00-05:00,115.17717174337429,120.1630575175787,114.72543654025259,120.02920532226562,10560500,0.0,0.0
2020-03-05 00:00:00-05:00,117.78727231055639,119.35999138006144,116.98417167294724,118.79949951171875,11339200,0.0,0.0
2020-03-06 00:00:00-05:00,115.84644240534486,119.63604566121596,114.9513328010244,118.81622314453125,12239100,0.0,0.0
2020-03-09 00:00:00-04:00,114.04787075443406,116.85033035801695,112.85158704645174,114.139892578125,13848600,0.0,0.0
2020-03-10 00:00:00-04:00,117.09290320377434,118.74928275686908,112.29106065366669,118.48995208740234,12698100,0.0,0.0
2020-03-11 00:00:00-04:00,115.52015485274376,116.07228554484468,110.00724720106001,110.25821685791016,17763400,0.0,0.0
2020-03-12 00:00:00-04:00,106.50210478070292,111.89789665871898,104.15138087717655,104.91265106201172,21539200,0.0,0.0
2020-03-13 00:00:00-04:00,108.18358520132662,112.86829794773293,104.27685815553583,112.34126281738281,20084200,0.0,0.0
2020-03-16 00:00:00-04:00,103.37338248856409,111.89789680320395,102.41970770314776,106.35152435302734,18877900,0.0,0.0
2020-03-17 00:00:00-04:00,107.5394142081645,114.41591436436363,106.92035737925376,114.26532745361328,18911800,0.0,0.0
2020-03-18 00:00:00-04:00,109.60573395353963,113.4957200417997,107.67328875750653,112.90177154541016,17521100,0.0,0.0
2020-03-19 00:00:00-04:00,112.92686579525501,112.92686579525501,105.5316965158991,106.28459930419922,18482300,0.0,0.0
2020-03-20 00:00:00-04:00,106.1005628583308,106.61086331695918,98.8225105896972,100.29485321044922,19785100,0.0,0.0
2020-03-23 00:00:00-04:00,97.87720175719085,99.18222907157723,91.31859574574334,92.9749755859375,20815200,0.0,0.0
2020-03-24 00:00:00-04:00,99.34955989482827,100.0940954798547,95.2504273053759,99.70091247558594,17604800,0.0,0.0
2020-03-25 00:00:00-04:00,99.47503741660624,103.69964819889782,97.62624005908886,99.88494873046875,13986100,0.0,0.0
2020-03-26 00:00:00-04:00,100.86370559968614,106.32642332472885,100.70475768261117,105.88304901123047,15066800,0.0,0.0
2020-03-27 00:00:00-04:00,101.76718471856837,106.76143222680312,100.8720687693193,103.03038787841797,12133200,0.0,0.0
2020-03-30 00:00:00-04:00,107.46413721174996,112.09029723463448,106.66103673042258,111.27046203613281,21754000,0.0,0.0
2020-03-31 00:00:00-04:00,112.92686533205017,113.52918756021965,108.79427056399578,109.69775390625,15746100,0.0,0.0
2020-04-01 00:00:00-04:00,106.82835608058348,108.94484485847839,104.98793272130753,107.7569351196289,12606100,0.0,0.0
2020-04-02 00:00:00-04:00,108.01625653423139,112.09865956431027,106.42680303440848,111.38758087158203,11594500,0.0,0.0
2020-04-03 00:00:00-04:00,110.7434435093373,112.75953661068989,110.07419521275304,112.24087524414062,10071200,0.0,0.0
2020-04-06 00:00:00-04:00,114.6166889386986,117.92946082334988,113.38694892404273,116.91722106933594,14994400,0.0,0.0
2020-04-07 00:00:00-04:00,117.00091356734762,118.81624151742689,114.82585931263249,115.00990295410156,11567100,0.0,0.0
2020-04-08 00:00:00-04:00,115.23574390646957,120.57298244583659,114.85929575339277,119.84516906738281,10758200,0.0,0.0
2020-04-09 00:00:00-04:00,120.47261626678846,121.65216516338957,117.35226100603437,118.14698791503906,11125400,0.0,0.0
2020-04-13 00:00:00-04:00,117.1180332854911,118.3645083779479,115.31106627980746,116.92562866210938,8153200,0.0,0.0
2020-04-14 00:00:00-04:00,121.65212947834526,123.32524364434894,120.50605035938413,122.16242980957031,13838000,0.0,0.0
2020-04-15 00:00:00-04:00,121.7609254833771,123.73520135031443,120.07943703156239,123.52606201171875,11962300,0.0,0.0
2020-04-16 00:00:00-04:00,124.06980118377669,126.05243774123335,122.50544324281978,125.20751953125,12181700,0.0,0.0
2020-04-17 00:00:00-04:00,127.14835095700074,127.40768168238627,125.14897948388302,127.17344665527344,10920000,0.0,0.0
2020-04-20 00:00:00-04:00,126.26158115466527,127.99326081040499,125.55887611966251,126.8806381225586,12226200,0.0,0.0
2020-04-21 00:00:00-04:00,125.58399918230789,126.85557006905637,124.28734535832646,125.21591186523438,9951100,0.0,0.0
2020-04-22 00:00:00-04:00,127.8343373430411,129.66640013572234,126.93085379740981,127.98492431640625,11515600,0.0,0.0
2020-04-23 00:00:00-04:00,129.03897513938819,131.33950792145183,128.57886603000495,130.09303283691406,10665000,0.0,0.0
2020-04-24 00:00:00-04:00,130.14321663111858,130.75389984533808,128.52865451179508,129.54925537109375,8653400,0.0,0.0
2020-04-27 00:00:00-04:00,129.50743157635029,130.54476720772294,128.82982221616095,129.07241821289062,8924000,0.0,0.0
2020-04-28 00:00:00-04:00,126.52928294828551,128.0769189530973,126.06917391186711,126.64640045166016,8558700,0.0,0.0
2020-04-29 00:00:00-04:00,126.63803906174665,126.84717837172319,124.78088096796694,125.68436431884766,9285200,0.0,0.0
2020-04-30 00:00:00-04:00,124.19531749372949,125.84332383168996,123.10779031836665,125.5170669555664,14829600,0.0,0.0
2020-05-01 00:00:00-04:00,125.16566965888336,125.20750006700062,122.79821152574821,124.05304718017578,7309000,0.0,0.0
2020-05-04 00:00:00-04:00,124.45464036878181,124.7139711045619,123.04921738492058,124.03636169433594,7198400,0.0,0.0
2020-05-05 00:00:00-04:00,124.64705941190687,126.13613064409573,124.34589822085444,125.06533813476562,6562300,0.0,0.0
2020-05-06 00:00:00-04:00,125.48359170127151,125.75129615736272,123.84393381984043,123.87740325927734,6191600,0.0,0.0
2020-05-07 00:00:00-04:00,124.95656987193952,125.09042211427541,123.0826895386467,123.46749877929688,5570500,0.0,0.0
2020-05-08 00:00:00-04:00,124.58013130280298,124.79763163988251,123.71847816860834,124.39608764648438,4712100,0.0,0.0
2020-05-11 00:00:00-04:00,124.18692856696713,125.56725577015479,123.91086312632959,124.73905944824219,5887500,0.0,0.0
2020-05-12 00:00:00-04:00,125.56726459153283,125.768030188027,122.99902737432535,123.09104919433594,7039200,0.0,0.0
2020-05-13 00:00:00-04:00,122.20429960469258,124.60521512200212,122.14573446287909,123.08268737792969,6970500,0.0,0.0
2020-05-14 00:00:00-04:00,121.62705411006272,123.60969064331022,120.68174036356402,123.50930786132812,6871400,0.0,0.0
2020-05-15 00:00:00-04:00,123.70171114450103,125.88512598354808,121.8529268499507,125.85166931152344,10340400,0.0,0.0
2020-05-18 00:00:00-04:00,127.56661307917975,128.51191404290583,125.86840297031212,125.91859436035156,7388400,0.0,0.0
2020-05-19 00:00:00-04:00,125.56725599997021,126.40381330106301,124.14509837623133,124.66377258300781,6107300,0.0,0.0
2020-05-20 00:00:00-04:00,125.27444230972698,125.80983841401262,123.1997840012264,123.54276275634766,5713400,0.0,0.0
2020-05-21 00:00:00-04:00,124.22873970062987,124.22873970062987,121.98677261295833,122.73130798339844,6487300,0.0,0.0
2020-05-22 00:00:00-04:00,121.77942815878762,123.22826883300365,121.34981831949418,121.61094665527344,6140900,1.01,0.0
2020-05-26 00:00:00-04:00,123.14407923068993,123.35466832223885,121.55202621271349,121.77103424072266,7072300,0.0,0.0
2020-05-27 00:00:00-04:00,121.56885959518326,122.35224473438028,120.46536211609481,122.04899597167969,7950000,0.0,0.0
2020-05-28 00:00:00-04:00,123.00087338105055,124.76139500412948,122.82397289847455,123.80110931396484,6189600,0.0,0.0
2020-05-29 00:00:00-04:00,124.63502796663818,125.80590256072675,122.41962706607164,125.30048370361328,8504000,0.0,0.0
2020-06-01 00:00:00-04:00,124.07067049526896,124.9551473001568,122.99245531420112,123.98644256591797,6141800,0.0,0.0
2020-06-02 00:00:00-04:00,123.87692734606652,124.96357427553775,123.08511029131095,124.87933349609375,6078300,0.0,0.0
2020-06-03 00:00:00-04:00,125.10675761246303,125.6290143901062,123.36307395290716,125.21625518798828,6339500,0.0,0.0
2020-06-04 00:00:00-04:00,123.65793199879245,124.98042496902147,122.63025608018256,123.59896087646484,8170500,0.0,0.0
2020-06-05 00:00:00-04:00,124.40759709895025,126.05018922211947,123.48943186770904,124.0790786743164,9725400,0.0,0.0
2020-06-08 00:00:00-04:00,122.88295560172293,124.34022857308817,122.76502621999404,123.63265228271484,7555600,0.0,0.0
2020-06-09 00:00:00-04:00,124.87930743750937,125.78905368164665,122.68917616236382,122.9503173828125,8247200,0.0,0.0
2020-06-10 00:00:00-04:00,123.48939660782968,126.37867156190039,123.48939660782968,124.5002212524414,10137100,0.0,0.0
2020-06-11 00:00:00-04:00,125.157332244251,125.65431950212054,118.56167920504382,118.66275787353516,11913300,0.0,0.0
2020-06-12 00:00:00-04:00,120.32219481638764,121.05505368389213,118.16576431462569,119.740966796875,8687400,0.0,0.0
2020-06-15 00:00:00-04:00,118.7722219281492,119.95151544425768,117.41602795795677,118.9828109741211,8649600,0.0,0.0
2020-06-16 00:00:00-04:00,121.37514035055528,122.49547599503825,120.26323649688702,121.68682098388672,7579100,0.0,0.0
2020-06-17 00:00:00-04:00,122.0574269386735,122.49545582871639,120.85286355772747,121.316162109375,5100100,0.0,0.0
2020-06-18 00:00:00-04:00,120.05264094452492,121.4004035086438,119.50510155784687,120.80233764648438,4797400,0.0,0.0
2020-06-19 00:00:00-04:00,122.8071006822609,122.88292250628909,120.6675216604677,121.15608978271484,12206900,0.0,0.0
2020-06-22 00:00:00-04:00,120.85285910141572,121.01290885456844,119.63986397577094,120.78546905517578,5285600,0.0,0.0
2020-06-23 00:00:00-04:00,121.08030509802803,121.36670316920362,120.18739657965014,120.33902740478516,5921600,0.0,0.0
2020-06-24 00:00:00-04:00,119.18499269911108,119.77463951462184,116.85166224344357,117.77825927734375,8211200,0.0,0.0
2020-06-25 00:00:00-04:00,118.41006800937868,118.41006800937868,115.85771580318146,117.65193939208984,7421200,0.0,0.0
2020-06-26 00:00:00-04:00,117.53396731326069,117.592938420753,115.4196577389479,116.08511352539062,12849700,0.0,0.0
2020-06-29 00:00:00-04:00,116.8685115967609,117.67716640473635,116.2283126159992,117.12120819091797,5309800,0.0,0.0
2020-06-30 00:00:00-04:00,117.42447890480518,118.78910503499488,116.11040495623195,118.46058654785156,7738300,0.0,0.0
2020-07-01 00:00:00-04:00,118.51110549857655,119.10075231599247,117.98041693623392,118.2499771118164,6174800,0.0,0.0
2020-07-02 00:00:00-04:00,118.98282222650377,119.47980933719778,118.20785600643774,118.74696350097656,5152200,0.0,0.0
2020-07-06 00:00:00-04:00,119.75778748269019,121.10556263485789,119.51350982369472,120.44009399414062,6156400,0.0,0.0
2020-07-07 00:00:00-04:00,119.10077378258957,121.2740548899209,118.96599367050571,120.33061981201172,5622600,0.0,0.0
2020-07-08 00:00:00-04:00,120.34744459287447,120.78547348282241,119.36188923049473,120.68439483642578,6257400,0.0,0.0
2020-07-09 00:00:00-04:00,120.25478596522902,121.6615195047097,118.41845532135744,120.02735900878906,5738600,0.0,0.0
2020-07-10 00:00:00-04:00,120.24636140781278,120.34744005039423,119.1344449260687,119.92626190185547,4282400,0.0,0.0
2020-07-13 00:00:00-04:00,120.9707976773292,123.52313642626767,120.69281853543102,122.31857299804688,6951900,0.0,0.0
2020-07-14 00:00:00-04:00,122.41125258017217,124.99728034785595,122.36070039343642,124.60137176513672,7447100,0.0,0.0
2020-07-15 00:00:00-04:00,126.12602129493752,126.53036162493788,124.86248668369856,124.88775634765625,8512800,0.0,0.0
2020-07-16 00:00:00-04:00,125.24156082062116,125.79751920683225,123.55684778604724,125.72171020507812,9304700,0.0,0.0
2020-07-17 00:00:00-04:00,126.35347292476901,126.84204122914556,125.24998798442708,125.80594635009766,7441100,0.0,0.0
2020-07-20 00:00:00-04:00,126.54718574855447,126.62300758552773,125.0309418091492,126.01651000976562,6191500,0.0,0.0
2020-07-21 00:00:00-04:00,126.0164777035883,127.76014814688578,125.93223695225316,126.13440704345703,5575900,0.0,0.0
2020-07-22 00:00:00-04:00,126.29447976247742,126.6988200596832,124.54238988793654,126.36186981201172,5910200,0.0,0.0
2020-07-23 00:00:00-04:00,126.53033648796179,127.06944396752247,125.74693850089018,126.02491760253906,6566300,0.0,0.0
2020-07-24 00:00:00-04:00,126.77461793276572,126.85885870063376,123.85164066378985,124.76980590820312,5405900,0.0,0.0
2020-07-27 00:00:00-04:00,124.13807714024601,125.4437323263897,123.70847993913083,123.97802734375,5675200,0.0,0.0
2020-07-28 00:00:00-04:00,124.16330287014809,124.6603028132206,123.6157764632636,123.68316650390625,4842200,0.0,0.0
2020-07-29 00:00:00-04:00,123.31253262250372,124.22227892743958,123.0429853025245,123.43888092041016,4489100,0.0,0.0
2020-07-30 00:00:00-04:00,124.19700058905464,124.24753990468555,123.10193495482079,123.69158172607422,5922500,0.0,0.0
2020-07-31 00:00:00-04:00,123.53999647607887,124.20545239690256,121.26563669739137,122.78186798095703,8259600,0.0,0.0
2020-08-03 00:00:00-04:00,123.3125177337621,124.4918112162894,123.11034762818531,124.12118530273438,4078700,0.0,0.0
2020-08-04 00:00:00-04:00,123.81795751120782,124.0116958618164,122.83240217984621,124.0116958618164,4162200,0.0,0.0
2020-08-05 00:00:00-04:00,125.5953513235845,125.77223897949229,124.5002853723873,125.00569152832031,5467500,0.0,0.0
2020-08-06 00:00:00-04:00,125.00567565762772,125.7216836876361,123.40520375369306,124.28968048095703,4837900,0.0,0.0
2020-08-07 00:00:00-04:00,124.25597801772359,125.2162637229326,123.9527292237977,125.17415618896484,3635100,0.0,0.0
2020-08-10 00:00:00-04:00,125.39315750535546,125.51950580717994,124.43287185147878,124.69400024414062,4096600,0.0,0.0
2020-08-11 00:00:00-04:00,125.62902098500903,125.70482996896844,123.29569038089404,123.80110931396484,6388400,0.0,0.0
2020-08-12 00:00:00-04:00,124.28125054169371,126.55562297518644,124.23914300675621,126.06705474853516,5257300,0.0,0.0
2020-08-13 00:00:00-04:00,125.12359843339229,125.67113773727387,124.27282320244262,124.66873168945312,5155500,0.0,0.0
2020-08-14 00:00:00-04:00,124.34022962498693,125.79750260868047,124.31495996106972,124.87091827392578,4240200,0.0,0.0
2020-08-17 00:00:00-04:00,124.93830829730182,126.54719926409277,124.8624864522306,125.502685546875,4306900,0.0,0.0
2020-08-18 00:00:00-04:00,125.73013329663816,126.43772256307366,125.14891807731522,126.42929077148438,4322600,0.0,0.0
2020-08-19 00:00:00-04:00,125.99965452594063,127.68436709424576,125.78064651926223,126.68196105957031,7816300,0.0,0.0
2020-08-20 00:00:00-04:00,126.14288020328794,127.68439407137829,125.97441148153078,127.54961395263672,4874700,0.0,0.0
2020-08-21 00:00:00-04:00,127.85283914530126,129.4280413250557,126.85043308424402,128.6783447265625,6722800,0.0,0.0
2020-08-24 00:00:00-04:00,129.51784022450747,129.65350443633008,127.49120968926756,129.0175323486328,5387900,1.01,0.0
2020-08-25 00:00:00-04:00,129.55175740438642,129.79767386568443,128.5002788593279,128.94122314453125,3863500,0.0,0.0
2020-08-26 00:00:00-04:00,128.7716391481598,129.4415241077443,127.73712343420434,129.14474487304688,8008300,0.0,0.0
2020-08-27 00:00:00-04:00,129.2465173078176,129.95880311366932,128.79709795849058,129.72137451171875,5575400,0.0,0.0
2020-08-28 00:00:00-04:00,129.5178596738794,130.33189682259808,128.80556099514155,130.28102111816406,5395700,0.0,0.0
2020-08-31 00:00:00-04:00,129.73826975023965,130.92541214102906,129.11077280717575,130.0859375,6362700,0.0,0.0
2020-09-01 00:00:00-04:00,130.4760423791235,130.65412027454144,127.25379383132875,128.48333740234375,6307700,0.0,0.0
2020-09-02 00:00:00-04:00,127.86430916961316,130.86610482718078,126.55845210731086,130.44212341308594,6881900,0.0,0.0
2020-09-03 00:00:00-04:00,131.29008601268936,131.83278170423046,125.75288978936226,126.8128433227539,8672800,0.0,0.0
2020-09-04 00:00:00-04:00,127.33859280875947,128.00000286509092,124.76079117111996,125.99880981445312,7200100,0.0,0.0
2020-09-08 00:00:00-04:00,127.4064468645239,127.94914269301356,124.56576550263775,124.87103271484375,8756800,0.0,0.0
2020-09-09 00:00:00-04:00,125.62567288498785,128.12717328185033,125.60023503827736,126.94001770019531,6960700,0.0,0.0
2020-09-10 00:00:00-04:00,126.55844860776406,127.00786785916655,124.24351377370598,124.57421875,6191800,0.0,0.0
2020-09-11 00:00:00-04:00,124.69294141735855,125.94792282995338,124.33679856806353,125.31195068359375,3934700,0.0,0.0
2020-09-14 00:00:00-04:00,125.60023208843624,126.74498691906,125.50695567306035,125.79527282714844,4375800,0.0,0.0
2020-09-15 00:00:00-04:00,126.728038557867,127.69471563754165,125.93943936026544,126.25318145751953,3658800,0.0,0.0
2020-09-16 00:00:00-04:00,126.67718789055581,127.24532152922356,125.79531209264017,125.83769989013672,4323000,0.0,0.0
2020-09-17 00:00:00-04:00,125.53242421801497,126.03273217131775,123.84498629839524,124.7947006225586,5461400,0.0,0.0
2020-09-18 00:00:00-04:00,124.23498788188843,126.8975897571749,123.97212156300728,126.4990463256836,12174000,0.0,0.0
2020-09-21 00:00:00-04:00,125.14234991595875,125.43912912868902,121.22476597239059,123.0394058227539,7574500,0.0,0.0
2020-09-22 00:00:00-04:00,122.69173989660035,123.25139845127568,121.869214943516,122.28472137451172,5295900,0.0,0.0
2020-09-23 00:00:00-04:00,125.05759960211967,125.11696323227287,122.42892164537315,122.47979736328125,8784400,0.0,0.0
2020-09-24 00:00:00-04:00,122.5815206170884,123.16661711629662,121.54700479449455,122.67479705810547,5614800,0.0,0.0
2020-09-25 00:00:00-04:00,122.10668329915836,124.01460022570771,122.01340684297148,123.5143051147461,5531200,0.0,0.0
2020-09-28 00:00:00-04:00,124.4215597158157,125.74437941897656,124.15869335671111,124.74378967285156,5843200,0.0,0.0
2020-09-29 00:00:00-04:00,125.15931554800318,125.4306569181511,123.85344557882905,124.70140838623047,6768600,0.0,0.0
2020-09-30 00:00:00-04:00,125.03212678600553,126.9654811593193,124.5148689004066,126.24472045898438,8487700,0.0,0.0
2020-10-01 00:00:00-04:00,126.60932800869058,126.89763226540222,124.19264170782752,124.92189025878906,6457800,0.0,0.0
2020-10-02 00:00:00-04:00,123.98065803501177,125.84617377807488,123.65842800105922,124.00609588623047,5485600,0.0,0.0
2020-10-05 00:00:00-04:00,124.65055925733351,125.82075232141807,124.15873917154273,125.69355010986328,4992800,0.0,0.0
2020-10-06 00:00:00-04:00,125.73591386787344,126.0157431243296,123.69232056213521,124.02302551269531,5118200,0.0,0.0
2020-10-07 00:00:00-04:00,124.21809110809608,125.69353828780744,123.64146960216935,125.39675903320312,5603100,0.0,0.0
2020-10-08 00:00:00-04:00,125.92247648128571,127.06723144303345,125.53240789806569,126.25318145751953,4413500,0.0,0.0
2020-10-09 00:00:00-04:00,126.89765046722528,128.44942422053524,126.72806046476859,128.0169677734375,5054100,0.0,0.0
2020-10-12 00:00:00-04:00,128.55116639716584,129.8570234235897,128.05934641766225,128.75466918945312,7273200,0.0,0.0
2020-10-13 00:00:00-04:00,126.34647535447424,127.29618968649345,125.3034845834969,125.80377960205078,11057600,0.0,0.0
2020-10-14 00:00:00-04:00,126.19381665674234,126.37188157998804,124.98122325376187,125.58328247070312,7706400,0.0,0.0
2020-10-15 00:00:00-04:00,125.05756431339857,125.41370717714955,124.08241215828662,124.81166076660156,5978600,0.0,0.0
2020-10-16 00:00:00-04:00,125.1593011158917,126.1429280255023,124.65899328366226,125.58328247070312,6097000,0.0,0.0
2020-10-19 00:00:00-04:00,125.94793022284249,126.2616723596856,122.21689858741645,122.37801361083984,7250800,0.0,0.0
2020-10-20 00:00:00-04:00,122.66627445167002,123.59055059262263,122.20836739580987,122.572998046875,5325400,0.0,0.0
2020-10-21 00:00:00-04:00,122.20840199928718,123.2429177130719,122.03033704627538,122.04728698730469,5221300,0.0,0.0
2020-10-22 00:00:00-04:00,122.24233661041703,123.53971883184586,121.97098226766441,123.0224609375,5279700,0.0,0.0
2020-10-23 00:00:00-04:00,123.70079953893679,125.04905709088197,122.4034176774222,123.1581039428711,4154400,0.0,0.0
2020-10-26 00:00:00-04:00,122.4712782313046,122.75959545743854,121.0467067374596,122.08122253417969,6929500,0.0,0.0
2020-10-27 00:00:00-04:00,121.88617978200385,122.35254897951224,121.19084406249159,121.38587188720703,4890100,0.0,0.0
2020-10-28 00:00:00-04:00,119.92737392330918,120.39375605625837,117.17149479274694,117.32413482666016,8426100,0.0,0.0
2020-10-29 00:00:00-04:00,117.01888679689338,117.61245827257834,115.36536163645397,116.33203887939453,7205400,0.0,0.0
2020-10-30 00:00:00-04:00,115.89954469727822,116.62879319391492,113.33021855027702,116.26417541503906,7364100,0.0,0.0
2020-11-02 00:00:00-05:00,117.84984634830921,117.87528419288726,116.5863902713223,117.60394287109375,7088000,0.0,0.0
2020-11-03 00:00:00-05:00,118.73178614140656,119.52887345350427,116.83234431127771,117.44287872314453,6363000,0.0,0.0
2020-11-04 00:00:00-05:00,118.28234303085603,120.86861938156943,117.61244513116503,118.20601654052734,10263500,0.0,0.0
2020-11-05 00:00:00-05:00,119.1811664302319,120.26655770901897,118.08728724310632,118.51126861572266,8016200,0.0,0.0
2020-11-06 00:00:00-05:00,119.05398231878162,121.41980598271482,118.41801016336316,120.62271881103516,5942500,0.0,0.0
2020-11-09 00:00:00-05:00,125.86311966891111,126.3379897337796,122.88677472213139,123.87041473388672,12351600,0.0,0.0
2020-11-10 00:00:00-05:00,124.86254584171239,126.1344902815261,124.02305785343569,125.73594665527344,7386500,0.0,0.0
2020-11-11 00:00:00-05:00,126.4905695818355,126.51600742273246,124.53177819948095,125.32886505126953,6382400,0.0,0.0
2020-11-12 00:00:00-05:00,125.16777233003502,126.0496478284781,124.43852390408097,125.75286865234375,4710300,0.0,0.0
2020-11-13 00:00:00-05:00,126.4227561632883,127.54207314083557,125.84614773646747,127.10960388183594,5893500,0.0,0.0
2020-11-16 00:00:00-05:00,127.97454231728621,128.2967723169303,127.02482813587457,127.91519165039062,6266400,0.0,0.0
2020-11-17 00:00:00-05:00,127.19445846983827,127.7286793358562,126.44824683970394,126.6432876586914,7297700,0.0,0.0
2020-11-18 00:00:00-05:00,126.23620030942489,126.99088657873313,124.9642562866211,124.9642562866211,6661000,0.0,0.0
2020-11-19 00:00:00-05:00,124.90492611909278,125.04060327578323,123.45490400209606,124.76924896240234,7987700,0.0,0.0
2020-11-20 00:00:00-05:00,124.69291492407393,125.44760119318506,123.91279080962408,124.10781860351562,6354900,0.0,0.0
2020-11-23 00:00:00-05:00,124.67138089830252,124.67138089830252,122.13543015941411,122.84413146972656,7318300,1.01,0.0
2020-11-24 00:00:00-05:00,122.95513680411138,123.6040620024335,122.62213382975204,122.84413146972656,11034800,0.0,0.0
2020-11-25 00:00:00-05:00,123.00635384705637,123.10027842174473,121.98173041423402,122.681884765625,7594600,0.0,0.0
2020-11-27 00:00:00-05:00,123.38208203845554,123.51870200361009,122.28914837481312,122.95515441894531,3059000,0.0,0.0
2020-11-30 00:00:00-05:00,123.15151154249108,123.68944439901057,122.15250268666504,123.5357437133789,15663200,0.0,0.0
2020-12-01 00:00:00-05:00,124.91047997389497,127.33543880876775,124.54332846673725,125.90095520019531,9738200,0.0,0.0
2020-12-02 00:00:00-05:00,126.2424619502131,127.830632708321,126.11437588802158,126.49007415771484,7745500,0.0,0.0
2020-12-03 00:00:00-05:00,126.40470437491594,127.71964853652128,126.1058629045838,127.22441101074219,7310500,0.0,0.0
2020-12-04 00:00:00-05:00,127.8989475511888,128.3429558438044,127.45495228736786,128.30880737304688,6747100,0.0,0.0
2020-12-07 00:00:00-05:00,127.52327589917694,128.00143271369973,126.80602764859671,127.19880676269531,6634700,0.0,0.0
2020-12-08 00:00:00-05:00,128.07825548599016,129.90550474310518,127.69402332529096,129.4017333984375,8339800,0.0,0.0
2020-12-09 00:00:00-05:00,130.49469043566265,131.06677185031597,129.58105912724866,130.72523498535156,8440100,0.0,0.0
2020-12-10 00:00:00-05:00,130.48612375641838,130.62273065076928,129.51271657561287,129.99942016601562,7392900,0.0,0.0
2020-12-11 00:00:00-05:00,129.38469498355718,130.98994714675806,129.12853578301264,130.59716796875,5977400,0.0,0.0
2020-12-14 00:00:00-05:00,130.85328757436957,131.04967058955094,127.21586971943817,127.2841796875,8547300,0.0,0.0
2020-12-15 00:00:00-05:00,128.07825304962952,128.71864431487768,127.67694014777052,128.56495666503906,7612600,0.0,0.0
2020-12-16 00:00:00-05:00,128.2490280426209,128.863804731175,127.69402746238465,127.7964859008789,8486100,0.0,0.0
2020-12-17 00:00:00-05:00,128.1551124254927,131.39976450223003,128.04412011896102,131.16921997070312,9920300,0.0,0.0
2020-12-18 00:00:00-05:00,131.19482232445995,132.43292256153464,129.50419298507524,131.92913818359375,17137200,0.0,0.0
2020-12-21 00:00:00-05:00,129.79451932906287,130.98992438091182,128.12097049678857,130.65692138671875,7893400,0.0,0.0
2020-12-22 00:00:00-05:00,130.12750171298723,131.40828426145677,129.66642572820749,130.40074157714844,4699500,0.0,0.0
2020-12-23 00:00:00-05:00,130.4690417459478,131.15212832626236,129.70056445729665,129.73472595214844,4607300,0.0,0.0
2020-12-24 00:00:00-05:00,129.65786999785058,130.67394637072678,129.63225539350532,130.187255859375,2114900,0.0,0.0
2020-12-28 00:00:00-05:00,130.91305304717415,131.3826628676587,130.04211731113125,130.8020477294922,3855500,0.0,0.0
2020-12-29 00:00:00-05:00,131.58759034918,132.28774465174308,131.32289739227957,131.6132049560547,5212000,0.0,0.0
2020-12-30 00:00:00-05:00,132.12554671960234,133.52586860330996,132.00600752326616,133.2440948486328,5412800,0.0,0.0
2020-12-31 00:00:00-05:00,133.65393294545063,134.61879334290327,132.44146031058864,134.3797149658203,5099900,0.0,0.0
2021-01-04 00:00:00-05:00,134.26019922676483,134.37973843618465,131.60470897648426,133.6283416748047,11765900,0.0,0.0
2021-01-05 00:00:00-05:00,133.41487809061798,135.55805000189886,132.40733518510004,135.19943237304688,9602300,0.0,0.0
2021-01-06 00:00:00-05:00,134.26019782197372,136.81321655975552,133.81618946500433,136.4716796875,8230100,0.0,0.0
2021-01-07 00:00:00-05:00,135.76293167426704,137.49625611183012,135.20793119026013,136.93270874023438,7747200,0.0,0.0
2021-01-08 00:00:00-05:00,137.052252808671,137.55603712912182,136.51433305181237,136.65093994140625,8228900,0.0,0.0
2021-01-11 00:00:00-05:00,137.0949776290633,137.74391586648576,135.5665826785776,136.07888793945312,7066200,0.0,0.0
2021-01-12 00:00:00-05:00,135.89100319051474,136.3264775313609,134.33699403528422,135.02008056640625,6903200,0.0,0.0
2021-01-13 00:00:00-05:00,135.1055084549332,135.30190453720064,133.84180637138766,134.81520080566406,6643100,0.0,0.0
2021-01-14 00:00:00-05:00,137.00104555388762,138.28182817925048,136.28381041059512,137.17181396484375,10030800,0.0,0.0
2021-01-15 00:00:00-05:00,136.87295532226562,137.82073486721848,135.85686581574583,136.87295532226562,7630800,0.0,0.0
2021-01-19 00:00:00-05:00,138.32453357955373,139.2125371982586,137.55606916007443,138.99053955078125,9057600,0.0,0.0
2021-01-20 00:00:00-05:00,139.34915651639915,140.15178243418555,138.1537645295655,138.6490020751953,6839900,0.0,0.0
2021-01-21 00:00:00-05:00,137.7439081998006,138.73437019388334,136.66804245713243,138.09397888183594,6818000,0.0,0.0
2021-01-22 00:00:00-05:00,138.6318902607988,141.02268672755147,138.2134966447595,139.64797973632812,8137000,0.0,0.0
2021-01-25 00:00:00-05:00,140.8945838513857,141.81674865116017,139.74188762326085,141.7228240966797,9924400,0.0,0.0
2021-01-26 00:00:00-05:00,144.8991797404451,148.27190412506675,144.6344867954271,145.565185546875,14205700,0.0,0.0
2021-01-27 00:00:00-05:00,144.40397157960058,145.9409133785234,142.97803511384285,143.34519958496094,14207300,0.0,0.0
2021-01-28 00:00:00-05:00,143.61838867266587,145.88964578768886,143.2768519310828,144.43809509277344,8944400,0.0,0.0
2021-01-29 00:00:00-05:00,140.25421494789092,141.73992731006066,137.08642025413357,139.28936767578125,22505900,0.0,0.0
2021-02-01 00:00:00-05:00,141.1507863458345,141.1507863458345,138.83684629064098,138.93077087402344,9971400,0.0,0.0
2021-02-02 00:00:00-05:00,139.50285870682362,139.74193710674382,137.6243669520284,137.68414306640625,11443300,0.0,0.0
2021-02-03 00:00:00-05:00,137.419414684925,137.9146521083787,136.24963759862442,137.04371643066406,8601900,0.0,0.0
2021-02-04 00:00:00-05:00,137.4706730115747,138.4013719566056,136.4118879824858,138.3159942626953,7758100,0.0,0.0
2021-02-05 00:00:00-05:00,140.76657241538047,141.26181000757958,139.91271719340892,140.41648864746094,9495300,0.0,0.0
2021-02-08 00:00:00-05:00,140.9116735839086,141.6716039263413,139.929745657086,140.8177490234375,6035300,0.0,0.0
2021-02-09 00:00:00-05:00,141.05685830157688,142.24371635585607,140.86047527888465,141.97048950195312,5544200,0.0,0.0
2021-02-10 00:00:00-05:00,143.35372938428233,143.39642474419736,141.48378466763694,142.4315643310547,5921300,0.0,0.0
2021-02-11 00:00:00-05:00,142.5937787032657,142.9182477581515,141.3983869675698,141.79115295410156,4871300,0.0,0.0
2021-02-12 00:00:00-05:00,140.37380294635454,142.46575880726851,140.03226604556735,142.23521423339844,4413100,0.0,0.0
2021-02-16 00:00:00-05:00,142.23516287566474,142.63647575502387,140.57868214448754,140.9458465576172,5656100,0.0,0.0
2021-02-17 00:00:00-05:00,140.8604838633171,141.8167974534499,140.33963170537788,141.44964599609375,6676700,0.0,0.0
2021-02-18 00:00:00-05:00,140.8519232350444,141.87654660529728,140.2883758213278,141.51792907714844,5189100,0.0,0.0
2021-02-19 00:00:00-05:00,141.39840988251635,141.70579823990943,139.10153757710611,139.1613006591797,8190900,0.0,0.0
2021-02-22 00:00:00-05:00,139.0753631591797,139.65101177518537,137.7178581547036,139.0753631591797,6447100,1.01,0.0
2021-02-23 00:00:00-05:00,138.74028150229572,140.209483998765,137.81236620611043,137.84674072265625,7042800,0.0,0.0
2021-02-24 00:00:00-05:00,139.53075403161822,141.24052606009027,138.2591719651883,139.69400024414062,10286100,0.0,0.0
2021-02-25 00:00:00-05:00,140.15793213108728,140.64765754536126,139.17846819250278,139.84002685546875,9719700,0.0,0.0
2021-02-26 00:00:00-05:00,139.18710485048632,139.53937165732026,135.72461187121885,136.14561462402344,14417500,0.0,0.0
2021-03-01 00:00:00-05:00,138.71451901421108,138.78325494313503,136.6868549960872,136.8844757080078,10551400,0.0,0.0
2021-03-02 00:00:00-05:00,137.2796499315951,138.13882912160884,136.26582478019517,136.62667846679688,7610900,0.0,0.0
2021-03-03 00:00:00-05:00,135.96517236610075,136.52363386482057,134.08356693527622,134.22103881835938,8499600,0.0,0.0
2021-03-04 00:00:00-05:00,134.023405042952,134.11791530538522,130.13991031847456,131.5146026611328,11033200,0.0,0.0
2021-03-05 00:00:00-05:00,132.2964204355344,134.6248020276166,131.5661259214387,134.11788940429688,8331600,0.0,0.0
2021-03-08 00:00:00-05:00,134.89121190658673,136.89310216604872,134.01484494822907,135.23487854003906,6546700,0.0,0.0
2021-03-09 00:00:00-05:00,134.79666621580145,138.11309948682282,134.79666621580145,135.4925994873047,7461300,0.0,0.0
2021-03-10 00:00:00-05:00,136.4548704133676,137.3827725728596,135.2004627962171,136.73838806152344,6635600,0.0,0.0
2021-03-11 00:00:00-05:00,137.0734791466778,138.00999467980273,136.54079210052492,136.7298126220703,6305600,0.0,0.0
2021-03-12 00:00:00-05:00,136.85010205892266,137.73505584563543,136.77277905465564,137.1250457763672,5474800,0.0,0.0
2021-03-15 00:00:00-04:00,137.25391069489697,138.0357671041063,136.17993643280857,137.82955932617188,5524100,0.0,0.0
2021-03-16 00:00:00-04:00,137.86395431423205,138.91214128843083,137.67493376723573,138.6457977294922,6369100,0.0,0.0
2021-03-17 00:00:00-04:00,138.18184347328597,138.95509979558304,137.06490747771534,138.1302947998047,6001400,0.0,0.0
2021-03-18 00:00:00-04:00,137.64917660580767,138.74892550190083,137.43438169469508,137.87255859375,4801800,0.0,0.0
2021-03-19 00:00:00-04:00,138.06152617839572,138.75745932570527,137.01332636564632,137.5030517578125,14891500,0.0,0.0
2021-03-22 00:00:00-04:00,136.01671014958268,138.0271871159799,135.75036659121884,137.8983154296875,7544100,0.0,0.0
2021-03-23 00:00:00-04:00,137.64915509024559,138.49973441487347,136.50644476853563,137.76943969726562,7178300,0.0,0.0
2021-03-24 00:00:00-04:00,137.55459840235406,139.59943603167082,137.31402926949326,139.10971069335938,6370100,0.0,0.0
2021-03-25 00:00:00-04:00,139.56513136442894,139.57371844050945,138.01860551735155,139.16131591796875,6269800,0.0,0.0
2021-03-26 00:00:00-04:00,139.26444614293143,141.85058564793056,138.65443584623458,141.7045135498047,7619200,0.0,0.0
2021-03-29 00:00:00-04:00,140.75939306509704,143.50876511667784,140.58755977000575,142.65817260742188,8535100,0.0,0.0
2021-03-30 00:00:00-04:00,141.78179354411944,142.33166785621603,141.10303445119595,141.773193359375,7236300,0.0,0.0
2021-03-31 00:00:00-04:00,141.73021559230847,142.09965637893077,140.64764134120404,141.20611572265625,8281500,0.0,0.0
2021-04-01 00:00:00-04:00,139.70261513133298,140.76798949773502,139.4104840892167,139.9002227783203,7229700,0.0,0.0
2021-04-05 00:00:00-04:00,140.59612864844752,141.54981838931116,139.75413643445384,140.4156951904297,7387100,0.0,0.0
2021-04-06 00:00:00-04:00,140.97416832648932,141.35220938906036,140.046252930189,140.38133239746094,5074200,0.0,0.0
2021-04-07 00:00:00-04:00,140.51882485725602,141.1460222884425,140.3212172219584,140.57037353515625,4608000,0.0,0.0
2021-04-08 00:00:00-04:00,140.9054464429335,140.99995671799803,139.91739520274584,140.02049255371094,5039400,0.0,0.0
2021-04-09 00:00:00-04:00,139.29016071894142,139.98609393826405,137.27968406088996,138.5426788330078,8418300,0.0,0.0
2021-04-12 00:00:00-04:00,138.40524094843227,139.25583348637136,137.76085623758038,138.87779235839844,5022800,0.0,0.0
2021-04-13 00:00:00-04:00,134.77088104974473,137.40855498742022,134.48735027487405,137.0219268798828,18424100,0.0,0.0
2021-04-14 00:00:00-04:00,135.60428164068583,137.56320955693297,135.35511228158077,137.39996337890625,7718300,0.0,0.0
2021-04-15 00:00:00-04:00,138.08736388499926,139.52219242588362,137.66636110795673,137.8038330078125,7524600,0.0,0.0
2021-04-16 00:00:00-04:00,138.61999547668867,139.62523375962053,137.94983662140078,139.3932647705078,9049400,0.0,0.0
2021-04-19 00:00:00-04:00,139.6166610329794,140.1407610234124,138.1904199954026,139.7799072265625,8353500,0.0,0.0
2021-04-20 00:00:00-04:00,138.32787928765063,144.16170147180057,138.32787928765063,143.0361785888672,14050700,0.0,0.0
2021-04-21 00:00:00-04:00,142.94170149086852,143.40566580232007,142.01378597800536,143.13072204589844,6333200,0.0,0.0
2021-04-22 00:00:00-04:00,142.48631205263146,142.86435309553158,141.43811211005837,141.91925048828125,7233000,0.0,0.0
2021-04-23 00:00:00-04:00,141.36081800207836,142.67536173628037,140.90545386461181,142.21141052246094,6015300,0.0,0.0
2021-04-26 00:00:00-04:00,141.94506060411118,142.1168938937741,140.69923975646591,141.008544921875,6027800,0.0,0.0
2021-04-27 00:00:00-04:00,140.69925350010212,140.82813831246864,139.59091752997938,140.200927734375,6217700,0.0,0.0
2021-04-28 00:00:00-04:00,139.9259581688732,140.21807601963434,138.88634532229267,139.1698760986328,7448000,0.0,0.0
2021-04-29 00:00:00-04:00,139.1011550465929,141.12881917992488,139.02383203842436,141.0772705078125,6394300,0.0,0.0
2021-04-30 00:00:00-04:00,141.03428788902372,141.18894699234664,139.6338344352416,139.8142547607422,9079100,0.0,0.0
2021-05-03 00:00:00-04:00,140.56175845026783,142.03954810246174,140.14934288916425,141.94503784179688,6594100,0.0,0.0
2021-05-04 00:00:00-04:00,141.6185567140758,144.21328244109864,141.48108484945664,144.14454650878906,10179500,0.0,0.0
2021-05-05 00:00:00-04:00,143.9126081139089,144.6858646448323,143.3025847230372,143.5431671142578,7792300,0.0,0.0
2021-05-06 00:00:00-04:00,143.302528226598,144.24763082293936,142.82999003846476,144.11875915527344,5529900,0.0,0.0
2021-05-07 00:00:00-04:00,144.59989525808868,145.35596421325596,144.19607989235786,144.771728515625,5316200,0.0,0.0
2021-05-10 00:00:00-04:00,145.974590400773,147.37505716750394,145.39894171451908,146.29249572753906,8357500,0.0,0.0
2021-05-11 00:00:00-04:00,146.61897433804845,146.80799487415334,144.58272314732764,145.09823608398438,8217900,0.0,0.0
2021-05-12 00:00:00-04:00,144.8060643303903,145.8886385706079,144.29915172173583,144.51394653320312,6758300,0.0,0.0
2021-05-13 00:00:00-04:00,143.45720214026076,146.66193800392398,143.45720214026076,146.02615356445312,8018600,0.0,0.0
2021-05-14 00:00:00-04:00,147.33207299281636,147.4437705048363,146.2065501287395,146.24951171875,5797700,0.0,0.0
2021-05-17 00:00:00-04:00,146.40414066185465,147.68432247888364,146.3268176748621,146.3955535888672,5722600,0.0,0.0
2021-05-18 00:00:00-04:00,146.0433585732053,147.2376178059467,145.65673033858454,146.44717407226562,5846000,0.0,0.0
2021-05-19 00:00:00-04:00,145.98319825408717,146.19799313830185,144.37652360533448,146.12925720214844,5533800,0.0,0.0
2021-05-20 00:00:00-04:00,146.00898126887412,147.42662234492747,145.79418637189391,146.9798583984375,4853200,0.0,0.0
2021-05-21 00:00:00-04:00,147.20319183010727,148.4146377960001,146.8079635815761,146.8852996826172,6501800,0.0,0.0
2021-05-24 00:00:00-04:00,147.74986193020214,148.13891543418322,146.77294082490852,147.44728088378906,5195100,1.06,0.0
2021-05-25 00:00:00-04:00,147.55099936500267,147.86223420650538,146.746983719688,147.04092407226562,7444700,0.0,0.0
2021-05-26 00:00:00-04:00,146.9717861780485,147.04095095456393,145.48477646254756,146.1677703857422,5726400,0.0,0.0
2021-05-27 00:00:00-04:00,146.3320029211017,147.11873731117413,145.57121686171223,145.94296264648438,8114700,0.0,0.0
2021-05-28 00:00:00-04:00,146.55677841935153,147.84493417160908,146.25418423774735,146.32334899902344,6400800,0.0,0.0
2021-06-01 00:00:00-04:00,147.10145454959388,147.14468418173814,142.97760884129727,143.10728454589844,10448400,0.0,0.0
2021-06-02 00:00:00-04:00,142.90845800911612,144.1447438196871,142.7441933060427,143.68653869628906,6806000,0.0,0.0
2021-06-03 00:00:00-04:00,143.41848106836466,144.50779627114818,143.26287026446477,143.54815673828125,5808800,0.0,0.0
2021-06-04 00:00:00-04:00,144.38680183565455,144.87095525370384,143.40122689175982,143.48768615722656,6510300,0.0,0.0
2021-06-07 00:00:00-04:00,143.51362692093292,143.79028602779977,142.32921145026097,142.51075744628906,5362800,0.0,0.0
2021-06-08 00:00:00-04:00,142.89113605457223,143.21966539758046,140.11597070408072,141.2571563720703,7746800,0.0,0.0
2021-06-09 00:00:00-04:00,141.77589333879467,143.32341385047917,141.49059360811586,143.15914916992188,5552600,0.0,0.0
2021-06-10 00:00:00-04:00,143.5136068341255,144.87958130146998,143.47037720574914,144.4473114013672,6463100,0.0,0.0
2021-06-11 00:00:00-04:00,144.4386815961826,144.44732224577436,141.9747377038835,142.614501953125,7389900,0.0,0.0
2021-06-14 00:00:00-04:00,142.2168484643588,143.04681277652185,141.6981191202775,142.968994140625,4931300,0.0,0.0
2021-06-15 00:00:00-04:00,142.84791142738598,143.39257573789786,142.12170114125735,142.20816040039062,5062900,0.0,0.0
2021-06-16 00:00:00-04:00,142.47618452410535,143.29749482743455,141.334985473038,142.1562957763672,6988500,0.0,0.0
2021-06-17 00:00:00-04:00,141.94880415907602,143.25425462101038,141.3522695347501,142.8392791748047,5874700,0.0,0.0
2021-06-18 00:00:00-04:00,141.1534106532012,141.94878565132163,139.8738823071628,140.03814697265625,12993000,0.0,0.0
2021-06-21 00:00:00-04:00,140.72115891184814,142.0093148806691,140.271594483888,141.64620971679688,6592300,0.0,0.0
2021-06-22 00:00:00-04:00,141.53384279218974,141.81912937045132,141.16208374927893,141.45602416992188,5627800,0.0,0.0
2021-06-23 00:00:00-04:00,141.5165076407486,141.5165076407486,140.47040878428584,140.60009765625,4493400,0.0,0.0
2021-06-24 00:00:00-04:00,141.1534373453916,141.9574531441142,140.747102525016,141.23988342285156,4549200,0.0,0.0
2021-06-25 00:00:00-04:00,140.8681105236366,142.4588605150776,140.82488089729563,141.96607971191406,10963800,0.0,0.0
2021-06-28 00:00:00-04:00,142.1649392712206,142.7096036142993,141.36956416859402,141.8018341064453,5604000,0.0,0.0
2021-06-29 00:00:00-04:00,141.78455069689215,142.33785573291402,141.27447529640048,141.81048583984375,3749500,0.0,0.0
2021-06-30 00:00:00-04:00,141.78452171237433,142.62312634126343,141.4992220063969,142.42428588867188,6151700,0.0,0.0
2021-07-01 00:00:00-04:00,142.4242947874037,143.5222508613913,142.32919487946936,143.47903442382812,6320200,0.0,0.0
2021-07-02 00:00:00-04:00,143.53091981073487,146.36660966530175,143.20239042295617,146.08995056152344,9059900,0.0,0.0
2021-07-06 00:00:00-04:00,145.1648503147063,145.98616031282006,144.36947544976675,145.2167205810547,6098500,0.0,0.0
2021-07-07 00:00:00-04:00,144.79313165456247,146.53950586059622,144.79313165456247,146.46170043945312,6293500,0.0,0.0
2021-07-08 00:00:00-04:00,145.8478774792458,146.50493624145733,144.87959701935324,146.17640686035156,5755500,0.0,0.0
2021-07-09 00:00:00-04:00,146.42710114902488,147.29164094574455,146.31471994589597,146.75563049316406,6120900,0.0,0.0
2021-07-12 00:00:00-04:00,146.73836705057406,147.9919473826853,145.70956236410922,146.52223205566406,7840500,0.0,0.0
2021-07-13 00:00:00-04:00,146.0813031248248,146.76428381882036,145.82193852504025,146.34066772460938,4691200,0.0,0.0
2021-07-14 00:00:00-04:00,146.97176425609373,147.689333864599,146.14180025353636,147.33486938476562,6162900,0.0,0.0
2021-07-15 00:00:00-04:00,146.36658990410555,146.88530586590895,145.000615445245,145.56256103515625,6656900,0.0,0.0
2021-07-16 00:00:00-04:00,145.53662845049723,146.1850333080023,145.1994584522678,145.3291473388672,5834900,0.0,0.0
2021-07-19 00:00:00-04:00,143.92862065261272,145.40698990988017,142.92576424254796,144.27444458007812,8219700,0.0,0.0
2021-07-20 00:00:00-04:00,144.2916897750267,147.67204361603535,144.23981949684537,145.63172912597656,9902800,0.0,0.0
2021-07-21 00:00:00-04:00,146.36658860123487,146.70375859054639,144.79311985656082,146.53085327148438,7585200,0.0,0.0
2021-07-22 00:00:00-04:00,146.41845733245324,147.89682615726576,145.8046282856567,146.9544677734375,5281900,0.0,0.0
2021-07-23 00:00:00-04:00,147.83632165731117,148.8564723986566,147.300311145203,148.51930236816406,5014900,0.0,0.0
2021-07-26 00:00:00-04:00,148.54523876249755,148.8218846461848,147.71527472777422,148.5884552001953,4484900,0.0,0.0
2021-07-27 00:00:00-04:00,148.52794905780036,149.32332413779503,147.55101480466837,149.27145385742188,7089300,0.0,0.0
2021-07-28 00:00:00-04:00,149.3319754204087,149.89393427873836,148.77002975391122,148.85647583007812,5750700,0.0,0.0
2021-07-29 00:00:00-04:00,149.3406292623079,149.85934529480585,147.91413049131617,148.85647583007812,4214100,0.0,0.0
2021-07-30 00:00:00-04:00,149.1677044299441,149.5481040861519,148.56252915499152,148.87376403808594,5346400,0.0,0.0
2021-08-02 00:00:00-04:00,149.10717044685578,149.42704593020076,148.09566053113312,148.93426513671875,3721500,0.0,0.0
2021-08-03 00:00:00-04:00,149.33195066064238,150.86218974604822,149.08123993194525,150.76708984375,6033000,0.0,0.0
2021-08-04 00:00:00-04:00,150.602812351194,150.93998230484075,149.79014292655083,149.87660217285156,4793100,0.0,0.0
2021-08-05 00:00:00-04:00,150.30025580937124,150.30025580937124,149.06395698377688,150.16192626953125,4291000,0.0,0.0
2021-08-06 00:00:00-04:00,150.37807692415402,150.37807692415402,149.08990768462607,149.66050720214844,4581100,0.0,0.0
2021-08-09 00:00:00-04:00,150.187839866814,150.64604485895833,149.50484610671492,150.17919921875,3950200,0.0,0.0
2021-08-10 00:00:00-04:00,149.79017059134378,150.52503474513588,149.37519515448173,150.23109436035156,3678300,0.0,0.0
2021-08-11 00:00:00-04:00,150.6460134175499,150.83621316989377,150.04947902991015,150.25697326660156,4221300,0.0,0.0
2021-08-12 00:00:00-04:00,150.274335843719,151.54519739485326,150.07548216318298,151.46739196777344,4300400,0.0,0.0
2021-08-13 00:00:00-04:00,151.54517332988243,152.40971311614683,151.3982031492371,152.37513732910156,5882100,0.0,0.0
2021-08-16 00:00:00-04:00,152.6345053145745,153.7929854880204,152.11577615449067,153.749755859375,4782800,0.0,0.0
2021-08-17 00:00:00-04:00,153.29155684492468,155.1935418536306,153.29155684492468,155.15896606445312,6041900,0.0,0.0
2021-08-18 00:00:00-04:00,155.18490540739305,155.18490540739305,153.13595015348372,153.1878204345703,7134100,0.0,0.0
2021-08-19 00:00:00-04:00,152.69502660381045,155.03793544035466,152.21954023193385,154.38088989257812,5615000,0.0,0.0
2021-08-20 00:00:00-04:00,154.65752658762995,155.5480015394877,153.94861080086977,155.13302612304688,5428700,0.0,0.0
2021-08-23 00:00:00-04:00,155.14175676002873,155.61137673500434,154.40252563380332,154.46340942382812,6461700,1.06,0.0
2021-08-24 00:00:00-04:00,153.92415776310457,154.1154877905218,152.4370040536742,152.5326690673828,5734800,0.0,0.0
2021-08-25 00:00:00-04:00,152.7935993799989,152.9762241726141,151.22817766361646,151.52386474609375,5700300,0.0,0.0
2021-08-26 00:00:00-04:00,151.28035754582197,151.95001275532658,150.4976533156533,150.71507263183594,5031600,0.0,0.0
2021-08-27 00:00:00-04:00,151.56733424351404,151.56733424351404,150.23672925155782,150.3932647705078,7046100,0.0,0.0
2021-08-30 00:00:00-04:00,150.2715394267038,151.56736342063863,150.2628474307179,151.02816772460938,3252700,0.0,0.0
2021-08-31 00:00:00-04:00,150.88029928256435,151.74997646571776,150.00191683463817,150.5672149658203,7106800,0.0,0.0
2021-09-01 00:00:00-04:00,150.36716318717743,151.0977020263672,149.6366376182069,151.0977020263672,5327400,0.0,0.0
2021-09-02 00:00:00-04:00,151.6195078133737,152.3587386827126,151.24555301679936,152.1326141357422,4544300,0.0,0.0
2021-09-03 00:00:00-04:00,152.2805090486459,152.38486608400697,151.1586178376218,152.2283172607422,4096900,0.0,0.0
2021-09-07 00:00:00-04:00,151.62822132000483,152.21959543144663,149.2974795820256,149.86277770996094,6859900,0.0,0.0
2021-09-08 00:00:00-04:00,149.25395854906844,150.43671976861933,148.78433882037538,149.49746704101562,4661700,0.0,0.0
2021-09-09 00:00:00-04:00,148.88004516959663,149.1322457240835,145.84486689952067,146.16665649414062,7114600,0.0,0.0
2021-09-10 00:00:00-04:00,146.5841291224188,147.05374908175767,145.12306418294136,145.2100372314453,6699300,0.0,0.0
2021-09-13 00:00:00-04:00,146.03618567984788,146.2101184560948,143.60979226618613,144.19247436523438,6273500,0.0,0.0
2021-09-14 00:00:00-04:00,144.71430600064534,144.8360602990625,143.07061633690194,143.3228302001953,5259600,0.0,0.0
2021-09-15 00:00:00-04:00,143.49675190354364,144.3316479353348,142.896672454166,143.8620147705078,7935300,0.0,0.0
2021-09-16 00:00:00-04:00,144.0620346909581,144.7664844277377,142.79231330611213,143.68807983398438,5665400,0.0,0.0
2021-09-17 00:00:00-04:00,142.8879904999908,143.41849421148157,142.2444244871292,143.2793426513672,13419800,0.0,0.0
2021-09-20 00:00:00-04:00,142.17484266435036,143.64459943881073,141.0355675135597,142.4618377685547,7270800,0.0,0.0
2021-09-21 00:00:00-04:00,143.15757320922023,144.34902679987596,142.83579687194165,143.08799743652344,6663600,0.0,0.0
2021-09-22 00:00:00-04:00,143.8011614548509,144.32295992566526,142.3053152854469,142.5662078857422,5657100,0.0,0.0
2021-09-23 00:00:00-04:00,142.9749578198974,144.1664248697162,142.75753847207505,143.37501525878906,4697900,0.0,0.0
2021-09-24 00:00:00-04:00,143.2793286299945,144.06203285615155,142.53140565535077,142.94015502929688,4399300,0.0,0.0
2021-09-27 00:00:00-04:00,142.62703065944024,142.94011491608674,141.62690739887896,141.9051971435547,5775500,0.0,0.0
2021-09-28 00:00:00-04:00,141.84437694138035,142.54881345102615,140.68770450730875,141.5921630859375,7610400,0.0,0.0
2021-09-29 00:00:00-04:00,141.7573956795915,143.20106313946394,141.56606561766998,142.64447021484375,5124100,0.0,0.0
2021-09-30 00:00:00-04:00,143.18363587955307,143.84458569211787,140.37458258837853,140.45285034179688,6972300,0.0,0.0
2021-10-01 00:00:00-04:00,140.47898479706862,140.80076117814437,137.9482204604241,139.55712890625,8568300,0.0,0.0
2021-10-04 00:00:00-04:00,139.1396870279988,140.0180563933099,137.1220291624376,138.47003173828125,8620700,0.0,0.0
2021-10-05 00:00:00-04:00,139.02658959483347,140.11368603127806,138.40911298003607,138.7830810546875,5129000,0.0,0.0
2021-10-06 00:00:00-04:00,139.03531960893793,139.10489539232265,137.26987557500019,139.0701141357422,7312600,0.0,0.0
2021-10-07 00:00:00-04:00,139.16575366331452,141.4182144977366,139.16575366331452,140.313720703125,5309200,0.0,0.0
2021-10-08 00:00:00-04:00,140.29634018685582,140.5485407501835,139.3657791606632,139.9571533203125,4343200,0.0,0.0
2021-10-11 00:00:00-04:00,139.89625672763867,140.75724182093688,139.09615540012788,139.36575317382812,4101600,0.0,0.0
2021-10-12 00:00:00-04:00,139.14840301858692,139.30493860227443,136.8350576335487,137.1394500732422,6686400,0.0,0.0
2021-10-13 00:00:00-04:00,137.2524607009258,139.21792637598796,137.1915769278287,138.45260620117188,6901100,0.0,0.0
2021-10-14 00:00:00-04:00,138.89613775828,140.1397696619746,138.80047274490198,139.24400329589844,4579200,0.0,0.0
2021-10-15 00:00:00-04:00,140.04411411168218,140.72246124502928,139.50491851087307,140.2789306640625,6918400,0.0,0.0
2021-10-18 00:00:00-04:00,139.36579362382338,139.92238659017045,138.45262976350722,139.2527313232422,7465500,0.0,0.0
2021-10-19 00:00:00-04:00,139.93108004094003,143.6272087714147,139.78323648414784,142.51402282714844,10081300,0.0,0.0
2021-10-20 00:00:00-04:00,142.60961693321335,143.2792718740212,141.98344849223764,142.43568420410156,6003200,0.0,0.0
2021-10-21 00:00:00-04:00,142.88797260188613,142.96624036831298,141.1312208686061,142.10525512695312,4524100,0.0,0.0
2021-10-22 00:00:00-04:00,141.80958520909888,142.6792625507666,141.722625437066,142.38357543945312,4304300,0.0,0.0
2021-10-25 00:00:00-04:00,142.38354045896796,142.8966467796395,140.6354942089525,142.69662475585938,6715400,0.0,0.0
2021-10-26 00:00:00-04:00,143.11408403962514,144.3925106400093,142.6705534259043,144.1490020751953,6939100,0.0,0.0
2021-10-27 00:00:00-04:00,144.08811788868292,144.15769365989192,142.02698708872464,142.4009552001953,7018800,0.0,0.0
2021-10-28 00:00:00-04:00,142.42702395583302,143.67065585286417,141.16599480094825,141.62692260742188,6278800,0.0,0.0
2021-10-29 00:00:00-04:00,141.1921329469945,141.9748373086,139.67888947496974,141.65306091308594,8526800,0.0,0.0
2021-11-01 00:00:00-04:00,141.89654982201833,142.60967829930655,138.6265547186584,141.77479553222656,5846400,0.0,0.0
2021-11-02 00:00:00-04:00,142.36616765428099,145.21870806249404,141.73999895294426,144.00985717773438,8450600,0.0,0.0
2021-11-03 00:00:00-04:00,143.5315681885078,144.16644231553747,142.13138688828457,143.54896545410156,6717800,0.0,0.0
2021-11-04 00:00:00-04:00,143.44456708368034,143.48805360002623,141.47039601952665,143.1488800048828,8224400,0.0,0.0
2021-11-05 00:00:00-04:00,141.30517208673342,143.14889709215115,141.0616634903954,142.13136291503906,6215900,0.0,0.0
2021-11-08 00:00:00-05:00,142.348784686714,142.77493137270443,140.8964250800681,141.64434814453125,5578800,0.0,0.0
2021-11-09 00:00:00-05:00,141.4182413579065,142.27052148709075,140.90513488106672,141.33126831054688,6112800,0.0,0.0
2021-11-10 00:00:00-05:00,141.34863433526084,143.357586545175,141.19209880887732,142.86187744140625,6225100,0.0,0.0
2021-11-11 00:00:00-05:00,142.1835384306491,142.46182825023337,141.31386118033794,141.8095703125,4118800,0.0,0.0
2021-11-12 00:00:00-05:00,145.61006487435012,145.77530568561278,143.1575817736221,143.5054473876953,18995200,0.0,0.0
2021-11-15 00:00:00-05:00,143.49671304304496,143.8967703243642,141.94868895789506,142.2095947265625,7496200,0.0,0.0
2021-11-16 00:00:00-05:00,141.91392857346491,142.9314626429963,141.42691143227967,141.47039794921875,7594700,0.0,0.0
2021-11-17 00:00:00-05:00,141.64435985227365,142.5053452917867,140.7051066283207,142.0009307861328,5414500,0.0,0.0
2021-11-18 00:00:00-05:00,142.14875957060423,143.03583417931745,141.00079237423108,141.235595703125,6358700,0.0,0.0
2021-11-19 00:00:00-05:00,141.79215891293484,141.92261844960566,140.69637046408985,141.66171264648438,7620700,0.0,0.0
2021-11-22 00:00:00-05:00,140.9614134384002,142.3707655056687,139.75339356441538,139.7971649169922,7634500,1.06,0.0
2021-11-23 00:00:00-05:00,139.63961746635783,140.93516681258535,138.99183611467268,140.66380310058594,7734000,0.0,0.0
2021-11-24 00:00:00-05:00,140.18235474123756,140.60253041008116,139.51707548580654,140.2698974609375,5230900,0.0,0.0
2021-11-26 00:00:00-05:00,140.58499753758284,141.07520458866608,138.8867707126585,139.35946655273438,8523100,0.0,0.0
2021-11-29 00:00:00-05:00,139.62209896750292,140.42744113298508,138.67669381050857,139.8409423828125,9188500,0.0,0.0
2021-11-30 00:00:00-05:00,138.7555059601623,139.18444396081506,136.42702164029845,136.49703979492188,14981700,0.0,0.0
2021-12-01 00:00:00-05:00,137.32865862922384,140.1298523750296,136.7771688102942,138.3791046142578,9835800,0.0,0.0
2021-12-02 00:00:00-05:00,137.6612630978497,139.43827063826998,137.2148273199256,137.512451171875,11334700,0.0,0.0
2021-12-03 00:00:00-05:00,138.23025896706045,139.7709118124692,137.95013298218132,139.51705932617188,8750500,0.0,0.0
2021-12-06 00:00:00-05:00,140.22608466458365,143.14108005492017,139.91094966678673,142.63336181640625,9692000,0.0,0.0
2021-12-07 00:00:00-05:00,143.56130682710315,143.79766149907505,142.16946565565263,143.00106811523438,8311300,0.0,0.0
2021-12-08 00:00:00-05:00,143.09731600073675,144.0602322533952,142.37075434775633,143.85888671875,6216400,0.0,0.0
2021-12-09 00:00:00-05:00,143.718828414888,145.29450353538041,143.11483186274504,145.22447204589844,8574200,0.0,0.0
2021-12-10 00:00:00-05:00,144.9356168196754,145.91603100076995,144.1302613341861,144.86558532714844,6572200,0.0,0.0
2021-12-13 00:00:00-05:00,144.2178454190886,148.113256478251,143.38624291207677,147.45672607421875,11142300,0.0,0.0
2021-12-14 00:00:00-05:00,147.35164274218113,149.66262855975083,146.32745721182945,149.06736755371094,10482400,0.0,0.0
2021-12-15 00:00:00-05:00,148.682221003025,149.9515101344064,148.30580338475377,149.8114471435547,8552200,0.0,0.0
2021-12-16 00:00:00-05:00,149.9164908434102,151.88608161309932,149.54883550259197,151.44839477539062,8998600,0.0,0.0
2021-12-17 00:00:00-05:00,148.49839450736508,149.49631999493437,146.76515831466952,147.2641143798828,16726200,0.0,0.0
2021-12-20 00:00:00-05:00,146.89645338851275,147.50921228592978,145.7934873731621,146.84393310546875,7954500,0.0,0.0
2021-12-21 00:00:00-05:00,147.11530598936426,147.15032841834125,145.29452703970753,146.37124633789062,7954200,0.0,0.0
2021-12-22 00:00:00-05:00,146.23992453561783,147.21158985265683,145.41707114100834,147.00149536132812,4178200,0.0,0.0
2021-12-23 00:00:00-05:00,146.95776268607352,147.89440573738364,146.5025645549953,147.28164672851562,3501500,0.0,0.0
2021-12-27 00:00:00-05:00,148.0606807755547,148.68220186926249,147.67551427885016,148.52462768554688,3704800,0.0,0.0
2021-12-28 00:00:00-05:00,148.6297135277539,149.37378661013787,148.45464143694127,149.11993408203125,3187000,0.0,0.0
2021-12-29 00:00:00-05:00,148.81351732114908,150.5555156560088,148.73473690004596,150.17034912109375,3662000,0.0,0.0
2021-12-30 00:00:00-05:00,150.66933967658804,151.3346323374234,150.34545563306222,150.83566284179688,4231800,0.0,0.0
2021-12-31 00:00:00-05:00,151.02822120899208,151.1595219192368,149.7151606779752,149.75018310546875,4409500,0.0,0.0
2022-01-03 00:00:00-05:00,148.9973250908608,150.21409368710266,148.0256599991037,150.16156005859375,6012200,0.0,0.0
2022-01-04 00:00:00-05:00,149.74141517851453,150.8181210333836,149.33875077750616,149.75892639160156,6748400,0.0,0.0
2022-01-05 00:00:00-05:00,150.56428316385524,151.85108362923407,150.231636868626,150.75686645507812,7016100,0.0,0.0
2022-01-06 00:00:00-05:00,150.69560226329656,151.0019884522896,149.51385558534818,150.24041748046875,7301600,0.0,0.0
2022-01-07 00:00:00-05:00,150.0916135658195,152.57767221614,149.80273857828183,152.2712860107422,6986000,0.0,0.0
2022-01-10 00:00:00-05:00,152.0437081223373,152.0437081223373,150.7043870068032,151.5184783935547,7698400,0.0,0.0
2022-01-11 00:00:00-05:00,151.43088498631235,151.78102908603114,148.90980472548517,149.90773010253906,8341100,0.0,0.0
2022-01-12 00:00:00-05:00,148.47212360448103,148.8835502838241,147.36039534175777,148.6296844482422,8116200,0.0,0.0
2022-01-13 00:00:00-05:00,147.93813707322565,149.18116597122068,147.46544121060708,147.72804260253906,6159400,0.0,0.0
2022-01-14 00:00:00-05:00,147.6142822464452,147.63178010459947,146.3187194572755,146.9227294921875,5847700,0.0,0.0
2022-01-18 00:00:00-05:00,146.2749481201172,146.81767553058268,145.3207806519492,146.2749481201172,7815600,0.0,0.0
2022-01-19 00:00:00-05:00,146.36247532730874,147.69304704911528,145.59215557859315,145.8197479248047,5926500,0.0,0.0
2022-01-20 00:00:00-05:00,146.44125877037143,146.94022818526136,144.37537632701685,144.65550231933594,6011300,0.0,0.0
2022-01-21 00:00:00-05:00,145.47836043780592,147.0540358027852,143.9727165731749,144.32286071777344,10550300,0.0,0.0
2022-01-24 00:00:00-05:00,143.56128655082458,143.7100984767092,138.5366367129744,142.65965270996094,14054600,0.0,0.0
2022-01-25 00:00:00-05:00,142.12566865130947,147.42168199105518,141.4428782618168,146.7388916015625,14081200,0.0,0.0
2022-01-26 00:00:00-05:00,146.660122623642,148.13075757390115,145.51338506676558,147.39544677734375,9963200,0.0,0.0
2022-01-27 00:00:00-05:00,148.27954087196306,150.48548619259768,147.9381456854362,149.32998657226562,9066700,0.0,0.0
2022-01-28 00:00:00-05:00,149.56632587683563,150.4241882192178,148.20074527059532,150.3804168701172,9783100,0.0,0.0
2022-01-31 00:00:00-05:00,150.12660632880642,151.10702070809617,149.5313585577074,150.81814575195312,8054800,0.0,0.0
2022-02-01 00:00:00-05:00,150.3366688862678,150.54675000451144,148.31454462318376,149.58384704589844,8154700,0.0,0.0
2022-02-02 00:00:00-05:00,148.50713685126635,151.43089504235468,148.50713685126635,151.23831176757812,7382800,0.0,0.0
2022-02-03 00:00:00-05:00,150.79189680880114,151.9824057965853,149.72393962753247,151.22958374023438,6240400,0.0,0.0
2022-02-04 00:00:00-05:00,149.68892768313924,151.42216415841713,148.9185944242847,150.24041748046875,6392200,0.0,0.0
2022-02-07 00:00:00-05:00,150.04779541161784,150.3366703090781,148.8222643293191,149.7414093017578,6065700,0.0,0.0
2022-02-08 00:00:00-05:00,149.70642087461277,150.6080547589629,149.23371157463424,150.13534545898438,6296100,0.0,0.0
2022-02-09 00:00:00-05:00,150.6255466765584,150.77435859055544,149.90773388971692,150.11782836914062,5387500,0.0,0.0
2022-02-10 00:00:00-05:00,149.87271227676374,149.88146120374597,148.20074558046375,148.3057861328125,10355300,0.0,0.0
2022-02-11 00:00:00-05:00,148.04318082470857,148.94481457550793,146.66008891640928,146.8089141845703,13125300,0.0,0.0
2022-02-14 00:00:00-05:00,146.80892250315898,147.03651484635438,143.39495721237586,144.96188354492188,8967600,0.0,0.0
2022-02-15 00:00:00-05:00,145.42582105225927,147.15030812006373,145.32076713696267,146.45875549316406,6631400,0.0,0.0
2022-02-16 00:00:00-05:00,145.74097618773473,146.9227227014198,145.05818575125633,146.37124633789062,8482400,0.0,0.0
2022-02-17 00:00:00-05:00,146.37124798607488,146.58132913373043,144.3666346545739,145.47836303710938,6227600,0.0,0.0
2022-02-18 00:00:00-05:00,145.34617977990828,145.68096132582204,143.5489604891178,143.91897583007812,6423200,1.06,0.0
2022-02-22 00:00:00-05:00,144.10403103349665,144.25379822990433,141.34651864998386,141.9632110595703,6868900,0.0,0.0
2022-02-23 00:00:00-05:00,142.28917345934892,143.28469984315802,141.70772830056507,142.03369140625,8016900,0.0,0.0
2022-02-24 00:00:00-05:00,140.76504880992564,141.0734017115501,137.18821967693106,139.32022094726562,12883400,0.0,0.0
2022-02-25 00:00:00-05:00,140.95886965832076,147.1170151159574,140.69456908913435,146.2448272705078,11340400,0.0,0.0
2022-02-28 00:00:00-05:00,143.48730200243665,145.5223933467714,143.0556241069015,144.98500061035156,9373500,0.0,0.0
2022-03-01 00:00:00-05:00,143.637089943076,145.143593857928,143.08207350529776,144.48284912109375,8737800,0.0,0.0
2022-03-02 00:00:00-05:00,144.84405048332653,147.68084878622312,144.51807395888432,146.28005981445312,6793300,0.0,0.0
2022-03-03 00:00:00-05:00,146.8615513296472,149.1873726432101,146.5267830831272,148.42971801757812,7333700,0.0,0.0
2022-03-04 00:00:00-05:00,147.6896603719724,149.6454658331078,146.99368184328065,149.31068420410156,6302500,0.0,0.0
2022-03-07 00:00:00-05:00,148.27111931982373,152.51749843862947,147.44298377838936,151.71580505371094,11663400,0.0,0.0
2022-03-08 00:00:00-05:00,151.56600252449303,152.51747640638192,148.45609886968109,148.64111328125,11100300,0.0,0.0
2022-03-09 00:00:00-05:00,149.77759605475396,149.9714155655516,147.9098954338508,149.2049560546875,7248200,0.0,0.0
2022-03-10 00:00:00-05:00,148.5001711658104,149.9009467457204,148.077298309078,149.46926879882812,6171400,0.0,0.0
2022-03-11 00:00:00-05:00,149.0023322216029,151.05504727443048,148.90542246570513,149.19615173339844,5188000,0.0,0.0
2022-03-14 00:00:00-04:00,150.36789406462543,153.3985124433947,150.07717817482902,151.25770568847656,7729500,0.0,0.0
2022-03-15 00:00:00-04:00,152.70248247014,155.51285163152352,152.0153091668223,155.17807006835938,10554400,0.0,0.0
2022-03-16 00:00:00-04:00,154.57900514747024,155.89167583763344,152.024117919683,153.75086975097656,9603300,0.0,0.0
2022-03-17 00:00:00-04:00,154.35879159750021,155.79480106636356,153.46898005164397,155.7595672607422,7472100,0.0,0.0
2022-03-18 00:00:00-04:00,155.9357235279117,155.9357235279117,152.99321084130406,154.03277587890625,13809500,0.0,0.0
2022-03-21 00:00:00-04:00,153.87422343865535,156.07670569292597,153.5746890783669,154.9049835205078,7574900,0.0,0.0
2022-03-22 00:00:00-04:00,154.9049775243138,155.38070775795197,153.21347283165636,154.1737518310547,8442100,0.0,0.0
2022-03-23 00:00:00-04:00,154.3763835657531,154.64948921647925,153.37205218795214,153.59230041503906,5254200,0.0,0.0
2022-03-24 00:00:00-04:00,154.1737497462891,154.64947997349435,153.35443284307894,154.38519287109375,5012300,0.0,0.0
2022-03-25 00:00:00-04:00,154.7816473712477,156.55243829077645,154.36757962580958,155.86526489257812,4809500,0.0,0.0
2022-03-28 00:00:00-04:00,155.62741342147072,156.97533168236524,155.36312626669672,156.6669921875,5604200,0.0,0.0
2022-03-29 00:00:00-04:00,157.36294158366235,158.05011494441231,155.75954155620715,156.58767700195312,5933400,0.0,0.0
2022-03-30 00:00:00-04:00,157.20436240408984,158.45537060690202,156.53479925125816,158.21749877929688,6277600,0.0,0.0
2022-03-31 00:00:00-04:00,158.2175413888559,158.76376623056717,155.91814895044695,156.13839721679688,11490400,0.0,0.0
2022-04-01 00:00:00-04:00,155.97979946641132,157.19556055712408,154.70236241859828,156.984130859375,6525600,0.0,0.0
2022-04-04 00:00:00-04:00,156.9841198293535,156.9841198293535,154.63187050697252,155.46881103515625,6860600,0.0,0.0
2022-04-05 00:00:00-04:00,155.4688131949007,158.27036407523346,155.31022748764323,156.47314453125,7446100,0.0,0.0
2022-04-06 00:00:00-04:00,158.0413183113651,160.869311480293,157.36295000354886,160.5433349609375,10330900,0.0,0.0
2022-04-07 00:00:00-04:00,160.05000157360342,161.1776715725328,158.78136946408617,160.12928771972656,7385200,0.0,0.0
2022-04-08 00:00:00-04:00,159.75046309182463,161.38911061762997,158.9575613221783,160.44644165039062,7144500,0.0,0.0
2022-04-11 00:00:00-04:00,161.22168465383572,162.27887334003827,158.22631446911458,158.437744140625,5932000,0.0,0.0
2022-04-12 00:00:00-04:00,157.87390830967726,159.29230726651753,156.99291550276737,158.4906005859375,5957500,0.0,0.0
2022-04-13 00:00:00-04:00,158.49062353393458,159.3187590431977,157.90917841377748,159.16018676757812,5643100,0.0,0.0
2022-04-14 00:00:00-04:00,158.57870524378185,159.81208979630236,158.34083342190883,158.4906005859375,6188200,0.0,0.0
2022-04-18 00:00:00-04:00,158.34086034413616,158.9223189218524,155.70670000704246,156.5172119140625,6318700,0.0,0.0
2022-04-19 00:00:00-04:00,159.21304665652042,163.81183092104646,158.5346783224735,161.2921905517578,14380800,0.0,0.0
2022-04-20 00:00:00-04:00,160.5521501800479,162.3846170165724,160.2526023788648,162.0057830810547,8044900,0.0,0.0
2022-04-21 00:00:00-04:00,162.04097719672905,162.86911246687652,160.83402152672514,161.538818359375,6969200,0.0,0.0
2022-04-22 00:00:00-04:00,160.7547704247132,161.35383912507172,159.7944914205527,159.93544006347656,8003600,0.0,0.0
2022-04-25 00:00:00-04:00,160.64023199581098,164.47255624548924,160.42880231663466,163.87347412109375,11176500,0.0,0.0
2022-04-26 00:00:00-04:00,163.07179582608373,164.36685650151415,162.26127050518852,162.70176696777344,10190000,0.0,0.0
2022-04-27 00:00:00-04:00,162.3140957650584,162.82507313122665,160.111614070996,160.42877197265625,11090100,0.0,0.0
2022-04-28 00:00:00-04:00,160.56093071041195,162.54316442288618,160.27020148610313,161.62693786621094,9403900,0.0,0.0
2022-04-29 00:00:00-04:00,160.7811978005225,160.82525013233237,158.75491152322672,158.98397827148438,8463100,0.0,0.0
2022-05-02 00:00:00-04:00,158.99277264604473,159.82090803387828,155.96215524498714,157.38055419921875,7145400,0.0,0.0
2022-05-03 00:00:00-04:00,157.52153483572036,159.1337534725202,156.53481363636618,157.0722198486328,5898700,0.0,0.0
2022-05-04 00:00:00-04:00,156.94887524839223,159.0192138810612,156.06788237370492,158.75491333007812,5923000,0.0,0.0
2022-05-05 00:00:00-04:00,158.0677176234001,158.32321304896533,154.41160308732347,155.72427368164062,7089200,0.0,0.0
2022-05-06 00:00:00-04:00,154.2971196354822,155.82123382225402,153.9006754582497,155.3807373046875,6434000,0.0,0.0
2022-05-09 00:00:00-04:00,154.5702151077673,157.31010380362827,153.8125606099216,156.2264862060547,7855200,0.0,0.0
2022-05-10 00:00:00-04:00,157.01936127855296,157.85630184751082,155.49524732094466,156.01502990722656,8186700,0.0,0.0
2022-05-11 00:00:00-04:00,155.01949858462038,157.09864212472613,154.94901754766454,155.1692657470703,6138900,0.0,0.0
2022-05-12 00:00:00-04:00,155.46882473745796,156.77269052079407,153.91828200708218,156.70220947265625,6898600,0.0,0.0
2022-05-13 00:00:00-04:00,157.4334329711039,157.60082377767534,154.87855886637175,155.80360412597656,7732200,0.0,0.0
2022-05-16 00:00:00-04:00,155.8036047522018,157.81226755336195,155.20452257063752,156.88722229003906,5516700,0.0,0.0
2022-05-17 00:00:00-04:00,157.45104938713396,158.31441864990262,155.57453024149905,157.53915405273438,5751100,0.0,0.0
2022-05-18 00:00:00-04:00,157.55675539653217,158.02368052368533,154.32351330499378,154.61424255371094,8608800,0.0,0.0
2022-05-19 00:00:00-04:00,153.92710268454277,153.9975837398179,152.1386879159576,153.23992919921875,6874500,0.0,0.0
2022-05-20 00:00:00-04:00,154.0416005069286,156.07669177757012,153.33680355982273,155.91810607910156,7522100,0.0,0.0
2022-05-23 00:00:00-04:00,157.4697712746739,159.5356633917827,157.3456402436553,159.10121154785156,7040800,1.13,0.0
2022-05-24 00:00:00-04:00,158.9327493663901,161.14052297289487,158.79975666147274,160.83905029296875,6419800,0.0,0.0
2022-05-25 00:00:00-04:00,160.06769236329387,160.97208349605583,158.76430951966557,159.26083374023438,6558900,0.0,0.0
2022-05-26 00:00:00-04:00,160.48436815938248,160.48436815938248,158.35640404853348,159.11892700195312,6897600,0.0,0.0
2022-05-27 00:00:00-04:00,159.38491181153665,160.62623547957958,158.02833232799247,160.5641632080078,5853600,0.0,0.0
2022-05-31 00:00:00-04:00,157.82443527691308,159.74847311716997,155.17333455537664,159.18101501464844,16391400,0.0,0.0
2022-06-01 00:00:00-04:00,158.8440924440852,159.44702432743213,155.96246633171387,157.56732177734375,5175400,0.0,0.0
2022-06-02 00:00:00-04:00,157.59387585189236,157.65593459235058,154.8009078289023,157.07073974609375,8666500,0.0,0.0
2022-06-03 00:00:00-04:00,156.99984094716962,158.4184793260513,156.18410730596025,156.4235076904297,4234200,0.0,0.0
2022-06-06 00:00:00-04:00,157.12394750150543,158.2677251082345,156.051090302797,156.40574645996094,5386500,0.0,0.0
2022-06-07 00:00:00-04:00,156.92001978019235,158.97706353652208,156.40575884110993,158.12586975097656,5447800,0.0,0.0
2022-06-08 00:00:00-04:00,157.91312865896575,159.1101037889263,156.76047541846017,157.18606567382812,4333100,0.0,0.0
2022-06-09 00:00:00-04:00,157.1239647270057,158.40073515032728,153.95860338377517,154.0206756591797,5509600,0.0,0.0
2022-06-10 00:00:00-04:00,152.65523934375796,154.2512194773928,151.28092274175938,152.99217224121094,6647300,0.0,0.0
2022-06-13 00:00:00-04:00,150.80216327073637,152.7262014565752,150.80216327073637,151.4494171142578,7997000,0.0,0.0
2022-06-14 00:00:00-04:00,151.6710665366097,151.71540195282876,148.30177784300346,149.12637329101562,7116800,0.0,0.0
2022-06-15 00:00:00-04:00,150.4120319224651,152.0080123366106,149.52537764008105,150.7223663330078,7796100,0.0,0.0
2022-06-16 00:00:00-04:00,149.312538168652,150.91739338050758,148.4347593087099,150.8021240234375,7056700,0.0,0.0
2022-06-17 00:00:00-04:00,151.28977920595833,152.68181897702374,150.05733066385838,150.2523956298828,12486600,0.0,0.0
2022-06-21 00:00:00-04:00,151.3962060330825,154.15370116144442,150.34108536076033,153.40003967285156,8219700,0.0,0.0
2022-06-22 00:00:00-04:00,152.50451108450184,157.75350193552597,152.229650467579,155.8206024169922,10593100,0.0,0.0
2022-06-23 00:00:00-04:00,156.93774667285194,159.4381172664329,156.51215657176394,159.29624938964844,10223500,0.0,0.0
2022-06-24 00:00:00-04:00,160.28931584302885,161.8409604089067,159.57998990705988,161.62815856933594,9374400,0.0,0.0
2022-06-27 00:00:00-04:00,161.05185731112365,162.56804184210915,160.92772627280021,161.47744750976562,5908600,0.0,0.0
2022-06-28 00:00:00-04:00,161.52176407982896,162.2310900143296,156.32597088881704,156.8845672607422,9245700,0.0,0.0
2022-06-29 00:00:00-04:00,157.13283595041912,158.09042397308212,156.43237165613192,156.9289093017578,7097900,0.0,0.0
2022-06-30 00:00:00-04:00,156.8136491024769,158.08155800728974,155.19107043007185,157.3899688720703,10777200,0.0,0.0
2022-07-01 00:00:00-04:00,157.33679932164722,159.3495083259739,156.6629469392069,159.17218017578125,5498400,0.0,0.0
2022-07-05 00:00:00-04:00,158.56034080479154,158.82633971796125,154.81865973953347,157.94854736328125,5676400,0.0,0.0
2022-07-06 00:00:00-04:00,157.88651217493117,159.10122404022349,157.30131718449462,158.09043884277344,5335600,0.0,0.0
2022-07-07 00:00:00-04:00,157.7003183360133,158.81749777010634,157.38998395079716,158.2677764892578,5725800,0.0,0.0
2022-07-08 00:00:00-04:00,158.11701301916057,159.58886193946879,157.62048893261482,158.0726776123047,3828300,0.0,0.0
2022-07-11 00:00:00-04:00,157.55843233705153,158.7288222540413,157.3988410916082,158.134765625,3645200,0.0,0.0
2022-07-12 00:00:00-04:00,157.806685279432,158.2234137685707,155.3417880832702,155.91812133789062,4708800,0.0,0.0
2022-07-13 00:00:00-04:00,155.7496609296992,156.34371754737683,154.72113893673446,155.55459594726562,5291700,0.0,0.0
2022-07-14 00:00:00-04:00,152.97442486562656,156.0599772259214,152.77049821872006,155.7673797607422,5359600,0.0,0.0
2022-07-15 00:00:00-04:00,157.56728524128997,158.2765976041397,156.5387633741853,158.02833557128906,5691100,0.0,0.0
2022-07-18 00:00:00-04:00,157.59393081439404,157.99292251989783,154.198043423103,154.4817657470703,7605700,0.0,0.0
2022-07-19 00:00:00-04:00,156.34373493429533,156.71612807055465,150.6248181150851,152.2296600341797,13256400,0.0,0.0
2022-07-20 00:00:00-04:00,152.68183903196956,152.99217339029852,150.51840078226752,151.36073303222656,7455800,0.0,0.0
2022-07-21 00:00:00-04:00,150.775520984513,151.963634141449,150.52725893766868,151.8927001953125,5729200,0.0,0.0
2022-07-22 00:00:00-04:00,152.14985048339835,152.93897209906797,151.67104968825117,152.61090087890625,4257000,0.0,0.0
2022-07-25 00:00:00-04:00,152.61091133331226,153.37343446029467,152.25625507720045,152.91238403320312,4437300,0.0,0.0
2022-07-26 00:00:00-04:00,153.00103131433875,155.14673264063669,152.9389725617537,153.99407958984375,4525500,0.0,0.0
2022-07-27 00:00:00-04:00,153.06308045460173,154.36646288377784,151.73309948844374,153.56846618652344,4648500,0.0,0.0
2022-07-28 00:00:00-04:00,153.74581318511324,156.1309148424457,152.0079787519889,154.45513916015625,5513000,0.0,0.0
2022-07-29 00:00:00-04:00,154.0916091127891,155.03147381743736,153.31136270961974,154.73887634277344,6451400,0.0,0.0
2022-08-01 00:00:00-04:00,154.42855377604235,155.30634626698193,153.86995732460178,154.19802856445312,5461400,0.0,0.0
2022-08-02 00:00:00-04:00,155.1733401592603,155.59894389847284,153.12517120789948,153.3202362060547,5794200,0.0,0.0
2022-08-03 00:00:00-04:00,152.99219561386872,155.395021087496,152.30060637185073,154.80096435546875,5010000,0.0,0.0
2022-08-04 00:00:00-04:00,154.9959819206636,155.24424395567198,152.14983018743675,152.3182830810547,5651600,0.0,0.0
2022-08-05 00:00:00-04:00,151.8838442448768,152.08777089190656,150.54498794619283,151.7153778076172,5235500,0.0,0.0
2022-08-08 00:00:00-04:00,151.88389454345102,152.04348583416856,150.23471689301027,150.9085693359375,4629800,0.0,0.0
2022-08-09 00:00:00-04:00,151.20995829145173,151.72421920464174,150.49177075848027,150.89076232910156,5532500,0.0,0.0
2022-08-10 00:00:00-04:00,151.6356059900315,151.83067099755377,150.3144863534979,151.3252716064453,5603400,0.0,0.0
2022-08-11 00:00:00-04:00,149.4189913564915,150.6869005532949,148.0535361130263,148.19540405273438,9328700,0.0,0.0
2022-08-12 00:00:00-04:00,148.55006190303732,148.90473175596114,146.43095857542676,146.56396484375,14606900,0.0,0.0
2022-08-15 00:00:00-04:00,147.18457815864474,147.84956872261452,146.41319343380545,147.26437377929688,10072000,0.0,0.0
2022-08-16 00:00:00-04:00,147.06043011653978,149.17953259409055,146.82990495156614,148.5766143798828,7453600,0.0,0.0
2022-08-17 00:00:00-04:00,147.54811132656118,149.45441222079123,147.54811132656118,148.5854949951172,7406600,0.0,0.0
2022-08-18 00:00:00-04:00,148.6741085012427,149.22384307862944,147.12246429059292,147.8672637939453,8312100,0.0,0.0
2022-08-19 00:00:00-04:00,148.15993220448746,150.83761832765097,148.07126136681117,150.1194305419922,8128500,0.0,0.0
2022-08-22 00:00:00-04:00,150.76206168769212,150.77991772953794,149.21784776217513,149.59274291992188,5462600,1.13,0.0
2022-08-23 00:00:00-04:00,149.06610307824684,149.75341766656632,147.9949721274669,148.28953552246094,5566300,0.0,0.0
2022-08-24 00:00:00-04:00,148.6733853115329,148.70016256981015,147.34340274985735,147.7986297607422,5684300,0.0,0.0
2022-08-25 00:00:00-04:00,148.12888595720025,149.2803624992224,147.01312150494633,149.1821746826172,5678700,0.0,0.0
2022-08-26 00:00:00-04:00,149.47673599925963,149.5124344683468,146.56681363239886,146.62930297851562,5667100,0.0,0.0
2022-08-29 00:00:00-04:00,145.91522558103745,146.24548752870456,144.62094142972748,145.49569702148438,5259200,0.0,0.0
2022-08-30 00:00:00-04:00,145.7634586975924,145.97767673777858,144.62983829431568,144.98687744140625,6973300,0.0,0.0
2022-08-31 00:00:00-04:00,145.7009664075963,145.9866086156253,143.95145555401405,144.01393127441406,8741700,0.0,0.0
2022-09-01 00:00:00-04:00,144.14782012129618,147.72718693779706,144.1388852903736,147.58436584472656,7509600,0.0,0.0
2022-09-02 00:00:00-04:00,148.04853900995872,148.35202364102233,144.61197940120795,145.2635955810547,5803700,0.0,0.0
2022-09-06 00:00:00-04:00,146.3347196961831,148.36987266255747,145.33499925520468,145.6563262939453,7394600,0.0,0.0
2022-09-07 00:00:00-04:00,145.41534253903058,146.7631809989635,144.74588391492745,146.45077514648438,4590600,0.0,0.0
2022-09-08 00:00:00-04:00,146.2811746215019,147.65579031647835,145.56708270897354,147.62901306152344,5838400,0.0,0.0
2022-09-09 00:00:00-04:00,147.2719610309522,148.35201320676376,146.73638873836902,147.91464233398438,5500600,0.0,0.0
2022-09-12 00:00:00-04:00,148.27173196321937,148.6823393434444,147.47730808467801,147.85220336914062,6365300,0.0,0.0
2022-09-13 00:00:00-04:00,146.00449034788366,146.7810581048217,143.54087354076015,144.00503540039062,6726400,0.0,0.0
2022-09-14 00:00:00-04:00,144.942278852073,147.60225765938162,144.942278852073,146.97743225097656,9555700,0.0,0.0
2022-09-15 00:00:00-04:00,146.78996056909497,148.23600048167683,146.4775547116894,147.35231018066406,7174500,0.0,0.0
2022-09-16 00:00:00-04:00,147.56656165495792,149.6284923472577,147.05776648663846,149.60171508789062,20201500,0.0,0.0
2022-09-19 00:00:00-04:00,148.44130269982648,148.55733293899308,146.4597039797482,148.42344665527344,7380900,0.0,0.0
2022-09-20 00:00:00-04:00,147.47725746557114,148.08422668346222,146.6739126489108,147.2541046142578,7143400,0.0,0.0
2022-09-21 00:00:00-04:00,147.29872354815453,148.88757060499256,145.70987649131646,145.74557495117188,8071200,0.0,0.0
2022-09-22 00:00:00-04:00,145.62955581719393,149.20893652719937,145.34392722941035,148.33416748046875,7401100,0.0,0.0
2022-09-23 00:00:00-04:00,147.94143715733205,149.4945724739818,146.97741508828867,148.81619262695312,9598600,0.0,0.0
2022-09-26 00:00:00-04:00,147.99499780429485,148.92330782398562,146.72749103694238,147.90573120117188,8735500,0.0,0.0
2022-09-27 00:00:00-04:00,148.49486276425293,149.66418175301942,146.7453380772795,147.22735595703125,8686700,0.0,0.0
2022-09-28 00:00:00-04:00,148.39666997292105,149.40532538141738,147.3701721399739,148.49485778808594,8660900,0.0,0.0
2022-09-29 00:00:00-04:00,148.60193278108974,149.2178367878657,146.29007266826042,146.86134338378906,7008100,0.0,0.0
2022-09-30 00:00:00-04:00,147.28091434295342,147.9414518317535,145.78133338914418,145.81703186035156,8985200,0.0,0.0
2022-10-03 00:00:00-04:00,146.6471376038329,146.72748299030593,144.33527708354805,145.6741943359375,8657000,0.0,0.0
2022-10-04 00:00:00-04:00,146.25439234083964,148.17350152090387,145.42425660525225,147.8343048095703,6236100,0.0,0.0
2022-10-05 00:00:00-04:00,147.29874233663256,148.20919619083915,146.57572925586928,147.3790740966797,4539400,0.0,0.0
2022-10-06 00:00:00-04:00,147.09343200136792,147.28088639510904,144.326344732107,144.52272033691406,5890700,0.0,0.0
2022-10-07 00:00:00-04:00,144.39777508744353,144.7994475632189,142.0769795960303,142.99636840820312,6363500,0.0,0.0
2022-10-10 00:00:00-04:00,143.38018298359387,143.96037498373818,142.0858854722151,143.18380737304688,5315600,0.0,0.0
2022-10-11 00:00:00-04:00,143.1481054523196,146.4864774485056,143.1481054523196,145.25466918945312,6212200,0.0,0.0
2022-10-12 00:00:00-04:00,145.4421164926821,147.1737849402787,145.04936526289686,145.21896362304688,4341700,0.0,0.0
2022-10-13 00:00:00-04:00,143.61224481726958,148.1645683170904,143.4872797684988,147.41476440429688,6465100,0.0,0.0
2022-10-14 00:00:00-04:00,146.78104837394298,147.8878780009972,146.03125792590532,146.7989044189453,5684600,0.0,0.0
2022-10-17 00:00:00-04:00,147.63793965033292,149.25357793908847,147.28982170306978,148.7001495361328,6710800,0.0,0.0
2022-10-18 00:00:00-04:00,147.28090134674605,149.21786671791608,145.5403116003187,148.18243408203125,10883600,0.0,0.0
2022-10-19 00:00:00-04:00,148.17353048107296,148.39668338842395,146.29011939822348,147.00421142578125,10044600,0.0,0.0
2022-10-20 00:00:00-04:00,147.28088629434336,147.9414236573487,146.68283826926546,147.3790740966797,5659900,0.0,0.0
2022-10-21 00:00:00-04:00,147.02203772529396,151.18159672538906,146.77209398907274,150.5924835205078,8487600,0.0,0.0
2022-10-24 00:00:00-04:00,151.57437469270278,153.6006068527339,151.0745143723821,152.6187286376953,6855500,0.0,0.0
2022-10-25 00:00:00-04:00,151.8957134348106,152.73477051305133,150.42290975163283,152.3777313232422,5661900,0.0,0.0
2022-10-26 00:00:00-04:00,152.92222053552305,154.03798499674943,152.20812855630385,153.71664428710938,6123800,0.0,0.0
2022-10-27 00:00:00-04:00,153.8416050333865,154.80561351501115,153.27925540229606,153.80589294433594,5390900,0.0,0.0
2022-10-28 00:00:00-04:00,154.42180880397336,156.55515001085143,154.0558347743827,156.0909881591797,6073900,0.0,0.0
2022-10-31 00:00:00-04:00,155.7785519298357,156.3498227051891,154.79667390024247,155.28761291503906,7810000,0.0,0.0
2022-11-01 00:00:00-04:00,155.36798590324256,155.87678109545294,152.11887995247216,154.5021514892578,6985000,0.0,0.0
2022-11-02 00:00:00-04:00,154.32360746464764,155.26085229875142,152.00281202974026,152.12777709960938,6877300,0.0,0.0
2022-11-03 00:00:00-04:00,151.57434751231685,153.05608578197004,150.79777991251405,152.38662719726562,4819900,0.0,0.0
2022-11-04 00:00:00-04:00,153.13641298940485,153.97546990317682,151.06556157812267,153.06500244140625,5300900,0.0,0.0
2022-11-07 00:00:00-05:00,153.2346269426686,155.18052725226835,153.0293300947408,154.40394592285156,6621000,0.0,0.0
2022-11-08 00:00:00-05:00,154.5378537205686,155.9303256648603,153.68986178767213,155.17160034179688,5148400,0.0,0.0
2022-11-09 00:00:00-05:00,155.5553757613471,156.2069781996186,153.83262886214416,153.93081665039062,6150000,0.0,0.0
2022-11-10 00:00:00-05:00,155.6268082232136,156.001703389284,153.5648643795721,155.73391723632812,7877500,0.0,0.0
2022-11-11 00:00:00-05:00,154.18079312608344,154.51998988213637,148.90546908319283,151.0745086669922,11074700,0.0,0.0
2022-11-14 00:00:00-05:00,151.96712923078343,154.65388532008907,151.96712923078343,153.44886779785156,6581500,0.0,0.0
2022-11-15 00:00:00-05:00,153.69878449174254,154.42179766574782,152.20812484233767,153.87730407714844,9351000,0.0,0.0
2022-11-16 00:00:00-05:00,154.9930457193367,156.19807657892594,154.5378188004673,154.83238220214844,5500900,0.0,0.0
2022-11-17 00:00:00-05:00,154.42178858383235,156.19809036155516,154.40393254029053,156.08204650878906,4464100,0.0,0.0
2022-11-18 00:00:00-05:00,156.20700617444052,157.67088843035418,155.8678094597216,157.27813720703125,6555700,0.0,0.0
2022-11-21 00:00:00-05:00,158.01482895333154,158.60775843277142,157.06255575136802,158.08670043945312,5706600,1.13,0.0
2022-11-22 00:00:00-05:00,158.4729673553989,159.18268959282346,158.41008838326877,158.8502960205078,4707900,0.0,0.0
2022-11-23 00:00:00-05:00,158.50891541421842,159.37134571486345,158.12260794207427,159.02098083496094,5389200,0.0,0.0
2022-11-25 00:00:00-05:00,159.3534022830882,160.01818950970838,158.88624449902377,159.22763061523438,3058600,0.0,0.0
2022-11-28 00:00:00-05:00,158.7874137406887,159.70375795810608,158.61672069245495,159.3084716796875,6183100,0.0,0.0
2022-11-29 00:00:00-05:00,159.02098998945638,159.2455832256074,156.9098217944868,158.19448852539062,6700500,0.0,0.0
2022-11-30 00:00:00-05:00,158.4460630745763,159.91939444571938,157.0176531011317,159.91041564941406,13288000,0.0,0.0
2022-12-01 00:00:00-05:00,160.80875207712543,161.6711961086486,159.7037572279313,160.57518005371094,6282600,0.0,0.0
2022-12-02 00:00:00-05:00,159.46122947211825,160.7728602644045,158.97611401683133,160.70098876953125,5823900,0.0,0.0
2022-12-05 00:00:00-05:00,160.23381473181087,161.1321877649096,159.91039989157196,160.6111297607422,5120600,0.0,0.0
2022-12-06 00:00:00-05:00,161.63523777244083,161.70710924374117,158.05072524929525,158.20346069335938,7943500,0.0,0.0
2022-12-07 00:00:00-05:00,158.62570313452107,159.80256939275756,158.3202459426993,159.1647186279297,5702600,0.0,0.0
2022-12-08 00:00:00-05:00,158.85032374139436,159.43426072029715,158.4190948226112,159.1916961669922,4798500,0.0,0.0
2022-12-09 00:00:00-05:00,159.11981125765698,159.8115622619437,157.80819443756775,157.88006591796875,4561000,0.0,0.0
2022-12-12 00:00:00-05:00,158.0687229564188,159.79359743159782,157.75430063853358,159.7666473388672,4882400,0.0,0.0
2022-12-13 00:00:00-05:00,160.8986149419457,161.88681704877888,160.18889257266358,160.9974365234375,9177500,0.0,0.0
2022-12-14 00:00:00-05:00,160.43144261507453,162.6414323894744,160.43144261507453,161.49151611328125,9533600,0.0,0.0
2022-12-15 00:00:00-05:00,160.9884194408399,161.56337754316823,158.47297260262252,159.45220947265625,7602400,0.0,0.0
2022-12-16 00:00:00-05:00,159.01199144354297,159.01199144354297,157.08947412921546,157.81715393066406,18841800,0.0,0.0
2022-12-19 00:00:00-05:00,157.52972045829932,158.26637923417016,156.3798040461461,157.64649963378906,5736000,0.0,0.0
2022-12-20 00:00:00-05:00,158.1136186105286,158.50890485034796,157.36796751415687,157.81715393066406,6174700,0.0,0.0
2022-12-21 00:00:00-05:00,158.3562140222519,160.0720960500795,157.7992134355701,159.62290954589844,5472000,0.0,0.0
2022-12-22 00:00:00-05:00,158.80538366601115,159.47017084844452,157.5207032722445,159.03895568847656,5709100,0.0,0.0
2022-12-23 00:00:00-05:00,158.71554217379745,159.47916463923445,157.9429409140679,159.44322204589844,3683400,0.0,0.0
2022-12-27 00:00:00-05:00,160.0091855657277,160.22479998019563,159.00301238104046,159.39828491210938,3067300,0.0,0.0
2022-12-28 00:00:00-05:00,159.69477553667332,160.3146550844075,158.69758098338002,158.70657348632812,2645400,0.0,0.0
2022-12-29 00:00:00-05:00,159.50612740616577,160.179907149891,159.07491220844517,159.51510620117188,2828800,0.0,0.0
2022-12-30 00:00:00-05:00,159.4522451342589,159.70378850353023,157.5746349526532,158.69760131835938,4216600,0.0,0.0
2023-01-03 00:00:00-05:00,158.2573740479383,160.25176299133082,158.1226098874978,160.08106994628906,6344900,0.0,0.0
2023-01-04 00:00:00-05:00,160.70994140593334,161.87782901836752,160.34160519519696,161.8239288330078,9788800,0.0,0.0
2023-01-05 00:00:00-05:00,160.82671722743206,161.6981400199087,160.27870922090636,160.6290740966797,6255300,0.0,0.0
2023-01-06 00:00:00-05:00,161.8239318050351,162.5426192338089,161.15913085452695,161.93173217773438,5706000,0.0,0.0
2023-01-09 00:00:00-05:00,161.07827667867886,161.49152056941944,157.3769707112216,157.736328125,7925300,0.0,0.0
2023-01-10 00:00:00-05:00,157.84412414920214,158.23941043943321,156.60437880303044,157.3590087890625,5047500,0.0,0.0
2023-01-11 00:00:00-05:00,157.7273318681456,157.86208231584192,154.6189556964892,157.10745239257812,6494800,0.0,0.0
2023-01-12 00:00:00-05:00,156.55048184676883,156.9547606833833,155.2388648779316,156.31690979003906,4269400,0.0,0.0
2023-01-13 00:00:00-05:00,155.58922407948157,156.32588282082375,154.86154413334543,155.80482482910156,6088000,0.0,0.0
2023-01-17 00:00:00-05:00,156.31689802877798,156.83795600051064,154.60100235243004,154.84356689453125,6053300,0.0,0.0
2023-01-18 00:00:00-05:00,154.2057216817711,154.52015771850176,152.46288955717878,152.50779724121094,7047800,0.0,0.0
2023-01-19 00:00:00-05:00,151.85196103801061,153.87329994118153,151.56448885553993,152.3011474609375,6939500,0.0,0.0
2023-01-20 00:00:00-05:00,152.8132489795524,152.82222777441865,150.45950245664244,151.59146118164062,8620600,0.0,0.0
2023-01-23 00:00:00-05:00,151.9148614208974,152.39099795669884,150.88172437092484,151.20513916015625,8425400,0.0,0.0
2023-01-24 00:00:00-05:00,151.8429899446146,153.61278563734163,149.13887876829358,151.20513916015625,10541800,0.0,0.0
2023-01-25 00:00:00-05:00,150.18101358348372,152.283203125,150.10016330298328,152.283203125,7099800,0.0,0.0
2023-01-26 00:00:00-05:00,152.3191103658158,152.64252512083152,151.51056662423596,151.72618103027344,6946100,0.0,0.0
2023-01-27 00:00:00-05:00,151.41174838456357,151.70821305882797,150.72001118602793,151.1332550048828,6058100,0.0,0.0
2023-01-30 00:00:00-05:00,150.86376791989522,151.41177598590372,144.7099212330355,145.5364227294922,23259100,0.0,0.0
2023-01-31 00:00:00-05:00,145.26690072791385,146.82108206591704,144.68296380387935,146.81210327148438,11612500,0.0,0.0
2023-02-01 00:00:00-05:00,146.42582980375784,149.11195647667122,145.8957792808668,148.15968322753906,9865300,0.0,0.0
2023-02-02 00:00:00-05:00,146.43479817038317,149.32756031064116,146.27309761117965,148.71665954589844,10099000,0.0,0.0
2023-02-03 00:00:00-05:00,149.15683704144567,149.43533042017467,147.23431977000433,147.8811492919922,6868500,0.0,0.0
2023-02-06 00:00:00-05:00,147.8272752583016,148.0967898914711,146.5246371907467,146.75820922851562,7021000,0.0,0.0
2023-02-07 00:00:00-05:00,145.17708323264998,147.2253725893985,145.01536896338868,146.7941436767578,7310800,0.0,0.0
2023-02-08 00:00:00-05:00,146.7042946852165,147.83623958404192,146.3449373068004,146.9827880859375,6054700,0.0,0.0
2023-02-09 00:00:00-05:00,147.00077232440952,148.05186704616474,144.70093973238954,144.9973907470703,7949500,0.0,0.0
2023-02-10 00:00:00-05:00,145.32978546206928,146.24611593505944,144.9524704952941,145.67115783691406,7028000,0.0,0.0
2023-02-13 00:00:00-05:00,144.93451706895723,146.27309776771637,144.7728028014966,146.210205078125,6414700,0.0,0.0
2023-02-14 00:00:00-05:00,146.20119860467744,146.40782051634733,145.32078336558035,145.57232666015625,6316000,0.0,0.0
2023-02-15 00:00:00-05:00,145.49151012758315,145.51846022195878,143.10183456699096,143.1737060546875,12621800,0.0,0.0
2023-02-16 00:00:00-05:00,142.90417466395917,143.4252188495979,141.87103767003558,142.1585235595703,11177000,0.0,0.0
2023-02-17 00:00:00-05:00,142.07708610835468,145.77785509364287,141.71514410318633,145.12637329101562,12401900,1.13,0.0
2023-02-21 00:00:00-05:00,144.45679250446477,145.09018756871558,142.8642890844656,142.9638214111328,9423900,0.0,0.0
2023-02-22 00:00:00-05:00,143.416252380257,143.7329499428843,142.39378509026102,142.7647705078125,9820200,0.0,0.0
2023-02-23 00:00:00-05:00,142.7014567076324,143.49770168822883,141.76042108509262,142.71954345703125,9385100,0.0,0.0
2023-02-24 00:00:00-05:00,141.74231021402497,141.92328814827468,140.43936021150137,141.1270294189453,8689700,0.0,0.0
2023-02-27 00:00:00-05:00,141.5613387404125,141.96851145798908,140.32172003386148,140.8193817138672,7267100,0.0,0.0
2023-02-28 00:00:00-05:00,140.23122773031872,140.49363743110473,138.47584683176402,138.67491149902344,9062300,0.0,0.0
2023-03-01 00:00:00-05:00,138.44869840063157,138.65682024115324,137.45338890339346,138.0505828857422,6767000,0.0,0.0
2023-03-02 00:00:00-05:00,137.30860483619045,138.22248250753054,136.83808713496825,137.94198608398438,8762500,0.0,0.0
2023-03-03 00:00:00-05:00,138.77442878107271,139.4530544894864,138.29486771832774,139.36257934570312,5747200,0.0,0.0
2023-03-06 00:00:00-05:00,139.94169701175014,140.90986267759658,139.86026522621384,140.75604248046875,8148200,0.0,0.0
2023-03-07 00:00:00-05:00,141.2356181525598,141.3803949906332,138.75638038227873,139.4259490966797,7457700,0.0,0.0
2023-03-08 00:00:00-05:00,139.3264093881275,139.5254740782955,137.96915766789763,138.4034881591797,6230500,0.0,0.0
2023-03-09 00:00:00-05:00,138.85588608097098,138.9825623383015,136.3675916067328,136.84715270996094,7439400,0.0,0.0
2023-03-10 00:00:00-05:00,137.40815440385578,138.88303891403845,136.7204852209131,137.18194580078125,8504300,0.0,0.0
2023-03-13 00:00:00-04:00,137.61625184394023,141.07272565966363,137.14574792662427,138.4939422607422,10799600,0.0,0.0
2023-03-14 00:00:00-04:00,138.69301651831657,139.3716423221862,137.44434062105967,139.27210998535156,8421200,0.0,0.0
2023-03-15 00:00:00-04:00,138.29488508024764,140.14979834411767,138.01438862795706,139.66119384765625,7757700,0.0,0.0
2023-03-16 00:00:00-04:00,138.84682225047817,139.6792681597303,138.0777213701954,139.3716278076172,7605500,0.0,0.0
2023-03-17 00:00:00-04:00,139.77879048355268,140.20406368378985,137.8062584540908,137.87864685058594,20540700,0.0,0.0
2023-03-20 00:00:00-04:00,137.96008629654798,139.40782669366715,137.87865452346242,139.2449493408203,7129000,0.0,0.0
2023-03-21 00:00:00-04:00,139.3444816657057,139.46211454239088,137.6886332462537,139.2449493408203,8376800,0.0,0.0
2023-03-22 00:00:00-04:00,139.20878642777956,139.3987939315944,136.6571466374125,136.6752471923828,7943500,0.0,0.0
2023-03-23 00:00:00-04:00,136.7928655648665,137.25433997077897,135.82469988254837,136.7476348876953,9051500,0.0,0.0
2023-03-24 00:00:00-04:00,137.06431595196437,138.22250292088427,136.47617909358456,138.1229705810547,5696200,0.0,0.0
2023-03-27 00:00:00-04:00,139.52548141655436,139.8331218423838,138.53921509491806,138.7111358642578,6772300,0.0,0.0
2023-03-28 00:00:00-04:00,137.88771192299342,138.8468341658168,137.29051791293006,137.37196350097656,6115300,0.0,0.0
2023-03-29 00:00:00-04:00,137.7519882208691,138.78349884112916,137.59816803615308,138.72015380859375,6012000,0.0,0.0
2023-03-30 00:00:00-04:00,138.96445352184827,139.1635181724841,138.26772724462285,138.82872009277344,4555700,0.0,0.0
2023-03-31 00:00:00-04:00,139.15445780111025,140.42123407670445,138.65680999261207,140.2493133544922,9890000,0.0,0.0
2023-04-03 00:00:00-04:00,140.20410026705468,142.06805709147102,139.290222410362,141.9232940673828,6841900,0.0,0.0
2023-04-04 00:00:00-04:00,142.03184401555163,143.8415126517371,141.68800255654006,143.40719604492188,8314500,0.0,0.0
2023-04-05 00:00:00-04:00,148.72762501414257,149.894869114852,147.27084108664903,149.84962463378906,16704200,0.0,0.0
2023-04-06 00:00:00-04:00,150.19346677353724,151.31545259137482,149.11671163028169,149.4333953857422,9615400,0.0,0.0
2023-04-10 00:00:00-04:00,148.9629306102493,149.15293815215404,148.06713934979868,148.68243408203125,5354000,0.0,0.0
2023-04-11 00:00:00-04:00,148.77288090180033,149.55103909304324,148.42903938737166,148.6371612548828,5903800,0.0,0.0
2023-04-12 00:00:00-04:00,148.3385656432121,149.15291114585935,147.57850799985087,148.32046508789062,5764100,0.0,0.0
2023-04-13 00:00:00-04:00,148.55569501850505,150.50109712964127,148.2209107315074,150.30203247070312,5640600,0.0,0.0
2023-04-14 00:00:00-04:00,150.1753568816476,150.31107651030902,148.44711997441817,150.05772399902344,7225100,0.0,0.0
2023-04-17 00:00:00-04:00,149.96727570656657,150.4196929586969,149.2434053418223,149.9039306640625,8046400,0.0,0.0
2023-04-18 00:00:00-04:00,148.6190774104239,149.01720682838513,144.45683288569447,145.68740844726562,14571500,0.0,0.0
2023-04-19 00:00:00-04:00,146.57410918944473,147.19843324163767,145.83213845668087,147.06271362304688,6752000,0.0,0.0
2023-04-20 00:00:00-04:00,146.9722495066497,148.22998261592733,145.64215559968912,148.0128173828125,9498800,0.0,0.0
2023-04-21 00:00:00-04:00,148.7909798257599,149.27054098184868,146.55603761983167,147.20751953125,7014200,0.0,0.0
2023-04-24 00:00:00-04:00,147.20750953082631,148.2209196323305,146.4655387017414,148.10328674316406,5278900,0.0,0.0
2023-04-25 00:00:00-04:00,148.67333925526552,149.61437477060235,148.53761961684066,149.46054077148438,6263100,0.0,0.0
2023-04-26 00:00:00-04:00,148.474272705533,148.74572578563095,146.80033735717046,147.1441650390625,5518200,0.0,0.0
2023-04-27 00:00:00-04:00,147.39751762949913,147.85899200786955,146.7008050851798,147.48800659179688,5739700,0.0,0.0
2023-04-28 00:00:00-04:00,147.3160664538062,148.1756562557641,147.08985788451855,148.12136840820312,6024900,0.0,0.0
2023-05-01 00:00:00-04:00,148.03094482421875,148.66432627749813,146.800369226413,148.03094482421875,4893400,0.0,0.0
2023-05-02 00:00:00-04:00,148.70049111813657,149.7320018452426,147.99472134731025,149.3248291015625,7541700,0.0,0.0
2023-05-03 00:00:00-04:00,149.7953555057256,150.36539185701463,147.04465087067558,147.37039184570312,5937200,0.0,0.0
2023-05-04 00:00:00-04:00,147.19843822808133,147.39750287987482,145.90453179809947,146.70079040527344,5128000,0.0,0.0
2023-05-05 00:00:00-04:00,147.34324790415505,147.60565764309953,146.30269374308537,147.19847106933594,5194500,0.0,0.0
2023-05-08 00:00:00-04:00,146.5741229040828,147.09892848953103,145.98597228624823,146.86366271972656,4994900,0.0,0.0
2023-05-09 00:00:00-04:00,146.35698369796674,146.7008252339107,145.48833648330586,145.72360229492188,5520500,0.0,0.0
2023-05-10 00:00:00-04:00,145.8593067616784,146.55603313581562,144.82779606793906,146.2664794921875,6756600,0.0,0.0
2023-05-11 00:00:00-04:00,146.42935385350668,146.75509479254268,144.2215556896712,145.66929626464844,5867600,0.0,0.0
2023-05-12 00:00:00-04:00,146.00406887686947,146.18503298257016,144.78253700170632,145.47926330566406,3904200,0.0,0.0
2023-05-15 00:00:00-04:00,145.49737602133865,145.70548406995778,143.81438346494465,144.3663330078125,5104500,0.0,0.0
2023-05-16 00:00:00-04:00,143.92296277079367,144.9997179556325,143.44340162561502,144.1763153076172,5599200,0.0,0.0
2023-05-17 00:00:00-04:00,144.58349091519628,144.8278000829457,142.75573526416474,143.85963439941406,6840700,0.0,0.0
2023-05-18 00:00:00-04:00,143.56104022575835,143.80533559168313,142.56571678676679,143.39816284179688,5173000,0.0,0.0
2023-05-19 00:00:00-04:00,143.49772350712408,144.71019862179338,143.09055067687615,143.7872772216797,6527100,0.0,0.0
2023-05-22 00:00:00-04:00,144.04248026775008,145.08177355628604,142.93025240851108,143.01229858398438,5675900,1.19,0.0
2023-05-23 00:00:00-04:00,143.22198537303206,144.28862734711794,142.5564626566475,142.9575958251953,5793000,0.0,0.0
2023-05-24 00:00:00-04:00,143.20377319071005,143.25847064851945,142.14624263689856,142.8208770751953,5015100,0.0,0.0
2023-05-25 00:00:00-04:00,142.26477760015854,142.48356745374312,140.14060466955618,140.7696533203125,6886100,0.0,0.0
2023-05-26 00:00:00-04:00,141.02489682393679,141.56277368323182,140.57817775336983,140.71493530273438,6845400,0.0,0.0
2023-05-30 00:00:00-04:00,140.36848011194172,141.65392577949655,139.77590587924578,140.73313903808594,5593100,0.0,0.0
2023-05-31 00:00:00-04:00,141.03399925404145,141.9365489420748,140.25909550144982,141.36219787597656,11324600,0.0,0.0
2023-06-01 00:00:00-04:00,140.8881378173828,141.3439684888535,139.62092910712826,140.8881378173828,7901300,0.0,0.0
2023-06-02 00:00:00-04:00,141.05226208297196,143.41346192374084,140.4779109121931,143.10350036621094,7659700,0.0,0.0
2023-06-05 00:00:00-04:00,142.90291354959587,144.62595290773126,142.90291354959587,144.334228515625,6430500,0.0,0.0
2023-06-06 00:00:00-04:00,145.48292300888042,145.51027173709656,143.49549398980065,144.2065887451172,5073600,0.0,0.0
2023-06-07 00:00:00-04:00,144.1336597025058,144.77181984188414,143.53195989501438,144.5165557861328,6504300,0.0,0.0
2023-06-08 00:00:00-04:00,144.49834034717793,146.24872866820138,143.8784172361456,146.1028594970703,5818400,0.0,0.0
2023-06-09 00:00:00-04:00,146.2486928902786,146.53130564592624,145.38261750369335,145.87490844726562,6264400,0.0,0.0
2023-06-12 00:00:00-04:00,145.86584517949166,146.0937605625846,144.70803113834114,145.77467346191406,6510600,0.0,0.0
2023-06-13 00:00:00-04:00,145.6196490164117,146.63159357041462,145.09088381684876,146.54043579101562,6066800,0.0,0.0
2023-06-14 00:00:00-04:00,147.32446862609297,147.76206214609067,146.75922917229678,147.28799438476562,6699100,0.0,0.0
2023-06-15 00:00:00-04:00,147.73471212473675,149.430402649558,147.16947267589828,149.26629638671875,7138300,0.0,0.0
2023-06-16 00:00:00-04:00,149.95008334941093,150.41503962890383,149.3939692641642,149.72216796875,13426600,0.0,0.0
2023-06-20 00:00:00-04:00,149.7494879611334,150.70673515836145,149.33924313684946,149.6309814453125,7995800,0.0,0.0
2023-06-21 00:00:00-04:00,149.12955973612458,150.3511825609246,148.31818172134274,149.40306091308594,7177500,0.0,0.0
2023-06-22 00:00:00-04:00,149.42129071967278,151.08052106519543,149.32100741405495,150.98934936523438,5485900,0.0,0.0
2023-06-23 00:00:00-04:00,151.43606067115883,151.58192981927616,150.4514647876382,150.86170959472656,9450700,0.0,0.0
2023-06-26 00:00:00-04:00,150.405890152664,150.405890152664,147.07833168939945,149.17515563964844,6978800,0.0,0.0
2023-06-27 00:00:00-04:00,149.2207512946892,149.40309472783213,148.09029990996785,148.86520385742188,4927500,0.0,0.0
2023-06-28 00:00:00-04:00,148.78310558172745,148.78310558172745,147.6070687503586,148.56431579589844,6780400,0.0,0.0
2023-06-29 00:00:00-04:00,148.27262108567945,149.80421959058776,147.89883654396877,149.60365295410156,4547500,0.0,0.0
2023-06-30 00:00:00-04:00,150.29650871650267,151.2811047617168,149.8315663802279,150.89820861816406,7580000,0.0,0.0
2023-07-03 00:00:00-04:00,149.8224272168611,149.86801306783798,148.56434397715975,148.91989135742188,4033700,0.0,0.0
2023-07-05 00:00:00-04:00,148.5916880633296,149.4395264394481,148.35464720999462,148.42758178710938,7224600,0.0,0.0
2023-07-06 00:00:00-04:00,147.91706777640363,148.02646269709305,146.7774909830569,147.32449340820312,6332500,0.0,0.0
2023-07-07 00:00:00-04:00,146.2943419418042,146.81398183393205,145.13652778408246,145.18211364746094,7022200,0.0,0.0
2023-07-10 00:00:00-04:00,145.34613282033033,146.13928749304557,144.95412519668972,145.4190673828125,5739200,0.0,0.0
2023-07-11 00:00:00-04:00,145.07268250498007,146.13932466979247,143.6778416809293,144.61685180664062,6606700,0.0,0.0
2023-07-12 00:00:00-04:00,144.8994620831422,144.8994620831422,143.9331032452763,144.1154327392578,6940400,0.0,0.0
2023-07-13 00:00:00-04:00,144.0424709534375,145.07265257058788,143.50459417898657,144.78091430664062,6401700,0.0,0.0
2023-07-14 00:00:00-04:00,145.11826581440238,146.07551313807377,144.93593630295305,145.747314453125,5362200,0.0,0.0
2023-07-17 00:00:00-04:00,145.63794385452707,145.74733879749903,144.17927969758992,145.0180206298828,5486800,0.0,0.0
2023-07-18 00:00:00-04:00,145.0179756139728,146.67719201436032,144.21570918560852,145.00885009765625,6332500,0.0,0.0
2023-07-19 00:00:00-04:00,143.96045195313857,146.23960540470173,143.43168668307408,144.71713256835938,7522600,0.0,0.0
2023-07-20 00:00:00-04:00,147.6344377593021,154.19839654216696,147.05097506551073,153.5055389404297,21892900,0.0,0.0
2023-07-21 00:00:00-04:00,153.3232216804875,155.73002135232747,153.3232216804875,155.15567016601562,12080000,0.0,0.0
2023-07-24 00:00:00-04:00,156.34992185534315,158.4649828690191,155.88497957376617,155.96702575683594,15155400,0.0,0.0
2023-07-25 00:00:00-04:00,155.39270557633407,157.42570690065315,154.7545452851634,157.1613311767578,13790100,0.0,0.0
2023-07-26 00:00:00-04:00,156.80573049155174,158.49230931989825,156.25872819294037,157.46212768554688,14288200,0.0,0.0
2023-07-27 00:00:00-04:00,156.969863614741,158.89346985311258,156.84223156668625,158.3464813232422,12446400,0.0,0.0
2023-07-28 00:00:00-04:00,158.62907210416415,159.86893207474557,157.9270889819991,159.06666564941406,14138800,0.0,0.0
2023-07-31 00:00:00-04:00,154.69982860270204,155.1830080424877,151.98308146583838,152.7306365966797,22632700,0.0,0.0
2023-08-01 00:00:00-04:00,151.67311396654327,154.15283427215638,151.3905011372238,153.9705047607422,15810300,0.0,0.0
2023-08-02 00:00:00-04:00,153.93401661054895,156.11288656877565,153.93401661054895,154.90037536621094,14595600,0.0,0.0
2023-08-03 00:00:00-04:00,154.9368541102576,156.18583970345452,154.68159002789233,155.56590270996094,17424800,0.0,0.0
2023-08-04 00:00:00-04:00,155.29240138580778,157.42568574859604,153.0588337113919,154.10723876953125,23415100,0.0,0.0
2023-08-07 00:00:00-04:00,154.51748060221777,158.02736830289842,154.39896018032195,157.80857849121094,17736400,0.0,0.0
2023-08-08 00:00:00-04:00,157.70829627897524,158.21882439089956,156.2496326070362,157.88150024414062,27378700,0.0,0.0
2023-08-09 00:00:00-04:00,157.71742702284084,158.85700380768796,156.8513514485269,157.78125,42974400,0.0,0.0
2023-08-10 00:00:00-04:00,158.62906572020873,160.4250395886444,156.47754450228234,156.96072387695312,48213800,0.0,0.0
2023-08-11 00:00:00-04:00,157.24333937091743,158.5834826138928,156.45931008530494,158.49232482910156,45905600,0.0,0.0
2023-08-14 00:00:00-04:00,158.19149537478495,160.08775282023876,156.5778507471563,158.11856079101562,64036900,0.0,0.0
2023-08-15 00:00:00-04:00,157.53510293749304,159.13962209783574,156.93340303579583,157.66273498535156,88958100,0.0,0.0
2023-08-16 00:00:00-04:00,157.28896323499194,159.29461582617878,156.9243041859947,157.1613311767578,85832700,0.0,0.0
2023-08-17 00:00:00-04:00,157.58976346688596,159.89626530532823,157.49859177798962,158.63816833496094,70904200,0.0,0.0
2023-08-18 00:00:00-04:00,157.87237964825835,158.6199485630372,156.17668913830678,157.25245666503906,49631700,0.0,0.0
2023-08-21 00:00:00-04:00,154.69981248244986,154.8456816330698,151.29931963485336,152.5665283203125,151319500,0.0,0.0
2023-08-22 00:00:00-04:00,152.1197960140353,153.01322013978483,150.79788998993877,151.35400390625,56834800,0.0,0.0
2023-08-23 00:00:00-04:00,151.24460754425266,151.79160990102793,149.02927721209326,149.99563598632812,119011400,0.0,0.0
2023-08-24 00:00:00-04:00,149.53983609528646,151.94662192079187,149.38485530817576,150.50619506835938,70755100,0.0,0.0
2023-08-25 00:00:00-04:00,150.87347947500814,154.06909149095304,150.65308712458702,152.66412353515625,18185500,1.19,0.0
2023-08-28 00:00:00-04:00,151.51625828731346,152.6273836799661,149.83580355943263,150.86427307128906,18458000,0.0,0.0
2023-08-29 00:00:00-04:00,151.39691003782835,152.1407150426269,149.46852928684118,150.88267517089844,12208600,0.0,0.0
2023-08-30 00:00:00-04:00,151.61728336549663,152.2784464004388,150.30413505570814,150.3500518798828,9939100,0.0,0.0
2023-08-31 00:00:00-04:00,150.01947126145268,150.203138559252,148.10026850133863,148.4675750732422,15333000,0.0,0.0
2023-09-01 00:00:00-04:00,148.2288322486949,149.20220730803774,146.93405341910957,147.3656463623047,8610100,0.0,0.0
2023-09-05 00:00:00-04:00,147.43911197339338,148.73389081607974,147.181994559337,147.54930114746094,9019800,0.0,0.0
2023-09-06 00:00:00-04:00,146.77794330295026,146.92487153733103,144.49143395723303,145.0974884033203,9753800,0.0,0.0
2023-09-07 00:00:00-04:00,146.13513886059798,147.89823550573448,145.98821063720828,146.95240783691406,9931800,0.0,0.0
2023-09-08 00:00:00-04:00,146.54836904341906,147.54929133959462,146.18106247971068,147.43910217285156,6957000,0.0,0.0
2023-09-11 00:00:00-04:00,147.898238436463,149.39503996673187,147.3380868340557,149.36749267578125,6309300,0.0,0.0
2023-09-12 00:00:00-04:00,148.96346400784768,150.5337158180773,148.3298482201995,150.2123260498047,6045800,0.0,0.0
2023-09-13 00:00:00-04:00,150.37759157418142,151.47034747982843,149.67970352226882,150.58880615234375,7397500,0.0,0.0
2023-09-14 00:00:00-04:00,151.22242482293447,151.76422096267086,150.0837659794882,150.3592529296875,7758400,0.0,0.0
2023-09-15 00:00:00-04:00,150.57959563199057,151.35096171230427,148.0359693577418,148.25634765625,13392100,0.0,0.0
2023-09-18 00:00:00-04:00,148.871619924035,149.81744765295187,147.6135802094625,149.19302368164062,5789000,0.0,0.0
2023-09-19 00:00:00-04:00,148.99101570573453,149.54198962741364,148.19211612996384,148.94509887695312,5550800,0.0,0.0
2023-09-20 00:00:00-04:00,148.9358981578677,150.17556827278054,148.44921067387392,149.59706115722656,3837400,0.0,0.0
2023-09-21 00:00:00-04:00,149.28485731018543,150.13885139057345,148.38493239374844,148.44921875,4526700,0.0,0.0
2023-09-22 00:00:00-04:00,148.11866047005878,148.21048012101946,147.1544630579488,147.384033203125,4976700,0.0,0.0
2023-09-25 00:00:00-04:00,146.98917372012403,147.25546891324356,145.75866713951035,147.16363525390625,6722500,0.0,0.0
2023-09-26 00:00:00-04:00,146.75041411519544,146.99835378982053,145.8780503851879,146.0249786376953,4904800,0.0,0.0
2023-09-27 00:00:00-04:00,145.62089984923054,145.78618358684494,142.5722023560004,144.27102661132812,10211600,0.0,0.0
2023-09-28 00:00:00-04:00,144.62915906061573,145.05157419832273,143.4537613015788,144.05982971191406,7861900,0.0,0.0
2023-09-29 00:00:00-04:00,144.50979618890807,144.72101079008243,142.65487968813432,143.02218627929688,7680700,0.0,0.0
2023-10-02 00:00:00-04:00,142.7191463106435,142.7191463106435,140.79076576663044,142.47120666503906,7259700,0.0,0.0
2023-10-03 00:00:00-04:00,142.03962241913092,142.79261916226554,141.31418698216945,142.64569091796875,5740800,0.0,0.0
2023-10-04 00:00:00-04:00,142.8569062079266,143.18747374140506,141.9386256944456,142.8109893798828,4955200,0.0,0.0
2023-10-05 00:00:00-04:00,143.49968450638667,145.1250307538907,143.31603122558843,144.298583984375,5993300,0.0,0.0
2023-10-06 00:00:00-04:00,144.24350137240324,145.3638046936503,143.7935388870341,144.7577362060547,5802200,0.0,0.0
2023-10-09 00:00:00-04:00,144.33532071221342,145.89640875490514,144.25267883094574,145.5841827392578,4414100,0.0,0.0
2023-10-10 00:00:00-04:00,145.4372843300401,146.2545534946776,144.99649955830202,145.41891479492188,5273500,0.0,0.0
2023-10-11 00:00:00-04:00,145.51074582083297,146.05252799627516,143.28849450285895,143.41705322265625,6922900,0.0,0.0
2023-10-12 00:00:00-04:00,143.17828071949356,143.765979625006,142.3977507733388,143.55477905273438,5792400,0.0,0.0
2023-10-13 00:00:00-04:00,143.92211491486995,144.50063617827058,143.2976908308217,144.03231811523438,5359800,0.0,0.0
2023-10-16 00:00:00-04:00,144.92303220853339,145.31788608959843,144.02310724880016,144.65672302246094,6408100,0.0,0.0
2023-10-17 00:00:00-04:00,143.23338494931127,145.9606790882852,141.97534517899635,143.3343963623047,12244400,0.0,0.0
2023-10-18 00:00:00-04:00,142.7099922282137,143.20585758984672,139.62456883402473,140.24899291992188,9097300,0.0,0.0
2023-10-19 00:00:00-04:00,139.27559161116278,140.59791767676325,137.87980142949033,139.8724822998047,7733800,0.0,0.0
2023-10-20 00:00:00-04:00,140.25818506965345,141.29583262833552,139.88168665763823,140.49693298339844,7207000,0.0,0.0
2023-10-23 00:00:00-04:00,140.36833638486323,140.95603525476756,138.853179395658,139.01846313476562,5874000,0.0,0.0
2023-10-24 00:00:00-04:00,138.43076560116128,139.54189101265834,137.8614362562774,138.8715362548828,6155300,0.0,0.0
2023-10-25 00:00:00-04:00,138.88072739492145,139.7347214083658,137.95325525903667,139.1837615966797,5880800,0.0,0.0
2023-10-26 00:00:00-04:00,139.55107008719241,139.55107008719241,136.71358708361,136.8237762451172,7612500,0.0,0.0
2023-10-27 00:00:00-04:00,136.3554749520692,136.51158095388752,133.10475417208087,133.70164489746094,11385800,0.0,0.0
2023-10-30 00:00:00-04:00,134.15159982291496,135.20763084391731,134.0689579377149,135.01478576660156,8205300,0.0,0.0
2023-10-31 00:00:00-04:00,135.48308527334532,136.4013656816316,134.65663851062646,136.21771240234375,7576900,0.0,0.0
2023-11-01 00:00:00-04:00,136.99826376413353,137.52167633900675,136.32792295314408,136.53912353515625,5733000,0.0,0.0
2023-11-02 00:00:00-04:00,135.6391848982956,138.10934705558162,135.48306492191293,137.96243286132812,5349100,0.0,0.0
2023-11-03 00:00:00-04:00,138.85321300841898,139.82658818371632,137.87982382127194,138.9725799560547,4926800,0.0,0.0
2023-11-06 00:00:00-05:00,139.37662574914643,139.97350252328096,139.00012734732016,139.30316162109375,4851400,0.0,0.0
2023-11-07 00:00:00-05:00,139.51432432654758,139.808180758919,138.36647390980767,138.56849670410156,4840400,0.0,0.0
2023-11-08 00:00:00-05:00,138.9817570477528,139.42252775735665,138.0542847900646,138.0634765625,5460000,0.0,0.0
2023-11-09 00:00:00-05:00,138.2011995880065,138.2011995880065,135.22596606091676,135.37289428710938,6973600,0.0,0.0
2023-11-10 00:00:00-05:00,136.1350773291596,136.3646474426995,133.73836478332916,135.216796875,6930700,0.0,0.0
2023-11-13 00:00:00-05:00,135.21678384054707,135.81366047347476,134.66581001642427,135.56573486328125,5889300,0.0,0.0
2023-11-14 00:00:00-05:00,135.57493796105422,136.4013848398514,134.9596916825098,135.5933074951172,6713600,0.0,0.0
2023-11-15 00:00:00-05:00,135.30861772971255,137.20945080391004,135.23515361890517,136.64012145996094,6729100,0.0,0.0
2023-11-16 00:00:00-05:00,137.2829189808146,137.8981651637217,136.49319728105309,137.83389282226562,6875600,0.0,0.0
2023-11-17 00:00:00-05:00,138.24711163913284,138.46748995896942,136.88806062337036,137.54920959472656,7023300,0.0,0.0
2023-11-20 00:00:00-05:00,136.9105571715328,139.21537727767472,136.5680629150258,138.76182556152344,8851700,1.19,0.0
2023-11-21 00:00:00-05:00,138.93768406598764,140.0391767808315,138.4841182723069,139.88182067871094,5916300,0.0,0.0
2023-11-22 00:00:00-05:00,140.3539025937841,140.7334018391259,139.20611122928594,139.60414123535156,4633500,0.0,0.0
2023-11-24 00:00:00-05:00,139.6411707389825,141.32581757528126,139.6411707389825,141.15921020507812,3351400,0.0,0.0
2023-11-27 00:00:00-05:00,140.96483854276752,140.9926205653516,139.74300863545758,140.0299530029297,6449700,0.0,0.0
2023-11-28 00:00:00-05:00,140.1410063271629,140.5205197229502,139.62265345684682,140.35391235351562,5909000,0.0,0.0
2023-11-29 00:00:00-05:00,140.07620905170748,140.8815061932827,139.83554927207896,140.79820251464844,5190000,0.0,0.0
2023-11-30 00:00:00-05:00,140.93706912696013,143.60290034920348,140.6223568643503,143.15859985351562,12481900,0.0,0.0
2023-12-01 00:00:00-05:00,144.80619635302705,146.67598113151737,143.9083301740718,146.6019287109375,10342900,0.0,0.0
2023-12-04 00:00:00-05:00,146.25019572892217,148.11998066702768,146.25019572892217,147.06475830078125,8920300,0.0,0.0
2023-12-05 00:00:00-05:00,146.99070113262064,147.7589791473781,146.4538316479447,146.75929260253906,7268200,0.0,0.0
2023-12-06 00:00:00-05:00,146.73152210979183,146.86111031937986,144.55627631593302,144.97280883789062,6642900,0.0,0.0
2023-12-07 00:00:00-05:00,144.93579198138076,144.93579198138076,143.20486069934313,143.84353637695312,6532400,0.0,0.0
2023-12-08 00:00:00-05:00,143.86206608745732,144.2600961391244,142.3995623523176,142.93643188476562,6254700,0.0,0.0
2023-12-11 00:00:00-05:00,143.01047100711946,143.91758848660376,142.8716315392591,143.52882385253906,6090400,0.0,0.0
2023-12-12 00:00:00-05:00,143.4732847712825,143.76949446132465,142.22367309300722,143.5380859375,5324400,0.0,0.0
2023-12-13 00:00:00-05:00,142.23292274914078,144.3433671231821,140.48347506739458,144.2045135498047,10764600,0.0,0.0
2023-12-14 00:00:00-05:00,144.8339604049962,145.47265015701467,143.51956175367835,145.20420837402344,9240700,0.0,0.0
2023-12-15 00:00:00-05:00,143.92685989191628,145.03761805346238,142.32550263393054,143.62139892578125,21727800,0.0,0.0
2023-12-18 00:00:00-05:00,143.66769280196846,144.80621893229448,143.25114610574875,143.88058471679688,7231400,0.0,0.0
2023-12-19 00:00:00-05:00,143.75099845441596,144.86175670336831,143.4177695673245,144.82473754882812,6651500,0.0,0.0
2023-12-20 00:00:00-05:00,144.8987461188598,145.009831807796,141.72382814751987,141.87193298339844,7008300,0.0,0.0
2023-12-21 00:00:00-05:00,142.26072163825546,143.59363713842538,141.89972486729752,143.3251953125,4598600,0.0,0.0
2023-12-22 00:00:00-05:00,143.7047194767058,144.88953020462455,143.49182755073582,143.89910888671875,3798900,0.0,0.0
2023-12-26 00:00:00-05:00,143.4733114357559,144.72292334627116,143.33447194527997,144.52853393554688,4170000,0.0,0.0
2023-12-27 00:00:00-05:00,143.9361057385732,144.8802564962242,143.86205331404608,144.722900390625,5288100,0.0,0.0
2023-12-28 00:00:00-05:00,144.39895194007735,145.5467435658006,144.38970068166537,144.93582153320312,4377500,0.0,0.0
2023-12-29 00:00:00-05:00,144.8710020479519,145.23199881722843,144.38041705698777,145.0839080810547,4313700,0.0,0.0
2024-01-02 00:00:00-05:00,145.25976415261727,149.6195073269326,145.13017593321388,148.07369995117188,9622100,0.0,0.0
2024-01-03 00:00:00-05:00,148.69386765226102,149.434377788911,147.9163383646038,148.99932861328125,8232000,0.0,0.0
2024-01-04 00:00:00-05:00,149.5732323017515,149.9342290876135,148.49024194416558,148.68463134765625,6766600,0.0,0.0
2024-01-05 00:00:00-05:00,148.56429160318703,149.34182095451408,147.61088949104754,149.14744567871094,5602500,0.0,0.0
2024-01-08 00:00:00-05:00,149.1196690267337,149.63802189718376,147.74046904181336,149.51768493652344,6569800,0.0,0.0
2024-01-09 00:00:00-05:00,149.61024475097656,151.13753537297228,148.65684275376978,149.61024475097656,6357000,0.0,0.0
2024-01-10 00:00:00-05:00,149.78612705202778,150.52662308326083,149.2122242665488,149.8323974609375,4945100,0.0,0.0
2024-01-11 00:00:00-05:00,150.01753518797625,150.1378580244959,148.82345921133077,149.1659393310547,4946000,0.0,0.0
2024-01-12 00:00:00-05:00,149.80463433120465,150.38778839220424,149.66579485194612,150.31373596191406,4496900,0.0,0.0
2024-01-16 00:00:00-05:00,149.5546974901169,150.18412185300556,148.2680526251653,148.58277893066406,6923200,0.0,0.0
2024-01-17 00:00:00-05:00,148.3328890739342,149.30480786459682,147.98114353802296,148.49949645996094,5072100,0.0,0.0
2024-01-18 00:00:00-05:00,148.10147297804963,149.36958732072588,147.81452863400378,149.22149658203125,5368500,0.0,0.0
2024-01-19 00:00:00-05:00,149.1659244730863,149.87866666048993,148.36062735327565,149.65650939941406,7071300,0.0,0.0
2024-01-22 00:00:00-05:00,149.95273766923242,151.41524137348583,149.34181571858417,150.38778686523438,6824200,0.0,0.0
2024-01-23 00:00:00-05:00,147.78675866518427,148.57353925491208,145.24126463407202,147.92559814453125,9149800,0.0,0.0
2024-01-24 00:00:00-05:00,147.8700539605896,148.65684862972066,146.39829906681166,147.13880920410156,7247900,0.0,0.0
2024-01-25 00:00:00-05:00,147.1758152779919,147.74970387447266,146.68523035698962,147.6941680908203,5478900,0.0,0.0
2024-01-26 00:00:00-05:00,148.49948965267026,148.78644812221387,147.50906839166683,147.63865661621094,5591900,0.0,0.0
2024-01-29 00:00:00-05:00,147.18508610757323,148.166270204117,147.13881569774614,147.50906372070312,6483200,0.0,0.0
2024-01-30 00:00:00-05:00,147.49982121212662,147.87932051474672,146.37054631385402,146.96295166015625,7200500,0.0,0.0
2024-01-31 00:00:00-05:00,148.47168769191893,148.67532830148875,146.87034482944165,147.08323669433594,8256800,0.0,0.0
2024-02-01 00:00:00-05:00,146.39832627966308,146.70378729772705,145.37087162765104,146.5834503173828,8012000,0.0,0.0
2024-02-02 00:00:00-05:00,146.2224249964983,146.5371372116792,144.343388838019,144.96356201171875,8295900,0.0,0.0
2024-02-05 00:00:00-05:00,144.96358290644991,145.22275937090376,143.78802343435405,144.2138214111328,9121600,0.0,0.0
2024-02-06 00:00:00-05:00,144.24156498806667,146.92589825617668,144.0286730976028,146.30572509765625,9229900,0.0,0.0
2024-02-07 00:00:00-05:00,146.06506683242915,147.51830505504284,145.9632465143564,146.23167419433594,8690300,0.0,0.0
2024-02-08 00:00:00-05:00,145.63927868807548,145.63927868807548,143.76024243006285,144.76918029785156,9755000,0.0,0.0
2024-02-09 00:00:00-05:00,144.64885004722112,145.50968301212941,144.09346391730506,145.10240173339844,6529200,0.0,0.0
2024-02-12 00:00:00-05:00,144.93581443393083,146.62972682822033,144.72292250841429,146.1113739013672,6701500,0.0,0.0
2024-02-13 00:00:00-05:00,145.91695932101084,146.66672068402187,144.16751143263323,144.83396911621094,8621000,0.0,0.0
2024-02-14 00:00:00-05:00,144.72290154312319,144.82472186215185,143.32518497063379,144.15826416015625,9098800,0.0,0.0
2024-02-15 00:00:00-05:00,144.38041489864227,146.69450033993888,144.2971112125292,146.1761474609375,7462500,0.0,0.0
2024-02-16 00:00:00-05:00,146.0549062199334,146.67045245617985,145.18752297361556,146.00827026367188,8541000,1.19,0.0
2024-02-20 00:00:00-05:00,146.01759304571857,147.92955341887853,145.90567813474394,147.2300567626953,9501700,0.0,0.0
2024-02-21 00:00:00-05:00,147.3792962453988,148.00417826004934,146.5492273923499,147.99484252929688,7472500,0.0,0.0
2024-02-22 00:00:00-05:00,148.27463058744098,149.91612514550837,147.14611731006522,149.64564514160156,8065000,0.0,0.0
2024-02-23 00:00:00-05:00,150.04669937615225,151.32444203687112,149.3751814532631,150.94204711914062,6726000,0.0,0.0
2024-02-26 00:00:00-05:00,150.90475125369008,151.10060235193652,149.75758069864375,149.96275329589844,5465400,0.0,0.0
2024-02-27 00:00:00-05:00,149.5430503878831,150.19591106702242,148.89018970874383,150.13995361328125,5078600,0.0,0.0
2024-02-28 00:00:00-05:00,150.1586028068804,150.72752727496572,149.49640643335368,150.67156982421875,6071100,0.0,0.0
2024-02-29 00:00:00-05:00,151.0912770182107,151.2684851139431,150.10265735917295,150.51303100585938,9849100,0.0,0.0
2024-03-01 00:00:00-05:00,150.93272026836178,151.622895395551,150.24254514117254,151.20318603515625,5670100,0.0,0.0
2024-03-04 00:00:00-05:00,150.45707148059574,150.7275372542111,147.61244895183478,149.07672119140625,8532900,0.0,0.0
2024-03-05 00:00:00-05:00,149.8042228850205,150.38248322232192,148.4798440488625,149.197998046875,8298200,0.0,0.0
2024-03-06 00:00:00-05:00,148.72231121423997,150.09331146824493,148.49846717721115,148.61038208007812,5773700,0.0,0.0
2024-03-07 00:00:00-05:00,149.22597108023817,149.56173008442062,147.58449052162268,148.17205810546875,5188700,0.0,0.0
2024-03-08 00:00:00-05:00,148.17203558199452,149.58968607652457,147.7616619468967,148.7782745361328,5284000,0.0,0.0
2024-03-11 00:00:00-04:00,148.75028494786798,150.45705831578397,148.181360491896,150.37310791015625,4620800,0.0,0.0
2024-03-12 00:00:00-04:00,150.69957196948877,152.12654411047785,150.2798767923679,151.78146362304688,8018700,0.0,0.0
2024-03-13 00:00:00-04:00,151.58557686364648,151.72547049248655,149.0487346978504,150.2518768310547,6260000,0.0,0.0
2024-03-14 00:00:00-04:00,150.10265257741497,150.66224134310053,148.00416268567943,148.48915100097656,6988300,0.0,0.0
2024-03-15 00:00:00-04:00,147.41657325815018,148.47048601382667,146.521225587325,147.5284881591797,13165500,0.0,0.0
2024-03-18 00:00:00-04:00,147.89224730530185,148.00416221182158,145.96162978006453,146.20411682128906,6602300,0.0,0.0
2024-03-19 00:00:00-04:00,146.1201940366825,146.2974021424475,145.1782102807645,145.69117736816406,7840600,0.0,0.0
2024-03-20 00:00:00-04:00,145.21548115155588,145.90565620519018,144.75848584623174,145.2714385986328,5982300,0.0,0.0
2024-03-21 00:00:00-04:00,145.1129013768952,146.38132247778574,144.65590602867186,145.2621307373047,5915800,0.0,0.0
2024-03-22 00:00:00-04:00,145.20617624784992,145.8310581971082,144.66523047879903,144.7771453857422,7248600,0.0,0.0
2024-03-25 00:00:00-04:00,144.9357099006424,145.47665572065048,144.46937876939026,144.76783752441406,7498100,0.0,0.0
2024-03-26 00:00:00-04:00,145.13157811464694,145.70982417484785,144.33880948328368,145.2808074951172,6864100,0.0,0.0
2024-03-27 00:00:00-04:00,145.48597291984245,147.56580551554248,144.9730058945456,147.3233184814453,8461600,0.0,0.0
2024-03-28 00:00:00-04:00,147.54717855574717,148.42388342768456,147.46324236110578,147.53785705566406,6181500,0.0,0.0
2024-04-01 00:00:00-04:00,147.09945332302084,147.50049115621118,146.2134272599763,147.15541076660156,4364700,0.0,0.0
2024-04-02 00:00:00-04:00,146.02693304737934,147.20208234087585,145.44867278407153,147.1088104248047,6102300,0.0,0.0
2024-04-03 00:00:00-04:00,147.16476349579548,147.4072647778344,143.86314554220485,143.87246704101562,8098200,0.0,0.0
2024-04-04 00:00:00-04:00,144.85176609157293,145.02897418913292,142.14705136513,142.23098754882812,6947400,0.0,0.0
2024-04-05 00:00:00-04:00,141.79264372361794,142.70664876315846,141.4009272781006,142.12840270996094,6783000,0.0,0.0
2024-04-08 00:00:00-04:00,141.75533661213754,142.7346205627366,141.354284455365,141.38226318359375,5935400,0.0,0.0
2024-04-09 00:00:00-04:00,141.34496478545316,142.2589697924448,140.7760402519459,142.03512573242188,6135300,0.0,0.0
2024-04-10 00:00:00-04:00,141.32631904799072,141.59679908809133,139.6755027704135,140.08587646484375,6809500,0.0,0.0
2024-04-11 00:00:00-04:00,140.64547326031825,140.7107522189894,138.3977537725399,138.77081298828125,8374400,0.0,0.0
2024-04-12 00:00:00-04:00,138.08995024925227,139.0319480919256,137.2412243104477,137.58631896972656,7100200,0.0,0.0
2024-04-15 00:00:00-04:00,138.37908670903346,139.4236780552141,137.44642450465895,137.651611328125,8502300,0.0,0.0
2024-04-16 00:00:00-04:00,135.24535685546354,136.40186324659925,133.7344484627472,134.7230682373047,12774900,0.0,0.0
2024-04-17 00:00:00-04:00,135.2360232205098,135.61841814995475,133.87433010424328,135.02151489257812,9378100,0.0,0.0
2024-04-18 00:00:00-04:00,135.21734568282452,135.9821354268504,133.49192935689524,135.92617797851562,9887700,0.0,0.0
2024-04-19 00:00:00-04:00,136.30856353942588,138.155244788895,134.80697695263436,137.95005798339844,9750800,0.0,0.0
2024-04-22 00:00:00-04:00,138.50965825220044,140.15115283286337,137.38114495929045,139.07858276367188,10118700,0.0,0.0
2024-04-23 00:00:00-04:00,139.76876942491614,140.35635121354392,138.2205466293141,139.4889678955078,10110400,0.0,0.0
2024-04-24 00:00:00-04:00,138.16456739220152,138.95733589535283,136.97076100410416,138.52830505371094,9756300,0.0,0.0
2024-04-25 00:00:00-04:00,139.31176443965307,139.50762978617104,136.47647728413298,136.93348693847656,7642700,0.0,0.0
2024-04-26 00:00:00-04:00,136.82157456839343,137.26924854654058,136.1220777513451,136.29928588867188,6183000,0.0,0.0
2024-04-29 00:00:00-04:00,136.29926916854473,137.30654616928535,136.1593755148158,136.93348693847656,6149600,0.0,0.0
2024-04-30 00:00:00-04:00,136.98942681798036,136.98942681798036,134.79766498221375,134.85362243652344,8817700,0.0,0.0
2024-05-01 00:00:00-04:00,138.7242089127927,141.62478951287312,137.67961735945565,140.99989318847656,14470900,0.0,0.0
2024-05-02 00:00:00-04:00,141.80196169863976,142.07244171965564,139.0972468762597,139.82472229003906,8459800,0.0,0.0
2024-05-03 00:00:00-04:00,139.79672128849526,139.79672128849526,137.8661181460667,139.21847534179688,6532700,0.0,0.0
2024-05-06 00:00:00-04:00,139.77807914626527,139.9459657422824,137.95006920658594,138.574951171875,5042800,0.0,0.0
2024-05-07 00:00:00-04:00,139.32108108455665,139.6475043089718,138.4536978563716,138.7055206298828,7333500,0.0,0.0
2024-05-08 00:00:00-04:00,139.07859482536867,139.64751938618053,138.68687837500104,138.9200439453125,7735100,0.0,0.0
2024-05-09 00:00:00-04:00,138.94803451809324,139.99262603940343,138.86409832113833,139.75946044921875,6546200,0.0,0.0
2024-05-10 00:00:00-04:00,139.89933535562412,139.9832715413264,139.14388122171115,139.81539916992188,5710600,0.0,0.0
2024-05-13 00:00:00-04:00,139.93663682080765,141.76466108072427,139.6288708038443,141.0371856689453,5628500,0.0,0.0
2024-05-14 00:00:00-04:00,141.62478433021528,141.96054334734055,140.55221408295202,141.18643188476562,8254200,0.0,0.0
2024-05-15 00:00:00-04:00,141.59678726547045,142.6506859131193,141.11179891879263,142.38954162597656,5548000,0.0,0.0
2024-05-16 00:00:00-04:00,142.6973220172222,143.98440045609826,142.07244002725528,143.89112854003906,7591000,0.0,0.0
2024-05-17 00:00:00-04:00,144.43206975834843,144.43206975834843,143.35951391420488,144.2268829345703,6521800,0.0,0.0
2024-05-20 00:00:00-04:00,143.94481312545295,144.21746516801264,142.2148319701704,142.2242431640625,7742300,1.24,0.0
2024-05-21 00:00:00-04:00,142.70374729415454,143.46530802574028,141.77294287425374,142.196044921875,5492400,0.0,0.0
2024-05-22 00:00:00-04:00,141.8199685522801,144.86622609872316,141.3310741783948,144.32090759277344,6609800,0.0,0.0
2024-05-23 00:00:00-04:00,143.6157553982427,143.70037007614278,140.44728145753388,140.74813842773438,8000400,0.0,0.0
2024-05-24 00:00:00-04:00,140.58827864679975,140.85153382452935,137.98391741033404,138.18136596679688,9520600,0.0,0.0
2024-05-28 00:00:00-04:00,138.01213571482793,138.01213571482793,135.53000497897455,135.7462615966797,10499800,0.0,0.0
2024-05-29 00:00:00-04:00,135.21975314496305,136.72406656479484,135.11633043171008,135.80267333984375,8263800,0.0,0.0
2024-05-30 00:00:00-04:00,135.97193184908946,136.9027364680334,135.40781957551945,136.59246826171875,8490300,0.0,0.0
2024-05-31 00:00:00-04:00,136.86510969086308,138.66088326492417,136.50782860717555,137.89932250976562,14621200,0.0,0.0
2024-06-03 00:00:00-04:00,138.4446459148245,139.9959723716014,137.9933532931622,138.9053497314453,7329200,0.0,0.0
2024-06-04 00:00:00-04:00,138.66089015837102,139.4412589952385,137.4480367373284,138.96176147460938,8876400,0.0,0.0
2024-06-05 00:00:00-04:00,139.1215674905625,139.14037553082954,137.12834561219302,137.2411651611328,5891300,0.0,0.0
2024-06-06 00:00:00-04:00,136.7992471378828,138.20954865476818,136.0094817315459,137.6642303466797,5016300,0.0,0.0
2024-06-07 00:00:00-04:00,137.90873139720793,139.43186738682493,137.58906637144105,138.28482055664062,5111600,0.0,0.0
2024-06-10 00:00:00-04:00,137.76770632224444,138.73611259072584,136.89332592979082,138.3318328857422,5749900,0.0,0.0
2024-06-11 00:00:00-04:00,138.0309454276366,138.36002160893975,136.74287428533472,137.9839324951172,5661200,0.0,0.0
2024-06-12 00:00:00-04:00,138.26598689404835,138.40702568257927,136.12232929463147,136.71466064453125,6180500,0.0,0.0
2024-06-13 00:00:00-04:00,136.39502204694153,137.26940245028146,135.27618010141953,136.75228881835938,6840400,0.0,0.0
2024-06-14 00:00:00-04:00,136.46080878364094,137.2411775423148,135.84027251582808,136.83688354492188,4075300,0.0,0.0
2024-06-17 00:00:00-04:00,136.3480012389224,137.67367421436646,136.08474601356232,137.22238159179688,6666600,0.0,0.0
2024-06-18 00:00:00-04:00,137.2317973496265,137.63607704975226,136.57364491800942,136.94032287597656,6156600,0.0,0.0
2024-06-20 00:00:00-04:00,136.58304728221793,139.22501064781744,136.33858576182317,138.9429473876953,8749700,0.0,0.0
2024-06-21 00:00:00-04:00,139.04636105072817,140.16520282368043,138.55745238810778,139.8549346923828,15172300,0.0,0.0
2024-06-24 00:00:00-04:00,140.08998500725693,140.76693104895833,139.30961625511972,140.2028045654297,6914700,0.0,0.0
2024-06-25 00:00:00-04:00,140.25922074474272,140.2780287874072,138.15317904897665,138.3882293701172,5912500,0.0,0.0
2024-06-26 00:00:00-04:00,137.45742494508707,138.38822938156048,137.06254212709828,138.0403594970703,5267800,0.0,0.0
2024-06-27 00:00:00-04:00,138.02156121440618,138.54807167562268,136.17876025381432,137.08135986328125,5739200,0.0,0.0
2024-06-28 00:00:00-04:00,137.30701165301957,138.27543233250523,136.94033366616011,137.4198455810547,10495700,0.0,0.0
2024-07-01 00:00:00-04:00,137.3352202956774,139.80794013055018,136.91211820428637,137.68309020996094,5144400,0.0,0.0
2024-07-02 00:00:00-04:00,137.67368223821228,138.3506283846871,137.02495533198066,137.297607421875,5492000,0.0,0.0
2024-07-03 00:00:00-04:00,137.4574179984809,137.88050568592092,136.0847322262238,136.97792053222656,3246200,0.0,0.0
2024-07-05 00:00:00-04:00,137.0531377658674,137.78649357997833,135.85907818285818,137.72067260742188,4888500,0.0,0.0
2024-07-08 00:00:00-04:00,137.6454705726362,138.4164425584336,136.56424476910803,136.78048706054688,5260200,0.0,0.0
2024-07-09 00:00:00-04:00,136.9591246424828,138.33182488286783,136.4984208307348,138.25660705566406,5890400,0.0,0.0
2024-07-10 00:00:00-04:00,138.45404278813206,140.53189404127482,137.90872429478992,140.49427795410156,6093200,0.0,0.0
2024-07-11 00:00:00-04:00,140.63531885720093,141.5755202018703,139.7515272977983,140.74813842773438,6350400,0.0,0.0
2024-07-12 00:00:00-04:00,141.0302084919821,141.8575903059622,140.31566060030323,140.91738891601562,5336400,0.0,0.0
2024-07-15 00:00:00-04:00,141.10539359299332,141.26522607064828,139.96774386266753,140.3156280517578,6711400,0.0,0.0
2024-07-16 00:00:00-04:00,140.7387390705312,142.04561834247528,140.24043351444467,141.97979736328125,6469600,0.0,0.0
2024-07-17 00:00:00-04:00,142.48750921207176,148.0723072031384,142.3652784528217,147.2167205810547,13801400,0.0,0.0
2024-07-18 00:00:00-04:00,146.295327067016,147.67742411673336,145.3739194696489,146.12608337402344,10166200,0.0,0.0
2024-07-19 00:00:00-04:00,147.15090196730685,147.15090196730685,144.90382140867376,145.4397430419922,7398000,0.0,0.0
2024-07-22 00:00:00-04:00,145.51495285838257,145.83461784329194,144.40550791277647,145.0166473388672,6840600,0.0,0.0
2024-07-23 00:00:00-04:00,144.14223963375454,144.3208801521572,142.50629877329098,143.23965454101562,6261900,0.0,0.0
2024-07-24 00:00:00-04:00,143.62513427046403,147.05687735678046,143.22085462909735,146.9346466064453,7168200,0.0,0.0
2024-07-25 00:00:00-04:00,147.12271015113313,150.97754160598373,146.67141749887952,150.09375,10019600,0.0,0.0
2024-07-26 00:00:00-04:00,150.19714179341875,151.9177117120487,149.93388660496157,151.03392028808594,8356900,0.0,0.0
2024-07-29 00:00:00-04:00,150.40401070735362,150.4322156000719,148.59882584171282,149.0783233642578,5625000,0.0,0.0
2024-07-30 00:00:00-04:00,149.05950854835712,151.8895236574158,148.8902791997357,151.68267822265625,6545700,0.0,0.0
2024-07-31 00:00:00-04:00,150.29118447196788,150.76128512487196,148.30735914285933,148.41078186035156,8293200,0.0,0.0
2024-08-01 00:00:00-04:00,149.0031162137646,151.1937872320034,148.27917145366553,151.1467742919922,7213400,0.0,0.0
2024-08-02 00:00:00-04:00,152.21858984861427,154.9921952539215,151.37241438870163,154.32464599609375,11280400,0.0,0.0
2024-08-05 00:00:00-04:00,153.99557276741103,155.86657861814538,150.9775344685774,151.6074676513672,12032200,0.0,0.0
2024-08-06 00:00:00-04:00,151.4194111762982,151.8236908195342,149.43558600432112,149.4637908935547,7607100,0.0,0.0
2024-08-07 00:00:00-04:00,149.3697595893332,151.01511168422385,148.73042966155776,149.39796447753906,5993000,0.0,0.0
2024-08-08 00:00:00-04:00,149.08769673587733,151.09031534248234,148.57998010308762,150.63902282714844,5094800,0.0,0.0
2024-08-09 00:00:00-04:00,150.54502083098947,151.30658155451,149.81166499750063,151.01512145996094,4579200,0.0,0.0
2024-08-12 00:00:00-04:00,151.3442130047437,152.0305559757532,149.21936311073662,150.31939697265625,7605400,0.0,0.0
2024-08-13 00:00:00-04:00,150.68607063369268,150.78008215855402,147.085097831194,148.91848754882812,9711400,0.0,0.0
2024-08-14 00:00:00-04:00,148.39198762585863,150.00913517003877,147.98769356664621,149.00311279296875,5141200,0.0,0.0
2024-08-15 00:00:00-04:00,148.89966832782923,149.96210033797803,148.40136280983597,149.5766143798828,7237800,0.0,0.0
2024-08-16 00:00:00-04:00,149.62363802365533,150.3758019516,148.721038440855,149.8586883544922,5012800,0.0,0.0
2024-08-19 00:00:00-04:00,149.92450283067186,150.70485727043015,149.61423468586446,150.08433532714844,4408400,0.0,0.0
2024-08-20 00:00:00-04:00,150.43222119603524,151.3066015954966,150.12195301825827,150.58265686035156,7275100,0.0,0.0
2024-08-21 00:00:00-04:00,150.80828143939502,151.8237005559186,150.72366676626802,151.7766876220703,5019400,0.0,0.0
2024-08-22 00:00:00-04:00,152.31261690807227,152.77332072883246,151.1749669755695,152.64169311523438,6552100,0.0,0.0
2024-08-23 00:00:00-04:00,152.78269873891176,154.39984599019326,152.03053489123837,154.3152313232422,7093400,0.0,0.0
2024-08-26 00:00:00-04:00,154.35286486734637,155.80078308309896,153.76053338396258,154.7665557861328,6870600,0.0,0.0
2024-08-27 00:00:00-04:00,154.88969089223045,155.4012468137778,153.62026203245918,154.36865234375,4388700,1.24,0.0
2024-08-28 00:00:00-04:00,154.41603351348422,156.3107087713184,154.1413119613973,155.28758239746094,5187000,0.0,0.0
2024-08-29 00:00:00-04:00,155.96019677232434,156.04545368874247,154.7570739492661,155.5812530517578,7390100,0.0,0.0
2024-08-30 00:00:00-04:00,155.47703939012942,157.23908787151527,155.18336705243584,157.1254119873047,7971000,0.0,0.0
2024-09-03 00:00:00-04:00,156.53809265218604,158.9727431162364,156.0928427599854,158.3569793701172,6956500,0.0,0.0
2024-09-04 00:00:00-04:00,158.9727162543186,159.9579554279036,157.2959246979835,158.54641723632812,6939100,0.0,0.0
2024-09-05 00:00:00-04:00,158.39483159424285,158.55587723917643,156.14964628133703,156.3012237548828,4600400,0.0,0.0
2024-09-06 00:00:00-04:00,156.4812013314259,157.20118708286037,155.47702589413367,155.7233428955078,6016900,0.0,0.0
2024-09-09 00:00:00-04:00,156.15913059790427,158.5937952320723,155.8086203024112,157.83592224121094,7538200,0.0,0.0
2024-09-10 00:00:00-04:00,158.67902926646232,159.58847961539206,157.96852615034385,158.5653533935547,6559600,0.0,0.0
2024-09-11 00:00:00-04:00,158.00643961773903,158.00643961773903,155.4486308645566,156.14019775390625,5920200,0.0,0.0
2024-09-12 00:00:00-04:00,155.55280422475622,156.40541659097244,154.1412806953277,155.96963500976562,4540900,0.0,0.0
2024-09-13 00:00:00-04:00,156.06439208165418,157.0211977964731,155.19284327647554,156.80331420898438,3693400,0.0,0.0
2024-09-16 00:00:00-04:00,157.59908029206122,158.4422101595443,157.04962276136533,158.19590759277344,5187800,0.0,0.0
2024-09-17 00:00:00-04:00,157.4853908812419,158.88744633090707,157.1917041144562,158.2716827392578,5066500,0.0,0.0
2024-09-18 00:00:00-04:00,157.85486366623135,159.48428544048377,157.01173380846782,157.40013122558594,4722800,0.0,0.0
2024-09-19 00:00:00-04:00,157.47593284880938,157.60855954104179,155.76125402236698,156.14019775390625,4956100,0.0,0.0
2024-09-20 00:00:00-04:00,155.64759557917066,156.1875705812124,154.93709226501304,155.5149688720703,11839000,0.0,0.0
2024-09-23 00:00:00-04:00,155.7423021597534,155.83704170579836,154.1507818638193,154.62445068359375,4671600,0.0,0.0
2024-09-24 00:00:00-04:00,154.21707925596306,154.88022713030526,153.0423899007328,154.20761108398438,6041600,0.0,0.0
2024-09-25 00:00:00-04:00,154.4159990392474,154.71915395132783,151.9150288354709,152.14239501953125,5420000,0.0,0.0
2024-09-26 00:00:00-04:00,151.80137569444707,153.03290295726325,151.59296027499917,152.89080810546875,6122000,0.0,0.0
2024-09-27 00:00:00-04:00,153.4686615280912,154.82334709566604,152.84341536372352,152.90025329589844,7553800,0.0,0.0
2024-09-30 00:00:00-04:00,153.06134178504044,153.63920383954925,152.218197450555,153.52552795410156,6010000,0.0,0.0
2024-10-01 00:00:00-04:00,153.87602963190776,154.1791845831131,152.69185770730627,153.45921325683594,4408000,0.0,0.0
2024-10-02 00:00:00-04:00,153.00449488828522,153.58237141879576,152.18978395109374,152.68240356445312,4684400,0.0,0.0
2024-10-03 00:00:00-04:00,152.31292180010232,152.93816801815112,151.78241511396018,152.04766845703125,4791200,0.0,0.0
2024-10-04 00:00:00-04:00,151.22349258946696,152.0476716042672,150.41824991726156,151.84872436523438,5331100,0.0,0.0
2024-10-07 00:00:00-04:00,151.81083783406876,152.38871430044483,150.83508134325365,151.12875366210938,4266000,0.0,0.0
2024-10-08 00:00:00-04:00,151.09088509488237,151.8108564959117,150.57931467541465,151.2803497314453,4766300,0.0,0.0
2024-10-09 00:00:00-04:00,151.49822118674416,152.72976290844042,151.10980931705416,152.1897735595703,6047200,0.0,0.0
2024-10-10 00:00:00-04:00,152.862402200084,152.89082117287185,151.57402243120973,152.05715942382812,4793900,0.0,0.0
2024-10-11 00:00:00-04:00,153.63919252039454,154.09392493913253,152.71080579544542,152.95712280273438,5253500,0.0,0.0
2024-10-14 00:00:00-04:00,152.9002883650504,153.601323418181,152.42661954798984,153.0897674560547,5964000,0.0,0.0
2024-10-15 00:00:00-04:00,151.5739947099147,157.96852261173925,150.62665724297776,155.4580841064453,10548000,0.0,0.0
2024-10-16 00:00:00-04:00,155.3633629672865,156.30123237444536,154.07498328154392,155.6286163330078,5982100,0.0,0.0
2024-10-17 00:00:00-04:00,155.60967700101435,156.31071206506607,155.0128641117737,155.80862426757812,4798000,0.0,0.0
2024-10-18 00:00:00-04:00,156.2064786067396,156.5854078217635,155.29702825337003,156.4243621826172,5908000,0.0,0.0
2024-10-21 00:00:00-04:00,156.4054346423321,156.5475294921568,153.76235479380244,154.25497436523438,6082700,0.0,0.0
2024-10-22 00:00:00-04:00,153.7718340994137,155.10756902458775,153.37393961805077,154.84231567382812,5680300,0.0,0.0
2024-10-23 00:00:00-04:00,154.2455120972498,157.25803867062515,153.8665683911739,157.1254119873047,7441600,0.0,0.0
2024-10-24 00:00:00-04:00,156.31069615300817,156.79383310087323,154.73811234669992,155.0507354736328,5386300,0.0,0.0
2024-10-25 00:00:00-04:00,155.06018710836528,155.28755330058385,152.15186864925064,152.40765380859375,6400400,0.0,0.0
2024-10-28 00:00:00-04:00,152.64451761159978,153.44027775500746,152.521359093492,153.0897674560547,4842500,0.0,0.0
2024-10-29 00:00:00-04:00,152.95714895682704,153.62975061814686,151.63086752489588,151.65928649902344,5216900,0.0,0.0
2024-10-30 00:00:00-04:00,151.0529557996391,152.78658509402717,150.6550757992386,152.15187072753906,5820500,0.0,0.0
2024-10-31 00:00:00-04:00,151.5645495062466,152.39819677392538,151.06246172910465,151.44139099121094,8613900,0.0,0.0
2024-11-01 00:00:00-04:00,152.123457798311,152.57817575178618,151.4603244379882,151.69715881347656,5256400,0.0,0.0
2024-11-04 00:00:00-05:00,151.28978177238818,151.83923920585505,149.74563162071544,149.90667724609375,4644000,0.0,0.0
2024-11-05 00:00:00-05:00,149.3666825831548,150.23823123587118,148.11620476150824,150.01087951660156,6547100,0.0,0.0
2024-11-06 00:00:00-05:00,151.47927003240187,152.37925227840577,149.06357081905168,149.56565856933594,8926600,0.0,0.0
2024-11-07 00:00:00-05:00,150.12456867590407,150.38982200869847,148.26778089112085,148.4761962890625,7522800,0.0,0.0
2024-11-08 00:00:00-05:00,148.73200288314263,148.80779162560813,147.22573957160546,147.28257751464844,8926100,0.0,0.0
2024-11-11 00:00:00-05:00,147.42467115998508,149.2814591970599,146.75206956587456,146.87521362304688,7146800,0.0,0.0
2024-11-12 00:00:00-05:00,146.39206028460006,146.8751971976869,144.34580784936847,144.60159301757812,7181400,0.0,0.0
2024-11-13 00:00:00-05:00,144.46897842689697,145.42578416210594,143.44585212373863,145.17001342773438,7161900,0.0,0.0
2024-11-14 00:00:00-05:00,145.1131564626625,145.50156832070374,142.82060136590906,143.8721466064453,7716400,0.0,0.0
2024-11-15 00:00:00-05:00,142.95323191496675,146.2973323428471,142.95323191496675,145.88998413085938,11328500,0.0,0.0
2024-11-18 00:00:00-05:00,144.55424229632624,147.14995254901564,144.30793972185305,146.61944580078125,7510600,0.0,0.0
2024-11-19 00:00:00-05:00,145.8426253286592,145.88052692880635,144.04268961274704,144.94265747070312,8233700,0.0,0.0
2024-11-20 00:00:00-05:00,144.9710709989879,145.17948642629514,143.81531797672926,145.04685974121094,9061300,0.0,0.0
2024-11-21 00:00:00-05:00,145.53002030453928,147.8415267238052,144.76267904106084,147.31101989746094,10141100,0.0,0.0
2024-11-22 00:00:00-05:00,147.68993501081812,148.8456881092974,145.99420696432256,146.99838256835938,8266000,0.0,0.0
2024-11-25 00:00:00-05:00,146.99840206065613,148.76991908927982,146.96998308358295,147.57627868652344,12256200,0.0,0.0
2024-11-26 00:00:00-05:00,148.1682890785715,148.25423006267735,146.25841171866583,147.55712890625,5683500,1.24,0.0
2024-11-27 00:00:00-05:00,147.6622142150651,149.57209211136308,147.6335672123176,148.3975067138672,4140400,0.0,0.0
2024-11-29 00:00:00-05:00,147.91048218789024,148.65533334681842,147.22292503023178,148.0250701904297,5687800,0.0,0.0
2024-12-02 00:00:00-05:00,147.77677407322818,148.0155087647843,146.99371729074375,147.82452392578125,6946500,0.0,0.0
2024-12-03 00:00:00-05:00,147.8245293244356,147.8245293244356,145.44672646406246,145.49447631835938,8674400,0.0,0.0
2024-12-04 00:00:00-05:00,144.47269377775177,144.73053134999725,143.0020943440769,143.6896514892578,10333100,0.0,0.0
2024-12-05 00:00:00-05:00,143.24082199478045,143.60370340662107,142.238133326575,142.78245544433594,7898100,0.0,0.0
2024-12-06 00:00:00-05:00,142.65829076488365,143.28855379935564,141.69380793058545,142.58189392089844,8389600,0.0,0.0
2024-12-09 00:00:00-05:00,142.5627976939758,144.0907055022871,141.75110850991754,142.8588409423828,8410300,0.0,0.0
2024-12-10 00:00:00-05:00,143.17397797729666,144.03343170417793,141.64608452597014,142.50552368164062,9398700,0.0,0.0
2024-12-11 00:00:00-05:00,141.8084287848774,141.8084287848774,139.77440423446825,140.03224182128906,13446700,0.0,0.0
2024-12-12 00:00:00-05:00,140.56698637048675,141.11130847263126,139.4306068838702,139.65025329589844,6176300,0.0,0.0
2024-12-13 00:00:00-05:00,139.09638946807885,140.30915125597272,138.50431750211118,140.01312255859375,8324900,0.0,0.0
2024-12-16 00:00:00-05:00,140.11816423961312,140.61473648915697,137.05281889096622,137.36795043945312,8732400,0.0,0.0
2024-12-17 00:00:00-05:00,137.35839187155833,140.05132624991293,137.23425973744799,139.81259155273438,10343000,0.0,0.0
2024-12-18 00:00:00-05:00,139.11548789025048,140.12773533447105,138.15100487508684,138.22740173339844,9336100,0.0,0.0
2024-12-19 00:00:00-05:00,137.64487079028004,138.67620638843644,136.90956387311863,137.110107421875,9516700,0.0,0.0
2024-12-20 00:00:00-05:00,136.60401050360704,138.9149608582862,136.31752592367584,137.96002197265625,17702800,0.0,0.0
2024-12-23 00:00:00-05:00,138.11280823490046,138.78126250451018,136.9859728336639,138.72396850585938,8720800,0.0,0.0
2024-12-24 00:00:00-05:00,138.46612820981196,139.27783203125,137.8263209521463,139.27783203125,3164100,0.0,0.0
2024-12-26 00:00:00-05:00,138.95315155650007,139.774399578355,138.5520789743678,139.02000427246094,4656300,0.0,0.0
2024-12-27 00:00:00-05:00,138.34195844534418,139.99401281165373,138.1605177692934,138.51385498046875,5588300,0.0,0.0
2024-12-30 00:00:00-05:00,138.31335940852995,138.3515651278969,136.50852530557603,136.88095092773438,6268700,0.0,0.0
2024-12-31 00:00:00-05:00,137.2820082055642,138.15100608384984,136.8522886236111,138.10325622558594,5811400,0.0,0.0
2025-01-02 00:00:00-05:00,138.6857410860019,139.20141613556785,137.30108290755868,137.5302734375,6051300,0.0,0.0
2025-01-03 00:00:00-05:00,137.57803896070294,138.05550835740775,137.1483048467009,137.692626953125,5878800,0.0,0.0
2025-01-06 00:00:00-05:00,137.0432586194585,138.29424065694192,136.489392380343,137.18650817871094,7910500,0.0,0.0
2025-01-07 00:00:00-05:00,137.2820012137064,140.5478902699118,137.11966336084586,139.6407012939453,8422000,0.0,0.0
2025-01-08 00:00:00-05:00,138.93406580051453,139.02955094778358,135.0665603414427,135.85916137695312,11175600,0.0,0.0
2025-01-10 00:00:00-05:00,134.6463670848387,137.19605186194266,134.3407796830898,135.65859985351562,8821500,0.0,0.0
2025-01-13 00:00:00-05:00,136.53715778743165,138.53299113251865,135.8973504826049,137.96002197265625,10376400,0.0,0.0
2025-01-14 00:00:00-05:00,137.98866701537875,138.28469573432943,136.42256784801805,138.22740173339844,8681700,0.0,0.0
2025-01-15 00:00:00-05:00,138.76216044958142,139.4688204365145,137.75947175376876,138.43748474121094,7434600,0.0,0.0
2025-01-16 00:00:00-05:00,137.8167768665148,141.3977974251432,137.56848344887553,141.11131286621094,8964000,0.0,0.0
2025-01-17 00:00:00-05:00,140.7961762245112,141.69382101018803,140.00357528760955,140.40464782714844,10773100,0.0,0.0
2025-01-21 00:00:00-05:00,140.91077171513027,142.1521951109424,140.4237581564577,141.47418212890625,11111700,0.0,0.0
2025-01-22 00:00:00-05:00,137.5111921066466,138.91495335843211,135.7063582930953,138.72396850585938,16834700,0.0,0.0
2025-01-23 00:00:00-05:00,138.88631803827982,141.24501832248615,138.2847018594351,140.03224182128906,10506400,0.0,0.0
2025-01-24 00:00:00-05:00,140.1945733657901,140.9776302344464,139.7839566453075,140.20413208007812,9887300,0.0,0.0
2025-01-27 00:00:00-05:00,141.76066441551183,146.53535849869652,141.3309448622672,146.00059509277344,15152300,0.0,0.0
2025-01-28 00:00:00-05:00,145.78095798819476,146.07698667928418,143.5273018793474,143.60369873046875,10320600,0.0,0.0
2025-01-29 00:00:00-05:00,143.71828488579277,145.036105051187,143.24081550079015,144.3389892578125,7156400,0.0,0.0
2025-01-30 00:00:00-05:00,145.06475799198023,147.19426745640064,144.53953873271692,145.9814910888672,8911000,0.0,0.0
2025-01-31 00:00:00-05:00,145.74276775349273,146.27753119691954,145.20800431006592,145.2939453125,8457800,0.0,0.0
2025-02-03 00:00:00-05:00,145.15069699924203,145.5995193990812,143.98567050236713,145.02655029296875,6687500,0.0,0.0
2025-02-04 00:00:00-05:00,144.53952325485915,147.23244283120735,144.147994887952,146.57354736328125,9645000,0.0,0.0
2025-02-05 00:00:00-05:00,146.88870551783992,147.75768882453178,146.4016773634581,147.71949768066406,8947000,0.0,0.0
2025-02-06 00:00:00-05:00,147.81498726339126,147.86273712306757,146.46853447627177,146.59266662597656,7418100,0.0,0.0
2025-02-07 00:00:00-05:00,146.61175852291703,147.52850621804473,145.9146572516367,146.22023010253906,6204900,0.0,0.0
2025-02-10 00:00:00-05:00,146.68813310657418,147.41388126708492,145.42760703856243,147.2897491455078,6936200,0.0,0.0
2025-02-11 00:00:00-05:00,147.16562397174783,149.3428833428539,147.0032861188648,149.0946044921875,7554500,0.0,0.0
2025-02-12 00:00:00-05:00,148.27336791873063,148.64579350898148,147.3184290133478,148.26380920410156,7746000,0.0,0.0
2025-02-13 00:00:00-05:00,148.2638051781984,151.00448967065122,147.81498273915872,150.1641387939453,10704700,0.0,0.0
2025-02-14 00:00:00-05:00,150.2023229262142,150.37421949352108,149.02775223925636,149.1136932373047,6411800,0.0,0.0
2025-02-18 00:00:00-05:00,148.37250314054714,149.6334841814593,147.5061845486089,149.19070434570312,9670700,1.24,0.0
2025-02-19 00:00:00-05:00,149.2003443544075,152.37687075242596,148.95969863770682,151.98220825195312,7974700,0.0,0.0
2025-02-20 00:00:00-05:00,151.07735350768309,153.96510163980005,151.07735350768309,153.7052001953125,7224000,0.0,0.0
2025-02-21 00:00:00-05:00,153.8977545768803,157.39192042134627,153.32019897740955,156.22720336914062,12546900,0.0,0.0
2025-02-24 00:00:00-05:00,156.5929616695029,158.70102033561508,155.9865444978259,157.61331176757812,10201900,0.0,0.0
2025-02-25 00:00:00-05:00,157.95985100517953,160.20265611249306,157.80583422463695,159.87538146972656,12303700,0.0,0.0
2025-02-26 00:00:00-05:00,158.90316232854656,158.95129440367535,156.47744968295726,156.97799682617188,11396400,0.0,0.0
2025-02-27 00:00:00-05:00,156.23681760843715,157.81545287042064,155.67851780156087,157.6036834716797,8364600,0.0,0.0
2025-02-28 00:00:00-05:00,158.16198817011426,159.73100293989833,156.61222917022448,158.84542846679688,12037200,0.0,0.0
2025-03-03 00:00:00-05:00,158.78765913218382,161.0689755816046,158.67213921282575,161.02084350585938,9191500,0.0,0.0
2025-03-04 00:00:00-05:00,161.79092740061927,163.6294641715902,159.13420401879515,159.23045349121094,11999700,0.0,0.0
2025-03-05 00:00:00-05:00,158.35448955976102,160.23153775130362,157.41116253777426,158.94166564941406,8744800,0.0,0.0
2025-03-06 00:00:00-05:00,158.82617651077697,159.6636189231766,157.39192272011454,159.6251220703125,8037900,0.0,0.0
2025-03-07 00:00:00-05:00,158.95129984256383,162.15670227623963,158.5373816077096,160.4529266357422,9637600,0.0,0.0
2025-03-10 00:00:00-04:00,161.213355740882,163.54280424610616,160.79945220628036,161.4251251220703,17559000,0.0,0.0
2025-03-11 00:00:00-04:00,160.94383380792385,161.04009795862825,158.8742867584048,159.6539764404297,9890300,0.0,0.0
2025-03-12 00:00:00-04:00,157.60368523102431,158.06573557226162,156.1598109623171,156.75662231445312,8010700,0.0,0.0
2025-03-13 00:00:00-04:00,157.3148967662903,158.38336424015475,156.5737186005587,156.89137268066406,5286700,0.0,0.0
2025-03-14 00:00:00-04:00,156.05390943004707,157.045368479261,155.07208560847505,156.7180938720703,6235800,0.0,0.0
2025-03-17 00:00:00-04:00,156.3330752082224,157.3822869293345,155.67851127016266,156.74697875976562,6669800,0.0,0.0
2025-03-18 00:00:00-04:00,157.32452784770112,158.69139359743707,156.87211277776453,158.10421752929688,7348800,0.0,0.0
2025-03-19 00:00:00-04:00,157.8346996929528,158.21010638983233,156.14055928690502,156.89137268066406,5936400,0.0,0.0
2025-03-20 00:00:00-04:00,156.90098654218272,157.09350015251783,155.871015960727,156.9202423095703,7485900,0.0,0.0
2025-03-21 00:00:00-04:00,156.9009839554719,157.98870713331098,156.40043682657515,157.50741577148438,17047100,0.0,0.0
2025-03-24 00:00:00-04:00,156.74697070710167,158.2389768997674,156.419696098809,157.1801300048828,8046400,0.0,0.0
2025-03-25 00:00:00-04:00,157.40154367149503,158.0464723853749,154.55229211897932,154.99508666992188,7456200,0.0,0.0
2025-03-26 00:00:00-04:00,155.1779571493637,156.41006177967685,154.6292779827569,155.6688690185547,7223500,0.0,0.0
2025-03-27 00:00:00-04:00,156.27532488979918,157.93096849602637,155.2838657717251,157.02613830566406,6752500,0.0,0.0
2025-03-28 00:00:00-04:00,157.46890696330888,158.36411654948375,156.81435775006014,157.5844268798828,5760300,0.0,0.0
2025-03-31 00:00:00-04:00,158.21972203009707,160.39516844686892,158.08496103251497,159.6347198486328,12481400,0.0,0.0
2025-04-01 00:00:00-04:00,154.71590704072668,155.75549807748948,147.40028762743242,147.5157928466797,23303100,0.0,0.0
2025-04-02 00:00:00-04:00,148.24735200031822,149.96074798114105,147.70830805415093,149.54684448242188,10356900,0.0,0.0
2025-04-03 00:00:00-04:00,152.81002565026958,154.6389271687397,151.58754133246984,153.83999633789062,13249300,0.0,0.0
2025-04-04 00:00:00-04:00,153.2046518435641,153.8399598917067,147.20775160367546,147.50616455078125,16601700,0.0,0.0
2025-04-07 00:00:00-04:00,145.61953061050377,146.99603170702494,141.8847044975957,144.98422241210938,18083000,0.0,0.0
2025-04-08 00:00:00-04:00,147.84310502085526,147.84310502085526,142.46227010091147,144.38743591308594,12018400,0.0,0.0
2025-04-09 00:00:00-04:00,136.87928062605533,147.45807161244494,136.2054755573344,145.32113647460938,18773700,0.0,0.0
2025-04-10 00:00:00-04:00,144.74356632852965,145.54251178964003,139.6996420173064,143.12643432617188,13830500,0.0,0.0
2025-04-11 00:00:00-04:00,143.74248066567873,146.64948461948305,142.64513694227333,146.05267333984375,9943900,0.0,0.0
2025-04-14 00:00:00-04:00,145.91791595445713,148.88267259526904,145.51363296087104,148.5842742919922,10685300,0.0,0.0
2025-04-15 00:00:00-04:00,149.87412200134395,150.45167749089057,146.40883312760283,147.8719482421875,10847700,0.0,0.0
2025-04-16 00:00:00-04:00,149.55648571702037,149.80676664655024,146.54361152502074,148.151123046875,7986900,0.0,0.0
2025-04-17 00:00:00-04:00,148.39176472867018,153.4742006265208,148.39176472867018,151.57791137695312,10981100,0.0,0.0
2025-04-21 00:00:00-04:00,152.04957141699035,152.30945817358227,149.67199094696886,151.04847717285156,6285400,0.0,0.0
2025-04-22 00:00:00-04:00,151.65491375756463,152.78113380181065,150.41317379668138,151.84742736816406,7136300,0.0,0.0
2025-04-23 00:00:00-04:00,150.63456843335868,151.2217444539283,148.5553863256519,149.56610107421875,9099400,0.0,0.0
2025-04-24 00:00:00-04:00,149.97040687347663,150.06665634313987,147.6987108219785,149.13294982910156,8310400,0.0,0.0
2025-04-25 00:00:00-04:00,148.54578478495054,149.10406988379015,146.745744960744,148.79605102539062,8643600,0.0,0.0
2025-04-28 00:00:00-04:00,149.68162825171314,149.98002657534252,148.06449616707076,149.53724670410156,5815200,0.0,0.0
2025-04-29 00:00:00-04:00,149.63348416297495,151.14474611663368,148.51688465824142,150.07627868652344,5246700,0.0,0.0
2025-04-30 00:00:00-04:00,152.28058447749746,152.28058447749746,149.2195784557302,150.4613037109375,9598200,0.0,0.0
2025-05-01 00:00:00-04:00,149.2003149162609,149.28694383209697,147.62167991369301,148.68052673339844,7325800,0.0,0.0
2025-05-02 00:00:00-04:00,150.23029447876922,150.8559673812853,149.23882074905086,150.27841186523438,5974500,0.0,0.0
2025-05-05 00:00:00-04:00,150.80781329404414,150.92331850525562,148.94040071095282,149.20030212402344,5464100,0.0,0.0
2025-05-06 00:00:00-04:00,149.02708015228183,150.06665667892136,147.93935685893055,148.69017028808594,8644200,0.0,0.0
2025-05-07 00:00:00-04:00,148.95005151506132,152.03031320155694,148.7190263806318,151.4142608642578,7853100,0.0,0.0
2025-05-08 00:00:00-04:00,149.98964908717855,151.15436597342557,148.98855481578678,149.83563232421875,7606100,0.0,0.0
2025-05-09 00:00:00-04:00,149.60460499664083,150.2206573516432,148.05484622560948,148.4495086669922,6520400,0.0,0.0
2025-05-12 00:00:00-04:00,146.33184197306454,149.54686501326165,145.52326125496006,148.3725128173828,9023800,0.0,0.0
2025-05-13 00:00:00-04:00,146.02380248964167,146.02380248964167,142.53925758100854,142.8857879638672,10549600,0.0,0.0
2025-05-14 00:00:00-04:00,143.10718516565112,143.25158140043052,140.6525960528821,140.8836212158203,10216000,0.0,0.0
2025-05-15 00:00:00-04:00,142.46224982128726,144.05050551510183,141.8173211285569,144.0120086669922,7945800,0.0,0.0
2025-05-16 00:00:00-04:00,144.0697574363664,145.8312856192595,143.63659813942314,145.6676483154297,8051200,0.0,0.0
2025-05-19 00:00:00-04:00,146.20670042818765,146.9478932943705,145.39813440390523,146.7842559814453,12639900,0.0,0.0
2025-05-20 00:00:00-04:00,146.63022467034673,148.27623286458655,146.42807584039545,147.91046142578125,7351500,0.0,0.0
2025-05-21 00:00:00-04:00,147.45804526134245,148.65163840182188,147.27515219940543,147.4484100341797,7032200,0.0,0.0
2025-05-22 00:00:00-04:00,146.93826186486518,147.58320528074356,145.70615702805415,146.89976501464844,7535300,0.0,0.0
2025-05-23 00:00:00-04:00,147.27515984115055,147.7371954457021,146.514725935996,147.2174072265625,6727300,0.0,0.0
2025-05-27 00:00:00-04:00,148.07173598904868,149.54739430031267,147.49893216707943,148.7804412841797,6990700,1.3,0.0
2025-05-28 00:00:00-04:00,148.80957534869594,149.15907651243762,147.49894228122335,147.98435974121094,8459300,0.0,0.0
2025-05-29 00:00:00-04:00,147.32420038153927,149.5474058494708,147.13973937494478,149.100830078125,6810600,0.0,0.0
2025-05-30 00:00:00-04:00,149.41148243505967,151.1687060152862,148.75132182581495,150.68328857421875,15529700,0.0,0.0
2025-06-02 00:00:00-04:00,149.97457049030925,151.00365310920873,147.85815752898998,150.86773681640625,6669300,0.0,0.0
2025-06-03 00:00:00-04:00,150.28525809293072,151.1201767695379,149.58625572117742,149.9163360595703,8209800,0.0,0.0
2025-06-04 00:00:00-04:00,150.41143150179767,150.41143150179767,148.66394067739182,148.75131225585938,6983900,0.0,0.0
2025-06-05 00:00:00-04:00,149.1979033469359,149.59594921931134,148.18824154851782,149.17849731445312,5295400,0.0,0.0
2025-06-06 00:00:00-04:00,149.50857092576155,151.47936453922725,149.50857092576155,150.50852966308594,5391500,0.0,0.0
2025-06-09 00:00:00-04:00,150.3337753429122,151.4405264270542,149.94543253300756,150.7026824951172,5319000,0.0,0.0
2025-06-10 00:00:00-04:00,150.89685974350843,152.84824735194303,150.49882869732974,151.88711547851562,6791600,0.0,0.0
2025-06-11 00:00:00-04:00,151.7414880500525,152.03274146402853,150.21727024471093,150.7318115234375,6016000,0.0,0.0
2025-06-12 00:00:00-04:00,151.6832545257475,152.11040945062305,150.64445404189198,152.09100341796875,7075500,0.0,0.0
2025-06-13 00:00:00-04:00,151.4211098589502,153.07152610979966,151.4211098589502,152.51815795898438,6587500,0.0,0.0
2025-06-16 00:00:00-04:00,151.8579920720398,151.9356606410736,149.94544614915642,150.6929931640625,7024000,0.0,0.0
2025-06-17 00:00:00-04:00,150.45029579748117,150.7512522666013,147.6640041867375,147.9358367919922,6407100,0.0,0.0
2025-06-18 00:00:00-04:00,148.12030149702744,148.1979552600932,146.3145478235386,146.33395385742188,8325200,0.0,0.0
2025-06-20 00:00:00-04:00,146.8484847191876,146.98440101548601,144.69323001090936,145.42135620117188,22605500,0.0,0.0
2025-06-23 00:00:00-04:00,145.3728023237102,147.01350062486947,145.3728023237102,146.90672302246094,7397900,0.0,0.0
2025-06-24 00:00:00-04:00,147.08147961624732,148.26589931707005,146.57664134693826,147.75135803222656,9544200,0.0,0.0
2025-06-25 00:00:00-04:00,146.96498441839879,148.60569768604995,146.33393287727532,147.83872985839844,7153700,0.0,0.0
2025-06-26 00:00:00-04:00,148.24649286087973,148.75133117918787,147.11061775501065,147.5766143798828,7156900,0.0,0.0
2025-06-27 00:00:00-04:00,147.57662293227568,148.8581322421475,146.60578793283332,147.9649658203125,10010800,0.0,0.0
2025-06-30 00:00:00-04:00,147.72223965966626,148.5086135463286,147.10090592580522,148.29502868652344,9039300,0.0,0.0
2025-07-01 00:00:00-04:00,148.53773775923037,153.1492034739777,148.35327676043812,151.37257385253906,10896700,0.0,0.0
2025-07-02 00:00:00-04:00,151.45024100569117,151.74149443191655,150.54737167953348,151.0230712890625,5544000,0.0,0.0
2025-07-03 00:00:00-04:00,150.89685966551806,151.72207524655835,150.36291232765473,151.45994567871094,3482500,0.0,0.0
2025-07-07 00:00:00-04:00,151.46965750988292,151.79003478817216,150.37260938850739,150.7415313720703,6270900,0.0,0.0
2025-07-08 00:00:00-04:00,149.97456187968828,152.18806412896572,149.71244713889567,151.24635314941406,6438200,0.0,0.0
2025-07-09 00:00:00-04:00,151.24634677290405,152.12010698000068,150.5473593464955,151.72206115722656,6147400,0.0,0.0
2025-07-10 00:00:00-04:00,151.54734881194418,154.59577010705152,151.27551619814605,153.09097290039062,6732900,0.0,0.0
2025-07-11 00:00:00-04:00,152.50845086934666,152.59582245503373,150.6541526552419,152.32398986816406,7872000,0.0,0.0
2025-07-14 00:00:00-04:00,152.2948677851747,152.8773746574223,150.98424954326526,152.246337890625,10185600,0.0,0.0
2025-07-15 00:00:00-04:00,151.7997662737174,152.6055611283416,150.28526599322544,150.64447021484375,6873200,0.0,0.0
2025-07-16 00:00:00-04:00,155.62483084994489,161.2750820257859,155.13941342047767,159.9741668701172,22134800,0.0,0.0
2025-07-17 00:00:00-04:00,158.42084860807233,159.8965219598269,157.56652387917572,158.2266845703125,11295700,0.0,0.0
2025-07-18 00:00:00-04:00,159.14896232362338,160.28485222326432,158.59559411890905,158.92567443847656,9792600,0.0,0.0
2025-07-21 00:00:00-04:00,158.993632484751,160.1100866715211,158.03250062035818,159.56642150878906,8254000,0.0,0.0
2025-07-22 00:00:00-04:00,160.18776361914905,163.1585161378835,159.90622800720854,163.0323028564453,9288000,0.0,0.0
2025-07-23 00:00:00-04:00,163.68278015192368,164.187603665121,161.7313924018662,164.16819763183594,10617600,0.0,0.0
2025-07-24 00:00:00-04:00,164.5565136294213,165.03222805782448,163.95460073885116,164.61476135253906,6636900,0.0,0.0
2025-07-25 00:00:00-04:00,164.79921759495198,164.92543086724078,162.55659143705802,163.39151000976562,6254900,0.0,0.0
2025-07-28 00:00:00-04:00,162.96436116557317,163.0420297420208,160.23631722807772,161.3721923828125,8014600,0.0,0.0
2025-07-29 00:00:00-04:00,161.80904196073075,163.85750407777874,161.5177885442579,163.20704650878906,7663400,0.0,0.0
2025-07-30 00:00:00-04:00,162.809020951837,163.6924843268324,161.9158545601304,162.38185119628906,6189200,0.0,0.0
2025-07-31 00:00:00-04:00,161.09064497984332,162.1974111047723,159.44022843705955,159.93536376953125,11036200,0.0,0.0
2025-08-01 00:00:00-04:00,160.65376326107594,162.73134946001136,159.98388477586158,162.44981384277344,8927800,0.0,0.0
2025-08-04 00:00:00-04:00,162.15854746259484,166.19722408485885,161.77992245511788,166.0515899658203,12679100,0.0,0.0
2025-08-05 00:00:00-04:00,165.56618188142107,166.55643765450975,164.70213938920838,165.76036071777344,7934400,0.0,0.0
2025-08-06 00:00:00-04:00,164.95453978256185,167.1583240506521,164.73123711893447,165.6147003173828,8957200,0.0,0.0
2025-08-07 00:00:00-04:00,166.17781206743317,166.61468482022772,164.96426841313416,166.52731323242188,9315900,0.0,0.0
2025-08-08 00:00:00-04:00,166.0322147091059,168.88647213164217,165.42058388605747,168.27484130859375,7686800,0.0,0.0
2025-08-11 00:00:00-04:00,168.34277035231864,169.5077841152882,168.00298701625698,168.7505340576172,7256800,0.0,0.0
2025-08-12 00:00:00-04:00,168.92527979892805,169.66310902141603,166.79914890711837,167.74085998535156,7916700,0.0,0.0
2025-08-13 00:00:00-04:00,167.9544392779886,169.4495185199788,167.6631858424992,169.33302307128906,5878700,0.0,0.0
2025-08-14 00:00:00-04:00,169.22622173103392,170.5951024361437,167.68259786208765,169.624267578125,8241700,0.0,0.0
2025-08-15 00:00:00-04:00,170.449495579225,172.09991199561782,169.85728568003967,171.48828125,9477600,0.0,0.0
2025-08-18 00:00:00-04:00,171.35235838112257,172.39115882582487,170.9640303499574,171.10964965820312,9284000,0.0,0.0
2025-08-19 00:00:00-04:00,170.90576208507196,172.98334809108246,170.84751436372582,172.61444091796875,9274200,0.0,0.0
2025-08-20 00:00:00-04:00,173.2940346699762,175.34249696086658,172.80861720591466,173.62411499023438,9030000,0.0,0.0
2025-08-21 00:00:00-04:00,173.3425643901903,174.82794051667685,172.96393939351262,173.7114715576172,8859600,0.0,0.0
2025-08-22 00:00:00-04:00,174.78910026019443,175.87644536794448,172.2940623933668,174.06097412109375,9524000,0.0,0.0
2025-08-25 00:00:00-04:00,174.2842770602839,175.0026853711147,173.09013952448566,173.20664978027344,6229100,0.0,0.0
2025-08-26 00:00:00-04:00,172.85460628408944,173.2555738744088,171.89620868497286,172.600341796875,9145000,1.3,0.0
2025-08-27 00:00:00-04:00,173.06976327786126,173.77389640758565,172.27761723754656,172.8937225341797,5951100,0.0,0.0
2025-08-28 00:00:00-04:00,172.48295893045014,172.6003243855948,170.78131651709248,171.58323669433594,6424700,0.0,0.0
2025-08-29 00:00:00-04:00,172.0917849589202,173.50005107682512,171.5832411002324,173.2653350830078,6942300,0.0,0.0
2025-09-02 00:00:00-04:00,173.55873354113072,175.25060183119652,172.99151439109417,174.13572692871094,9049000,0.0,0.0
2025-09-03 00:00:00-04:00,173.754312735633,174.36064372340013,172.63943789740028,174.07704162597656,7111700,0.0,0.0
2025-09-04 00:00:00-04:00,174.0770522777431,174.9572111798103,173.6369728267095,174.82029724121094,7854800,0.0,0.0
2025-09-05 00:00:00-04:00,174.07704256383926,175.5537581707923,172.66877646111618,174.49755859375,9733800,0.0,0.0
2025-09-08 00:00:00-04:00,173.4511286011158,175.49506309779943,172.8056708897954,174.20416259765625,8382500,0.0,0.0
2025-09-09 00:00:00-04:00,174.07705515729546,174.16506806445807,172.5612126475493,173.0599822998047,6005700,0.0,0.0
2025-09-10 00:00:00-04:00,172.4145258819289,172.7176914018626,170.48794153380138,171.91575622558594,6891600,0.0,0.0
2025-09-11 00:00:00-04:00,171.87664726535147,174.90833236108057,171.75929671951704,174.5660400390625,5792500,0.0,0.0
2025-09-12 00:00:00-04:00,173.79344954468033,174.8594234144472,172.82526281785073,174.13572692871094,7220200,0.0,0.0
2025-09-15 00:00:00-04:00,173.84233142809236,175.04523412922416,173.03062205669843,173.49026489257812,4768100,0.0,0.0
2025-09-16 00:00:00-04:00,173.65653641793406,173.7054225283811,171.7788382257642,172.5709991455078,7959300,0.0,0.0
2025-09-17 00:00:00-04:00,172.81548641822724,174.57580419407594,172.69812095667075,173.294677734375,6714900,0.0,0.0
2025-09-18 00:00:00-04:00,172.70789746828765,173.11863924740493,170.03805352027734,170.32167053222656,8200900,0.0,0.0
2025-09-19 00:00:00-04:00,170.8400043448543,173.25556913608068,169.50997682791382,172.30694580078125,25621000,0.0,0.0
2025-09-22 00:00:00-04:00,172.20913129583226,172.74701277532031,170.2825471290745,170.37057495117188,7193900,0.0,0.0
2025-09-23 00:00:00-04:00,171.03556779557914,173.0697280988088,170.9768925337789,172.68832397460938,8350400,0.0,0.0
2025-09-24 00:00:00-04:00,172.25801700584756,173.05016287678217,171.86683864964456,172.7958984375,6676800,0.0,0.0
2025-09-25 00:00:00-04:00,173.2946854062595,174.46823561627923,172.03312228805095,173.81300354003906,8475000,0.0,0.0
2025-09-26 00:00:00-04:00,174.66382193974036,175.94494832549813,173.41203318705345,175.74935913085938,8634400,0.0,0.0
2025-09-29 00:00:00-04:00,175.86672025116357,177.861754032588,175.83738261632647,177.6172637939453,8597100,0.0,0.0
2025-09-30 00:00:00-04:00,177.69549554924257,181.8909562377616,177.07939031912738,181.33351135253906,11569000,0.0,0.0
2025-10-01 00:00:00-04:00,181.90071445249654,182.44837012991513,179.85677989838146,181.94961547851562,13063800,0.0,0.0
2025-10-02 00:00:00-04:00,180.1306211004154,182.47772129847561,180.03281904112157,181.88116455078125,7728100,0.0,0.0
2025-10-03 00:00:00-04:00,182.9373639295453,185.59741877662566,182.79067576325374,184.4825439453125,8675100,0.0,0.0
2025-10-06 00:00:00-04:00,183.8566604823808,185.7343437349051,183.2405403023728,184.0131378173828,5806100,0.0,0.0
2025-10-07 00:00:00-04:00,179.71989528827223,185.05955393640858,178.908185875973,184.72705078125,8776800,0.0,0.0
2025-10-08 00:00:00-04:00,184.70746433960892,186.0277174802343,184.12069677238543,185.5093994140625,5751200,0.0,0.0
2025-10-09 00:00:00-04:00,185.81257482959435,187.86629873092122,185.54852120285247,186.8687744140625,7484800,0.0,0.0
2025-10-10 00:00:00-04:00,187.77825603642958,187.83694622189063,185.6658719572771,186.51669311523438,9598000,0.0,0.0
2025-10-13 00:00:00-04:00,185.64632333935597,187.08392708636944,185.1084418485517,186.69273376464844,7979500,0.0,0.0
2025-10-14 00:00:00-04:00,188.66821591723416,190.1155938776849,181.78337771502342,186.6438446044922,13613300,0.0,0.0
2025-10-15 00:00:00-04:00,187.25995260668918,189.303902268661,185.1280049658996,186.956787109375,9473000,0.0,0.0
2025-10-16 00:00:00-04:00,187.12302547097968,188.79534509049853,186.23307751601646,187.88583374023438,10611800,0.0,0.0
2025-10-17 00:00:00-04:00,188.2574758352493,189.33323880902185,187.45554072343714,188.96160888671875,7764400,0.0,0.0
2025-10-20 00:00:00-04:00,189.23542420173737,190.19382165505388,188.09121179958947,189.45057678222656,8034700,0.0,0.0
2025-10-21 00:00:00-04:00,188.75622395203504,189.28433118348556,187.54356201203515,187.65113830566406,6716000,0.0,0.0
2025-10-22 00:00:00-04:00,187.7685042274453,189.18654463424633,187.55335162255136,188.6877899169922,6343100,0.0,0.0
2025-10-23 00:00:00-04:00,188.31616232011413,189.72442850694094,187.31863795069512,188.2281494140625,8882500,0.0,0.0
2025-10-24 00:00:00-04:00,187.96408322637888,188.0716595229833,185.24535310037527,186.20375061035156,6903400,0.0,0.0
2025-10-27 00:00:00-04:00,185.8028067822911,186.59495276640675,185.35293817813286,186.10597229003906,7126000,0.0,0.0
2025-10-28 00:00:00-04:00,185.0888771601165,185.3333673885486,182.5070609447738,182.8102264404297,8329500,0.0,0.0
2025-10-29 00:00:00-04:00,182.58530545154946,182.97649878305907,180.59027168959963,182.48751831054688,10551100,0.0,0.0
2025-10-30 00:00:00-04:00,182.95694530315623,185.2062585831377,182.79069372419028,184.88352966308594,7072500,0.0,0.0
2025-10-31 00:00:00-04:00,183.32856020199483,185.32359390824723,182.64397562159022,184.7074737548828,8791700,0.0,0.0
2025-11-03 00:00:00-05:00,184.83461711915595,184.86395475347013,181.43131723621426,182.15499877929688,7542600,0.0,0.0
2025-11-04 00:00:00-05:00,182.71243787931192,183.68062454846097,181.52909861701866,182.7417755126953,7209400,0.0,0.0
2025-11-05 00:00:00-05:00,182.52663600503,183.6904119543333,181.3139590224156,181.90074157714844,5049400,0.0,0.0
2025-11-06 00:00:00-05:00,182.64397162146273,183.38723145305244,181.28460657250142,182.84934997558594,6767400,0.0,0.0
2025-11-07 00:00:00-05:00,183.6023881426973,184.1989448996594,181.607339513103,182.4581756591797,6959200,0.0,0.0
2025-11-10 00:00:00-05:00,181.9007248187872,184.26738837250383,181.04011446379977,184.2576141357422,5323800,0.0,0.0
2025-11-11 00:00:00-05:00,185.2160176409071,189.64617940511584,184.88351451022683,189.55816650390625,7465600,0.0,0.0
2025-11-12 00:00:00-05:00,189.09852116392503,191.2402579332056,188.8149190674103,190.10581970214844,8803000,0.0,0.0
2025-11-13 00:00:00-05:00,189.92979610949115,191.68033958366678,189.18653626274676,190.94686889648438,8631600,0.0,0.0
2025-11-14 00:00:00-05:00,190.7023809412554,192.8343286012861,189.2843405802947,191.61187744140625,8824800,0.0,0.0
2025-11-17 00:00:00-05:00,192.6192044832797,195.86602723274726,191.58255329183768,195.18145751953125,13257000,0.0,0.0
2025-11-18 00:00:00-05:00,194.62399168982054,195.88556959674344,194.1545746400929,195.59217834472656,12468600,0.0,0.0
2025-11-19 00:00:00-05:00,195.59216814431014,198.99546769172164,194.98583719826217,198.04684448242188,14690800,0.0,0.0
2025-11-20 00:00:00-05:00,197.54810286679177,200.00277936694775,197.12758684032048,198.5945281982422,10612600,0.0,0.0
2025-11-21 00:00:00-05:00,199.46492493399532,202.37924443061647,198.51630160439882,199.40623474121094,13189100,0.0,0.0
2025-11-24 00:00:00-05:00,199.2204251313988,201.57729960220274,198.52606631385947,201.50885009765625,14803900,0.0,0.0
2025-11-25 00:00:00-05:00,201.93204890821323,204.43184980513072,201.93204890821323,203.39846801757812,10275300,1.3,0.0
2025-11-26 00:00:00-05:00,203.22131396059922,204.52041084092286,202.68001733661194,204.2743682861328,6729000,0.0,0.0
2025-11-28 00:00:00-05:00,203.723236152328,204.17596106247692,201.39075752943597,203.64450073242188,5638300,0.0,0.0
2025-12-01 00:00:00-05:00,203.23114910855648,204.41215036142825,202.08950805664062,202.08950805664062,8473700,0.0,0.0
2025-12-02 00:00:00-05:00,201.99109997809214,202.35523815148406,199.88497632238054,202.16824340820312,8393600,0.0,0.0
2025-12-03 00:00:00-05:00,202.6406353348706,203.74291615515872,201.7450518785209,202.0796661376953,8363300,0.0,0.0
2025-12-04 00:00:00-05:00,201.35139543875005,201.61712562110287,198.51699522355807,199.27479553222656,9049900,0.0,0.0
2025-12-05 00:00:00-05:00,199.7668717489871,200.2294329646455,197.63122412342938,198.73348999023438,7785300,0.0,0.0
2025-12-08 00:00:00-05:00,199.45193591844364,200.04242902685974,197.80837348995507,198.4283905029297,7785700,0.0,0.0
2025-12-09 00:00:00-05:00,199.70781308614636,202.28633417756814,196.74546622144234,196.794677734375,7509400,0.0,0.0
2025-12-10 00:00:00-05:00,197.41469808815052,203.5264016771889,197.01118469940698,203.2705078125,11599800,0.0,0.0
2025-12-11 00:00:00-05:00,204.60897767896304,207.89611754570484,204.54009357423172,206.68557739257812,9009000,0.0,0.0
2025-12-12 00:00:00-05:00,206.95131907907103,208.90982328382495,205.65222215734576,208.23074340820312,6922700,0.0,0.0
2025-12-15 00:00:00-05:00,207.020201869705,211.78358190224785,205.7014024249555,210.77972412109375,8467000,0.0,0.0
2025-12-16 00:00:00-05:00,210.61241313043203,211.33085313861852,205.50456762418247,205.98681640625,9949800,0.0,0.0
2025-12-17 00:00:00-05:00,206.0753812226996,208.17166838785204,205.16011021761543,207.00050354003906,8457600,0.0,0.0
2025-12-18 00:00:00-05:00,206.4789006202035,207.71894960387675,204.47118510311947,205.01248168945312,7499900,0.0,0.0
2025-12-19 00:00:00-05:00,204.27437545387346,205.9277892890467,202.76859616710203,203.10321044921875,24803900,0.0,0.0
2025-12-22 00:00:00-05:00,202.86699735291168,204.78612613749658,202.24696535433628,204.0381622314453,8187800,0.0,0.0
2025-12-23 00:00:00-05:00,201.77458850774815,203.26068017644639,200.06212686952762,202.52255249023438,7047300,0.0,0.0
2025-12-24 00:00:00-05:00,202.73906868364486,204.64836134488127,202.31588269030175,204.4908905029297,2376500,0.0,0.0
2025-12-26 00:00:00-05:00,204.24483869267678,204.74676008426138,203.43782694440864,204.34326171875,2316700,0.0,0.0
2025-12-29 00:00:00-05:00,204.70740558532265,206.1541370088678,204.09722485496195,204.2743682861328,4348900,0.0,0.0
2025-12-30 00:00:00-05:00,204.22513661756275,204.40229504849634,203.25081780778308,203.6346435546875,3937400,0.0,0.0
2025-12-31 00:00:00-05:00,203.63466628756984,204.21532312025465,203.10320595268348,203.6740264892578,4083800,0.0,0.0
2026-01-02 00:00:00-05:00,203.54607900663632,204.10704818695953,200.4557702982002,204.06768798828125,6325500,0.0,0.0
2026-01-05 00:00:00-05:00,202.6111087313451,202.68000785174,197.72963308240787,201.0758056640625,9477000,0.0,0.0
2026-01-06 00:00:00-05:00,201.36123804146013,203.43783785814668,200.88882551165975,201.5482177734375,8107900,0.0,0.0
2026-01-07 00:00:00-05:00,202.01076455260576,204.96327507524262,201.78440961736555,204.20547485351562,7545900,0.0,0.0
2026-01-08 00:00:00-05:00,203.6543250611801,205.67187690313673,201.72535994719092,202.49301147460938,6557800,0.0,0.0
2026-01-09 00:00:00-05:00,202.65049925535806,203.4279871432506,200.78056677486651,201.15455627441406,6154300,0.0,0.0
2026-01-12 00:00:00-05:00,202.2962039964493,206.57733570281036,200.62311752440314,206.4001922607422,11794300,0.0,0.0
2026-01-13 00:00:00-05:00,206.58717261624787,210.99625095714939,205.5537908911432,210.26795959472656,11379600,0.0,0.0
2026-01-14 00:00:00-05:00,211.33085581905067,215.3954834155094,210.76003531994849,215.09039306640625,11858800,0.0,0.0
2026-01-15 00:00:00-05:00,214.7754540862871,216.27139696408693,212.49218707861442,216.09425354003906,8492100,0.0,0.0
2026-01-16 00:00:00-05:00,215.57262862976077,216.62569792580305,214.68688147872595,215.1986541748047,10021500,0.0,0.0
2026-01-20 00:00:00-05:00,213.6535022600511,215.2675407658023,211.10450508023746,214.7557830810547,14057100,0.0,0.0
2026-01-21 00:00:00-05:00,207.65991685181098,215.2183369488501,207.16783174078773,214.55894470214844,14762900,0.0,0.0
2026-01-22 00:00:00-05:00,215.30692327179185,218.65309601347732,214.6475310263463,215.03135681152344,13160000,0.0,0.0
2026-01-23 00:00:00-05:00,216.3206133966017,217.70829698551927,214.39163319315116,216.6552276611328,6950600,0.0,0.0
2026-01-26 00:00:00-05:00,216.7241195858665,218.51530148499805,216.51743724272882,217.98385620117188,6856700,0.0,0.0
2026-01-27 00:00:00-05:00,218.48578357321077,221.9303792601758,217.20635931460325,220.8871612548828,8154100,0.0,0.0
2026-01-28 00:00:00-05:00,222.81613770071385,224.95180034983713,222.5012110309432,224.11524963378906,9026500,0.0,0.0
2026-01-29 00:00:00-05:00,225.18797472711546,226.3591396349424,223.4853645338204,223.69203186035156,9645300,0.0,0.0
2026-01-30 00:00:00-05:00,224.6466706191826,224.88287685885288,221.76305931894166,223.6526641845703,11045500,0.0,0.0
2026-02-02 00:00:00-05:00,224.70576348874965,227.53032736107303,223.65269409047434,227.0972900390625,8187500,0.0,0.0
2026-02-03 00:00:00-05:00,227.83540162689715,231.47682836867276,226.83154381662808,229.4100799560547,9346600,0.0,0.0
2026-02-04 00:00:00-05:00,231.27998605513156,232.09684908454457,229.25259794183296,230.7583770751953,8641400,0.0,0.0
2026-02-05 00:00:00-05:00,231.2799897072634,235.78749088320203,231.27015341178193,234.02581787109375,10267500,0.0,0.0
2026-02-06 00:00:00-05:00,235.17731542623193,237.125968199395,234.21281782672844,236.19100952148438,8274000,0.0,0.0
2026-02-09 00:00:00-05:00,236.44688027649968,236.9291290597546,233.28768746417705,234.86236572265625,9378500,0.0,0.0
2026-02-10 00:00:00-05:00,236.1811678557945,236.69294058079808,234.1144193808212,234.5769805908203,6723300,0.0,0.0
2026-02-11 00:00:00-05:00,235.55129826274083,237.4409032943991,233.6420056217357,237.0472412109375,6803900,0.0,0.0
2026-02-12 00:00:00-05:00,236.67323795430343,242.45032705605877,235.8858988159272,240.67881774902344,10254300,0.0,0.0
2026-02-13 00:00:00-05:00,240.71819063332237,241.0724925134001,238.76953780151774,239.5962371826172,13268500,0.0,0.0
2026-02-17 00:00:00-05:00,240.26547331078993,240.61977517991008,238.04123907016248,239.47813415527344,12703000,0.0,0.0
2026-02-18 00:00:00-05:00,239.38956433634297,241.1905976005163,238.97621465530662,241.1118621826172,8129700,0.0,0.0
2026-02-19 00:00:00-05:00,240.74770670245476,243.05067635662348,240.4032561468311,243.00146484375,7553900,0.0,0.0
2026-02-20 00:00:00-05:00,242.56842126641303,242.97193463736588,236.47640555492436,238.65142822265625,13565800,0.0,0.0
2026-02-23 00:00:00-05:00,239.77340219692624,242.90305637560647,238.7597080434106,241.9484100341797,9622700,0.0,0.0
2026-02-24 00:00:00-05:00,242.74983087068327,244.62968897361037,241.9484024234396,243.6699676513672,7246300,1.3,0.0
2026-02-25 00:00:00-05:00,242.26501930596683,244.62968992113937,241.13710142042595,242.5717315673828,7698200,0.0,0.0
2026-02-26 00:00:00-05:00,242.51237425588351,242.86855965236887,239.4551250760139,240.88975524902344,7172600,0.0,0.0
2026-02-27 00:00:00-05:00,241.44381655451372,246.3017849576054,239.93003240320007,245.79718017578125,16428600,0.0,0.0
2026-03-02 00:00:00-05:00,246.54912469567304,249.04242234613034,244.2537044562187,245.92579650878906,9042400,0.0,0.0
2026-03-03 00:00:00-05:00,243.84805926874753,245.25300850282142,241.7703087256774,244.13497924804688,6178700,0.0,0.0
2026-03-04 00:00:00-05:00,243.1455911306439,243.95690818284584,240.6028202250193,242.7003631591797,5768000,0.0,0.0
2026-03-05 00:00:00-05:00,240.05866070262033,240.42473468568537,233.42965388259424,237.0904541015625,9375400,0.0,0.0
2026-03-06 00:00:00-05:00,235.59644388499382,238.23814591204697,232.93494958702288,237.85227966308594,7179800,0.0,0.0
2026-03-09 00:00:00-04:00,238.3172853623119,241.5031614171852,237.49607978572496,240.01905822753906,7844000,0.0,0.0
2026-03-10 00:00:00-04:00,239.732151823879,242.40353469704283,238.26784082105456,241.12721252441406,7214100,0.0,0.0
2026-03-11 00:00:00-04:00,240.29608691960013,241.10740390076984,238.80209516039704,240.41482543945312,6933200,0.0,0.0
2026-03-12 00:00:00-04:00,238.9010440853151,241.80987365541034,237.75333399538243,239.47488403320312,7710200,0.0,0.0
2026-03-13 00:00:00-04:00,241.6218975517249,242.98726220669954,238.94061117286776,238.9604034423828,6415300,0.0,0.0
2026-03-16 00:00:00-04:00,241.3349607287423,242.4628785296478,239.1088059824489,240.61270141601562,7571500,0.0,0.0
2026-03-17 00:00:00-04:00,240.99857884994995,241.55264164150105,234.70598053704475,235.5865478515625,7281800,0.0,0.0
2026-03-18 00:00:00-04:00,235.349078713635,236.57594278395305,232.9250465260699,234.7653350830078,6811500,0.0,0.0
2026-03-19 00:00:00-04:00,235.81410287893596,236.72435103784144,233.80561773863002,235.0819549560547,7511500,0.0,0.0
2026-03-20 00:00:00-04:00,234.32011361954207,235.76463230802105,232.01480479225953,232.87557983398438,17156600,0.0,0.0
2026-03-23 00:00:00-04:00,234.88406082839504,235.78442039461373,231.7674501417346,232.925048828125,7313700,0.0,0.0
2026-03-24 00:00:00-04:00,231.65861261497415,233.49890116874656,229.77875461897233,232.77664184570312,9046200,0.0,0.0
2026-03-25 00:00:00-04:00,234.29043431536925,238.90105200048887,233.2317667584392,237.3872528076172,6456400,0.0,0.0
2026-03-26 00:00:00-04:00,237.45653008741147,239.0890376929306,236.3978624775069,236.70458984375,5171400,0.0,0.0
2026-03-27 00:00:00-04:00,238.63391169766768,240.10811126821832,236.59574564385582,237.90174865722656,7617600,0.0,0.0
2026-03-30 00:00:00-04:00,240.90953765922094,241.62190842303258,237.96110834902544,239.92013549804688,7241300,0.0,0.0
2026-03-31 00:00:00-04:00,240.43461907362286,242.73003938495026,240.0784336838334,241.84947204589844,7554200,0.0,0.0
2026-04-01 00:00:00-04:00,242.99717824988343,244.58021265880902,241.1568896154117,241.53285217285156,6314600,0.0,0.0
2026-04-02 00:00:00-04:00,242.5123641523277,244.59011472810894,239.30669571751412,240.46429443359375,6878700,0.0,0.0
2026-04-06 00:00:00-04:00,240.0784175573595,240.93920766482614,237.9512090454724,238.41622924804688,4442400,0.0,0.0
2026-04-07 00:00:00-04:00,238.22825540792763,238.22825540792763,233.50880278778567,235.8833770751953,6241100,0.0,0.0
2026-04-08 00:00:00-04:00,234.13213423473948,238.77243293320464,231.42116679227811,238.7427520751953,8771100,0.0,0.0
2026-04-09 00:00:00-04:00,238.7427511835681,241.61201149233705,237.9907958579282,238.7526397705078,6216500,0.0,0.0
2026-04-10 00:00:00-04:00,239.43532307826192,239.69256220529843,235.38867186110593,235.93284606933594,7354500,0.0,0.0
2026-04-13 00:00:00-04:00,235.19079033309842,235.8635765445355,232.68758901903882,235.43814086914062,7663600,0.0,0.0
2026-04-14 00:00:00-04:00,232.5193972079424,239.62331259842583,230.77805483364233,237.5554656982422,10318700,0.0,0.0
2026-04-15 00:00:00-04:00,237.3971547010872,237.8720635067345,234.24095942154312,236.14060974121094,6463500,0.0,0.0
2026-04-16 00:00:00-04:00,234.90386545418738,235.61623623667953,229.66003084303983,232.05438232421875,8668900,0.0,0.0
2026-04-17 00:00:00-04:00,231.87629665489436,233.0437839864675,229.58087633934963,231.6981964111328,8946300,0.0,0.0
2026-04-20 00:00:00-04:00,232.32152567058696,232.7667536363879,227.09748331847635,228.2451934814453,7810500,0.0,0.0
2026-04-21 00:00:00-04:00,226.91937872287346,227.25577181512992,222.31864987835766,223.76318359375,11681200,0.0,0.0
2026-04-22 00:00:00-04:00,223.7829810531976,225.06920692516337,221.40842182578342,223.70384216308594,9003400,0.0,0.0
2026-04-23 00:00:00-04:00,224.8416507297823,228.93777524810503,224.62398103726102,228.2056121826172,7097600,0.0,0.0
2026-04-24 00:00:00-04:00,226.6027733404394,227.55260604771448,224.61408045271432,225.0889892578125,6067500,0.0,0.0
2026-04-27 00:00:00-04:00,223.37733983631023,225.49465994910125,221.972390518204,222.95188903808594,7897800,0.0,0.0
2026-04-28 00:00:00-04:00,225.31655381218496,228.58158401963007,223.97096624596244,225.37591552734375,7179800,0.0,0.0
2026-04-29 00:00:00-04:00,223.12997454989514,226.2861697879244,222.47696551504524,224.94058227539062,7071100,0.0,0.0
2026-04-30 00:00:00-04:00,225.53421985117495,228.71020743451083,225.3957041523519,227.41409301757812,8157200,0.0,0.0
2026-05-01 00:00:00-04:00,226.63244949097316,227.33493164601464,224.61407578841013,224.7822723388672,6863600,0.0,0.0
2026-05-04 00:00:00-04:00,223.12007375353997,224.66355379145187,221.2105348477109,221.82395935058594,8215200,0.0,0.0
2026-05-05 00:00:00-04:00,223.00135999434525,224.12927789209027,222.51654748413543,223.15966796875,5556700,0.0,0.0
2026-05-06 00:00:00-04:00,222.86284542864004,223.94129020275372,220.58721735046336,222.23951721191406,7982300,0.0,0.0
2026-05-07 00:00:00-04:00,222.39781787364097,222.39781787364097,218.29180491973372,220.15187072753906,7269700,0.0,0.0
2026-05-08 00:00:00-04:00,220.5773139289545,221.00274959951292,218.578717393272,218.9744873046875,5550600,0.0,0.0
2026-05-11 00:00:00-04:00,218.97449324390374,220.91371302266228,218.034549114472,219.08331298828125,6223200,0.0,0.0
2026-05-12 00:00:00-04:00,220.63667479230432,225.23738865385062,219.30097587916978,221.88331604003906,8632500,0.0,0.0
2026-05-13 00:00:00-04:00,223.42680175059942,228.35402025227188,223.0508241008666,227.97804260253906,7464500,0.0,0.0
2026-05-14 00:00:00-04:00,228.55191184757024,229.30385209662222,226.73141539381513,228.35403442382812,6974400,0.0,0.0
2026-05-15 00:00:00-04:00,228.324343449484,229.6798195939985,224.0402302332647,224.307373046875,12167000,0.0,0.0
2026-05-18 00:00:00-04:00,224.30737192600984,227.26567474324526,223.46637404521803,226.4939422607422,10141600,0.0,0.0
2026-05-19 00:00:00-04:00,226.5137209227187,228.40348257147707,225.62324996765844,227.56248474121094,9677900,0.0,0.0
2026-05-20 00:00:00-04:00,229.2345877493695,229.54130000194294,226.74129009113187,226.88970947265625,7353800,0.0,0.0
2026-05-21 00:00:00-04:00,226.88970696918975,229.43246262946704,224.94058353722363,229.27415466308594,5239000,0.0,0.0
2026-05-22 00:00:00-04:00,230.53071103197314,233.0042165151488,230.25367962562382,231.85650634765625,5462300,0.0,0.0
2026-05-26 00:00:00-04:00,231.85650632452897,232.0953339431715,227.9557463234551,229.0503387451172,6619600,1.34,0.0
2026-05-27 00:00:00-04:00,228.85132348090337,231.74704572535882,227.89604337347495,230.15489196777344,5835500,0.0,0.0
2026-05-28 00:00:00-04:00,228.90107206919134,230.7320381891827,228.60254135347682,229.66729736328125,7193400,0.0,0.0
2026-05-29 00:00:00-04:00,230.09517449736785,230.36385365376995,223.48776262843438,224.22413635253906,13897700,0.0,0.0
2026-06-01 00:00:00-04:00,222.10459450044488,223.3385143974124,219.75617610550876,222.41307067871094,8041000,0.0,0.0
2026-06-02 00:00:00-04:00,221.48763589098954,224.39330345287865,220.08455216761314,221.79611206054688,5669000,0.0,0.0
2026-06-03 00:00:00-04:00,221.35827776443833,223.82610240207563,220.91048926891716,222.1444091796875,6507200,0.0,0.0
2026-06-04 00:00:00-04:00,225.97549994238426,227.5477475509985,224.79133771170055,227.05020141601562,7274800,0.0,0.0
2026-06-05 00:00:00-04:00,228.87122983792332,234.06561287765282,227.87613753428016,231.6276397705078,8034900,0.0,0.0
2026-06-08 00:00:00-04:00,231.62763678757383,233.7969306933057,229.42847614392605,231.0206298828125,7559800,0.0,0.0
2026-06-09 00:00:00-04:00,231.23954685180908,236.5433904796373,229.2792138627353,235.8368682861328,8354500,0.0,0.0
2026-06-10 00:00:00-04:00,237.67779864975017,239.7475772433621,235.886629497679,237.31956481933594,8350800,0.0,0.0
2026-06-11 00:00:00-04:00,238.822141602048,240.41429528628944,236.97126939727602,237.16033935546875,7399000,0.0,0.0
2026-06-12 00:00:00-04:00,238.82214080935248,239.72767840405794,236.35431627248195,239.6878662109375,6459400,0.0,0.0
2026-06-15 00:00:00-04:00,237.8270530309927,238.32459916704082,232.43365473829965,234.50344848632812,7732000,0.0,0.0
2026-06-16 00:00:00-04:00,235.20994955683125,235.20994955683125,229.88621514589735,234.02578735351562,7718100,0.0,0.0
2026-06-17 00:00:00-04:00,232.88144953454835,234.27457267967245,229.5677903566066,233.0506134033203,8548000,0.0,0.0
2026-06-18 00:00:00-04:00,230.64248139608736,231.60772209709037,226.48300306302522,227.2691192626953,18989800,0.0,0.0
2026-06-22 00:00:00-04:00,227.8263796240252,230.31411038031268,226.3834988221592,230.15489196777344,8518300,0.0,0.0
2026-06-23 00:00:00-04:00,234.48354214543076,238.62312963718077,233.19987979667957,237.9066619873047,11802000,0.0,0.0
2026-06-24 00:00:00-04:00,238.71267722908183,241.84721171654783,237.5782726810186,239.81723022460938,8139200,0.0,0.0
2026-06-25 00:00:00-04:00,240.0859235854152,246.97196048258556,239.70778365238823,243.67820739746094,10130400,0.0,0.0
2026-06-26 00:00:00-04:00,247.05156300573913,253.85799051268404,246.6535169859773,253.4102020263672,16316800,0.0,0.0
2026-06-29 00:00:00-04:00,251.94740453022743,257.3109358669097,250.7930938975173,257.2413024902344,8608400,0.0,0.0
2026-06-30 00:00:00-04:00,257.7288999793201,258.62447695588,251.92751017702224,252.7235870361328,8469500,0.0,0.0
2026-07-01 00:00:00-04:00,252.00712264580847,252.95245728529045,249.8477741968348,252.73353576660156,6516500,0.0,0.0
2026-07-02 00:00:00-04:00,254.52470472933535,261.8087875806335,252.753441667793,261.74908447265625,7998700,0.0,0.0
2026-07-06 00:00:00-04:00,258.9528582650781,260.0972082397536,254.67394351620698,258.0572509765625,6803700,0.0,0.0
2026-07-07 00:00:00-04:00,263.5899938466549,268.1076906797339,262.75408965465317,265.9284362792969,9089700,0.0,0.0
2026-07-08 00:00:00-04:00,267.28179179450893,267.28179179450893,261.8386358221884,262.1072998046875,6769400,0.0,0.0
2026-07-09 00:00:00-04:00,259.35088953644544,262.1570568783993,256.8631589924022,257.8283996582031,6426100,0.0,0.0
2026-07-10 00:00:00-04:00,258.91306402533775,260.01760188497747,254.26598487714244,255.7188262939453,6534700,0.0,0.0
2026-07-13 00:00:00-04:00,256.68405301110437,258.2562853735001,254.89286877547602,256.5049133300781,5272200,0.0,0.0
2026-07-14 00:00:00-04:00,254.27593479130442,255.13172996253974,250.9025724938729,252.60418701171875,8770600,0.0,0.0
2026-07-15 00:00:00-04:00,248.86261881363527,255.5695309055475,244.84245277781295,245.8076934814453,10547300,0.0,0.0
2026-07-16 00:00:00-04:00,247.67845384783817,252.30564190006208,245.09122311970796,248.7432098388672,11097600,0.0,0.0
2026-07-17 00:00:00-04:00,251.35035299448896,254.40529355359888,250.7134945486414,251.7981414794922,10167700,0.0,0.0
2026-07-20 00:00:00-04:00,250.7731932271148,252.93254159418385,247.40979173683036,247.59886169433594,8114700,0.0,0.0
2026-07-21 00:00:00-04:00,246.2355858738711,250.10649430212794,244.28521347459443,249.3800811767578,7793100,0.0,0.0
2026-07-22 00:00:00-04:00,251.51951735745217,255.03220704893891,249.97713648203677,254.3754425048828,9100200,0.0,0.0
2026-07-23 00:00:00-04:00,253.98735319581928,258.9230174724852,253.17137025663587,257.99755859375,8063300,0.0,0.0
2026-07-24 00:00:00-04:00,260.14696680341433,262.41577598127003,258.33589157019617,262.1072998046875,6351800,0.0,0.0
2026-07-27 00:00:00-04:00,261.26146783773044,267.48079463226605,260.0673753138636,264.6448059082031,9647900,0.0,0.0
2026-07-28 00:00:00-04:00,268.67490010822394,273.55084592551594,264.87364052953075,265.42095947265625,10491000,0.0,0.0
2026-07-29 00:00:00-04:00,267.1822622796963,268.0181361041443,263.49047862976664,264.2268371582031,6105600,0.0,0.0
2026-07-30 00:00:00-04:00,257.75875187348953,259.2414296518399,253.31068817063203,254.56451416015625,8216500,0.0,0.0
2026-07-31 00:00:00-04:00,254.75357596655473,257.2114550322676,252.04690865509698,255.09190368652344,6782100,0.0,0.0
2026-08-03 00:00:00-04:00,253.71867195954576,256.4850271972422,249.67859985775465,253.1614227294922,8136300,0.0,0.0
2026-08-04 00:00:00-04:00,253.16142648061836,254.2659795008061,249.21090897857138,253.67886352539062,7362400,0.0,0.0
2026-08-05 00:00:00-04:00,253.9972934738065,258.04732616634374,253.2211227437212,256.3258056640625,6472600,0.0,0.0
2026-08-06 00:00:00-04:00,260.42559336590404,260.8236242062839,254.02715726257253,255.7188262939453,6931800,0.0,0.0
2026-08-07 00:00:00-04:00,254.63416238175625,258.32596141364326,253.86793707628854,257.96771240234375,6532100,0.0,0.0
2026-08-10 00:00:00-04:00,257.78861210678537,260.71418593564044,257.28110530959395,260.5251159667969,8985100,0.0,0.0
2026-08-11 00:00:00-04:00,259.9479684253454,262.85362089025904,257.09202805973007,258.52496337890625,5945900,0.0,0.0
2026-08-12 00:00:00-04:00,254.7436088096904,260.1270613743755,254.00723509927005,259.5797424316406,4629300,0.0,0.0
2026-08-13 00:00:00-04:00,260.44550421552646,261.3311205223152,258.37569533996134,260.79376220703125,4852700,0.0,0.0
2026-08-14 00:00:00-04:00,259.37078114396394,260.42557646804266,257.8881034534354,259.072265625,4998100,0.0,0.0
2026-08-17 00:00:00-04:00,257.5995438259766,262.98299691726805,256.7437790079673,261.0823669433594,5515500,0.0,0.0
2026-08-18 00:00:00-04:00,266.3563600087168,270.3964321763198,265.02290964957547,269.7794494628906,7838200,0.0,0.0
2026-08-19 00:00:00-04:00,271.6601848020655,275.1131561312948,269.2321572777068,272.06817626953125,7728500,0.0,0.0
2026-08-20 00:00:00-04:00,272.05823633214175,272.05823633214175,266.0578308105469,266.0578308105469,6475900,0.0,0.0
2026-08-21 00:00:00-04:00,266.51555077860934,271.32186347512464,265.68963755179993,268.9137268066406,6186800,0.0,0.0
2026-08-24 00:00:00-04:00,268.4161893708204,272.635401405727,267.2519483767422,271.70001220703125,5436100,0.0,0.0
2026-08-25 00:00:00-04:00,271.0,273.79998779296875,270.17999267578125,273.1400146484375,4687000,1.34,0.0
2026-08-26 00:00:00-04:00,271.9700012207031,272.9100036621094,269.54998779296875,270.0,7214100,0.0,0.0
2026-08-27 00:00:00-04:00,268.45001220703125,268.45001220703125,263.8299865722656,265.7699890136719,7306200,0.0,0.0
2026-08-28 00:00:00-04:00,265.7799987792969,268.3800048828125,264.2699890136719,268.0400085449219,5765600,0.0,0.0
2026-08-31 00:00:00-04:00,267.1300048828125,267.7699890136719,265.1700134277344,265.8500061035156,7900100,0.0,0.0
2026-09-01 00:00:00-04:00,270.8299865722656,271.9100036621094,267.0199890136719,271.19000244140625,6033600,0.0,0.0
2026-09-02 00:00:00-04:00,274.739990234375,281.07000732421875,273.5299987792969,275.2099914550781,7910600,0.0,0.0
2026-09-03 00:00:00-04:00,277.32000732421875,278.8900146484375,273.1600036621094,278.42999267578125,5940300,0.0,0.0
2026-09-04 00:00:00-04:00,275.1300048828125,277.79998779296875,274.75,275.2300109863281,4320100,0.0,0.0
2026-09-08 00:00:00-04:00,271.2799987792969,271.989990234375,266.8800048828125,269.1199951171875,8084700,0.0,0.0
2026-09-09 00:00:00-04:00,268.510009765625,270.1000061035156,266.7300109863281,267.0799865722656,6124600,0.0,0.0
2026-09-10 00:00:00-04:00,270.2099914550781,271.2699890136719,265.7200012207031,266.3500061035156,4929500,0.0,0.0
2026-09-11 00:00:00-04:00,268.0299987792969,270.3999938964844,265.25,265.5799865722656,4701200,0.0,0.0
2026-09-14 00:00:00-04:00,271.0,271.54998779296875,266.19000244140625,266.32000732421875,4740800,0.0,0.0
2026-09-15 00:00:00-04:00,265.80999755859375,267.20001220703125,260.67999267578125,267.20001220703125,5283500,0.0,0.0
2026-09-16 00:00:00-04:00,266.80999755859375,268.6499938964844,266.29998779296875,267.2799987792969,4887300,0.0,0.0
2026-09-17 00:00:00-04:00,268.0,270.8699951171875,267.1099853515625,270.2200012207031,6568800,0.0,0.0
2026-09-18 00:00:00-04:00,269.45001220703125,272.1099853515625,267.20001220703125,269.989990234375,16409300,0.0,0.0
