Date,open,high,low,close,volume,dividends,stock splits
2016-09-19 00:00:00-04:00,30.922336450952947,31.07636070066732,30.863661745398723,30.878328323364258,7659900,0.0,0.0
2016-09-20 00:00:00-04:00,31.032354864200176,31.193712400262253,30.981013448467152,31.054357528686523,8407200,0.0,0.0
2016-09-21 00:00:00-04:00,31.010341652478335,31.25238209293266,30.87832010275718,31.19370460510254,13654700,0.0,0.0
2016-09-22 00:00:00-04:00,31.325733152047913,31.54576818476683,31.31106377681369,31.509096145629883,9288300,0.0,0.0
2016-09-23 00:00:00-04:00,31.399075858847677,31.494422588363534,31.281723670453886,31.347734451293945,8852700,0.0,0.0
2016-09-26 00:00:00-04:00,31.325718436147028,31.333054519266486,30.812301735726134,30.84164047241211,15036000,0.0,0.0
2016-09-27 00:00:00-04:00,30.94434424148821,31.26706496813338,30.804989344553682,31.23772621154785,11920400,0.0,0.0
2016-09-28 00:00:00-04:00,31.267057516962527,31.362404256296927,30.826984666745677,30.915000915527344,15523800,0.0,0.0
2016-09-29 00:00:00-04:00,30.81965111712983,31.091027553830756,30.694962831360993,30.826984405517578,12671700,0.0,0.0
2016-09-30 00:00:00-04:00,30.958992724355358,31.171694369193112,30.848976658260472,31.0396728515625,14375700,0.0,0.0
2016-10-03 00:00:00-04:00,31.032352853037345,31.032352853037345,30.724301580706264,30.826984405517578,11152800,0.0,0.0
2016-10-04 00:00:00-04:00,31.054351814420542,31.054351814420542,30.64361776623762,30.687625885009766,13682700,0.0,0.0
2016-10-05 00:00:00-04:00,30.753641887824386,30.856324717836927,30.562942805317725,30.66562843322754,9607300,0.0,0.0
2016-10-06 00:00:00-04:00,30.57027677155536,30.760973042937653,30.496932697461496,30.5922794342041,9722900,0.0,0.0
2016-10-07 00:00:00-04:00,30.680288076957588,30.76096541930737,30.489589054940023,30.60694122314453,8122800,0.0,0.0
2016-10-10 00:00:00-04:00,30.74629604854476,30.797640245162096,30.511591712135747,30.60694122314453,8983600,0.0,0.0
2016-10-11 00:00:00-04:00,30.55561142150972,30.58495017417018,30.36491512501161,30.46759796142578,12249100,0.0,0.0
2016-10-12 00:00:00-04:00,30.53361293341428,30.687637209108342,30.438263373171267,30.64362907409668,12216300,0.0,0.0
2016-10-13 00:00:00-04:00,30.548278467209844,30.7243053893076,30.44559283177243,30.628955841064453,17655600,0.0,0.0
2016-10-14 00:00:00-04:00,30.694962168841215,30.73897029190925,30.526268560592687,30.56294059753418,9893800,0.0,0.0
2016-10-17 00:00:00-04:00,30.606953859456596,30.702303409831163,30.48960164280234,30.51160430908203,10792500,0.0,0.0
2016-10-18 00:00:00-04:00,30.665627762349075,30.8049826289035,30.606950261970024,30.78297996520996,11297300,0.0,0.0
2016-10-19 00:00:00-04:00,30.753627060250103,30.892981862664605,30.6656136480881,30.84164047241211,16367400,0.0,0.0
2016-10-20 00:00:00-04:00,30.78298178781529,30.885664621661082,30.724304283962052,30.753643035888672,10620500,0.0,0.0
2016-10-21 00:00:00-04:00,30.694959258877496,30.929663630528943,30.570273785517518,30.900327682495117,14401500,0.0,0.0
2016-10-24 00:00:00-04:00,31.03969519554688,31.369749227213436,30.988353768165187,31.21572494506836,13439200,0.0,0.0
2016-10-25 00:00:00-04:00,31.274399623500965,31.45042937280025,31.120375341550304,31.2010555267334,16484700,0.0,0.0
2016-10-26 00:00:00-04:00,31.53844071637572,31.560443384338935,31.10570385974675,31.12770652770996,16886200,0.0,0.0
2016-10-27 00:00:00-04:00,31.267071414634376,31.281740795951606,30.731651587098284,30.893009185791016,14537000,0.0,0.0
2016-10-28 00:00:00-04:00,30.99567743681817,31.14970446904715,30.878325239532376,30.973674774169922,13398400,0.0,0.0
2016-10-31 00:00:00-04:00,30.89299732201582,31.10569907258463,30.89299732201582,31.098365783691406,13327500,0.0,0.0
2016-11-01 00:00:00-04:00,31.098377726333833,31.120380399360478,30.7389848788077,30.893009185791016,12223400,0.0,0.0
2016-11-02 00:00:00-04:00,30.87831249432162,31.054342116541555,30.812301735726134,30.84164047241211,12034300,0.0,0.0
2016-11-03 00:00:00-04:00,30.96634206595905,30.96634206595905,30.775642993111923,30.826984405517578,11258000,0.0,0.0
2016-11-04 00:00:00-04:00,30.6949602983202,30.83431794726146,30.577608108520508,30.577608108520508,14464200,0.0,0.0
2016-11-07 00:00:00-05:00,30.83433495649682,31.17172233854783,30.83433495649682,31.142383575439453,14038500,0.0,0.0
2016-11-08 00:00:00-05:00,31.076362087877815,31.52376827902705,31.076362087877815,31.450424194335938,12036600,0.0,0.0
2016-11-09 00:00:00-05:00,30.628940251362017,31.039674190361406,30.584934942184407,31.003002166748047,21351000,0.0,0.0
2016-11-10 00:00:00-05:00,30.702308117823733,30.99568730549833,29.96151986330709,30.027530670166016,33245500,0.0,0.0
2016-11-11 00:00:00-05:00,30.034861668521234,30.166883259864864,29.800157238998665,30.093536376953125,13421000,0.0,0.0
2016-11-14 00:00:00-05:00,30.166884441532904,30.379583415564838,29.961515959233036,30.19622039794922,19514200,0.0,0.0
2016-11-15 00:00:00-05:00,30.20354888842531,30.452922641573867,30.19621280274326,30.394245147705078,16554000,0.0,0.0
2016-11-16 00:00:00-05:00,30.364923210482544,30.548286266589567,30.188893445544593,30.262237548828125,12681400,0.0,0.0
2016-11-17 00:00:00-05:00,30.276892363930212,30.291561737109646,30.071526735211854,30.1595401763916,12398800,0.0,0.0
2016-11-18 00:00:00-05:00,30.093529493711515,30.218217767192986,29.998182764580996,30.005516052246094,16345300,0.0,0.0
2016-11-21 00:00:00-05:00,30.00552491806857,30.33557891845703,29.873503317913187,30.33557891845703,12307000,0.0,0.0
2016-11-22 00:00:00-05:00,30.40158636302233,30.58494936545564,30.247562112473716,30.34290885925293,12743500,0.0,0.0
2016-11-23 00:00:00-05:00,30.232887042288763,30.298897822647785,30.09352939603258,30.1595401763916,9281300,0.0,0.0
2016-11-25 00:00:00-05:00,30.357575658901816,30.496933319578876,30.247559545516765,30.46025848388672,7402300,0.0,0.0
2016-11-28 00:00:00-05:00,30.44558478271938,30.650953201402444,30.26955790715874,30.621614456176758,19424400,0.0,0.0
2016-11-29 00:00:00-05:00,30.71038299674128,30.71038299674128,30.42931415733072,30.43671226501465,11421900,0.35,0.0
2016-11-30 00:00:00-05:00,30.325755541710667,30.473686620858413,29.844980239868164,29.844980239868164,22410400,0.0,0.0
2016-12-01 00:00:00-05:00,29.815399138361208,29.874569882759992,29.497348275258837,29.71184539794922,20409900,0.0,0.0
2016-12-02 00:00:00-05:00,29.808010101341075,29.948545952456143,29.726647834180095,29.85239028930664,11176300,0.0,0.0
2016-12-05 00:00:00-05:00,29.837593026615618,30.096470368986964,29.815404346284193,30.044694900512695,15977800,0.0,0.0
2016-12-06 00:00:00-05:00,30.140845297710936,30.1556386892039,29.896758570403435,30.007707595825195,11303500,0.0,0.0
2016-12-07 00:00:00-05:00,29.985513305399596,30.54025268554687,29.963321811539437,30.540252685546875,13726500,0.0,0.0
2016-12-08 00:00:00-05:00,30.377531522694703,30.481082433427712,30.214807050656717,30.310962677001953,13077100,0.0,0.0
2016-12-09 00:00:00-05:00,30.695584297180176,31.22813509631669,30.54025792128232,31.065410614013672,28125800,0.0,0.0
2016-12-12 00:00:00-05:00,31.065403938187703,31.072799221452772,30.85830214816254,30.991439819335938,17561900,0.0,0.0
2016-12-13 00:00:00-05:00,30.858309714893018,31.03582477228563,30.725172011073077,30.887893676757812,18986000,0.0,0.0
2016-12-14 00:00:00-05:00,30.98404884793793,31.058015805369287,30.37013861978775,30.4810848236084,17937900,0.0,0.0
2016-12-15 00:00:00-05:00,30.399728239031138,30.924883859104465,30.399728239031138,30.732572555541992,14265300,0.0,0.0
2016-12-16 00:00:00-05:00,30.776946555645303,30.887892757827238,30.680790923180258,30.87310218811035,19675200,0.0,0.0
2016-12-19 00:00:00-05:00,30.836112969268658,30.917475199041345,30.754753561046456,30.821319580078125,8687300,0.0,0.0
2016-12-20 00:00:00-05:00,30.843507749923262,30.85830113751917,30.651196532726637,30.813920974731445,10603500,0.0,0.0
2016-12-21 00:00:00-05:00,30.769548905947744,30.939671497276752,30.710378161549283,30.747360229492188,9693600,0.0,0.0
2016-12-22 00:00:00-05:00,30.747365949781525,30.784348024604633,30.384937666343053,30.732572555541992,11894100,0.0,0.0
2016-12-23 00:00:00-05:00,30.78434180738955,30.8361172659956,30.58463525781583,30.769548416137695,6436600,0.0,0.0
2016-12-27 00:00:00-05:00,30.73995923836044,30.88788748267259,30.72516584961915,30.776941299438477,6999200,0.0,0.0
2016-12-28 00:00:00-05:00,30.68818661604889,30.821321483886344,30.614219665527347,30.614219665527344,8988000,0.0,0.0
2016-12-29 00:00:00-05:00,30.60682675546905,30.8361172659956,30.60682675546905,30.769548416137695,6875300,0.0,0.0
2016-12-30 00:00:00-05:00,30.836120149187224,30.94706918317448,30.584638117493768,30.666000366210938,11470200,0.0,0.0
2017-01-03 00:00:00-05:00,30.695594704470015,30.924888114406645,30.532870166995515,30.917490005493164,14711000,0.0,0.0
2017-01-04 00:00:00-05:00,30.976655501235633,31.043224356313726,30.762155543589433,30.806535720825195,9959400,0.0,0.0
2017-01-05 00:00:00-05:00,30.813918613710733,30.961849656784878,30.717763012480045,30.8804874420166,8968300,0.0,0.0
2017-01-06 00:00:00-05:00,30.843515405574816,30.924877646772096,30.72517109698356,30.87310218811035,10246600,0.0,0.0
2017-01-09 00:00:00-05:00,30.495887260324036,30.75476745579253,30.48109386444997,30.562456130981445,14822500,0.0,0.0
2017-01-10 00:00:00-05:00,30.65120028109013,30.65120028109013,30.22220327454708,30.3553409576416,19706800,0.0,0.0
2017-01-11 00:00:00-05:00,30.214812270417962,30.414518841996525,30.200021699087273,30.362743377685547,9266200,0.0,0.0
2017-01-12 00:00:00-05:00,30.333161391215413,30.355352894824946,30.177834973706833,30.28878402709961,8541200,0.0,0.0
2017-01-13 00:00:00-05:00,30.32575894790503,30.3553457313679,30.096465608394226,30.237001419067383,8123500,0.0,0.0
2017-01-17 00:00:00-05:00,30.207399511098597,30.547638885914676,30.17781274244949,30.488468170166016,12469400,0.0,0.0
2017-01-18 00:00:00-05:00,30.510665908100258,30.60682152402656,30.42930368089726,30.540252685546875,10390500,0.0,0.0
2017-01-19 00:00:00-05:00,30.4293155670166,30.540264615004475,30.34795330803236,30.4293155670166,10987100,0.0,0.0
2017-01-20 00:00:00-05:00,30.525474052072163,30.651213684674076,30.42192310250547,30.562456130981445,14695400,0.0,0.0
2017-01-23 00:00:00-05:00,30.55505084023435,30.69558382270046,30.481083885080473,30.643808364868164,11628900,0.0,0.0
2017-01-24 00:00:00-05:00,30.673389029482852,31.04321526684223,30.673389029482852,30.991439819335938,17040100,0.0,0.0
2017-01-25 00:00:00-05:00,31.021040874816947,31.250334284139708,30.991456903897745,31.154178619384766,12538200,0.0,0.0
2017-01-26 00:00:00-05:00,31.08759882506592,31.146772389218484,30.910083775709907,30.924877166748047,8976800,0.0,0.0
2017-01-27 00:00:00-05:00,30.998847075522047,31.028433863110394,30.636415981443214,30.658607482910156,12967400,0.0,0.0
2017-01-30 00:00:00-05:00,30.54766273547276,30.680800476789173,30.48109386481455,30.606836318969727,11626200,0.0,0.0
2017-01-31 00:00:00-05:00,30.614222527657,30.836117756865335,30.592033851201442,30.747360229492188,12678000,0.0,0.0
2017-02-01 00:00:00-05:00,30.71038534843404,30.813936291527664,30.51067874894566,30.51807403564453,11136100,0.0,0.0
2017-02-02 00:00:00-05:00,30.62901927869929,30.688192851139142,30.510674955370806,30.621623992919922,9459700,0.0,0.0
2017-02-03 00:00:00-05:00,30.754758826293035,30.910085207059936,30.665998475953973,30.72517204284668,11882400,0.0,0.0
2017-02-06 00:00:00-05:00,30.717779658394534,30.82133059819553,30.62162682660875,30.739971160888672,15742800,0.0,0.0
2017-02-07 00:00:00-05:00,30.84350876008213,31.050610550107294,30.821317267186384,30.991439819335938,13315200,0.0,0.0
2017-02-08 00:00:00-05:00,30.99884557355695,31.176363468934515,30.947070108561665,31.08020782470703,14219700,0.0,0.0
2017-02-09 00:00:00-05:00,31.080198662153755,31.080198662153755,30.118650968000296,30.510665893554688,27240300,0.0,0.0
2017-02-10 00:00:00-05:00,30.34054657068433,30.473684249401487,29.992908984972832,30.015100479125977,28847300,0.0,0.0
2017-02-13 00:00:00-05:00,30.155643945272654,30.20002412748692,29.95593735763558,30.044694900512695,23617100,0.0,0.0
2017-02-14 00:00:00-05:00,29.867178400574936,30.029900084553024,29.74883407515847,29.978124618530273,32177800,0.0,0.0
2017-02-15 00:00:00-05:00,29.896766663096393,30.052095905042787,29.881976089150726,29.91156005859375,26600800,0.0,0.0
2017-02-16 00:00:00-05:00,29.99291092277088,30.532856956208704,29.955928858860187,30.47368621826172,22214800,0.0,0.0
2017-02-17 00:00:00-05:00,30.421919791880875,30.59203959359192,30.3627462148241,30.49588394165039,15065100,0.0,0.0
2017-02-21 00:00:00-05:00,30.473691905057656,30.695587151481025,30.473691905057656,30.666000366210938,17072600,0.0,0.0
2017-02-22 00:00:00-05:00,30.702979566279787,30.82872198114511,30.621620146720904,30.769548416137695,11186800,0.0,0.0
2017-02-23 00:00:00-05:00,30.821316257754308,31.06540292076152,30.78433419953963,30.813920974731445,12856800,0.0,0.0
2017-02-24 00:00:00-05:00,30.84352203855479,30.998848447943377,30.769555066309167,30.902692794799805,13215300,0.0,0.0
2017-02-27 00:00:00-05:00,30.880493136840254,30.880493136840254,30.76214884486648,30.821319580078125,12186400,0.0,0.0
2017-02-28 00:00:00-05:00,30.82872956603786,31.1171937125436,30.799142776254815,31.035831451416016,15946800,0.0,0.0
2017-03-01 00:00:00-05:00,31.072818250950657,31.32430035922877,30.97666540186785,31.183767318725586,14662000,0.0,0.0
2017-03-02 00:00:00-05:00,31.124576159773856,31.47960899387335,31.117178055274824,31.413040161132812,15507600,0.0,0.0
2017-03-03 00:00:00-05:00,31.413054924146884,31.427848318547166,31.250330407295266,31.42045021057129,11740000,0.0,0.0
2017-03-06 00:00:00-05:00,31.3168974119515,31.383466272024656,31.154172904761275,31.19855308532715,16307800,0.0,0.0
2017-03-07 00:00:00-05:00,31.065407292730626,31.242925147314196,31.0284252293113,31.058012008666992,11273700,0.0,0.0
2017-03-08 00:00:00-05:00,31.065407292730626,31.087595966472104,30.873098870019785,31.058012008666992,14636000,0.0,0.0
2017-03-09 00:00:00-05:00,31.13198279388183,31.14677618672362,31.00624036550217,31.087602615356445,14496400,0.0,0.0
2017-03-10 00:00:00-05:00,31.235527057506506,31.361269459056537,31.176356320315758,31.2799072265625,16369700,0.0,0.0
2017-03-13 00:00:00-04:00,31.27991150285498,31.42914829766677,31.220218492803326,31.36199188232422,12831500,0.37,0.0
2017-03-14 00:00:00-04:00,31.324677430584146,31.41421835183935,31.212751990628778,31.317216873168945,9844500,0.0,0.0
2017-03-15 00:00:00-04:00,31.32469232486886,31.54854615767232,31.31723176390631,31.429157257080078,22757800,0.0,0.0
2017-03-16 00:00:00-04:00,31.36199090329065,31.63061655627511,31.264989409177943,31.526151657104492,16004200,0.0,0.0
2017-03-17 00:00:00-04:00,31.54853716422518,31.600769615441042,31.34706791819753,31.36199188232422,37526500,0.0,0.0
2017-03-20 00:00:00-04:00,31.41422686816892,31.593311605683386,31.391842343400366,31.473922729492188,11484200,0.0,0.0
2017-03-21 00:00:00-04:00,31.570926491822362,31.80970423974932,31.496306666560635,31.71269989013672,17187300,0.0,0.0
2017-03-22 00:00:00-04:00,31.757470334098944,31.861935238236434,31.526153156040827,31.623157501220703,11605500,0.0,0.0
2017-03-23 00:00:00-04:00,31.496291931643864,31.630604707824116,31.38436651579629,31.46644401550293,11503300,0.0,0.0
2017-03-24 00:00:00-04:00,31.511237659947728,31.526161628328747,31.272459858763252,31.429157257080078,13804400,0.0,0.0
2017-03-27 00:00:00-04:00,31.421679457669413,31.59330073021302,31.376907577088943,31.57837677001953,12387400,0.0,0.0
2017-03-28 00:00:00-04:00,31.51870134603241,31.757479149327995,31.51870134603241,31.66047477722168,14123800,0.0,0.0
2017-03-29 00:00:00-04:00,31.720160111419233,31.735084076312546,31.5560021905033,31.653003692626953,9580100,0.0,0.0
2017-03-30 00:00:00-04:00,31.600764395519658,31.802233608267944,31.53360799127023,31.787309646606445,11999900,0.0,0.0
2017-03-31 00:00:00-04:00,31.750005257470505,31.82462507539465,31.660464322416534,31.667924880981445,11551800,0.0,0.0
2017-04-03 00:00:00-04:00,31.77238292921211,31.809691403560215,31.541065833927245,31.645530700683594,11240000,0.0,0.0
2017-04-04 00:00:00-04:00,31.72015359182323,31.854466401801833,31.615688705496467,31.84700584411621,10946200,0.0,0.0
2017-04-05 00:00:00-04:00,31.824624671330405,31.98132201729908,31.73508089095833,31.764928817749023,10142800,0.0,0.0
2017-04-06 00:00:00-04:00,31.77239073381487,31.90670070516926,31.69031036221425,31.83954429626465,14597800,0.0,0.0
2017-04-07 00:00:00-04:00,31.81716716456491,31.89178699537441,31.720162807740305,31.794782638549805,11028800,0.0,0.0
2017-04-10 00:00:00-04:00,31.884315316547408,31.936547761334385,31.757465906766104,31.854467391967773,9426900,0.0,0.0
2017-04-11 00:00:00-04:00,31.847010527130795,31.899242977974815,31.72762166142231,31.83208656311035,8909400,0.0,0.0
2017-04-12 00:00:00-04:00,31.742533553376493,32.07831549999692,31.72014619263246,32.0410041809082,13417200,0.0,0.0
2017-04-13 00:00:00-04:00,31.98878924148888,32.14548946656521,31.921632815443473,31.929096221923828,9891900,0.0,0.0
2017-04-17 00:00:00-04:00,31.92909355575008,32.138023376464844,31.921630149892938,32.138023376464844,11318100,0.0,0.0
2017-04-18 00:00:00-04:00,32.1678644705982,32.52603102132888,32.15294050851091,32.44395065307617,13181600,0.0,0.0
2017-04-19 00:00:00-04:00,32.63796595126852,32.67527444084672,32.22756402654243,32.25741195678711,13893100,0.0,0.0
2017-04-20 00:00:00-04:00,32.23503068008023,32.30964766675445,32.12310235361331,32.152950286865234,10838300,0.0,0.0
2017-04-21 00:00:00-04:00,32.070866956027196,32.160407901125616,32.00371053558955,32.138023376464844,13833800,0.0,0.0
2017-04-24 00:00:00-04:00,32.264859368261256,32.406632696960756,32.197702981729094,32.29470443725586,16703800,0.0,0.0
2017-04-25 00:00:00-04:00,31.973857084758457,32.40664346318134,31.951472563962387,32.16786575317383,18745100,0.0,0.0
2017-04-26 00:00:00-04:00,32.1305568739098,32.406643063994856,32.070861023915846,32.264869689941406,13626600,0.0,0.0
2017-04-27 00:00:00-04:00,32.21263531689986,32.29471568975566,32.02609005002936,32.09324645996094,10386200,0.0,0.0
2017-04-28 00:00:00-04:00,32.05593193206056,32.23501660693181,31.973851574680165,32.19770812988281,10337800,0.0,0.0
2017-05-01 00:00:00-04:00,32.1977027217603,32.45886486369122,32.160391404524006,32.249935150146484,13208200,0.0,0.0
2017-05-02 00:00:00-04:00,32.24994730465347,32.41410520725554,32.205175414968394,32.37679672241211,11823900,0.0,0.0
2017-05-03 00:00:00-04:00,32.33201403035311,32.45140283932554,32.19770126445241,32.32455062866211,10389000,0.0,0.0
2017-05-04 00:00:00-04:00,32.399177636755205,32.690190617624864,32.384256521643074,32.57826232910156,10193100,0.0,0.0
2017-05-05 00:00:00-04:00,32.67527825106105,32.712586744989736,32.50365690182459,32.60065841674805,8133000,0.0,0.0
2017-05-08 00:00:00-04:00,32.52603560384126,32.76481333796918,32.488727116594106,32.7498893737793,14284300,0.0,0.0
2017-05-09 00:00:00-04:00,32.74988873247326,32.74988873247326,32.369337615676024,32.466339111328125,8694400,0.0,0.0
2017-05-10 00:00:00-04:00,32.44395198950578,32.54841688196516,32.354411059748415,32.5111083984375,7597700,0.0,0.0
2017-05-11 00:00:00-04:00,32.45141011270582,32.593183465619646,32.40663823188623,32.58572006225586,6860100,0.0,0.0
2017-05-12 00:00:00-04:00,32.56335143389238,32.59319936900265,32.429038572351935,32.52604293823242,7275800,0.0,0.0
2017-05-15 00:00:00-04:00,32.42903533595017,32.65288913402515,32.42903533595017,32.6305046081543,8493000,0.0,0.0
2017-05-16 00:00:00-04:00,32.734948065169235,32.9140326941058,32.660331130210274,32.72002410888672,10454100,0.0,0.0
2017-05-17 00:00:00-04:00,32.720035903839005,32.95881359752684,32.6155710186574,32.77973175048828,14538800,0.0,0.0
2017-05-18 00:00:00-04:00,32.73497171931744,32.8021281478889,32.5633503677361,32.6827392578125,13832200,0.0,0.0
2017-05-19 00:00:00-04:00,32.72003959004429,32.83196789189409,32.652883178225395,32.75735092163086,11796800,0.0,0.0
2017-05-22 00:00:00-04:00,32.74988868435383,32.996129818620574,32.690195675306015,32.96628189086914,12857900,0.0,0.0
2017-05-23 00:00:00-04:00,33.01850570769467,33.27966789109471,32.98865778774772,33.12297058105469,11996100,0.0,0.0
2017-05-24 00:00:00-04:00,33.21252180602022,33.64530824025642,33.21252180602022,33.60053634643555,12738300,0.0,0.0
2017-05-25 00:00:00-04:00,33.57815244491349,33.936319062751274,33.5557679208159,33.88408660888672,16704200,0.0,0.0
2017-05-26 00:00:00-04:00,33.83931177131517,33.99601196573626,33.82439065418459,33.86915969848633,11341400,0.0,0.0
2017-05-30 00:00:00-04:00,33.6975328694601,33.92138659368105,33.66022438983236,33.89900207519531,13093500,0.0,0.0
2017-05-31 00:00:00-04:00,33.89900034584025,34.10046954129753,33.85422846469828,33.92884826660156,14148000,0.0,0.0
2017-06-01 00:00:00-04:00,33.91393894297883,34.167640686035156,33.74977815439661,34.167640686035156,11049300,0.0,0.0
2017-06-02 00:00:00-04:00,34.19748330280477,34.242252349853516,34.03332253974554,34.242252349853516,9923700,0.0,0.0
2017-06-05 00:00:00-04:00,34.160163846890505,34.316864013671875,34.09300744582835,34.316864013671875,10015200,0.0,0.0
2017-06-06 00:00:00-04:00,34.24972088941398,34.36910977686584,34.160177088983374,34.30941390991211,9836700,0.0,0.0
2017-06-07 00:00:00-04:00,33.95123390079926,34.100470663060705,33.83930561748956,33.95869445800781,12776300,0.0,0.0
2017-06-08 00:00:00-04:00,33.95870242335392,33.95870242335392,33.600535817787666,33.67515563964844,12879000,0.0,0.0
2017-06-09 00:00:00-04:00,33.62291543493623,33.839305752300184,33.555759033973764,33.81692123413086,9358800,0.0,0.0
2017-06-12 00:00:00-04:00,33.81693463412133,33.93632352242317,33.72739367950886,33.824398040771484,11228500,0.0,0.0
2017-06-13 00:00:00-04:00,33.854483569777365,33.93723943323986,33.704018624380105,33.877052307128906,10023400,0.37,0.0
2017-06-14 00:00:00-04:00,33.9898956891995,34.208069677733484,33.974848910347546,34.08017349243164,11497500,0.0,0.0
2017-06-15 00:00:00-04:00,33.98989447353675,34.11026583016768,33.884569895219634,34.04255676269531,9908700,0.0,0.0
2017-06-16 00:00:00-04:00,34.08769989013672,34.11779057934987,33.86200106681968,34.08769989013672,27025300,0.0,0.0
2017-06-19 00:00:00-04:00,34.1178016184177,34.14037322998047,33.92972111805182,34.14037322998047,7624700,0.0,0.0
2017-06-20 00:00:00-04:00,34.1178025650085,34.509010361009175,34.09523382270025,34.31340789794922,14920900,0.0,0.0
2017-06-21 00:00:00-04:00,34.32091982744966,34.366060168757706,33.98237444233914,34.01999282836914,9515800,0.0,0.0
2017-06-22 00:00:00-04:00,33.98236984658885,34.06512569285513,33.8770452676607,33.90713882446289,7446300,0.0,0.0
2017-06-23 00:00:00-04:00,33.892091849436774,34.14035938679529,33.87704507112297,34.04255676269531,9544800,0.0,0.0
2017-06-26 00:00:00-04:00,34.09522266107852,34.23816276537164,34.08017588117191,34.177978515625,7747100,0.0,0.0
2017-06-27 00:00:00-04:00,34.11026765082333,34.15540798817414,33.85447814559476,33.892093658447266,11432200,0.0,0.0
2017-06-28 00:00:00-04:00,34.04255256109113,34.23063296198114,34.02750578463443,34.09521484375,9218800,0.0,0.0
2017-06-29 00:00:00-04:00,33.95228901937744,34.035044889675945,33.59117484252246,33.726593017578125,9283500,0.0,0.0
2017-06-30 00:00:00-04:00,33.771727932153205,33.94476161605912,33.741634368896484,33.741634368896484,9352800,0.0,0.0
2017-07-03 00:00:00-04:00,33.937241696605284,34.05761308697495,33.673927307128906,33.673927307128906,6434500,0.0,0.0
2017-07-05 00:00:00-04:00,33.696490257420926,33.84695517419055,33.65134992142617,33.719058990478516,6853600,0.0,0.0
2017-07-06 00:00:00-04:00,33.643838036292756,33.74163782206585,33.32033937287606,33.40309524536133,13113000,0.0,0.0
2017-07-07 00:00:00-04:00,33.45575215592537,33.49336767283937,33.28271848221698,33.395565032958984,9566000,0.0,0.0
2017-07-10 00:00:00-04:00,33.44071620875924,33.53851888032413,33.27520443686186,33.38805389404297,9672000,0.0,0.0
2017-07-11 00:00:00-04:00,33.342908522992424,33.46327991993938,33.21501516930899,33.350433349609375,10300700,0.0,0.0
2017-07-12 00:00:00-04:00,33.54603460442495,33.68145277992553,33.43318516821435,33.48584747314453,7737400,0.0,0.0
2017-07-13 00:00:00-04:00,33.47080334255155,33.5008940381157,33.38052264621798,33.425662994384766,6371900,0.0,0.0
2017-07-14 00:00:00-04:00,33.49336383670843,33.643828757011065,33.478317057690205,33.61373519897461,8558700,0.0,0.0
2017-07-17 00:00:00-04:00,33.59869344390973,33.696496087212644,33.561077925679406,33.6513557434082,7189200,0.0,0.0
2017-07-18 00:00:00-04:00,33.68897229523783,33.741634596352014,33.56860091127967,33.60621643066406,9037200,0.0,0.0
2017-07-19 00:00:00-04:00,33.60621875541277,33.73411497402328,33.51594092866911,33.726593017578125,6986900,0.0,0.0
2017-07-20 00:00:00-04:00,33.7792461051382,33.839430349918295,33.666396700091084,33.719058990478516,7430300,0.0,0.0
2017-07-21 00:00:00-04:00,33.68897184285237,33.90714587018439,33.606215979389866,33.877052307128906,8545600,0.0,0.0
2017-07-24 00:00:00-04:00,33.8845767294949,33.89209868522917,33.7265898301544,33.73411178588867,9103600,0.0,0.0
2017-07-25 00:00:00-04:00,33.8695300834659,34.072657327663855,33.8093429578309,34.03504180908203,14096300,0.0,0.0
2017-07-26 00:00:00-04:00,33.51593295471815,34.448813175390704,33.335377344187776,34.411197662353516,13608900,0.0,0.0
2017-07-27 00:00:00-04:00,34.45634354811872,34.93030716384505,34.38111250366455,34.697086334228516,15195200,0.0,0.0
2017-07-28 00:00:00-04:00,34.60680833529209,34.69708616216547,34.40368107241668,34.61433029174805,11945300,0.0,0.0
2017-07-31 00:00:00-04:00,34.60679100993028,34.6669781109677,34.448804174525456,34.486419677734375,13622900,0.0,0.0
2017-08-01 00:00:00-04:00,34.584226889170516,34.65193595191811,34.343484192707805,34.381099700927734,10306800,0.0,0.0
2017-08-02 00:00:00-04:00,34.30588087423058,34.60681081185108,34.14037199143183,34.29835891723633,10187900,0.0,0.0
2017-08-03 00:00:00-04:00,34.34349566888726,34.56919166350442,34.32844888659541,34.35853958129883,14261400,0.0,0.0
2017-08-04 00:00:00-04:00,34.35854522112225,34.42625431760961,34.20808311326654,34.23065185546875,9523600,0.0,0.0
2017-08-07 00:00:00-04:00,34.24569781047048,34.42625348347483,34.23065102607334,34.335975646972656,6226300,0.0,0.0
2017-08-08 00:00:00-04:00,34.33596743244432,34.471385589740514,34.26825835379622,34.30587387084961,5747900,0.0,0.0
2017-08-09 00:00:00-04:00,34.27579017637299,34.351021225837826,34.102756466699404,34.29835891723633,9635300,0.0,0.0
2017-08-10 00:00:00-04:00,34.27577951951589,34.48642868842789,34.20054562356183,34.411197662353516,8901600,0.0,0.0
2017-08-11 00:00:00-04:00,34.50148619464808,34.531579762386244,34.28331213336725,34.29835891723633,8357600,0.0,0.0
2017-08-14 00:00:00-04:00,34.35853434006013,34.561661565193525,34.320918825008725,34.456336975097656,8421200,0.0,0.0
2017-08-15 00:00:00-04:00,34.4563355772562,34.79488093874425,34.4563355772562,34.74974060058594,9638100,0.0,0.0
2017-08-16 00:00:00-04:00,34.71965529363205,34.8625954151378,34.697083686114176,34.75727081298828,8087300,0.0,0.0
2017-08-17 00:00:00-04:00,34.69708251853743,34.855072286325424,34.493955276992935,34.50148010253906,8477000,0.0,0.0
2017-08-18 00:00:00-04:00,34.4563422312557,34.53157614271494,34.32844888659541,34.35853958129883,10879800,0.0,0.0
2017-08-21 00:00:00-04:00,34.35854878029771,34.45635145643982,34.27579576035705,34.36607360839844,9429700,0.0,0.0
2017-08-22 00:00:00-04:00,34.38110777483638,34.41872329188977,34.26073639833754,34.30587387084961,10536700,0.0,0.0
2017-08-23 00:00:00-04:00,34.32845127758915,34.351020017658705,34.18550827080068,34.2607421875,6528400,0.0,0.0
2017-08-24 00:00:00-04:00,34.26073216306467,34.313394454405355,34.087698510105305,34.16292953491211,7534400,0.0,0.0
2017-08-25 00:00:00-04:00,34.3058748587321,34.426246238697196,34.275784166150885,34.28330612182617,8807100,0.0,0.0
2017-08-28 00:00:00-04:00,34.32843420005782,34.37357165774219,34.140353806695494,34.17044448852539,8024000,0.0,0.0
2017-08-29 00:00:00-04:00,34.15541197909017,34.28330531170842,34.04256255746701,34.19302749633789,7762200,0.0,0.0
2017-08-30 00:00:00-04:00,34.12532325871655,34.26074143592418,34.07266095312251,34.147891998291016,7134900,0.0,0.0
2017-08-31 00:00:00-04:00,34.15540298967584,34.343483396293266,34.110262658931134,34.26824951171875,14264600,0.0,0.0
2017-09-01 00:00:00-04:00,34.33595960798731,34.456330957056004,34.26072859102413,34.4412841796875,7391200,0.0,0.0
2017-09-05 00:00:00-04:00,34.41872227241658,34.554140425701725,34.34349124053812,34.54661560058594,9916700,0.0,0.0
2017-09-06 00:00:00-04:00,34.591760344278455,34.63690069107867,34.448820217564844,34.57671356201172,9238900,0.0,0.0
2017-09-07 00:00:00-04:00,34.614324249632325,34.847545037382375,34.57670873415777,34.81745147705078,9418400,0.0,0.0
2017-09-08 00:00:00-04:00,34.74974459656361,34.88516275673097,34.62185126189446,34.83250045776367,10534900,0.0,0.0
2017-09-11 00:00:00-04:00,34.87011633685047,35.05067484223746,34.772316563400935,34.99801254272461,10430300,0.0,0.0
2017-09-12 00:00:00-04:00,34.98296772824986,35.17104819990712,34.94535220789446,35.14847946166992,8567600,0.0,0.0
2017-09-13 00:00:00-04:00,35.118378113168276,35.344074055153655,35.09580937993362,35.26131820678711,10218000,0.0,0.0
2017-09-14 00:00:00-04:00,35.185493824693815,35.23857515549063,34.83666993168042,34.96558380126953,13768800,0.37,0.0
2017-09-15 00:00:00-04:00,35.10965764341813,35.15515716197312,34.88216583607375,35.01866149902344,16141400,0.0,0.0
2017-09-18 00:00:00-04:00,34.99591681678645,35.06416465534172,34.81392161640052,34.96558380126953,8535300,0.0,0.0
2017-09-19 00:00:00-04:00,34.98833739689127,35.026252225651625,34.798760360373464,34.867008209228516,7297900,0.0,0.0
2017-09-20 00:00:00-04:00,34.700169340336686,34.99591186067025,34.54092537049834,34.715335845947266,11026600,0.0,0.0
2017-09-21 00:00:00-04:00,34.66225869204585,34.72292472178543,34.39685204372396,34.42718505859375,7555300,0.0,0.0
2017-09-22 00:00:00-04:00,34.46510841438733,34.60160412238223,34.40444236962683,34.49544143676758,8024800,0.0,0.0
2017-09-25 00:00:00-04:00,34.50301343559962,34.70017223957969,34.38926608037412,34.647090911865234,9215300,0.0,0.0
2017-09-26 00:00:00-04:00,34.64708362330517,34.7835792637756,34.54850568841026,34.556087493896484,6480100,0.0,0.0
2017-09-27 00:00:00-04:00,34.48026524556754,34.503013559608235,33.653709420408966,33.850868225097656,14816200,0.0,0.0
2017-09-28 00:00:00-04:00,33.87362306062253,34.12386613410967,33.85845944348632,34.05561828613281,8789500,0.0,0.0
2017-09-29 00:00:00-04:00,34.017690951287705,34.2072679156683,33.96460963267833,34.13143539428711,10082200,0.0,0.0
2017-10-02 00:00:00-04:00,34.161775490038345,34.3286041789723,33.93428366412918,33.972198486328125,10707800,0.0,0.0
2017-10-03 00:00:00-04:00,34.01770415007429,34.32102567514231,33.941871599270264,34.2679443359375,12038100,0.0,0.0
2017-10-04 00:00:00-04:00,34.20728152100979,34.548520771159716,34.07836762974602,34.503021240234375,14060300,0.0,0.0
2017-10-05 00:00:00-04:00,34.51059614717259,34.69259134176025,34.50301433989271,34.51818084716797,10215300,0.0,0.0
2017-10-06 00:00:00-04:00,34.41960888081695,34.518189757194655,34.33619451562938,34.49544143676758,5437900,0.0,0.0
2017-10-09 00:00:00-04:00,34.5409351681273,34.61676771769031,34.381691153118965,34.43477249145508,5268300,0.0,0.0
2017-10-10 00:00:00-04:00,34.57884868712813,34.80634343448645,34.525767350802084,34.783592224121094,6310400,0.0,0.0
2017-10-11 00:00:00-04:00,34.79116678504403,34.95799255371094,34.78358208622756,34.95799255371094,6638200,0.0,0.0
2017-10-12 00:00:00-04:00,34.867002947197335,34.98833211654943,34.83666993168042,34.96558380126953,7710200,0.0,0.0
2017-10-13 00:00:00-04:00,35.07174282431328,35.17032366815812,34.99591318610358,35.01866149902344,7126000,0.0,0.0
2017-10-16 00:00:00-04:00,34.97317136127408,35.45090630974017,34.958004851020995,35.352325439453125,12708600,0.0,0.0
2017-10-17 00:00:00-04:00,35.28407488069618,35.359907426139486,35.11724906615257,35.276493072509766,7699400,0.0,0.0
2017-10-18 00:00:00-04:00,35.19308290772165,35.29166378217358,35.0641719041982,35.18550109863281,6272200,0.0,0.0
2017-10-19 00:00:00-04:00,35.162738283497696,35.48122912174567,35.12482346513168,35.329566955566406,7515500,0.0,0.0
2017-10-20 00:00:00-04:00,35.321980750810454,35.32956255645351,35.09448608351078,35.170318603515625,9646800,0.0,0.0
2017-10-23 00:00:00-04:00,35.17032022332696,35.375063697697456,35.05657288443835,35.124820709228516,7153600,0.0,0.0
2017-10-24 00:00:00-04:00,35.079324631048145,35.10207583668328,34.8442510169689,35.01866149902344,9539500,0.0,0.0
2017-10-25 00:00:00-04:00,35.16274041580093,35.458480066791076,34.82908594414559,34.920082092285156,11994200,0.0,0.0
2017-10-26 00:00:00-04:00,35.12482742768794,35.45090010930845,35.0489977824013,35.05657958984375,10569100,0.0,0.0
2017-10-27 00:00:00-04:00,34.98076412865293,35.132426373438165,34.8139353701175,34.935264587402344,9988000,0.0,0.0
2017-10-30 00:00:00-04:00,34.88217509942668,34.93525643881287,34.74567940022903,34.7760124206543,7201900,0.0,0.0
2017-10-31 00:00:00-04:00,34.82150867908648,35.01108571560428,34.76084553161311,34.867008209228516,6560500,0.0,0.0
2017-11-01 00:00:00-04:00,34.692595884874436,34.95042075688596,34.601599722022094,34.73051071166992,7067600,0.0,0.0
2017-11-02 00:00:00-04:00,34.73809831648839,34.84426099747646,34.69259878490089,34.79117965698242,8317800,0.0,0.0
2017-11-03 00:00:00-04:00,34.85941696166992,35.00349442903379,34.82149925046054,34.85941696166992,4730400,0.0,0.0
2017-11-06 00:00:00-05:00,34.813928761456594,34.821510570534095,34.442356476903456,34.48027420043945,7451300,0.0,0.0
2017-11-07 00:00:00-05:00,34.434763820205475,34.844250806582075,34.35893418245362,34.836666107177734,9868000,0.0,0.0
2017-11-08 00:00:00-05:00,34.866999329888756,35.0262433057583,34.78358499222892,35.01866149902344,7586900,0.0,0.0
2017-11-09 00:00:00-05:00,34.97316524439913,35.17790875793169,34.89733559911249,35.05657958984375,6532400,0.0,0.0
2017-11-10 00:00:00-05:00,35.03383922127824,35.3674937860217,34.9883396881566,35.291664123535156,8022900,0.0,0.0
2017-11-13 00:00:00-05:00,35.33715494045238,35.50398364168919,35.29165830754469,35.42815399169922,7653600,0.0,0.0
2017-11-14 00:00:00-05:00,35.42058125739632,36.00447901627076,35.352333392262516,35.9665641784668,17200700,0.0,0.0
2017-11-15 00:00:00-05:00,35.883146306168456,35.98930899877047,35.47365915523231,35.49641036987305,12419100,0.0,0.0
2017-11-16 00:00:00-05:00,35.602556802715455,35.625305114250565,35.26889947238661,35.299232482910156,12506400,0.0,0.0
2017-11-17 00:00:00-05:00,35.14000073493976,35.17033375601012,34.31344471342702,34.66226577758789,19720700,0.0,0.0
2017-11-20 00:00:00-05:00,34.61676716308148,34.79117768520811,34.4423537482389,34.472686767578125,19160900,0.0,0.0
2017-11-21 00:00:00-05:00,34.54851006966121,34.844249697279615,34.53334356405063,34.715335845947266,10280800,0.0,0.0
2017-11-22 00:00:00-05:00,34.7987447372754,34.82907774375191,34.533338162392695,34.76082992553711,8434400,0.0,0.0
2017-11-24 00:00:00-05:00,34.79876146588896,34.9200906574062,34.77601314645326,34.79117965698242,2996300,0.0,0.0
2017-11-27 00:00:00-05:00,34.79117656943007,34.87459092357981,34.73809523364675,34.80634307861328,5649200,0.0,0.0
2017-11-28 00:00:00-05:00,34.874594574310166,34.99592376776096,34.715347657574135,34.753265380859375,8432800,0.0,0.0
2017-11-29 00:00:00-05:00,34.70776479032433,34.74567961973742,34.28311117983597,34.503021240234375,16502100,0.0,0.0
2017-11-30 00:00:00-05:00,34.510661766309816,35.04582990748401,34.42656354058408,34.992313385009766,17147600,0.37,0.0
2017-12-01 00:00:00-05:00,35.015243318343174,35.183439746325185,34.56417346583524,35.14521408081055,12468800,0.0,0.0
2017-12-04 00:00:00-05:00,35.160513549301406,35.45867789640934,34.9923170800889,35.343997955322266,17523600,0.0,0.0
2017-12-05 00:00:00-05:00,35.35928413319248,35.50454284512155,35.214025421263415,35.36692810058594,13670800,0.0,0.0
2017-12-06 00:00:00-05:00,35.44338058892766,35.535122775231834,35.366926336647914,35.51218795776367,8154000,0.0,0.0
2017-12-07 00:00:00-05:00,35.38985975695829,35.41279457163098,34.954080779590164,34.99995040893555,9106500,0.0,0.0
2017-12-08 00:00:00-05:00,34.93878540313201,34.96172021483248,34.441843095796024,34.640621185302734,13238600,0.0,0.0
2017-12-11 00:00:00-05:00,34.64063108505469,34.71708242352539,34.34246386558309,34.655921936035156,9698700,0.0,0.0
2017-12-12 00:00:00-05:00,34.594765429393064,34.801187584137,34.44950669076535,34.62534713745117,13999300,0.0,0.0
2017-12-13 00:00:00-05:00,34.74766086913092,35.206374689830255,34.70943520347786,35.091697692871094,12418700,0.0,0.0
2017-12-14 00:00:00-05:00,35.022903683225394,35.29813033073694,35.01525679732003,35.191097259521484,9029000,0.0,0.0
2017-12-15 00:00:00-05:00,35.38987361493992,35.48925979506004,35.19874230734111,35.313419342041016,21181600,0.0,0.0
2017-12-18 00:00:00-05:00,35.3210652534094,35.45868002439978,35.09935224276576,35.11464309692383,10156800,0.0,0.0
2017-12-19 00:00:00-05:00,35.19874022410138,35.45867890370857,35.0993511334313,35.267547607421875,8253200,0.0,0.0
2017-12-20 00:00:00-05:00,35.328699045478416,35.39750641115294,35.137567798208224,35.229312896728516,7311000,0.0,0.0
2017-12-21 00:00:00-05:00,35.27517164231152,35.33633502244773,34.83174880204598,34.862327575683594,9657100,0.0,0.0
2017-12-22 00:00:00-05:00,34.93115334491442,34.96173505111316,34.82412028965088,34.85470199584961,5406300,0.0,0.0
2017-12-26 00:00:00-05:00,34.9387975855223,35.06112148462778,34.869990209998484,35.02289581298828,6100400,0.0,0.0
2017-12-27 00:00:00-05:00,35.09170827390284,35.12228706578675,34.95409350291246,35.11464309692383,5660600,0.0,0.0
2017-12-28 00:00:00-05:00,35.099337352546506,35.16050074323138,34.89291528363153,34.954078674316406,6538900,0.0,0.0
2017-12-29 00:00:00-05:00,34.93879745041226,35.3057691463096,34.93115056625485,35.076412200927734,8371500,0.0,0.0
2018-01-02 00:00:00-05:00,35.09934454868892,35.1222793666824,34.79353336542845,34.816471099853516,10872200,0.0,0.0
2018-01-03 00:00:00-05:00,34.778249341482756,34.931152033873616,34.6635694057577,34.740020751953125,12635600,0.0,0.0
2018-01-04 00:00:00-05:00,34.831759552434754,35.3363459285708,34.747661337006846,35.229312896728516,12709400,0.0,0.0
2018-01-05 00:00:00-05:00,35.183446385377714,35.32106114034314,35.00760595768454,35.22167205810547,13113100,0.0,0.0
2018-01-08 00:00:00-05:00,35.12993380784009,35.244610838909665,35.07641727672118,35.16815948486328,7068600,0.0,0.0
2018-01-09 00:00:00-05:00,35.16815751770559,35.44338704316893,35.12228495798434,35.343997955322266,9962400,0.0,0.0
2018-01-10 00:00:00-05:00,35.34399596069341,35.366930781043685,35.11463900789501,35.22167205810547,10700700,0.0,0.0
2018-01-11 00:00:00-05:00,35.343996824633415,35.343996824633415,35.06112333981529,35.19873809814453,7583200,0.0,0.0
2018-01-12 00:00:00-05:00,35.38221925850003,35.46631748271539,35.19108799125846,35.282833099365234,14570100,0.0,0.0
2018-01-16 00:00:00-05:00,35.28283158511535,35.64215636893463,35.27518470155213,35.57334899902344,16459300,0.0,0.0
2018-01-17 00:00:00-05:00,35.61157104760669,35.932670103968015,35.58863331755872,35.7950553894043,12143100,0.0,0.0
2018-01-18 00:00:00-05:00,35.74154948556514,35.986197291510074,35.63451643501822,35.840938568115234,11952900,0.0,0.0
2018-01-19 00:00:00-05:00,35.92503244993757,36.12380767454646,35.833287346488966,36.05500030517578,16187400,0.0,0.0
2018-01-22 00:00:00-05:00,36.03970684513424,36.31493630268889,36.00148117968083,36.22319412231445,9577400,0.0,0.0
2018-01-23 00:00:00-05:00,36.093238415326205,36.46785709246634,36.032077908375655,36.27672576904297,11463700,0.0,0.0
2018-01-24 00:00:00-05:00,36.337877985080965,36.658980051713954,36.29965231240443,36.567237854003906,15964500,0.0,0.0
2018-01-25 00:00:00-05:00,36.46783043758203,36.697187274763216,36.46783043758203,36.57486343383789,11755000,0.0,0.0
2018-01-26 00:00:00-05:00,36.52899664791114,37.17119764293133,36.49841787019085,37.10239028930664,16671200,0.0,0.0
2018-01-29 00:00:00-05:00,36.85775241381299,37.04888367866342,36.376103726220705,36.46784591674805,11662600,0.0,0.0
2018-01-30 00:00:00-05:00,36.49077967556198,36.81952567487231,36.23848792983055,36.246131896972656,12404800,0.0,0.0
2018-01-31 00:00:00-05:00,36.27671406088666,36.6207509152988,36.21555065724379,36.38374710083008,10960100,0.0,0.0
2018-02-01 00:00:00-05:00,36.246144057351415,36.49079191801873,36.01678705252988,36.27672576904297,10279400,0.0,0.0
2018-02-02 00:00:00-05:00,36.20024660507884,36.24611914108252,35.64979075518743,35.72624206542969,12912300,0.0,0.0
2018-02-05 00:00:00-05:00,35.66510419399289,35.87152344569752,33.95256634524451,34.31953811645508,23261500,0.0,0.0
2018-02-06 00:00:00-05:00,33.5397208864056,34.2048599336181,33.210974805534754,34.15134048461914,25184300,0.0,0.0
2018-02-07 00:00:00-05:00,34.08252488882481,34.78588646807241,33.85316506248365,34.06723403930664,18041600,0.0,0.0
2018-02-08 00:00:00-05:00,34.11310923626849,34.11310923626849,32.92809591139826,32.95103073120117,23295300,0.0,0.0
2018-02-09 00:00:00-05:00,33.14980125948102,33.22625258551201,32.25530557947656,32.973960876464844,22853100,0.0,0.0
2018-02-12 00:00:00-05:00,33.302717586250346,33.81494805227994,33.15745593686183,33.616172790527344,14689000,0.0,0.0
2018-02-13 00:00:00-05:00,33.5779368766,33.952555412914506,33.40209647512386,33.784358978271484,13163200,0.0,0.0
2018-02-14 00:00:00-05:00,33.654396604475295,33.78436447681118,33.35623227012175,33.71555709838867,13457900,0.0,0.0
2018-02-15 00:00:00-05:00,33.830230548110166,34.27365643879731,33.73084148357143,34.23542785644531,13467300,0.0,0.0
2018-02-16 00:00:00-05:00,34.83940221021199,34.89291872412257,34.18955716047997,34.38833236694336,17202300,0.0,0.0
2018-02-20 00:00:00-05:00,34.21249991870247,34.273663329617655,33.59323350713,33.63146209716797,14137300,0.0,0.0
2018-02-21 00:00:00-05:00,33.72319069424418,33.837867668805174,33.12686226052085,33.13450622558594,12792900,0.0,0.0
2018-02-22 00:00:00-05:00,33.20332549752309,33.50148982143145,33.04277592563887,33.272132873535156,12377800,0.0,0.0
2018-02-23 00:00:00-05:00,33.318000750591665,33.684972398975525,33.195673951365634,33.669681549072266,8277200,0.0,0.0
2018-02-26 00:00:00-05:00,33.814946320506934,33.937270225266715,33.493847164174475,33.66204071044922,12713300,0.0,0.0
2018-02-27 00:00:00-05:00,33.753783497597645,33.87610739391805,33.34858322143555,33.34858322143555,12774400,0.0,0.0
2018-02-28 00:00:00-05:00,33.5091388246614,33.570299320299775,33.04277801513672,33.04277801513672,11929400,0.0,0.0
2018-03-01 00:00:00-05:00,32.95104005341332,33.363884425254895,32.736973897539606,33.20333480834961,17746800,0.0,0.0
2018-03-02 00:00:00-05:00,33.06571343736672,33.48620169548035,33.05806946893501,33.42504119873047,14050100,0.0,0.0
2018-03-05 00:00:00-05:00,33.310356336152246,33.5932297892485,33.2568398157403,33.55500411987305,11992700,0.0,0.0
2018-03-06 00:00:00-05:00,33.60087739921856,33.677328739621835,33.325647907476046,33.58558654785156,10010500,0.0,0.0
2018-03-07 00:00:00-05:00,33.325643524290996,33.57793524758427,33.233901344587196,33.50148391723633,10881700,0.0,0.0
2018-03-08 00:00:00-05:00,33.56265461158763,33.99078682090737,33.48620034818629,33.9831428527832,12361100,0.0,0.0
2018-03-09 00:00:00-05:00,34.0748752409055,34.26600646972656,33.937260522839836,34.26600646972656,9778600,0.0,0.0
2018-03-12 00:00:00-04:00,34.36538671923836,34.47241971332215,33.89138220982572,34.04428482055664,11857700,0.0,0.0
2018-03-13 00:00:00-04:00,34.151337671839364,34.273664497839256,33.944918444044674,34.074886322021484,11342100,0.0,0.0
2018-03-14 00:00:00-04:00,34.229138817219386,34.26770192638818,33.72780957149528,33.76637268066406,15321200,0.39,0.0
2018-03-15 00:00:00-04:00,33.84349592174405,33.93604795599654,33.58897414982953,33.68152618408203,12456700,0.0,0.0
2018-03-16 00:00:00-04:00,33.70465728410665,33.951464603483544,33.5118388819575,33.51955032348633,26603300,0.0,0.0
2018-03-19 00:00:00-04:00,33.51956221914567,33.7123806897236,33.30360647359482,33.36530685424805,12380300,0.0,0.0
2018-03-20 00:00:00-04:00,33.41158118202989,33.534984873825415,33.17248524197403,33.288177490234375,13559800,0.0,0.0
2018-03-21 00:00:00-04:00,33.26504227360013,33.5118496724466,33.00280904455373,33.16477584838867,13054000,0.0,0.0
2018-03-22 00:00:00-04:00,33.072234117714295,33.45015677779128,32.93340454481907,32.979679107666016,12274100,0.0,0.0
2018-03-23 00:00:00-04:00,33.02595579278447,33.28818909705666,32.617181472839675,32.648033142089844,13475200,0.0,0.0
2018-03-26 00:00:00-04:00,32.8639778776243,33.0182332297623,32.58631883221113,32.92567825317383,11276100,0.0,0.0
2018-03-27 00:00:00-04:00,32.93339220211355,33.403869695914274,32.8022741247739,33.079933166503906,11627000,0.0,0.0
2018-03-28 00:00:00-04:00,33.16477933666888,33.70467168174764,33.16477933666888,33.41158676147461,16277400,0.0,0.0
2018-03-29 00:00:00-04:00,33.58126622819831,33.874348191098825,33.38844775368019,33.49642562866211,10450500,0.0,0.0
2018-04-02 00:00:00-04:00,33.504144446804084,33.55042195005688,32.75601060170162,32.91026306152344,14207900,0.0,0.0
2018-04-03 00:00:00-04:00,33.14934833532234,33.581262732465134,33.04137047158067,33.45785903930664,15484600,0.0,0.0
2018-04-04 00:00:00-04:00,33.27275554531109,34.244562306055414,33.249618269828375,34.121158599853516,13563300,0.0,0.0
2018-04-05 00:00:00-04:00,34.15200526099494,34.40652704466732,33.889772033351996,34.24456024169922,11707800,0.0,0.0
2018-04-06 00:00:00-04:00,34.15199906475737,34.337106050405495,33.71237328379077,33.87434005737305,11495100,0.0,0.0
2018-04-09 00:00:00-04:00,33.959187877045835,34.17514656337626,33.76636940771502,33.804935455322266,11913400,0.0,0.0
2018-04-10 00:00:00-04:00,33.990037473674384,34.07487806577486,33.72009280987849,33.92833709716797,10379500,0.0,0.0
2018-04-11 00:00:00-04:00,33.78950757230831,34.04402640643357,33.75094152704361,33.92833709716797,8424300,0.0,0.0
2018-04-12 00:00:00-04:00,33.99774496200082,34.252263744488296,33.89747856057215,33.95917892456055,8476400,0.0,0.0
2018-04-13 00:00:00-04:00,34.082580340811674,34.468217152307425,34.04401724809717,34.32938766479492,10774200,0.0,0.0
2018-04-16 00:00:00-04:00,34.43739204434233,34.622496193099096,34.24457350645056,34.46052932739258,8962100,0.0,0.0
2018-04-17 00:00:00-04:00,34.668777015816936,34.7304774239088,34.437395336661496,34.61478805541992,8406400,0.0,0.0
2018-04-18 00:00:00-04:00,34.63018684918893,34.68417576742431,34.190561119457804,34.32938766479492,7429000,0.0,0.0
2018-04-19 00:00:00-04:00,34.19828528605674,34.29855171816313,33.95147787023829,34.175148010253906,10370400,0.0,0.0
2018-04-20 00:00:00-04:00,34.17514526720601,34.252271475142614,33.61211571117539,33.73551940917969,14690700,0.0,0.0
2018-04-23 00:00:00-04:00,33.735519701773114,33.92833816546319,33.596690172542154,33.920623779296875,11878500,0.0,0.0
2018-04-24 00:00:00-04:00,33.92063604685646,34.01318811909024,32.956543379737376,33.21877670288086,18523900,0.0,0.0
2018-04-25 00:00:00-04:00,32.964247024712954,33.079936341754426,32.324088290146605,32.72515106201172,20774700,0.0,0.0
2018-04-26 00:00:00-04:00,32.70201348098695,33.24190283981383,32.59403266704523,32.97195816040039,13561000,0.0,0.0
2018-04-27 00:00:00-04:00,32.95653317236637,33.4270107189515,32.94110734140891,33.403873443603516,9777900,0.0,0.0
2018-04-30 00:00:00-04:00,33.55042189440289,33.69696290786136,33.14164758063441,33.326751708984375,16037700,0.0,0.0
2018-05-01 00:00:00-04:00,33.133927046431594,33.15706726481593,32.53233432761635,32.84855651855469,11514200,0.0,0.0
2018-05-02 00:00:00-04:00,32.70201058627532,32.84855155038879,32.34722239908173,32.43977737426758,13736400,0.0,0.0
2018-05-03 00:00:00-04:00,32.56318420760586,32.702013741603835,32.02329190229999,32.30866241455078,18352200,0.0,0.0
2018-05-04 00:00:00-04:00,32.23153201707769,32.77913569551584,32.21610618839515,32.67115783691406,10946200,0.0,0.0
2018-05-07 00:00:00-04:00,32.65573546351009,32.77142771978244,32.36265057188276,32.50148010253906,9336000,0.0,0.0
2018-05-08 00:00:00-04:00,32.37037869778885,32.46293077678483,32.15441992389483,32.24697494506836,15062200,0.0,0.0
2018-05-09 00:00:00-04:00,32.37036747566223,32.570897400996934,32.13898294512211,32.22382354736328,9295200,0.0,0.0
2018-05-10 00:00:00-04:00,32.385780999499666,32.671151418625264,32.347214964281676,32.53232192993164,7924200,0.0,0.0
2018-05-11 00:00:00-04:00,32.57860925411273,32.756001889467704,32.42435389314169,32.50148010253906,6331900,0.0,0.0
2018-05-14 00:00:00-04:00,32.58632136156016,32.640310297672656,32.31637668099766,32.424354553222656,10715500,0.0,0.0
2018-05-15 00:00:00-04:00,32.223825825169065,32.33180371122627,31.969306942630894,32.17755126953125,16449700,0.0,0.0
2018-05-16 00:00:00-04:00,32.192968766435854,32.34722116819042,32.03871342250532,32.046424865722656,11590500,0.0,0.0
2018-05-17 00:00:00-04:00,32.40121542074266,32.66344866585657,32.29323754490336,32.62488555908203,14857400,0.0,0.0
2018-05-18 00:00:00-04:00,32.62487394166892,32.68657724427738,32.455195743846474,32.53232192993164,11950200,0.0,0.0
2018-05-21 00:00:00-04:00,32.632594411104144,32.794561197392774,32.60174275404652,32.709720611572266,9110200,0.0,0.0
2018-05-22 00:00:00-04:00,32.77913742516873,32.85626363047514,32.55546731073354,32.58631896972656,8222900,0.0,0.0
2018-05-23 00:00:00-04:00,32.58632646106049,32.740581849311525,32.33951901672956,32.70201873779297,8971400,0.0,0.0
2018-05-24 00:00:00-04:00,32.7020078771085,32.75599680373954,32.54003815503953,32.64030456542969,9269600,0.0,0.0
2018-05-25 00:00:00-04:00,32.65574123866462,32.84084829300122,32.54776334954194,32.70201873779297,8806500,0.0,0.0
2018-05-29 00:00:00-04:00,32.48605432698826,33.04908389463181,32.47062849664753,32.91796875,14826900,0.0,0.0
2018-05-30 00:00:00-04:00,32.98738986548314,33.380738317274044,32.93340091998589,33.26504898071289,10114200,0.0,0.0
2018-05-31 00:00:00-04:00,33.31903120821178,33.326742652223615,32.91796844954221,33.16477584838867,15571300,0.0,0.0
2018-06-01 00:00:00-04:00,33.24190601610748,33.411587226338455,33.19563146217293,33.25733184814453,10664700,0.0,0.0
2018-06-04 00:00:00-04:00,33.4424352948191,33.61982793090776,33.38844635958239,33.542701721191406,11727600,0.0,0.0
2018-06-05 00:00:00-04:00,33.55041488261068,33.58126654494693,33.24190414360115,33.24961853027344,9975900,0.0,0.0
2018-06-06 00:00:00-04:00,33.21104264535288,33.51955032348633,33.19561682011991,33.51955032348633,9202900,0.0,0.0
2018-06-07 00:00:00-04:00,33.419293674353845,33.727801415275934,33.419293674353845,33.50413131713867,11948100,0.0,0.0
2018-06-08 00:00:00-04:00,33.604410305376305,33.93605838404913,33.59669885939237,33.89749526977539,12078800,0.0,0.0
2018-06-11 00:00:00-04:00,33.897486389212624,34.12886795641408,33.85120889890183,34.03631591796875,7526100,0.0,0.0
2018-06-12 00:00:00-04:00,34.03631401981869,34.25998118840666,33.99775091779843,34.25226974487305,8243300,0.0,0.0
2018-06-13 00:00:00-04:00,34.20600149272656,34.337119605608514,34.0517490429975,34.074886322021484,16745000,0.0,0.0
2018-06-14 00:00:00-04:00,34.0437590312385,34.12157215024353,33.86478648282276,33.911476135253906,12696200,0.39,0.0
2018-06-15 00:00:00-04:00,33.89590690058169,34.35501134532375,33.81031070384305,34.3316650390625,21562500,0.0,0.0
2018-06-18 00:00:00-04:00,34.14490729573112,34.207157176904246,33.771399103554664,33.888118743896484,12161900,0.0,0.0
2018-06-19 00:00:00-04:00,33.69359017223652,34.04375510412637,33.615777062207606,33.927032470703125,12936400,0.0,0.0
2018-06-20 00:00:00-04:00,33.94259993713676,34.06710270980287,33.6391246142869,33.66246795654297,10893700,0.0,0.0
2018-06-21 00:00:00-04:00,33.67023636990439,33.69357970198316,33.42901105436754,33.53017044067383,10465200,0.0,0.0
2018-06-22 00:00:00-04:00,33.576869052765495,33.779184911105006,33.522399284428715,33.65468215942383,14924400,0.0,0.0
2018-06-25 00:00:00-04:00,33.5846545049963,34.0437590312385,33.5846545049963,33.911476135253906,12092400,0.0,0.0
2018-06-26 00:00:00-04:00,33.895910554737576,34.11378964746648,33.67802849362866,33.71693801879883,13974700,0.0,0.0
2018-06-27 00:00:00-04:00,33.71693675706769,33.934815841643285,33.45236802506309,33.514617919921875,15332600,0.0,0.0
2018-06-28 00:00:00-04:00,33.64690939882655,33.98929129877587,33.59243665019014,33.82588195800781,12668900,0.0,0.0
2018-06-29 00:00:00-04:00,33.90370175483472,34.31611673462739,33.70138581240274,34.129364013671875,11485600,0.0,0.0
2018-07-02 00:00:00-04:00,34.06708646466956,34.36278152188985,33.911460299333555,34.04374313354492,9232500,0.0,0.0
2018-07-03 00:00:00-04:00,34.28498048234663,34.4950794414053,34.23051071166992,34.23051071166992,8214300,0.0,0.0
2018-07-05 00:00:00-04:00,34.3627863527732,34.75963787957739,34.33944301836685,34.75185775756836,11653000,0.0,0.0
2018-07-06 00:00:00-04:00,34.75964476114691,34.96974371753632,34.689614744063604,34.73630142211914,8733900,0.0,0.0
2018-07-09 00:00:00-04:00,34.65848864379198,34.806334739678206,34.50285945590235,34.5495491027832,7373100,0.0,0.0
2018-07-10 00:00:00-04:00,34.63514354806703,35.016434923319245,34.62736342417125,34.99309158325195,10606100,0.0,0.0
2018-07-11 00:00:00-04:00,35.008664208306435,35.01644433429318,34.73631230467792,34.85303497314453,7715600,0.0,0.0
2018-07-12 00:00:00-04:00,34.88414927419373,34.98530571872294,34.61958055700246,34.7596435546875,6331600,0.0,0.0
2018-07-13 00:00:00-04:00,34.782994812031035,34.845244712264595,34.60402226733684,34.81412124633789,5585900,0.0,0.0
2018-07-16 00:00:00-04:00,34.80632781982422,34.86079757949946,34.650698662875264,34.80632781982422,5831400,0.0,0.0
2018-07-17 00:00:00-04:00,34.82190786540838,35.31991903368224,34.76743807940221,35.21097946166992,11592200,0.0,0.0
2018-07-18 00:00:00-04:00,35.16427200453225,35.24208806542954,34.89192321233974,35.10980224609375,7351600,0.0,0.0
2018-07-19 00:00:00-04:00,35.00865537757249,35.35103723386018,34.95418263588261,35.10203170776367,10097500,0.0,0.0
2018-07-20 00:00:00-04:00,35.03199429885704,35.234310150146484,34.93861798044496,35.234310150146484,8588400,0.0,0.0
2018-07-23 00:00:00-04:00,35.234309416089296,35.29656227265349,34.837457844821074,34.97752380371094,9055700,0.0,0.0
2018-07-24 00:00:00-04:00,34.84523417699188,35.22652546101908,34.712951323752996,35.21874237060547,13786100,0.0,0.0
2018-07-25 00:00:00-04:00,35.794579587504515,36.24590397234333,35.60004382887677,35.8646125793457,21330600,0.0,0.0
2018-07-26 00:00:00-04:00,36.07471101788424,36.25368355695208,35.95020825295096,35.9813346862793,12673100,0.0,0.0
2018-07-27 00:00:00-04:00,36.043584947338104,36.18365093034533,35.84126906542771,35.95798873901367,10516900,0.0,0.0
2018-07-30 00:00:00-04:00,35.872393276608705,36.1369620313037,35.8334867179377,35.97355270385742,8967900,0.0,0.0
2018-07-31 00:00:00-04:00,36.10583278192883,36.31592875877488,36.03579980018692,36.28480529785156,12438800,0.0,0.0
2018-08-01 00:00:00-04:00,36.144742626722994,36.17586905886124,35.92686057013522,36.098052978515625,9904100,0.0,0.0
2018-08-02 00:00:00-04:00,36.16808892984793,36.28481157573934,35.93464660644531,35.93464660644531,12009700,0.0,0.0
2018-08-03 00:00:00-04:00,35.973544258611085,36.38595902678834,35.90351128209236,36.27701950073242,11462800,0.0,0.0
2018-08-06 00:00:00-04:00,36.26144830924747,36.471547192579145,36.222541768270226,36.300357818603516,10056100,0.0,0.0
2018-08-07 00:00:00-04:00,36.19921418729705,36.2692471788783,35.89573887990498,36.183650970458984,8632900,0.0,0.0
2018-08-08 00:00:00-04:00,36.17586555527447,36.230335322051104,35.88795053844982,35.91129684448242,6810000,0.0,0.0
2018-08-09 00:00:00-04:00,35.989111940093366,36.12139481861842,35.85682906156831,36.066925048828125,8924100,0.0,0.0
2018-08-10 00:00:00-04:00,35.95798322347549,36.12139252245879,35.7712305870316,35.85682678222656,7535400,0.0,0.0
2018-08-13 00:00:00-04:00,35.83348574233363,35.89573860921645,35.56113687067147,35.662296295166016,8143400,0.0,0.0
2018-08-14 00:00:00-04:00,35.72454377597018,35.87238987224112,35.693417344635286,35.708980560302734,6846100,0.0,0.0
2018-08-15 00:00:00-04:00,35.615601411075275,35.91129654855433,35.52222509285333,35.85682678222656,9686400,0.0,0.0
2018-08-16 00:00:00-04:00,35.880174515753275,36.09027348377886,35.77123496975038,35.96577072143555,10600700,0.0,0.0
2018-08-17 00:00:00-04:00,36.020236942049365,36.36261876263208,35.98133038922537,36.26145935058594,8885700,0.0,0.0
2018-08-20 00:00:00-04:00,36.32371475182628,36.47156085025595,36.253681764490146,36.36262130737305,6392000,0.0,0.0
2018-08-21 00:00:00-04:00,36.36262234878609,36.37818556512651,35.95798762907534,35.96577072143555,13986300,0.0,0.0
2018-08-22 00:00:00-04:00,36.059147003598454,36.09027343623828,35.73232539764028,35.740108489990234,7159100,0.0,0.0
2018-08-23 00:00:00-04:00,35.70898043412744,35.856829498255834,35.553351246382746,35.561134338378906,13144900,0.0,0.0
2018-08-24 00:00:00-04:00,35.52223130797692,35.63895098408122,35.46776153211888,35.50666809082031,10952900,0.0,0.0
2018-08-27 00:00:00-04:00,35.83348046421004,35.83348046421004,35.45219210004522,35.553348541259766,9581200,0.0,0.0
2018-08-28 00:00:00-04:00,35.52223005607691,35.584479954129314,35.23431500139687,35.30434799194336,8476800,0.0,0.0
2018-08-29 00:00:00-04:00,35.21096720370331,35.34325007555797,35.18762386593595,35.27322006225586,12410900,0.0,0.0
2018-08-30 00:00:00-04:00,35.234309416089296,35.26543584437139,34.93083416128779,34.97752380371094,9716500,0.0,0.0
2018-08-31 00:00:00-04:00,35.01643692038127,35.07090669589812,34.54176918940861,34.68183517456055,19834100,0.0,0.0
2018-09-04 00:00:00-04:00,34.70517482692847,34.93862008962076,34.635141841796745,34.82967758178711,11138500,0.0,0.0
2018-09-05 00:00:00-04:00,34.75185855925958,35.34324580210407,34.75185855925958,35.3121223449707,10554900,0.0,0.0
2018-09-06 00:00:00-04:00,35.32768476267563,35.79456926134143,35.249868700645166,35.615596771240234,11439400,0.0,0.0
2018-09-07 00:00:00-04:00,35.483315202896684,35.65450759150304,35.234309711312676,35.57669448852539,10208100,0.0,0.0
2018-09-10 00:00:00-04:00,35.72455160258683,36.035810047367235,35.63895538185319,35.84127426147461,8568900,0.0,0.0
2018-09-11 00:00:00-04:00,35.87239241579363,35.91130194191108,35.70120296807316,35.810142517089844,9278300,0.0,0.0
2018-09-12 00:00:00-04:00,35.919081819622626,36.02802136789174,35.81014227135351,35.9813346862793,13216400,0.0,0.0
2018-09-13 00:00:00-04:00,36.10689158661765,36.19321586954132,35.87146362913512,35.96563720703125,8294800,0.39,0.0
2018-09-14 00:00:00-04:00,36.03626188515588,36.122586165648485,35.792987633180886,36.0911979675293,7612900,0.0,0.0
2018-09-17 00:00:00-04:00,36.099038996056,36.358011799708464,36.02841032175337,36.350162506103516,8527300,0.0,0.0
2018-09-18 00:00:00-04:00,36.405102903218136,36.514969086740365,36.04411315917969,36.04411315917969,9847400,0.0,0.0
2018-09-19 00:00:00-04:00,36.09904103024052,36.185365302989055,35.99702116302602,36.067649841308594,7119000,0.0,0.0
2018-09-20 00:00:00-04:00,36.27168556068451,36.63267521255673,36.216752482948664,36.60128402709961,9736700,0.0,0.0
2018-09-21 00:00:00-04:00,36.60129064121037,36.640528133308145,36.39725388612465,36.55420684814453,19240300,0.0,0.0
2018-09-24 00:00:00-04:00,36.483574108692125,36.514962302703374,35.97347778724695,36.15397262573242,10778900,0.0,0.0
2018-09-25 00:00:00-04:00,36.14613748085793,36.240308079210934,35.792993994997495,35.84792709350586,7919100,0.0,0.0
2018-09-26 00:00:00-04:00,35.918547670052654,36.153975609523236,35.76159471252938,35.981327056884766,10162600,0.0,0.0
2018-09-27 00:00:00-04:00,35.88716685360193,36.24031036170411,35.847929351286034,36.10689926147461,10826900,0.0,0.0
2018-09-28 00:00:00-04:00,36.09904999252174,36.24815368652344,36.07550809179234,36.24815368652344,9071900,0.0,0.0
2018-10-01 00:00:00-04:00,36.23245803530286,36.373715426731785,36.13828743889334,36.279544830322266,9364700,0.0,0.0
2018-10-02 00:00:00-04:00,36.31878032700691,36.53851569802024,36.14613474204608,36.49927520751953,7462700,0.0,0.0
2018-10-03 00:00:00-04:00,36.46004186609242,36.530670565962666,35.94209906492043,35.997032165527344,10542300,0.0,0.0
2018-10-04 00:00:00-04:00,35.83222339373342,36.02056754148708,35.65172854035169,35.981327056884766,9582300,0.0,0.0
2018-10-05 00:00:00-04:00,36.05195515936931,36.22460370923636,35.8557647140217,36.0048713684082,8734100,0.0,0.0
2018-10-08 00:00:00-04:00,36.09118793755588,36.55419740946478,36.07549234604378,36.4757194519043,9808100,0.0,0.0
2018-10-09 00:00:00-04:00,36.39725547481251,36.53066355249379,36.271693698441766,36.40510177612305,10824500,0.0,0.0
2018-10-10 00:00:00-04:00,36.334478677563936,36.64838466357973,35.84007779735932,35.84792709350586,13917000,0.0,0.0
2018-10-11 00:00:00-04:00,35.942092432717786,36.07550350502371,34.921902617887305,35.031768798828125,17677900,0.0,0.0
2018-10-12 00:00:00-04:00,34.90621077042544,35.220116744223,34.72571588326207,35.06316375732422,12420100,0.0,0.0
2018-10-15 00:00:00-04:00,35.031766298361276,35.52616707093496,34.99252880705863,35.24365234375,11608500,0.0,0.0
2018-10-16 00:00:00-04:00,35.32997162531651,35.78513184860154,35.20440987472462,35.69881057739258,10442500,0.0,0.0
2018-10-17 00:00:00-04:00,35.63603806183043,36.09120140463705,35.59680056522309,35.98918151855469,11055800,0.0,0.0
2018-10-18 00:00:00-04:00,36.02056947442615,36.1618268444144,35.67527235061985,35.79298782348633,12716900,0.0,0.0
2018-10-19 00:00:00-04:00,35.965632279817655,36.48357491277376,35.965632279817655,36.35801315307617,13989200,0.0,0.0
2018-10-22 00:00:00-04:00,36.389395712707085,36.46002437870157,35.94993111863297,36.07549285888672,14283600,0.0,0.0
2018-10-23 00:00:00-04:00,35.80083241639871,36.460032447013575,35.66742434756923,36.38155746459961,17483900,0.0,0.0
2018-10-24 00:00:00-04:00,36.358021615572376,37.18986734457411,36.28739292220155,36.67192459106445,21626000,0.0,0.0
2018-10-25 00:00:00-04:00,36.60914438984076,36.67977308166127,36.19321854084035,36.49927520751953,14220200,0.0,0.0
2018-10-26 00:00:00-04:00,36.38940979352497,36.47573408465771,35.651734658295595,36.0362663269043,21458000,0.0,0.0
2018-10-29 00:00:00-04:00,36.21675916861712,36.53851139487799,36.13828119048718,36.46003341674805,20932200,0.0,0.0
2018-10-30 00:00:00-04:00,36.585589539232465,37.46452479680576,36.13042931087156,37.37820053100586,20895400,0.0,0.0
2018-10-31 00:00:00-04:00,37.27619526979143,37.73135867002787,37.05646286616251,37.574405670166016,25309400,0.0,0.0
2018-11-01 00:00:00-04:00,37.519460212943024,37.786279326747575,37.11923004542195,37.46452713012695,16494500,0.0,0.0
2018-11-02 00:00:00-04:00,37.52731408965701,37.66857147216797,37.2291037272862,37.66857147216797,17584900,0.0,0.0
2018-11-05 00:00:00-05:00,37.6685679043162,38.280681174800115,37.60578552086718,38.210052490234375,16543500,0.0,0.0
2018-11-06 00:00:00-05:00,38.17865649842786,38.55534174133983,38.13941601996829,38.53964614868164,14373400,0.0,0.0
2018-11-07 00:00:00-05:00,38.75939371895503,38.88495551602844,38.476878927132525,38.74369812011719,12239700,0.0,0.0
2018-11-08 00:00:00-05:00,38.54749710093506,38.74368754240061,38.531801506382386,38.71229934692383,9762800,0.0,0.0
2018-11-09 00:00:00-05:00,38.759383546467944,39.15176443354476,38.73584165120448,38.98696517944336,12398100,0.0,0.0
2018-11-12 00:00:00-05:00,38.93202211558888,39.426422744795666,38.877089044969,39.13605880737305,13918300,0.0,0.0
2018-11-13 00:00:00-05:00,39.08898592832412,39.23808959106385,38.908491075440665,39.12822341918945,13872900,0.0,0.0
2018-11-14 00:00:00-05:00,39.12037233011258,39.191001007881404,38.91633559079626,39.04974365234375,12106800,0.0,0.0
2018-11-15 00:00:00-05:00,38.971271420658546,39.04190010340483,38.66521479330089,39.034053802490234,12080100,0.0,0.0
2018-11-16 00:00:00-05:00,38.971278458550486,39.434288130474364,38.9477365579265,39.37150573730469,13405800,0.0,0.0
2018-11-19 00:00:00-05:00,39.48135954423855,39.83449989053939,39.434272767705316,39.638309478759766,13575800,0.0,0.0
2018-11-20 00:00:00-05:00,39.88160105420033,39.8972966520402,38.618133867568304,38.75154495239258,16255300,0.0,0.0
2018-11-21 00:00:00-05:00,38.63382840304984,38.79862768539299,38.1315812605017,38.24144744873047,13559200,0.0,0.0
2018-11-23 00:00:00-05:00,38.25713860821448,38.63382392142915,38.100185645967855,38.469024658203125,4792500,0.0,0.0
2018-11-26 00:00:00-05:00,38.461173084256174,38.633821631858616,38.194353962338134,38.3513069152832,9341900,0.0,0.0
2018-11-27 00:00:00-05:00,38.35916642629274,38.77508931779288,38.241450931823564,38.74369812011719,9180700,0.0,0.0
2018-11-28 00:00:00-05:00,38.61812857958642,39.018358785626525,38.61812857958642,39.0105094909668,11368700,0.0,0.0
2018-11-29 00:00:00-05:00,38.97887824399714,39.09752457838187,38.733680244977734,38.7415885925293,11564300,0.39,0.0
2018-11-30 00:00:00-05:00,38.757405697129094,39.935948544919725,38.74949735010965,39.86476135253906,25538200,0.0,0.0
2018-12-03 00:00:00-05:00,39.445539796192264,39.51672697639289,38.67039217695264,39.303165435791016,14877200,0.0,0.0
2018-12-04 00:00:00-05:00,39.5246404266469,39.951760513105846,39.15288479737788,39.216163635253906,19059900,0.0,0.0
2018-12-06 00:00:00-05:00,39.160799370991406,39.25571764289978,38.48847820679884,39.05797576904297,17674900,0.0,0.0
2018-12-07 00:00:00-05:00,39.20825053692218,39.29525742650117,38.66248416224611,38.82858657836914,15565700,0.0,0.0
2018-12-10 00:00:00-05:00,39.11334136398724,39.11334136398724,38.33819361796803,38.94723892211914,12331100,0.0,0.0
2018-12-11 00:00:00-05:00,39.224072301477584,39.55627715113495,38.899775797968736,39.18452453613281,18083600,0.0,0.0
2018-12-12 00:00:00-05:00,39.50882138539099,39.56418886081841,38.90768448460592,38.93141555786133,12316900,0.0,0.0
2018-12-13 00:00:00-05:00,38.53592871654443,39.23988914712599,38.41728241186852,39.129154205322266,13766200,0.0,0.0
2018-12-14 00:00:00-05:00,38.9393297619324,39.168711061668006,38.773227310662435,39.026336669921875,13835900,0.0,0.0
2018-12-17 00:00:00-05:00,39.026330869850256,39.17661358666888,37.98225416374977,38.227455139160156,18482700,0.0,0.0
2018-12-18 00:00:00-05:00,38.44892855835607,38.62294236439096,37.84779160149085,38.219547271728516,14765700,0.0,0.0
2018-12-19 00:00:00-05:00,38.15626574680924,38.56756610771174,37.665863824354595,37.88733673095703,17903800,0.0,0.0
2018-12-20 00:00:00-05:00,37.81615787349285,38.069267236206706,37.25456864625123,37.602596282958984,21130000,0.0,0.0
2018-12-21 00:00:00-05:00,37.38113026861774,38.55967340914613,37.357402204364185,37.6263313293457,32477700,0.0,0.0
2018-12-24 00:00:00-05:00,37.66586520682278,37.86360704875719,36.25003591172118,36.35285949707031,10733700,0.0,0.0
2018-12-26 00:00:00-05:00,36.28958252922577,37.143825690376,36.1155687482892,37.12800598144531,14342600,0.0,0.0
2018-12-27 00:00:00-05:00,36.96982256413645,37.61050431302887,36.40823334163483,37.59468460083008,16966500,0.0,0.0
2018-12-28 00:00:00-05:00,37.879426519808455,37.97434175849536,37.19919410506668,37.33366012573242,13218200,0.0,0.0
2018-12-31 00:00:00-05:00,37.56304663558319,37.602594405788906,37.14383182295856,37.452308654785156,10576300,0.0,0.0
2019-01-02 00:00:00-05:00,37.128006459930454,37.34947937051329,36.82744103827681,37.12009811401367,11603700,0.0,0.0
2019-01-03 00:00:00-05:00,37.03309091646816,37.46812235352097,36.80370966186362,36.890716552734375,14714400,0.0,0.0
2019-01-04 00:00:00-05:00,36.977738089796546,37.6263313293457,36.89073116446397,37.6263313293457,13013700,0.0,0.0
2019-01-07 00:00:00-05:00,37.62632430557894,37.76869869912731,37.09637752082789,37.13592529296875,13135500,0.0,0.0
2019-01-08 00:00:00-05:00,37.37320407738758,37.626313366263076,37.20710167230692,37.55512619018555,15420700,0.0,0.0
2019-01-09 00:00:00-05:00,37.23874122697164,37.396932270134734,36.72461128478937,36.83534622192383,18032500,0.0,0.0
2019-01-10 00:00:00-05:00,36.90653466890962,37.246650854561345,36.653425370373576,37.230831146240234,15976600,0.0,0.0
2019-01-11 00:00:00-05:00,37.40485682730945,37.46022431540767,37.15174744820279,37.44440460205078,11088600,0.0,0.0
2019-01-14 00:00:00-05:00,37.373204867440286,37.49185116917787,37.16755469736936,37.29410934448242,11514300,0.0,0.0
2019-01-15 00:00:00-05:00,37.08847307938267,37.65005939359925,37.025197235605816,37.6263313293457,11342900,0.0,0.0
2019-01-16 00:00:00-05:00,37.49186497441739,37.54723246433545,37.06474175164789,37.11219787597656,16907800,0.0,0.0
2019-01-17 00:00:00-05:00,37.112185319138554,37.28619909560487,37.08054891939085,37.222923278808594,12044600,0.0,0.0
2019-01-18 00:00:00-05:00,37.37321780486891,37.721242450579766,37.27039117558771,37.65796661376953,12760700,0.0,0.0
2019-01-22 00:00:00-05:00,37.72913726362718,37.8003244346214,37.341561995480745,37.744956970214844,11700400,0.0,0.0
2019-01-23 00:00:00-05:00,37.82406433866608,38.195820016720816,37.68960131648545,38.18000030517578,12058300,0.0,0.0
2019-01-24 00:00:00-05:00,38.053448934000336,38.053448934000336,37.476042990331386,37.72124099731445,10272000,0.0,0.0
2019-01-25 00:00:00-05:00,37.871527159451446,37.990170481634955,37.36530840994428,37.46813201904297,12066500,0.0,0.0
2019-01-28 00:00:00-05:00,37.3494796758532,37.41275549560774,37.12800676345978,37.30992889404297,9966900,0.0,0.0
2019-01-29 00:00:00-05:00,37.33367293514012,37.67378925920696,37.278305442134084,37.49186706542969,11998600,0.0,0.0
2019-01-30 00:00:00-05:00,37.373207068396425,37.87942568666052,37.3257479414463,37.85569763183594,12952500,0.0,0.0
2019-01-31 00:00:00-05:00,37.847786732375106,38.58338661395866,37.54722130991162,38.06925964355469,32181500,0.0,0.0
2019-02-01 00:00:00-05:00,38.34609729902884,38.58338690386755,38.28282147914567,38.520111083984375,19130100,0.0,0.0
2019-02-04 00:00:00-05:00,38.52011906898073,39.11334471270025,38.393564385679305,38.95515060424805,15105700,0.0,0.0
2019-02-05 00:00:00-05:00,39.018417513306915,39.12915245014351,38.836492383017394,38.96304702758789,12651900,0.0,0.0
2019-02-06 00:00:00-05:00,38.9234992669035,39.0421455662574,38.77321656938251,38.96304702758789,8689100,0.0,0.0
2019-02-07 00:00:00-05:00,38.89187298068698,39.12125429431282,38.75740994550741,39.08961486816406,10047800,0.0,0.0
2019-02-08 00:00:00-05:00,39.050066441791415,39.15289306640625,38.84441620986345,39.15289306640625,9813300,0.0,0.0
2019-02-11 00:00:00-05:00,39.208251633822954,39.453452600650756,39.137064451021395,39.239891052246094,9369300,0.0,0.0
2019-02-12 00:00:00-05:00,39.30316225648206,39.390169138278104,39.12124014786337,39.27943420410156,10983300,0.0,0.0
2019-02-13 00:00:00-05:00,39.23989262697431,39.50091029618752,39.20034486100881,39.382266998291016,12748800,0.0,0.0
2019-02-14 00:00:00-05:00,36.93817784087137,37.14382803535152,35.98901636621428,36.060203552246094,58905400,0.0,0.0
2019-02-15 00:00:00-05:00,36.30540165947296,36.59014736378375,35.7517239249281,35.783363342285156,35701600,0.0,0.0
2019-02-19 00:00:00-05:00,35.846640616157785,36.060202166043624,35.41160917037598,35.459068298339844,25511300,0.0,0.0
2019-02-20 00:00:00-05:00,35.52234378417431,35.78336445956866,35.43533689237619,35.67262649536133,27464000,0.0,0.0
2019-02-21 00:00:00-05:00,35.5935331149989,36.31331333063238,35.56189369474439,36.273765563964844,23121200,0.0,0.0
2019-02-22 00:00:00-05:00,36.194666426400175,36.34495216152147,35.7517266192245,35.81500244140625,24728400,0.0,0.0
2019-02-25 00:00:00-05:00,35.94155375692218,36.044380352858184,35.46697457418825,35.54607009887695,23774400,0.0,0.0
2019-02-26 00:00:00-05:00,35.67263180920418,35.70427123226218,35.32460720747051,35.34833526611328,20463200,0.0,0.0
2019-02-27 00:00:00-05:00,35.27714109071416,35.6093489324686,35.13476673243381,35.54607009887695,17827500,0.0,0.0
2019-02-28 00:00:00-05:00,35.68845489351944,36.076030319354686,35.68054654565828,35.86246871948242,22533900,0.0,0.0
2019-03-01 00:00:00-05:00,35.965287373386985,36.099750378333724,35.751725820852975,35.894100189208984,16291600,0.0,0.0
2019-03-04 00:00:00-05:00,36.01274013794658,36.123475076976995,35.83081802135364,36.10765838623047,15973800,0.0,0.0
2019-03-05 00:00:00-05:00,36.10765838374643,36.147206145211605,35.909916559119786,36.06810760498047,13062300,0.0,0.0
2019-03-06 00:00:00-05:00,36.12346980444826,36.21838803887803,35.94154771440841,35.949459075927734,14232100,0.0,0.0
2019-03-07 00:00:00-05:00,35.98110788639827,36.012744288838576,35.69635914332754,35.81500244140625,12084000,0.0,0.0
2019-03-08 00:00:00-05:00,35.71218865420178,35.791284207961574,35.28506542237419,35.46698760986328,15579100,0.0,0.0
2019-03-11 00:00:00-04:00,35.704271456077656,36.5743374918181,35.67263203282132,36.526878356933594,22126900,0.0,0.0
2019-03-12 00:00:00-04:00,36.34495384173238,36.58224346616073,36.30540607387787,36.424049377441406,19348500,0.0,0.0
2019-03-13 00:00:00-04:00,36.487326455740586,36.65342888307949,36.31331266483251,36.55851364135742,16222500,0.0,0.0
2019-03-14 00:00:00-04:00,36.57446637507277,36.789892261435334,36.40691392244897,36.462764739990234,18504100,0.4,0.0
2019-03-15 00:00:00-04:00,36.478719831866655,36.622337078735505,36.0159524711468,36.143611907958984,47254500,0.0,0.0
2019-03-18 00:00:00-04:00,36.2473382736374,36.446806345562045,36.191487456989805,36.231380462646484,24006400,0.0,0.0
2019-03-19 00:00:00-04:00,36.34309378886633,36.45479545810011,36.17554128501565,36.35107421875,14987000,0.0,0.0
2019-03-20 00:00:00-04:00,36.2234081435328,36.62234434315919,36.04787524173186,36.32712936401367,13376100,0.0,0.0
2019-03-21 00:00:00-04:00,36.32712266623688,36.5106329189935,36.25531404179811,36.31116485595703,20043000,0.0,0.0
2019-03-22 00:00:00-04:00,36.271292494248016,36.78991097074759,36.271292494248016,36.64629364013672,19055900,0.0,0.0
2019-03-25 00:00:00-04:00,36.590425938033505,36.86170265492433,36.53457511781846,36.7260627746582,11668200,0.0,0.0
2019-03-26 00:00:00-04:00,36.837763773386115,37.33244680616132,36.837763773386115,37.212764739990234,11434900,0.0,0.0
2019-03-27 00:00:00-04:00,37.22075077231324,37.428196268786344,36.96543183343473,37.18883514404297,11543600,0.0,0.0
2019-03-28 00:00:00-04:00,37.24468394138567,37.43617161328512,37.08510885237501,37.16489791870117,11121100,0.0,0.0
2019-03-29 00:00:00-04:00,37.23670794183273,37.428198680149585,37.085113263244985,37.3883056640625,16045600,0.0,0.0
2019-04-01 00:00:00-04:00,37.49202579947822,37.63564003279987,37.17287561875041,37.2765998840332,11522700,0.0,0.0
2019-04-02 00:00:00-04:00,37.30053101864131,37.444148279958405,37.15691375732422,37.15691375732422,8495000,0.0,0.0
2019-04-03 00:00:00-04:00,37.03723657929874,37.172876474505216,36.73404724863349,36.84574890136719,12854500,0.0,0.0
2019-04-04 00:00:00-04:00,36.97340045247859,37.132975512353696,36.78989019889661,37.08510208129883,7814900,0.0,0.0
2019-04-05 00:00:00-04:00,37.09309099271264,37.164899633899395,36.86170725515067,37.07713317871094,7677600,0.0,0.0
2019-04-08 00:00:00-04:00,37.13298330832929,37.1569185070613,36.917557388815936,37.140960693359375,9421300,0.0,0.0
2019-04-09 00:00:00-04:00,37.06116831727784,37.27659419987342,36.91755106221412,37.236698150634766,8641800,0.0,0.0
2019-04-10 00:00:00-04:00,37.372339813671225,37.49999926388774,37.148936536702664,37.212764739990234,8059900,0.0,0.0
2019-04-11 00:00:00-04:00,37.27659615037805,37.30053134626068,37.13297888779953,37.26861572265625,7352400,0.0,0.0
2019-04-12 00:00:00-04:00,37.236699086388576,37.444147590534314,37.15691307318871,37.29255294799805,10690000,0.0,0.0
2019-04-15 00:00:00-04:00,37.40425617136854,37.53191562409096,37.260638906600626,37.5,10261300,0.0,0.0
2019-04-16 00:00:00-04:00,37.53989573307049,37.57978874425905,37.26064161110888,37.46010971069336,10804600,0.0,0.0
2019-04-17 00:00:00-04:00,37.65957191678215,37.93882599504218,37.6196789118366,37.7234001159668,11849300,0.0,0.0
2019-04-18 00:00:00-04:00,37.76330131551866,37.9627694110953,37.71542787686929,37.88298034667969,12167000,0.0,0.0
2019-04-22 00:00:00-04:00,37.819149017333984,37.986701473315215,37.515956684862225,37.819149017333984,9834700,0.0,0.0
2019-04-23 00:00:00-04:00,38.36968356358542,38.872344024213454,37.938831740189954,38.46542739868164,25327800,0.0,0.0
2019-04-24 00:00:00-04:00,38.3218067648137,38.481381838413014,38.23404032215201,38.28191375732422,15997300,0.0,0.0
2019-04-25 00:00:00-04:00,38.0904181642495,38.210097161771735,37.874992316340574,38.170204162597656,11444400,0.0,0.0
2019-04-26 00:00:00-04:00,38.289894835158975,38.65691538012033,38.28191440734075,38.50531768798828,10154300,0.0,0.0
2019-04-29 00:00:00-04:00,38.43351224564898,38.65691858847971,38.38564184933228,38.63298034667969,9731500,0.0,0.0
2019-04-30 00:00:00-04:00,38.720748885393895,39.23936719348701,38.609047229777985,39.14362335205078,17912900,0.0,0.0
2019-05-01 00:00:00-04:00,39.055854084628805,39.15957834750969,38.73670391129146,38.768619537353516,10551200,0.0,0.0
2019-05-02 00:00:00-04:00,38.72074476506748,38.912235471205,38.51329929008989,38.60904312133789,8724600,0.0,0.0
2019-05-03 00:00:00-04:00,38.77659428433271,39.063828812069325,38.71276608019202,38.87234115600586,7076900,0.0,0.0
2019-05-06 00:00:00-04:00,38.56116139568761,38.78456461749599,38.50530754659489,38.6728630065918,8657800,0.0,0.0
2019-05-07 00:00:00-04:00,38.48138473385613,38.52925817263046,38.11436416751106,38.297874450683594,12487500,0.0,0.0
2019-05-08 00:00:00-04:00,38.33776339264615,38.481380650086415,38.154253128948326,38.17818832397461,9281400,0.0,0.0
2019-05-09 00:00:00-04:00,38.13829611773043,38.28191337818329,37.55584969195662,37.819149017333984,11450500,0.0,0.0
2019-05-10 00:00:00-04:00,37.82711224654185,38.53721785548382,37.819134865564614,38.4494514465332,9653800,0.0,0.0
2019-05-13 00:00:00-04:00,38.22605549392151,38.4015883450614,38.08243826001446,38.3377571105957,11911500,0.0,0.0
2019-05-14 00:00:00-04:00,38.720752079731504,39.35107209543991,38.57713478390827,38.848411560058594,16844200,0.0,0.0
2019-05-15 00:00:00-04:00,38.83245932360713,39.39895120236071,38.77660848316759,39.239376068115234,11422500,0.0,0.0
2019-05-16 00:00:00-04:00,39.31117211047246,39.62234184838614,39.263298672469766,39.55851364135742,17771300,0.0,0.0
2019-05-17 00:00:00-04:00,39.31117232550677,39.53457561679163,39.231383261732475,39.25532150268555,11257000,0.0,0.0
2019-05-20 00:00:00-04:00,39.1276642974355,39.20745032216266,38.904257949644325,38.97606658935547,13850500,0.0,0.0
2019-05-21 00:00:00-04:00,39.095742389560975,39.11967758440571,38.65691323677375,38.77659225463867,10587400,0.0,0.0
2019-05-22 00:00:00-04:00,38.920205970858156,39.66222737996414,38.87233558552292,39.614356994628906,16050400,0.0,0.0
2019-05-23 00:00:00-04:00,39.49468689560769,39.81383709807946,39.46277126663213,39.77394104003906,12199400,0.0,0.0
2019-05-24 00:00:00-04:00,39.75000334283155,39.805854168208995,39.51861961275831,39.58245086669922,6887600,0.0,0.0
2019-05-28 00:00:00-04:00,39.574465637795505,39.630316456398305,39.11967866137767,39.17552947998047,18614000,0.0,0.0
2019-05-29 00:00:00-04:00,38.888300676397655,39.11968135066928,38.625001333191314,38.784576416015625,12534600,0.0,0.0
2019-05-30 00:00:00-04:00,38.872344209658934,39.34308904628677,38.83244815484034,39.29521560668945,9087200,0.0,0.0
2019-05-31 00:00:00-04:00,39.09575006396004,39.34309161925943,38.920217150931975,39.1994743347168,11368600,0.0,0.0
2019-06-03 00:00:00-04:00,39.2234037743288,39.87765884399414,39.11170213467492,39.87765884399414,14167200,0.0,0.0
2019-06-04 00:00:00-04:00,39.89362716674805,40.11703050491633,39.59043474806094,39.89362716674805,12010600,0.0,0.0
2019-06-05 00:00:00-04:00,39.901579777730824,40.80317604410996,39.64626096588475,40.51594161987305,15837600,0.0,0.0
2019-06-06 00:00:00-04:00,40.619676629426706,41.12233700537906,40.364357749752116,41.01063537597656,15190400,0.0,0.0
2019-06-07 00:00:00-04:00,41.06648542716657,41.640951373933326,41.05052761702846,41.08244323730469,15293600,0.0,0.0
2019-06-10 00:00:00-04:00,41.12234176662975,41.12234176662975,40.763298599378565,40.99468231201172,9737400,0.0,0.0
2019-06-11 00:00:00-04:00,41.05053203550081,41.16223367484954,40.83510614091052,40.95478820800781,9915600,0.0,0.0
2019-06-12 00:00:00-04:00,41.09042771739564,41.6010655554447,41.06649251987509,41.20212936401367,11088100,0.0,0.0
2019-06-13 00:00:00-04:00,41.379033507538814,41.572019082195375,40.83224462464714,41.11368179321289,10353600,0.4,0.0
2019-06-14 00:00:00-04:00,41.04934349056743,41.43531149015694,41.04934349056743,41.2584114074707,8694300,0.0,0.0
2019-06-17 00:00:00-04:00,41.21016502109257,41.395107832611295,40.695541012101145,40.904605865478516,12322400,0.0,0.0
2019-06-18 00:00:00-04:00,41.21016366362204,41.250368087862455,40.631210138876995,40.719661712646484,9221100,0.0,0.0
2019-06-19 00:00:00-04:00,40.639255904580025,41.20212708825976,40.58296909295217,41.10563278198242,9414100,0.0,0.0
2019-06-20 00:00:00-04:00,41.41118091020922,41.644370820442795,41.29056459321934,41.53983688354492,10656600,0.0,0.0
2019-06-21 00:00:00-04:00,41.43531837075734,41.724795185369196,41.33882712168722,41.45140075683594,21264400,0.0,0.0
2019-06-24 00:00:00-04:00,41.604177486696436,41.97406312514401,41.57201271794417,41.7489128112793,10780000,0.0,0.0
2019-06-25 00:00:00-04:00,41.81324005110928,41.89364890117024,41.52376328304821,41.62025451660156,11519900,0.0,0.0
2019-06-26 00:00:00-04:00,41.42727433477118,41.52376557364733,41.08151073911368,41.10563278198242,12405100,0.0,0.0
2019-06-27 00:00:00-04:00,41.242331504173094,41.33078308453575,40.98501948897328,41.07347106933594,12374900,0.0,0.0
2019-06-28 00:00:00-04:00,41.22624606456706,41.330780021557956,40.62317049849803,40.94480895996094,16339900,0.0,0.0
2019-07-01 00:00:00-04:00,41.06543136987347,41.515728963359614,40.832241380350226,41.49160385131836,14976400,0.0,0.0
2019-07-02 00:00:00-04:00,41.63634032155656,41.85344791544316,41.45139749729788,41.79716110229492,8569200,0.0,0.0
2019-07-03 00:00:00-04:00,41.8132450100317,42.078599768024944,41.8132450100317,41.893653869628906,7253700,0.0,0.0
2019-07-05 00:00:00-04:00,41.724795883738054,41.90973872563522,41.395114632112396,41.90169906616211,8916300,0.0,0.0
2019-07-08 00:00:00-04:00,41.974068477531546,42.07860245560565,41.72479608901687,41.81324768066406,9495100,0.0,0.0
2019-07-09 00:00:00-04:00,41.58809643758297,41.789121647637174,41.35490645774378,41.48356246948242,10584900,0.0,0.0
2019-07-10 00:00:00-04:00,41.652420423684596,41.789119153411114,41.53984680355751,41.66850280761719,7620900,0.0,0.0
2019-07-11 00:00:00-04:00,41.80518971975562,41.861476513907874,41.53983506098049,41.845394134521484,10376500,0.0,0.0
2019-07-12 00:00:00-04:00,42.01427825406602,42.04644303101115,41.740883784836306,41.90974426269531,7347400,0.0,0.0
2019-07-15 00:00:00-04:00,42.03838747607855,42.04643020156176,41.70870628149005,41.91777420043945,5876100,0.0,0.0
2019-07-16 00:00:00-04:00,41.7810657870529,42.19115880438997,41.66045253937753,41.925804138183594,7132500,0.0,0.0
2019-07-17 00:00:00-04:00,41.99014206103258,42.02230375974236,41.82127857265185,41.957977294921875,8264200,0.0,0.0
2019-07-18 00:00:00-04:00,41.845414553489725,41.94994546940804,41.5478949907636,41.837371826171875,11911800,0.0,0.0
2019-07-19 00:00:00-04:00,41.92581810361971,41.93386082991728,41.3066600769644,41.3227424621582,10355500,0.0,0.0
2019-07-22 00:00:00-04:00,41.42727624234048,41.42727624234048,41.11367740100206,41.1860466003418,12090700,0.0,0.0
2019-07-23 00:00:00-04:00,42.81836775618292,43.93606738147563,42.42435701308925,43.686798095703125,33417900,0.0,0.0
2019-07-24 00:00:00-04:00,43.51794708646817,44.08081842355793,43.115896569604345,43.24455261230469,15633400,0.0,0.0
2019-07-25 00:00:00-04:00,43.12393117376211,43.26062685139136,42.39219949361369,42.67363357543945,19135000,0.0,0.0
2019-07-26 00:00:00-04:00,42.89074147395948,43.67072031662141,42.77012511384011,43.558143615722656,11451900,0.0,0.0
2019-07-29 00:00:00-04:00,43.558141703497554,43.66267567318515,43.34103717265603,43.41340637207031,12283900,0.0,0.0
2019-07-30 00:00:00-04:00,43.38928300117025,43.662677424657595,43.07568414692918,43.1963005065918,8127100,0.0,0.0
2019-07-31 00:00:00-04:00,43.027426806577964,43.027426806577964,41.845400871672936,42.319820404052734,16865500,0.0,0.0
2019-08-01 00:00:00-04:00,42.440447544138536,42.77817154124876,41.82128943893789,41.837371826171875,19527200,0.0,0.0
2019-08-02 00:00:00-04:00,41.74087786196001,42.40024035876434,41.74087786196001,42.0786018371582,13102300,0.0,0.0
2019-08-05 00:00:00-04:00,42.12683981144324,42.34394739238881,41.33078174871056,41.53180694580078,19986500,0.0,0.0
2019-08-06 00:00:00-04:00,41.708704394791255,42.42435356037419,41.49963955269995,42.03034591674805,19903100,0.0,0.0
2019-08-07 00:00:00-04:00,42.03035328425134,42.93094540923398,41.62830284503034,42.7620849609375,17937000,0.0,0.0
2019-08-08 00:00:00-04:00,42.78620829588166,43.244545565022015,42.49673148012953,43.172176361083984,10799000,0.0,0.0
2019-08-09 00:00:00-04:00,43.25259005022496,43.34104164390094,42.681679122282105,42.95507049560547,9260900,0.0,0.0
2019-08-12 00:00:00-04:00,42.842486559537406,42.97114255558343,42.60929967554211,42.778160095214844,6588600,0.0,0.0
2019-08-13 00:00:00-04:00,42.53693088337237,43.107841679446665,42.51280577505028,43.01939010620117,8581200,0.0,0.0
2019-08-14 00:00:00-04:00,42.89073657233243,43.397320932578396,42.59322013674719,42.60930252075195,17088900,0.0,0.0
2019-08-15 00:00:00-04:00,42.963110321327036,43.421447578148715,42.80228953163139,43.31691360473633,12393200,0.0,0.0
2019-08-16 00:00:00-04:00,43.405361738948436,43.8154548734139,43.381239696003824,43.75112533569336,14288700,0.0,0.0
2019-08-19 00:00:00-04:00,43.775251175991926,44.048645600217874,43.67072026923013,43.97627639770508,10936200,0.0,0.0
2019-08-20 00:00:00-04:00,43.91999563653373,43.96824280066154,43.29279783988159,43.3249626159668,8176700,0.0,0.0
2019-08-21 00:00:00-04:00,43.62246646979726,43.75112246940845,43.300824937068775,43.50185012817383,10886500,0.0,0.0
2019-08-22 00:00:00-04:00,43.51794065801889,43.93607350187912,43.501858271631775,43.815460205078125,7467900,0.0,0.0
2019-08-23 00:00:00-04:00,43.759172917584884,43.99236293294325,42.93094990757616,43.21238708496094,14160400,0.0,0.0
2019-08-26 00:00:00-04:00,43.42144808255861,43.85566329956055,43.20434047405764,43.85566329956055,9226900,0.0,0.0
2019-08-27 00:00:00-04:00,43.98431053113514,44.18533571357415,43.75112058332969,44.00039291381836,13537000,0.0,0.0
2019-08-28 00:00:00-04:00,43.95216074026859,44.346171581744905,43.75917514972058,44.31400680541992,10046400,0.0,0.0
2019-08-29 00:00:00-04:00,44.43460749696271,44.49893703134433,43.90390110791846,44.2657470703125,9262800,0.0,0.0
2019-08-30 00:00:00-04:00,44.354200741903966,44.40244789496962,44.072766684190576,44.25770950317383,8746700,0.0,0.0
2019-09-03 00:00:00-04:00,44.20945818150051,44.490895280077744,44.12100660958769,44.46677017211914,12991400,0.0,0.0
2019-09-04 00:00:00-04:00,44.50697973053877,44.96531695842173,44.466775302503656,44.844703674316406,10718100,0.0,0.0
2019-09-05 00:00:00-04:00,44.82861340665414,44.8446957885204,44.249659929071726,44.32202911376953,13677000,0.0,0.0
2019-09-06 00:00:00-04:00,44.57934856547726,44.57934856547726,44.032559759922385,44.41048812866211,9093500,0.0,0.0
2019-09-09 00:00:00-04:00,44.249670636811246,44.28987813490683,43.710924517226545,43.83958053588867,10814900,0.0,0.0
2019-09-10 00:00:00-04:00,43.60639283083971,43.77525328905342,43.30083362021375,43.74309158325195,12038200,0.0,0.0
2019-09-11 00:00:00-04:00,43.654631819014654,44.06472186468419,43.397319816359065,44.04059982299805,9740400,0.0,0.0
2019-09-12 00:00:00-04:00,44.305964077637725,44.474827619642944,44.20947281606467,44.31400680541992,12357900,0.0,0.0
2019-09-13 00:00:00-04:00,44.1277090665471,44.378803973407564,43.79561739738502,43.94951248168945,11486100,0.4,0.0
2019-09-16 00:00:00-04:00,43.819905312467725,44.01430182118998,43.43921691303766,43.70650863647461,11172000,0.0,0.0
2019-09-17 00:00:00-04:00,43.819907875252156,44.305897630566804,43.7065111926271,43.93330764770508,11347400,0.0,0.0
2019-09-18 00:00:00-04:00,43.90091445005244,43.97381277004572,43.5931212000999,43.92521286010742,9700400,0.0,0.0
2019-09-19 00:00:00-04:00,43.925204146180434,44.224895806775955,43.844207402179826,44.160099029541016,7560300,0.0,0.0
2019-09-20 00:00:00-04:00,44.29779507880953,44.29779507880953,43.65791337165707,43.666011810302734,19211500,0.0,0.0
2019-09-23 00:00:00-04:00,43.665996186705435,44.030487591901974,43.64169778963456,43.852291107177734,6485300,0.0,0.0
2019-09-24 00:00:00-04:00,43.941419948366004,44.2330132755757,43.77132487076996,43.98191833496094,10093000,0.0,0.0
2019-09-25 00:00:00-04:00,44.09530474653568,44.12770468417001,43.738914702042344,43.876609802246094,10248400,0.0,0.0
2019-09-26 00:00:00-04:00,44.11960562998108,44.20870391232009,43.84421234358237,44.054805755615234,10031200,0.0,0.0
2019-09-27 00:00:00-04:00,44.19250428206278,44.257301067096634,43.738914427513414,43.99000930786133,7939900,0.0,0.0
2019-09-30 00:00:00-04:00,43.86040697566319,44.28969527670702,43.86040697566319,44.095298767089844,9808700,0.0,0.0
2019-10-01 00:00:00-04:00,44.16820393273784,44.370698912205484,43.74701400466575,44.265403747558594,14261500,0.0,0.0
2019-10-02 00:00:00-04:00,43.909003573619856,44.0952985541132,42.847932028643534,42.99372863769531,14343600,0.0,0.0
2019-10-03 00:00:00-04:00,43.333932072173454,43.72272211998548,42.78314539864925,43.60932540893555,13817500,0.0,0.0
2019-10-04 00:00:00-04:00,43.738921536001044,44.17631149291992,43.64982323849958,44.17631149291992,9295400,0.0,0.0
2019-10-07 00:00:00-04:00,44.00621051238646,44.030508921228005,43.552620645099104,43.63361740112305,5964900,0.0,0.0
2019-10-08 00:00:00-04:00,43.64172462127453,43.79561971371841,43.29343296326544,43.39873123168945,13301900,0.0,0.0
2019-10-09 00:00:00-04:00,43.78751035109086,43.79560878979798,43.3663204722806,43.60121536254883,7135000,0.0,0.0
2019-10-10 00:00:00-04:00,43.37442176926001,43.64171661162647,43.22052670506079,43.46352005004883,8942900,0.0,0.0
2019-10-11 00:00:00-04:00,43.45541938723435,43.49591776102209,43.09092784348898,43.17192459106445,8981700,0.0,0.0
2019-10-14 00:00:00-04:00,43.32582273721687,43.479717793541425,43.107127810969644,43.17192459106445,7306300,0.0,0.0
2019-10-15 00:00:00-04:00,43.27721754057606,43.47971247457096,43.14762090641243,43.34201431274414,9564300,0.0,0.0
2019-10-16 00:00:00-04:00,43.30151561517671,43.390613879830454,43.03422391104295,43.3258171081543,10454800,0.0,0.0
2019-10-17 00:00:00-04:00,43.48781729928132,43.836108884090876,43.39872211069361,43.568817138671875,13190300,0.0,0.0
2019-10-18 00:00:00-04:00,44.54889741458504,44.864789101879566,44.10340905840485,44.37070083618164,18122400,0.0,0.0
2019-10-21 00:00:00-04:00,44.10340944005284,44.192507730025554,43.47972450007221,43.92521286010742,12778900,0.0,0.0
2019-10-22 00:00:00-04:00,43.92520960900734,44.079104677678984,43.5283211882859,43.61741638183594,9533400,0.0,0.0
2019-10-23 00:00:00-04:00,43.78751459433294,44.27350129937833,43.74701312738907,44.257301330566406,8556600,0.0,0.0
2019-10-24 00:00:00-04:00,44.200597960346165,44.403092912735445,44.13580118229203,44.23299789428711,11051400,0.0,0.0
2019-10-25 00:00:00-04:00,44.184409949207016,44.19251147979833,43.471626658773395,43.53642654418945,9782400,0.0,0.0
2019-10-28 00:00:00-04:00,43.52831936926778,43.698414399611664,43.22862459409656,43.390621185302734,8866100,0.0,0.0
2019-10-29 00:00:00-04:00,43.24482832028369,43.46352327394297,43.13953006337479,43.26102828979492,7999700,0.0,0.0
2019-10-30 00:00:00-04:00,43.35013273738331,43.77942117603537,43.05853942440128,43.69032287597656,8620900,0.0,0.0
2019-10-31 00:00:00-04:00,43.706504893442386,44.11959628041458,43.61740662998456,44.087196350097656,13982000,0.0,0.0
2019-11-01 00:00:00-04:00,44.249201967776266,44.3383002494687,43.617415556606296,43.65791702270508,9889500,0.0,0.0
2019-11-04 00:00:00-05:00,43.706511097498705,43.738911032414734,42.904632792208034,43.042327880859375,17515100,0.0,0.0
2019-11-05 00:00:00-05:00,42.83983613149636,42.83983613149636,42.21615124186808,42.459144592285156,19284000,0.0,0.0
2019-11-06 00:00:00-05:00,42.54824231640704,42.766937255859375,42.45104559548202,42.766937255859375,13288900,0.0,0.0
2019-11-07 00:00:00-05:00,42.831739601071114,42.928936327604355,42.08655645810769,42.353851318359375,11725500,0.0,0.0
2019-11-08 00:00:00-05:00,42.491553702669435,42.604950418022185,42.19186194211877,42.289058685302734,7141800,0.0,0.0
2019-11-11 00:00:00-05:00,42.38624464357633,42.41864148748034,41.940753279334,41.98935317993164,8198300,0.0,0.0
2019-11-12 00:00:00-05:00,42.04605267459177,42.04605267459177,41.77876093852819,41.884056091308594,12656900,0.0,0.0
2019-11-13 00:00:00-05:00,42.264743389811116,42.483438291991504,42.08654685696172,42.4510383605957,12257900,0.0,0.0
2019-11-14 00:00:00-05:00,42.548234486576405,42.661631155092735,42.402437887104696,42.629234313964844,8660300,0.0,0.0
2019-11-15 00:00:00-05:00,42.637349383849696,42.669749327443704,42.426755930146015,42.66164779663086,8982400,0.0,0.0
2019-11-18 00:00:00-05:00,42.66972872245243,43.28531190433322,42.66162719555177,42.95322036743164,13782000,0.0,0.0
2019-11-19 00:00:00-05:00,43.05042697567904,43.180023618188656,42.82363053391645,42.99372863769531,12679500,0.0,0.0
2019-11-20 00:00:00-05:00,43.009932143772886,43.25292858953205,42.93703382801077,43.10713195800781,11970300,0.0,0.0
2019-11-21 00:00:00-05:00,43.01803601024192,43.20433102957079,42.750741141316816,42.89653778076172,7856100,0.0,0.0
2019-11-22 00:00:00-05:00,42.8965220384358,43.08281698939745,42.726427051448276,42.95322036743164,9113300,0.0,0.0
2019-11-25 00:00:00-05:00,43.15572877529712,43.24482706009839,42.74264037919723,43.10713195800781,10963500,0.0,0.0
2019-11-26 00:00:00-05:00,43.180028767123154,43.690313869824834,43.10713045390462,43.65791702270508,13219800,0.0,0.0
2019-11-27 00:00:00-05:00,43.68220625441156,43.81990132277277,43.41491146548346,43.69840621948242,9595200,0.0,0.0
2019-11-29 00:00:00-05:00,43.82082391852286,43.845303829261454,43.429129782164004,43.57601547241211,7222300,0.4,0.0
2019-12-02 00:00:00-05:00,43.51072863280329,43.86162185668945,43.12719345485608,43.86162185668945,13173800,0.0,0.0
2019-12-03 00:00:00-05:00,43.82898101659261,43.93506581353327,43.576013648460155,43.90242385864258,14498300,0.0,0.0
2019-12-04 00:00:00-05:00,43.902424257254346,44.31860140361892,43.83714345978841,44.30228042602539,13624000,0.0,0.0
2019-12-05 00:00:00-05:00,44.23699358393376,44.30227748998133,43.926904368931766,44.220672607421875,14068100,0.0,0.0
2019-12-06 00:00:00-05:00,44.31860643938109,44.473651074774516,44.20435958324492,44.40836715698242,7843500,0.0,0.0
2019-12-09 00:00:00-05:00,44.31043588687233,44.481801468816506,44.08194844428009,44.12274932861328,13887200,0.0,0.0
2019-12-10 00:00:00-05:00,44.098269643594755,44.122749551736874,43.845299178797,43.8779411315918,8993900,0.0,0.0
2019-12-11 00:00:00-05:00,44.016664005292256,44.18803269806643,43.78817656547056,44.02482604980469,8879100,0.0,0.0
2019-12-12 00:00:00-05:00,44.073785817277894,44.43284106564451,44.016663957384644,44.17987060546875,11233300,0.0,0.0
2019-12-13 00:00:00-05:00,44.01667298895545,44.51445196694031,43.93507120462387,44.40836715698242,13072200,0.0,0.0
2019-12-16 00:00:00-05:00,44.62869571016794,44.74294256630411,44.36756626481663,44.40836715698242,9538100,0.0,0.0
2019-12-17 00:00:00-05:00,44.392049290442934,44.53893499256661,44.30228545993307,44.40836715698242,9230000,0.0,0.0
2019-12-18 00:00:00-05:00,44.498121488555675,44.67764911125195,43.97586270933872,43.992183685302734,15132100,0.0,0.0
2019-12-19 00:00:00-05:00,44.098264292960074,44.34307268340148,44.000338446457455,44.326751708984375,13385900,0.0,0.0
2019-12-20 00:00:00-05:00,44.83269852604422,45.04486812344354,44.44916644489779,44.857181549072266,23832800,0.0,0.0
2019-12-23 00:00:00-05:00,44.88165129220699,45.07749986752501,44.751086612964144,44.80820846557617,9300800,0.0,0.0
2019-12-24 00:00:00-05:00,44.71845474504125,44.88166140911057,44.58789003636744,44.64501190185547,3359300,0.0,0.0
2019-12-26 00:00:00-05:00,44.8163786604206,44.89798355102539,44.71029697199678,44.89798355102539,6228500,0.0,0.0
2019-12-27 00:00:00-05:00,44.889820265822785,45.24887554875156,44.88166133344177,45.16727066040039,6895500,0.0,0.0
2019-12-30 00:00:00-05:00,45.02854690322155,45.19991249895396,44.930624150361346,45.10198974609375,6431700,0.0,0.0
2019-12-31 00:00:00-05:00,45.04486799723592,45.19175368335984,44.86534035577153,45.16727066040039,7982600,0.0,0.0
2020-01-02 00:00:00-05:00,45.14279300138829,45.23255682659654,44.68581494255915,44.873504638671875,11867700,0.0,0.0
2020-01-03 00:00:00-05:00,44.32675473251642,44.87349651760619,44.13906818327897,44.628684997558594,11354500,0.0,0.0
2020-01-06 00:00:00-05:00,44.59604785941164,44.80821432357854,44.48996307087424,44.61236572265625,14698300,0.0,0.0
2020-01-07 00:00:00-05:00,44.432844723041555,44.55524738449903,44.18803628721845,44.26963806152344,9973900,0.0,0.0
2020-01-08 00:00:00-05:00,44.28594602895599,44.58787624067531,44.18802330597541,44.351226806640625,10676000,0.0,0.0
2020-01-09 00:00:00-05:00,44.881668215224195,45.20808159286202,44.7511034867508,45.15911865234375,15398000,0.0,0.0
2020-01-10 00:00:00-05:00,45.2733470690582,45.6405612163184,45.24886716354339,45.31414794921875,13040100,0.0,0.0
2020-01-13 00:00:00-05:00,45.314155801856195,45.88537756181566,45.224391982202945,45.803775787353516,14302900,0.0,0.0
2020-01-14 00:00:00-05:00,45.893533833843065,45.9343347159416,45.55896161998265,45.69768524169922,16345300,0.0,0.0
2020-01-15 00:00:00-05:00,45.697687735075675,46.49739689689054,45.697687735075675,46.2689094543457,17735400,0.0,0.0
2020-01-16 00:00:00-05:00,46.391316458160674,46.47292134737144,46.19547094987129,46.36683654785156,10234100,0.0,0.0
2020-01-17 00:00:00-05:00,46.407634150014104,46.636124710717276,46.35051228806531,46.46475601196289,14264300,0.0,0.0
2020-01-21 00:00:00-05:00,46.391313528958925,46.717726839375416,46.162826079412206,46.652442932128906,11968900,0.0,0.0
2020-01-22 00:00:00-05:00,46.717726145130925,47.03597740595824,46.660604283593095,47.011497497558594,12869600,0.0,0.0
2020-01-23 00:00:00-05:00,46.82379923739592,47.20733119576571,46.70955554286418,47.19101333618164,12858900,0.0,0.0
2020-01-24 00:00:00-05:00,47.20733475228578,47.223655726006655,46.889083546997384,47.06861114501953,8594300,0.0,0.0
2020-01-27 00:00:00-05:00,46.685089854949226,47.20734871687882,46.61980905366221,46.905418395996094,14359900,0.0,0.0
2020-01-28 00:00:00-05:00,46.88093254558988,47.125740966992666,46.489238448763835,46.52187728881836,15240200,0.0,0.0
2020-01-29 00:00:00-05:00,46.51371835703172,46.72588482547201,46.23626798266644,46.52187728881836,13163600,0.0,0.0
2020-01-30 00:00:00-05:00,47.27263906162621,48.129470318091975,47.13391228154404,48.03154754638672,20225600,0.0,0.0
2020-01-31 00:00:00-05:00,48.12130305286642,48.211066875100656,47.4521585217308,47.656166076660156,17685200,0.0,0.0
2020-02-03 00:00:00-05:00,47.94176698425854,48.12129459718113,47.754080440252075,47.803043365478516,12333600,0.0,0.0
2020-02-04 00:00:00-05:00,47.94177398528178,48.512995744709315,47.835689188253255,48.01521682739258,15417900,0.0,0.0
2020-02-05 00:00:00-05:00,48.064180465544155,48.21106615192262,47.770409092787204,48.02337646484375,11414900,0.0,0.0
2020-02-06 00:00:00-05:00,48.12946078802921,48.42323215788442,48.01521705817623,48.13762283325195,9347000,0.0,0.0
2020-02-07 00:00:00-05:00,48.04785965343881,48.40691182531908,48.02337663035255,48.30082702636719,8757800,0.0,0.0
2020-02-10 00:00:00-05:00,48.40690784530167,48.83124389331208,48.382427937136356,48.7578010559082,7984900,0.0,0.0
2020-02-11 00:00:00-05:00,48.73332402378521,48.798604820381286,48.406910702080395,48.62723922729492,7431200,0.0,0.0
2020-02-12 00:00:00-05:00,48.537479993537744,48.77412951848471,48.40691527510294,48.4803581237793,9179100,0.0,0.0
2020-02-13 00:00:00-05:00,48.45587193830368,48.83124506609085,48.31714519191657,48.643558502197266,8173200,0.0,0.0
2020-02-14 00:00:00-05:00,48.65987586535445,49.018927989672356,48.65171382110416,48.92100524902344,9965500,0.0,0.0
2020-02-18 00:00:00-05:00,48.80677582960745,48.9046985989406,48.513004408699295,48.578285217285156,10075700,0.0,0.0
2020-02-19 00:00:00-05:00,48.5619621520625,48.96181837177847,48.52932330562517,48.774131774902344,6265700,0.0,0.0
2020-02-20 00:00:00-05:00,48.70068400220413,48.8475696915111,48.235547023701464,48.73332595825195,7597200,0.0,0.0
2020-02-21 00:00:00-05:00,48.56194171958097,49.0678825378418,48.49666094126468,49.0678825378418,10842400,0.0,0.0
2020-02-24 00:00:00-05:00,48.23554541503499,48.798605129994705,47.79488836181009,47.860172271728516,14415500,0.0,0.0
2020-02-25 00:00:00-05:00,47.90096870592908,48.30898376626424,47.019654681409364,47.182861328125,15915100,0.0,0.0
2020-02-26 00:00:00-05:00,47.3134263651219,47.71328249682187,46.90541130183567,47.003334045410156,15837800,0.0,0.0
2020-02-27 00:00:00-05:00,46.636127226703,47.23998783214178,44.78373829710686,44.82453918457031,23754000,0.0,0.0
2020-02-28 00:00:00-05:00,43.92689873407077,43.97585854441799,42.09083113626807,43.64944839477539,40890600,0.0,0.0
2020-03-02 00:00:00-05:00,44.00850975698854,45.66505009779746,43.82082318103206,45.632408142089844,25698600,0.0,0.0
2020-03-03 00:00:00-05:00,46.317880889549045,46.91358577917717,45.40392777718998,45.74666213989258,27099200,0.0,0.0
2020-03-04 00:00:00-05:00,46.0322633156881,48.145781651694044,46.0322633156881,48.08049774169922,20526100,0.0,0.0
2020-03-05 00:00:00-05:00,47.16654566665725,47.46847597371109,45.85273652627922,46.30155563354492,17948500,0.0,0.0
2020-03-06 00:00:00-05:00,44.8326930932525,45.62424329556215,44.049304935265866,45.09382247924805,22353900,0.0,0.0
2020-03-09 00:00:00-04:00,42.47436527411357,43.72289342013086,42.009228374997946,42.31932067871094,27898300,0.0,0.0
2020-03-10 00:00:00-04:00,43.42914048047283,43.90243651115731,41.75627560865553,43.78819274902344,27457400,0.0,0.0
2020-03-11 00:00:00-04:00,42.719178418824846,42.963989961667,41.731782654109495,42.60493469238281,22653900,0.0,0.0
2020-03-12 00:00:00-04:00,39.61009672200166,40.74437791749059,38.10043936283629,38.48397445678711,31913100,0.0,0.0
2020-03-13 00:00:00-04:00,40.755964371032604,40.79712621035745,38.368725279941984,39.89985275268555,33697200,0.41,0.0
2020-03-16 00:00:00-04:00,34.77141692183866,39.41419065345892,33.89060402744976,37.25743865966797,28682300,0.0,0.0
2020-03-17 00:00:00-04:00,37.76780578862319,39.10136733205832,37.347978822962524,38.837947845458984,32106700,0.0,0.0
2020-03-18 00:00:00-04:00,36.82937778200883,37.16688423494609,34.23633817856297,36.919925689697266,35408300,0.0,0.0
2020-03-19 00:00:00-04:00,36.516568227122946,36.763523647715296,33.783588206789375,34.43390655517578,41956900,0.0,0.0
2020-03-20 00:00:00-04:00,34.532692576789394,34.63147412980382,30.877740572956988,31.528059005737305,51513500,0.0,0.0
2020-03-23 00:00:00-04:00,31.90672322246472,32.01373839993116,29.856989576844683,30.918901443481445,44978500,0.0,0.0
2020-03-24 00:00:00-04:00,33.93176101912371,34.07993489485679,31.96434506270034,32.4747200012207,49096200,0.0,0.0
2020-03-25 00:00:00-04:00,33.44608855202008,35.76747563127805,32.853392909585125,34.252811431884766,42511700,0.0,0.0
2020-03-26 00:00:00-04:00,35.26531729153894,37.26566116351215,34.94427499064092,36.45893859863281,37821700,0.0,0.0
2020-03-27 00:00:00-04:00,35.940346469166265,36.24492479833793,34.90313216809577,35.240638732910156,23297900,0.0,0.0
2020-03-30 00:00:00-04:00,35.42996200310752,37.50439319658294,35.42996200310752,37.04340744018555,23446000,0.0,0.0
2020-03-31 00:00:00-04:00,37.10103460589205,37.46323572385545,36.26961719003173,36.426021575927734,25373900,0.0,0.0
2020-04-01 00:00:00-04:00,34.96897424031278,35.93210441140502,34.40920697545078,34.67262649536133,21936400,0.0,0.0
2020-04-02 00:00:00-04:00,34.75494538276243,36.37662113525728,34.458597652095044,36.17905807495117,17621900,0.0,0.0
2020-04-03 00:00:00-04:00,35.87447980330094,36.5001003469182,35.65221900564254,36.08027648925781,14207100,0.0,0.0
2020-04-06 00:00:00-04:00,37.36444708900252,38.698008780753796,36.78821572040115,38.41812515258789,22850000,0.0,0.0
2020-04-07 00:00:00-04:00,39.9245661017508,40.006883538660524,38.26172812646105,38.28642272949219,21279600,0.0,0.0
2020-04-08 00:00:00-04:00,38.393431211054974,39.587052679245836,38.1382453170323,39.36479187011719,18937100,0.0,0.0
2020-04-09 00:00:00-04:00,39.87517672161036,40.93708869386482,39.80108976679705,40.33616256713867,19165300,0.0,0.0
2020-04-13 00:00:00-04:00,39.801087968815104,40.039812939119265,38.27819336003702,38.632164001464844,19586000,0.0,0.0
2020-04-14 00:00:00-04:00,39.463590244939695,40.54196652564035,38.63217261767976,40.27031326293945,21801900,0.0,0.0
2020-04-15 00:00:00-04:00,39.27424629755128,39.84224726903988,39.0272908552648,39.19192886352539,12893200,0.0,0.0
2020-04-16 00:00:00-04:00,39.019053264096264,39.38948478998042,38.49221110553804,38.7720947265625,17606800,0.0,0.0
2020-04-17 00:00:00-04:00,39.75992193027234,39.75992193027234,38.99435795277756,39.56235885620117,19844600,0.0,0.0
2020-04-20 00:00:00-04:00,39.3401003383211,39.51296882327285,38.12178417642856,38.30288314819336,18957900,0.0,0.0
2020-04-21 00:00:00-04:00,37.76780981487964,38.607460695504415,36.43424498907118,37.35621643066406,26863700,0.0,0.0
2020-04-22 00:00:00-04:00,37.907746685511306,37.990067239155245,37.45499463119778,37.60316848754883,15811600,0.0,0.0
2020-04-23 00:00:00-04:00,37.82542591981469,37.948902029025525,37.01870340684772,37.10102081298828,17668200,0.0,0.0
2020-04-24 00:00:00-04:00,37.454999839619816,37.66079654203531,37.1421879726899,37.397377014160156,15175000,0.0,0.0
2020-04-27 00:00:00-04:00,37.866593721520246,38.67331642832761,37.62786879006062,38.5086784362793,19175500,0.0,0.0
2020-04-28 00:00:00-04:00,39.43064647121336,39.51296388990069,38.33580658946408,38.47574996948242,17246700,0.0,0.0
2020-04-29 00:00:00-04:00,38.91203440227381,39.397714664861496,38.59099210229699,38.78855514526367,15780000,0.0,0.0
2020-04-30 00:00:00-04:00,38.68977300348102,38.68977300348102,37.61963097397951,37.77603530883789,20801100,0.0,0.0
2020-05-01 00:00:00-04:00,37.55377948083907,38.18763366909052,37.21627303153201,37.537315368652344,14290400,0.0,0.0
2020-05-04 00:00:00-04:00,37.306823311004145,37.43853306558018,36.71412784530787,37.15864944458008,22544200,0.0,0.0
2020-05-05 00:00:00-04:00,37.339756250904685,37.94891276518037,37.166887764978505,37.372684478759766,13370500,0.0,0.0
2020-05-06 00:00:00-04:00,37.37267712939741,37.562009692018755,36.8129099267743,36.83760452270508,11892900,0.0,0.0
2020-05-07 00:00:00-04:00,37.16688179669602,37.24096872736869,36.631809170703605,36.71412658691406,16466000,0.0,0.0
2020-05-08 00:00:00-04:00,37.10926052118709,38.047692921944346,36.94462254170849,37.9571418762207,13985100,0.0,0.0
2020-05-11 00:00:00-04:00,37.611406442528086,37.9571465560814,37.47146618385296,37.48793029785156,10874600,0.0,0.0
2020-05-12 00:00:00-04:00,37.53732175243084,37.74311847945121,36.87877285400745,36.89523696899414,13424400,0.0,0.0
2020-05-13 00:00:00-04:00,36.80467239215676,36.86229520334691,35.82508146171653,36.17081832885742,15854800,0.0,0.0
2020-05-14 00:00:00-04:00,35.709847056176756,36.26961437517364,35.58636777043589,35.9732666015625,18000800,0.0,0.0
2020-05-15 00:00:00-04:00,36.187296385088715,36.788222462114405,35.56167570523738,35.61106491088867,31579400,0.0,0.0
2020-05-18 00:00:00-04:00,36.89522040912216,37.36443648491121,36.32722282795842,37.018699645996094,26118500,0.0,0.0
2020-05-19 00:00:00-04:00,37.05162561920473,37.31504820693563,36.426005216388575,36.664730072021484,17839900,0.0,0.0
2020-05-20 00:00:00-04:00,37.20803764415525,38.00652656867295,37.05986379420188,37.77603530883789,22295900,0.0,0.0
2020-05-21 00:00:00-04:00,37.93245267967991,37.940683166732086,37.06810394939231,37.183349609375,13193500,0.0,0.0
2020-05-22 00:00:00-04:00,37.224503643895055,37.298590572632804,36.755287475292015,37.06809616088867,13008400,0.0,0.0
2020-05-26 00:00:00-04:00,38.62393266636986,38.63216629491551,37.80897929206661,37.94068908691406,22223100,0.0,0.0
2020-05-27 00:00:00-04:00,38.68978633368569,38.76387328418834,38.00653966347135,38.467525482177734,18447600,0.0,0.0
2020-05-28 00:00:00-04:00,38.93673106669738,39.068440815743564,38.54160181955883,38.76386260986328,16230600,0.0,0.0
2020-05-29 00:00:00-04:00,38.42635726928711,38.846181124939456,37.98183567609648,38.42635726928711,51125000,0.0,0.0
2020-06-01 00:00:00-04:00,38.40989213334913,38.87910831135678,38.35226931431016,38.68154525756836,17010700,0.0,0.0
2020-06-02 00:00:00-04:00,38.821487196339255,38.92026872756936,38.32757639998048,38.607460021972656,15255100,0.0,0.0
2020-06-03 00:00:00-04:00,38.91203271367018,39.611740099142345,38.78855346201848,39.430641174316406,15508300,0.0,0.0
2020-06-04 00:00:00-04:00,39.463569518644576,39.73522263867306,39.00258697344435,39.447105407714844,13604700,0.0,0.0
2020-06-05 00:00:00-04:00,39.957484289023405,40.739512303933694,39.89162784388193,40.41023635864258,20504800,0.0,0.0
2020-06-08 00:00:00-04:00,40.780672272009724,41.13464282506116,40.72304945083468,41.035858154296875,19896700,0.0,0.0
2020-06-09 00:00:00-04:00,40.82184301753504,40.82184301753504,40.07274298118226,40.33616256713867,16713700,0.0,0.0
2020-06-10 00:00:00-04:00,40.46786376705728,40.55841481929115,39.982183419791646,40.02334213256836,15716600,0.0,0.0
2020-06-11 00:00:00-04:00,39.35656484387593,39.44711276055525,37.422073841857156,37.48793029785156,26070400,0.0,0.0
2020-06-12 00:00:00-04:00,38.38504421947016,38.41827159323681,37.38824518762801,37.87833786010742,21822700,0.41,0.0
2020-06-15 00:00:00-04:00,37.022764896184185,38.58441708433729,36.93969960512042,38.459815979003906,15622300,0.0,0.0
2020-06-16 00:00:00-04:00,39.50644612921433,39.61443034579989,38.36843229107525,38.8502197265625,18803500,0.0,0.0
2020-06-17 00:00:00-04:00,38.85851713259555,39.09110554387845,38.57609083718768,38.692386627197266,12602800,0.0,0.0
2020-06-18 00:00:00-04:00,38.459809246748385,39.07450306672853,38.268756575754644,39.0329704284668,9380800,0.0,0.0
2020-06-19 00:00:00-04:00,39.680886906102884,39.69750059450534,38.22722244262695,38.22722244262695,30464600,0.0,0.0
2020-06-22 00:00:00-04:00,38.235527091790196,38.335209220612896,37.69559648665046,37.99463653564453,20876200,0.0,0.0
2020-06-23 00:00:00-04:00,38.21060388898529,38.45149758704308,37.86172598316641,37.911563873291016,14675300,0.0,0.0
2020-06-24 00:00:00-04:00,37.687287429528155,37.745433752669584,36.964609435672585,37.089210510253906,17631800,0.0,0.0
2020-06-25 00:00:00-04:00,36.93970242330306,37.36334051002859,36.5742075097678,37.321807861328125,13829700,0.0,0.0
2020-06-26 00:00:00-04:00,37.313489969788456,37.388249985989646,36.14225182846129,36.19209289550781,21955100,0.0,0.0
2020-06-29 00:00:00-04:00,36.549279937203686,37.022758991982116,36.17547984955302,36.84832000732422,17603900,0.0,0.0
2020-06-30 00:00:00-04:00,36.756941758589086,37.23872918285919,36.582502795485844,37.11412811279297,23679800,0.0,0.0
2020-07-01 00:00:00-04:00,37.321792850569025,37.820190771995826,37.13904546730207,37.23041915893555,14316500,0.0,0.0
2020-07-02 00:00:00-04:00,37.62083466196903,37.737127304589286,37.21380724406128,37.2802619934082,15111900,0.0,0.0
2020-07-06 00:00:00-04:00,37.496242932932894,37.60423034315664,37.05599119940649,37.57100296020508,15146000,0.0,0.0
2020-07-07 00:00:00-04:00,37.37993955210846,37.795272213798555,37.21380585368508,37.554378509521484,13043600,0.0,0.0
2020-07-08 00:00:00-04:00,37.49622614374538,37.52945351181916,36.93968198782255,37.438079833984375,13851200,0.0,0.0
2020-07-09 00:00:00-04:00,37.42146804989895,37.42146804989895,36.408058622085896,36.474510192871094,16087100,0.0,0.0
2020-07-10 00:00:00-04:00,36.44960901012668,37.58762004467462,36.432995317151196,37.504554748535156,15627800,0.0,0.0
2020-07-13 00:00:00-04:00,37.82019746744264,37.944798554226274,37.34671840764446,37.58761215209961,16705300,0.0,0.0
2020-07-14 00:00:00-04:00,37.30517745127948,38.16076167231762,37.10581639061974,38.10261535644531,17080100,0.0,0.0
2020-07-15 00:00:00-04:00,38.459812559547,39.19910435799246,38.37674727586856,38.54288101196289,23738000,0.0,0.0
2020-07-16 00:00:00-04:00,38.42658707126852,38.78377351240632,38.160774347920054,38.3352165222168,13306100,0.0,0.0
2020-07-17 00:00:00-04:00,38.6010149527138,38.966506519802465,38.31858864263823,38.891746520996094,13899800,0.0,0.0
2020-07-20 00:00:00-04:00,38.80868475399716,38.900058446170554,38.086003644300355,38.31028366088867,16633200,0.0,0.0
2020-07-21 00:00:00-04:00,39.473221588962744,39.863635354812494,38.983128858822234,39.2074089050293,25681500,0.0,0.0
2020-07-22 00:00:00-04:00,39.813795039308204,40.30388777869336,39.066194871182645,40.270660400390625,29831200,0.0,0.0
2020-07-23 00:00:00-04:00,40.262354981723625,40.34542025841635,39.8968601593064,40.10452651977539,15935000,0.0,0.0
2020-07-24 00:00:00-04:00,40.204208794256566,40.53647307092137,39.930087676489336,40.278968811035156,16196800,0.0,0.0
2020-07-27 00:00:00-04:00,40.021461400594504,40.295579349749076,40.021461400594504,40.270660400390625,17346500,0.0,0.0
2020-07-28 00:00:00-04:00,40.15436017684567,40.935184407368396,39.95499911334167,40.021453857421875,13872700,0.0,0.0
2020-07-29 00:00:00-04:00,39.988224933505556,40.287264932788005,39.72241230497371,39.888545989990234,13758100,0.0,0.0
2020-07-30 00:00:00-04:00,39.597819599695306,40.06299338209342,39.207409001620874,39.61443328857422,17276500,0.0,0.0
2020-07-31 00:00:00-04:00,39.40675397079976,39.680874994044565,38.816982468876596,39.240623474121094,14849200,0.0,0.0
2020-08-03 00:00:00-04:00,39.15757519764782,39.34032264047339,38.401669641511724,38.459815979003906,14137500,0.0,0.0
2020-08-04 00:00:00-04:00,38.45149964815592,38.92497864213949,38.39335332740263,38.78376388549805,11717200,0.0,0.0
2020-08-05 00:00:00-04:00,38.95821302115697,39.265558367361564,38.88345299978425,39.22402572631836,10498700,0.0,0.0
2020-08-06 00:00:00-04:00,38.758838156517854,39.48151599422761,38.70899710370687,39.43998336791992,10745000,0.0,0.0
2020-08-07 00:00:00-04:00,39.431688789319466,39.938395206217294,39.21571400404968,39.705806732177734,11669700,0.0,0.0
2020-08-10 00:00:00-04:00,39.921781074287125,40.10452531125167,39.58951364005453,39.63935470581055,11888000,0.0,0.0
2020-08-11 00:00:00-04:00,40.25404869064984,40.411877160980126,39.62274431554076,39.81379699707031,16531600,0.0,0.0
2020-08-12 00:00:00-04:00,40.12114999961187,40.445109094001175,39.97162993008789,40.2291374206543,9562200,0.0,0.0
2020-08-13 00:00:00-04:00,40.08790181621242,40.478315480620694,39.92177130847269,40.187583923339844,9882900,0.0,0.0
2020-08-14 00:00:00-04:00,40.15436528279343,40.44509690327164,39.89685786984344,40.2457389831543,10075800,0.0,0.0
2020-08-17 00:00:00-04:00,40.137745145640594,40.49493146125934,40.03806620159756,40.04637145996094,9102400,0.0,0.0
2020-08-18 00:00:00-04:00,40.03806953339072,40.2872684986038,39.83870845997819,40.2208137512207,9829000,0.0,0.0
2020-08-19 00:00:00-04:00,39.97160882886933,40.18758355694,39.224012044647594,39.348609924316406,17371000,0.0,0.0
2020-08-20 00:00:00-04:00,39.265549156089044,39.53966705765903,39.116029148419365,39.332000732421875,11308700,0.0,0.0
2020-08-21 00:00:00-04:00,39.32370581800687,39.45661217437104,39.016360463053005,39.27386474609375,14734100,0.0,0.0
2020-08-24 00:00:00-04:00,39.39844781568711,39.855313008615084,39.19078153083476,39.847007751464844,9257700,0.0,0.0
2020-08-25 00:00:00-04:00,39.87193636852444,39.91346900182762,39.58120476666534,39.797176361083984,7827800,0.0,0.0
2020-08-26 00:00:00-04:00,39.67258481130001,40.021465985976725,39.431694212848605,40.004852294921875,10124200,0.0,0.0
2020-08-27 00:00:00-04:00,40.07959433545529,40.553073227473696,40.03806171082381,40.06298065185547,10931600,0.0,0.0
2020-08-28 00:00:00-04:00,40.49495034922507,41.40868129473804,40.31220289262729,41.39207077026367,16420300,0.0,0.0
2020-08-31 00:00:00-04:00,41.36712896707193,41.591408965638,40.993328969461814,41.14284896850586,18510800,0.0,0.0
2020-09-01 00:00:00-04:00,40.960105038438556,40.99332924053969,40.561386094596635,40.802276611328125,12588400,0.0,0.0
2020-09-02 00:00:00-04:00,41.00164305800579,42.66297379345992,41.00164305800579,42.521759033203125,26332600,0.0,0.0
2020-09-03 00:00:00-04:00,42.696205439646256,43.31089609876026,41.61633781859039,41.93199157714844,22289400,0.0,0.0
2020-09-04 00:00:00-04:00,42.31409494866685,42.754349771790245,41.76585590346871,42.39716339111328,21019500,0.0,0.0
2020-09-08 00:00:00-04:00,42.30578291547441,42.39715660316767,41.0016386808661,41.37543869018555,17776700,0.0,0.0
2020-09-09 00:00:00-04:00,41.20100075370961,42.16457244842378,41.15946811929045,41.69109344482422,15252300,0.0,0.0
2020-09-10 00:00:00-04:00,41.82399958318274,42.098120672810474,41.491735340626036,41.533267974853516,15439500,0.0,0.0
2020-09-11 00:00:00-04:00,41.86553736132112,42.53006904652334,41.61633520672539,42.41377639770508,18272300,0.0,0.0
2020-09-14 00:00:00-04:00,42.68173899484908,42.89945883461772,42.34678195509586,42.46401596069336,10911700,0.41,0.0
2020-09-15 00:00:00-04:00,42.70686087324362,43.02506975064914,42.57287869239717,42.74872970581055,12838400,0.0,0.0
2020-09-16 00:00:00-04:00,42.66498420090471,43.08367883841234,42.48913321980429,42.531002044677734,15353900,0.0,0.0
2020-09-17 00:00:00-04:00,42.053691725639204,42.39702121133264,41.819220549136034,42.33002853393555,13287100,0.0,0.0
2020-09-18 00:00:00-04:00,42.49751211043492,42.840841637147676,42.04532106713897,42.24629592895508,23816600,0.0,0.0
2020-09-21 00:00:00-04:00,41.66012162582102,41.8862171415891,40.705498244391556,41.107444763183594,17514800,0.0,0.0
2020-09-22 00:00:00-04:00,41.124195213220254,41.90296763478568,41.09069886953446,41.58475875854492,13034600,0.0,0.0
2020-09-23 00:00:00-04:00,41.64337284014109,41.80247566990156,40.33704427756157,40.370540618896484,17121200,0.0,0.0
2020-09-24 00:00:00-04:00,40.37053872474542,41.115814715351576,39.8262375783323,40.780860900878906,16788100,0.0,0.0
2020-09-25 00:00:00-04:00,40.36217215367553,40.8311082015558,40.17794545235842,40.79761505126953,12603400,0.0,0.0
2020-09-28 00:00:00-04:00,41.29167582766537,41.626629698319014,41.1493179569874,41.26655197143555,11215700,0.0,0.0
2020-09-29 00:00:00-04:00,41.35867348463907,41.50103138340608,40.95672684391307,40.9650993347168,12426600,0.0,0.0
2020-09-30 00:00:00-04:00,41.25817746564163,41.5512624874364,40.939968588845055,41.341915130615234,15755900,0.0,0.0
2020-10-01 00:00:00-04:00,41.40052774483982,41.58475442151084,40.688748084880224,41.18280792236328,17577300,0.0,0.0
2020-10-02 00:00:00-04:00,40.83111007482246,41.51777239458359,40.65525904879959,41.33354568481445,13610100,0.0,0.0
2020-10-05 00:00:00-04:00,41.39215340258727,41.49263922427562,41.13256156930681,41.350284576416016,10628700,0.0,0.0
2020-10-06 00:00:00-04:00,41.49264243585288,41.64337277724544,40.889724264669574,40.981834411621094,10077400,0.0,0.0
2020-10-07 00:00:00-04:00,41.048823722437966,41.66849001336403,40.990206727198654,41.501014709472656,10135600,0.0,0.0
2020-10-08 00:00:00-04:00,41.62662336908688,42.32165805533289,41.48426871444092,42.25466537475586,12143900,0.0,0.0
2020-10-09 00:00:00-04:00,42.43052280098589,42.89946205294289,42.37190579378968,42.547760009765625,11407800,0.0,0.0
2020-10-12 00:00:00-04:00,42.572875406737815,43.150672918097705,42.56450291862546,42.782222747802734,11386500,0.0,0.0
2020-10-13 00:00:00-04:00,42.69849363090119,42.69849363090119,41.78573891348744,42.05370330810547,14365300,0.0,0.0
2020-10-14 00:00:00-04:00,41.91133844243053,42.27979181942115,41.57638460216917,41.96995544433594,10582100,0.0,0.0
2020-10-15 00:00:00-04:00,41.36703557927638,41.97832942753115,41.28329472681121,41.8610954284668,9961700,0.0,0.0
2020-10-16 00:00:00-04:00,41.86109532394344,42.16255280890468,41.76060630123614,41.894588470458984,13569800,0.0,0.0
2020-10-19 00:00:00-04:00,41.89459143442816,42.27141731027309,41.41727972315362,41.55126190185547,9930400,0.0,0.0
2020-10-20 00:00:00-04:00,41.77735477864201,42.38864862986184,41.693617120157555,42.07881546020508,10970700,0.0,0.0
2020-10-21 00:00:00-04:00,41.8359715755338,42.22954559615289,41.6768687474303,41.8610954284668,12517400,0.0,0.0
2020-10-22 00:00:00-04:00,42.849219058863305,42.874342915974744,42.1876837834941,42.438899993896484,20189200,0.0,0.0
2020-10-23 00:00:00-04:00,42.7068552419807,42.85758557485628,42.26303992539525,42.304908752441406,13491300,0.0,0.0
2020-10-26 00:00:00-04:00,42.15418308356996,42.2965377501546,41.199559665994784,41.70199203491211,14696400,0.0,0.0
2020-10-27 00:00:00-04:00,41.71036709563512,42.11231362365007,41.49264406313512,41.78573226928711,13892100,0.0,0.0
2020-10-28 00:00:00-04:00,41.032071773578146,41.157681434313034,40.0104559031344,40.16118621826172,19886200,0.0,0.0
2020-10-29 00:00:00-04:00,39.96858975398921,40.59663171089234,39.608512109813816,40.21143341064453,15369900,0.0,0.0
2020-10-30 00:00:00-04:00,40.035586740520365,40.29517539958623,39.66713337505358,40.24493408203125,15804000,0.0,0.0
2020-11-02 00:00:00-05:00,40.82273251667008,40.990211032538944,40.39566533587212,40.713871002197266,15156100,0.0,0.0
2020-11-03 00:00:00-05:00,41.21631027968217,41.83597669177071,41.03208357611608,41.32516860961914,15285100,0.0,0.0
2020-11-04 00:00:00-05:00,41.39216152640303,42.04532428715003,41.09907649129536,41.1744384765625,12930800,0.0,0.0
2020-11-05 00:00:00-05:00,41.66849228822104,42.045318131322446,41.31679029758429,41.40052795410156,12452400,0.0,0.0
2020-11-06 00:00:00-05:00,41.57638354235189,41.86109605622934,41.24142651624185,41.408905029296875,9294900,0.0,0.0
2020-11-09 00:00:00-05:00,43.962943666274576,44.59935820715129,43.602865967361744,44.02156066894531,33442000,0.0,0.0
2020-11-10 00:00:00-05:00,44.021555529662244,45.45349047525434,43.92106970744175,45.202274322509766,29706700,0.0,0.0
2020-11-11 00:00:00-05:00,45.160405996791155,45.470239148798235,44.657973685731754,44.8673210144043,17399900,0.0,0.0
2020-11-12 00:00:00-05:00,44.42351099407855,44.55749318225542,44.05506077518899,44.3900146484375,15024400,0.0,0.0
2020-11-13 00:00:00-05:00,44.59098249114644,44.80032982678563,44.28952181672412,44.758460998535156,12447900,0.0,0.0
2020-11-16 00:00:00-05:00,45.637726372359516,45.73821221489772,44.61611019099449,45.093421936035156,14908200,0.0,0.0
2020-11-17 00:00:00-05:00,44.93431689147353,45.0096820682936,44.40676065373302,44.95106506347656,14248400,0.0,0.0
2020-11-18 00:00:00-05:00,45.009680945279214,45.23577647009823,44.013188693865416,44.055057525634766,15278200,0.0,0.0
2020-11-19 00:00:00-05:00,43.954565141092985,44.574231425475496,43.502374158833334,44.49049377441406,17189500,0.0,0.0
2020-11-20 00:00:00-05:00,44.54074380168467,44.590988318783836,44.03831140824201,44.10530090332031,15645600,0.0,0.0
2020-11-23 00:00:00-05:00,44.33976968676577,44.523993183903336,43.7117276322631,44.11367416381836,13191900,0.0,0.0
2020-11-24 00:00:00-05:00,44.498868069211476,44.87569390306702,44.39838224497892,44.565860748291016,13827600,0.0,0.0
2020-11-25 00:00:00-05:00,44.44025111447527,44.61610210564618,44.20578312624739,44.32301712036133,10194800,0.0,0.0
2020-11-27 00:00:00-05:00,44.47375020066011,44.54073968955375,44.05505551331726,44.13042068481445,8499300,0.0,0.0
2020-11-30 00:00:00-05:00,43.96163139909377,44.04602564073143,43.10923796859115,43.548091888427734,43203600,0.41,0.0
2020-12-01 00:00:00-05:00,44.003824012044824,44.164177561936874,43.70844097713887,43.919429779052734,18968800,0.0,0.0
2020-12-02 00:00:00-05:00,43.8012819674998,43.99539130286978,43.58185178356224,43.978511810302734,14913100,0.0,0.0
2020-12-03 00:00:00-05:00,43.80128596191271,44.67899711940284,43.80128596191271,44.54396438598633,17318900,0.0,0.0
2020-12-04 00:00:00-05:00,44.54396654407407,45.46387809111555,44.52708704914993,45.446998596191406,18122400,0.0,0.0
2020-12-07 00:00:00-05:00,45.3710418746823,45.3879213693817,44.47645119165479,44.72119903564453,16210900,0.0,0.0
2020-12-08 00:00:00-05:00,44.67900291379176,45.13473965546452,44.55241152072804,44.881553649902344,12485800,0.0,0.0
2020-12-09 00:00:00-05:00,45.04188869623071,45.23599800837093,44.72962616969501,45.00813293457031,11508400,0.0,0.0
2020-12-10 00:00:00-05:00,45.0672139822809,45.16004636028589,44.712751084735295,44.771827697753906,12097300,0.0,0.0
2020-12-11 00:00:00-05:00,44.560838209138474,45.18536653385679,44.54395871718026,45.0250129699707,10638100,0.0,0.0
2020-12-14 00:00:00-05:00,45.27819669823505,45.43854702345124,44.88153673338599,44.95749282836914,22292000,0.0,0.0
2020-12-15 00:00:00-05:00,45.396348113602514,45.759249084237744,45.23599457529233,45.43854522705078,16193700,0.0,0.0
2020-12-16 00:00:00-05:00,45.236003040534506,45.40479474534783,44.678992668254345,44.780269622802734,15679600,0.0,0.0
2020-12-17 00:00:00-05:00,44.982810453552354,45.32883194860147,44.85621910820279,44.95749282836914,12677300,0.0,0.0
2020-12-18 00:00:00-05:00,44.79714239077543,45.4385469094647,44.40892056215016,45.35415267944336,35480100,0.0,0.0
2020-12-21 00:00:00-05:00,44.459563631116566,44.729629058443024,43.86879430155225,44.569278717041016,14926600,0.0,0.0
2020-12-22 00:00:00-05:00,44.569280876743335,44.881543438577076,44.21481797405493,44.52708053588867,9689500,0.0,0.0
2020-12-23 00:00:00-05:00,44.68743456582954,45.05877374537256,44.67899320979786,44.797149658203125,7040300,0.0,0.0
2020-12-24 00:00:00-05:00,44.74650774750587,45.19380299984878,44.74650774750587,45.10096740722656,3265500,0.0,0.0
2020-12-28 00:00:00-05:00,45.44699086638866,45.94492461393956,45.345717133503335,45.7086181640625,9020500,0.0,0.0
2020-12-29 00:00:00-05:00,45.95337312373252,45.98713211309456,45.590472036676694,45.68330764770508,8320600,0.0,0.0
2020-12-30 00:00:00-05:00,45.615781363116334,46.10527696143369,45.59890187150878,45.944923400878906,8142700,0.0,0.0
2020-12-31 00:00:00-05:00,45.953363010145395,46.35846113503106,45.80145081088406,46.28250503540039,8495000,0.0,0.0
2021-01-04 00:00:00-05:00,45.80145485105722,46.10527927638043,43.910993548731724,44.52708053588867,25611100,0.0,0.0
2021-01-05 00:00:00-05:00,44.164180790334015,44.408925371675345,43.91099163398239,44.0375862121582,20323800,0.0,0.0
2021-01-06 00:00:00-05:00,43.860355322866944,43.90255244143223,42.35811279035943,42.636619567871094,38724500,0.0,0.0
2021-01-07 00:00:00-05:00,42.27372036806791,42.41719122123593,41.792666113017404,42.164005279541016,53225700,0.0,0.0
2021-01-08 00:00:00-05:00,42.223082042652614,43.15143479142588,42.062731696874785,43.10923767089844,29674000,0.0,0.0
2021-01-11 00:00:00-05:00,42.72101392048095,42.92356459734911,42.15556544742339,42.366554260253906,19304400,0.0,0.0
2021-01-12 00:00:00-05:00,42.23152321063554,42.51002678042539,41.99521354175157,42.29059982299805,18538700,0.0,0.0
2021-01-13 00:00:00-05:00,42.1808857915732,42.50158970917327,42.15556816262167,42.33279800415039,18864100,0.0,0.0
2021-01-14 00:00:00-05:00,42.33280282292893,42.34968231729602,41.53948590428168,41.54792404174805,34303600,0.0,0.0
2021-01-15 00:00:00-05:00,41.48884275293108,41.50572224539892,40.957150008212984,41.100624084472656,24366800,0.0,0.0
2021-01-19 00:00:00-05:00,41.1343781861367,41.38756410422937,40.7124005828377,40.94026565551758,29114500,0.0,0.0
2021-01-20 00:00:00-05:00,40.965590822792784,41.20189727535175,40.77148149112878,41.083744049072266,23115800,0.0,0.0
2021-01-21 00:00:00-05:00,41.16814090675417,41.42976822402151,40.898075452545235,41.311614990234375,19702500,0.0,0.0
2021-01-22 00:00:00-05:00,41.19345484370324,41.3031667027037,40.92338943481445,40.92338943481445,15400300,0.0,0.0
2021-01-25 00:00:00-05:00,40.864319760733764,41.2187827101091,40.71241074749796,41.16814422607422,16604200,0.0,0.0
2021-01-26 00:00:00-05:00,41.27785261075413,41.69139211445226,41.02466667067323,41.59855651855469,12922600,0.0,0.0
2021-01-27 00:00:00-05:00,41.26098161343028,41.62388271605096,40.703971142804185,40.957157135009766,21242400,0.0,0.0
2021-01-28 00:00:00-05:00,41.09217823996284,41.77578312278637,41.0246634969002,41.48040008544922,17498900,0.0,0.0
2021-01-29 00:00:00-05:00,41.379122348416125,41.45507844505146,40.60268511119593,40.636444091796875,18670300,0.0,0.0
2021-02-01 00:00:00-05:00,40.737721489468875,41.092181159456906,40.661765385980885,40.91495132446289,12183600,0.0,0.0
2021-02-02 00:00:00-05:00,41.18501657133742,41.649191326392724,41.04154572062904,41.32004928588867,13319800,0.0,0.0
2021-02-03 00:00:00-05:00,41.311599204610786,41.42975239325027,41.07528960789889,41.15968704223633,12274100,0.0,0.0
2021-02-04 00:00:00-05:00,41.32006177872139,41.412897401687424,41.05843762610965,41.36225891113281,20597400,0.0,0.0
2021-02-05 00:00:00-05:00,41.77577590479007,42.01208229383091,41.581666625301814,41.90237045288086,12742000,0.0,0.0
2021-02-08 00:00:00-05:00,42.16401182745244,42.34124169221862,41.76735497099021,42.130252838134766,17833200,0.0,0.0
2021-02-09 00:00:00-05:00,42.07115996592505,42.21463400538895,41.88549203526371,41.9445686340332,14592900,0.0,0.0
2021-02-10 00:00:00-05:00,42.543788702496265,42.68726278488046,41.80110709937804,41.86018371582031,22965400,0.0,0.0
2021-02-11 00:00:00-05:00,42.037410554057175,42.6956945936667,42.02896919899704,42.45094680786133,21928600,0.0,0.0
2021-02-12 00:00:00-05:00,42.67882421511734,42.91513069631516,42.526911985937495,42.78009796142578,13137100,0.0,0.0
2021-02-16 00:00:00-05:00,42.721015538181,42.805412998169324,42.33279688053644,42.42563247680664,15093400,0.0,0.0
2021-02-17 00:00:00-05:00,42.19776476855868,42.61130427984149,42.104929170958414,42.30747985839844,12794300,0.0,0.0
2021-02-18 00:00:00-05:00,42.33280100031891,42.91512904345729,42.22308590137369,42.84761428833008,12747100,0.0,0.0
2021-02-19 00:00:00-05:00,42.86448967403439,42.8982486580798,42.17244659827302,42.29059982299805,15968800,0.0,0.0
2021-02-22 00:00:00-05:00,42.07117053024117,42.94044668079138,41.91925831827837,42.72945785522461,14370900,0.0,0.0
2021-02-23 00:00:00-05:00,43.041733647787964,43.47214956771446,42.552237876660804,42.65351486206055,16222300,0.0,0.0
2021-02-24 00:00:00-05:00,42.52691252363281,42.957331584895876,42.307485533951095,42.79697799682617,14442000,0.0,0.0
2021-02-25 00:00:00-05:00,42.594429119104994,42.83073559562048,42.18088956576861,42.34123992919922,14211100,0.0,0.0
2021-02-26 00:00:00-05:00,42.36656028775501,42.374998424917855,41.32849556727521,41.345375061035156,23638400,0.0,0.0
2021-03-01 00:00:00-05:00,41.72515089911309,42.56910624009427,41.691395132243784,42.113372802734375,13901200,0.0,0.0
2021-03-02 00:00:00-05:00,42.06272714857585,42.67037592065365,41.94457393610152,42.28215408325195,11755100,0.0,0.0
2021-03-03 00:00:00-05:00,41.961450764788864,42.67037321410198,41.953009410471225,42.180877685546875,15410700,0.0,0.0
2021-03-04 00:00:00-05:00,42.45938332773776,43.11766729238332,41.87705223338211,42.147117614746094,22036400,0.0,0.0
2021-03-05 00:00:00-05:00,42.239962169762954,42.99952322841137,42.11337080627754,42.8644905090332,21310800,0.0,0.0
2021-03-08 00:00:00-05:00,43.4383734967027,44.299208153790765,43.176746235810214,43.581844329833984,25084900,0.0,0.0
2021-03-09 00:00:00-05:00,43.64937082663739,43.78440355105853,42.88980973962212,42.92356872558594,23082700,0.0,0.0
2021-03-10 00:00:00-05:00,43.19362847895872,43.57340897238887,42.80540984986732,43.413055419921875,21331600,0.0,0.0
2021-03-11 00:00:00-05:00,43.38773635377046,43.40461584396653,42.881364525622296,42.9404411315918,17417700,0.0,0.0
2021-03-12 00:00:00-05:00,43.0510678276961,43.1276561388619,42.7191862280544,42.855342864990234,17598600,0.42,0.0
2021-03-15 00:00:00-04:00,42.97448824896795,43.502094918525465,42.948959888802065,43.425506591796875,13411900,0.0,0.0
2021-03-16 00:00:00-04:00,43.57016873424726,43.84248202508008,43.434012088830855,43.587188720703125,14214200,0.0,0.0
2021-03-17 00:00:00-04:00,43.61271827024777,43.927579912717675,43.52762158187122,43.604209899902344,17502700,0.0,0.0
2021-03-18 00:00:00-04:00,43.451031535202404,43.56165657644473,42.96597328904618,43.03404998779297,18007300,0.0,0.0
2021-03-19 00:00:00-04:00,42.94045155044119,43.46806150652101,42.693666562555265,43.23829650878906,67845700,0.0,0.0
2021-03-22 00:00:00-04:00,42.82130446849167,43.46805095238675,42.82130446849167,43.39997100830078,17911400,0.0,0.0
2021-03-23 00:00:00-04:00,43.39146349663629,43.953110061532605,43.255306852001745,43.73185348510742,16936700,0.0,0.0
2021-03-24 00:00:00-04:00,43.5446461942808,44.15735284929091,43.52762945051378,43.842491149902344,14997400,0.0,0.0
2021-03-25 00:00:00-04:00,43.99566154480828,44.30201482866172,43.5446399896993,44.267974853515625,17091900,0.0,0.0
2021-03-26 00:00:00-04:00,44.37008792202746,45.19553939787877,44.046714676916054,45.13597106933594,17126700,0.0,0.0
2021-03-29 00:00:00-04:00,44.87216371129526,45.90184847291723,44.85514372603329,45.825260162353516,17514100,0.0,0.0
2021-03-30 00:00:00-04:00,45.740166532524256,45.7742065053182,45.04236332140093,45.22957992553711,14871800,0.0,0.0
2021-03-31 00:00:00-04:00,45.12746545287871,45.24660212580374,44.676447120739404,44.85515213012695,15826500,0.0,0.0
2021-04-01 00:00:00-04:00,45.06789337500259,45.229581628747255,44.642403437747134,44.68495178222656,15834700,0.0,0.0
2021-04-05 00:00:00-04:00,44.54879716941667,45.2891520313844,44.49774045219873,44.940250396728516,16368700,0.0,0.0
2021-04-06 00:00:00-04:00,45.13597723942202,45.65507552731065,45.01684056605038,45.26362228393555,15614300,0.0,0.0
2021-04-07 00:00:00-04:00,45.340206146240234,45.52742275524249,45.204049497756024,45.340206146240234,10062700,0.0,0.0
2021-04-08 00:00:00-04:00,45.24660031774699,45.42530856622422,45.076406932501236,45.20405197143555,9695600,0.0,0.0
2021-04-09 00:00:00-04:00,45.24660007738043,45.34020838650675,44.94025003782706,45.25511169433594,10828200,0.0,0.0
2021-04-12 00:00:00-04:00,45.38275971738868,45.56997308833214,45.18703148330803,45.399776458740234,8565300,0.0,0.0
2021-04-13 00:00:00-04:00,45.135979481746304,45.34872447940209,44.94025447345071,45.17852783203125,11071700,0.0,0.0
2021-04-14 00:00:00-04:00,45.08491349229905,45.26361848736731,44.804091820939014,45.170013427734375,9787600,0.0,0.0
2021-04-15 00:00:00-04:00,45.21255866659214,45.66357693161083,45.204047050517985,45.382755279541016,13078100,0.0,0.0
2021-04-16 00:00:00-04:00,45.731666810888015,45.782723533503926,45.42531349026818,45.680606842041016,17974100,0.0,0.0
2021-04-19 00:00:00-04:00,45.95291519165039,46.25926847899164,45.3572286047347,45.95291519165039,19352900,0.0,0.0
2021-04-20 00:00:00-04:00,45.81676206653526,46.45499704893709,45.791233706033104,46.09758377075195,14419200,0.0,0.0
2021-04-21 00:00:00-04:00,46.157138554307295,46.58262838769563,46.157138554307295,46.47200012207031,13866500,0.0,0.0
2021-04-22 00:00:00-04:00,46.35287459061548,46.69326459111888,46.22522631153258,46.32734298706055,12558900,0.0,0.0
2021-04-23 00:00:00-04:00,46.293306424403156,46.454991431751374,46.09757819678348,46.352874755859375,9020500,0.0,0.0
2021-04-26 00:00:00-04:00,46.35286899943844,46.3869057230218,45.5954975253531,45.66357421875,11684600,0.0,0.0
2021-04-27 00:00:00-04:00,45.578484773134576,45.69762144015717,45.374248168073905,45.59550476074219,9852400,0.0,0.0
2021-04-28 00:00:00-04:00,45.93589316680296,45.99546149822984,45.47636325616947,45.60401153564453,10868100,0.0,0.0
2021-04-29 00:00:00-04:00,45.56146055256301,46.259263748491094,45.467852252533326,46.174163818359375,15391000,0.0,0.0
2021-04-30 00:00:00-04:00,46.16565130444203,46.18267128894059,45.68910147717269,45.93588638305664,14912600,0.0,0.0
2021-05-03 00:00:00-04:00,46.18267654254307,46.63369482125599,46.089068240267444,46.36138153076172,10417900,0.0,0.0
2021-05-04 00:00:00-04:00,46.43797362449201,46.48052197092498,45.9018553699905,46.072052001953125,14151000,0.0,0.0
2021-05-05 00:00:00-04:00,46.07205185978738,46.15715179862148,45.70613023837763,45.95291519165039,9665900,0.0,0.0
2021-05-06 00:00:00-04:00,46.0550242474938,46.47200576317165,45.99545592328699,46.412437438964844,11572700,0.0,0.0
2021-05-07 00:00:00-04:00,46.327348775571004,46.60817372614966,46.089075420823775,46.38691711425781,10637500,0.0,0.0
2021-05-10 00:00:00-04:00,46.70177419504537,47.22938078313769,46.659225852594936,46.72730255126953,15545800,0.0,0.0
2021-05-11 00:00:00-04:00,46.82941843408421,46.923026733637656,45.995458600418694,46.225223541259766,12986700,0.0,0.0
2021-05-12 00:00:00-04:00,46.25927087596666,46.429467516223035,45.85080088708991,45.98695755004883,15836500,0.0,0.0
2021-05-13 00:00:00-04:00,45.92739039384973,46.61668209757735,45.808253716476116,46.38691711425781,15475800,0.0,0.0
2021-05-14 00:00:00-04:00,46.71880311412942,46.888996516472936,46.540094847699024,46.574134826660156,11725300,0.0,0.0
2021-05-17 00:00:00-04:00,46.66773997196098,46.82091662063793,46.37840666293016,46.49754333496094,12119800,0.0,0.0
2021-05-18 00:00:00-04:00,46.28478924508387,46.42945749425544,46.0380043322931,46.24224090576172,13232500,0.0,0.0
2021-05-19 00:00:00-04:00,46.05503542117136,46.106095388406665,45.621037061479754,46.09758377075195,15126100,0.0,0.0
2021-05-20 00:00:00-04:00,46.05503235954235,46.63369896481678,46.05503235954235,46.50605392456055,10948400,0.0,0.0
2021-05-21 00:00:00-04:00,46.63369497324553,46.90600826462734,46.14012834995245,46.48051834106445,16033200,0.0,0.0
2021-05-24 00:00:00-04:00,46.489032486076205,46.74432580485386,46.36989582039534,46.633697509765625,10326100,0.0,0.0
2021-05-25 00:00:00-04:00,46.65072291053142,46.65072291053142,46.25076127542213,46.62519454956055,11916500,0.0,0.0
2021-05-26 00:00:00-04:00,46.78686984086756,46.84643816822131,46.45498823240226,46.82941818237305,16064300,0.0,0.0
2021-05-27 00:00:00-04:00,46.98259821346438,47.28895148847297,46.6166766067853,47.22087478637695,59109600,0.0,0.0
2021-05-28 00:00:00-04:00,47.10173496828735,47.408088243890944,46.97408993427293,47.05067825317383,17011600,0.0,0.0
2021-06-01 00:00:00-04:00,47.09322762603315,47.35703256272493,46.88899102242811,47.04216766357422,13304000,0.0,0.0
2021-06-02 00:00:00-04:00,47.22938537597656,47.2804453396207,47.02514876763081,47.22938537597656,11328500,0.0,0.0
2021-06-03 00:00:00-04:00,46.95707220253121,47.43362212594026,46.88899225080244,47.3485221862793,17364300,0.0,0.0
2021-06-04 00:00:00-04:00,47.56977469367916,48.06334131635859,47.467654774865075,47.859107971191406,18935100,0.0,0.0
2021-06-07 00:00:00-04:00,47.91867255330854,47.94420090790041,47.493182663549476,47.688907623291016,14010800,0.0,0.0
2021-06-08 00:00:00-04:00,47.867623273669594,47.867623273669594,47.27193664590663,47.35703659057617,10968300,0.0,0.0
2021-06-09 00:00:00-04:00,47.44212915803209,47.58679418202729,47.212364196777344,47.212364196777344,9838800,0.0,0.0
2021-06-10 00:00:00-04:00,47.578277587890625,47.756982555901914,47.450629327179634,47.578277587890625,12444400,0.0,0.0
2021-06-11 00:00:00-04:00,47.64635445004533,47.83356777511078,47.365529593102295,47.791019439697266,11825800,0.0,0.0
2021-06-14 00:00:00-04:00,47.748158591963644,47.765306824191356,47.32803834980279,47.62812423706055,9710800,0.42,0.0
2021-06-15 00:00:00-04:00,47.82531741932964,47.83389316960863,47.31945608565314,47.50808334350586,11154200,0.0,0.0
2021-06-16 00:00:00-04:00,47.53381518063229,47.55096341451425,46.84790217880976,46.87362289428711,15211700,0.0,0.0
2021-06-17 00:00:00-04:00,46.873617446851206,47.28516847080734,46.85647248565294,47.11368942260742,10658400,0.0,0.0
2021-06-18 00:00:00-04:00,46.73643508740598,46.83074872790448,46.05909791332651,46.101966857910156,31445600,0.0,0.0
2021-06-21 00:00:00-04:00,46.48779188500389,46.66784340686329,46.29916461218508,46.607826232910156,14404300,0.0,0.0
2021-06-22 00:00:00-04:00,46.590684833311684,47.02795334632879,46.52209189834131,46.77931213378906,13072800,0.0,0.0
2021-06-23 00:00:00-04:00,46.77931224959376,46.81360544647268,46.39348516615814,46.40205764770508,12339200,0.0,0.0
2021-06-24 00:00:00-04:00,46.52208686465116,46.6592694490576,46.299166391499746,46.633548736572266,11488400,0.0,0.0
2021-06-25 00:00:00-04:00,46.50494244683294,46.70214220980317,46.30773941317187,46.57353210449219,18880300,0.0,0.0
2021-06-28 00:00:00-04:00,46.51351843052129,46.61640456010405,46.29917041932073,46.522090911865234,10556900,0.0,0.0
2021-06-29 00:00:00-04:00,46.410638272657486,46.59068984026757,46.059107619884294,46.179141998291016,12300900,0.0,0.0
2021-06-30 00:00:00-04:00,46.12769330040912,46.45350320695969,46.08482435050039,46.39348602294922,14614200,0.0,0.0
2021-07-01 00:00:00-04:00,46.59068339430262,46.71071775610222,46.179135609264975,46.26487350463867,13214700,0.0,0.0
2021-07-02 00:00:00-04:00,46.299175622662375,46.68500274032285,46.299175622662375,46.45350646972656,10604600,0.0,0.0
2021-07-06 00:00:00-04:00,46.290595075512236,46.37633296641426,45.91334050588519,46.19628143310547,15278200,0.0,0.0
2021-07-07 00:00:00-04:00,46.05909822462993,46.624976800754744,46.05909822462993,46.57353210449219,14377700,0.0,0.0
2021-07-08 00:00:00-04:00,46.307743685141354,46.444926283806005,46.0762507073313,46.4106330871582,11943900,0.0,0.0
2021-07-09 00:00:00-04:00,46.51351764195949,46.74501388261437,46.45350046149611,46.69356918334961,10847000,0.0,0.0
2021-07-12 00:00:00-04:00,46.573533656976416,46.81360237282249,46.530664710674046,46.710716247558594,15107600,0.0,0.0
2021-07-13 00:00:00-04:00,47.1136888791135,47.41377475698353,46.94220983289172,47.1737060546875,15170800,0.0,0.0
2021-07-14 00:00:00-04:00,47.17371308366109,48.31404286016931,47.12226838092197,48.23687744140625,22002700,0.0,0.0
2021-07-15 00:00:00-04:00,48.21972904511043,48.41692881886828,47.93678810622457,48.391204833984375,15068200,0.0,0.0
2021-07-16 00:00:00-04:00,48.408355951714896,48.596983255545965,48.23687688193131,48.35691452026367,14860500,0.0,0.0
2021-07-19 00:00:00-04:00,48.08254076606602,48.31403370781112,47.29373849361567,47.78245162963867,19527000,0.0,0.0
2021-07-20 00:00:00-04:00,47.78245722973703,48.29689440789418,47.60240568919298,47.86819839477539,16257900,0.0,0.0
2021-07-21 00:00:00-04:00,49.15428742722642,49.35148720476229,48.38263327974599,48.48551940917969,20918200,0.0,0.0
2021-07-22 00:00:00-04:00,48.54553417536747,48.64842357037336,48.0568209965077,48.416927337646484,13402700,0.0,0.0
2021-07-23 00:00:00-04:00,48.51981028322214,49.154281761427875,48.39977593427015,48.879913330078125,12144000,0.0,0.0
2021-07-26 00:00:00-04:00,48.777024574468705,48.97422431860896,48.494086948768526,48.92278289794922,8681100,0.0,0.0
2021-07-27 00:00:00-04:00,48.965658145227145,49.33433697066152,48.8027515703151,49.09426498413086,12794400,0.0,0.0
2021-07-28 00:00:00-04:00,48.86278173009565,49.00853683062285,48.5541200222832,48.648433685302734,9858000,0.0,0.0
2021-07-29 00:00:00-04:00,48.93136332112448,49.08569414953814,48.75131177820557,48.914215087890625,9599100,0.0,0.0
2021-07-30 00:00:00-04:00,48.99995742554466,49.08569532307269,48.78560941103342,48.89706802368164,11727000,0.0,0.0
2021-08-02 00:00:00-04:00,49.042828342696666,49.07712481136086,48.62270477828842,48.768463134765625,9778000,0.0,0.0
2021-08-03 00:00:00-04:00,48.87133492158424,48.87133492158424,48.656986961401856,48.80274200439453,8825500,0.0,0.0
2021-08-04 00:00:00-04:00,48.65699944608691,48.828478512369934,48.02252788204704,48.099693298339844,11888400,0.0,0.0
2021-08-05 00:00:00-04:00,48.39120895255061,48.51981907584308,48.26260209994945,48.44265365600586,9806800,0.0,0.0
2021-08-06 00:00:00-04:00,48.528386639974116,48.64842426920533,48.39120404868656,48.56268310546875,10409300,0.0,0.0
2021-08-09 00:00:00-04:00,48.69986155886566,48.76845448402678,48.38262745672224,48.57125473022461,8859900,0.0,0.0
2021-08-10 00:00:00-04:00,48.73417134989008,49.01710906683438,48.57984049675989,48.69987487792969,10906900,0.0,0.0
2021-08-11 00:00:00-04:00,48.77703321366251,49.02567769319196,48.62270238296776,48.63985061645508,8370700,0.0,0.0
2021-08-12 00:00:00-04:00,48.63984773370813,48.854195733559145,48.63984773370813,48.734161376953125,6169200,0.0,0.0
2021-08-13 00:00:00-04:00,48.708439419845746,49.12855965723925,48.67414295577951,49.06854248046875,7714200,0.0,0.0
2021-08-16 00:00:00-04:00,49.04283300184227,49.29147751724241,48.897074631517796,49.282901763916016,7972000,0.0,0.0
2021-08-17 00:00:00-04:00,49.26574669459007,49.351487862503454,48.87991961570767,49.11141586303711,10346400,0.0,0.0
2021-08-18 00:00:00-04:00,49.034253027630335,49.068549496600504,48.37406071806553,48.44265365600586,13873700,0.0,0.0
2021-08-19 00:00:00-04:00,48.065391751188194,48.854190740083695,47.971078117583176,48.751304626464844,9223700,0.0,0.0
2021-08-20 00:00:00-04:00,48.73416216225094,48.897065467313986,48.51124167791777,48.56268310546875,10543600,0.0,0.0
2021-08-23 00:00:00-04:00,48.58840460774223,48.656997539844625,48.339763405598596,48.391204833984375,8912800,0.0,0.0
2021-08-24 00:00:00-04:00,48.56268367784202,48.56268367784202,47.928215412168164,48.022525787353516,12067200,0.0,0.0
2021-08-25 00:00:00-04:00,48.06540212751055,48.159712510784644,47.78246116561441,48.073974609375,11270700,0.0,0.0
2021-08-26 00:00:00-04:00,47.971083202564714,47.996803916023204,47.59382862815527,47.61955261230469,10331500,0.0,0.0
2021-08-27 00:00:00-04:00,47.72243203782463,47.833893898316575,47.54238052750797,47.71385955810547,8844100,0.0,0.0
2021-08-30 00:00:00-04:00,47.748158047118004,48.185429787207816,47.70528910238333,48.16828155517578,10034700,0.0,0.0
2021-08-31 00:00:00-04:00,48.15114069937808,48.459802381856676,48.013958092797736,48.27975082397461,14185700,0.0,0.0
2021-09-01 00:00:00-04:00,48.33976703292353,48.69987014140951,48.25402586136168,48.60555648803711,9518900,0.0,0.0
2021-09-02 00:00:00-04:00,48.67414093017578,48.897061395947695,48.365479307806446,48.67414093017578,11653200,0.0,0.0
2021-09-03 00:00:00-04:00,48.408354370412944,48.674147083429716,48.22830282483277,48.63985061645508,13220400,0.0,0.0
2021-09-07 00:00:00-04:00,48.528381369667365,48.60554677330444,47.593824045925274,47.73100662231445,20035300,0.0,0.0
2021-09-08 00:00:00-04:00,47.67957230425905,48.425502470095196,47.67957230425905,48.37405776977539,12040100,0.0,0.0
2021-09-09 00:00:00-04:00,48.16828609542955,48.37405835782802,47.84247619749231,47.8939208984375,12545400,0.0,0.0
2021-09-10 00:00:00-04:00,48.022524079100776,48.12541347313738,47.602403834202754,47.679569244384766,10573700,0.0,0.0
2021-09-13 00:00:00-04:00,47.79103691817014,48.35691557127115,47.79103691817014,48.073974609375,20274300,0.0,0.0
2021-09-14 00:00:00-04:00,48.30720856612316,48.3590415230032,47.987580237134296,48.1085205078125,13918900,0.42,0.0
2021-09-15 00:00:00-04:00,48.0998898654195,48.37632574892616,47.87528365046053,48.27266311645508,15746000,0.0,0.0
2021-09-16 00:00:00-04:00,48.13444336230526,48.367686748114686,47.356965409607184,47.81481170654297,17430400,0.0,0.0
2021-09-17 00:00:00-04:00,47.529736206631256,47.67659131492562,46.96822401466666,47.02869415283203,33370200,0.0,0.0
2021-09-20 00:00:00-04:00,46.743620493523345,46.994141517091606,46.415351679722704,46.7004280090332,27542500,0.0,0.0
2021-09-21 00:00:00-04:00,46.985505067641064,47.356966397750384,46.59676608318066,46.69179153442383,16418200,0.0,0.0
2021-09-22 00:00:00-04:00,47.08916411162796,47.1323598919033,46.700428452152856,46.76089859008789,12719700,0.0,0.0
2021-09-23 00:00:00-04:00,46.8731988395678,47.18419000641931,46.64859593871693,46.68315124511719,13836200,0.0,0.0
2021-09-24 00:00:00-04:00,46.64859523718512,46.85592377709332,46.5276549619784,46.55356979370117,9682200,0.0,0.0
2021-09-27 00:00:00-04:00,46.519016537849076,46.86456302113204,46.27713597677629,46.31169128417969,12429500,0.0,0.0
2021-09-28 00:00:00-04:00,46.182106893145175,46.182106893145175,45.29232921750146,45.47373962402344,19926100,0.0,0.0
2021-09-29 00:00:00-04:00,45.47373583768207,45.92294487502999,45.40462852944583,45.75017166137695,13941500,0.0,0.0
2021-09-30 00:00:00-04:00,45.931590453405384,46.06981168590762,45.29233372996038,45.32688903808594,17672000,0.0,0.0
2021-10-01 00:00:00-04:00,45.59467724714109,45.957501334489386,45.41326685115447,45.802005767822266,16277400,0.0,0.0
2021-10-04 00:00:00-04:00,45.836566483130326,46.242579803705375,45.26641710314955,45.77609634399414,18973400,0.0,0.0
2021-10-05 00:00:00-04:00,45.80201835010627,46.190757373564665,45.72427054541459,45.853851318359375,17173100,0.0,0.0
2021-10-06 00:00:00-04:00,45.58604517222169,46.44990806357618,45.361438975059286,46.398075103759766,21284500,0.0,0.0
2021-10-07 00:00:00-04:00,46.639962586498676,46.8904803400164,46.484466990314885,46.54493713378906,13774400,0.0,0.0
2021-10-08 00:00:00-04:00,46.64859567753628,46.98550167461398,46.5622107073947,46.75225830078125,13786800,0.0,0.0
2021-10-11 00:00:00-04:00,46.83000857034749,46.985504161131615,46.65723532554562,46.847286224365234,12378500,0.0,0.0
2021-10-12 00:00:00-04:00,47.01141899447045,47.365605958770836,46.838649045044136,46.847286224365234,19474400,0.0,0.0
2021-10-13 00:00:00-04:00,46.795449267387355,47.020055455067826,46.467183755200914,46.85592269897461,12143300,0.0,0.0
2021-10-14 00:00:00-04:00,46.98549008220029,47.34831411710364,46.91638278221248,47.175540924072266,13704000,0.0,0.0
2021-10-15 00:00:00-04:00,47.20146560487287,47.4087941388737,46.899114925470876,47.06324768066406,17867000,0.0,0.0
2021-10-18 00:00:00-04:00,46.95095111149864,46.985506421196284,46.52766010151754,46.59676742553711,15861800,0.0,0.0
2021-10-19 00:00:00-04:00,46.683153718752976,46.82137165630247,46.4499103312553,46.77817916870117,11068500,0.0,0.0
2021-10-20 00:00:00-04:00,46.804082618075334,47.30512128405923,46.7436124910665,47.19282150268555,12474800,0.0,0.0
2021-10-21 00:00:00-04:00,47.1669086983679,47.22737883219496,46.830002725509935,46.95094299316406,14388300,0.0,0.0
2021-10-22 00:00:00-04:00,46.98549386205254,47.10643411829144,46.70905804911367,47.03732681274414,12828600,0.0,0.0
2021-10-25 00:00:00-04:00,46.976866981810524,47.05461477720259,46.66587580024227,46.847286224365234,11855000,0.0,0.0
2021-10-26 00:00:00-04:00,46.92503045844376,47.14963664825266,46.84728266895226,47.05461120605469,12086700,0.0,0.0
2021-10-27 00:00:00-04:00,48.350408896636225,48.445434345508474,47.74570419093826,47.961669921875,24019800,0.0,0.0
2021-10-28 00:00:00-04:00,48.160359993329045,48.471351186016925,48.04805688588605,48.41088104248047,15928000,0.0,0.0
2021-10-29 00:00:00-04:00,48.264025676772576,48.78234546247648,48.18627787368579,48.69595718383789,24463700,0.0,0.0
2021-11-01 00:00:00-04:00,48.71322516577615,48.72186563961206,48.28993421832251,48.52317428588867,11651100,0.0,0.0
2021-11-02 00:00:00-04:00,48.782335326318815,48.80825015683778,48.35040390900166,48.462703704833984,11498900,0.0,0.0
2021-11-03 00:00:00-04:00,48.376325266740785,48.66140162241439,48.186274362958386,48.62684631347656,10788300,0.0,0.0
2021-11-04 00:00:00-04:00,48.4713395291707,48.920548555536975,48.40222892724902,48.894630432128906,10820200,0.0,0.0
2021-11-05 00:00:00-04:00,49.10197067260742,49.378406555582814,48.886004933071916,49.10197067260742,12886700,0.0,0.0
2021-11-08 00:00:00-05:00,49.02421684260911,49.14515711460837,48.48862279716585,48.66139602661133,12828000,0.0,0.0
2021-11-09 00:00:00-05:00,48.73050715200108,48.825532600396066,48.4540712814205,48.799617767333984,10155800,0.0,0.0
2021-11-10 00:00:00-05:00,48.842814486513944,49.17108005166327,48.62684873794822,48.99831008911133,8813600,0.0,0.0
2021-11-11 00:00:00-05:00,49.09333465291209,49.13652714276456,48.868728433078054,49.015586853027344,7257700,0.0,0.0
2021-11-12 00:00:00-05:00,49.02421862723191,49.2315471691889,48.85144539149699,48.90327835083008,10162500,0.0,0.0
2021-11-15 00:00:00-05:00,48.83417465251421,48.96375542150579,48.60957172102144,48.911922454833984,10289200,0.0,0.0
2021-11-16 00:00:00-05:00,48.91191124887954,49.188347083711335,48.54044997794149,48.566368103027344,13756500,0.0,0.0
2021-11-17 00:00:00-05:00,48.41086798804812,48.419505165348944,48.07396205194456,48.29856491088867,13288700,0.0,0.0
2021-11-18 00:00:00-05:00,48.22946227748968,48.31584724036366,47.63339482938389,47.86663818359375,15380100,0.0,0.0
2021-11-19 00:00:00-05:00,47.89255504758107,47.93575082622787,47.426071614722915,47.624759674072266,15813700,0.0,0.0
2021-11-22 00:00:00-05:00,47.59884824840329,48.39360389305545,47.581573888963106,47.918479919433594,16905600,0.0,0.0
2021-11-23 00:00:00-05:00,48.08261221077837,48.47135120176452,47.94439426902504,48.27266311645508,13835900,0.0,0.0
2021-11-24 00:00:00-05:00,48.12579930933949,48.238102404240415,47.53837229883896,47.88391876220703,12598900,0.0,0.0
2021-11-26 00:00:00-05:00,47.15827834302089,47.296496282533816,46.28577821772846,46.41535568237305,14754300,0.0,0.0
2021-11-29 00:00:00-05:00,46.69178199195081,47.27920893833192,46.5881193824056,47.14963150024414,22712500,0.0,0.0
2021-11-30 00:00:00-05:00,46.66212848871925,46.68824761065589,45.65227655835077,45.66098403930664,30485200,0.42,0.0
2021-12-01 00:00:00-05:00,46.12237025133848,46.592474486468916,45.512976241457935,45.53038787841797,18719600,0.0,0.0
2021-12-02 00:00:00-05:00,45.79156412937483,46.435781530484235,45.713213409252475,46.20072937011719,17074200,0.0,0.0
2021-12-03 00:00:00-05:00,46.427072762302984,46.67082905807349,46.122374071659394,46.60988998413086,21064400,0.0,0.0
2021-12-06 00:00:00-05:00,47.28022303154022,48.09855010935906,47.13222576585836,47.80255889892578,26624100,0.0,0.0
2021-12-07 00:00:00-05:00,47.898315141097264,48.2465379013025,47.75031789428927,48.063720703125,23832700,0.0,0.0
2021-12-08 00:00:00-05:00,47.98537547394808,48.1856043311127,47.32374982944457,47.88090896606445,18026300,0.0,0.0
2021-12-09 00:00:00-05:00,47.663270849065654,47.994085348289595,47.523981057960405,47.759033203125,13846400,0.0,0.0
2021-12-10 00:00:00-05:00,48.098553770151874,49.03005490780887,47.94185233382353,48.99523162841797,23153600,0.0,0.0
2021-12-13 00:00:00-05:00,49.60461981157807,50.431654333250705,49.58720817396145,50.28365707397461,31362800,0.0,0.0
2021-12-14 00:00:00-05:00,49.97025485988749,50.640584606794185,49.97025485988749,50.318477630615234,24806600,0.0,0.0
2021-12-15 00:00:00-05:00,50.43165252757762,50.710232077608524,50.187896251533125,50.54482650756836,24923800,0.0,0.0
2021-12-16 00:00:00-05:00,50.47518576716547,51.25869291735746,50.405542532109834,51.05846405029297,24696900,0.0,0.0
2021-12-17 00:00:00-05:00,50.91917060718697,51.293509195507234,50.231425860337694,50.25754165649414,51874400,0.0,0.0
2021-12-20 00:00:00-05:00,49.79614138925428,50.30106556482761,49.622028344910674,50.092132568359375,20879500,0.0,0.0
2021-12-21 00:00:00-05:00,50.15307624374539,50.46647908817294,50.083429691236866,50.29236602783203,15864900,0.0,0.0
2021-12-22 00:00:00-05:00,50.240134401144864,50.65800378074999,50.04861301107415,50.64929962158203,12447400,0.0,0.0
2021-12-23 00:00:00-05:00,50.945288111334015,51.023638823360464,50.44036056251233,50.684120178222656,11027300,0.0,0.0
2021-12-27 00:00:00-05:00,50.49259740616203,51.0932840073555,50.49259740616203,51.05846405029297,9860000,0.0,0.0
2021-12-28 00:00:00-05:00,50.84081674840436,51.31091765475118,50.753758565058554,51.25868606567383,8979900,0.0,0.0
2021-12-29 00:00:00-05:00,51.31962585449219,51.45020814995013,51.06716210063792,51.31962585449219,9996000,0.0,0.0
2021-12-30 00:00:00-05:00,51.41540196460101,51.56339593660119,51.15423066189071,51.1716423034668,7703900,0.0,0.0
2021-12-31 00:00:00-05:00,51.1455132272262,51.66784905521728,51.10198579504865,51.54597091674805,10021300,0.0,0.0
2022-01-03 00:00:00-05:00,51.206455446300865,51.633032278113234,50.82340937027394,51.624324798583984,20187300,0.0,0.0
2022-01-04 00:00:00-05:00,51.99866725663972,52.703823663972315,51.87678910940629,52.486183166503906,26141600,0.0,0.0
2022-01-05 00:00:00-05:00,52.31206896882557,53.27839328795854,52.27724569296321,52.92146301269531,22507300,0.0,0.0
2022-01-06 00:00:00-05:00,52.642887115478516,53.20875044348088,52.616767996296744,52.642887115478516,17902300,0.0,0.0
2022-01-07 00:00:00-05:00,52.477472969160885,52.86052235026325,52.28595159953997,52.52100372314453,12307900,0.0,0.0
2022-01-10 00:00:00-05:00,52.712533078177664,52.947585237390236,52.39042603967041,52.60806655883789,20954300,0.0,0.0
2022-01-11 00:00:00-05:00,52.60806519756365,52.6603001163473,52.09443345278178,52.6254768371582,19369600,0.0,0.0
2022-01-12 00:00:00-05:00,52.695115610074716,52.834405394099285,52.399124403906214,52.70382308959961,15753800,0.0,0.0
2022-01-13 00:00:00-05:00,52.70382052909246,53.13910149813829,52.57323491000661,53.0172233581543,14318000,0.0,0.0
2022-01-14 00:00:00-05:00,53.05204451993676,53.49603297819549,52.547120311228575,53.44379806518555,19729600,0.0,0.0
2022-01-18 00:00:00-05:00,53.15651313541175,53.26968379629389,52.625469821827,53.0172233581543,21976700,0.0,0.0
2022-01-19 00:00:00-05:00,52.80828357732986,53.2609761540361,52.721228717587515,53.10427474975586,18654700,0.0,0.0
2022-01-20 00:00:00-05:00,53.10428679038468,53.48733290940319,52.86053047109388,52.88664627075195,23002400,0.0,0.0
2022-01-21 00:00:00-05:00,53.17393186112917,53.36545325480787,52.581949398637164,52.6254768371582,26643200,0.0,0.0
2022-01-24 00:00:00-05:00,52.146666719231746,52.53841697443864,50.98881762986214,52.19889831542969,30185100,0.0,0.0
2022-01-25 00:00:00-05:00,51.67655722819595,52.277243770545574,51.09327900220698,52.0770149230957,19027100,0.0,0.0
2022-01-26 00:00:00-05:00,52.05089548500592,52.53840801131284,51.54596800169659,51.8854866027832,19190200,0.0,0.0
2022-01-27 00:00:00-05:00,52.12925643015508,53.04334591752722,51.798441921635316,51.92902755737305,18893800,0.0,0.0
2022-01-28 00:00:00-05:00,51.70268067539206,53.00852377709456,51.31092708069516,52.964996337890625,19101500,0.0,0.0
2022-01-31 00:00:00-05:00,52.49489304981658,53.226165333893654,52.36431072965367,53.11299133300781,22045300,0.0,0.0
2022-02-01 00:00:00-05:00,53.02593256156793,53.2261614278685,52.37301104587586,52.72123718261719,20841700,0.0,0.0
2022-02-02 00:00:00-05:00,52.77346660624286,53.33933322492297,52.721235012532986,53.260982513427734,20225600,0.0,0.0
2022-02-03 00:00:00-05:00,53.05204810736794,53.783320334304904,52.74735272986526,53.63532638549805,19440500,0.0,0.0
2022-02-04 00:00:00-05:00,53.53085427196413,53.696259842310596,52.72993557344448,53.069454193115234,17403700,0.0,0.0
2022-02-07 00:00:00-05:00,53.435092250371206,53.73108343972477,52.98239964777575,53.62661361694336,17846400,0.0,0.0
2022-02-08 00:00:00-05:00,53.82684813086751,54.26212911531535,53.74849742082968,53.9748420715332,18771700,0.0,0.0
2022-02-09 00:00:00-05:00,54.122835561379226,54.253421183998,53.017224792509666,53.139102935791016,23595600,0.0,0.0
2022-02-10 00:00:00-05:00,52.54711934673683,54.236008318561986,52.40782956886393,53.43509292602539,23561500,0.0,0.0
2022-02-11 00:00:00-05:00,53.77461451300521,53.957431733855366,52.364305019270475,52.486183166503906,22781400,0.0,0.0
2022-02-14 00:00:00-05:00,52.37299868063354,52.92145355418548,51.60690335323574,52.82569122314453,23641300,0.0,0.0
2022-02-15 00:00:00-05:00,53.06945974866689,53.78332033678946,52.78217600999832,53.02593231201172,13408700,0.0,0.0
2022-02-16 00:00:00-05:00,52.982400083607374,53.452504327200124,52.72123216636592,53.0172233581543,15484700,0.0,0.0
2022-02-17 00:00:00-05:00,52.71253299305666,54.218604984751906,52.590654833868605,54.079315185546875,21468700,0.0,0.0
2022-02-18 00:00:00-05:00,54.079308535529265,54.68870257746442,53.96613787073144,54.4449462890625,21975000,0.0,0.0
2022-02-22 00:00:00-05:00,54.3491792096476,54.53199641003324,53.73108106305043,54.21859359741211,21731400,0.0,0.0
2022-02-23 00:00:00-05:00,54.18377890586267,54.26212961662435,53.40027179824584,53.61791229248047,19248500,0.0,0.0
2022-02-24 00:00:00-05:00,52.207602912942576,52.773466206405004,51.55468142907258,52.677703857421875,27207400,0.0,0.0
2022-02-25 00:00:00-05:00,53.05204386098757,54.75834780121857,53.03463222353385,54.71481704711914,21487800,0.0,0.0
2022-02-28 00:00:00-05:00,53.6701413971383,54.27082790066998,53.46120508407988,54.183773040771484,25879100,0.0,0.0
2022-03-01 00:00:00-05:00,54.09671294543407,54.627756206439074,53.54825804887956,53.9487190246582,15871100,0.0,0.0
2022-03-02 00:00:00-05:00,54.17507668183648,54.74094335011277,53.78332309002449,54.34918975830078,17319100,0.0,0.0
2022-03-03 00:00:00-05:00,54.50588846608514,54.86281876054774,54.22730888606216,54.384010314941406,21262800,0.0,0.0
2022-03-04 00:00:00-05:00,53.50473739719889,54.488473344297766,53.27839274824719,54.47106170654297,17163000,0.0,0.0
2022-03-07 00:00:00-05:00,53.983546892887446,54.03578180719752,52.86052446312926,53.173927307128906,29151400,0.0,0.0
2022-03-08 00:00:00-05:00,53.49603808073474,53.57438879725772,51.00623011226088,51.067169189453125,30242100,0.0,0.0
2022-03-09 00:00:00-05:00,52.07701866094375,52.09443029948437,51.06716687210132,51.32833480834961,23022700,0.0,0.0
2022-03-10 00:00:00-05:00,50.910466066853054,51.067167494698595,50.05731569354431,50.38813018798828,20887300,0.0,0.0
2022-03-11 00:00:00-05:00,50.45777402254912,51.2325736911557,50.37071914867916,50.422950744628906,19855600,0.0,0.0
2022-03-14 00:00:00-04:00,50.85278758528481,51.79141905072254,50.85278758528481,51.352806091308594,17799400,0.44,0.0
2022-03-15 00:00:00-04:00,51.82650580596668,52.537056616261545,51.73878121149434,52.30020523071289,18607200,0.0,0.0
2022-03-16 00:00:00-04:00,52.44057076422933,52.580926794537355,51.41421792004285,52.15985870361328,17347300,0.0,0.0
2022-03-17 00:00:00-04:00,52.15985585211937,52.75636978490596,51.95809427872854,52.71250915527344,15586200,0.0,0.0
2022-03-18 00:00:00-04:00,52.89672883390372,52.89672883390372,52.3791653433851,52.721282958984375,30197800,0.0,0.0
2022-03-21 00:00:00-04:00,53.07218099044096,53.59851533114416,52.852874457422615,53.14236068725586,17440100,0.0,0.0
2022-03-22 00:00:00-04:00,53.44937890621881,53.466923827275004,52.68619324520767,53.3353385925293,17559500,0.0,0.0
2022-03-23 00:00:00-04:00,53.29147905282838,53.493240629573194,52.63355955834901,52.98445129394531,15529200,0.0,0.0
2022-03-24 00:00:00-04:00,53.19498338661679,53.5283301990961,53.03708244103983,53.49324035644531,13151300,0.0,0.0
2022-03-25 00:00:00-04:00,53.61604931559883,54.04589150500529,53.554643766590964,53.975711822509766,12259800,0.0,0.0
2022-03-28 00:00:00-04:00,53.97570396619466,54.33536642075572,53.694991969773874,54.31782150268555,11485200,0.0,0.0
2022-03-29 00:00:00-04:00,54.57223053580426,54.85294259776108,54.15993657712803,54.52836990356445,14720600,0.0,0.0
2022-03-30 00:00:00-04:00,54.39679301984678,54.57223892211914,54.00204392267429,54.57223892211914,13641000,0.0,0.0
2022-03-31 00:00:00-04:00,54.58099889473224,54.949432182183955,54.38800811767578,54.38800811767578,16822900,0.0,0.0
2022-04-01 00:00:00-04:00,54.677492265943684,55.22137139007573,54.466956576345105,55.15119171142578,12644900,0.0,0.0
2022-04-04 00:00:00-04:00,54.91434482638337,55.08101990369269,54.14238837593007,54.86171340942383,11505800,0.0,0.0
2022-04-05 00:00:00-04:00,54.738906486861424,55.47577649771212,54.712587430020896,54.80031204223633,15721200,0.0,0.0
2022-04-06 00:00:00-04:00,55.063475842347145,55.49331470386874,54.651178555851594,55.35295867919922,19267400,0.0,0.0
2022-04-07 00:00:00-04:00,55.37927668926723,55.852976172116996,55.010840039993504,55.651214599609375,13960800,0.0,0.0
2022-04-08 00:00:00-04:00,55.686308417864616,56.17755620318892,55.405596353779806,55.99333953857422,12703500,0.0,0.0
2022-04-11 00:00:00-04:00,56.063509371413616,56.40563029699522,55.82665796740391,55.97578811645508,12720100,0.0,0.0
2022-04-12 00:00:00-04:00,56.475808004656194,56.853015455931164,56.04596913454859,56.63370895385742,18089900,0.0,0.0
2022-04-13 00:00:00-04:00,56.52843679578017,56.90564418486117,56.34422016753628,56.782833099365234,11883000,0.0,0.0
2022-04-14 00:00:00-04:00,56.98460383827464,57.51971226826072,56.861792725756885,57.037235260009766,16388400,0.0,0.0
2022-04-18 00:00:00-04:00,56.817929528441155,57.177595429128324,56.30036936037379,56.52845001220703,11679400,0.0,0.0
2022-04-19 00:00:00-04:00,56.58107808726963,57.2389975999123,56.5284466679233,57.08109664916992,11993800,0.0,0.0
2022-04-20 00:00:00-04:00,57.40566947715672,58.10744623580743,57.370579635318734,57.86182403564453,14827100,0.0,0.0
2022-04-21 00:00:00-04:00,57.879380358071195,58.77414802500543,57.651299700733475,58.081138610839844,15120400,0.0,0.0
2022-04-22 00:00:00-04:00,57.9671014868913,58.19517545096783,57.17759666934661,57.2390022277832,14902200,0.0,0.0
2022-04-25 00:00:00-04:00,58.77413759150876,58.94958010126799,56.82669494674872,57.84428024291992,25082000,0.0,0.0
2022-04-26 00:00:00-04:00,57.47583960421898,58.22148699389175,57.054774908549994,57.06354904174805,21982600,0.0,0.0
2022-04-27 00:00:00-04:00,57.0196922989196,58.14254055335807,57.0196922989196,57.51093673706055,16971000,0.0,0.0
2022-04-28 00:00:00-04:00,56.72144374909833,58.14254577058199,56.581084358347084,58.0635986328125,22010600,0.0,0.0
2022-04-29 00:00:00-04:00,57.78287304785913,57.92322571312454,56.57229700984434,56.67756652832031,20137100,0.0,0.0
2022-05-02 00:00:00-04:00,57.26531052602183,57.29162623441584,54.896803072718455,55.651214599609375,24970300,0.0,0.0
2022-05-03 00:00:00-04:00,55.8968389626523,56.089826397368725,54.97574903217486,55.33541488647461,21686300,0.0,0.0
2022-05-04 00:00:00-04:00,55.2652449454527,57.12496670854617,55.21261017415125,57.04601287841797,19780200,0.0,0.0
2022-05-05 00:00:00-04:00,56.747752327787495,57.04600595658351,56.151238377492206,56.58985137939453,20155200,0.0,0.0
2022-05-06 00:00:00-04:00,56.31790029761696,57.29162158539943,56.203863339595614,56.791603088378906,18984000,0.0,0.0
2022-05-09 00:00:00-04:00,56.55475543644962,57.33548596021442,56.1775480277889,56.67756652832031,20055300,0.0,0.0
2022-05-10 00:00:00-04:00,56.58107634888967,57.30040139290386,56.01087811691061,56.15123748779297,21322200,0.0,0.0
2022-05-11 00:00:00-04:00,56.43194264423063,57.19512487890275,56.10736665823641,56.41439437866211,19648400,0.0,0.0
2022-05-12 00:00:00-04:00,56.28282361660356,56.60739295468118,55.44945489736718,56.58985137939453,22574700,0.0,0.0
2022-05-13 00:00:00-04:00,56.85301958492757,57.72147821495847,56.24773814628325,57.65129852294922,16167000,0.0,0.0
2022-05-16 00:00:00-04:00,57.40566947715672,58.23025733588888,57.40566947715672,57.86182403564453,13223200,0.0,0.0
2022-05-17 00:00:00-04:00,57.98463814298525,57.98463814298525,57.02846500094635,57.70392608642578,21300600,0.0,0.0
2022-05-18 00:00:00-04:00,57.38812100111179,57.47584225903613,53.475694001900045,53.68622970581055,31437300,0.0,0.0
2022-05-19 00:00:00-04:00,53.47568858896557,53.47568858896557,52.33529561962496,52.63355255126953,31493900,0.0,0.0
2022-05-20 00:00:00-04:00,53.06340149620371,53.72132098732384,52.33530231978201,53.49324035644531,29133800,0.0,0.0
2022-05-23 00:00:00-04:00,54.0809866476477,55.35296172722816,54.028351880616434,55.14242935180664,19406900,0.0,0.0
2022-05-24 00:00:00-04:00,55.15997368471305,56.309140988310816,55.04593336387316,56.16000747680664,16154200,0.0,0.0
2022-05-25 00:00:00-04:00,56.142463314424774,56.554760600222586,55.791571580168984,56.2038688659668,15360500,0.0,0.0
2022-05-26 00:00:00-04:00,56.20386330199407,57.10740491068084,56.107367917308835,56.4056282043457,16159800,0.0,0.0
2022-05-27 00:00:00-04:00,56.37054980673679,56.8705684049123,56.26528026770368,56.738983154296875,17709000,0.0,0.0
2022-05-31 00:00:00-04:00,56.21264207308389,56.42317443308522,55.30909704349431,55.59858322143555,43159000,0.0,0.0
2022-06-01 00:00:00-04:00,55.63367650225154,55.86175715747967,54.50205739994187,55.3266487121582,15408300,0.0,0.0
2022-06-02 00:00:00-04:00,55.423135529882806,55.9143832642752,54.484504035474316,55.905609130859375,14586000,0.0,0.0
2022-06-03 00:00:00-04:00,55.76525637896404,55.817891143487024,55.09856609343094,55.238922119140625,13539900,0.0,0.0
2022-06-06 00:00:00-04:00,55.554718170960456,55.940696364481376,54.96697507449656,55.15119171142578,15112800,0.0,0.0
2022-06-07 00:00:00-04:00,54.721360948625836,55.5898128484991,54.581004917012386,55.48454666137695,17886300,0.0,0.0
2022-06-08 00:00:00-04:00,55.25646774219701,55.449455188528276,54.87926029087219,55.16874313354492,10211500,0.0,0.0
2022-06-09 00:00:00-04:00,55.151190170777056,55.57225819186042,54.195013827165525,54.21255874633789,13382200,0.0,0.0
2022-06-10 00:00:00-04:00,53.519557324104,54.29151714882085,53.03708368853784,53.87044906616211,14967600,0.0,0.0
2022-06-13 00:00:00-04:00,53.29147662366084,54.642405393870575,53.22129694119992,53.80904006958008,23064200,0.0,0.0
2022-06-14 00:00:00-04:00,53.65883429084928,53.8002043775208,51.82985731993012,52.33348846435547,24620000,0.44,0.0
2022-06-15 00:00:00-04:00,53.013833408387036,53.5793137587919,52.103763680112266,52.72225570678711,19684700,0.0,0.0
2022-06-16 00:00:00-04:00,51.81218306267053,52.58972018598402,51.46759370419312,52.192115783691406,15053800,0.0,0.0
2022-06-17 00:00:00-04:00,52.74875931526469,53.12869201733072,52.2451282209964,52.510196685791016,34781900,0.0,0.0
2022-06-21 00:00:00-04:00,52.563216550697,53.791369801025006,52.13910292347055,53.632328033447266,17705000,0.0,0.0
2022-06-22 00:00:00-04:00,53.54396352638152,54.2949947589857,53.29656674744421,54.02992630004883,15207100,0.0,0.0
2022-06-23 00:00:00-04:00,54.16246193486484,54.70143640875743,54.100612736601285,54.674930572509766,17190900,0.0,0.0
2022-06-24 00:00:00-04:00,54.87815257868925,55.71753893042233,54.87815257868925,55.699867248535156,18147100,0.0,0.0
2022-06-27 00:00:00-04:00,55.64685591933866,55.920761951090114,55.3376098919813,55.58500671386719,12142100,0.0,0.0
2022-06-28 00:00:00-04:00,55.735208410220004,56.33602871800223,54.87815041046197,55.02835464477539,13150100,0.0,0.0
2022-06-29 00:00:00-04:00,55.258084620739275,55.76171575136455,55.16089205684166,55.425960540771484,11795500,0.0,0.0
2022-06-30 00:00:00-04:00,55.06370386022985,55.76172017401235,54.922333766219495,55.58500671386719,15514200,0.0,0.0
2022-07-01 00:00:00-04:00,55.770553417467866,56.94569167272089,55.50548491685303,56.88384246826172,15143200,0.0,0.0
2022-07-05 00:00:00-04:00,56.707123574308305,56.707123574308305,55.15204943663774,55.91191482543945,15921200,0.0,0.0
2022-07-06 00:00:00-04:00,56.19465507967389,56.62759944453123,55.832394064566834,56.02677917480469,13450500,0.0,0.0
2022-07-07 00:00:00-04:00,55.89425274122455,56.17699629977416,55.39945909745277,55.58500671386719,14828400,0.0,0.0
2022-07-08 00:00:00-04:00,55.69101927562633,56.035608581465375,55.55848674212642,55.788211822509766,11311500,0.0,0.0
2022-07-11 00:00:00-04:00,55.65569212235087,56.07096486770639,55.30226521046689,55.61151123046875,12702100,0.0,0.0
2022-07-12 00:00:00-04:00,55.66451772656454,56.06212209871709,55.1962300052117,55.37294006347656,14731100,0.0,0.0
2022-07-13 00:00:00-04:00,55.07253695868728,55.66452312646419,54.76328758566752,55.11671447753906,13145300,0.0,0.0
2022-07-14 00:00:00-04:00,54.188974490068055,55.00185164349158,54.16246528165383,54.94000244140625,14433000,0.0,0.0
2022-07-15 00:00:00-04:00,55.443634963989254,55.638020101396364,54.84281123975711,55.22274398803711,21968400,0.0,0.0
2022-07-18 00:00:00-04:00,55.24041751267179,55.27576087892964,54.34801605257019,54.471717834472656,10780800,0.0,0.0
2022-07-19 00:00:00-04:00,54.86048539751001,55.355282419357614,54.71911530134341,55.24925231933594,10998200,0.0,0.0
2022-07-20 00:00:00-04:00,55.13438885297524,55.293430625035136,54.02993397507533,54.33917999267578,11010500,0.0,0.0
2022-07-21 00:00:00-04:00,54.12712620164746,54.674938278518134,53.711853436281025,54.215484619140625,11959600,0.0,0.0
2022-07-22 00:00:00-04:00,54.233145956934,54.66609032320908,54.18013091655144,54.41869354248047,11644700,0.0,0.0
2022-07-25 00:00:00-04:00,54.3833569281616,55.0460298477668,54.17130348138404,54.94883728027344,14941700,0.0,0.0
2022-07-26 00:00:00-04:00,55.443643746256065,56.371385318103485,55.24925857805837,55.85008239746094,20118000,0.0,0.0
2022-07-27 00:00:00-04:00,55.55849803895377,55.83240068619696,54.59541326937158,55.67335891723633,12142900,0.0,0.0
2022-07-28 00:00:00-04:00,55.59383487442544,56.76897639270398,55.567329037947395,56.601097106933594,10837000,0.0,0.0
2022-07-29 00:00:00-04:00,56.29185699565736,56.804325691311554,56.22117363415303,56.69829559326172,13734200,0.0,0.0
2022-08-01 00:00:00-04:00,56.627608897891804,57.46699867394979,56.57459721936146,57.00754165649414,12831500,0.0,0.0
2022-08-02 00:00:00-04:00,57.06939406849272,57.078231595763626,56.04446335998831,56.230010986328125,15241900,0.0,0.0
2022-08-03 00:00:00-04:00,56.15048404072653,56.636443501839636,55.938430596490754,56.47740173339844,11317000,0.0,0.0
2022-08-04 00:00:00-04:00,56.230009662799056,56.30953055371996,55.59384253543185,56.25651550292969,11795600,0.0,0.0
2022-08-05 00:00:00-04:00,56.221169438225225,56.221169438225225,55.372945569776086,56.00027847290039,10445400,0.0,0.0
2022-08-08 00:00:00-04:00,56.10631888808816,56.380224965341874,55.44364583035483,55.638031005859375,9165200,0.0,0.0
2022-08-09 00:00:00-04:00,55.82356633581329,55.93843058422424,55.53198863689214,55.708702087402344,7910900,0.0,0.0
2022-08-10 00:00:00-04:00,56.22117032852878,56.362540413754225,55.75287918266491,56.23884201049805,8857300,0.0,0.0
2022-08-11 00:00:00-04:00,56.27417849577559,56.53925033826133,55.73520739669151,55.85890579223633,8507800,0.0,0.0
2022-08-12 00:00:00-04:00,56.0444573666649,56.33603169537129,55.74404551163269,56.28302001953125,9489300,0.0,0.0
2022-08-15 00:00:00-04:00,56.23000647975836,57.15775127816122,56.16815727593534,56.989871978759766,9863300,0.0,0.0
2022-08-16 00:00:00-04:00,57.05172180780561,57.634877228291316,56.8396683553825,57.458160400390625,9569600,0.0,0.0
2022-08-17 00:00:00-04:00,57.28145603239615,57.62604545488337,57.219606821720454,57.32563018798828,8144000,0.0,0.0
2022-08-18 00:00:00-04:00,57.39630910030179,57.74089847580475,57.17541812928413,57.62603759765625,6532000,0.0,0.0
2022-08-19 00:00:00-04:00,57.61719532060407,57.8469237990167,57.39630436779955,57.581851959228516,8921100,0.0,0.0
2022-08-22 00:00:00-04:00,57.290276618102894,57.3609633437343,56.53925206670506,56.724796295166016,9087900,0.0,0.0
2022-08-23 00:00:00-04:00,56.389046745687835,56.87500957778038,56.265348341347455,56.78664779663086,8443800,0.0,0.0
2022-08-24 00:00:00-04:00,56.76013888881979,57.060554098153716,56.59226634404154,56.86616897583008,6844700,0.0,0.0
2022-08-25 00:00:00-04:00,56.86617303226691,57.175419048451666,56.459734447987294,57.14007568359375,7913900,0.0,0.0
2022-08-26 00:00:00-04:00,57.19308688190878,57.25493607733849,55.646846884580995,55.76171112060547,10089500,0.0,0.0
2022-08-29 00:00:00-04:00,55.39061717743987,55.691029024701315,55.14322037517585,55.425960540771484,9115900,0.0,0.0
2022-08-30 00:00:00-04:00,55.584993424079585,55.584993424079585,54.772116420502634,54.91348648071289,8456800,0.0,0.0
2022-08-31 00:00:00-04:00,55.11670871469003,55.24924125738815,54.515885083646026,54.52471923828125,14633600,0.0,0.0
2022-09-01 00:00:00-04:00,54.409876241060466,54.81631489830222,54.15364185563569,54.78097152709961,14939700,0.0,0.0
2022-09-02 00:00:00-04:00,55.12554349579546,55.46129867473061,53.80903535584671,54.02992630004883,11809800,0.0,0.0
2022-09-06 00:00:00-04:00,54.15363865523798,54.75446244805688,53.888570127942394,54.05644607543945,12181800,0.0,0.0
2022-09-07 00:00:00-04:00,54.180137063129514,55.21390855943366,54.180137063129514,55.054866790771484,13290700,0.0,0.0
2022-09-08 00:00:00-04:00,54.85164578617818,55.046027542495644,54.19780704985048,54.886985778808594,17193500,0.0,0.0
2022-09-09 00:00:00-04:00,54.931161891751046,55.55849477491972,54.6572592605995,55.063697814941406,11855900,0.0,0.0
2022-09-12 00:00:00-04:00,55.16089478441281,55.496650011608146,55.019524694624586,55.22274398803711,13026900,0.0,0.0
2022-09-13 00:00:00-04:00,54.957680586252344,54.975352270430356,53.261235980983614,53.429115295410156,18532800,0.0,0.0
2022-09-14 00:00:00-04:00,53.579313282093196,53.96808354743419,53.402599831531724,53.711849212646484,12881600,0.0,0.0
2022-09-15 00:00:00-04:00,53.756347840470944,53.756347840470944,52.83074105972372,52.98204040527344,11451900,0.44,0.0
2022-09-16 00:00:00-04:00,53.097743649551845,53.22234391307278,52.60824115924708,52.990943908691406,20493500,0.0,0.0
2022-09-19 00:00:00-04:00,52.8574434621609,53.4893467598774,52.71504267119518,53.391448974609375,12596200,0.0,0.0
2022-09-20 00:00:00-04:00,53.11553800061896,53.42703862322746,52.79513542016328,53.31134033203125,11984600,0.0,0.0
2022-09-21 00:00:00-04:00,53.52495454932074,54.023359078039746,52.85745012099678,52.86635208129883,14165300,0.0,0.0
2022-09-22 00:00:00-04:00,52.999847505551045,53.16004882960634,52.688346817167336,52.74174499511719,11657600,0.0,0.0
2022-09-23 00:00:00-04:00,52.474737631687425,52.59933789210929,51.620332935849675,52.154335021972656,14824000,0.0,0.0
2022-09-26 00:00:00-04:00,52.05643704381837,52.12763573731531,51.3444297382343,51.50463104248047,18670100,0.0,0.0
2022-09-27 00:00:00-04:00,51.691538367355164,51.949637468446525,50.11622769779168,50.17852783203125,23829300,0.0,0.0
2022-09-28 00:00:00-04:00,50.42772286147146,50.952826360642874,49.76021858600452,50.7125244140625,21480100,0.0,0.0
2022-09-29 00:00:00-04:00,50.810432986275124,50.988434831350936,49.8403264954699,50.34762954711914,14570700,0.0,0.0
2022-09-30 00:00:00-04:00,50.61463120040489,50.846034620200705,49.84032706977117,49.85812759399414,16124600,0.0,0.0
2022-10-03 00:00:00-04:00,50.160728369927234,50.59682931883095,49.8937273039511,50.41883087158203,16277600,0.0,0.0
2022-10-04 00:00:00-04:00,50.68582957217513,51.45123508199581,50.24972524852058,50.53452682495117,18861400,0.0,0.0
2022-10-05 00:00:00-04:00,50.28532456025339,50.41882677995878,49.40421737942333,50.053924560546875,14324900,0.0,0.0
2022-10-06 00:00:00-04:00,49.84032701446243,49.929326240375694,48.834619465148954,48.977020263671875,17192800,0.0,0.0
2022-10-07 00:00:00-04:00,48.941419323996854,49.0304185439339,48.28281355311384,48.51421356201172,11479800,0.0,0.0
2022-10-10 00:00:00-04:00,48.59431388029654,48.91471650200749,48.078112297064244,48.407413482666016,10239100,0.0,0.0
2022-10-11 00:00:00-04:00,48.469713972834036,49.14612026701513,48.273915009868034,48.48751449584961,14303900,0.0,0.0
2022-10-12 00:00:00-04:00,49.15501749343878,49.87592337799126,48.98591762204611,49.07491683959961,18377400,0.0,0.0
2022-10-13 00:00:00-04:00,48.48751707673093,49.91152843784968,48.29171470824019,49.72462463378906,16220700,0.0,0.0
2022-10-14 00:00:00-04:00,50.09843071997001,50.258632046524525,48.89692077081115,48.93252182006836,15997900,0.0,0.0
2022-10-17 00:00:00-04:00,49.511024431395924,50.03612799796855,49.457622860267215,49.564422607421875,13721400,0.0,0.0
2022-10-18 00:00:00-04:00,50.116223849299445,50.53452423348576,49.929320065830645,50.2319221496582,11823100,0.0,0.0
2022-10-19 00:00:00-04:00,50.11622588732272,50.320926806015365,49.600020913582746,49.80472183227539,10182300,0.0,0.0
2022-10-20 00:00:00-04:00,49.63562145714382,49.76912028358346,48.91471557200064,49.02151870727539,16905100,0.0,0.0
2022-10-21 00:00:00-04:00,48.950317112053256,49.93822405516747,48.94141854824165,49.80472183227539,15034100,0.0,0.0
2022-10-24 00:00:00-04:00,50.40992334704597,51.380029715907725,50.34762321836605,51.23762893676758,17416700,0.0,0.0
2022-10-25 00:00:00-04:00,52.5459400389003,52.60824016948867,51.39783181216754,52.46583938598633,28829900,0.0,0.0
2022-10-26 00:00:00-04:00,52.51924160315203,53.20454648751213,52.385742768080995,52.857444763183594,15831400,0.0,0.0
2022-10-27 00:00:00-04:00,53.19564327586989,53.25794340581418,52.84854158186529,52.98204040527344,16026100,0.0,0.0
2022-10-28 00:00:00-04:00,53.01764975363996,54.210257763102504,52.9286505240947,54.07675552368164,12888900,0.0,0.0
2022-10-31 00:00:00-04:00,53.85424553779773,53.90764710414135,53.10664058449933,53.266841888427734,14016400,0.0,0.0
2022-11-01 00:00:00-04:00,53.42705400370617,53.65845744291888,52.839650235470785,53.079952239990234,10659500,0.0,0.0
2022-11-02 00:00:00-04:00,53.079950681070386,53.605054291427315,52.30564650820612,52.34124755859375,14549200,0.0,0.0
2022-11-03 00:00:00-04:00,51.71823105256607,52.51033557135833,51.7093290944323,52.31453323364258,9194000,0.0,0.0
2022-11-04 00:00:00-04:00,52.777346043819,53.03544855425286,52.118743618349775,52.74174499511719,9725900,0.0,0.0
2022-11-07 00:00:00-05:00,52.741733547639974,53.19563833231191,52.723936422254766,52.94643783569336,8849700,0.0,0.0
2022-11-08 00:00:00-05:00,53.17784426331601,53.213445308609785,52.45693837407849,53.044342041015625,10081600,0.0,0.0
2022-11-09 00:00:00-05:00,53.03544952524809,53.079949139388646,52.287844464336864,52.30564498901367,10115200,0.0,0.0
2022-11-10 00:00:00-05:00,53.622847207153534,54.32595257456987,53.11554419398037,54.18355178833008,16804800,0.0,0.0
2022-11-11 00:00:00-05:00,54.61966059576682,54.69086269671677,53.587253897713694,54.57516098022461,18972100,0.0,0.0
2022-11-14 00:00:00-05:00,54.57514850504107,54.93115213820689,54.03224449225922,54.050045013427734,16361000,0.0,0.0
2022-11-15 00:00:00-05:00,54.406058681600605,54.690860282623014,53.400351118244856,53.961055755615234,13295800,0.0,0.0
2022-11-16 00:00:00-05:00,54.10345352427135,54.317053015517004,53.658450623223096,53.86315155029297,14199500,0.0,0.0
2022-11-17 00:00:00-05:00,53.569446043138456,54.058951932437935,53.51604786983493,54.032249450683594,11212600,0.0,0.0
2022-11-18 00:00:00-05:00,54.28145630359577,54.61965606977443,54.11235302540367,54.414955139160156,10415600,0.0,0.0
2022-11-21 00:00:00-05:00,54.65525457572786,55.367258517603375,54.46835417756727,55.25156021118164,15399400,0.0,0.0
2022-11-22 00:00:00-05:00,55.59865875286095,55.62535783819051,55.224854582735055,55.49185562133789,12319600,0.0,0.0
2022-11-23 00:00:00-05:00,55.61645809391377,55.88345912684755,55.44735483681059,55.741058349609375,8990400,0.0,0.0
2022-11-25 00:00:00-05:00,55.83006134212631,55.90126343311721,55.51856068179752,55.79446029663086,5165500,0.0,0.0
2022-11-28 00:00:00-05:00,55.79446565496603,56.15936791858213,55.678767338648335,55.803367614746094,12267500,0.0,0.0
2022-11-29 00:00:00-05:00,55.64316024915121,55.687659857912,55.16255632628855,55.60755920410156,10969600,0.0,0.0
2022-11-30 00:00:00-05:00,55.5806638282924,57.0775162933438,55.34762271079185,57.014774322509766,30433900,0.44,0.0
2022-12-01 00:00:00-05:00,57.0147832594282,57.462942218022434,56.85344576079975,57.17612075805664,12001400,0.0,0.0
2022-12-02 00:00:00-05:00,57.01477394456113,57.83041955999665,56.82654803330677,57.67804718017578,13643500,0.0,0.0
2022-12-05 00:00:00-05:00,56.83551718112859,57.185080610624446,56.701068130161836,56.88929748535156,9185100,0.0,0.0
2022-12-06 00:00:00-05:00,56.93411093971428,57.25678591673588,56.67417793942674,56.862403869628906,10099500,0.0,0.0
2022-12-07 00:00:00-05:00,56.871369066876525,57.11337530008483,56.692104810516895,56.9520378112793,12307600,0.0,0.0
2022-12-08 00:00:00-05:00,57.00581286213442,57.22989232058492,56.78173340368392,57.19404220581055,9946200,0.0,0.0
2022-12-09 00:00:00-05:00,57.01477632334236,57.22092900891459,56.548690652803835,56.593505859375,13914900,0.0,0.0
2022-12-12 00:00:00-05:00,56.73692476802372,57.37331310231769,56.47699174550798,57.337459564208984,11647900,0.0,0.0
2022-12-13 00:00:00-05:00,57.893159236860356,57.991754734805895,57.18507082459668,57.35537338256836,17521600,0.0,0.0
2022-12-14 00:00:00-05:00,57.5346376134529,57.94694295106078,56.97891815579274,57.35537338256836,12826700,0.0,0.0
2022-12-15 00:00:00-05:00,56.99685202931888,57.265746699591226,56.01090376525986,56.566619873046875,12212300,0.0,0.0
2022-12-16 00:00:00-05:00,56.24394989013672,56.593513334416734,55.86749800219872,56.24394989013672,33631500,0.0,0.0
2022-12-19 00:00:00-05:00,56.315649990102884,56.83551254512822,55.992975029448,56.32461166381836,10919700,0.0,0.0
2022-12-20 00:00:00-05:00,56.306692673777455,56.60247923495617,56.243950691560435,56.27980422973633,10286500,0.0,0.0
2022-12-21 00:00:00-05:00,56.53076982356747,57.40916437668625,56.53076982356747,57.185081481933594,10411300,0.0,0.0
2022-12-22 00:00:00-05:00,56.84447739394799,56.99685320907106,56.154315646330076,56.77277374267578,9666700,0.0,0.0
2022-12-23 00:00:00-05:00,56.91618529673885,57.24782195448293,56.64729061696848,57.203006744384766,6463300,0.0,0.0
2022-12-27 00:00:00-05:00,57.30160243036829,57.624277414735296,57.10441140232593,57.55257034301758,7320700,0.0,0.0
2022-12-28 00:00:00-05:00,57.77665385009929,57.94695644773688,56.907227769455815,56.97893142700195,7159400,0.0,0.0
2022-12-29 00:00:00-05:00,57.185081434157574,57.49879475120403,57.09545101167656,57.31953048706055,7169300,0.0,0.0
2022-12-30 00:00:00-05:00,57.29263064500877,57.29263064500877,56.62039231248903,57.014774322509766,7650200,0.0,0.0
2023-01-03 00:00:00-05:00,56.96997229071559,56.96997229071559,55.73305251549482,56.4232177734375,12180500,0.0,0.0
2023-01-04 00:00:00-05:00,56.602472639218064,56.763810123027746,56.02882635279408,56.39631652832031,13387900,0.0,0.0
2023-01-05 00:00:00-05:00,56.109497847830674,56.28876210743533,55.64341555971249,55.750972747802734,9814700,0.0,0.0
2023-01-06 00:00:00-05:00,56.38735609156824,57.068556156569514,56.091572977548374,56.82655334472656,9990000,0.0,0.0
2023-01-09 00:00:00-05:00,56.73693126991005,57.11338662482897,56.09158460590645,56.118473052978516,9442600,0.0,0.0
2023-01-10 00:00:00-05:00,56.10949182527582,56.22601409438904,55.49999545954957,55.68822479248047,10134600,0.0,0.0
2023-01-11 00:00:00-05:00,55.912301800608844,56.073639267984014,55.04287249521831,55.58066177368164,10823000,0.0,0.0
2023-01-12 00:00:00-05:00,55.6702966662984,55.73303863601535,54.64849496612984,54.863609313964844,13907300,0.0,0.0
2023-01-13 00:00:00-05:00,54.40649464856667,55.087694716008215,54.30789913714643,55.06080627441406,13986400,0.0,0.0
2023-01-17 00:00:00-05:00,55.3297006152754,55.91230858697552,55.17732822158287,55.28488540649414,18327800,0.0,0.0
2023-01-18 00:00:00-05:00,55.13250597682506,55.204213041515956,53.49224619260257,53.608768463134766,19679400,0.0,0.0
2023-01-19 00:00:00-05:00,53.53706454877904,54.352713652138426,53.519137781551436,53.52810287475586,14894500,0.0,0.0
2023-01-20 00:00:00-05:00,53.5281017076642,53.85973834619107,53.241280276638605,53.85077667236328,14237700,0.0,0.0
2023-01-23 00:00:00-05:00,54.03004088779956,54.289973894447584,53.82388818503156,53.985225677490234,12613400,0.0,0.0
2023-01-24 00:00:00-05:00,53.850778071027065,55.43725765670118,53.59980674797533,54.27204513549805,10103300,0.0,0.0
2023-01-25 00:00:00-05:00,53.95833637644267,54.621609684500605,53.680476606256526,54.612648010253906,11265800,0.0,0.0
2023-01-26 00:00:00-05:00,54.505088806152344,54.76501837986244,54.28997102119857,54.505088806152344,11884800,0.0,0.0
2023-01-27 00:00:00-05:00,54.531983071089826,54.63954026546322,54.110712549286845,54.2182731628418,14087000,0.0,0.0
2023-01-30 00:00:00-05:00,54.26307650334237,54.827754214642944,54.191369443327865,54.35270690917969,15632000,0.0,0.0
2023-01-31 00:00:00-05:00,54.65746339579815,54.980138376619145,54.23619290203948,54.96221160888672,14344400,0.0,0.0
2023-02-01 00:00:00-05:00,54.8008697624334,55.195251782835236,54.33478409598281,54.97117233276367,12535400,0.0,0.0
2023-02-02 00:00:00-05:00,54.49612260151174,54.69331361543221,53.69840029127875,54.03003692626953,16947200,0.0,0.0
2023-02-03 00:00:00-05:00,54.092779804135155,54.155521778852965,53.08890478946903,53.6266975402832,15404400,0.0,0.0
2023-02-06 00:00:00-05:00,53.590847737311144,54.08382189549174,53.52810575822533,53.93144607543945,11330900,0.0,0.0
2023-02-07 00:00:00-05:00,53.48327984242906,53.9941841183868,53.366760993817486,53.8418083190918,14922700,0.0,0.0
2023-02-08 00:00:00-05:00,53.70736370866947,53.70736370866947,53.41158059736702,53.52810287475586,11012000,0.0,0.0
2023-02-09 00:00:00-05:00,53.91352356435472,54.06589596759377,53.42054597933082,53.438472747802734,12515300,0.0,0.0
2023-02-10 00:00:00-05:00,53.528106590162295,53.68944408722803,52.77519941024935,53.438472747802734,14420700,0.0,0.0
2023-02-13 00:00:00-05:00,53.6894328997089,54.46026326829074,53.537057109039644,54.31685256958008,16191800,0.0,0.0
2023-02-14 00:00:00-05:00,53.96729522416554,54.5857567094169,53.38469069156694,53.41157913208008,20505700,0.0,0.0
2023-02-15 00:00:00-05:00,53.68943888771338,53.71632732822652,53.088904169197825,53.41157913208008,13171400,0.0,0.0
2023-02-16 00:00:00-05:00,53.088913915412775,53.61774166406881,52.83794597340034,53.079952239990234,16538300,0.0,0.0
2023-02-17 00:00:00-05:00,53.33090732246128,53.985218884351106,53.223350147416895,53.88662338256836,16814700,0.0,0.0
2023-02-21 00:00:00-05:00,53.77010649537147,53.98522085330591,53.528100278309424,53.59980392456055,14278300,0.0,0.0
2023-02-22 00:00:00-05:00,53.64462426252682,54.10174830043301,53.554993841343574,53.761146545410156,12409600,0.0,0.0
2023-02-23 00:00:00-05:00,53.78803413977649,54.155524331523296,53.608773300236656,53.8597412109375,12222800,0.0,0.0
2023-02-24 00:00:00-05:00,53.49225135481695,53.69840405692629,53.232318348999414,53.63566207885742,9736200,0.0,0.0
2023-02-27 00:00:00-05:00,53.940404134043845,54.04796130999423,53.546025542771794,53.61772918701172,8849800,0.0,0.0
2023-02-28 00:00:00-05:00,53.5101806758864,53.5101806758864,53.008241408204704,53.33987808227539,16082200,0.0,0.0
2023-03-01 00:00:00-05:00,52.999273218002024,53.04408842479715,52.31806976566413,52.757266998291016,13275800,0.0,0.0
2023-03-02 00:00:00-05:00,52.73934221264727,53.58187975725745,52.70348867819206,53.52810287475586,11758300,0.0,0.0
2023-03-03 00:00:00-05:00,53.37572563447575,53.49224790874623,53.07097743812452,53.277130126953125,13101800,0.0,0.0
2023-03-06 00:00:00-05:00,53.115790180481035,54.119668556687415,53.07994006783015,54.101741790771484,16282700,0.0,0.0
2023-03-07 00:00:00-05:00,54.21826810747939,54.28997175731541,53.55499139579465,53.78803253173828,13961200,0.0,0.0
2023-03-08 00:00:00-05:00,53.81492233276367,54.074855319232,53.53706257972706,53.81492233276367,10851600,0.0,0.0
2023-03-09 00:00:00-05:00,54.26308025137824,54.26308025137824,53.133717912408635,53.2950553894043,13900900,0.0,0.0
2023-03-10 00:00:00-05:00,53.51017348492188,53.90455208705652,52.873788665847435,53.07097625732422,13745800,0.0,0.0
2023-03-13 00:00:00-04:00,53.14268280018701,54.55886313602198,53.106829267841555,53.608768463134766,21956000,0.0,0.0
2023-03-14 00:00:00-04:00,53.779076979232485,54.191382415469675,53.19646894428482,53.805965423583984,19496900,0.0,0.0
2023-03-15 00:00:00-04:00,53.26817561792726,54.20930877409788,53.09787643968853,54.164493560791016,21089900,0.0,0.0
2023-03-16 00:00:00-04:00,54.27286235835098,54.49866058692701,53.920617673037576,54.46253204345703,15658300,0.46,0.0
2023-03-17 00:00:00-04:00,54.471571114738296,54.507696216257756,53.866430012633046,54.20964431762695,27351200,0.0,0.0
2023-03-20 00:00:00-04:00,54.3360977037574,54.73350143432617,54.16449225211804,54.73350143432617,12904100,0.0,0.0
2023-03-21 00:00:00-04:00,54.70640434814472,54.86897937748845,54.083202365932536,54.48060607910156,13716500,0.0,0.0
2023-03-22 00:00:00-04:00,54.552863573191566,54.9773619791826,54.21867965189899,54.23674392700195,10494200,0.0,0.0
2023-03-23 00:00:00-04:00,54.27287215993953,54.54382939408368,53.938691686008696,54.119327545166016,15479000,0.0,0.0
2023-03-24 00:00:00-04:00,54.41738250701397,55.11284158486794,54.11029672517466,55.004459381103516,12975600,0.0,0.0
2023-03-27 00:00:00-04:00,55.22122277212392,55.52830854831042,55.049617332205145,55.410892486572266,12777400,0.0,0.0
2023-03-28 00:00:00-04:00,55.447014963535075,55.763134565071596,55.33863277363486,55.4741096496582,10925700,0.0,0.0
2023-03-29 00:00:00-04:00,55.74508213617181,55.95281614653579,55.62766606234577,55.87152862548828,9441000,0.0,0.0
2023-03-30 00:00:00-04:00,55.88958592687503,56.07925563717901,55.69088235679962,55.86248779296875,9870700,0.0,0.0
2023-03-31 00:00:00-04:00,56.05216451136106,56.22376995843745,55.880555618876464,56.02506637573242,14440900,0.0,0.0
2023-04-03 00:00:00-04:00,56.26892012330713,56.46762367493431,55.871516465460466,56.3592414855957,12300700,0.0,0.0
2023-04-04 00:00:00-04:00,56.35020852370408,56.66632812863487,56.070220909671576,56.1876335144043,11433400,0.0,0.0
2023-04-05 00:00:00-04:00,56.47666129305193,56.91922741120383,56.4495666036128,56.720523834228516,12789600,0.0,0.0
2023-04-06 00:00:00-04:00,56.77471329102466,56.93728830883287,56.34118105867208,56.756649017333984,9644200,0.0,0.0
2023-04-10 00:00:00-04:00,56.440541798581314,56.621177673339844,56.01603991300016,56.621177673339844,7952600,0.0,0.0
2023-04-11 00:00:00-04:00,56.585047122221816,56.63923650127304,56.35924885508671,56.52182388305664,9913000,0.0,0.0
2023-04-12 00:00:00-04:00,56.43150793759831,56.92826348400119,56.27796675497187,56.621177673339844,9593700,0.0,0.0
2023-04-13 00:00:00-04:00,56.68439578905012,57.04567439669095,56.431502830946435,57.036643981933594,9871400,0.0,0.0
2023-04-14 00:00:00-04:00,56.94631576538086,57.03663712914328,56.702453251333914,56.94631576538086,8946000,0.0,0.0
2023-04-17 00:00:00-04:00,57.19018483877641,57.379854556319806,57.02760981076547,57.31663131713867,9452400,0.0,0.0
2023-04-18 00:00:00-04:00,57.361789495151065,57.44307700804221,57.07276799273991,57.406951904296875,9035700,0.0,0.0
2023-04-19 00:00:00-04:00,57.56049786520481,57.65081924561263,57.28954061479807,57.51533889770508,9769500,0.0,0.0
2023-04-20 00:00:00-04:00,57.47017470878957,57.804355172415846,57.29856582431031,57.768226623535156,10706400,0.0,0.0
2023-04-21 00:00:00-04:00,57.80435160155337,58.048210677913524,57.62371231371695,57.84951400756836,12931100,0.0,0.0
2023-04-24 00:00:00-04:00,58.48174713609891,58.69851152810159,57.461138074646605,57.759193420410156,15532300,0.0,0.0
2023-04-25 00:00:00-04:00,57.95789815725558,57.95789815725558,57.4701765136812,57.66887664794922,12818900,0.0,0.0
2023-04-26 00:00:00-04:00,57.40694493067233,57.596614622575125,57.2534003381265,57.397911071777344,13179600,0.0,0.0
2023-04-27 00:00:00-04:00,57.379858549797525,57.587592556622965,57.00051908830978,57.51533889770508,13795800,0.0,0.0
2023-04-28 00:00:00-04:00,57.45211709392116,57.94887608509245,57.334701019152625,57.939842224121094,13687600,0.0,0.0
2023-05-01 00:00:00-04:00,57.93983704362323,58.427562130214845,57.85854608378314,58.0753173828125,9091500,0.0,0.0
2023-05-02 00:00:00-04:00,57.93080143979089,57.93080143979089,57.1450244542055,57.81338882446289,10948400,0.0,0.0
2023-05-03 00:00:00-04:00,57.82241630832183,57.96693050461157,57.42501605015735,57.48823928833008,11084600,0.0,0.0
2023-05-04 00:00:00-04:00,57.569524539940005,57.741129973181984,57.36178711363664,57.55146026611328,11938300,0.0,0.0
2023-05-05 00:00:00-04:00,57.47920352956723,57.994023277914394,57.47017311530147,57.82241439819336,9039000,0.0,0.0
2023-05-08 00:00:00-04:00,57.632749285195125,57.85854410042355,57.45210998760436,57.73209762573242,7240700,0.0,0.0
2023-05-09 00:00:00-04:00,57.47920861546614,57.578560408220156,57.154058546601455,57.25341033935547,9067700,0.0,0.0
2023-05-10 00:00:00-04:00,57.19018528566011,57.47920679429172,56.892133362249815,57.352760314941406,10134000,0.0,0.0
2023-05-11 00:00:00-04:00,57.42502069263568,57.74113690905544,56.910197440253214,57.677913665771484,9581500,0.0,0.0
2023-05-12 00:00:00-04:00,57.67790733984358,57.975962692985334,57.533396593128536,57.90370559692383,8740800,0.0,0.0
2023-05-15 00:00:00-04:00,58.003068098913594,58.03016279223914,57.5424376399277,57.75017166137695,8150000,0.0,0.0
2023-05-16 00:00:00-04:00,57.71403650113379,57.71403650113379,57.045672137094826,57.0998649597168,9129600,0.0,0.0
2023-05-17 00:00:00-04:00,57.26244225035707,57.28050307987178,56.65730109936991,57.036643981933594,11583000,0.0,0.0
2023-05-18 00:00:00-04:00,56.91019355111871,56.93729168596596,56.5127898425762,56.720523834228516,13595100,0.0,0.0
2023-05-19 00:00:00-04:00,56.93729699286935,56.991486376798406,56.54892366280508,56.74762725830078,14251400,0.0,0.0
2023-05-22 00:00:00-04:00,56.711501932949446,56.783755597436404,55.49218904402614,55.55541229248047,15055400,0.0,0.0
2023-05-23 00:00:00-04:00,55.55541067199013,55.699921442157454,55.24832485470851,55.45606231689453,13932700,0.0,0.0
2023-05-24 00:00:00-04:00,55.4379894926766,55.48314845537731,54.84188222696645,54.986392974853516,11090100,0.0,0.0
2023-05-25 00:00:00-04:00,54.616082469436144,54.850911136281134,54.32706098159251,54.5618896484375,14463600,0.0,0.0
2023-05-26 00:00:00-04:00,54.598027209901076,54.76963266995031,54.29094139769138,54.42641830444336,12570300,0.0,0.0
2023-05-30 00:00:00-04:00,54.27287287292752,54.37222466401414,53.75805308766796,53.992881774902344,15634200,0.0,0.0
2023-05-31 00:00:00-04:00,54.11931961654327,54.44446962804418,53.622564185820295,53.884490966796875,59432200,0.0,0.0
2023-06-01 00:00:00-04:00,54.13739271488375,54.34512671267439,53.983851542980844,54.191585540771484,13402700,0.0,0.0
2023-06-02 00:00:00-04:00,54.435447044580414,55.38379908426414,54.26384160067457,55.239288330078125,15259800,0.0,0.0
2023-06-05 00:00:00-04:00,55.094774850602015,55.49217854360374,54.688337297868436,54.86897659301758,12915600,0.0,0.0
2023-06-06 00:00:00-04:00,55.049612008694154,55.08574055425952,54.29996019254769,54.4715690612793,10943500,0.0,0.0
2023-06-07 00:00:00-04:00,54.20061993949385,54.516739612294934,54.029014479681926,54.39029312133789,16817900,0.0,0.0
2023-06-08 00:00:00-04:00,54.30900005877895,54.56189301489359,54.17351972062718,54.52576446533203,15585900,0.0,0.0
2023-06-09 00:00:00-04:00,54.43544955477309,54.7967247341936,54.34512817586173,54.6160888671875,12581500,0.0,0.0
2023-06-12 00:00:00-04:00,54.724470448624515,54.77866327534959,54.20965065366532,54.381256103515625,14208900,0.0,0.0
2023-06-13 00:00:00-04:00,54.38125080586508,54.7967187673922,54.22770964654729,54.598018646240234,13397800,0.0,0.0
2023-06-14 00:00:00-04:00,54.85091432035837,55.167033959755926,54.73349825741596,54.96833038330078,14099700,0.0,0.0
2023-06-15 00:00:00-04:00,55.15943899626107,55.78738713640608,54.91371925316584,55.72368240356445,15271400,0.46,0.0
2023-06-16 00:00:00-04:00,56.060414065102385,56.579154644653734,55.95120643563051,56.12411880493164,26738000,0.0,0.0
2023-06-20 00:00:00-04:00,56.05131331885705,56.38803885883652,55.73278962855862,55.7509880065918,13971800,0.0,0.0
2023-06-21 00:00:00-04:00,55.79649686695889,56.169626123021004,55.49617154123552,55.905704498291016,13948700,0.0,0.0
2023-06-22 00:00:00-04:00,56.25152930777118,56.515447444869956,56.05131243608098,56.28792953491211,15193400,0.0,0.0
2023-06-23 00:00:00-04:00,56.36983935258481,56.3971438640654,55.67818639419118,55.696388244628906,25112100,0.0,0.0
2023-06-26 00:00:00-04:00,55.705489318629645,55.77829672284374,54.959230783675714,55.71459197998047,12856100,0.0,0.0
2023-06-27 00:00:00-04:00,55.71459708053656,55.842006577927194,55.496178319546594,55.59628677368164,9068500,0.0,0.0
2023-06-28 00:00:00-04:00,55.405167728601285,55.55077906609946,54.96833371610676,55.07754135131836,11173200,0.0,0.0
2023-06-29 00:00:00-04:00,54.804520226774386,54.92282705108446,54.394987257417675,54.62250518798828,17142300,0.0,0.0
2023-06-30 00:00:00-04:00,54.60430656634684,54.92283029932454,54.48599626339156,54.80452346801758,19739200,0.0,0.0
2023-07-03 00:00:00-04:00,54.78631292118325,55.17764400053546,54.631598938541615,55.13214111328125,9694500,0.0,0.0
2023-07-05 00:00:00-04:00,54.8591180146388,55.60537649077168,54.74991038857366,55.54167175292969,14716600,0.0,0.0
2023-07-06 00:00:00-04:00,55.26864788362903,55.53256948097836,55.0593318321047,55.11393737792969,12603900,0.0,0.0
2023-07-07 00:00:00-04:00,54.88642554423226,55.05933791765143,54.35858229119265,54.38588333129883,14574000,0.0,0.0
2023-07-10 00:00:00-04:00,54.57699600556194,54.74080917442322,53.821634896740704,53.976348876953125,15480600,0.0,0.0
2023-07-11 00:00:00-04:00,54.112855850129144,54.20386509202003,53.54861243699603,54.16746139526367,15967700,0.0,0.0
2023-07-12 00:00:00-04:00,54.37678405148005,54.64980486703236,54.10376323592775,54.45869064331055,14241300,0.0,0.0
2023-07-13 00:00:00-04:00,54.71350498828475,55.02292947888914,54.58609551656195,54.922821044921875,11269800,0.0,0.0
2023-07-14 00:00:00-04:00,54.73171012763021,55.550776026013104,54.686207238086254,55.42336654663086,11634200,0.0,0.0
2023-07-17 00:00:00-04:00,55.295958631002065,55.6053831683851,55.050242310759536,55.34146499633789,10014300,0.0,0.0
2023-07-18 00:00:00-04:00,55.477970470859084,55.74189209930028,54.97743172592967,55.123043060302734,11152900,0.0,0.0
2023-07-19 00:00:00-04:00,55.3050556381163,56.23332915535497,55.223149049193836,56.09681701660156,12936000,0.0,0.0
2023-07-20 00:00:00-04:00,56.133223091028,56.797575019658936,56.12412042984717,56.77937316894531,11563000,0.0,0.0
2023-07-21 00:00:00-04:00,56.843076728264705,57.04329361030191,56.64286331787548,56.82487487792969,12815100,0.0,0.0
2023-07-24 00:00:00-04:00,56.806674911404,57.16160579723499,56.78847653211347,56.84307861328125,10251100,0.0,0.0
2023-07-25 00:00:00-04:00,56.69746517010471,56.77937176046018,56.4699472493004,56.65196228027344,13422700,0.0,0.0
2023-07-26 00:00:00-04:00,56.297036065546195,57.48922777382737,55.86930125449372,57.38002014160156,17145500,0.0,0.0
2023-07-27 00:00:00-04:00,57.38001916237977,57.58023604441697,56.77027279857262,56.82487487792969,11517100,0.0,0.0
2023-07-28 00:00:00-04:00,56.961386974875516,57.12520015611401,56.62466142306215,56.86127853393555,9721800,0.0,0.0
2023-07-31 00:00:00-04:00,56.83397451551542,56.83397451551542,56.17872182490432,56.36073684692383,15577900,0.0,0.0
2023-08-01 00:00:00-04:00,56.506344852373005,56.75206459692444,56.078610096489285,56.21512222290039,9281600,0.0,0.0
2023-08-02 00:00:00-04:00,56.024015848090784,56.96138860065018,56.024015848090784,56.38804244995117,11059400,0.0,0.0
2023-08-03 00:00:00-04:00,56.30613308348167,56.53365100030542,55.99670857773544,56.09681701660156,8037400,0.0,0.0
2023-08-04 00:00:00-04:00,56.13322076321568,56.324334980311235,55.168543545286695,55.250450134277344,9359300,0.0,0.0
2023-08-07 00:00:00-04:00,55.32326356771703,55.81470315525777,55.27776067368139,55.68729019165039,6982600,0.0,0.0
2023-08-08 00:00:00-04:00,55.68728241203073,55.832893735591554,55.16854185486732,55.44156265258789,7956100,0.0,0.0
2023-08-09 00:00:00-04:00,55.43246521695518,56.08771792952742,55.2868538887889,55.56897735595703,7904100,0.0,0.0
2023-08-10 00:00:00-04:00,55.832893735591554,56.17872193091643,55.32325583895258,55.44156265258789,7870300,0.0,0.0
2023-08-11 00:00:00-04:00,55.368768382623415,55.69639478568335,55.2322562241323,55.669090270996094,8483900,0.0,0.0
2023-08-14 00:00:00-04:00,55.80559308594823,55.951204410523104,55.28685252517227,55.4051628112793,7176300,0.0,0.0
2023-08-15 00:00:00-04:00,55.23225306591797,55.42337077120698,54.941030384661076,55.032039642333984,7187400,0.0,0.0
2023-08-16 00:00:00-04:00,55.0957394303065,55.35055838556998,54.968329952674765,55.041133880615234,8372300,0.0,0.0
2023-08-17 00:00:00-04:00,55.132138050407804,55.53256829630579,55.013827772801385,55.15943908691406,12873500,0.0,0.0
2023-08-18 00:00:00-04:00,55.095735225623066,55.596273908826326,54.94102124912889,55.46886444091797,11083800,0.0,0.0
2023-08-21 00:00:00-04:00,55.38696711553601,55.45067186013746,54.89552753862636,54.995635986328125,8648500,0.0,0.0
2023-08-22 00:00:00-04:00,54.91372781509099,55.132146555779805,54.58610143988184,54.65890884399414,9411500,0.0,0.0
2023-08-23 00:00:00-04:00,54.78631662151654,55.004731883747894,54.749912920595314,54.85002136230469,7749500,0.0,0.0
2023-08-24 00:00:00-04:00,54.85002188640676,55.40516617999196,54.686208702343976,54.704410552978516,8955100,0.0,0.0
2023-08-25 00:00:00-04:00,54.97743036592737,55.12304169669838,54.61340030317586,54.959228515625,7629200,0.0,0.0
2023-08-28 00:00:00-04:00,55.1048347178017,55.26864788362903,54.94102155197437,55.11393737792969,6254300,0.0,0.0
2023-08-29 00:00:00-04:00,55.11395080448903,55.177655554313766,54.74082149623764,55.05934524536133,8189600,0.0,0.0
2023-08-30 00:00:00-04:00,55.18675017290562,55.27775943057853,54.86822645017095,55.032039642333984,9447900,0.0,0.0
2023-08-31 00:00:00-04:00,54.877323937354134,55.03203793477344,54.43139073936223,54.44959259033203,14663500,0.0,0.0
2023-09-01 00:00:00-04:00,54.604297043156244,54.722607325477775,53.80343304779527,53.976348876953125,11262300,0.0,0.0
2023-09-05 00:00:00-04:00,53.92174951408331,53.985454256874434,53.393906249073346,53.530418395996094,12474600,0.0,0.0
2023-09-06 00:00:00-04:00,53.34841101187695,53.53952873932045,53.16639594708002,53.494022369384766,13923500,0.0,0.0
2023-09-07 00:00:00-04:00,53.648727584118674,53.8398418085458,53.05717958853218,53.0844841003418,17628600,0.0,0.0
2023-09-08 00:00:00-04:00,53.05717958853218,53.15728803132202,52.79325796147679,53.0844841003418,14312300,0.0,0.0
2023-09-11 00:00:00-04:00,53.14819554612151,53.685138057468656,52.993481531844296,53.58502960205078,14767400,0.0,0.0
2023-09-12 00:00:00-04:00,53.685130181300096,53.69422937061747,52.957070056583525,53.05717849731445,12292700,0.0,0.0
2023-09-13 00:00:00-04:00,53.14818534401855,53.40300429315119,53.09357979564106,53.18458557128906,12641400,0.0,0.0
2023-09-14 00:00:00-04:00,53.42308751362983,53.74413831331621,53.37722011436782,53.6248893737793,12311600,0.46,0.0
2023-09-15 00:00:00-04:00,53.57902800695521,53.79000475660869,52.97361539950001,53.14789962768555,55727500,0.0,0.0
2023-09-18 00:00:00-04:00,53.18458955215422,53.52398661118131,52.86353875296526,53.47812271118164,13617400,0.0,0.0
2023-09-19 00:00:00-04:00,53.441427343134826,53.56067627613114,53.129547940892124,53.368045806884766,11998900,0.0,0.0
2023-09-20 00:00:00-04:00,53.47811656032921,53.96428364214416,53.2763147237029,53.606536865234375,14766600,0.0,0.0
2023-09-21 00:00:00-04:00,53.542333518123044,53.58819741867701,52.67090541083229,52.780982971191406,15941800,0.0,0.0
2023-09-22 00:00:00-04:00,53.06534060781063,53.17541816682901,52.74428980865187,52.83601760864258,14644100,0.0,0.0
2023-09-25 00:00:00-04:00,52.652562734654595,52.735119155461064,52.047150148470934,52.28564453125,12358800,0.0,0.0
2023-09-26 00:00:00-04:00,52.03797800171791,52.19391947107143,51.73527344232455,51.85451889038086,11194700,0.0,0.0
2023-09-27 00:00:00-04:00,51.753604034239004,51.85450669670653,51.07481003086041,51.322479248046875,13766300,0.0,0.0
2023-09-28 00:00:00-04:00,51.57932987757575,51.66188629936402,51.0931662265956,51.194068908691406,12484800,0.0,0.0
2023-09-29 00:00:00-04:00,51.4967688589864,51.61601779074513,51.01977663114251,51.35000228881836,12271600,0.0,0.0
2023-10-02 00:00:00-04:00,51.28578939957956,51.37751718884893,50.524438950909406,50.891353607177734,11792500,0.0,0.0
2023-10-03 00:00:00-04:00,50.597828810761925,50.84549808158399,50.249256855620715,50.34098815917969,13604200,0.0,0.0
2023-10-04 00:00:00-04:00,50.35015581152622,50.70789912093683,50.18504297653807,50.48775100708008,12100500,0.0,0.0
2023-10-05 00:00:00-04:00,50.21256588644137,50.405196367658974,47.91933587425662,48.04775619506836,29878100,0.0,0.0
2023-10-06 00:00:00-04:00,47.735876142706076,48.882491133648145,47.28640152661263,48.744895935058594,30298900,0.0,0.0
2023-10-09 00:00:00-04:00,48.579782601104355,48.754070317432905,47.8000858148901,48.50640106201172,15704700,0.0,0.0
2023-10-10 00:00:00-04:00,49.653014406406776,49.83647349688469,49.130158273018935,49.561283111572266,20909700,0.0,0.0
2023-10-11 00:00:00-04:00,49.735574491264636,49.790609773034305,48.63482336638342,49.26775360107422,21138900,0.0,0.0
2023-10-12 00:00:00-04:00,49.3136244502825,49.377838120046725,48.093627710215635,48.44219970703125,19330400,0.0,0.0
2023-10-13 00:00:00-04:00,48.3779837025264,49.001739070125794,48.2862523990622,48.51557540893555,14494600,0.0,0.0
2023-10-16 00:00:00-04:00,48.63483182427851,49.130170441496176,48.469718951872615,49.010921478271484,12816800,0.0,0.0
2023-10-17 00:00:00-04:00,48.900840086032325,49.62549814082419,48.8091087821912,49.59798049926758,16457200,0.0,0.0
2023-10-18 00:00:00-04:00,49.625499523720094,50.01993539324989,49.46038667139639,49.57963562011719,12809500,0.0,0.0
2023-10-19 00:00:00-04:00,49.680536026100754,50.23090984244416,49.40534911792905,49.854820251464844,16202200,0.0,0.0
2023-10-20 00:00:00-04:00,50.01994428122395,50.469419014458694,49.93738784039276,50.056636810302734,15686400,0.0,0.0
2023-10-23 00:00:00-04:00,49.88233024879896,50.35014753826879,49.57962226799625,49.60714340209961,21212700,0.0,0.0
2023-10-24 00:00:00-04:00,51.047302779000894,51.524291554469855,50.726248469553205,51.03812789916992,25290800,0.0,0.0
2023-10-25 00:00:00-04:00,51.148202195374076,51.57015918973279,50.96474658821709,51.47842788696289,16701000,0.0,0.0
2023-10-26 00:00:00-04:00,51.707740569625635,51.94623841001054,51.11150296704481,51.16653823852539,16228400,0.0,0.0
2023-10-27 00:00:00-04:00,50.95556952107788,51.496771937019254,50.54278742431051,50.67121124267578,13626500,0.0,0.0
2023-10-30 00:00:00-04:00,50.84549952018896,51.62519637694777,50.83632463997775,51.505950927734375,15014300,0.0,0.0
2023-10-31 00:00:00-04:00,51.891206855959155,52.02880205217769,51.50594590525317,51.81782531738281,16639400,0.0,0.0
2023-11-01 00:00:00-04:00,52.102179226675496,52.175564258296305,51.606840760807756,51.77195358276367,14110800,0.0,0.0
2023-11-02 00:00:00-04:00,51.826995995737214,52.42323717235578,51.69857568057411,52.36819839477539,13087200,0.0,0.0
2023-11-03 00:00:00-04:00,52.65256223868399,52.826846459104246,52.01045713837003,52.047149658203125,13958700,0.0,0.0
2023-11-06 00:00:00-05:00,52.083841391185224,52.54248741540965,52.04715236863279,52.25812911987305,12673200,0.0,0.0
2023-11-07 00:00:00-05:00,52.21226199428978,52.65256525916284,52.037977763871496,52.45075988769531,10449300,0.0,0.0
2023-11-08 00:00:00-05:00,52.5791751267135,52.716770321068914,52.212256941226514,52.36819839477539,13744000,0.0,0.0
2023-11-09 00:00:00-05:00,52.31315571932238,52.41405838777256,51.707743207812165,51.973758697509766,12021100,0.0,0.0
2023-11-10 00:00:00-05:00,52.16639648329137,52.22143526450166,51.42339218250513,52.028804779052734,11678900,0.0,0.0
2023-11-13 00:00:00-05:00,51.937073757871325,52.377373512360265,51.9187274973687,52.221435546875,12798200,0.0,0.0
2023-11-14 00:00:00-05:00,52.303995009312615,52.50580038737856,52.11136451162692,52.377376556396484,12697100,0.0,0.0
2023-11-15 00:00:00-05:00,52.56083172032814,52.597524240706605,52.05632181229396,52.478275299072266,10201900,0.0,0.0
2023-11-16 00:00:00-05:00,52.51497228587468,52.771812951985666,52.1113650249586,52.42324447631836,16010400,0.0,0.0
2023-11-17 00:00:00-05:00,52.45992924298042,52.59752444533931,52.010458113765246,52.524139404296875,14475800,0.0,0.0
2023-11-20 00:00:00-05:00,52.33150689439972,52.817674024506125,52.248950476018734,52.65256118774414,13051000,0.0,0.0
2023-11-21 00:00:00-05:00,52.70760110983766,53.23963218608714,52.5883556610437,53.2304573059082,13891600,0.0,0.0
2023-11-22 00:00:00-05:00,53.441429223924814,53.69827335781698,53.32218378592292,53.58819580078125,11320600,0.0,0.0
2023-11-24 00:00:00-05:00,53.62488925171166,53.89090477038414,53.51481519195421,53.725791931152344,4816000,0.0,0.0
2023-11-27 00:00:00-05:00,53.698274413245485,53.835866113457676,53.45060515383401,53.6248893737793,16246500,0.0,0.0
2023-11-28 00:00:00-05:00,53.56985724345661,53.96429310580332,53.533164721565875,53.73497009277344,13739600,0.0,0.0
2023-11-29 00:00:00-05:00,53.73496803225221,53.81752095455357,53.29466478483021,53.41391372680664,11263600,0.0,0.0
2023-11-30 00:00:00-05:00,53.58958059621861,54.05187857277755,53.25672548876759,54.03338623046875,22727500,0.46,0.0
2023-12-01 00:00:00-05:00,53.87621176203089,54.26454040647915,53.84847500944287,54.21831130981445,15371200,0.0,0.0
2023-12-04 00:00:00-05:00,54.172083500522,54.514183056435385,54.033392680178,54.15359115600586,14942200,0.0,0.0
2023-12-05 00:00:00-05:00,54.135095023266324,54.393984301321844,54.01489655584961,54.23680114746094,11891500,0.0,0.0
2023-12-06 00:00:00-05:00,54.14434284581349,54.30152247229372,53.82073213068048,54.18132400512695,14868500,0.0,0.0
2023-12-07 00:00:00-05:00,54.246043165488906,54.44945540491589,53.987157425893606,54.310768127441406,11587900,0.0,0.0
2023-12-08 00:00:00-05:00,54.31077694232293,54.320021351500166,53.96867384284294,54.19057846069336,11178700,0.0,0.0
2023-12-11 00:00:00-05:00,54.393985706148136,54.634379120136344,54.08886732568404,54.58815002441406,14524800,0.0,0.0
2023-12-12 00:00:00-05:00,54.73609015653354,54.93949890136719,54.458712030266405,54.93949890136719,12899000,0.0,0.0
2023-12-13 00:00:00-05:00,54.967239365550164,55.494258865324916,54.791563847589074,55.41104507446289,16196800,0.0,0.0
2023-12-14 00:00:00-05:00,55.44802460765335,55.512746047075325,54.33850867504905,54.58815002441406,22478300,0.0,0.0
2023-12-15 00:00:00-05:00,54.39398418821193,54.70834344117239,53.44164791305037,54.18132400512695,65177400,0.0,0.0
2023-12-18 00:00:00-05:00,54.36625172426107,55.0042253111077,54.19982413874059,54.569664001464844,16717700,0.0,0.0
2023-12-19 00:00:00-05:00,54.551165379279325,54.73608528936563,54.218310246534756,54.393985748291016,14612200,0.0,0.0
2023-12-20 00:00:00-05:00,54.08886969878923,54.2460493365519,53.22899507782364,53.2659797668457,17701000,0.0,0.0
2023-12-21 00:00:00-05:00,53.48787842338942,53.6912906767403,53.13653447476106,53.61732482910156,11725100,0.0,0.0
2023-12-22 00:00:00-05:00,53.73752726911465,54.051890101306164,53.645069064904256,53.922447204589844,9029400,0.0,0.0
2023-12-26 00:00:00-05:00,53.68204253660703,54.28302779246342,53.68204253660703,54.14434051513672,6422500,0.0,0.0
2023-12-27 00:00:00-05:00,54.21831002441608,54.33850849453784,53.99640895486471,54.28303146362305,8560100,0.0,0.0
2023-12-28 00:00:00-05:00,54.22755295630951,54.430961663454546,54.1165989047174,54.320011138916016,8400100,0.0,0.0
2023-12-29 00:00:00-05:00,54.310770595645245,54.53267166051038,54.209064471309624,54.48644256591797,9244300,0.0,0.0
2024-01-02 00:00:00-05:00,54.366245434774946,55.36481083237648,54.24604696423685,55.30933380126953,16322600,0.0,0.0
2024-01-03 00:00:00-05:00,55.411037358146636,55.66067869596868,55.25385420749405,55.43877410888672,14830600,0.0,0.0
2024-01-04 00:00:00-05:00,55.52199035149849,55.71615466940107,55.16139846766401,55.25385665893555,12912900,0.0,0.0
2024-01-05 00:00:00-05:00,55.290845146037036,55.42953596952956,54.63438277255465,55.17064666748047,10412800,0.0,0.0
2024-01-08 00:00:00-05:00,55.179892290249875,55.64219031310582,54.939495343214546,55.57746887207031,11554600,0.0,0.0
2024-01-09 00:00:00-05:00,55.466520819303945,55.60520811614212,55.12441772758393,55.475765228271484,10493700,0.0,0.0
2024-01-10 00:00:00-05:00,55.6791712064257,55.854843173398,55.45726661867574,55.66067886352539,12258000,0.0,0.0
2024-01-11 00:00:00-05:00,55.70691178036019,55.71615618891789,55.18913672477839,55.30009078979492,13754200,0.0,0.0
2024-01-12 00:00:00-05:00,55.54973079199468,55.901074741490945,55.35556294647378,55.83635330200195,13218000,0.0,0.0
2024-01-16 00:00:00-05:00,55.836350864472294,55.87333555029542,55.33706818702141,55.466514587402344,11826900,0.0,0.0
2024-01-17 00:00:00-05:00,55.346316122004076,55.669923305322,55.30933143618095,55.466514587402344,8982100,0.0,0.0
2024-01-18 00:00:00-05:00,55.189137908564845,55.68842063068665,55.041202679090325,55.62369918823242,10397700,0.0,0.0
2024-01-19 00:00:00-05:00,55.71615750649403,55.734649851100755,55.142908931901786,55.31858444213867,14392600,0.0,0.0
2024-01-22 00:00:00-05:00,55.25385801370103,55.54048405695683,54.95798756191298,55.07818603515625,14314300,0.0,0.0
2024-01-23 00:00:00-05:00,55.04119622612905,55.475757454849216,54.97647479126269,55.337066650390625,14481600,0.0,0.0
2024-01-24 00:00:00-05:00,55.29084264185364,55.30009057742984,54.44946038417308,54.467952728271484,16370500,0.0,0.0
2024-01-25 00:00:00-05:00,54.56040968032925,54.70834490269664,54.236802483604954,54.699100494384766,14899700,0.0,0.0
2024-01-26 00:00:00-05:00,54.782314235580465,55.00421883248907,54.67136370065312,54.89326477050781,13025100,0.0,0.0
2024-01-29 00:00:00-05:00,54.865528110707125,55.28159702620101,54.70834495282992,55.22611999511719,14547100,0.0,0.0
2024-01-30 00:00:00-05:00,55.337068160466394,55.494251311612366,54.96723188357392,55.38330078125,22061500,0.0,0.0
2024-01-31 00:00:00-05:00,55.568215813642325,55.8918265160403,54.81929534297306,55.004215240478516,22837000,0.0,0.0
2024-02-01 00:00:00-05:00,55.078189897949045,56.409607024371404,54.88402556166846,56.38187026977539,15870900,0.0,0.0
2024-02-02 00:00:00-05:00,56.233933841404884,56.28016294043631,55.68842200790401,55.97504806518555,17544900,0.0,0.0
2024-02-05 00:00:00-05:00,55.82710384957637,55.82710384957637,55.36480587953661,55.51274108886719,12759600,0.0,0.0
2024-02-06 00:00:00-05:00,55.43878043089094,55.521994219654296,55.17989465565121,55.4202880859375,12775200,0.0,0.0
2024-02-07 00:00:00-05:00,55.54048043199483,55.669923305322,55.420281966596555,55.466514587402344,10259900,0.0,0.0
2024-02-08 00:00:00-05:00,55.37405794890476,55.44802732733169,54.93025225950554,55.31858444213867,12874800,0.0,0.0
2024-02-09 00:00:00-05:00,54.98573304549725,55.087439184247536,54.57890849049608,55.068946838378906,15235300,0.0,0.0
2024-02-12 00:00:00-05:00,55.16139864385052,55.253856835417366,54.51418072172078,55.19838333129883,13516800,0.0,0.0
2024-02-13 00:00:00-05:00,55.013461928806116,56.08599314633598,54.35699961614857,54.87477111816406,24195700,0.0,0.0
2024-02-14 00:00:00-05:00,54.70834373083802,55.09667588564297,54.588148790088674,54.819297790527344,15872500,0.0,0.0
2024-02-15 00:00:00-05:00,54.93949788168169,55.09668105078341,54.67136769659739,54.9210090637207,13695800,0.0,0.0
2024-02-16 00:00:00-05:00,54.874769922515085,55.12441125999912,54.51417805516717,54.9117546081543,13947100,0.0,0.0
2024-02-20 00:00:00-05:00,55.10592797982406,56.25242873381523,55.02271418697749,56.12298583984375,18339300,0.0,0.0
2024-02-21 00:00:00-05:00,56.39112344287755,56.65925365866601,56.243188192870115,56.62227249145508,14373000,0.0,0.0
2024-02-22 00:00:00-05:00,56.39110821645092,56.631501610157784,55.93805465166606,56.53904342651367,12982800,0.0,0.0
2024-02-23 00:00:00-05:00,56.4835714300752,56.97360619572415,56.40035764656369,56.58527755737305,13612900,0.0,0.0
2024-02-26 00:00:00-05:00,56.622263338790674,56.65000009147903,56.08599593978917,56.132225036621094,10336100,0.0,0.0
2024-02-27 00:00:00-05:00,55.97504289192929,56.196943957593554,55.58671073643606,55.790122985839844,9931100,0.0,0.0
2024-02-28 00:00:00-05:00,55.817852224014814,55.92880626896601,55.53122975885767,55.8455924987793,8076500,0.0,0.0
2024-02-29 00:00:00-05:00,55.799373762490575,56.06750748057034,55.38330833512004,55.494258880615234,18152700,0.0,0.0
2024-03-01 00:00:00-05:00,55.38330178981777,55.38330178981777,54.865526760274754,55.04119873046875,10927600,0.0,0.0
2024-03-04 00:00:00-05:00,54.763823390043704,55.42953367192687,54.754578981486,55.30009078979492,10150200,0.0,0.0
2024-03-05 00:00:00-05:00,55.39254376398726,55.57746366120261,54.93949019216237,55.031951904296875,12310000,0.0,0.0
2024-03-06 00:00:00-05:00,55.031951818045194,55.47575745443423,54.90250894831343,55.059688568115234,12378800,0.0,0.0
2024-03-07 00:00:00-05:00,55.189130093381586,55.26309946117129,54.77306474425206,54.95798110961914,13686900,0.0,0.0
2024-03-08 00:00:00-05:00,54.82853966465463,55.28159323647953,54.52342483224494,55.031951904296875,13239000,0.0,0.0
2024-03-11 00:00:00-04:00,55.27234931561502,55.74389526411046,55.08743293202473,55.69766616821289,14114300,0.0,0.0
2024-03-12 00:00:00-04:00,55.771636993468405,56.16921360236554,55.66993085718483,55.93806457519531,12684600,0.0,0.0
2024-03-13 00:00:00-04:00,56.28940949665949,56.59452436443101,56.215440118379064,56.51131057739258,13909500,0.0,0.0
2024-03-14 00:00:00-04:00,56.46004763043828,56.665083345958784,56.29228887347983,56.3854866027832,13996600,0.485,0.0
2024-03-15 00:00:00-04:00,55.938137407006025,56.338894087654566,55.58397959626097,55.80765914916992,36849900,0.0,0.0
2024-03-18 00:00:00-04:00,55.81697749058997,56.292295207207765,55.73309810267306,56.04065704345703,15856700,0.0,0.0
2024-03-19 00:00:00-04:00,56.143168188685856,56.245684264824064,55.975409438255554,56.133846282958984,15030600,0.0,0.0
2024-03-20 00:00:00-04:00,56.087253397214226,56.674409086292144,56.06861313903937,56.61848831176758,15258800,0.0,0.0
2024-03-21 00:00:00-04:00,56.441415706781505,56.84217240143332,56.21773614605673,56.35753631591797,13067100,0.0,0.0
2024-03-22 00:00:00-04:00,56.404133537805954,56.655771703036955,56.32025414939562,56.37617492675781,11502800,0.0,0.0
2024-03-25 00:00:00-04:00,56.366851027165616,56.581208666578256,56.031333485383826,56.292293548583984,13144700,0.0,0.0
2024-03-26 00:00:00-04:00,56.385490937164114,56.58120831690537,56.27365294234993,56.42277145385742,13277400,0.0,0.0
2024-03-27 00:00:00-04:00,56.655771937170414,57.25224601043512,56.571892548413445,56.87944793701172,12551200,0.0,0.0
2024-03-28 00:00:00-04:00,56.98196844344516,57.09380644505074,56.85149018236098,57.019248962402344,13683500,0.0,0.0
2024-04-01 00:00:00-04:00,57.01924514913341,57.131083143259616,56.50665049118375,56.55324935913086,11668700,0.0,0.0
2024-04-02 00:00:00-04:00,56.33888858698786,56.5998450771815,56.022011325210364,56.05929183959961,13017300,0.0,0.0
2024-04-03 00:00:00-04:00,55.96609454058933,56.28297182494082,55.71445638343382,55.76105880737305,13672900,0.0,0.0
2024-04-04 00:00:00-04:00,56.00337550668952,56.05929628270551,55.14594138410672,55.2671012878418,14320700,0.0,0.0
2024-04-05 00:00:00-04:00,55.22050949190423,55.62126621651994,54.90363216442358,55.462825775146484,10157800,0.0,0.0
2024-04-08 00:00:00-04:00,55.36030327683955,55.42554240537841,55.05274433778565,55.23914337158203,10284500,0.0,0.0
2024-04-09 00:00:00-04:00,55.43486307210716,55.677182892741264,55.10866741579126,55.65854263305664,10779100,0.0,0.0
2024-04-10 00:00:00-04:00,55.28575054669326,55.35098968503287,54.69859474637035,54.9129524230957,11861900,0.0,0.0
2024-04-11 00:00:00-04:00,55.127300865767666,55.33233658643908,54.79178334342191,55.03409957885742,11109000,0.0,0.0
2024-04-12 00:00:00-04:00,54.94090348261272,54.996820701157766,54.17667068352797,54.31646728515625,12250900,0.0,0.0
2024-04-15 00:00:00-04:00,54.624030401560134,54.81042943997288,54.09279545300668,54.18599319458008,12425000,0.0,0.0
2024-04-16 00:00:00-04:00,54.288508237899656,54.409668135879215,53.990271223846605,54.11143112182617,11236800,0.0,0.0
2024-04-17 00:00:00-04:00,54.31646892874127,54.57742899248878,54.14871015749852,54.530826568603516,13805100,0.0,0.0
2024-04-18 00:00:00-04:00,54.63334706868164,54.9688646164238,54.55878958877551,54.90362548828125,11125900,0.0,0.0
2024-04-19 00:00:00-04:00,55.08070351266783,56.255014948926636,54.987505772448,56.07793426513672,21207900,0.0,0.0
2024-04-22 00:00:00-04:00,56.049974344876325,56.506651793924284,55.65853957877735,56.432090759277344,15624500,0.0,0.0
2024-04-23 00:00:00-04:00,56.41344487327652,56.55324502166131,56.04065040302617,56.51596450805664,13689100,0.0,0.0
2024-04-24 00:00:00-04:00,56.2177330937092,57.4572836296949,55.77037755181486,57.36408233642578,19548300,0.0,0.0
2024-04-25 00:00:00-04:00,57.662313103996105,58.333348121616694,57.196317354040794,57.54115676879883,19048500,0.0,0.0
2024-04-26 00:00:00-04:00,57.36407610844594,57.7182338738863,57.17767709741073,57.54115676879883,10994300,0.0,0.0
2024-04-29 00:00:00-04:00,57.708913462206496,57.83007335580641,57.34543733667226,57.82075500488281,13409300,0.0,0.0
2024-04-30 00:00:00-04:00,57.91395437795893,58.55703082315984,57.289521745665105,57.56911849975586,19349200,0.0,0.0
2024-05-01 00:00:00-04:00,57.59707892969884,58.314712872890254,57.04720375531922,57.718238830566406,16729800,0.0,0.0
2024-05-02 00:00:00-04:00,57.951235594621856,58.15627487589394,57.522520329476286,57.7741584777832,10991300,0.0,0.0
2024-05-03 00:00:00-04:00,57.77415839470527,58.091035667458435,57.447959215399145,57.94191360473633,11628700,0.0,0.0
2024-05-06 00:00:00-04:00,58.063073679277466,58.1376347108648,57.6902791871378,58.10967254638672,9310700,0.0,0.0
2024-05-07 00:00:00-04:00,58.491791121077064,58.547711896847886,58.016476970455344,58.36131286621094,9807000,0.0,0.0
2024-05-08 00:00:00-04:00,58.57566833496094,58.68750988235521,58.23083245199276,58.57566833496094,10484400,0.0,0.0
2024-05-09 00:00:00-04:00,58.53839094138675,58.85526821279507,58.48247016810329,58.60363006591797,9113700,0.0,0.0
2024-05-10 00:00:00-04:00,58.64090927649027,59.05098785244091,58.519752929291926,58.957786560058594,8371700,0.0,0.0
2024-05-13 00:00:00-04:00,58.939153731974606,59.29330800051499,58.883232952868546,59.25603103637695,10137600,0.0,0.0
2024-05-14 00:00:00-04:00,59.25603299575157,59.423788228084774,58.529077064399054,58.80867385864258,10852200,0.0,0.0
2024-05-15 00:00:00-04:00,58.771388835668134,59.07894420059008,58.715468062379756,58.83662796020508,9838900,0.0,0.0
2024-05-16 00:00:00-04:00,58.9391525399385,59.395826449970826,58.78071211330875,59.013710021972656,10228000,0.0,0.0
2024-05-17 00:00:00-04:00,59.03234594201279,59.06030455131221,58.659547893447396,58.74342727661133,11539000,0.0,0.0
2024-05-20 00:00:00-04:00,58.6502262233873,58.724783695722145,58.21218907439909,58.3147087097168,11000900,0.0,0.0
2024-05-21 00:00:00-04:00,58.54771241011632,58.69683092488,58.19355460432791,58.631591796875,9796200,0.0,0.0
2024-05-22 00:00:00-04:00,58.44519094971474,58.73410961852642,58.398592081910465,58.71546936035156,7419400,0.0,0.0
2024-05-23 00:00:00-04:00,58.240153387916024,58.60362952272537,57.83007483150293,57.86735534667969,9834300,0.0,0.0
2024-05-24 00:00:00-04:00,57.98851706786081,58.17491253907792,57.7555191735737,57.783477783203125,8203100,0.0,0.0
2024-05-28 00:00:00-04:00,57.58775641916129,57.9046336756688,57.22428029807497,57.61571502685547,12347000,0.0,0.0
2024-05-29 00:00:00-04:00,57.28952571697869,57.671642136953025,56.91672764883822,57.503883361816406,11861800,0.0,0.0
2024-05-30 00:00:00-04:00,57.64368212386178,57.858043331971565,57.41068421138818,57.755523681640625,9433800,0.0,0.0
2024-05-31 00:00:00-04:00,57.774163360218054,58.74343196435783,57.49456302384896,58.65023422241211,19816600,0.0,0.0
2024-06-03 00:00:00-04:00,58.44519492381237,58.799352742684846,58.202878661593914,58.65023422241211,9369000,0.0,0.0
2024-06-04 00:00:00-04:00,58.90186573054691,59.619499639220074,58.65954594046736,59.59153747558594,11895600,0.0,0.0
2024-06-05 00:00:00-04:00,59.638141544851905,59.71269902098394,59.041663959467314,59.572898864746094,9632500,0.0,0.0
2024-06-06 00:00:00-04:00,59.5729045694252,59.98298317085018,59.498347086153565,59.78726577758789,8658500,0.0,0.0
2024-06-07 00:00:00-04:00,59.73133859219346,59.85250205166648,59.47038563556611,59.56358337402344,9523100,0.0,0.0
2024-06-10 00:00:00-04:00,59.59154600366364,59.63814843130123,59.060311037042865,59.265350341796875,15685300,0.0,0.0
2024-06-11 00:00:00-04:00,59.26534600800016,59.32126678391641,58.78070994919008,59.228065490722656,8396000,0.0,0.0
2024-06-12 00:00:00-04:00,59.35854095128363,59.35854095128363,58.42654939481984,58.60363006591797,9569600,0.0,0.0
2024-06-13 00:00:00-04:00,58.58499777004548,58.75275655742917,58.2028813221751,58.70615768432617,9668900,0.0,0.0
2024-06-14 00:00:00-04:00,58.588739245865355,58.87989612012497,58.31636368110156,58.74840545654297,8179200,0.485,0.0
2024-06-17 00:00:00-04:00,58.57935737835592,59.077148173557724,58.400906237647426,58.81416320800781,10532700,0.0,0.0
2024-06-18 00:00:00-04:00,58.72963051502325,59.00200612593688,58.64510027656221,58.82355499267578,10651700,0.0,0.0
2024-06-20 00:00:00-04:00,58.60753205531941,58.926868102664606,58.18488087753131,58.400901794433594,13306300,0.0,0.0
2024-06-21 00:00:00-04:00,58.40090571112525,59.26498943668469,58.40090571112525,58.955047607421875,28278100,0.0,0.0
2024-06-24 00:00:00-04:00,59.16168053280367,60.166645650198284,59.086540944856736,60.08211898803711,13212500,0.0,0.0
2024-06-25 00:00:00-04:00,60.05393523812817,60.17603526773653,59.65006894106799,59.96001434326172,10235300,0.0,0.0
2024-06-26 00:00:00-04:00,59.54675670719048,60.21360436851371,59.387086888325065,60.15725326538086,9402500,0.0,0.0
2024-06-27 00:00:00-04:00,60.15725874460775,60.36388186348274,59.75338883254004,60.02576446533203,8494100,0.0,0.0
2024-06-28 00:00:00-04:00,60.016368623604826,60.16664062123286,59.65946277639399,59.78156280517578,17358800,0.0,0.0
2024-07-01 00:00:00-04:00,60.138457435447165,60.392051699953555,59.28376450817584,59.43404006958008,10033400,0.0,0.0
2024-07-02 00:00:00-04:00,59.41525841192033,59.52796777624992,59.03957127937824,59.311946868896484,8878200,0.0,0.0
2024-07-03 00:00:00-04:00,59.34951236550001,59.8003390688788,59.10531591140606,59.48100662231445,9154200,0.0,0.0
2024-07-05 00:00:00-04:00,59.481009737992565,59.91305157017152,59.17106434783005,59.88487243652344,11735500,0.0,0.0
2024-07-08 00:00:00-04:00,59.72520313234998,59.72520313234998,59.02078573587606,59.13349151611328,11235100,0.0,0.0
2024-07-09 00:00:00-04:00,59.2274170541716,59.38708328048466,58.78598099790244,58.87990188598633,11657500,0.0,0.0
2024-07-10 00:00:00-04:00,58.90808699304531,59.03957768283919,58.50422068419119,59.01140213012695,11930400,0.0,0.0
2024-07-11 00:00:00-04:00,58.83294230675913,59.603105065495136,58.60753073890347,59.264984130859375,11431600,0.0,0.0
2024-07-12 00:00:00-04:00,59.60310657210977,60.2136031176175,59.537361231252305,59.828521728515625,9201500,0.0,0.0
2024-07-15 00:00:00-04:00,59.91304670645762,60.05392803185199,59.49978621978923,59.5561408996582,8207500,0.0,0.0
2024-07-16 00:00:00-04:00,59.57493223639029,60.401446133416194,59.53736244574753,60.36387634277344,9025100,0.0,0.0
2024-07-17 00:00:00-04:00,60.55171910694534,61.41580270629529,60.49536800959334,61.246742248535156,12508200,0.0,0.0
2024-07-18 00:00:00-04:00,60.86167360414363,61.810283991830325,60.786534019265915,61.227970123291016,11128200,0.0,0.0
2024-07-19 00:00:00-04:00,61.65061084517416,61.65061084517416,60.8804481006763,61.32188415527344,13775700,0.0,0.0
2024-07-22 00:00:00-04:00,61.28431110403835,61.32188089027014,60.410833279835394,60.83348083496094,11794200,0.0,0.0
2024-07-23 00:00:00-04:00,61.453376065907534,62.02630280797577,60.90862487415339,61.011940002441406,11810300,0.0,0.0
2024-07-24 00:00:00-04:00,61.13403795905813,61.96055900586757,60.889845073141466,61.810279846191406,13244600,0.0,0.0
2024-07-25 00:00:00-04:00,62.026313580534655,62.82465202947333,61.85725308358363,62.05448913574219,16328600,0.0,0.0
2024-07-26 00:00:00-04:00,62.054491513223795,63.03128473684163,61.998140400649746,62.97493362426758,13530100,0.0,0.0
2024-07-29 00:00:00-04:00,62.81524070133094,62.95612560474904,62.35502337148875,62.76828384399414,12140200,0.0,0.0
2024-07-30 00:00:00-04:00,62.439558763225826,63.70750859473494,62.32684940449238,63.56662368774414,13258000,0.0,0.0
2024-07-31 00:00:00-04:00,63.39757331746639,63.500888454647566,62.56166514624066,62.68376159667969,15576800,0.0,0.0
2024-08-01 00:00:00-04:00,62.92796301113211,63.970501479050576,62.646193146292674,63.82961654663086,16495900,0.0,0.0
2024-08-02 00:00:00-04:00,64.36497435755207,65.43568839212628,63.57603019132072,65.1163558959961,22514800,0.0,0.0
2024-08-05 00:00:00-04:00,64.79700578197125,65.32297564032177,63.61358972351712,63.961097717285156,25484300,0.0,0.0
2024-08-06 00:00:00-04:00,64.00806349694527,64.65612264222699,63.65115408940879,63.91414260864258,12969100,0.0,0.0
2024-08-07 00:00:00-04:00,63.91413945139091,64.97545905162242,63.70750920790949,64.2992172241211,13365300,0.0,0.0
2024-08-08 00:00:00-04:00,63.8671821604717,64.67491474340464,63.72629723727086,64.55281829833984,15240900,0.0,0.0
2024-08-09 00:00:00-04:00,64.52463305730203,64.609166874198,64.10198546993593,64.50585174560547,12080400,0.0,0.0
2024-08-12 00:00:00-04:00,64.28982154460313,64.37435535399752,63.707507779525116,64.02684020996094,11012300,0.0,0.0
2024-08-13 00:00:00-04:00,63.94231499991945,64.44010213246789,63.876569664784824,64.2992172241211,9877600,0.0,0.0
2024-08-14 00:00:00-04:00,64.08320718592059,64.70309082105825,63.98927912588632,64.41193389892578,14328000,0.0,0.0
2024-08-15 00:00:00-04:00,64.4495008411186,64.73126351165271,64.33679147348222,64.47767639160156,11285100,0.0,0.0
2024-08-16 00:00:00-04:00,64.65612424022042,65.08817323535905,64.46828245897247,64.9754638671875,12651200,0.0,0.0
2024-08-19 00:00:00-04:00,65.13513621836152,65.20088156454666,64.66552455540909,64.78762817382812,9843900,0.0,0.0
2024-08-20 00:00:00-04:00,64.79701069184954,65.17270142893742,64.59038042816596,65.1633071899414,11957400,0.0,0.0
2024-08-21 00:00:00-04:00,65.2572320782839,65.86772143497615,65.11634716300706,65.34175872802734,8792400,0.0,0.0
2024-08-22 00:00:00-04:00,65.67049422717686,65.67049422717686,64.60917443240218,65.1163558959961,12509200,0.0,0.0
2024-08-23 00:00:00-04:00,65.18209674536513,65.60474435300968,64.75005489856926,65.54839324951172,11834700,0.0,0.0
2024-08-26 00:00:00-04:00,65.58597354464231,66.60972363924506,65.49205263520173,66.53458404541016,12912200,0.0,0.0
2024-08-27 00:00:00-04:00,66.98539663395613,67.18263264105597,66.73180952931467,67.15445709228516,16988400,0.0,0.0
2024-08-28 00:00:00-04:00,67.25777628840976,67.44561806872798,66.96661937920513,67.38926696777344,13272600,0.0,0.0
2024-08-29 00:00:00-04:00,67.53015085067027,67.83070199399494,66.90087301397558,67.67103576660156,17201700,0.0,0.0
2024-08-30 00:00:00-04:00,67.8119117063985,68.1594268676572,67.41743968488602,68.06550598144531,18624200,0.0,0.0
2024-09-03 00:00:00-04:00,68.03734346426167,68.83568189853564,67.85888873028424,68.57270050048828,14755800,0.0,0.0
2024-09-04 00:00:00-04:00,68.84507006720258,69.06108741124558,67.53955026652612,68.15003967285156,18140800,0.0,0.0
2024-09-05 00:00:00-04:00,68.20638308416453,68.26273417629875,66.66605779639907,66.8445053100586,23866100,0.0,0.0
2024-09-06 00:00:00-04:00,66.67544505961068,67.31411704654711,66.58152418388252,66.81632995605469,17485700,0.0,0.0
2024-09-09 00:00:00-04:00,66.9008710223061,67.91522662226372,66.66606522464573,67.48318481445312,12939300,0.0,0.0
2024-09-10 00:00:00-04:00,67.59589567405648,68.01854325292399,67.17324092948452,67.20142364501953,10277600,0.0,0.0
2024-09-11 00:00:00-04:00,67.02296822732922,67.03236246574075,66.28098103831469,66.7599868774414,11418200,0.0,0.0
2024-09-12 00:00:00-04:00,66.68485439403513,67.04175666888457,66.36552191112328,66.90087890625,12337800,0.0,0.0
2024-09-13 00:00:00-04:00,66.99071258239141,67.58648443744191,66.65028079857339,67.52974700927734,11073800,0.485,0.0
2024-09-16 00:00:00-04:00,67.87018068330484,68.31464312252075,67.72833710894302,68.1822509765625,10786500,0.0,0.0
2024-09-17 00:00:00-04:00,67.99311672226247,68.41866184572787,67.82289722991024,67.89855194091797,12974400,0.0,0.0
2024-09-18 00:00:00-04:00,67.98365708853147,68.44702956074514,67.39734390901502,67.85126495361328,10719700,0.0,0.0
2024-09-19 00:00:00-04:00,67.67157892372262,68.0309351464166,66.7637441553047,66.78266143798828,13635600,0.0,0.0
2024-09-20 00:00:00-04:00,66.58407771531733,67.89854757145797,66.55570178939274,67.74723815917969,48578500,0.0,0.0
2024-09-23 00:00:00-04:00,67.66213220272732,68.27680685093212,67.31223459704174,67.83235168457031,11613000,0.0,0.0
2024-09-24 00:00:00-04:00,67.35005526713283,67.9174510786974,66.76374217344622,67.4540786743164,13330600,0.0,0.0
2024-09-25 00:00:00-04:00,67.81343246975342,68.01202065711097,67.43516616366918,67.56755828857422,12329100,0.0,0.0
2024-09-26 00:00:00-04:00,67.00962050405317,67.71886711631892,66.99070322075482,67.52027893066406,10815200,0.0,0.0
2024-09-27 00:00:00-04:00,67.65266833438811,68.27680157637663,67.57701363389576,67.88908386230469,11175700,0.0,0.0
2024-09-30 00:00:00-04:00,68.08767624527621,68.27680579335896,67.79452328129904,67.95528411865234,18015300,0.0,0.0
2024-10-01 00:00:00-04:00,68.18224611221778,68.79692801164528,67.73778370471128,67.81343841552734,13294500,0.0,0.0
2024-10-02 00:00:00-04:00,67.51082303317278,67.54865038647743,66.58407812911345,67.15147399902344,11155500,0.0,0.0
2024-10-03 00:00:00-04:00,67.00963165829401,67.13256516087792,66.38549107248919,66.68810272216797,9374800,0.0,0.0
2024-10-04 00:00:00-04:00,66.15854371056534,66.46115540402509,65.93158674417849,66.35713195800781,12684800,0.0,0.0
2024-10-07 00:00:00-04:00,66.24364434243121,66.29092312663535,65.12776258462074,65.2601547241211,14512000,0.0,0.0
2024-10-08 00:00:00-04:00,65.28852156059493,65.66678789750544,65.1183020697267,65.42091369628906,13549700,0.0,0.0
2024-10-09 00:00:00-04:00,65.43036200338969,65.95047182150846,65.31687995579311,65.78971099853516,9037700,0.0,0.0
2024-10-10 00:00:00-04:00,66.03558442890746,66.11123912646654,65.24122453419515,65.48709869384766,8635200,0.0,0.0
2024-10-11 00:00:00-04:00,65.68568759194558,65.80862106572002,65.25068389840239,65.78971099853516,8786300,0.0,0.0
2024-10-14 00:00:00-04:00,65.78971895205964,66.64081637485299,65.69515417504483,66.51787567138672,7659300,0.0,0.0
2024-10-15 00:00:00-04:00,66.6313577327025,67.34060438255861,66.34766340165807,66.51787567138672,10358700,0.0,0.0
2024-10-16 00:00:00-04:00,66.2814610433315,66.85831557042424,66.16798619526743,66.73538208007812,7937300,0.0,0.0
2024-10-17 00:00:00-04:00,66.79212077007713,66.84886541001481,65.79917975654591,66.10179138183594,14674600,0.0,0.0
2024-10-18 00:00:00-04:00,66.07342246465414,66.71647306825771,65.827548265233,66.6124496459961,15087500,0.0,0.0
2024-10-21 00:00:00-04:00,66.1963561263107,66.508426393894,65.54384687860568,65.67623901367188,11981200,0.0,0.0
2024-10-22 00:00:00-04:00,65.25069389593483,65.95994056871673,64.94808227080776,65.67623901367188,18603300,0.0,0.0
2024-10-23 00:00:00-04:00,63.349911742227036,64.96699331462726,62.96219397367347,64.31449127197266,24655200,0.0,0.0
2024-10-24 00:00:00-04:00,63.9740467200762,64.3428543861725,63.312078877594075,63.64306640625,17568800,0.0,0.0
2024-10-25 00:00:00-04:00,63.42556507099047,64.02132967473312,63.160780802660405,63.283714294433594,11138100,0.0,0.0
2024-10-28 00:00:00-04:00,63.32154134078278,63.737635026035115,62.98110236463635,63.047298431396484,10761400,0.0,0.0
2024-10-29 00:00:00-04:00,62.68794858534,62.735227366805184,61.95978464544154,61.99761199951172,16525900,0.0,0.0
2024-10-30 00:00:00-04:00,61.95033308982087,62.92436400691438,61.7706549620669,62.338050842285156,14177800,0.0,0.0
2024-10-31 00:00:00-04:00,62.2340349255278,62.40425443159816,61.71392497880183,61.76120376586914,13383700,0.0,0.0
2024-11-01 00:00:00-04:00,61.91250849829565,62.09218663406666,61.364022663185494,61.47750473022461,12163100,0.0,0.0
2024-11-04 00:00:00-05:00,61.54369854872725,61.86522023800334,61.13706350857623,61.57206726074219,10984500,0.0,0.0
2024-11-05 00:00:00-05:00,61.127606959399245,61.91250835456258,61.127606959399245,61.81794357299805,8780200,0.0,0.0
2024-11-06 00:00:00-05:00,60.91955996991066,61.33565366562698,59.74694080860052,60.238685607910156,22899300,0.0,0.0
2024-11-07 00:00:00-05:00,60.796627301152384,60.89119208378183,60.14411803579741,60.20085906982422,14856100,0.0,0.0
2024-11-08 00:00:00-05:00,60.43727653178903,60.74934321019856,60.276515674787376,60.44673156738281,14719300,0.0,0.0
2024-11-11 00:00:00-05:00,60.512928254765804,60.63586535589965,59.813136610713755,59.91716003417969,13980900,0.0,0.0
2024-11-12 00:00:00-05:00,60.21977132105006,60.285967388805346,59.690199171592674,59.76585388183594,15021000,0.0,0.0
2024-11-13 00:00:00-05:00,59.62399976425513,59.82258795639791,59.09443125187438,59.576717376708984,13177600,0.0,0.0
2024-11-14 00:00:00-05:00,59.680733246674905,59.680733246674905,59.037682756604134,59.151161193847656,15910800,0.0,0.0
2024-11-15 00:00:00-05:00,59.094435745768855,59.22682788393193,58.05420510357358,58.385189056396484,26284300,0.0,0.0
2024-11-18 00:00:00-05:00,58.48920621370975,58.763449120240146,58.2149669145944,58.49866485595703,16062100,0.0,0.0
2024-11-19 00:00:00-05:00,58.53648976273352,59.21736407205379,58.28116054395783,59.188995361328125,16254800,0.0,0.0
2024-11-20 00:00:00-05:00,59.29301785140511,59.586170810766085,58.64996729728805,59.5672607421875,18904900,0.0,0.0
2024-11-21 00:00:00-05:00,59.71856689778215,60.342703779616656,59.529433744138245,60.29541778564453,17292300,0.0,0.0
2024-11-22 00:00:00-05:00,60.74934321019856,60.97630735343337,60.19140592478199,60.44673156738281,19562200,0.0,0.0
2024-11-25 00:00:00-05:00,60.82499551452858,61.19380321413347,60.37107806829063,60.88173294067383,36805300,0.0,0.0
2024-11-26 00:00:00-05:00,60.81552781241011,61.127598039381695,60.57911228558242,61.0424919128418,14473300,0.0,0.0
2024-11-27 00:00:00-05:00,61.43021977327775,61.56261191298583,60.75880043194948,60.929019927978516,13263400,0.0,0.0
2024-11-29 00:00:00-05:00,61.00047268129575,61.21962785509961,60.76226764737469,61.057647705078125,10648400,0.485,0.0
2024-12-02 00:00:00-05:00,61.0290654794025,61.16246175591831,60.362076827271586,60.64793014526367,16500100,0.0,0.0
2024-12-03 00:00:00-05:00,60.714630785273336,61.057651873177306,60.057172488532025,60.52406311035156,24874500,0.0,0.0
2024-12-04 00:00:00-05:00,60.295377390853105,60.362075527674996,58.98046814941361,59.27584457397461,28137700,0.0,0.0
2024-12-05 00:00:00-05:00,59.52358553390331,60.142925914923495,59.17103407394502,59.95235824584961,21040400,0.0,0.0
2024-12-06 00:00:00-05:00,59.86660281458898,60.371604016048444,59.561692382542354,59.58074951171875,15581100,0.0,0.0
2024-12-09 00:00:00-05:00,59.73321240033283,59.961894352005196,58.98047566954233,59.647457122802734,22348300,0.0,0.0
2024-12-10 00:00:00-05:00,59.742734723099474,60.066698657305324,58.87565531607438,59.94282913208008,14949400,0.0,0.0
2024-12-11 00:00:00-05:00,60.02858702734963,60.6288739153604,59.45688765242812,59.68556594848633,32819000,0.0,0.0
2024-12-12 00:00:00-05:00,60.552645109775405,60.905192934832634,60.23821154547463,60.8289680480957,17542100,0.0,0.0
2024-12-13 00:00:00-05:00,60.571697762628425,60.82896355155313,60.13339470065701,60.142921447753906,13429000,0.0,0.0
2024-12-16 00:00:00-05:00,60.24773560409303,60.84802246249715,59.409240078757605,59.59980773925781,24559700,0.0,0.0
2024-12-17 00:00:00-05:00,59.504527683446575,60.552644398505635,59.38065815483112,60.40972137451172,21902400,0.0,0.0
2024-12-18 00:00:00-05:00,59.84754763933885,60.63839853471282,59.828490509540266,59.885658264160156,20946100,0.0,0.0
2024-12-19 00:00:00-05:00,59.74273672187007,60.19056656150807,59.45688703736633,59.5045280456543,21300600,0.0,0.0
2024-12-20 00:00:00-05:00,59.52358285592321,60.08575545527213,59.3425419427989,59.59980773925781,42458100,0.0,0.0
2024-12-23 00:00:00-05:00,59.55217102930107,59.79990646148149,58.627920171797975,59.43783187866211,13010800,0.0,0.0
2024-12-24 00:00:00-05:00,59.26631933588492,59.87613296508789,59.08527841580683,59.87613296508789,5019100,0.0,0.0
2024-12-26 00:00:00-05:00,59.66650697410539,59.78084975337686,59.45688581499275,59.618865966796875,7943800,0.0,0.0
2024-12-27 00:00:00-05:00,59.5045280456543,59.98094539808584,59.27584611718574,59.5045280456543,8542800,0.0,0.0
2024-12-30 00:00:00-05:00,59.39971585296543,59.39971585296543,58.77084509096155,59.10433578491211,8972200,0.0,0.0
2024-12-31 00:00:00-05:00,59.094811837498476,59.4854739409714,58.88518702863823,59.323490142822266,9256700,0.0,0.0
2025-01-02 00:00:00-05:00,59.409241978860685,59.790377312051056,58.713673085347786,58.92329788208008,12991000,0.0,0.0
2025-01-03 00:00:00-05:00,58.98047014831156,59.15198068731645,58.71367395720619,58.83754348754883,10403200,0.0,0.0
2025-01-06 00:00:00-05:00,58.599337763300205,58.666035905744636,57.798956419190915,57.9418830871582,17924200,0.0,0.0
2025-01-07 00:00:00-05:00,58.22772477042523,58.80895447578585,57.76083420282838,57.970458984375,17799600,0.0,0.0
2025-01-08 00:00:00-05:00,58.11338853682823,58.8565984215975,58.05621714770143,58.7994270324707,14412400,0.0,0.0
2025-01-10 00:00:00-05:00,58.67556106226698,58.742259198770235,57.865649407222556,58.189613342285156,22425000,0.0,0.0
2025-01-13 00:00:00-05:00,58.246781722708064,58.93282018198782,57.846589289583875,58.74225616455078,18016200,0.0,0.0
2025-01-14 00:00:00-05:00,58.751786699609646,59.14244877618505,58.408765630465226,59.11386489868164,16658300,0.0,0.0
2025-01-15 00:00:00-05:00,59.39018662318807,59.66650591458108,58.770842634847746,58.856597900390625,16187200,0.0,0.0
2025-01-16 00:00:00-05:00,58.52311023447408,59.36160585562508,58.42782821072392,59.31396484375,12585500,0.0,0.0
2025-01-17 00:00:00-05:00,59.37113042303627,59.80943350499399,59.23773051416683,59.752262115478516,17948900,0.0,0.0
2025-01-21 00:00:00-05:00,59.93330456260151,60.24773812602943,59.36160155716973,59.4759407043457,19817100,0.0,0.0
2025-01-22 00:00:00-05:00,59.1900871241236,59.35207090384181,58.751784059810795,58.86612319946289,18191900,0.0,0.0
2025-01-23 00:00:00-05:00,58.88518021852934,59.056690745074945,58.475461031201036,58.62791442871094,16528400,0.0,0.0
2025-01-24 00:00:00-05:00,58.808962932122824,59.085282251886845,58.54216672594297,58.99952697753906,19244600,0.0,0.0
2025-01-27 00:00:00-05:00,59.90471311498476,61.15292780848677,59.52358143784019,60.857547760009766,20742900,0.0,0.0
2025-01-28 00:00:00-05:00,60.514531396973176,61.01953626962897,59.34254512891991,59.41877365112305,14956000,0.0,0.0
2025-01-29 00:00:00-05:00,59.609341853449735,60.37160890839901,59.599811470701354,59.866607666015625,11325600,0.0,0.0
2025-01-30 00:00:00-05:00,60.83848907789843,61.25773863726361,60.2477326308005,61.02906036376953,13201000,0.0,0.0
2025-01-31 00:00:00-05:00,60.695571453564284,60.91472299960655,60.40019138640681,60.48594665527344,12096800,0.0,0.0
2025-02-03 00:00:00-05:00,60.20010326292211,60.62887965207211,59.48547715926423,60.362083435058594,12067900,0.0,0.0
2025-02-04 00:00:00-05:00,60.60981255600083,60.62886968513869,59.4092388637462,59.71414566040039,15678000,0.0,0.0
2025-02-05 00:00:00-05:00,59.76178977269099,60.30490522660681,59.63792025177709,60.142921447753906,10686800,0.0,0.0
2025-02-06 00:00:00-05:00,60.61934416323325,60.7336869472276,59.94283238109208,60.37160873413086,13423400,0.0,0.0
2025-02-07 00:00:00-05:00,60.43830596228203,60.905192934832634,60.2858525540322,60.8289680480957,13184700,0.0,0.0
2025-02-10 00:00:00-05:00,61.076697962615434,61.600759913791464,60.65745203645024,61.50547790527344,16154300,0.0,0.0
2025-02-11 00:00:00-05:00,64.3163314642445,64.47831159138822,63.27774530479877,64.41161346435547,30589100,0.0,0.0
2025-02-12 00:00:00-05:00,63.71605650892368,65.57408119328454,63.71605650892368,65.46926879882812,26033800,0.0,0.0
2025-02-13 00:00:00-05:00,65.74559800401866,66.32682778532852,65.51691969860975,66.22201538085938,24393100,0.0,0.0
2025-02-14 00:00:00-05:00,66.08862163087123,66.72701919562262,65.51692221065278,65.62173461914062,20779100,0.0,0.0
2025-02-18 00:00:00-05:00,65.31681845171961,66.09814257736348,65.19294529416352,65.7932357788086,15569100,0.0,0.0
2025-02-19 00:00:00-05:00,65.94569064184412,66.82229684676955,65.90757638038406,66.76512908935547,16032300,0.0,0.0
2025-02-20 00:00:00-05:00,66.4221045594798,66.76512562527084,66.14578163039526,66.73654174804688,13398000,0.0,0.0
2025-02-21 00:00:00-05:00,67.00333786184794,68.2229651520098,66.82229693705602,67.98475646972656,21662300,0.0,0.0
2025-02-24 00:00:00-05:00,67.4988059013314,68.34683546280486,67.01286544386059,67.2605972290039,21418400,0.0,0.0
2025-02-25 00:00:00-05:00,67.51786557617426,68.3849413492828,67.39399968560207,68.11814880371094,21555600,0.0,0.0
2025-02-26 00:00:00-05:00,67.90852720011488,67.918057582776,67.2034315437829,67.46070098876953,14531200,0.0,0.0
2025-02-27 00:00:00-05:00,67.38447049822771,68.16579465392162,67.09861718315969,67.52739715576172,16789500,0.0,0.0
2025-02-28 00:00:00-05:00,68.0800347934527,68.19437757178105,67.23201251211783,67.85135650634766,22167400,0.0,0.0
2025-03-03 00:00:00-05:00,66.92710631954597,68.9471184712179,66.44116586368786,68.90900421142578,21717600,0.0,0.0
2025-03-04 00:00:00-05:00,68.67080530216498,69.22345124338753,66.58409471659695,66.87947845458984,25411900,0.0,0.0
2025-03-05 00:00:00-05:00,66.6031476645901,67.40352533138501,66.54597263871051,66.774658203125,23933600,0.0,0.0
2025-03-06 00:00:00-05:00,67.08908138619636,67.20341687496541,66.17435385874147,67.13671875,21694000,0.0,0.0
2025-03-07 00:00:00-05:00,66.36493717655542,68.43258669558361,66.36493717655542,68.06098175048828,28393300,0.0,0.0
2025-03-10 00:00:00-04:00,68.56598773599018,69.76656155643568,67.95617407756914,68.08003997802734,25251200,0.0,0.0
2025-03-11 00:00:00-04:00,68.48976219592332,68.64221925194842,67.27966520932246,67.68938446044922,28076400,0.0,0.0
2025-03-12 00:00:00-04:00,67.0509851093571,67.3940062067268,66.45069455418393,66.64126586914062,18923300,0.0,0.0
2025-03-13 00:00:00-04:00,66.93664038496333,66.93664038496333,66.01238952541627,66.33635711669922,15746600,0.0,0.0
2025-03-14 00:00:00-04:00,65.76043155030446,66.48033115802387,65.63564426478669,66.38434600830078,14205100,0.51,0.0
2025-03-17 00:00:00-04:00,66.46113729051064,67.35381319850408,66.3075624981324,67.30582427978516,15634800,0.0,0.0
2025-03-18 00:00:00-04:00,67.29621791804185,67.37300896938443,66.51872866199184,66.59551239013672,12657600,0.0,0.0
2025-03-19 00:00:00-04:00,65.798821226567,66.59550448933636,65.78922051548876,66.49951934814453,14780000,0.0,0.0
2025-03-20 00:00:00-04:00,66.52831407540418,67.00824710396303,66.31714237112679,66.91226196289062,16295300,0.0,0.0
2025-03-21 00:00:00-04:00,66.91226305938838,67.16183028882378,65.44366913964382,65.91400146484375,47479500,0.0,0.0
2025-03-24 00:00:00-04:00,66.03879570783279,66.30755706487108,65.5876574342909,66.18276977539062,12575400,0.0,0.0
2025-03-25 00:00:00-04:00,66.18277393647973,66.3075612338059,65.84682221905969,66.04839324951172,12513900,0.0,0.0
2025-03-26 00:00:00-04:00,66.1539648140898,67.52657352543713,66.13477071575898,67.2098159790039,14478200,0.0,0.0
2025-03-27 00:00:00-04:00,67.36340201938852,68.14089120344384,67.25781616436902,67.90092468261719,11663400,0.0,0.0
2025-03-28 00:00:00-04:00,67.96812780231127,68.45766164738845,66.73950015624953,67.54579162597656,17412900,0.0,0.0
2025-03-31 00:00:00-04:00,67.8913479194536,69.05278528587922,67.66097473034523,68.7456283569336,24016900,0.0,0.0
2025-04-01 00:00:00-04:00,68.80321875718727,69.02399123506973,68.33288630646244,68.985595703125,15309100,0.0,0.0
2025-04-02 00:00:00-04:00,69.07196768036779,69.4559156072594,68.19849328680702,68.46725463867188,14606500,0.0,0.0
2025-04-03 00:00:00-04:00,69.57110803839021,70.98210525445046,69.41752592542684,70.24301147460938,24959600,0.0,0.0
2025-04-04 00:00:00-04:00,69.51350838904713,70.07983325464255,66.9890629214824,67.12344360351562,26517300,0.0,0.0
2025-04-07 00:00:00-04:00,63.57194722354735,66.59552016016018,63.39917099946673,65.62606048583984,34258400,0.0,0.0
2025-04-08 00:00:00-04:00,66.19237035984773,67.17143795653747,65.0405338824221,65.67404174804688,22774400,0.0,0.0
2025-04-09 00:00:00-04:00,65.19410449727124,67.64176600943941,64.57979077212737,67.14263153076172,27918700,0.0,0.0
2025-04-10 00:00:00-04:00,67.37301961576424,68.35208004390275,66.21158224266703,67.9201431274414,22450200,0.0,0.0
2025-04-11 00:00:00-04:00,68.06411287064381,68.96638208060541,67.70895975535404,68.56324005126953,19988200,0.0,0.0
2025-04-14 00:00:00-04:00,68.43846469374293,69.74388334411029,68.08331155454655,69.54230499267578,13930200,0.0,0.0
2025-04-15 00:00:00-04:00,69.70548299623432,69.71507638510735,68.84160198981712,68.97598266601562,14965500,0.0,0.0
2025-04-16 00:00:00-04:00,69.45591668635818,69.7534728558033,68.5248453292197,68.80320739746094,15276200,0.0,0.0
2025-04-17 00:00:00-04:00,69.01437728192533,70.48297131188893,68.84160108291799,70.07022857666016,20754500,0.0,0.0
2025-04-21 00:00:00-04:00,70.43497572676047,70.52136748866185,68.93758687031378,69.84945678710938,16037200,0.0,0.0
2025-04-22 00:00:00-04:00,70.07023905401292,71.39485189566878,69.99344799337236,70.93412017822266,15613500,0.0,0.0
2025-04-23 00:00:00-04:00,70.34859936010761,70.98210728621928,69.47511754482223,70.35820007324219,16353900,0.0,0.0
2025-04-24 00:00:00-04:00,70.08943787622327,70.48298659610215,69.39834025352714,69.60950469970703,16893900,0.0,0.0
2025-04-25 00:00:00-04:00,69.73427809601003,69.9934387374021,68.27527742957292,69.02397918701172,16316000,0.0,0.0
2025-04-28 00:00:00-04:00,69.18715264581955,69.35992884274141,68.44805162218812,68.9087905883789,15997500,0.0,0.0
2025-04-29 00:00:00-04:00,68.33287857249672,69.79187200527188,67.45939679681301,69.44631958007812,16244100,0.0,0.0
2025-04-30 00:00:00-04:00,70.40618662606003,70.5309739230199,68.81281248960282,69.63829803466797,21074700,0.0,0.0
2025-05-01 00:00:00-04:00,69.11036766104213,69.14876318852649,68.37127389576314,68.42886352539062,18034200,0.0,0.0
2025-05-02 00:00:00-04:00,68.63043266918382,68.93758955743267,68.24648472807328,68.7744140625,12629600,0.0,0.0
2025-05-05 00:00:00-04:00,68.79360814008795,68.91839543174407,68.16010026219504,68.82240295410156,11932700,0.0,0.0
2025-05-06 00:00:00-04:00,68.80320298759766,69.01437470329397,68.3040758331132,68.84159851074219,12705500,0.0,0.0
2025-05-07 00:00:00-04:00,68.8416067756494,69.77267818489344,68.79361053515714,69.49431610107422,15018200,0.0,0.0
2025-05-08 00:00:00-04:00,69.30232819009716,69.56149613322366,68.27527177530021,68.31366729736328,14371100,0.0,0.0
2025-05-09 00:00:00-04:00,68.14090424740115,68.29448636526445,67.63217629757627,67.68976593017578,11228900,0.0,0.0
2025-05-12 00:00:00-04:00,67.33461399168205,67.50739019701007,65.9428036367625,66.73949432373047,21539000,0.0,0.0
2025-05-13 00:00:00-04:00,66.79708058024373,66.89307305195784,66.10598311700514,66.19236755371094,14389100,0.0,0.0
2025-05-14 00:00:00-04:00,66.11557733659963,66.55711488388384,65.82762188743037,66.38434600830078,16286800,0.0,0.0
2025-05-15 00:00:00-04:00,66.90266746532508,68.85120189372702,66.80668231533818,68.73601531982422,19817100,0.0,0.0
2025-05-16 00:00:00-04:00,68.97597852376606,69.35992642836047,68.56323580788658,69.11035919189453,18441200,0.0,0.0
2025-05-19 00:00:00-04:00,69.13915989718423,69.27354057676844,68.7648126721714,69.04317474365234,13282800,0.0,0.0
2025-05-20 00:00:00-04:00,68.9183986769961,69.23514896925887,68.56324553330973,68.81281280517578,12137800,0.0,0.0
2025-05-21 00:00:00-04:00,68.81281010402026,69.18715733552574,68.70722423634456,68.96638488769531,12094400,0.0,0.0
2025-05-22 00:00:00-04:00,68.95676960056936,69.10075096453151,68.1120901608925,68.28486633300781,11101800,0.0,0.0
2025-05-23 00:00:00-04:00,68.66882229832311,69.09116572959354,67.85293757053023,68.88958740234375,12822100,0.0,0.0
2025-05-27 00:00:00-04:00,68.86079728430815,69.32153627011574,68.68802108003003,68.8991928100586,10666100,0.0,0.0
2025-05-28 00:00:00-04:00,68.82240905737306,69.01438670648507,68.19850183655497,68.29448699951172,8710900,0.0,0.0
2025-05-29 00:00:00-04:00,68.15050195099707,68.78401717440904,67.63217331089585,68.62083435058594,10291100,0.0,0.0
2025-05-30 00:00:00-04:00,68.73601984177081,69.56150536772003,68.73601984177081,69.20635223388672,28019500,0.0,0.0
2025-06-02 00:00:00-04:00,69.1391540031796,69.14875471467369,68.49604547382235,69.11035919189453,10202700,0.0,0.0
2025-06-03 00:00:00-04:00,68.83200681300927,68.89919715651178,67.6417747324516,68.30408477783203,20139800,0.0,0.0
2025-06-04 00:00:00-04:00,68.40005989577766,68.9663773759941,67.84333580379744,68.50564575195312,13565900,0.0,0.0
2025-06-05 00:00:00-04:00,68.51524072529065,68.59203177213975,67.987318755397,68.0641098022461,13531400,0.0,0.0
2025-06-06 00:00:00-04:00,68.22728954999062,68.61123748504335,68.09290887120181,68.4864501953125,9524000,0.0,0.0
2025-06-09 00:00:00-04:00,68.48644539423864,68.94718434864251,68.23687815547001,68.88958740234375,12281300,0.0,0.0
2025-06-10 00:00:00-04:00,69.01438271018496,69.77267790307138,68.88000202518718,69.44631958007812,12265000,0.0,0.0
2025-06-11 00:00:00-04:00,69.36952921563473,69.45592098439248,68.88000271106746,69.17755889892578,12718500,0.0,0.0
2025-06-12 00:00:00-04:00,69.35032947177953,69.49431085919782,68.72641500843196,69.34072875976562,12806900,0.0,0.0
2025-06-13 00:00:00-04:00,69.37939122457114,69.48572779608413,68.37403934433657,68.65437316894531,17467200,0.51,0.0
2025-06-16 00:00:00-04:00,68.828385842213,69.23440160602148,67.90036350757319,68.17103576660156,15045900,0.0,0.0
2025-06-17 00:00:00-04:00,68.03570518929553,68.1130422339766,67.26235686828447,67.301025390625,15437000,0.0,0.0
2025-06-18 00:00:00-04:00,67.6683496310916,67.6683496310916,66.7886575457603,66.9046630859375,16227600,0.0,0.0
2025-06-20 00:00:00-04:00,66.7886697918786,67.24301568846545,66.48899797722181,66.5469970703125,40859400,0.0,0.0
2025-06-23 00:00:00-04:00,66.83700962805094,67.48469077447686,66.67267394169208,67.41702270507812,21822800,0.0,0.0
2025-06-24 00:00:00-04:00,67.61036510568933,68.00670454658308,67.36869237640136,67.87136840820312,15216100,0.0,0.0
2025-06-25 00:00:00-04:00,67.60068675975417,67.68768539010908,67.11734136818586,67.31067657470703,12540400,0.0,0.0
2025-06-26 00:00:00-04:00,67.37834825067493,67.59102141442149,66.84667271657428,67.15601348876953,14454100,0.0,0.0
2025-06-27 00:00:00-04:00,67.2720167697039,68.20970813081472,67.15601858087622,67.98737335205078,23470700,0.0,0.0
2025-06-30 00:00:00-04:00,67.7940282155373,68.43204773134757,67.75535969561551,68.39337921142578,15429000,0.0,0.0
2025-07-01 00:00:00-04:00,68.6253800423077,70.03674777083798,68.53838140762663,69.28273010253906,21729300,0.0,0.0
2025-07-02 00:00:00-04:00,69.30206759005999,69.43740371551085,68.38370688133973,68.54804992675781,13050200,0.0,0.0
2025-07-03 00:00:00-04:00,68.67371687715206,69.02172616307934,68.10336545705684,68.973388671875,9440500,0.0,0.0
2025-07-07 00:00:00-04:00,68.99273129437653,68.99273129437653,68.44171778352491,68.64472198486328,16984700,0.0,0.0
2025-07-08 00:00:00-04:00,68.32570642189037,68.32570642189037,67.55235082745048,67.90036010742188,17115500,0.0,0.0
2025-07-09 00:00:00-04:00,67.82302996969725,67.91002860144354,66.6726655592818,67.16567993164062,33704100,0.0,0.0
2025-07-10 00:00:00-04:00,66.98200694677584,67.52335143897223,66.85633979687755,67.44601440429688,14608400,0.0,0.0
2025-07-11 00:00:00-04:00,67.25268387918851,67.82303533058068,66.94334309419709,67.54269409179688,12916700,0.0,0.0
2025-07-14 00:00:00-04:00,67.47502323438938,67.74569548815201,66.9626708966064,67.15601348876953,13983200,0.0,0.0
2025-07-15 00:00:00-04:00,67.19468772984278,67.23335625156862,66.84667840957667,67.0496826171875,12639800,0.0,0.0
2025-07-16 00:00:00-04:00,67.04001404586961,67.18501915939642,66.49866948898708,66.96267700195312,13178300,0.0,0.0
2025-07-17 00:00:00-04:00,67.4846832135171,68.33537584809433,67.19468039512854,68.23870086669922,20464700,0.0,0.0
2025-07-18 00:00:00-04:00,68.09371270020341,68.34504703635486,67.50403063222251,67.52336120605469,14928000,0.0,0.0
2025-07-21 00:00:00-04:00,67.85202849841029,68.26770583059829,67.6006868294613,67.73602294921875,17811700,0.0,0.0
2025-07-22 00:00:00-04:00,67.13667197790417,67.91969652788217,66.40199229248275,67.33968353271484,22339900,0.0,0.0
2025-07-23 00:00:00-04:00,67.33968389543035,67.41701355334125,66.31498664400783,66.85633850097656,21030000,0.0,0.0
2025-07-24 00:00:00-04:00,66.95300628111538,67.23334749566862,66.69199563727439,66.79833221435547,12511400,0.0,0.0
2025-07-25 00:00:00-04:00,66.82732879947508,66.92400377455274,66.45998897008134,66.86599731445312,12574800,0.0,0.0
2025-07-28 00:00:00-04:00,66.45032622860786,66.60500030302391,65.79297616287126,65.82197570800781,13668800,0.0,0.0
2025-07-29 00:00:00-04:00,66.0636485141623,67.10767639219554,65.87998226960768,67.06900787353516,16223400,0.0,0.0
2025-07-30 00:00:00-04:00,66.80800072762776,67.02067388032647,66.24731830237941,66.45999145507812,10448200,0.0,0.0
2025-07-31 00:00:00-04:00,65.87997324101114,66.36331859512676,65.48362651050923,65.62863159179688,17193400,0.0,0.0
2025-08-01 00:00:00-04:00,66.31498827966506,66.74033459736049,65.99597854139348,66.56632995605469,16107500,0.0,0.0
2025-08-04 00:00:00-04:00,66.43099066583828,66.77899993186192,66.03464391137487,66.66299438476562,10701500,0.0,0.0
2025-08-05 00:00:00-04:00,66.60500252361152,67.17534659768772,66.4599974178285,66.75000762939453,11993400,0.0,0.0
2025-08-06 00:00:00-04:00,66.81767044003028,67.47502047598066,66.34398664004432,67.1946792602539,10783000,0.0,0.0
2025-08-07 00:00:00-04:00,67.14633893922671,68.36437135527369,67.02067179620593,68.08403015136719,15790800,0.0,0.0
2025-08-08 00:00:00-04:00,68.01637011305068,68.50938452117158,67.74569784985209,67.99703216552734,9232700,0.0,0.0
2025-08-11 00:00:00-04:00,67.95837126902137,68.49971579739416,67.62969253731927,68.39337921142578,10909400,0.0,0.0
2025-08-12 00:00:00-04:00,68.46104238892215,68.69304611662024,67.88102938204416,68.35470581054688,11061100,0.0,0.0
2025-08-13 00:00:00-04:00,68.33537925228813,68.41270891588465,67.89070234172783,68.113037109375,10356500,0.0,0.0
2025-08-14 00:00:00-04:00,68.03569275403862,68.11302978458437,67.07867097064678,67.23334503173828,10722400,0.0,0.0
2025-08-15 00:00:00-04:00,67.41701403849164,68.04536453085645,67.25267837325846,67.59101867675781,12381100,0.0,0.0
2025-08-18 00:00:00-04:00,67.64903233647532,67.716700404374,66.75000950566925,66.82733917236328,14094900,0.0,0.0
2025-08-19 00:00:00-04:00,66.99167386590223,67.8810276116038,66.93366740404146,67.79402160644531,13862200,0.0,0.0
2025-08-20 00:00:00-04:00,68.38370788626794,69.3213991801471,68.0647055145977,68.34503936767578,17530800,0.0,0.0
2025-08-21 00:00:00-04:00,68.24836713460053,68.54804628956838,67.98736387087015,68.3063735961914,8840400,0.0,0.0
2025-08-22 00:00:00-04:00,68.59637672225374,68.65437580884917,67.59101742809595,67.79402160644531,12999600,0.0,0.0
2025-08-25 00:00:00-04:00,67.77469821950766,67.8907037802594,66.4309984856809,66.63400268554688,13634600,0.0,0.0
2025-08-26 00:00:00-04:00,66.74033034209712,66.77899885717359,66.29565348161547,66.44065856933594,17964200,0.0,0.0
2025-08-27 00:00:00-04:00,66.52766165420819,66.5759991451087,66.1893213437015,66.5373306274414,11562700,0.0,0.0
2025-08-28 00:00:00-04:00,66.58566090467983,66.60499885119322,66.00564788879414,66.0829849243164,16209900,0.0,0.0
2025-08-29 00:00:00-04:00,66.3826453700415,66.83699115698418,66.15064167840043,66.69198608398438,14601100,0.0,0.0
2025-09-02 00:00:00-04:00,66.66299883480383,67.03033869556573,65.98631820306724,66.7596664428711,24770100,0.0,0.0
2025-09-03 00:00:00-04:00,66.37298377370206,66.79832264583327,65.12595194632672,66.69198608398438,33581500,0.0,0.0
2025-09-04 00:00:00-04:00,66.80800881836522,67.14634915896701,65.84131791649365,65.97665405273438,16736000,0.0,0.0
2025-09-05 00:00:00-04:00,65.74464181024622,66.29565525813736,65.60930569148456,65.69630432128906,23978000,0.0,0.0
2025-09-08 00:00:00-04:00,65.59962961566387,65.61896018399447,64.92294909512498,65.18395233154297,21671700,0.0,0.0
2025-09-09 00:00:00-04:00,65.03895744471473,65.84131259852624,65.03895744471473,65.59963989257812,14120600,0.0,0.0
2025-09-10 00:00:00-04:00,65.53197457520763,65.82197740933483,64.97129210385596,65.56097412109375,16041900,0.0,0.0
2025-09-11 00:00:00-04:00,65.65764812603881,65.8993208656446,65.32897674030293,65.36764526367188,15128700,0.0,0.0
2025-09-12 00:00:00-04:00,65.34829814689279,65.46430370072562,64.71028603897643,64.7779541015625,18712400,0.0,0.0
2025-09-15 00:00:00-04:00,64.95329851534109,65.0507074942094,64.38831603334468,64.49546813964844,15986100,0.51,0.0
2025-09-16 00:00:00-04:00,64.63182554060438,64.78768581209097,64.34933437240505,64.52467346191406,18555900,0.0,0.0
2025-09-17 00:00:00-04:00,64.69027958429156,65.39162854005477,64.69027958429156,65.30396270751953,17372300,0.0,0.0
2025-09-18 00:00:00-04:00,65.07018254360909,65.30396553899996,64.63183106644534,64.73898315429688,17722900,0.0,0.0
2025-09-19 00:00:00-04:00,64.76820646536532,65.00199689751305,64.33960553674967,64.70976257324219,31192900,0.0,0.0
2025-09-22 00:00:00-04:00,64.44676736612864,64.86562523207951,64.3688372103025,64.49546813964844,13298700,0.0,0.0
2025-09-23 00:00:00-04:00,64.6318351963265,65.03122162780743,64.19349112298063,64.98251342773438,15072800,0.0,0.0
2025-09-24 00:00:00-04:00,64.6902904026735,65.05070435025,64.25193887120895,64.729248046875,14759300,0.0,0.0
2025-09-25 00:00:00-04:00,65.02148059505573,65.18707658971151,64.24219395976202,64.27142333984375,14395000,0.0,0.0
2025-09-26 00:00:00-04:00,64.35908374491895,64.61235299475709,63.803844479545624,63.96944046020508,17821600,0.0,0.0
2025-09-29 00:00:00-04:00,63.96944314787988,64.3883083959761,63.657729993377664,64.32986450195312,14818500,0.0,0.0
2025-09-30 00:00:00-04:00,64.35908921179167,64.91432852432885,64.25193711359782,64.60261535644531,13815000,0.0,0.0
2025-10-01 00:00:00-04:00,64.78769998018932,65.0994131595027,64.57339577594355,65.05070495605469,14877500,0.0,0.0
2025-10-02 00:00:00-04:00,64.8071708943868,64.92406610930084,64.15452266606191,64.3883056640625,14350700,0.0,0.0
2025-10-03 00:00:00-04:00,64.38831176958399,65.25526425821164,64.32986787249888,64.924072265625,12249200,0.0,0.0
2025-10-06 00:00:00-04:00,64.76820582274878,64.77794894861516,64.13503641432914,64.3883056640625,14333300,0.0,0.0
2025-10-07 00:00:00-04:00,64.50520836330489,65.51827804795397,64.16427323669905,65.0604476928711,13328300,0.0,0.0
2025-10-08 00:00:00-04:00,64.9435518374907,65.13837721640509,64.34934743750138,64.40779876708984,12606700,0.0,0.0
2025-10-09 00:00:00-04:00,64.57338364359471,65.07017898447619,64.4077876739099,64.65131378173828,12705200,0.0,0.0
2025-10-10 00:00:00-04:00,64.79742423567004,65.65464090131469,64.66105020828604,65.30396270751953,17991700,0.0,0.0
2025-10-13 00:00:00-04:00,64.51494353915723,65.07018280029297,64.29089623681274,65.07018280029297,13690000,0.0,0.0
2025-10-14 00:00:00-04:00,65.13836877585868,65.82023893413239,65.02147356365718,65.76179504394531,14245600,0.0,0.0
2025-10-15 00:00:00-04:00,65.52800846183872,65.96635995942698,65.18707336271082,65.34293365478516,11193700,0.0,0.0
2025-10-16 00:00:00-04:00,65.44035026966328,66.34626788569682,65.42087144679132,65.83972930908203,15707200,0.0,0.0
2025-10-17 00:00:00-04:00,66.23910860494007,66.72616087409403,66.04429067000962,66.66771697998047,15541800,0.0,0.0
2025-10-20 00:00:00-04:00,66.6579738536856,66.86253491491092,66.16117845823675,66.66771697998047,17786800,0.0,0.0
2025-10-21 00:00:00-04:00,68.74256293071699,69.54132842410492,68.41137092625715,69.375732421875,33651300,0.0,0.0
2025-10-22 00:00:00-04:00,69.51209403755489,69.76536327506938,68.68410674271855,68.97633361816406,18293000,0.0,0.0
2025-10-23 00:00:00-04:00,68.97634194857389,69.09323717196605,67.9145715387836,68.12887573242188,13989400,0.0,0.0
2025-10-24 00:00:00-04:00,68.09965631216875,68.23603036194066,67.84638703466588,67.90483093261719,15688200,0.0,0.0
2025-10-27 00:00:00-04:00,67.97301758797408,68.30421701549703,67.45674334066871,68.24576568603516,13800000,0.0,0.0
2025-10-28 00:00:00-04:00,68.23603331936432,69.0640207808164,68.13861690945225,68.34318542480469,12730500,0.0,0.0
2025-10-29 00:00:00-04:00,68.10939152488534,68.2165436249227,66.39497278794411,66.58004760742188,19789600,0.0,0.0
2025-10-30 00:00:00-04:00,66.67745157580023,67.495703239047,66.61900768264964,67.19373321533203,14751700,0.0,0.0
2025-10-31 00:00:00-04:00,66.77486387469806,67.2813949251758,66.14169448773043,67.11579895019531,16742700,0.0,0.0
2025-11-03 00:00:00-05:00,67.01838544683207,67.10605127523355,65.90790702945269,66.20987701416016,15660400,0.0,0.0
2025-11-04 00:00:00-05:00,66.6969444166663,66.950213698384,66.39497436312148,66.88202667236328,12743800,0.0,0.0
2025-11-05 00:00:00-05:00,66.88201803918358,67.04761401931171,66.41444461266163,66.73590087890625,12850100,0.0,0.0
2025-11-06 00:00:00-05:00,66.53135326734599,67.34959763926977,66.16118872895562,67.27166748046875,15906700,0.0,0.0
2025-11-07 00:00:00-05:00,68.00223318138879,69.03478901132647,67.61259732447542,68.72307586669922,25108300,0.0,0.0
2025-11-10 00:00:00-05:00,68.19706727491359,68.83023677122218,67.64182793269836,68.69385528564453,15318000,0.0,0.0
2025-11-11 00:00:00-05:00,69.14193971281195,69.89199689731565,68.83022657444545,69.75562286376953,16160200,0.0,0.0
2025-11-12 00:00:00-05:00,69.63873213098434,70.02837543697167,69.4926149622606,69.65821838378906,13612600,0.0,0.0
2025-11-13 00:00:00-05:00,69.57054171759758,69.81406784298696,69.16141961058204,69.22960662841797,14002800,0.0,0.0
2025-11-14 00:00:00-05:00,69.56080976887269,69.78484965447049,68.7717800264845,69.3172836303711,13172000,0.0,0.0
2025-11-17 00:00:00-05:00,69.35623195778484,69.67768820107317,68.79125704052812,68.84970092773438,14772300,0.0,0.0
2025-11-18 00:00:00-05:00,69.15168508863627,69.49262022023566,68.74256293071699,69.375732421875,12838900,0.0,0.0
2025-11-19 00:00:00-05:00,69.3562434209824,69.59976956702774,68.97634322769791,69.2685775756836,12401500,0.0,0.0
2025-11-20 00:00:00-05:00,69.11271279926648,69.62899443818439,68.78152082937,69.36598205566406,15396500,0.0,0.0
2025-11-21 00:00:00-05:00,69.82381126314507,71.29471114760685,69.63872902888441,71.06092071533203,26492500,0.0,0.0
2025-11-24 00:00:00-05:00,71.26549762288701,71.26549762288701,69.71666741131025,70.71025085449219,39818600,0.0,0.0
2025-11-25 00:00:00-05:00,70.91481093285518,71.04144184304033,70.27189839231308,70.72972869873047,17451200,0.0,0.0
2025-11-26 00:00:00-05:00,70.71998873192953,71.1972978797638,70.515427668572,70.99273681640625,11795100,0.0,0.0
2025-11-28 00:00:00-05:00,71.10962913652307,71.3336764435327,70.87584613534212,71.22652435302734,7423000,0.0,0.0
2025-12-01 00:00:00-05:00,71.21671062104878,71.52080910903778,70.55947829711947,70.57909393310547,14388100,0.51,0.0
2025-12-02 00:00:00-05:00,70.43195289503429,70.43195289503429,69.08805366366829,69.32347869873047,19871300,0.0,0.0
2025-12-03 00:00:00-05:00,69.5294813815299,70.03957772438277,69.26462913414561,69.4608154296875,17001700,0.0,0.0
2025-12-04 00:00:00-05:00,69.48043808167684,69.98071537714732,69.02920361774777,69.10767364501953,17710000,0.0,0.0
2025-12-05 00:00:00-05:00,68.98015470377784,69.36272322410035,68.53873179079882,68.66625213623047,13978200,0.0,0.0
2025-12-08 00:00:00-05:00,68.50929973805755,69.03901174436555,68.16596996101379,68.91149139404297,17775100,0.0,0.0
2025-12-09 00:00:00-05:00,69.02920314802958,69.28424383197529,68.49949117640585,68.75453186035156,13010600,0.0,0.0
2025-12-10 00:00:00-05:00,69.04882408874262,69.1861560011192,68.45044612023273,68.87225341796875,29789400,0.0,0.0
2025-12-11 00:00:00-05:00,69.20577045041821,69.34310234558625,67.47930271741396,67.79320526123047,23124200,0.0,0.0
2025-12-12 00:00:00-05:00,67.79321511313755,69.27444646516616,67.72454915557479,69.17634582519531,18444500,0.0,0.0
2025-12-15 00:00:00-05:00,69.08805537892307,69.96109707781287,68.98015067600167,69.61776733398438,18660100,0.0,0.0
2025-12-16 00:00:00-05:00,69.94148583256967,69.94148583256967,68.98015500548561,69.02920532226562,17370000,0.0,0.0
2025-12-17 00:00:00-05:00,69.22538555779013,69.56871529309475,68.97033740412374,69.32347869873047,13672700,0.0,0.0
2025-12-18 00:00:00-05:00,68.93109722766174,69.45100508356167,68.83300408874683,69.0193862915039,15524800,0.0,0.0
2025-12-19 00:00:00-05:00,68.72510528564453,69.42157636091521,68.69567808984861,68.72510528564453,36911100,0.0,0.0
2025-12-22 00:00:00-05:00,68.5975895932156,68.88206497857506,68.33273732906876,68.87225341796875,12828500,0.0,0.0
2025-12-23 00:00:00-05:00,68.86244109216697,68.9213029711228,68.36216376722332,68.53873443603516,9471000,0.0,0.0
2025-12-24 00:00:00-05:00,68.56815681129734,68.82320497809492,68.4210133502977,68.77415466308594,4515300,0.0,0.0
2025-12-26 00:00:00-05:00,68.61720446792987,68.82320981823354,68.40140252518461,68.53873443603516,5711400,0.0,0.0
2025-12-29 00:00:00-05:00,68.66625663385389,69.07825237749029,68.51911315854717,68.82321166992188,9686900,0.0,0.0
2025-12-30 00:00:00-05:00,68.66625835740997,68.90168343339319,68.47007204142865,68.73492431640625,8610900,0.0,0.0
2025-12-31 00:00:00-05:00,68.73491231128206,68.82320137687299,68.54853010483325,68.57796478271484,8127800,0.0,0.0
2026-01-02 00:00:00-05:00,68.51911104084333,68.53873416175935,67.6656923816912,67.80302429199219,12151300,0.0,0.0
2026-01-05 00:00:00-05:00,67.60683119443907,67.60683119443907,66.62588469138326,66.6455078125,21186600,0.0,0.0
2026-01-06 00:00:00-05:00,66.71416800720209,66.94959305207736,66.30216482363629,66.54740142822266,21019900,0.0,0.0
2026-01-07 00:00:00-05:00,66.6945433065423,66.77302081431588,65.98826070463423,66.25312042236328,20223400,0.0,0.0
2026-01-08 00:00:00-05:00,66.25312960190571,68.13654514526131,66.16484052242099,68.04826354980469,19237000,0.0,0.0
2026-01-09 00:00:00-05:00,68.10711800270461,69.31368552979929,67.8030269727335,69.16654205322266,19638600,0.0,0.0
2026-01-12 00:00:00-05:00,69.5491030896066,69.61776904005504,68.90167485621215,69.15672302246094,20582500,0.0,0.0
2026-01-13 00:00:00-05:00,69.07824598974003,69.88262176513672,68.93110252803984,69.88262176513672,18324800,0.0,0.0
2026-01-14 00:00:00-05:00,69.81396713348808,70.34367919107711,69.46082576176207,70.07882690429688,16739100,0.0,0.0
2026-01-15 00:00:00-05:00,70.22595150378933,70.23576306364107,69.02920314283398,69.1371078491211,15464100,0.0,0.0
2026-01-16 00:00:00-05:00,68.95072640972062,69.39214931567197,68.70548979885264,69.09786987304688,20027500,0.0,0.0
2026-01-20 00:00:00-05:00,68.66625529963795,70.41233887981285,68.46025743182238,70.3829116821289,22152200,0.0,0.0
2026-01-21 00:00:00-05:00,70.60852751637842,70.86356820037227,69.48043762200533,70.63795471191406,21660600,0.0,0.0
2026-01-22 00:00:00-05:00,70.4613792282548,70.66737706692139,70.0788107444416,70.50061798095703,13962800,0.0,0.0
2026-01-23 00:00:00-05:00,70.64776418886787,71.66794945492002,70.41233912255672,71.49137878417969,18307100,0.0,0.0
2026-01-26 00:00:00-05:00,71.47176191642889,71.90338076725783,71.15785933874271,71.17747497558594,14017400,0.0,0.0
2026-01-27 00:00:00-05:00,71.05976183920744,72.15841705188214,70.89299525811732,72.14861297607422,13239200,0.0,0.0
2026-01-28 00:00:00-05:00,71.81508932739423,72.21728096770514,71.18728419268787,71.6679458618164,14633700,0.0,0.0
2026-01-29 00:00:00-05:00,71.78565482878287,72.6783121235029,71.74641607635178,72.03089141845703,20862100,0.0,0.0
2026-01-30 00:00:00-05:00,72.30555823528441,73.47288684600143,72.13879914347542,73.38459777832031,26420500,0.0,0.0
2026-02-02 00:00:00-05:00,73.58079652684971,74.25764449940421,72.982418583732,73.89469909667969,19301500,0.0,0.0
2026-02-03 00:00:00-05:00,73.83582910979834,76.02334278217994,73.69849721833332,75.42496490478516,27007100,0.0,0.0
2026-02-04 00:00:00-05:00,75.79773555467241,76.6217345367258,75.61136080194468,75.87621307373047,28607300,0.0,0.0
2026-02-05 00:00:00-05:00,76.33725131507063,77.357436506125,76.1116303419223,77.01410675048828,21633500,0.0,0.0
2026-02-06 00:00:00-05:00,77.00429241539896,77.69095190192543,76.76886737487946,77.5241928100586,18512400,0.0,0.0
2026-02-09 00:00:00-05:00,77.17106512527614,77.60268401241686,76.06259819169836,76.48440551757812,23415600,0.0,0.0
2026-02-10 00:00:00-05:00,75.16991830511063,76.03315590813904,74.56173634009727,75.34648895263672,28848200,0.0,0.0
2026-02-11 00:00:00-05:00,75.41516491122366,77.54382452343293,75.12088544896557,77.1023941040039,22649700,0.0,0.0
2026-02-12 00:00:00-05:00,77.47515822762603,78.8779120285895,77.28877599685985,77.4947738647461,26043500,0.0,0.0
2026-02-13 00:00:00-05:00,76.95524907070349,77.88715272569758,76.64134649357536,77.18087005615234,16711900,0.0,0.0
2026-02-17 00:00:00-05:00,77.48495871799821,78.12257541329457,77.23972210319404,78.04409790039062,16260200,0.0,0.0
2026-02-18 00:00:00-05:00,77.98524490990567,78.3187631197028,77.41629415716362,77.97543334960938,16304900,0.0,0.0
2026-02-19 00:00:00-05:00,77.94601024077411,78.15200811363411,77.09258406690148,77.406494140625,14924700,0.0,0.0
2026-02-20 00:00:00-05:00,77.81848641429748,78.31876373291016,77.38686756621337,78.31876373291016,17175100,0.0,0.0
2026-02-23 00:00:00-05:00,78.00486204858902,79.30952268409519,77.98524641164639,79.0250473022461,17157700,0.0,0.0
2026-02-24 00:00:00-05:00,79.00542093254025,79.54493694149033,78.32856554753775,79.18199157714844,16448500,0.0,0.0
2026-02-25 00:00:00-05:00,78.86809399840112,79.15256935948766,78.0440951104216,78.93675994873047,18086900,0.0,0.0
2026-02-26 00:00:00-05:00,79.21143078063585,79.34876269348376,78.4953365344764,78.96619415283203,12843200,0.0,0.0
2026-02-27 00:00:00-05:00,79.39780707302857,80.43760790224196,79.28009080623886,80.00598907470703,28483500,0.0,0.0
2026-03-02 00:00:00-05:00,79.70189427629934,79.84903773176869,78.62285474290255,78.69152069091797,18137200,0.0,0.0
2026-03-03 00:00:00-05:00,78.33838154573644,78.55419095515605,77.06314820863547,77.82828521728516,20549300,0.0,0.0
2026-03-04 00:00:00-05:00,77.77924424871415,77.95581490755454,76.2685858306413,76.6119155883789,21011800,0.0,0.0
2026-03-05 00:00:00-05:00,76.19991830639643,76.23915706133192,75.04240122989448,75.56230163574219,23165700,0.0,0.0
2026-03-06 00:00:00-05:00,75.33669559764414,75.71926414105175,74.89526517400058,75.5721206665039,15516000,0.0,0.0
2026-03-09 00:00:00-04:00,75.1601250195247,76.58249447921091,75.07183594107374,76.31764221191406,18554100,0.0,0.0
2026-03-10 00:00:00-04:00,76.00373792287166,76.91601846495098,75.63097346402618,76.39611053466797,17243900,0.0,0.0
2026-03-11 00:00:00-04:00,76.22934879011198,76.22934879011198,75.1404976167675,76.15087127685547,11546800,0.0,0.0
2026-03-12 00:00:00-04:00,75.9448738794049,76.67077965540057,75.43478500819083,76.13125610351562,16842200,0.0,0.0
2026-03-13 00:00:00-04:00,76.51645096432705,77.08931376238849,76.23989858884553,76.38804626464844,11974500,0.53,0.0
2026-03-16 00:00:00-04:00,77.039929223689,77.46463682723909,76.78312734967358,76.86214447021484,11761200,0.0,0.0
2026-03-17 00:00:00-04:00,77.039935424523,77.33624588265866,76.49670209643693,76.62510681152344,14900100,0.0,0.0
2026-03-18 00:00:00-04:00,76.1312578376166,76.18063788821625,74.91639405345256,75.03491973876953,13134600,0.0,0.0
2026-03-19 00:00:00-04:00,75.06454477611187,75.50900288230186,74.60032862247638,74.62008666992188,13023300,0.0,0.0
2026-03-20 00:00:00-04:00,74.63983982423535,75.11393501837722,73.47436365476938,73.8299331665039,33298700,0.0,0.0
2026-03-23 00:00:00-04:00,74.4126658990506,74.52131255507207,73.63239633015058,74.18550109863281,15054900,0.0,0.0
2026-03-24 00:00:00-04:00,73.93857930596654,74.75836498201754,73.71140696681856,73.75091552734375,15653700,0.0,0.0
2026-03-25 00:00:00-04:00,73.67189631815938,74.71885430368368,73.15830011686397,74.32377624511719,14787900,0.0,0.0
2026-03-26 00:00:00-04:00,74.26452137646328,74.81762616846487,73.73116709753849,73.77067565917969,11202100,0.0,0.0
2026-03-27 00:00:00-04:00,73.8990771232814,75.11394097394536,73.7805514314765,74.77812194824219,17461000,0.0,0.0
2026-03-30 00:00:00-04:00,74.99541106285753,76.05224059832382,74.78799676548425,75.33122253417969,18502800,0.0,0.0
2026-03-31 00:00:00-04:00,75.58802505147659,76.07199174940631,74.58058309357364,75.11393737792969,18301800,0.0,0.0
2026-04-01 00:00:00-04:00,75.21270041236761,75.42011469878683,74.33365568328682,75.14356231689453,15834300,0.0,0.0
2026-04-02 00:00:00-04:00,75.63741197319341,76.012732006077,75.18307481691718,75.77568817138672,14573400,0.0,0.0
2026-04-06 00:00:00-04:00,75.69667600054902,76.3287979580723,75.2818473788284,76.26953887939453,8259900,0.0,0.0
2026-04-07 00:00:00-04:00,76.24977758167553,76.64485567217139,74.69910229325674,74.97566223144531,12769200,0.0,0.0
2026-04-08 00:00:00-04:00,74.87688224303861,76.41768594335856,74.39291556942865,76.33866882324219,12331300,0.0,0.0
2026-04-09 00:00:00-04:00,75.7065457963766,77.32635905700035,75.4299934156097,77.21771240234375,14311000,0.0,0.0
2026-04-10 00:00:00-04:00,77.02018134532221,77.2078375936662,76.35842235751673,76.5164566040039,11081400,0.0,0.0
2026-04-13 00:00:00-04:00,76.36830058726864,76.4966977595879,74.89664247573404,75.4695053100586,12696200,0.0,0.0
2026-04-14 00:00:00-04:00,75.03492026524209,75.67692121144344,74.86701452814738,74.96578216552734,12397600,0.0,0.0
2026-04-15 00:00:00-04:00,74.80774901071625,74.80774901071625,73.80030703793551,74.38304138183594,16212100,0.0,0.0
2026-04-16 00:00:00-04:00,74.10649107110758,74.90651876429888,73.97809389056084,74.25464630126953,11501900,0.0,0.0
2026-04-17 00:00:00-04:00,74.0274697523208,75.12380784376332,73.87932206603473,74.80774688720703,15033900,0.0,0.0
2026-04-20 00:00:00-04:00,74.88676055073168,75.28183861204782,74.43242341763867,74.55094909667969,10141800,0.0,0.0
2026-04-21 00:00:00-04:00,74.55095375437119,74.60033380544128,73.70153850689346,73.78054809570312,11806900,0.0,0.0
2026-04-22 00:00:00-04:00,73.97808377800114,74.45217140712752,73.63239331187,73.7114028930664,9352300,0.0,0.0
2026-04-23 00:00:00-04:00,74.51143785375471,75.71642250640673,74.23488548143857,75.34109497070312,12060300,0.0,0.0
2026-04-24 00:00:00-04:00,75.76580758807532,76.0621180269568,75.23245331938115,75.6867904663086,12008700,0.0,0.0
2026-04-27 00:00:00-04:00,75.76580889567012,75.76580889567012,74.47193553023166,74.51144409179688,15812200,0.0,0.0
2026-04-28 00:00:00-04:00,78.5412172531557,79.33137339178496,77.11894675330538,77.3856201171875,30710700,0.0,0.0
2026-04-29 00:00:00-04:00,77.40537762829057,78.30417288264714,77.22759287510647,77.89922332763672,18294700,0.0,0.0
2026-04-30 00:00:00-04:00,77.83008167851996,78.1461426102551,77.36586553664618,77.79057312011719,15142200,0.0,0.0
2026-05-01 00:00:00-04:00,78.31405296705915,78.65974345418515,77.07943870197528,77.61279296875,12610400,0.0,0.0
2026-05-04 00:00:00-04:00,77.09918776439626,77.80044774951499,76.77325533151526,77.22759246826172,12672400,0.0,0.0
2026-05-05 00:00:00-04:00,77.22759142265622,77.81032571989103,76.78312578031152,77.51402282714844,11637500,0.0,0.0
2026-05-06 00:00:00-04:00,77.81033320406459,78.3535665295743,77.60291889854851,78.25479888916016,14060300,0.0,0.0
2026-05-07 00:00:00-04:00,77.82020726756068,78.17577677877368,77.13869778182115,77.46463775634766,16531400,0.0,0.0
2026-05-08 00:00:00-04:00,77.60292055134482,78.22516348114569,77.15846239227109,77.45476531982422,12447200,0.0,0.0
2026-05-11 00:00:00-04:00,77.197964898586,77.76094870579604,76.88189641055054,77.69181060791016,10967900,0.0,0.0
2026-05-12 00:00:00-04:00,78.02762378533136,79.3313761851351,77.31648474262246,79.0449447631836,19883100,0.0,0.0
2026-05-13 00:00:00-04:00,78.88691855340774,80.03263671302015,78.8572814801998,79.2721176147461,12357000,0.0,0.0
2026-05-14 00:00:00-04:00,79.73633012474832,79.92398636682198,78.92642347728277,79.45977020263672,10642000,0.0,0.0
2026-05-15 00:00:00-04:00,80.35858013833334,80.35858013833334,79.45977726641584,79.82522583007812,17527200,0.0,0.0
2026-05-18 00:00:00-04:00,79.87460620034847,80.38820241253838,79.40051101291462,80.2005386352539,12375500,0.0,0.0
2026-05-19 00:00:00-04:00,80.4079573308596,81.64257153233709,80.25980211958489,80.91167449951172,16595200,0.0,0.0
2026-05-20 00:00:00-04:00,81.15859795673538,81.3857702871484,80.5165970599895,80.54623413085938,16999700,0.0,0.0
2026-05-21 00:00:00-04:00,80.78328511194727,80.79316413644646,79.72645555516617,80.17091369628906,15708400,0.0,0.0
2026-05-22 00:00:00-04:00,80.18079373220023,80.67463946656079,79.92399184039613,80.47710418701172,8240200,0.0,0.0
2026-05-26 00:00:00-04:00,79.84497795853711,80.5956256152011,79.25236456032373,79.46965789794922,13004200,0.0,0.0
2026-05-27 00:00:00-04:00,80.10177555661761,81.4944241263008,79.80547264117644,80.6153793334961,13209600,0.0,0.0
2026-05-28 00:00:00-04:00,80.31906040924042,80.7536470152924,79.35111956907564,79.4202651977539,14691400,0.0,0.0
2026-05-29 00:00:00-04:00,79.05481939545376,79.34125080149192,77.93873084267382,78.0374984741211,32477000,0.0,0.0
2026-06-01 00:00:00-04:00,77.61279902747475,78.22516292804762,77.46464379700167,77.67205810546875,12776300,0.0,0.0
2026-06-02 00:00:00-04:00,77.90909387588026,78.22515481822813,77.28685101498868,77.44488525390625,12533200,0.0,0.0
2026-06-03 00:00:00-04:00,77.32635697824341,78.05724646997712,77.14857223317446,77.79057312011719,14964300,0.0,0.0
2026-06-04 00:00:00-04:00,78.79802415565302,79.05482604741398,75.86457928836613,75.87445831298828,19361600,0.0,0.0
2026-06-05 00:00:00-04:00,76.55597076990578,79.74621011565878,76.52634123039232,78.50172424316406,25708100,0.0,0.0
2026-06-08 00:00:00-04:00,78.33380178561673,78.9461731606305,78.12638749782673,78.56097412109375,12828900,0.0,0.0
2026-06-09 00:00:00-04:00,78.57085283067298,80.75364989114632,78.40293956795405,80.33881378173828,20591600,0.0,0.0
2026-06-10 00:00:00-04:00,81.66232383960407,82.8179209490803,81.1092190765359,82.56111907958984,20880500,0.0,0.0
2026-06-11 00:00:00-04:00,82.88705819089883,83.00558386840169,81.4746592264769,81.51416778564453,14264500,0.0,0.0
2026-06-12 00:00:00-04:00,81.69195409893706,81.86973885085317,80.86229694698676,81.60306549072266,11757700,0.0,0.0
2026-06-15 00:00:00-04:00,80.59905875880257,80.7183420997319,79.77398025805853,80.43006896972656,20055200,0.53,0.0
2026-06-16 00:00:00-04:00,80.66864464780673,80.90721891798076,79.36641000813258,79.80380249023438,17565100,0.0,0.0
2026-06-17 00:00:00-04:00,79.47575724032673,79.85350804669757,78.52145258615798,79.45587921142578,17055400,0.0,0.0
2026-06-18 00:00:00-04:00,79.39623876813289,79.53540772500882,78.27293672231222,78.91908264160156,46857900,0.0,0.0
2026-06-22 00:00:00-04:00,78.77991251761773,79.58510541106253,78.59103711431025,79.0582504272461,21205900,0.0,0.0
2026-06-23 00:00:00-04:00,80.84757201898508,80.84757201898508,79.3564696545662,79.8336181640625,16854000,0.0,0.0
2026-06-24 00:00:00-04:00,80.41018317932853,81.09609272471494,80.08213882421857,80.12190246582031,20632600,0.0,0.0
2026-06-25 00:00:00-04:00,80.05231839480312,80.89727492674004,79.4956425778356,79.9429702758789,16021400,0.0,0.0
2026-06-26 00:00:00-04:00,80.4797623210587,82.31878701442906,80.22130245985042,82.13985443115234,53357500,0.0,0.0
2026-06-29 00:00:00-04:00,82.33867685516257,83.12399170076121,81.72235179574442,82.15974426269531,15015800,0.0,0.0
2026-06-30 00:00:00-04:00,82.01063304075272,82.05039668202069,80.5294734281817,80.78792572021484,16422100,0.0,0.0
2026-07-01 00:00:00-04:00,81.21537195591496,81.49371743304293,80.47976358385225,80.80780792236328,21734800,0.0,0.0
2026-07-02 00:00:00-04:00,81.14578629545979,83.64089965820312,80.91715485133743,83.64089965820312,18308400,0.0,0.0
2026-07-06 00:00:00-04:00,83.60114036333422,84.05841085947863,81.8317000482984,82.46790313720703,18992600,0.0,0.0
2026-07-07 00:00:00-04:00,84.09817035141258,85.1717658550302,83.14386576513202,83.55143737792969,17835200,0.0,0.0
2026-07-08 00:00:00-04:00,83.67072556663383,84.32681427385329,82.77606259503419,82.9052963256836,14160000,0.0,0.0
2026-07-09 00:00:00-04:00,81.60305668132222,82.32872982020517,81.22531348735522,82.13985443115234,15782500,0.0,0.0
2026-07-10 00:00:00-04:00,82.23927217344301,83.2432756760538,81.92117062708472,82.99475860595703,10694600,0.0,0.0
2026-07-13 00:00:00-04:00,83.40232939225379,84.17770142960003,83.17369035307114,83.75025177001953,12085800,0.0,0.0
2026-07-14 00:00:00-04:00,83.67072715888746,84.12799766770932,82.58719635009766,82.58719635009766,13775400,0.0,0.0
2026-07-15 00:00:00-04:00,82.43807832695161,82.74623705024202,81.7422336020576,81.96092224121094,18383800,0.0,0.0
2026-07-16 00:00:00-04:00,83.00469991197266,84.44609585882439,82.7860036807783,84.41627502441406,17889900,0.0,0.0
2026-07-17 00:00:00-04:00,84.86360750519098,85.05247531163171,80.35053683196853,81.07620239257812,32903000,0.0,0.0
2026-07-20 00:00:00-04:00,81.06627018527625,81.88140586062717,80.8177531185944,81.63288879394531,14967200,0.0,0.0
2026-07-21 00:00:00-04:00,81.48377990722656,81.91122958034106,80.83763399426662,81.48377990722656,12949400,0.0,0.0
2026-07-22 00:00:00-04:00,82.35855587506262,82.42814035162986,81.47383570836246,81.71240997314453,11701300,0.0,0.0
2026-07-23 00:00:00-04:00,81.18555649039521,81.38437470149,80.40024162088422,80.68852233886719,13755600,0.0,0.0
2026-07-24 00:00:00-04:00,81.08614874930944,81.8416427605726,80.42012482639515,81.76211547851562,11980400,0.0,0.0
2026-07-27 00:00:00-04:00,82.58719411133768,83.64090405596605,82.01063269161537,83.57131958007812,19937600,0.0,0.0
2026-07-28 00:00:00-04:00,87.77622734322203,89.68483651594346,85.73838444733994,87.74639892578125,34982900,0.0,0.0
2026-07-29 00:00:00-04:00,88.1241555559104,90.38068724053291,88.1142127494367,88.55160522460938,21711700,0.0,0.0
2026-07-30 00:00:00-04:00,87.11019623577145,88.11420727129791,86.69268939950297,87.96509552001953,17616100,0.0,0.0
2026-07-31 00:00:00-04:00,87.14002662874023,87.47800619410351,86.3050053531352,87.0704345703125,14725900,0.0,0.0
2026-08-03 00:00:00-04:00,87.95516570012737,87.95516570012737,86.11613329497983,86.34477233886719,23197100,0.0,0.0
2026-08-04 00:00:00-04:00,85.28111770594127,86.16583785860287,84.65485742677355,86.04654693603516,17085700,0.0,0.0
2026-08-05 00:00:00-04:00,86.53364526681261,86.63305057621476,85.67874595450408,86.31494903564453,15868600,0.0,0.0
2026-08-06 00:00:00-04:00,87.33883463669507,87.44818274790256,85.90737396935245,86.33482360839844,13568500,0.0,0.0
2026-08-07 00:00:00-04:00,85.99684785589226,86.65292896801027,85.67874631398736,86.53364562988281,11221700,0.0,0.0
2026-08-10 00:00:00-04:00,86.59328770144425,87.01079455510899,85.91732097373699,86.3547134399414,13710800,0.0,0.0
2026-08-11 00:00:00-04:00,86.10619470536355,86.53364435702373,85.59921777336217,85.96702575683594,16018000,0.0,0.0
2026-08-12 00:00:00-04:00,85.27117206002322,86.77221721975558,85.15188872556685,86.1956558227539,12651900,0.0,0.0
2026-08-13 00:00:00-04:00,86.62310558847354,87.22948781993581,86.39447414102047,86.90144348144531,10140600,0.0,0.0
2026-08-14 00:00:00-04:00,86.7821637328356,87.44818765913077,86.68275083769021,87.18972778320312,9166400,0.0,0.0
2026-08-17 00:00:00-04:00,86.78215945237679,87.49788220680313,86.33482419870427,86.46405792236328,12056400,0.0,0.0
2026-08-18 00:00:00-04:00,87.87563736914123,88.43231317838521,87.35871761700973,88.29314422607422,12524500,0.0,0.0
2026-08-19 00:00:00-04:00,88.06450179877645,90.22163564493194,88.06450179877645,89.8140640258789,15993900,0.0,0.0
2026-08-20 00:00:00-04:00,89.64507899150762,91.32505683407821,89.19775129318654,89.96318054199219,14928000,0.0,0.0
2026-08-21 00:00:00-04:00,90.31109902628296,90.6590213970731,89.7842440670666,90.55961608886719,15595800,0.0,0.0
2026-08-24 00:00:00-04:00,91.57356966348647,91.94137006110614,90.9075381739087,91.4443359375,14787700,0.0,0.0
2026-08-25 00:00:00-04:00,91.02682818544653,91.53380511002422,90.7584330983988,91.0964126586914,11940100,0.0,0.0
2026-08-26 00:00:00-04:00,91.66303219256494,91.66303219256494,89.46614227567014,89.54566955566406,17133900,0.0,0.0
2026-08-27 00:00:00-04:00,88.87964534581421,89.49596280331046,88.43231008548368,88.5317153930664,13452600,0.0,0.0
2026-08-28 00:00:00-04:00,88.68083091936839,89.50590941727118,88.54166196600396,89.12816619873047,9887200,0.0,0.0
2026-08-31 00:00:00-04:00,88.97904896289688,88.99892699038024,88.07444323756117,88.14402770996094,23764800,0.0,0.0
2026-09-01 00:00:00-04:00,89.05856930477471,89.24744469586453,87.28912906447658,87.4780044555664,14824100,0.0,0.0
2026-09-02 00:00:00-04:00,87.37860367579782,88.42237082345903,87.20961388772017,87.71658325195312,18492800,0.0,0.0
2026-09-03 00:00:00-04:00,87.58735835000411,88.70071757413677,87.4879530370246,88.283203125,13763000,0.0,0.0
2026-09-04 00:00:00-04:00,88.064504326037,88.38261345294723,87.32889593040467,87.54759216308594,17290700,0.0,0.0
2026-09-08 00:00:00-04:00,87.03067600133623,88.02474422483915,87.03067600133623,87.83586883544922,19426900,0.0,0.0
2026-09-09 00:00:00-04:00,87.78616420026633,87.87563428597807,86.89150884798197,87.03067779541016,12337500,0.0,0.0
2026-09-10 00:00:00-04:00,88.05457222439757,88.43231544978137,87.27920016042388,87.30902099609375,12019900,0.0,0.0
2026-09-11 00:00:00-04:00,87.9154005151429,88.12415394243344,87.28913264913226,87.76628875732422,9988700,0.0,0.0
2026-09-14 00:00:00-04:00,89.46614559651577,89.82401078563296,88.34285116542739,88.81999969482422,14066100,0.0,0.0
2026-09-15 00:00:00-04:00,88.52999877929688,88.9000015258789,87.80000305175781,88.70999908447266,13148900,0.53,0.0
2026-09-16 00:00:00-04:00,88.4800033569336,88.66000366210938,87.73999786376953,87.87000274658203,17074800,0.0,0.0
2026-09-17 00:00:00-04:00,88.08000183105469,88.33000183105469,87.51000213623047,88.05999755859375,16563600,0.0,0.0
2026-09-18 00:00:00-04:00,87.80000305175781,88.29000091552734,87.5199966430664,88.25,28016400,0.0,0.0
