Date,open,high,low,close,volume,dividends,stock splits
2016-09-19 00:00:00-04:00,94.23941858212669,94.65428176890912,93.73970093995368,93.98484802246094,3056900,0.0,0.0
2016-09-20 00:00:00-04:00,94.52225710202198,95.15397519860984,94.29597141839945,94.74854278564453,3848700,0.0,0.0
2016-09-21 00:00:00-04:00,95.05023942089457,95.52167202541203,94.25823609818075,95.47453308105469,3251900,0.0,0.0
2016-09-22 00:00:00-04:00,95.76684439887501,96.38913905479531,95.71027477324319,96.2854232788086,3390600,0.0,0.0
2016-09-23 00:00:00-04:00,96.09683200440035,96.26654805029888,95.46511396435812,95.85169219970703,2759400,0.0,0.0
2016-09-26 00:00:00-04:00,95.05969391956202,96.01199003361468,94.99369362612228,95.3802719116211,3468900,0.0,0.0
2016-09-27 00:00:00-04:00,95.22943037712899,95.8422944865717,94.81456719039966,95.65371704101562,3547700,0.0,0.0
2016-09-28 00:00:00-04:00,95.63485040369885,95.77628167102208,95.06913252789904,95.71028137207031,3629500,0.0,0.0
2016-09-29 00:00:00-04:00,95.77625957555384,96.46454722105032,94.84281774266033,94.86167907714844,3010000,0.0,0.0
2016-09-30 00:00:00-04:00,95.02195637017262,96.3891152646124,94.92767128622627,95.95539093017578,5503900,0.0,0.0
2016-10-03 00:00:00-04:00,95.59711057382371,96.53054519085052,95.45567934251875,96.05911254882812,3696700,0.0,0.0
2016-10-04 00:00:00-04:00,96.20053952829122,96.37025555965788,95.26710495252006,95.43682098388672,2881900,0.0,0.0
2016-10-05 00:00:00-04:00,95.71076110218532,96.98602148349303,95.71076110218532,96.73097229003906,3768100,0.19,0.0
2016-10-06 00:00:00-04:00,96.73098321564504,97.45835168485092,96.37201597547454,97.2410888671875,3875600,0.0,0.0
2016-10-07 00:00:00-04:00,97.34499279932236,97.76062880648973,96.33422997056604,96.58927917480469,4225600,0.0,0.0
2016-10-10 00:00:00-04:00,97.01439832939167,97.64731177958292,96.87270828019092,96.96717071533203,2376500,0.0,0.0
2016-10-11 00:00:00-04:00,96.86325815942087,96.94827218743598,95.23847835848508,95.7391357421875,3412900,0.0,0.0
2016-10-12 00:00:00-04:00,95.93746757096866,96.2680967558138,95.45570720628653,95.74854278564453,3467800,0.0,0.0
2016-10-13 00:00:00-04:00,95.17236619319446,95.87139693932703,94.25606533577904,95.0779037475586,3657400,0.0,0.0
2016-10-14 00:00:00-04:00,95.50298771885006,96.54208902795277,95.22904158341908,95.295166015625,3280200,0.0,0.0
2016-10-17 00:00:00-04:00,95.37070311003062,95.65409754585424,95.04952947598241,95.26679229736328,1975500,0.0,0.0
2016-10-18 00:00:00-04:00,96.14530346654897,96.46648429781766,95.46516260693963,96.09807586669922,2623700,0.0,0.0
2016-10-19 00:00:00-04:00,96.16421800098082,97.15608426492227,96.00362395222946,97.04273223876953,3305200,0.0,0.0
2016-10-20 00:00:00-04:00,97.09939953242508,97.64729163303318,96.68375625513336,96.87268829345703,2945300,0.0,0.0
2016-10-21 00:00:00-04:00,96.47596391105706,97.29780231151742,96.3153770349856,97.1561050415039,3018800,0.0,0.0
2016-10-24 00:00:00-04:00,97.43945511421899,98.1668235313813,97.25997150697589,97.47724151611328,2565600,0.0,0.0
2016-10-25 00:00:00-04:00,97.47726824723601,97.52449585729065,96.62709198901918,97.1844253540039,4869300,0.0,0.0
2016-10-26 00:00:00-04:00,96.88212744342485,97.73230358037007,96.85378944003004,97.5055923461914,3356000,0.0,0.0
2016-10-27 00:00:00-04:00,97.47724968988318,98.5257990075615,97.47724968988318,97.86454772949219,5096100,0.0,0.0
2016-10-28 00:00:00-04:00,99.2342925073244,101.86038678643479,98.81864919741481,100.98187255859375,9282800,0.0,0.0
2016-10-31 00:00:00-04:00,101.45418976312622,102.8994857062062,100.57567555362378,101.09522247314453,5820000,0.0,0.0
2016-11-01 00:00:00-04:00,101.07630165096872,101.18966084547777,98.9886517994685,99.14923858642578,7076500,0.0,0.0
2016-11-02 00:00:00-04:00,98.50690639211322,99.18704729813797,98.2424087524414,98.2424087524414,3527500,0.0,0.0
2016-11-03 00:00:00-04:00,97.78899123382531,98.67695388339332,97.77955003624939,98.03459930419922,3127300,0.0,0.0
2016-11-04 00:00:00-04:00,98.14794129751549,98.64859854789319,97.32610321044922,97.32610321044922,3067200,0.0,0.0
2016-11-07 00:00:00-05:00,98.79033406844695,100.16005753762879,98.74309924246583,100.09393310546875,3067500,0.0,0.0
2016-11-08 00:00:00-05:00,99.88608352797627,100.57567287694064,99.6877102868546,99.84829711914062,2864300,0.0,0.0
2016-11-09 00:00:00-05:00,99.10204380111287,100.55678097362596,98.11017034010577,100.3111801147461,4775000,0.0,0.0
2016-11-10 00:00:00-05:00,100.7551520536921,101.20857452559196,96.77821738241155,98.71472930908203,6584300,0.0,0.0
2016-11-11 00:00:00-05:00,98.11017469112498,99.2437382336725,97.92124983637414,98.8281021118164,3300300,0.0,0.0
2016-11-14 00:00:00-05:00,99.20594381450046,99.28151663310987,94.80393163230119,95.5407485961914,7106800,0.0,0.0
2016-11-15 00:00:00-05:00,95.76747877550817,97.28834781730724,95.76747877550817,96.80658721923828,4633100,0.0,0.0
2016-11-16 00:00:00-05:00,96.75932652397863,98.2424087524414,96.75932652397863,98.2424087524414,4567900,0.0,0.0
2016-11-17 00:00:00-05:00,98.62027574900648,99.42321715397645,97.99681078539298,98.6675033569336,3096800,0.0,0.0
2016-11-18 00:00:00-05:00,98.85643998276419,99.28152450887697,98.53525908170596,98.97924041748047,3275000,0.0,0.0
2016-11-21 00:00:00-05:00,98.97922800870633,100.13168821486863,98.89421399695024,100.07501220703125,2650800,0.0,0.0
2016-11-22 00:00:00-05:00,100.13167616133637,100.25447656587515,98.94142969088712,100.0655517578125,4570100,0.0,0.0
2016-11-23 00:00:00-05:00,99.75384848425725,100.04669139144248,98.51637405373695,98.77142333984375,4952300,0.0,0.0
2016-11-25 00:00:00-05:00,98.8280909185667,99.87664031982422,98.74306969864344,99.87664031982422,1566900,0.0,0.0
2016-11-28 00:00:00-05:00,99.58380114258719,99.58380114258719,97.34501223575502,97.63784790039062,5401700,0.0,0.0
2016-11-29 00:00:00-05:00,97.94011599905015,98.59191884388079,97.61893517441638,98.0723648071289,3356600,0.0,0.0
2016-11-30 00:00:00-05:00,97.80789576701838,98.50692641495546,95.76747263420103,96.54207611083984,6889200,0.0,0.0
2016-12-01 00:00:00-05:00,96.66485473285059,96.90101434636364,94.00097458070404,94.63388061523438,5452100,0.0,0.0
2016-12-02 00:00:00-05:00,94.70001884332189,95.54074661359871,94.29382396050113,95.50296020507812,3981100,0.0,0.0
2016-12-05 00:00:00-05:00,96.23033627866796,97.93068142565868,96.1642118652909,97.81732940673828,5427900,0.0,0.0
2016-12-06 00:00:00-05:00,98.07236053361146,98.22350614026928,96.1641940951813,96.35311889648438,4975200,0.0,0.0
2016-12-07 00:00:00-05:00,97.3166704157947,99.72550185273387,96.93882072193995,99.4232177734375,5423500,0.0,0.0
2016-12-08 00:00:00-05:00,99.35710697468605,99.64994268966727,98.11018407580154,99.01703643798828,3024700,0.0,0.0
2016-12-09 00:00:00-05:00,99.00757993936867,99.28152602748409,98.24242489785337,98.62973022460938,2541000,0.0,0.0
2016-12-12 00:00:00-05:00,98.56360111933019,98.62028434361183,97.44893434243286,97.56228637695312,3827700,0.0,0.0
2016-12-13 00:00:00-05:00,97.83623445412996,98.80921120758836,97.24111463977759,97.6000747680664,4297700,0.0,0.0
2016-12-14 00:00:00-05:00,97.21277466115363,99.03592048188865,97.21277466115363,97.56228637695312,3515800,0.0,0.0
2016-12-15 00:00:00-05:00,98.6486013760782,99.85773753399954,98.24240652236838,98.57302856445312,3774100,0.0,0.0
2016-12-16 00:00:00-05:00,99.0170189560425,99.0170189560425,97.34501178499792,97.70397186279297,4659700,0.0,0.0
2016-12-19 00:00:00-05:00,97.9590073664738,98.43132660586282,97.7228477467793,97.80786895751953,2980900,0.0,0.0
2016-12-20 00:00:00-05:00,98.28965440908502,98.77141493149944,97.43947818273466,98.75252532958984,2354400,0.0,0.0
2016-12-21 00:00:00-05:00,98.69583508857382,99.1587059423499,98.14794302090912,98.40299224853516,1952500,0.0,0.0
2016-12-22 00:00:00-05:00,98.64861466483693,98.96034714951826,97.44892674851614,98.5352554321289,2463900,0.0,0.0
2016-12-23 00:00:00-05:00,98.52579554091267,99.33818520362927,98.25184951911106,98.91309356689453,1610700,0.0,0.0
2016-12-27 00:00:00-05:00,99.09257794610176,99.79160840300257,98.90364592598016,98.99811553955078,2160700,0.0,0.0
2016-12-28 00:00:00-05:00,98.90366806423204,98.97924088919663,97.8078909303304,97.94013977050781,2552300,0.0,0.0
2016-12-29 00:00:00-05:00,98.06294052637536,98.59194309583559,97.71342882205875,98.02515411376953,2858600,0.0,0.0
2016-12-30 00:00:00-05:00,98.11018869341588,98.2991135751301,97.27890912404219,97.5339584350586,3834700,0.0,0.0
2017-01-03 00:00:00-05:00,98.62972386692549,100.07501983307769,98.34632939210232,99.55546569824219,4711300,0.0,0.0
2017-01-04 00:00:00-05:00,99.50823333225398,100.84017730687177,99.05481080980358,100.50010681152344,3299000,0.0,0.0
2017-01-05 00:00:00-05:00,101.33312972549024,102.3743841383655,100.77463419208465,101.27632904052734,3262200,0.22,0.0
2017-01-06 00:00:00-05:00,101.58867583490522,102.33648749298386,101.16271055134516,102.00518035888672,3044600,0.0,0.0
2017-01-09 00:00:00-05:00,102.00518840991741,102.37436027732836,101.57921587078245,101.80640411376953,2500700,0.0,0.0
2017-01-10 00:00:00-05:00,101.80641198897482,102.77193681951728,101.2100518324455,101.58869171142578,3162200,0.0,0.0
2017-01-11 00:00:00-05:00,101.32362980050351,102.09037019721777,101.124845520687,102.05250549316406,2499000,0.0,0.0
2017-01-12 00:00:00-05:00,101.91998876420104,103.04644030613558,101.57921362919487,102.90444946289062,3288500,0.0,0.0
2017-01-13 00:00:00-05:00,102.82871232927103,103.55759523295445,102.73405418153328,102.89497375488281,4661900,0.0,0.0
2017-01-17 00:00:00-05:00,102.45008810394017,103.04644098314182,101.86319598491721,102.61100769042969,2898200,0.0,0.0
2017-01-18 00:00:00-05:00,102.90446506102134,103.38723111244956,102.14719248551897,102.85713958740234,2652300,0.0,0.0
2017-01-19 00:00:00-05:00,103.02750464228595,103.52920658614099,102.54474588458201,102.73406219482422,1885300,0.0,0.0
2017-01-20 00:00:00-05:00,103.40614200508665,104.1255569662735,103.09377082287297,104.08769226074219,4173300,0.0,0.0
2017-01-23 00:00:00-05:00,103.80370301383316,104.1066133929756,103.3020011534835,103.77529907226562,3678200,0.0,0.0
2017-01-24 00:00:00-05:00,103.94570906270005,104.24861950726682,103.34935615613394,104.04983520507812,2899600,0.0,0.0
2017-01-25 00:00:00-05:00,104.75031355409426,105.13841414655357,103.5576006092079,104.30541229248047,3848300,0.0,0.0
2017-01-26 00:00:00-05:00,104.09715348497856,104.42846060942763,103.17895429582424,103.53865814208984,2568700,0.0,0.0
2017-01-27 00:00:00-05:00,103.71855091308483,103.97412872314453,103.10326190566286,103.97412872314453,2591600,0.0,0.0
2017-01-30 00:00:00-05:00,103.52921309510236,103.70906143455336,102.32703206142392,103.46295166015625,4304400,0.0,0.0
2017-01-31 00:00:00-05:00,100.31079797985373,101.38044905940147,99.865896621383,100.65157318115234,6470200,0.0,0.0
2017-02-01 00:00:00-05:00,100.93553472382094,101.0491288503011,98.45545768228614,99.39258575439453,6149100,0.0,0.0
2017-02-02 00:00:00-05:00,99.31682559671178,99.85638489207014,99.0233832215729,99.52507781982422,4112000,0.0,0.0
2017-02-03 00:00:00-05:00,100.63261389979854,101.79693010482463,99.96053163681508,100.88819885253906,7132600,0.0,0.0
2017-02-06 00:00:00-05:00,100.8882061707009,100.92607087837033,100.04573628543123,100.89766693115234,3445100,0.0,0.0
2017-02-07 00:00:00-05:00,101.28577486486631,101.42776571327339,100.37704354579739,100.90713500976562,3204800,0.0,0.0
2017-02-08 00:00:00-05:00,100.85980185652568,101.19110899626168,100.14985489053967,101.02072143554688,2993600,0.0,0.0
2017-02-09 00:00:00-05:00,101.02071295453794,101.79692128330599,100.81246070648619,101.56974029541016,2679200,0.0,0.0
2017-02-10 00:00:00-05:00,101.8064042689149,101.89159444369905,101.4750898862091,101.54135131835938,2078400,0.0,0.0
2017-02-13 00:00:00-05:00,101.94838622246284,102.54474632399445,101.79693461801097,102.4974136352539,2337100,0.0,0.0
2017-02-14 00:00:00-05:00,102.24183476420477,103.37774706189163,102.00518576702382,103.06536865234375,2336800,0.0,0.0
2017-02-15 00:00:00-05:00,103.17896175395641,104.18235118108882,102.96124150103593,103.80371856689453,2920000,0.0,0.0
2017-02-16 00:00:00-05:00,103.88891699595914,104.31488233176204,103.07484381121847,103.46295166015625,2146400,0.0,0.0
2017-02-17 00:00:00-05:00,103.40615050801291,104.12556552835615,103.1600407347533,103.5765380859375,2850900,0.0,0.0
2017-02-21 00:00:00-05:00,103.60492619095659,104.35273787506932,103.5008000563362,104.27701568603516,3117200,0.0,0.0
2017-02-22 00:00:00-05:00,103.9362647086271,104.51368896316049,103.33044372386352,103.59548950195312,3049300,0.0,0.0
2017-02-23 00:00:00-05:00,103.96464354476325,104.83551015772537,103.74692328054543,104.82604217529297,4162200,0.0,0.0
2017-02-24 00:00:00-05:00,104.63672550845165,105.07215881347656,104.31487910441743,105.07215881347656,2471700,0.0,0.0
2017-02-27 00:00:00-05:00,104.5042033936436,105.06269158607333,103.8983825108246,104.66512298583984,2361200,0.0,0.0
2017-02-28 00:00:00-05:00,104.59883118862804,104.94907421875531,104.11606533022614,104.56096649169922,3367200,0.0,0.0
2017-03-01 00:00:00-05:00,105.4697476658079,106.88964197651168,104.86392667099743,106.31221771240234,3218700,0.0,0.0
2017-03-02 00:00:00-05:00,106.20807065932038,106.29326805662024,105.35614001804895,105.38453674316406,2690800,0.0,0.0
2017-03-03 00:00:00-05:00,105.34665589939594,105.86727929798793,105.03427752706871,105.77262115478516,2938200,0.0,0.0
2017-03-06 00:00:00-05:00,105.20469629837099,105.81998524473693,105.08164139788002,105.41294860839844,2175800,0.0,0.0
2017-03-07 00:00:00-05:00,105.42240196543175,105.73477316517786,104.82604184728419,105.03429412841797,2474200,0.0,0.0
2017-03-08 00:00:00-05:00,105.34665744166608,105.4981090286171,104.87335949676972,105.05321502685547,2355400,0.0,0.0
2017-03-09 00:00:00-05:00,105.14789630342526,105.42241003849114,104.74085969239034,104.87338256835938,3195400,0.0,0.0
2017-03-10 00:00:00-05:00,105.49809312757192,105.5927584798457,104.70295616652956,105.27091217041016,2735400,0.0,0.0
2017-03-13 00:00:00-04:00,105.346671517305,105.82943750774986,105.19521268816368,105.5738525390625,3123000,0.0,0.0
2017-03-14 00:00:00-04:00,105.38453035109458,105.51705320822998,104.24861086170738,104.58938598632812,2891400,0.0,0.0
2017-03-15 00:00:00-04:00,105.12895784306068,106.41632908360798,104.5893983688574,106.03768920898438,3305500,0.0,0.0
2017-03-16 00:00:00-04:00,106.12288550397669,106.93695869823962,105.62119074466565,106.6529769897461,2746400,0.0,0.0
2017-03-17 00:00:00-04:00,106.82337210436395,107.43866103485774,106.73818191898062,106.804443359375,4119200,0.0,0.0
2017-03-20 00:00:00-04:00,106.79499158694689,106.95591122062372,105.87679204356336,106.40689086914062,2435400,0.0,0.0
2017-03-21 00:00:00-04:00,106.40685540576935,106.74762330741383,104.53259222597738,104.79763793945312,3734000,0.0,0.0
2017-03-22 00:00:00-04:00,105.06268986791225,105.93356369193286,104.8733735533603,105.49812316894531,2576200,0.0,0.0
2017-03-23 00:00:00-04:00,105.36560011957938,106.4447189989328,105.32773541234451,105.6401138305664,3107000,0.0,0.0
2017-03-24 00:00:00-04:00,105.99036417037853,106.46366221009839,105.70638245776463,105.99983215332031,3221900,0.0,0.0
2017-03-27 00:00:00-04:00,104.78816049503293,106.3027196729037,104.43792464326185,105.96194458007812,2724200,0.0,0.0
2017-03-28 00:00:00-04:00,105.83891949008915,106.72872223482445,105.51708024656288,106.46367645263672,2986100,0.0,0.0
2017-03-29 00:00:00-04:00,106.04717242199914,106.33115417424,105.56440633197205,106.07556915283203,1783800,0.0,0.0
2017-03-30 00:00:00-04:00,106.01875935899271,106.68137371620448,105.61172276186124,106.6529769897461,2029400,0.0,0.0
2017-03-31 00:00:00-04:00,106.60566732793897,107.13575889231443,106.43527972196745,106.46367645263672,2507700,0.0,0.0
2017-04-03 00:00:00-04:00,106.68138214951537,106.93696715175486,105.41294678773703,106.2459487915039,3170100,0.0,0.0
2017-04-04 00:00:00-04:00,106.23648059508723,106.82336553909511,105.92410215730276,106.10395050048828,2169700,0.0,0.0
2017-04-05 00:00:00-04:00,106.46437043130689,107.34643632878094,106.13241170347419,106.29364776611328,2486600,0.22,0.0
2017-04-06 00:00:00-04:00,106.29365596164578,106.80582399671617,105.95221060493219,106.63510131835938,2238500,0.0,0.0
2017-04-07 00:00:00-04:00,106.39797461990472,106.93859516633256,106.07549527079205,106.45487976074219,1995100,0.0,0.0
2017-04-10 00:00:00-04:00,106.50227863793896,107.24207422661671,106.50227863793896,106.53073120117188,1862800,0.0,0.0
2017-04-11 00:00:00-04:00,106.13242112014015,106.76788606068156,105.72458400800078,106.33159637451172,2045800,0.0,0.0
2017-04-12 00:00:00-04:00,105.89530152944587,106.51180046931908,105.6107613306866,105.72457885742188,2651200,0.0,0.0
2017-04-13 00:00:00-04:00,105.49694387768062,106.40746232127216,105.28828204424472,105.48745727539062,2690300,0.0,0.0
2017-04-17 00:00:00-04:00,106.00911095107621,106.9291160518778,105.78148313562934,106.86272430419922,1731200,0.0,0.0
2017-04-18 00:00:00-04:00,106.69197590124803,107.33692725292747,106.32207807680088,106.72042846679688,2141000,0.0,0.0
2017-04-19 00:00:00-04:00,106.69199270144736,107.32746478877883,106.33158142081653,106.50230407714844,2242400,0.0,0.0
2017-04-20 00:00:00-04:00,107.08085801141375,108.97777309669598,106.8627095926973,108.68374633789062,3459600,0.0,0.0
2017-04-21 00:00:00-04:00,108.88291464592689,109.65116284010166,108.13363241623229,108.3802261352539,4067400,0.0,0.0
2017-04-24 00:00:00-04:00,109.83138566126237,110.01158767267658,109.07261673732265,109.73653411865234,3207800,0.0,0.0
2017-04-25 00:00:00-04:00,110.35304049223387,110.47634461157503,109.91675086386321,110.14437866210938,2873700,0.0,0.0
2017-04-26 00:00:00-04:00,110.06850935820273,110.55221753288728,109.97365780756746,110.18231964111328,2202700,0.0,0.0
2017-04-27 00:00:00-04:00,110.50479035407528,111.2635520467333,110.1348924912212,111.06437683105469,3350800,0.0,0.0
2017-04-28 00:00:00-04:00,110.77035351926152,111.32046061202723,110.08746295391876,110.32457733154297,3536000,0.0,0.0
2017-05-01 00:00:00-04:00,110.53326060755226,111.24460387857003,110.22975443469767,110.37202453613281,3556600,0.0,0.0
2017-05-02 00:00:00-04:00,111.7567686128859,113.53986642140787,111.58604594341992,112.03182220458984,6802600,0.0,0.0
2017-05-03 00:00:00-04:00,112.07923264744814,112.42067796170744,110.54273596943851,111.28253173828125,3640900,0.0,0.0
2017-05-04 00:00:00-04:00,111.49120023776187,111.99388163711787,110.87470131479114,111.84212493896484,2560400,0.0,0.0
2017-05-05 00:00:00-04:00,112.17408055242925,112.27841147046954,111.1592311792571,111.44377136230469,2335900,0.0,0.0
2017-05-08 00:00:00-04:00,111.64294949329347,111.64294949329347,110.39098568047697,110.59964752197266,2562400,0.0,0.0
2017-05-09 00:00:00-04:00,110.61861248919034,110.88418670806152,110.05902595220915,110.40995788574219,2350700,0.0,0.0
2017-05-10 00:00:00-04:00,110.12544327376884,110.75142170180763,110.03059893450953,110.63761138916016,1812500,0.0,0.0
2017-05-11 00:00:00-04:00,110.57120660487732,110.85573958914266,109.81243750785298,110.5237808227539,2239000,0.0,0.0
2017-05-12 00:00:00-04:00,110.33408789992095,111.1782146887347,110.16336522150029,111.09284973144531,3195200,0.0,0.0
2017-05-15 00:00:00-04:00,111.31100745051111,112.44915391056315,111.05491979349624,112.11719512939453,2998200,0.0,0.0
2017-05-16 00:00:00-04:00,112.16457978655092,112.45859927975599,111.63343869527445,112.38272094726562,2375700,0.0,0.0
2017-05-17 00:00:00-04:00,111.24460369369702,111.83265006844464,110.6375913489966,110.77986145019531,4195000,0.0,0.0
2017-05-18 00:00:00-04:00,109.95468347955452,110.63757406972879,109.59427221747667,110.24870300292969,5088400,0.0,0.0
2017-05-19 00:00:00-04:00,110.89367537837016,111.8136805286426,110.50481147424486,111.51966094970703,4360500,0.0,0.0
2017-05-22 00:00:00-04:00,111.72829374083037,112.96128411985202,111.51963193800121,112.86643981933594,2578200,0.0,0.0
2017-05-23 00:00:00-04:00,112.90440525023966,113.7485320226566,112.83801350081895,113.43553924560547,2857100,0.0,0.0
2017-05-24 00:00:00-04:00,113.43552652647844,114.49780163425886,113.36913478450198,114.47882843017578,2509000,0.0,0.0
2017-05-25 00:00:00-04:00,114.78233489889756,116.16708935464266,114.71594315673092,115.63594818115234,4689200,0.0,0.0
2017-05-26 00:00:00-04:00,115.62645980424422,115.78769584606101,115.06686610431518,115.36088562011719,2141600,0.0,0.0
2017-05-30 00:00:00-04:00,115.03840702794743,115.51263576139458,114.79180606043118,115.37985229492188,3405500,0.0,0.0
2017-05-31 00:00:00-04:00,115.61698621954827,116.64132219374945,114.9056429990459,116.54647064208984,4708500,0.0,0.0
2017-06-01 00:00:00-04:00,116.47059212916466,117.03966522216797,115.81615409232452,117.03966522216797,3279000,0.0,0.0
2017-06-02 00:00:00-04:00,117.03020384440126,118.84176166128998,116.99226466520291,118.74691009521484,3731900,0.0,0.0
2017-06-05 00:00:00-04:00,119.06937467321609,119.6858735951423,118.79432108539801,119.41082000732422,4617400,0.0,0.0
2017-06-06 00:00:00-04:00,119.06939130443837,119.44877586601167,118.53825725993096,118.78485107421875,2712100,0.0,0.0
2017-06-07 00:00:00-04:00,119.01246507654996,119.39184233477944,118.3390538000307,118.73741149902344,3219700,0.0,0.0
2017-06-08 00:00:00-04:00,118.55721003149173,118.93659455082408,117.66565749648441,118.32958221435547,3332400,0.0,0.0
2017-06-09 00:00:00-04:00,118.48131691089807,118.50029011438636,115.43676900515175,116.6982192993164,3556700,0.0,0.0
2017-06-12 00:00:00-04:00,115.69285545600091,115.79717912952796,114.00459493391442,114.53573608398438,6574200,0.0,0.0
2017-06-13 00:00:00-04:00,114.99101424702746,116.3852482811039,114.84874413894978,116.01535034179688,3938200,0.0,0.0
2017-06-14 00:00:00-04:00,116.51801676304336,116.81204354480404,115.4842014342076,116.1860580444336,2940000,0.0,0.0
2017-06-15 00:00:00-04:00,114.82977677727952,115.36091078910104,113.71059636939975,115.16173553466797,3492600,0.0,0.0
2017-06-16 00:00:00-04:00,115.22811292600676,115.9015169602608,114.49780375076591,115.67388916015625,3804900,0.0,0.0
2017-06-19 00:00:00-04:00,116.3093615848145,116.77411105361851,115.95843687770025,116.74565124511719,2547100,0.0,0.0
2017-06-20 00:00:00-04:00,116.5559634124506,117.39060356365789,116.34730156560931,116.59390258789062,3015300,0.0,0.0
2017-06-21 00:00:00-04:00,117.17245826164064,117.17245826164064,116.12915629999543,116.75513458251953,2384100,0.0,0.0
2017-06-22 00:00:00-04:00,116.53695675278904,117.15344823900156,115.98684975522052,116.94479370117188,2160600,0.0,0.0
2017-06-23 00:00:00-04:00,117.30527040882878,118.55723451586998,116.77413631376866,117.6182632446289,3381500,0.0,0.0
2017-06-26 00:00:00-04:00,117.77001776979151,118.15888898896155,116.84053306375516,117.15351867675781,2376700,0.0,0.0
2017-06-27 00:00:00-04:00,117.12502421336207,117.14399741715904,116.41368103027344,116.41368103027344,2516400,0.0,0.0
2017-06-28 00:00:00-04:00,116.84049458421401,118.43390364881512,116.25244826455693,118.37699127197266,2574900,0.0,0.0
2017-06-29 00:00:00-04:00,118.18730269857832,118.25369444145993,114.95305879325005,115.24708557128906,4147400,0.0,0.0
2017-06-30 00:00:00-04:00,115.50317067653738,116.11018298953151,114.96255010914706,115.19017791748047,3574000,0.0,0.0
2017-07-03 00:00:00-04:00,115.94894424983178,116.00584939156195,114.49780524645342,114.5547103881836,2314200,0.0,0.0
2017-07-05 00:00:00-04:00,115.10580689149107,116.0750029902688,115.08680631573675,115.90396881103516,3856500,0.22,0.0
2017-07-06 00:00:00-04:00,115.29584830871097,115.61891611009203,114.64022329156516,114.78275299072266,2702600,0.0,0.0
2017-07-07 00:00:00-04:00,115.34337913015645,116.60713154975012,115.03931910620696,116.11302947998047,2119000,0.0,0.0
2017-07-10 00:00:00-04:00,116.07501583884012,117.05370870914784,115.75194802036613,116.61662292480469,2886900,0.0,0.0
2017-07-11 00:00:00-04:00,116.69262768282967,118.49798697819496,116.39807161730815,118.04190063476562,3885700,0.0,0.0
2017-07-12 00:00:00-04:00,118.77355258911008,119.48619390464475,118.39347577095246,119.03960418701172,2770400,0.0,0.0
2017-07-13 00:00:00-04:00,119.3626453427458,120.10379098536139,119.1250982906582,119.2201156616211,3330900,0.0,0.0
2017-07-14 00:00:00-04:00,119.30564842862191,121.1775206619061,119.30564842862191,120.68342590332031,2690800,0.0,0.0
2017-07-17 00:00:00-04:00,120.92098160863316,121.22504161620085,120.23684477926524,121.08251190185547,2291700,0.0,0.0
2017-07-18 00:00:00-04:00,120.77844954492753,121.77615027657573,120.67392823973154,121.36756896972656,3732800,0.0,0.0
2017-07-19 00:00:00-04:00,121.36755294613725,121.88065549043989,121.20601542802177,121.66210174560547,2550400,0.0,0.0
2017-07-20 00:00:00-04:00,122.00421195448459,122.42229726346909,121.56713331234815,122.07073211669922,2350300,0.0,0.0
2017-07-21 00:00:00-04:00,122.1277192860406,123.71453224427745,121.92818783251367,122.83086395263672,4375500,0.0,0.0
2017-07-24 00:00:00-04:00,122.94486839851687,123.42945923105943,122.19422599139526,123.06839752197266,3065400,0.0,0.0
2017-07-25 00:00:00-04:00,123.52450099308918,123.69552795815294,122.78335514702867,123.5054931640625,2476000,0.0,0.0
2017-07-26 00:00:00-04:00,123.44845579688702,124.64568777328522,123.29642219707459,124.46516418457031,3547800,0.0,0.0
2017-07-27 00:00:00-04:00,125.4248438616183,125.61487860408857,120.24632101101547,122.50775909423828,4914500,0.0,0.0
2017-07-28 00:00:00-04:00,122.53629009675622,123.51498289024578,120.96847069549413,121.53858947753906,5257900,0.0,0.0
2017-07-31 00:00:00-04:00,121.62412445536094,122.05170636815423,121.05401282184899,121.43408966064453,3347500,0.0,0.0
2017-08-01 00:00:00-04:00,122.25122845673573,123.50546945594881,122.09919485115759,123.03988647460938,4010500,0.0,0.0
2017-08-02 00:00:00-04:00,123.27742869223283,124.10408782958984,122.74531109366156,124.10408782958984,3578600,0.0,0.0
2017-08-03 00:00:00-04:00,123.9045968006232,124.06614163344612,122.80238896217116,123.42000579833984,2568100,0.0,0.0
2017-08-04 00:00:00-04:00,123.73352411813282,123.76202860781835,122.99237838886293,123.35345458984375,2208100,0.0,0.0
2017-08-07 00:00:00-04:00,123.51499381992195,123.9995846784349,123.09690860925627,123.88556671142578,1585600,0.0,0.0
2017-08-08 00:00:00-04:00,123.64800687634835,123.81903380924315,122.85934885542494,123.37244415283203,2062800,0.0,0.0
2017-08-09 00:00:00-04:00,122.65979201289448,123.55297124618463,122.35573932635909,123.25841522216797,1789900,0.0,0.0
2017-08-10 00:00:00-04:00,122.73582170411709,122.96387211701919,121.23452244130476,121.31053924560547,2590400,0.0,0.0
2017-08-11 00:00:00-04:00,121.77617081145283,122.9734031920829,121.49111134023796,122.14674377441406,2484300,0.0,0.0
2017-08-14 00:00:00-04:00,122.79280728414916,124.75019250105755,122.57426807512972,124.5601577758789,2793300,0.0,0.0
2017-08-15 00:00:00-04:00,124.87374611463973,125.41536041139595,124.42715644849011,125.0257797241211,2155600,0.0,0.0
2017-08-16 00:00:00-04:00,125.58639345093125,126.0234864747501,125.24432506233677,125.77642822265625,2000700,0.0,0.0
2017-08-17 00:00:00-04:00,125.57690437871261,125.89996496004827,124.30365538258414,124.36066436767578,2673000,0.0,0.0
2017-08-18 00:00:00-04:00,124.05662354235018,125.39639297230238,123.86658871865492,124.60773468017578,3167300,0.0,0.0
2017-08-21 00:00:00-04:00,124.807243619289,125.51037370810491,124.59820102566174,125.36785125732422,1807600,0.0,0.0
2017-08-22 00:00:00-04:00,125.90946455636808,127.55330099131693,125.69092527552009,127.13521575927734,2180100,0.0,0.0
2017-08-23 00:00:00-04:00,126.54608853491791,126.83114796453442,126.06149765367725,126.44158172607422,2006400,0.0,0.0
2017-08-24 00:00:00-04:00,126.59356887641358,126.81212259985293,125.40583363532622,126.33702850341797,2046600,0.0,0.0
2017-08-25 00:00:00-04:00,126.66011107450161,126.94517048176644,125.95696646974487,126.13750457763672,2215500,0.0,0.0
2017-08-28 00:00:00-04:00,126.51758810504285,127.32525409844101,126.0995173600668,127.18273162841797,2154700,0.0,0.0
2017-08-29 00:00:00-04:00,126.47007243014475,127.52478205562358,126.12800405164559,127.17320251464844,2122000,0.0,0.0
2017-08-30 00:00:00-04:00,127.25873039694363,127.55330099131693,126.83114850007584,127.13521575927734,3224500,0.0,0.0
2017-08-31 00:00:00-04:00,127.51528955445767,127.8003489947114,126.64111790341153,126.66012573242188,4374700,0.0,0.0
2017-09-01 00:00:00-04:00,127.17322328795873,127.2302322772336,126.50809424854249,126.60311889648438,2446600,0.0,0.0
2017-09-05 00:00:00-04:00,126.22304419246039,126.30855768273356,125.12082198873934,126.05201721191406,2726500,0.0,0.0
2017-09-06 00:00:00-04:00,126.36554770112757,127.0021721246214,125.98546368049647,126.27052307128906,3652100,0.0,0.0
2017-09-07 00:00:00-04:00,129.3016052437911,131.73408458897302,128.89301679979226,129.72918701171875,7269000,0.0,0.0
2017-09-08 00:00:00-04:00,129.43466875026144,130.87895921966324,129.28263512217183,130.38485717773438,4451300,0.0,0.0
2017-09-11 00:00:00-04:00,132.41825153957404,134.91725158691406,132.2472100940039,134.91725158691406,5457600,0.0,0.0
2017-09-12 00:00:00-04:00,135.5538254892692,136.37098776085003,134.74615987828497,135.32577514648438,3775000,0.0,0.0
2017-09-13 00:00:00-04:00,134.9456970188373,135.05021827351854,132.58922045851855,133.121337890625,3613800,0.0,0.0
2017-09-14 00:00:00-04:00,132.55129944006165,134.73673595064665,132.42777029203046,134.4231719970703,4179400,0.0,0.0
2017-09-15 00:00:00-04:00,135.23079342288557,135.58235842207696,132.8458117292618,134.52764892578125,6152500,0.0,0.0
2017-09-18 00:00:00-04:00,134.60371724465517,134.6322217420558,133.51099168229806,134.35665893554688,2843500,0.0,0.0
2017-09-19 00:00:00-04:00,134.8602619621671,136.43757852866352,134.80325296557308,135.3923797607422,4179000,0.0,0.0
2017-09-20 00:00:00-04:00,135.16428181943888,135.94344316260026,134.37562381308862,135.15478515625,2749700,0.0,0.0
2017-09-21 00:00:00-04:00,134.63218581782246,135.09776881695166,134.15709165627956,134.6606903076172,2835300,0.0,0.0
2017-09-22 00:00:00-04:00,134.45164698459593,135.3068106712278,134.45164698459593,134.8222198486328,1860400,0.0,0.0
2017-09-25 00:00:00-04:00,134.99330859360057,135.0218130932295,131.5441191512189,131.6676483154297,5541200,0.0,0.0
2017-09-26 00:00:00-04:00,132.09517010332692,132.43723844169708,130.88842700703202,131.4775390625,3162600,0.0,0.0
2017-09-27 00:00:00-04:00,131.8861550486756,133.1974052037037,131.64860794466097,132.7128143310547,3716800,0.0,0.0
2017-09-28 00:00:00-04:00,132.49427741574297,133.22592656878723,131.9241585564598,133.21641540527344,2732000,0.0,0.0
2017-09-29 00:00:00-04:00,133.81506083793826,134.67973593432856,133.42548003643574,134.1666259765625,2603200,0.0,0.0
2017-10-02 00:00:00-04:00,134.83172435687695,135.81041722136985,134.42315031579062,134.75572204589844,2300700,0.0,0.0
2017-10-03 00:00:00-04:00,134.91725741599234,136.04796944379504,134.6416946580914,135.8959503173828,2514500,0.0,0.0
2017-10-04 00:00:00-04:00,135.62038807052022,135.87694300156465,134.2806334277872,135.01226806640625,3245700,0.0,0.0
2017-10-05 00:00:00-04:00,135.66889653869944,136.8299250335311,135.54517586461228,136.80137634277344,2723000,0.22,0.0
2017-10-06 00:00:00-04:00,136.56348222737063,136.82994639684932,135.86877310845887,136.58251953125,3067400,0.0,0.0
2017-10-09 00:00:00-04:00,136.54444369099872,138.16226599714736,135.99247805314414,137.56272888183594,2557700,0.0,0.0
2017-10-10 00:00:00-04:00,137.78158651511012,139.29472520715927,137.78158651511012,138.60952758789062,2593400,0.0,0.0
2017-10-11 00:00:00-04:00,138.56197901660693,140.00849465526795,138.56197901660693,139.75155639648438,3341900,0.0,0.0
2017-10-12 00:00:00-04:00,139.7324813903009,140.99819312352523,139.36133392876928,139.64683532714844,3226200,0.0,0.0
2017-10-13 00:00:00-04:00,140.37964577545372,141.27421031119138,140.17027898959137,140.21786499023438,2337300,0.0,0.0
2017-10-16 00:00:00-04:00,140.88396341701107,140.88396341701107,138.14318814523662,139.15194702148438,2590100,0.0,0.0
2017-10-17 00:00:00-04:00,139.25666523295445,139.38038590689644,138.49533293082953,138.87599182128906,3002400,0.0,0.0
2017-10-18 00:00:00-04:00,138.78085998913807,139.67542452025137,138.561981812762,139.1234588623047,2525900,0.0,0.0
2017-10-19 00:00:00-04:00,138.36215455740523,139.05686383661305,137.66744527819745,137.9719696044922,4169900,0.0,0.0
2017-10-20 00:00:00-04:00,138.59054612281528,138.68570361312152,137.58178669406587,138.35263061523438,3547300,0.0,0.0
2017-10-23 00:00:00-04:00,138.94264410205233,139.41847507500455,138.27648364416098,138.52391052246094,2514500,0.0,0.0
2017-10-24 00:00:00-04:00,139.12342102780016,139.4089224313319,138.32402871487503,138.7522735595703,2918400,0.0,0.0
2017-10-25 00:00:00-04:00,139.4184626228025,139.8752562500995,138.1908252115645,139.17103576660156,3439700,0.0,0.0
2017-10-26 00:00:00-04:00,139.8942741494102,140.2463843423202,139.2756998341025,139.50408935546875,2574900,0.0,0.0
2017-10-27 00:00:00-04:00,139.73249439696673,141.34080505371094,138.99971079453178,141.34080505371094,3491900,0.0,0.0
2017-10-30 00:00:00-04:00,143.98641068813913,144.15770281512627,141.39788983594573,141.75,6555700,0.0,0.0
2017-10-31 00:00:00-04:00,143.34881149710702,144.6525834246088,139.08535647774522,141.57872009277344,7613700,0.0,0.0
2017-11-01 00:00:00-04:00,142.70167599811805,144.16724321975414,141.5882334971432,141.6929168701172,4531700,0.0,0.0
2017-11-02 00:00:00-04:00,141.15998172445433,141.997448667364,140.34155208148488,141.08384704589844,3883600,0.0,0.0
2017-11-03 00:00:00-04:00,141.23614057461955,142.1402164402389,140.56998017475306,142.07359313964844,2338700,0.0,0.0
2017-11-06 00:00:00-05:00,141.99749299557374,143.1870704921075,141.75957749626699,142.83494567871094,3142900,0.0,0.0
2017-11-07 00:00:00-05:00,143.0442799040707,143.2060606642115,141.72147061001922,142.72071838378906,2683400,0.0,0.0
2017-11-08 00:00:00-05:00,142.24488749353736,142.97767113046277,141.0362729663603,142.72071838378906,3786800,0.0,0.0
2017-11-09 00:00:00-05:00,142.0545703576577,142.62555876273998,140.4557708767705,142.07359313964844,2716400,0.0,0.0
2017-11-10 00:00:00-05:00,141.79766277462429,142.5209207933551,141.5216871357386,142.31155395507812,1795900,0.0,0.0
2017-11-13 00:00:00-05:00,141.56924663605858,142.93964236281155,141.55022384961717,142.4542999267578,1750500,0.0,0.0
2017-11-14 00:00:00-05:00,142.06409417118962,143.2156115154572,141.84521598949573,142.7017059326172,3062300,0.0,0.0
2017-11-15 00:00:00-05:00,142.1497102289645,142.2829422924398,140.94111026786928,141.1599884033203,3058100,0.0,0.0
2017-11-16 00:00:00-05:00,141.7976120041084,143.2631648260949,141.41695308237885,143.06332397460938,2715400,0.0,0.0
2017-11-17 00:00:00-05:00,142.1116173638085,142.29243537706924,141.112369857664,141.8166046142578,3186400,0.0,0.0
2017-11-20 00:00:00-05:00,142.14023691047905,143.02527560035836,142.01651620368355,142.33056640625,2048700,0.0,0.0
2017-11-21 00:00:00-05:00,142.72067979713958,145.25210293396037,142.6826052043379,145.1378936767578,3999000,0.0,0.0
2017-11-22 00:00:00-05:00,145.04278928800986,145.1760213691418,143.65335656659877,143.93885803222656,2658600,0.0,0.0
2017-11-24 00:00:00-05:00,144.08160407462432,145.60426890432927,143.8912746012132,145.35684204101562,1577500,0.0,0.0
2017-11-27 00:00:00-05:00,145.67085556712163,146.4987965548782,145.3377681815253,145.57568359375,3260200,0.0,0.0
2017-11-28 00:00:00-05:00,146.08957213291174,147.17446581426813,145.94682869636648,146.73670959472656,3874500,0.0,0.0
2017-11-29 00:00:00-05:00,146.88893856859997,147.00313328644964,138.2573629548587,141.17897033691406,7217000,0.0,0.0
2017-11-30 00:00:00-05:00,142.10218865553765,143.86275478956912,141.0458431666344,143.19659423828125,6943700,0.0,0.0
2017-12-01 00:00:00-05:00,143.12997187570258,143.691463542366,140.22741413138968,142.4542999267578,3933000,0.0,0.0
2017-12-04 00:00:00-05:00,142.67314752784594,143.31075924588774,136.4492852123458,136.49685668945312,7490100,0.0,0.0
2017-12-05 00:00:00-05:00,136.75377088340417,139.24713418387446,133.81313998433288,138.11465454101562,6807100,0.0,0.0
2017-12-06 00:00:00-05:00,138.05760942334499,140.9125953429665,137.62934991843431,140.29400634765625,3752000,0.0,0.0
2017-12-07 00:00:00-05:00,140.3796794652301,143.13950843156263,140.3796794652301,142.2259063720703,3417900,0.0,0.0
2017-12-08 00:00:00-05:00,143.1489565847443,143.16799388540164,141.9593794147595,142.6445770263672,2521500,0.0,0.0
2017-12-11 00:00:00-05:00,142.95863071051045,143.93884116135075,142.84443594612705,143.58673095703125,3394800,0.0,0.0
2017-12-12 00:00:00-05:00,143.53912948512425,146.2989424822745,143.3297627588627,145.12840270996094,3360300,0.0,0.0
2017-12-13 00:00:00-05:00,145.12840282357504,146.02296710535572,144.32901051606214,144.35755920410156,3618700,0.0,0.0
2017-12-14 00:00:00-05:00,144.57645662736292,146.12766998362073,144.4432245583179,144.58596801757812,3016700,0.0,0.0
2017-12-15 00:00:00-05:00,145.27114754911833,146.19426052710602,143.56767955580764,145.98489379882812,5067300,0.0,0.0
2017-12-18 00:00:00-05:00,146.6891438905511,147.17448616311418,145.66134744170617,145.71844482421875,3531500,0.0,0.0
2017-12-19 00:00:00-05:00,145.5662242013135,145.7565536948383,144.11016799888537,144.34808349609375,2712700,0.0,0.0
2017-12-20 00:00:00-05:00,145.13795548780817,145.34732227377472,143.73901129121737,144.1291961669922,1992500,0.0,0.0
2017-12-21 00:00:00-05:00,144.12922000342434,144.87151526871972,143.15852060987996,143.25369262695312,2789000,0.0,0.0
2017-12-22 00:00:00-05:00,143.64382783568263,144.19579339694425,143.0442762823594,143.5581817626953,1892300,0.0,0.0
2017-12-26 00:00:00-05:00,143.30124681858973,144.02450461564476,142.6445978017281,143.9674072265625,1200700,0.0,0.0
2017-12-27 00:00:00-05:00,144.2338733910436,144.4432401680555,143.7961170545337,144.08160400390625,1730200,0.0,0.0
2017-12-28 00:00:00-05:00,144.51936189744134,145.2426196396516,143.8912616227498,144.4337158203125,1570600,0.0,0.0
2017-12-29 00:00:00-05:00,144.8524516788201,145.50908613529802,144.0435333251953,144.0435333251953,2258800,0.0,0.0
2018-01-02 00:00:00-05:00,144.6621435766421,145.99447916474497,143.81516492957257,144.56698608398438,3168900,0.0,0.0
2018-01-03 00:00:00-05:00,144.92860256409048,146.5369137004809,144.8048963759751,146.38465881347656,3732400,0.0,0.0
2018-01-04 00:00:00-05:00,147.06979740189254,149.79155053122594,146.860445180749,148.27841186523438,3247200,0.0,0.0
2018-01-05 00:00:00-05:00,148.64956375438223,151.35227966308594,148.64005236443262,151.35227966308594,2747700,0.0,0.0
2018-01-08 00:00:00-05:00,151.15213165164224,152.96313003897157,150.6755515977062,151.809814453125,3143100,0.25,0.0
2018-01-09 00:00:00-05:00,152.17202094753148,152.61048104132885,151.11401253796203,152.029052734375,2573900,0.0,0.0
2018-01-10 00:00:00-05:00,151.7717119925798,152.47705585739786,150.18947693247938,152.37220764160156,2416900,0.0,0.0
2018-01-11 00:00:00-05:00,152.60096922071426,153.58272316215525,151.97187993472141,153.38255310058594,2804000,0.0,0.0
2018-01-12 00:00:00-05:00,153.93539191155412,154.9076195117568,152.7439415097619,154.7265167236328,3041000,0.0,0.0
2018-01-16 00:00:00-05:00,155.97515728498516,156.26110829548645,153.75429194992913,154.68838500976562,4673400,0.0,0.0
2018-01-17 00:00:00-05:00,155.4794871405843,156.79485287043886,155.2507380008325,156.623291015625,3136000,0.0,0.0
2018-01-18 00:00:00-05:00,157.1093793714658,158.20550765727884,156.42310294317753,157.7289276123047,4150600,0.0,0.0
2018-01-19 00:00:00-05:00,158.51055802488972,159.13010639141888,157.42395588366804,159.01573181152344,2947800,0.0,0.0
2018-01-22 00:00:00-05:00,158.77744231099908,160.44547281279995,158.5010176831633,160.39781188964844,2275900,0.0,0.0
2018-01-23 00:00:00-05:00,160.6074476013611,161.03636665943577,158.8440959198621,159.3588104248047,3035300,0.0,0.0
2018-01-24 00:00:00-05:00,160.0737176189238,160.22622673321553,158.17692368810324,159.18727111816406,3912400,0.0,0.0
2018-01-25 00:00:00-05:00,160.1404635969772,161.0173693650878,159.30169238717335,160.69329833984375,2088900,0.0,0.0
2018-01-26 00:00:00-05:00,161.09362313297703,162.3803954040581,160.88392669555532,162.361328125,2191600,0.0,0.0
2018-01-29 00:00:00-05:00,162.1515898870629,162.80927267633706,160.40730517674803,160.65513610839844,3082800,0.0,0.0
2018-01-30 00:00:00-05:00,159.56850677214186,160.13086763815232,158.5104986720557,159.3588104248047,4227100,0.0,0.0
2018-01-31 00:00:00-05:00,159.66389222362645,161.72272216344592,159.19685293918133,161.0841064453125,5815300,0.0,0.0
2018-02-01 00:00:00-05:00,164.42964581141769,168.44245628540702,162.99037927705825,164.82997131347656,6848400,0.0,0.0
2018-02-02 00:00:00-05:00,163.84823522560586,168.8142063477151,162.4375621790161,162.5614776611328,6556500,0.0,0.0
2018-02-05 00:00:00-05:00,159.53043014583815,163.9054468498776,156.3278110486436,156.88064575195312,7196000,0.0,0.0
2018-02-06 00:00:00-05:00,152.98219256577514,161.4271914412,149.45550318491055,161.35093688964844,7259900,0.0,0.0
2018-02-07 00:00:00-05:00,161.08404795888256,164.52495631065457,159.6066469770733,160.82669067382812,4364800,0.0,0.0
2018-02-08 00:00:00-05:00,160.86485256553667,161.31283902734876,152.94409355480005,153.09658813476562,6557700,0.0,0.0
2018-02-09 00:00:00-05:00,154.09741221134973,158.6916514883595,151.14262423298877,157.46206665039062,6303000,0.0,0.0
2018-02-12 00:00:00-05:00,158.987119660912,160.91250728144846,157.82426308708926,160.31201171875,5227400,0.0,0.0
2018-02-13 00:00:00-05:00,159.49230072428065,162.77117419510614,159.18728247393844,162.151611328125,3471000,0.0,0.0
2018-02-14 00:00:00-05:00,161.4272191297704,164.57265083646146,161.08408086096645,164.439208984375,4203700,0.0,0.0
2018-02-15 00:00:00-05:00,165.80216375360254,166.51703368747326,163.33348307254482,166.50750732421875,3915000,0.0,0.0
2018-02-16 00:00:00-05:00,166.18346518112088,168.39478899602747,165.98329516563476,167.4225616455078,4213100,0.0,0.0
2018-02-20 00:00:00-05:00,166.68862557462725,168.1660119404416,165.88796012055712,167.13661193847656,3750100,0.0,0.0
2018-02-21 00:00:00-05:00,167.13662426662893,168.08978433762408,164.2104158675209,164.24855041503906,5999500,0.0,0.0
2018-02-22 00:00:00-05:00,165.22083784880402,165.6878917304325,162.7998165742497,164.84910583496094,5605800,0.0,0.0
2018-02-23 00:00:00-05:00,165.75457180621058,167.54651784003082,164.41062682491747,167.52745056152344,3093800,0.0,0.0
2018-02-26 00:00:00-05:00,168.23273445708668,169.79591622382043,167.81334174385398,169.53855895996094,4088100,0.0,0.0
2018-02-27 00:00:00-05:00,169.39563330049862,170.77771269304964,167.68946838378906,167.68946838378906,3815900,0.0,0.0
2018-02-28 00:00:00-05:00,168.03262436142856,170.5871015507514,167.51792419430578,167.52745056152344,4145700,0.0,0.0
2018-03-01 00:00:00-05:00,168.08979279442005,169.04295291336982,164.08650865957566,165.36375427246094,4658500,0.0,0.0
2018-03-02 00:00:00-05:00,163.5241422187167,167.11755981948647,161.34141201860933,166.82208251953125,4190100,0.0,0.0
2018-03-05 00:00:00-05:00,165.97379491237476,170.87303789534815,164.81093827239417,170.16769409179688,4826500,0.0,0.0
2018-03-06 00:00:00-05:00,170.78723177364398,171.65461101635194,168.66168867317856,169.2145233154297,3820900,0.0,0.0
2018-03-07 00:00:00-05:00,167.52741246472155,171.2924064618184,167.3272569901629,170.81582641601562,2766100,0.0,0.0
2018-03-08 00:00:00-05:00,170.94926469590166,171.46396473528637,169.2431000226919,170.85394287109375,2235300,0.0,0.0
2018-03-09 00:00:00-05:00,171.80716487310949,174.7429006977835,171.54028112032765,174.65711975097656,4168900,0.0,0.0
2018-03-12 00:00:00-04:00,174.26629278525942,174.92397569436838,173.18921703300438,173.9898681640625,3589000,0.0,0.0
2018-03-13 00:00:00-04:00,174.8763206441891,175.1241370852457,171.71182148079333,172.5315399169922,3286600,0.0,0.0
2018-03-14 00:00:00-04:00,173.4656625964109,173.4751889643338,171.2066626083891,171.68324279785156,2820700,0.0,0.0
2018-03-15 00:00:00-04:00,172.1121285052039,173.6371759588504,171.58788753448485,172.4743194580078,2258200,0.0,0.0
2018-03-16 00:00:00-04:00,172.53152999137419,174.59035960255696,172.53152999137419,173.99940490722656,4605000,0.0,0.0
2018-03-19 00:00:00-04:00,173.27495857882496,173.76107951109418,170.72049663351518,172.12164306640625,3770000,0.0,0.0
2018-03-20 00:00:00-04:00,172.81746863580926,174.66660169844013,172.73168771081794,173.9612579345703,2859300,0.0,0.0
2018-03-21 00:00:00-04:00,174.3901507766585,174.9048507500486,172.27413452503993,172.28366088867188,3238400,0.0,0.0
2018-03-22 00:00:00-04:00,170.8062979485627,171.81664539220804,166.90787638050847,167.29867553710938,4387300,0.0,0.0
2018-03-23 00:00:00-04:00,167.9278255275497,168.58550866077178,163.6195501385777,163.78158569335938,4324100,0.0,0.0
2018-03-26 00:00:00-04:00,167.11758756488928,169.15734990820454,164.95390973557397,168.87139892578125,5470100,0.0,0.0
2018-03-27 00:00:00-04:00,170.0056613057982,170.13910315788468,162.96180770080045,164.439208984375,5069100,0.0,0.0
2018-03-28 00:00:00-04:00,164.18186364223476,164.83000567284628,160.6551733987922,162.37086486816406,5166600,0.0,0.0
2018-03-29 00:00:00-04:00,163.67667759444655,168.38529150761923,162.81883919598,166.95555114746094,3719200,0.0,0.0
2018-04-02 00:00:00-04:00,166.4598712835388,167.53694679888542,161.12216916239748,163.56227111816406,4222400,0.0,0.0
2018-04-03 00:00:00-04:00,164.28667707473443,164.79185076930403,161.85611588640637,164.3915252685547,3612600,0.0,0.0
2018-04-04 00:00:00-04:00,161.25565063232142,165.8594165712091,160.07374118275038,165.55441284179688,4628300,0.0,0.0
2018-04-05 00:00:00-04:00,166.92696662491358,169.12876457281538,166.3645909990283,167.56558227539062,3434100,0.0,0.0
2018-04-06 00:00:00-04:00,165.48469055686704,167.18373050310709,161.27527954667727,161.9816131591797,5005500,0.25,0.0
2018-04-09 00:00:00-04:00,163.48022292271693,166.1719548080233,162.4016134433123,162.59251403808594,3910700,0.0,0.0
2018-04-10 00:00:00-04:00,165.26516076041275,167.47009387363292,164.19610581213175,166.77330017089844,3149900,0.0,0.0
2018-04-11 00:00:00-04:00,165.79969516026296,167.6132872401748,164.29155568677993,164.52064514160156,2783000,0.0,0.0
2018-04-12 00:00:00-04:00,165.44657383992097,168.45329911704857,165.2843075599121,166.84971618652344,3065600,0.0,0.0
2018-04-13 00:00:00-04:00,167.99506101020063,168.0905185753228,164.84515070330346,166.34375,3059600,0.0,0.0
2018-04-16 00:00:00-04:00,167.6323501196848,168.09052898290454,165.10288469990687,165.96194458007812,4668200,0.0,0.0
2018-04-17 00:00:00-04:00,167.77555047353437,171.03999868122654,166.7255753636999,170.22865295410156,4210200,0.0,0.0
2018-04-18 00:00:00-04:00,170.38137103947244,171.6222466826881,169.0164180272819,171.29771423339844,3150600,0.0,0.0
2018-04-19 00:00:00-04:00,170.93500254007844,171.40272137725864,170.15229116742358,170.86817932128906,3560400,0.0,0.0
2018-04-20 00:00:00-04:00,170.4100641525671,171.32640766242866,168.47239415550814,169.02601623535156,4233000,0.0,0.0
2018-04-23 00:00:00-04:00,170.05687837573416,170.23823907064408,166.7542406971042,167.45103454589844,4355000,0.0,0.0
2018-04-24 00:00:00-04:00,168.64410768516774,169.47454763092122,163.40381708828357,165.36058044433594,5369000,0.0,0.0
2018-04-25 00:00:00-04:00,165.48471616545052,165.96197497846944,162.88842705744491,164.6256561279297,3396200,0.0,0.0
2018-04-26 00:00:00-04:00,166.58238097193333,171.45996547572148,166.29602283855488,170.05682373046875,4784400,0.0,0.0
2018-04-27 00:00:00-04:00,170.41960378381702,170.85868838594033,167.2124233521934,167.9378662109375,3781000,0.0,0.0
2018-04-30 00:00:00-04:00,169.41731224985867,171.81314587400283,169.04505101638955,170.16183471679688,4323900,0.0,0.0
2018-05-01 00:00:00-04:00,170.16184765984784,172.15678584313434,168.8637032096898,172.05178833007812,4828300,0.0,0.0
2018-05-02 00:00:00-04:00,177.7311301559641,179.68789366393221,174.7912149288551,177.36842346191406,10133100,0.0,0.0
2018-05-03 00:00:00-04:00,176.20396036277245,179.3443169576604,175.57397523128554,177.99844360351562,5785700,0.0,0.0
2018-05-04 00:00:00-04:00,177.33977055465851,180.20332258054518,176.69070575321803,179.6115264892578,3593600,0.0,0.0
2018-05-07 00:00:00-04:00,179.73565065458294,180.90016318590878,179.09612566849114,180.499267578125,4077300,0.0,0.0
2018-05-08 00:00:00-04:00,180.29886448079586,181.98836504452106,179.46843866556162,181.86427307128906,3396400,0.0,0.0
2018-05-09 00:00:00-04:00,181.84513426857652,182.96191806082115,180.4038180029853,181.95968627929688,2933900,0.0,0.0
2018-05-10 00:00:00-04:00,182.3510029344915,184.90911721378447,182.255559930613,184.26959228515625,2821200,0.0,0.0
2018-05-11 00:00:00-04:00,184.22188227870257,185.26230288514353,183.30553904642898,184.55596923828125,3301700,0.0,0.0
2018-05-14 00:00:00-04:00,184.6991357800345,185.8636482922539,182.87600386412598,183.38189697265625,2877200,0.0,0.0
2018-05-15 00:00:00-04:00,182.32238691041857,183.45826509368635,181.5015012576623,183.26736450195312,2747500,0.0,0.0
2018-05-16 00:00:00-04:00,183.9260404046841,184.13603548951176,182.7328931339752,183.63014221191406,2109300,0.0,0.0
2018-05-17 00:00:00-04:00,183.31508408341065,183.6873453162658,181.92148216067193,182.5037384033203,2378300,0.0,0.0
2018-05-18 00:00:00-04:00,182.9046708006833,183.35329526962795,181.73061814770105,181.7401580810547,4208500,0.0,0.0
2018-05-21 00:00:00-04:00,182.79009655892753,184.05960654912093,181.36786027710616,182.5037384033203,2632600,0.0,0.0
2018-05-22 00:00:00-04:00,182.48465777580083,183.87825980392864,182.16012530513476,182.90464782714844,2620200,0.0,0.0
2018-05-23 00:00:00-04:00,182.06464672820243,184.22185072130765,181.64465675888766,184.21231079101562,2529900,0.0,0.0
2018-05-24 00:00:00-04:00,184.13595968435322,184.60366390046343,181.35831048609788,183.1814422607422,2912900,0.0,0.0
2018-05-25 00:00:00-04:00,183.02873482551846,183.16236669599405,181.09106542123132,182.47511291503906,2459600,0.0,0.0
2018-05-29 00:00:00-04:00,181.59695224344375,181.82604168407596,178.11296923525066,180.90969848632812,4545000,0.0,0.0
2018-05-30 00:00:00-04:00,181.7687287247783,183.20050472422065,181.26283570349094,183.03823852539062,2764200,0.0,0.0
2018-05-31 00:00:00-04:00,183.16240079708828,183.68738844483497,181.186556732567,181.472900390625,4641400,0.0,0.0
2018-06-01 00:00:00-04:00,183.29600002993442,186.4840850830078,183.17190809036575,186.4840850830078,4194900,0.0,0.0
2018-06-04 00:00:00-04:00,187.0281904469378,189.0994919971783,186.3504765077463,188.7367706298828,3917200,0.0,0.0
2018-06-05 00:00:00-04:00,189.09947087008734,190.62670476353827,188.8322071234507,190.29261779785156,2655500,0.0,0.0
2018-06-06 00:00:00-04:00,190.7699044952493,194.04389315320944,190.6840013994228,193.96754455566406,3233100,0.0,0.0
2018-06-07 00:00:00-04:00,194.1297592392268,194.72155538407623,189.28080895541834,190.4644012451172,4084100,0.0,0.0
2018-06-08 00:00:00-04:00,190.1399200653966,191.40943033506431,189.94901944122654,190.94171142578125,2296700,0.0,0.0
2018-06-11 00:00:00-04:00,191.48574579057131,191.85800701263148,189.24262396227266,189.46217346191406,2616900,0.0,0.0
2018-06-12 00:00:00-04:00,190.06348555101675,191.0466372329523,189.17579142772254,191.02755737304688,2660500,0.0,0.0
2018-06-13 00:00:00-04:00,191.50485986101512,192.44982290982975,190.14944669384897,190.34034729003906,2686100,0.0,0.0
2018-06-14 00:00:00-04:00,191.5430020150557,192.23025569785023,189.9966885111577,190.24485778808594,2846900,0.0,0.0
2018-06-15 00:00:00-04:00,189.51948703618396,190.58854217005407,188.58406379404764,190.4549102783203,4162100,0.0,0.0
2018-06-18 00:00:00-04:00,188.65084525486157,192.28755473708856,188.43131029969436,191.98211669921875,2081300,0.0,0.0
2018-06-19 00:00:00-04:00,189.4335525146663,190.8366798627045,188.29767434097602,190.60760498046875,2666200,0.0,0.0
2018-06-20 00:00:00-04:00,191.38078220792127,194.20616076273723,191.142152803672,192.37347412109375,3898600,0.0,0.0
2018-06-21 00:00:00-04:00,193.2039244883376,194.41615143887944,190.88443898365614,191.64805603027344,2678200,0.0,0.0
2018-06-22 00:00:00-04:00,192.4020492135902,192.68839273697665,190.53118899372686,192.31613159179688,2993600,0.0,0.0
2018-06-25 00:00:00-04:00,191.27572816624993,191.32345694595273,184.89955935993737,186.11178588867188,4780600,0.0,0.0
2018-06-26 00:00:00-04:00,187.2572425652807,189.62445653290942,186.85634694933916,187.52452087402344,4271200,0.0,0.0
2018-06-27 00:00:00-04:00,188.47902490451352,189.18535850661843,184.37459689516905,184.3936767578125,3233000,0.0,0.0
2018-06-28 00:00:00-04:00,184.6610382355059,188.75591359345168,184.42240876193645,188.13548278808594,2621100,0.0,0.0
2018-06-29 00:00:00-04:00,189.18536955188702,189.29036706167875,187.2572400833396,187.581787109375,3006900,0.0,0.0
2018-07-02 00:00:00-04:00,186.83726207938156,188.96583204203372,185.89228450405,188.67947387695312,3018300,0.0,0.0
2018-07-03 00:00:00-04:00,189.30946761240244,189.54809700012066,187.2190718456256,187.36224365234375,1567400,0.0,0.0
2018-07-05 00:00:00-04:00,188.99447976635568,189.91082304645434,188.18313400205182,189.8249053955078,3101900,0.0,0.0
2018-07-06 00:00:00-04:00,189.337551910236,191.39234258071278,188.73544408208136,190.68511962890625,2050300,0.25,0.0
2018-07-09 00:00:00-04:00,191.90835923218043,192.6633707513143,190.42699201132913,192.0325927734375,2377300,0.0,0.0
2018-07-10 00:00:00-04:00,192.4244595791522,193.7720268664322,191.25848123481106,192.59649658203125,2265100,0.0,0.0
2018-07-11 00:00:00-04:00,191.59299796697454,195.11003704991052,191.38273861059082,194.8137664794922,2827900,0.0,0.0
2018-07-12 00:00:00-04:00,195.92235701219133,199.92682117905545,195.6834273085179,198.57925415039062,3970800,0.0,0.0
2018-07-13 00:00:00-04:00,197.92936087949354,198.34031294608937,194.4314267205934,196.79205322265625,2590800,0.0,0.0
2018-07-16 00:00:00-04:00,196.5149374501206,196.87811533918767,194.73729951470432,195.0431365966797,2955000,0.0,0.0
2018-07-17 00:00:00-04:00,194.01093668574686,197.54709369886447,192.70160645943926,197.23170471191406,2919000,0.0,0.0
2018-07-18 00:00:00-04:00,197.49928982820168,199.15269389927047,196.2855374173719,199.13357543945312,3595400,0.0,0.0
2018-07-19 00:00:00-04:00,199.13361194464318,199.46811942876477,196.6487367048921,196.93545532226562,2264600,0.0,0.0
2018-07-20 00:00:00-04:00,197.05970842427226,198.16834599505518,197.05014190081283,197.5566864013672,2801000,0.0,0.0
2018-07-23 00:00:00-04:00,197.54709297984667,198.75130812256756,196.54358522195028,198.63661193847656,2717900,0.0,0.0
2018-07-24 00:00:00-04:00,199.49680579684423,201.08328838478806,199.08583900966127,200.2996063232422,3509100,0.0,0.0
2018-07-25 00:00:00-04:00,200.70097875411733,204.79145467826643,200.36647128961496,204.67677307128906,4967900,0.0,0.0
2018-07-26 00:00:00-04:00,200.8443520091697,202.42129718749473,195.50188603331867,198.1874542236328,7279900,0.0,0.0
2018-07-27 00:00:00-04:00,202.31615440569357,202.3734952115343,192.30977545928164,193.95361328125,4913000,0.0,0.0
2018-07-30 00:00:00-04:00,193.96317830384564,194.32635620948557,187.51207471558172,189.10812377929688,5939300,0.0,0.0
2018-07-31 00:00:00-04:00,190.20716762234872,191.73630901649972,187.54070389217398,189.23233032226562,4416600,0.0,0.0
2018-08-01 00:00:00-04:00,190.44610373196295,192.44355267476075,189.56684411957988,192.29063415527344,4614200,0.0,0.0
2018-08-02 00:00:00-04:00,190.27407606631974,193.2368105481935,189.10809781859757,193.0647735595703,3615000,0.0,0.0
2018-08-03 00:00:00-04:00,193.06476410839807,193.46616428471776,189.49993679863695,192.29063415527344,2722800,0.0,0.0
2018-08-06 00:00:00-04:00,192.09951874319785,193.49487489790295,191.63121118390262,192.6156005859375,3061300,0.0,0.0
2018-08-07 00:00:00-04:00,193.5331150070819,194.1543265800311,193.01703311696738,193.64779663085938,2422200,0.0,0.0
2018-08-08 00:00:00-04:00,193.45664803343877,194.56528562956646,193.1317070569199,193.87716674804688,2697900,0.0,0.0
2018-08-09 00:00:00-04:00,194.19250238388565,195.59741016539928,193.67640607310727,194.5843505859375,2444900,0.0,0.0
2018-08-10 00:00:00-04:00,193.98225915577171,194.8806372219848,193.20812920857907,193.67642211914062,2567000,0.0,0.0
2018-08-13 00:00:00-04:00,193.67644241297788,195.29160979703417,192.9501012495403,193.35150146484375,2014000,0.0,0.0
2018-08-14 00:00:00-04:00,193.8293786192607,195.01447549376275,192.47225931527944,194.8520050048828,2076600,0.0,0.0
2018-08-15 00:00:00-04:00,193.67645598789161,194.0587523505337,190.66594687055002,191.37318420410156,2955700,0.0,0.0
2018-08-16 00:00:00-04:00,192.99785390185784,195.1864435043638,191.92745352855653,194.5843505859375,2894000,0.0,0.0
2018-08-17 00:00:00-04:00,194.83292737905947,195.54016487576348,193.06484092885873,194.2117156982422,2308900,0.0,0.0
2018-08-20 00:00:00-04:00,194.46010699594606,195.90323714585008,193.3992585359296,195.6834259033203,2469300,0.0,0.0
2018-08-21 00:00:00-04:00,195.92241180984766,196.81122355621133,193.65736225210648,194.09698486328125,1979600,0.0,0.0
2018-08-22 00:00:00-04:00,193.5331358301854,196.1326931916896,193.29420603286417,195.2629852294922,1905300,0.0,0.0
2018-08-23 00:00:00-04:00,195.43495869656144,196.83986661447733,195.13867359443876,196.13262939453125,2247600,0.0,0.0
2018-08-24 00:00:00-04:00,196.8780945138458,200.22311068277037,196.4671423844151,200.12753295898438,2722600,0.0,0.0
2018-08-27 00:00:00-04:00,200.87301204455696,202.3734978716467,200.87301204455696,202.16323852539062,2550200,0.0,0.0
2018-08-28 00:00:00-04:00,202.32572750020017,203.59683563399258,201.59938624508277,203.2145538330078,2240200,0.0,0.0
2018-08-29 00:00:00-04:00,203.09025846853166,206.3014744328174,203.04246960874008,205.068603515625,3172100,0.0,0.0
2018-08-30 00:00:00-04:00,204.7627885136862,205.7471778822487,203.40566933162052,204.3327178955078,3083000,0.0,0.0
2018-08-31 00:00:00-04:00,204.1224662256493,206.24416357703487,204.04600695550485,206.01478576660156,3020000,0.0,0.0
2018-09-04 00:00:00-04:00,206.1294605146919,207.72552402823558,205.1737415443906,207.218994140625,3776500,0.0,0.0
2018-09-05 00:00:00-04:00,206.20589889835128,206.2154654202785,200.99723395435052,201.80960083007812,3869500,0.0,0.0
2018-09-06 00:00:00-04:00,202.07720450382257,203.82617182309266,201.15015601355734,203.3483123779297,3032800,0.0,0.0
2018-09-07 00:00:00-04:00,201.6758440641196,203.79754158541525,200.41428788038021,201.74273681640625,3298500,0.0,0.0
2018-09-10 00:00:00-04:00,203.24320992468574,204.02689193644522,202.0198907479527,202.2970428466797,3326300,0.0,0.0
2018-09-11 00:00:00-04:00,201.1979500422089,204.10332912685112,200.7965498479361,203.99819946289062,2728500,0.0,0.0
2018-09-12 00:00:00-04:00,203.6159202868895,204.9634874737275,202.4786124306126,204.55252075195312,2291300,0.0,0.0
2018-09-13 00:00:00-04:00,205.25979423312785,209.00621133768402,204.87749784504084,207.60130310058594,3898000,0.0,0.0
2018-09-14 00:00:00-04:00,208.34670927590273,209.13040573270598,206.8366717431039,208.30848693847656,2638000,0.0,0.0
2018-09-17 00:00:00-04:00,210.22949192685917,210.23904386613506,206.5404163136014,206.8844757080078,2500900,0.0,0.0
2018-09-18 00:00:00-04:00,207.8306756030469,211.1756923516566,207.67775705173412,210.3059844970703,2851000,0.0,0.0
2018-09-19 00:00:00-04:00,210.86023059863405,211.60569005033716,207.5438853990605,208.5282745361328,2883000,0.0,0.0
2018-09-20 00:00:00-04:00,210.23907204698187,212.0931693329701,209.20689372540755,211.58663940429688,3108500,0.0,0.0
2018-09-21 00:00:00-04:00,212.3033981741603,213.47892835068737,211.10874953615337,212.0740203857422,7177800,0.0,0.0
2018-09-24 00:00:00-04:00,210.65003790339765,212.3034277655814,208.547458924065,211.5484161376953,2520000,0.0,0.0
2018-09-25 00:00:00-04:00,212.09314562745453,213.16354617473127,211.4241452854066,212.28428649902344,2181300,0.0,0.0
2018-09-26 00:00:00-04:00,212.76216551277463,214.4251218727136,211.88290575630236,212.41810607910156,2963600,0.0,0.0
2018-09-27 00:00:00-04:00,212.82905922193015,213.7083189221228,212.22695160576322,212.46588134765625,2645200,0.0,0.0
2018-09-28 00:00:00-04:00,212.29388343760547,213.78480286581046,211.26170508351376,212.75262451171875,2955000,0.0,0.0
2018-10-01 00:00:00-04:00,214.8837869531129,215.37121281864205,213.21127924410715,213.86117553710938,2955500,0.0,0.0
2018-10-02 00:00:00-04:00,213.60322165832716,213.8230329709446,211.2234758181179,212.52325439453125,3060700,0.0,0.0
2018-10-03 00:00:00-04:00,213.87076893134972,214.39641722983794,212.69523879699443,213.2495574951172,2662400,0.0,0.0
2018-10-04 00:00:00-04:00,212.2365284540426,212.312973142027,205.087739728969,206.5786590576172,5664900,0.0,0.0
2018-10-05 00:00:00-04:00,207.10490364370494,207.81295986231603,202.70351452801543,204.05262756347656,4268300,0.25,0.0
2018-10-08 00:00:00-04:00,202.55999155412874,202.65567996119302,194.4748175572353,199.2685089111328,5611000,0.0,0.0
2018-10-09 00:00:00-04:00,199.07719526976018,201.8807027607575,197.7663484531531,200.70379638671875,5659400,0.0,0.0
2018-10-10 00:00:00-04:00,200.29233597665146,200.29233597665146,187.54740998010428,188.19805908203125,8455000,0.0,0.0
2018-10-11 00:00:00-04:00,186.24607656719138,191.10675182871356,184.58120955162954,186.11212158203125,9185200,0.0,0.0
2018-10-12 00:00:00-04:00,191.9105160128672,195.99615077907828,190.92497222101778,195.40292358398438,6160300,0.0,0.0
2018-10-15 00:00:00-04:00,194.9245426471947,195.0010904590729,190.9154404250868,191.6713409423828,3969200,0.0,0.0
2018-10-16 00:00:00-04:00,193.92938814088362,199.13452127227475,193.78587015380427,198.8092041015625,4694900,0.0,0.0
2018-10-17 00:00:00-04:00,198.6657200912499,199.0197409199244,195.8526502634008,198.426513671875,4431200,0.0,0.0
2018-10-18 00:00:00-04:00,198.03421406190947,198.2734204842097,193.52755864177266,194.82884216308594,6264500,0.0,0.0
2018-10-19 00:00:00-04:00,195.06805628801212,198.48393114134217,194.23562257753758,194.29302978515625,4832500,0.0,0.0
2018-10-22 00:00:00-04:00,194.92449939335427,197.3548298311866,193.1639439108301,195.6708221435547,4045100,0.0,0.0
2018-10-23 00:00:00-04:00,190.87716081952266,194.93409237275645,188.11193517875665,193.69021606445312,5076800,0.0,0.0
2018-10-24 00:00:00-04:00,193.89114618388766,194.68531321331247,186.94459732651012,187.2412109375,4415900,0.0,0.0
2018-10-25 00:00:00-04:00,188.4946916674681,196.2449868602944,187.26039275009393,195.3838348388672,4940700,0.0,0.0
2018-10-26 00:00:00-04:00,190.59969542744685,193.67111265313144,187.27950875108496,188.96353149414062,6523600,0.0,0.0
2018-10-29 00:00:00-04:00,191.7000365388898,193.60411035481283,179.52921235871165,182.79197692871094,6623800,0.0,0.0
2018-10-30 00:00:00-04:00,184.26547259005807,185.2701423725565,175.81670093723739,179.62486267089844,9239200,0.0,0.0
2018-10-31 00:00:00-04:00,184.90657417062997,191.32688130710142,184.90657417062997,189.1357421875,7683500,0.0,0.0
2018-11-01 00:00:00-04:00,190.30311846717527,191.36519588835588,186.59062899493932,191.0877227783203,4439000,0.0,0.0
2018-11-02 00:00:00-04:00,190.331751059323,192.31238710572774,186.82020277705018,189.18356323242188,4261500,0.0,0.0
2018-11-05 00:00:00-05:00,189.64283006947494,190.53268546510867,185.90163848783192,189.4323272705078,3110800,0.0,0.0
2018-11-06 00:00:00-05:00,189.92988802661213,192.00619789686772,189.00176599520748,190.55181884765625,2916000,0.0,0.0
2018-11-07 00:00:00-05:00,193.46062085624544,199.3833752009523,193.0300521439493,199.24942016601562,4922800,0.0,0.0
2018-11-08 00:00:00-05:00,198.40736711763142,199.8426055908203,197.10608365127348,199.8426055908203,3922200,0.0,0.0
2018-11-09 00:00:00-05:00,198.4264998359686,199.00058644243768,194.63746399327184,196.7424774169922,3229700,0.0,0.0
2018-11-12 00:00:00-05:00,195.78565184709424,196.38845665401283,190.1499495824115,190.54225158691406,3507300,0.0,0.0
2018-11-13 00:00:00-05:00,191.1546563754756,193.51801725982577,189.02093893818886,189.61416625976562,2852000,0.0,0.0
2018-11-14 00:00:00-05:00,191.90095805022833,193.49885520052672,187.16467380473281,189.04962158203125,3218600,0.0,0.0
2018-11-15 00:00:00-05:00,188.51382040217052,192.46550096943568,185.93995670242467,192.0445098876953,3424600,0.0,0.0
2018-11-16 00:00:00-05:00,190.40829712015645,192.23583754626452,188.92521449896927,190.44656372070312,2939500,0.0,0.0
2018-11-19 00:00:00-05:00,190.44661705779777,190.79107495918865,180.40952290338774,181.10800170898438,4488100,0.0,0.0
2018-11-20 00:00:00-05:00,174.12310450080787,180.64866157241684,169.74084185565084,178.98377990722656,7892900,0.0,0.0
2018-11-21 00:00:00-05:00,180.39991908878167,181.8830019098366,178.1992315607671,179.55792236328125,3950200,0.0,0.0
2018-11-23 00:00:00-05:00,176.89793094414117,178.18963681237193,174.3910378117215,174.71636962890625,2601000,0.0,0.0
2018-11-26 00:00:00-05:00,177.56771536748445,183.9306004399904,175.7497377753388,183.5670166015625,6917200,0.0,0.0
2018-11-27 00:00:00-05:00,182.5144915208873,184.70561582078128,181.27061526417862,184.64820861816406,3976300,0.0,0.0
2018-11-28 00:00:00-05:00,186.5810170192678,193.72850637769835,184.92571259730252,193.5467071533203,6203000,0.0,0.0
2018-11-29 00:00:00-05:00,193.32666323465796,193.32666323465796,187.834477675731,188.16937255859375,5447700,0.0,0.0
2018-11-30 00:00:00-05:00,188.10234205493137,192.9630178770233,187.34645625149585,192.38893127441406,7944700,0.0,0.0
2018-12-03 00:00:00-05:00,197.1156537559446,200.84728268072664,197.04868355011587,200.7994384765625,6599900,0.0,0.0
2018-12-04 00:00:00-05:00,198.43604410874767,200.4740871393738,191.00150572660343,191.83395385742188,6628600,0.0,0.0
2018-12-06 00:00:00-05:00,186.389639301691,194.58962751970648,185.83467867340045,194.22604370117188,6558900,0.0,0.0
2018-12-07 00:00:00-05:00,194.98197220731527,197.60368031466797,186.48535391487627,188.0162811279297,4968100,0.0,0.0
2018-12-10 00:00:00-05:00,186.24608673969564,190.14037372097735,184.66733042836472,189.5088653564453,4101000,0.0,0.0
2018-12-11 00:00:00-05:00,192.39850724262527,192.704683864654,187.59523829704125,189.2027130126953,3582400,0.0,0.0
2018-12-12 00:00:00-05:00,191.80528185585612,197.0678230854042,191.61390504023524,191.64260864257812,5160100,0.0,0.0
2018-12-13 00:00:00-05:00,192.13064281435513,193.47019322859683,186.87766338992716,190.37008666992188,5246200,0.0,0.0
2018-12-14 00:00:00-05:00,188.11197779064034,188.7243457826748,184.8491979674547,186.8968048095703,3801700,0.0,0.0
2018-12-17 00:00:00-05:00,185.14581525800412,185.18408187074783,180.62003275080983,182.2274932861328,5459900,0.0,0.0
2018-12-18 00:00:00-05:00,183.76797105775523,185.9591104379212,181.89260056119798,183.33740234375,4345200,0.0,0.0
2018-12-19 00:00:00-05:00,182.68676414995002,185.95912161304975,176.7831500320267,179.041259765625,6100600,0.0,0.0
2018-12-20 00:00:00-05:00,177.58683486064393,180.2085276261083,172.4486715283291,174.8216094970703,6562600,0.0,0.0
2018-12-21 00:00:00-05:00,173.37679842535846,177.27108568432772,167.44448253552835,167.62628173828125,8374300,0.0,0.0
2018-12-24 00:00:00-05:00,165.67435019364765,170.29581968831312,164.46875516895244,167.10958862304688,4351900,0.0,0.0
2018-12-26 00:00:00-05:00,168.40134111690116,178.4480120358072,168.40134111690116,178.3810272216797,5261400,0.0,0.0
2018-12-27 00:00:00-05:00,176.03678634880094,180.55300477335993,172.3817198051968,180.54344177246094,4695200,0.0,0.0
2018-12-28 00:00:00-05:00,181.519399361745,181.89256077893478,176.22814011800156,178.12266540527344,4830300,0.0,0.0
2018-12-31 00:00:00-05:00,178.84988338122298,180.8400828706357,178.3140632494587,180.50518798828125,3658500,0.0,0.0
2019-01-02 00:00:00-05:00,177.80694891343873,182.58151514633067,177.3093953849601,181.5481414794922,4294000,0.0,0.0
2019-01-03 00:00:00-05:00,179.40484277500772,179.41440577728778,173.16633428757714,173.35769653320312,5070900,0.0,0.0
2019-01-04 00:00:00-05:00,176.8692125116032,182.99289032158043,176.47691052377664,181.5672149658203,4452900,0.0,0.0
2019-01-07 00:00:00-05:00,182.39964882510318,184.68646117467046,181.5193711215039,182.96417236328125,4219200,0.0,0.0
2019-01-08 00:00:00-05:00,182.01529187167193,184.49776544656655,180.67342612192334,184.29647827148438,5069700,0.33,0.0
2019-01-09 00:00:00-05:00,186.23263503375804,188.38921466445592,185.25498150610736,187.6416015625,5471500,0.0,0.0
2019-01-10 00:00:00-05:00,185.01529929409773,189.05050448045264,183.3763075163826,188.7725372314453,3693600,0.0,0.0
2019-01-11 00:00:00-05:00,187.92912874163696,188.53296102978098,186.62559571647196,187.76617431640625,2500100,0.0,0.0
2019-01-14 00:00:00-05:00,186.30926670370252,188.82047854025313,185.9450397807569,187.31565856933594,3336500,0.0,0.0
2019-01-15 00:00:00-05:00,187.11440136692676,189.15596773340533,185.08242915725094,188.3604278564453,3783000,0.0,0.0
2019-01-16 00:00:00-05:00,189.30934911231512,190.17198974883257,188.34128973297314,189.55856323242188,3546300,0.0,0.0
2019-01-17 00:00:00-05:00,189.2517885682789,192.07930038066016,188.91632949321806,191.03456115722656,2764100,0.0,0.0
2019-01-18 00:00:00-05:00,192.82692420776786,194.12087755342762,191.71509895639005,193.61288452148438,4866600,0.0,0.0
2019-01-22 00:00:00-05:00,191.49466068791193,192.6544276076207,189.44351463073096,191.17837524414062,4457700,0.0,0.0
2019-01-23 00:00:00-05:00,192.7023948661312,192.71197440044384,188.43716205808948,190.114501953125,3086100,0.0,0.0
2019-01-24 00:00:00-05:00,190.18154686967532,191.88763962442164,189.71188653541188,191.49465942382812,2792000,0.0,0.0
2019-01-25 00:00:00-05:00,193.79505608038951,195.4244690085414,191.49469551249027,194.513916015625,4677500,0.0,0.0
2019-01-28 00:00:00-05:00,192.40520888865186,192.635234642924,189.83647583911628,191.8492889404297,3277200,0.0,0.0
2019-01-29 00:00:00-05:00,191.87803622857928,192.33810234814118,189.4530839756601,190.9674835205078,3661900,0.0,0.0
2019-01-30 00:00:00-05:00,192.09853879365755,196.32543864050703,191.60012515320835,195.549072265625,4079500,0.0,0.0
2019-01-31 00:00:00-05:00,201.08902044204737,204.12739898029287,199.36375425898933,202.36380004882812,11316200,0.0,0.0
2019-02-01 00:00:00-05:00,203.18814837249653,205.72811412122348,202.43094110195705,204.8942413330078,6470100,0.0,0.0
2019-02-04 00:00:00-05:00,205.45013114526407,206.0252101945994,204.34787070653528,205.98687744140625,4397500,0.0,0.0
2019-02-05 00:00:00-05:00,206.07315248376625,207.70256518300835,206.0252255697684,206.89744567871094,3091500,0.0,0.0
2019-02-06 00:00:00-05:00,206.31277559991386,206.93578161574055,204.80795530364549,206.36070251464844,2698000,0.0,0.0
2019-02-07 00:00:00-05:00,204.59705714517276,205.54594256719514,202.81428454516876,205.08587646484375,2742900,0.0,0.0
2019-02-08 00:00:00-05:00,203.197685860722,207.63545132162457,203.197685860722,207.5875244140625,3248400,0.0,0.0
2019-02-11 00:00:00-05:00,207.98051940473314,209.5715846224317,207.35749881249734,208.08595275878906,2974400,0.0,0.0
2019-02-12 00:00:00-05:00,209.48532702633048,210.37672077855777,208.60352743153743,209.82080078125,3411400,0.0,0.0
2019-02-13 00:00:00-05:00,210.66422744932953,212.09236733604416,210.32876836033145,211.38308715820312,2996600,0.0,0.0
2019-02-14 00:00:00-05:00,210.39587906092095,211.80484542596193,209.54283269112145,210.6834259033203,2875600,0.0,0.0
2019-02-15 00:00:00-05:00,212.96460432444343,213.11796458465844,211.32559762202933,212.88792419433594,2758500,0.0,0.0
2019-02-19 00:00:00-05:00,212.2361343821503,212.74414203392465,211.21056879800256,211.43101501464844,2836700,0.0,0.0
2019-02-20 00:00:00-05:00,212.03487670954752,212.61954990136982,210.29043666582746,211.929443359375,3103600,0.0,0.0
2019-02-21 00:00:00-05:00,211.06684899287202,211.85279484534314,209.54285495381197,210.20420837402344,3528800,0.0,0.0
2019-02-22 00:00:00-05:00,210.86553927095076,214.34482534899823,210.57799242871513,214.04769897460938,3295300,0.0,0.0
2019-02-25 00:00:00-05:00,215.6579378907451,216.0413239302327,213.74097844282738,214.04769897460938,3359200,0.0,0.0
2019-02-26 00:00:00-05:00,212.93587880324463,215.83047730883533,212.8304454387866,214.69947814941406,2852300,0.0,0.0
2019-02-27 00:00:00-05:00,213.77934667433783,215.2841671108002,212.53333452660183,215.24583435058594,2119500,0.0,0.0
2019-02-28 00:00:00-05:00,214.78569573206767,216.23300932648152,214.3735565132865,215.43746948242188,3240400,0.0,0.0
2019-03-01 00:00:00-05:00,217.45989658137654,218.677155368528,216.00300322462905,217.8145294189453,3001400,0.0,0.0
2019-03-04 00:00:00-05:00,217.87204744087714,219.01264077664536,214.38318145071398,216.89439392089844,2977700,0.0,0.0
2019-03-05 00:00:00-05:00,216.83689581774493,217.49824926479795,215.93592240438238,216.8273162841797,2779100,0.0,0.0
2019-03-06 00:00:00-05:00,216.4726394870277,217.10522495453523,214.65151933747566,215.14993286132812,2849300,0.0,0.0
2019-03-07 00:00:00-05:00,214.3352436764181,215.12120411596092,211.5748318557885,213.1754913330078,3879600,0.0,0.0
2019-03-08 00:00:00-05:00,209.31278293651798,212.96458792845644,206.96449618033193,212.65786743164062,2691800,0.0,0.0
2019-03-11 00:00:00-04:00,213.6834699992702,216.74102263011753,213.58761617767556,216.2713623046875,2670100,0.0,0.0
2019-03-12 00:00:00-04:00,217.1819517302002,218.72510491654631,216.82731885593336,217.51742553710938,2478700,0.0,0.0
2019-03-13 00:00:00-04:00,218.88801197317193,221.72511841832096,218.34168613041678,219.0126190185547,2690400,0.0,0.0
2019-03-14 00:00:00-04:00,219.2043161148243,220.65162989889683,217.96788367121806,219.98068237304688,2838700,0.0,0.0
2019-03-15 00:00:00-04:00,219.31938875829601,223.09578746884557,219.30979459865864,221.57180786132812,3894200,0.0,0.0
2019-03-18 00:00:00-04:00,222.64526346147346,222.84655065200707,219.5973047565423,220.82415771484375,2734100,0.0,0.0
2019-03-19 00:00:00-04:00,221.92634319890874,222.4631040191127,220.76659116161997,221.41835021972656,3212000,0.0,0.0
2019-03-20 00:00:00-04:00,220.19151890120747,222.30976529548948,218.37999300529177,220.34487915039062,3747400,0.0,0.0
2019-03-21 00:00:00-04:00,218.72507643851156,227.2363813146814,218.70590274840802,226.0766143798828,4441100,0.0,0.0
2019-03-22 00:00:00-04:00,225.0893709331365,226.2012109035675,221.10209184105003,221.17877197265625,3709400,0.0,0.0
2019-03-25 00:00:00-04:00,220.8241520505618,222.30979860851556,219.06055279639602,220.8529052734375,3506500,0.0,0.0
2019-03-26 00:00:00-04:00,223.28745904531135,223.92963875168715,221.84014519751372,223.60374450683594,3046900,0.0,0.0
2019-03-27 00:00:00-04:00,224.20757314818798,224.47594629833335,220.11486067061082,222.86570739746094,2640700,0.0,0.0
2019-03-28 00:00:00-04:00,223.72836819816354,225.5590682492661,222.72196141547286,225.10858154296875,2712100,0.0,0.0
2019-03-29 00:00:00-04:00,226.6708994755024,226.8146655994071,224.25552621721332,225.674072265625,3453900,0.0,0.0
2019-04-01 00:00:00-04:00,228.40569777569635,229.7954903081956,227.10216489947035,229.1245574951172,3475900,0.0,0.0
2019-04-02 00:00:00-04:00,229.29711347586291,229.9105399495223,228.18528804720825,229.32586669921875,3386400,0.0,0.0
2019-04-03 00:00:00-04:00,230.30352081635542,230.92652682447095,227.94566874310388,229.0095672607422,2911700,0.0,0.0
2019-04-04 00:00:00-04:00,228.78912941828443,228.85623002559774,224.0542367817395,226.2587432861328,3096300,0.0,0.0
2019-04-05 00:00:00-04:00,227.36103487089133,228.0798948317987,226.30670107812983,226.80511474609375,2590000,0.0,0.0
2019-04-08 00:00:00-04:00,226.2483421899213,226.785838026533,223.75280906775183,226.7762451171875,2714500,0.33,0.0
2019-04-09 00:00:00-04:00,225.83565826564194,227.71690871853727,225.55731738190204,226.43075561523438,2491300,0.0,0.0
2019-04-10 00:00:00-04:00,227.47694388323762,228.38876836629473,226.62270615659133,227.53453063964844,1984200,0.0,0.0
2019-04-11 00:00:00-04:00,228.4367464542417,228.4367464542417,225.59567795340752,226.5554962158203,1908200,0.0,0.0
2019-04-12 00:00:00-04:00,227.50570748418772,229.39655051574042,226.59388312047543,229.23338317871094,3452100,0.0,0.0
2019-04-15 00:00:00-04:00,229.89568533571008,230.22202004561635,227.65930691959062,229.54054260253906,3437500,0.0,0.0
2019-04-16 00:00:00-04:00,230.3563689000592,231.28739372935004,229.34855685698875,230.4427490234375,2564300,0.0,0.0
2019-04-17 00:00:00-04:00,230.99946609256824,231.5465695477773,229.34857746214544,231.3162078857422,2829200,0.0,0.0
2019-04-18 00:00:00-04:00,232.78471840557788,232.8998919086708,230.7979022489039,231.2106170654297,3016800,0.0,0.0
2019-04-22 00:00:00-04:00,230.16444953043498,233.3702393918235,229.46378621663038,233.2838592529297,2217700,0.0,0.0
2019-04-23 00:00:00-04:00,234.09966058407412,234.67555738069723,232.70792707884286,233.70614624023438,3108400,0.0,0.0
2019-04-24 00:00:00-04:00,233.8405505517822,236.19210259276628,233.0534924706397,235.433837890625,3255200,0.0,0.0
2019-04-25 00:00:00-04:00,234.86755905732855,236.93117740039207,234.21488957661995,235.74099731445312,3152400,0.0,0.0
2019-04-26 00:00:00-04:00,236.16329927427316,237.21909063310306,233.44701168604044,236.76797485351562,3349300,0.0,0.0
2019-04-29 00:00:00-04:00,236.95998130293492,238.23654158641833,235.980962392732,237.19993591308594,3274900,0.0,0.0
2019-04-30 00:00:00-04:00,241.00079426329708,247.08603929632454,240.44409784369842,244.02423095703125,7179600,0.0,0.0
2019-05-01 00:00:00-04:00,244.657667677872,245.95342818217063,238.67800404178027,238.75479125976562,5146000,0.0,0.0
2019-05-02 00:00:00-04:00,237.61255902950737,238.29403630319408,234.4643569320424,237.25743103027344,4747300,0.0,0.0
2019-05-03 00:00:00-04:00,238.62043735274548,239.81061736309175,237.51665212343696,237.98695373535156,3194200,0.0,0.0
2019-05-06 00:00:00-04:00,231.78649123909645,239.07150751165213,230.40435075428564,238.64918518066406,3022000,0.0,0.0
2019-05-07 00:00:00-04:00,237.3342632525104,237.7757714468206,232.8519137735338,235.2130584716797,4257500,0.0,0.0
2019-05-08 00:00:00-04:00,234.71393391408944,237.60299604137515,233.95568398751408,235.47219848632812,3050700,0.0,0.0
2019-05-09 00:00:00-04:00,232.17044145254513,235.66417938017372,230.31799921571454,235.45301818847656,3891000,0.0,0.0
2019-05-10 00:00:00-04:00,234.07087284641557,238.7259972351901,231.63294092607643,237.48782348632812,2816200,0.0,0.0
2019-05-13 00:00:00-04:00,231.80572040376913,234.10929319109763,230.70193517873594,231.6809539794922,4136900,0.0,0.0
2019-05-14 00:00:00-04:00,232.39113581510577,237.4973747443668,232.17997467769055,236.05764770507812,3862100,0.0,0.0
2019-05-15 00:00:00-04:00,234.51240117593707,240.95277360751615,234.39722766940844,239.1387176513672,4186900,0.0,0.0
2019-05-16 00:00:00-04:00,240.37688258384864,244.89761829671917,240.27130199152768,243.2371368408203,4911900,0.0,0.0
2019-05-17 00:00:00-04:00,241.02000451486663,244.07222006666112,240.76084944016077,242.4021453857422,3129800,0.0,0.0
2019-05-20 00:00:00-04:00,240.4248666831614,244.16815181256746,239.31147405392042,243.3043212890625,2951500,0.0,0.0
2019-05-21 00:00:00-04:00,244.7536622199112,245.66548665983282,243.59227565312815,245.0991973876953,2881600,0.0,0.0
2019-05-22 00:00:00-04:00,244.5136825279674,248.45852120685475,244.2737279818163,246.57728576660156,2936000,0.0,0.0
2019-05-23 00:00:00-04:00,244.5137423963442,245.42556696584293,238.35170989991045,239.69544982910156,5072500,0.0,0.0
2019-05-24 00:00:00-04:00,242.9684087363544,243.18916284898404,240.27132160271003,241.37510681152344,2710800,0.0,0.0
2019-05-28 00:00:00-04:00,242.5076546789091,247.40273304938873,242.49804712428858,243.2467041015625,6252100,0.0,0.0
2019-05-29 00:00:00-04:00,242.11416139124339,244.0337979533147,241.17354357661458,243.37152099609375,4014300,0.0,0.0
2019-05-30 00:00:00-04:00,244.05298350433222,245.77105167829322,242.6324419903378,243.9761962890625,2817400,0.0,0.0
2019-05-31 00:00:00-04:00,241.8549755969376,243.46747771975495,240.76078348153624,241.38467407226562,5041400,0.0,0.0
2019-06-03 00:00:00-04:00,241.68224842129945,242.81482697390916,230.59634423944797,232.52557373046875,5452100,0.0,0.0
2019-06-04 00:00:00-04:00,235.28030371736995,239.34992461334858,232.00731925477024,239.1675567626953,4862200,0.0,0.0
2019-06-05 00:00:00-04:00,241.36546050310534,246.64446009082153,240.09849357213568,245.96299743652344,4742400,0.0,0.0
2019-06-06 00:00:00-04:00,246.05903645200365,248.30503733446918,244.6193234655603,247.469970703125,3443500,0.0,0.0
2019-06-07 00:00:00-04:00,249.55268094295417,256.1466259412586,249.18794541496467,255.11961364746094,3691800,0.0,0.0
2019-06-10 00:00:00-04:00,258.1911055769411,259.0069569361003,254.62058056608265,255.4076385498047,4469000,0.0,0.0
2019-06-11 00:00:00-04:00,256.7226098388722,257.1257464255669,248.76570768339352,253.06570434570312,3119600,0.0,0.0
2019-06-12 00:00:00-04:00,251.9043527392706,253.59361321819208,250.85812489882883,253.2480926513672,2295300,0.0,0.0
2019-06-13 00:00:00-04:00,254.3517953378209,254.57256404468876,249.79265938365242,250.70449829101562,4331000,0.0,0.0
2019-06-14 00:00:00-04:00,249.54310167555894,251.45315963738065,248.9960276128844,249.64869689941406,3158200,0.0,0.0
2019-06-17 00:00:00-04:00,250.5125425827336,251.19400528244103,247.68106726229874,248.78488159179688,3332200,0.0,0.0
2019-06-18 00:00:00-04:00,251.18447257264722,251.71236094580084,244.820872259454,248.41058349609375,3921300,0.0,0.0
2019-06-19 00:00:00-04:00,248.4297744734473,250.14785754801537,247.92107191175566,249.42799377441406,4326500,0.0,0.0
2019-06-20 00:00:00-04:00,252.902558293286,256.9434151258686,251.95234738494713,256.0699768066406,4667300,0.0,0.0
2019-06-21 00:00:00-04:00,255.13883882760192,257.37520197616914,253.7950994277339,253.84307861328125,4285800,0.0,0.0
2019-06-24 00:00:00-04:00,255.1676881211448,256.36746093599754,254.4766178081365,254.6397705078125,2538100,0.0,0.0
2019-06-25 00:00:00-04:00,255.35004492535646,255.60918529731606,248.70809002045098,249.29359436035156,3138000,0.0,0.0
2019-06-26 00:00:00-04:00,250.3973993145377,252.09626713707482,249.54314697955823,250.80050659179688,3869400,0.0,0.0
2019-06-27 00:00:00-04:00,251.89468862880503,252.98886613609534,249.9366513157322,250.60853576660156,2186900,0.0,0.0
2019-06-28 00:00:00-04:00,252.5186160148366,254.19829819271163,250.82932627986153,253.9007568359375,4400300,0.0,0.0
2019-07-01 00:00:00-04:00,259.14139811899395,259.14139811899395,254.22713188312866,256.05078125,2646800,0.0,0.0
2019-07-02 00:00:00-04:00,256.15635711370675,259.72688298196084,255.72442708710005,259.6980895996094,2649100,0.0,0.0
2019-07-03 00:00:00-04:00,260.11073820290704,262.1071472167969,259.8995770223807,262.1071472167969,1896800,0.0,0.0
2019-07-05 00:00:00-04:00,260.5906278609527,261.8095863672115,258.27746260328684,261.2049255371094,2561000,0.0,0.0
2019-07-08 00:00:00-04:00,259.561636496145,261.4547750714516,258.94659300937707,260.6475524902344,2291700,0.33,0.0
2019-07-09 00:00:00-04:00,259.29255037505544,262.97310392656306,258.98502864581735,262.6752014160156,2477400,0.0,0.0
2019-07-10 00:00:00-04:00,263.472868768619,266.28854348850444,263.4536303287039,264.6356506347656,2323000,0.0,0.0
2019-07-11 00:00:00-04:00,266.76899776120166,267.7780186006584,265.30828422368893,267.4609069824219,2583900,0.0,0.0
2019-07-12 00:00:00-04:00,268.3450491423522,268.82554093888376,265.4813368042348,268.63336181640625,2299700,0.0,0.0
2019-07-15 00:00:00-04:00,269.51750053071675,269.64243311340215,267.6820180066481,268.47003173828125,3349500,0.0,0.0
2019-07-16 00:00:00-04:00,268.1144160972891,269.6808240090848,264.56838437694785,265.8272705078125,2976000,0.0,0.0
2019-07-17 00:00:00-04:00,266.5672720756065,267.6051215267196,264.5299620776022,264.5395812988281,2318900,0.0,0.0
2019-07-18 00:00:00-04:00,264.27052921282444,266.43274263365663,264.02066405514364,265.9810791015625,3241000,0.0,0.0
2019-07-19 00:00:00-04:00,268.5276305666427,268.57569734103396,264.6741064127455,264.8470764160156,3048200,0.0,0.0
2019-07-22 00:00:00-04:00,266.10593918465025,268.46033111645147,265.29871658001366,267.7395935058594,2092400,0.0,0.0
2019-07-23 00:00:00-04:00,269.0754443930172,269.479070463441,266.09638896471535,268.08563232421875,2275400,0.0,0.0
2019-07-24 00:00:00-04:00,267.31690127821264,269.3637723269657,265.59673190555543,269.31573486328125,2805200,0.0,0.0
2019-07-25 00:00:00-04:00,269.0754697997245,269.9403493729867,266.7210477082174,268.4508361816406,2312200,0.0,0.0
2019-07-26 00:00:00-04:00,269.6519892428355,271.27605378395435,269.15225902902023,271.06463623046875,2942100,0.0,0.0
2019-07-29 00:00:00-04:00,272.0735818365911,272.2753801140831,269.48853446443485,270.4591369628906,3677700,0.0,0.0
2019-07-30 00:00:00-04:00,268.4412354422044,271.35301544637883,264.70302337222444,267.3072814941406,3957900,0.0,0.0
2019-07-31 00:00:00-04:00,267.7972594160866,268.09516192664364,255.3236842130238,261.6469421386719,5513100,0.0,0.0
2019-08-01 00:00:00-04:00,263.2422810429812,268.41237849576424,261.0416492918981,263.46331787109375,4988100,0.0,0.0
2019-08-02 00:00:00-04:00,261.3874770679297,261.8679687537163,255.31405512113417,258.9369812011719,4438000,0.0,0.0
2019-08-05 00:00:00-04:00,249.85571164334024,252.40231206971183,243.99370638940712,246.81900024414062,6861300,0.0,0.0
2019-08-06 00:00:00-04:00,251.5856023230975,254.80490462499648,250.02881291774275,254.35324096679688,4918500,0.0,0.0
2019-08-07 00:00:00-04:00,253.12298411167686,259.46547947533924,250.09589271650754,258.8023986816406,4476000,0.0,0.0
2019-08-08 00:00:00-04:00,261.387515386933,267.2302822388096,261.0031278473301,267.1918640136719,4135500,0.0,0.0
2019-08-09 00:00:00-04:00,264.76059107658966,266.09634298043693,262.4253787278588,264.2224426269531,3410500,0.0,0.0
2019-08-12 00:00:00-04:00,262.20429282216355,264.2511918931268,258.3988072592765,259.4654846191406,3322600,0.0,0.0
2019-08-13 00:00:00-04:00,259.3021826487809,264.62603981469454,257.5435956272478,263.8188171386719,3899800,0.0,0.0
2019-08-14 00:00:00-04:00,259.2925845487058,261.8391850520261,255.4774787402596,256.72674560546875,3750300,0.0,0.0
2019-08-15 00:00:00-04:00,258.7737079836113,262.49271047504357,257.630134953055,261.2818908691406,3364300,0.0,0.0
2019-08-16 00:00:00-04:00,264.251291032437,265.1930362273873,263.1077181583746,263.65545654296875,2718100,0.0,0.0
2019-08-19 00:00:00-04:00,266.1924132865983,267.7011643281558,264.4722447148424,267.2206726074219,2502300,0.0,0.0
2019-08-20 00:00:00-04:00,267.5378195721856,268.65256403073573,265.08732320356785,266.23089599609375,2583600,0.0,0.0
2019-08-21 00:00:00-04:00,268.7294016130159,271.0934124736482,268.3930515707056,271.0069274902344,2492200,0.0,0.0
2019-08-22 00:00:00-04:00,271.10308322315973,271.8526786234207,265.9618441609946,269.81536865234375,2975800,0.0,0.0
2019-08-23 00:00:00-04:00,269.0754551540122,271.08390771075557,259.66741584977467,261.2818908691406,4415000,0.0,0.0
2019-08-26 00:00:00-04:00,264.1551406739882,265.6446533203125,262.3292779481071,265.6446533203125,2184400,0.0,0.0
2019-08-27 00:00:00-04:00,265.9426325302872,268.20095019916437,264.18404517863183,265.8465576171875,2169400,0.0,0.0
2019-08-28 00:00:00-04:00,264.4914928802097,267.77803994784387,262.7040483633604,267.384033203125,2306900,0.0,0.0
2019-08-29 00:00:00-04:00,270.03637185936185,270.9781462761959,267.9990914685972,270.40155029296875,2297200,0.0,0.0
2019-08-30 00:00:00-04:00,271.564399661837,271.91995896393166,267.85501639178244,270.3919982910156,2600300,0.0,0.0
2019-09-03 00:00:00-04:00,269.06577797352753,271.8045869889135,267.63392185163735,269.18109130859375,2350800,0.0,0.0
2019-09-04 00:00:00-04:00,271.73725637405687,275.0430415056699,271.141451378281,274.9373474121094,2631000,0.0,0.0
2019-09-05 00:00:00-04:00,278.9638514800177,282.0101521301008,278.3007706542251,280.6839904785156,3808300,0.0,0.0
2019-09-06 00:00:00-04:00,280.54956205850823,281.6354782479508,278.73328892886155,280.01141357421875,2783300,0.0,0.0
2019-09-09 00:00:00-04:00,282.0390590440884,282.23126748916474,269.17150427035654,272.3042907714844,4795900,0.0,0.0
2019-09-10 00:00:00-04:00,270.36309097208857,270.51685184938236,259.79227260497237,261.7046203613281,8683800,0.0,0.0
2019-09-11 00:00:00-04:00,264.1935380586998,265.2313871044105,258.6967124862142,259.4174499511719,6342300,0.0,0.0
2019-09-12 00:00:00-04:00,262.7233042119675,267.8933710252257,262.531095773113,265.6158447265625,5497900,0.0,0.0
2019-09-13 00:00:00-04:00,267.1438276904957,267.29758858924015,262.38697635781466,265.53900146484375,4631100,0.0,0.0
2019-09-16 00:00:00-04:00,262.80013621403333,265.00079645044104,262.06977943252645,263.3863220214844,2755100,0.0,0.0
2019-09-17 00:00:00-04:00,263.83802641152124,267.75885578530136,263.2614597332221,265.4717102050781,2929500,0.0,0.0
2019-09-18 00:00:00-04:00,265.9713725308793,266.0482676280953,259.8883603418505,264.3665466308594,2975900,0.0,0.0
2019-09-19 00:00:00-04:00,265.1929654167766,267.29752136579015,264.1262879415457,265.1449279785156,2623800,0.0,0.0
2019-09-20 00:00:00-04:00,266.9516420323468,267.72041718037127,260.340070182525,260.5899353027344,5540800,0.0,0.0
2019-09-23 00:00:00-04:00,259.75383633873764,263.05962202694974,259.46555301059294,262.4926452636719,3092000,0.0,0.0
2019-09-24 00:00:00-04:00,264.8759155573802,266.6152935350898,258.56224623839216,260.5418701171875,4120300,0.0,0.0
2019-09-25 00:00:00-04:00,259.70578713421423,262.33887250168294,256.2077931676924,262.1082458496094,4083600,0.0,0.0
2019-09-26 00:00:00-04:00,262.56960461786997,264.6933705265782,261.993008493602,263.203857421875,2924600,0.0,0.0
2019-09-27 00:00:00-04:00,264.6452519933607,264.87587864165516,257.2456675404416,258.6294860839844,3175700,0.0,0.0
2019-09-30 00:00:00-04:00,260.416947781333,261.45482653783444,258.8121215221278,260.9743347167969,3128700,0.0,0.0
2019-10-01 00:00:00-04:00,260.8973339900739,262.97306133592053,259.50392586925824,260.3688049316406,3066400,0.0,0.0
2019-10-02 00:00:00-04:00,257.6973622695664,258.44692829452646,252.27740076070762,254.16094970703125,4308900,0.0,0.0
2019-10-03 00:00:00-04:00,253.9398841608326,258.062511494594,250.24971112309575,257.822265625,3948100,0.0,0.0
2019-10-04 00:00:00-04:00,258.99460340148187,263.7706912958806,258.6582534008012,263.3670654296875,2671400,0.0,0.0
2019-10-07 00:00:00-04:00,260.72448955002375,262.8290462334745,259.8596100713074,261.5701599121094,2861900,0.0,0.0
2019-10-08 00:00:00-04:00,259.6073384690067,260.81962758854036,256.49958317798155,256.96142578125,2818900,0.33,0.0
2019-10-09 00:00:00-04:00,259.74199869719666,262.8016579292724,259.29941793075926,261.9356994628906,2169600,0.0,0.0
2019-10-10 00:00:00-04:00,261.2814755252262,264.31224242966067,260.9928422438478,263.4655456542969,2194700,0.0,0.0
2019-10-11 00:00:00-04:00,265.7458285826762,269.40198665659256,264.70669019115127,265.466796875,3493000,0.0,0.0
2019-10-14 00:00:00-04:00,267.0543668829932,268.01651693787136,265.13006677323676,265.9190368652344,2042500,0.0,0.0
2019-10-15 00:00:00-04:00,266.7176319664369,269.3635448502319,265.5149442919846,268.01654052734375,3006600,0.0,0.0
2019-10-16 00:00:00-04:00,266.6118190501225,268.4687618386811,264.39885603274024,267.7375183105469,2689400,0.0,0.0
2019-10-17 00:00:00-04:00,268.7766311257903,269.8253711910729,265.4860649277327,266.04412841796875,2396600,0.0,0.0
2019-10-18 00:00:00-04:00,264.8221240581623,266.20762223688774,259.68424721309043,260.3866271972656,4052300,0.0,0.0
2019-10-21 00:00:00-04:00,261.6373431203683,263.9753596857252,259.2993265550114,263.9176330566406,2921200,0.0,0.0
2019-10-22 00:00:00-04:00,264.49508175077005,264.9280610819096,251.13083086034638,251.37136840820312,5619500,0.0,0.0
2019-10-23 00:00:00-04:00,252.737558765267,254.1904146831778,248.72540964774137,250.97683715820312,5367000,0.0,0.0
2019-10-24 00:00:00-04:00,253.5841989773096,259.13579275365487,253.5841989773096,258.5777587890625,3791900,0.0,0.0
2019-10-25 00:00:00-04:00,256.1820452422614,261.87795628447174,255.50852855813872,259.9632873535156,2760200,0.0,0.0
2019-10-28 00:00:00-04:00,262.9172501923401,265.4861755371094,261.0987716867708,265.4861755371094,3796600,0.0,0.0
2019-10-29 00:00:00-04:00,267.09301079521146,267.7568970541423,262.7440713178667,263.9082946777344,4706700,0.0,0.0
2019-10-30 00:00:00-04:00,264.24496540516395,266.9678377617019,262.6670248614487,266.6599426269531,3485500,0.0,0.0
2019-10-31 00:00:00-04:00,265.91910712112684,268.5265262372304,264.64906166614384,266.33282470703125,5356000,0.0,0.0
2019-11-01 00:00:00-04:00,268.43991082589395,269.77731372293067,265.66891350001464,268.4880065917969,2880000,0.0,0.0
2019-11-04 00:00:00-05:00,270.01780437738216,271.5572209688239,265.37060318856163,265.87091064453125,3726600,0.0,0.0
2019-11-05 00:00:00-05:00,266.03457874170465,266.4675581555426,258.26041662962035,258.8184509277344,4717500,0.0,0.0
2019-11-06 00:00:00-05:00,260.0692225177411,261.3873931346624,258.70298549180507,259.6458740234375,3742900,0.0,0.0
2019-11-07 00:00:00-05:00,259.79976072051676,264.6682379016728,259.64581318025404,262.4649353027344,4277800,0.0,0.0
2019-11-08 00:00:00-05:00,261.4161820861168,264.54316976962303,261.4161820861168,264.4854431152344,2241300,0.0,0.0
2019-11-11 00:00:00-05:00,262.7439228477232,266.64064816939594,262.7246904172111,266.51556396484375,2132600,0.0,0.0
2019-11-12 00:00:00-05:00,267.0928187707043,268.92089771271236,265.33206800637373,266.6502380371094,2217200,0.0,0.0
2019-11-13 00:00:00-05:00,266.04418340973353,269.84465939953475,264.59132709043814,267.5451354980469,3320600,0.0,0.0
2019-11-14 00:00:00-05:00,266.94857074630175,269.0460510253906,266.2269581341159,269.0460510253906,2365900,0.0,0.0
2019-11-15 00:00:00-05:00,270.01787160088463,270.2680107098993,267.6028649759009,270.1525573730469,2544200,0.0,0.0
2019-11-18 00:00:00-05:00,269.4019658336973,271.10496054722324,267.8625201564366,270.2294006347656,2715900,0.0,0.0
2019-11-19 00:00:00-05:00,270.8644902005985,275.73296744062213,270.30645605257826,274.51104736328125,3013800,0.0,0.0
2019-11-20 00:00:00-05:00,274.21277792297394,276.83945826094333,272.1537626193111,274.5783996582031,2903900,0.0,0.0
2019-11-21 00:00:00-05:00,273.8278798514807,275.67519130040574,272.8560990123412,273.6835632324219,2777000,0.0,0.0
2019-11-22 00:00:00-05:00,274.04922584099046,274.55916426745637,270.5662468493747,271.8747863769531,2968100,0.0,0.0
2019-11-25 00:00:00-05:00,273.2506208350151,278.05174030509835,272.96198755800236,276.7239685058594,3760200,0.0,0.0
2019-11-26 00:00:00-05:00,277.5803355878952,279.648952666918,276.926080492087,278.4270324707031,5712800,0.0,0.0
2019-11-27 00:00:00-05:00,278.090286626023,280.94787405374063,277.97483329358926,280.65924072265625,2163500,0.0,0.0
2019-11-29 00:00:00-05:00,279.2447979494623,281.9099428110027,279.2447979494623,281.1690979003906,1754400,0.0,0.0
2019-12-02 00:00:00-05:00,279.5912208421134,279.7451683963725,273.14483217154185,275.6271667480469,3062300,0.0,0.0
2019-12-03 00:00:00-05:00,271.5188246963405,276.7144304111454,270.84530774558016,276.2237243652344,2528300,0.0,0.0
2019-12-04 00:00:00-05:00,277.5802964260792,278.65789981126,275.29037455132493,275.9831237792969,2743300,0.0,0.0
2019-12-05 00:00:00-05:00,277.05116243191947,279.93761303813847,275.55981200120993,278.8792419433594,2580300,0.0,0.0
2019-12-06 00:00:00-05:00,281.2460964651132,281.42890733511655,278.715636976375,279.40838623046875,2425200,0.0,0.0
2019-12-09 00:00:00-05:00,278.24416378916357,279.94715873666325,277.34937132670547,278.11907958984375,1903000,0.0,0.0
2019-12-10 00:00:00-05:00,278.0614099013955,279.18713856340025,276.8202279125172,277.6861572265625,2514300,0.0,0.0
2019-12-11 00:00:00-05:00,278.7925918807888,279.33139352886144,277.20502089942687,279.07159423828125,2298100,0.0,0.0
2019-12-12 00:00:00-05:00,278.9272771731654,281.6694105264499,277.3589679861559,281.14984130859375,2746400,0.0,0.0
2019-12-13 00:00:00-05:00,279.78358227838993,285.3063133999041,278.831033895117,284.8829650878906,3565400,0.0,0.0
2019-12-16 00:00:00-05:00,286.82649827268665,288.14466832626675,285.6238108738796,285.72003173828125,4210700,0.0,0.0
2019-12-17 00:00:00-05:00,287.2017616065773,287.2017616065773,282.65078174831297,284.79638671875,3354500,0.0,0.0
2019-12-18 00:00:00-05:00,284.0268083207027,286.0473006600015,283.5841979980469,283.5841979980469,2902700,0.0,0.0
2019-12-19 00:00:00-05:00,283.34360978795064,286.8939464599791,282.97798800519513,286.2685546875,2536900,0.0,0.0
2019-12-20 00:00:00-05:00,289.1741727425861,289.1741727425861,285.57574111384906,287.2691345214844,5099400,0.0,0.0
2019-12-23 00:00:00-05:00,287.43270284346505,288.48144289746176,285.85479199536104,286.0183410644531,3590500,0.0,0.0
2019-12-24 00:00:00-05:00,286.6822111659051,287.0189695447311,285.3737012353094,286.22039794921875,641100,0.0,0.0
2019-12-26 00:00:00-05:00,286.8265357878618,288.03885424041846,286.52827162294534,287.87530517578125,1369200,0.0,0.0
2019-12-27 00:00:00-05:00,288.64495210787845,290.11704018912934,286.8938323514281,289.35693359375,2042600,0.0,0.0
2019-12-30 00:00:00-05:00,289.44362796942414,289.6553021851617,284.10370617410473,286.45135498046875,2717600,0.0,0.0
2019-12-31 00:00:00-05:00,284.8926467913185,287.61551861954393,284.57512081943764,287.28839111328125,2478600,0.0,0.0
2020-01-02 00:00:00-05:00,289.08761612110555,292.0414240292224,288.16396022968,291.90673828125,3272400,0.0,0.0
2020-01-03 00:00:00-05:00,288.12536831299303,290.9733528365419,287.2979335863748,289.05865478515625,2501300,0.0,0.0
2020-01-06 00:00:00-05:00,286.10488533112414,289.9246216775287,284.8156079653647,289.82843017578125,3307200,0.0,0.0
2020-01-07 00:00:00-05:00,290.3191035641815,291.89704350577387,288.5295188310187,288.8470153808594,3182000,0.0,0.0
2020-01-08 00:00:00-05:00,289.781653474783,295.726053701882,289.5215369008107,293.9436950683594,3224400,0.4,0.0
2020-01-09 00:00:00-05:00,297.00737102553023,299.57010846464317,296.7568688287123,297.7973937988281,3292600,0.0,0.0
2020-01-10 00:00:00-05:00,300.1866995257496,300.54319473990694,297.4505509793831,299.7917175292969,2948000,0.0,0.0
2020-01-13 00:00:00-05:00,301.80531202013447,304.09828939954554,301.45846052830353,303.6839904785156,3236400,0.0,0.0
2020-01-14 00:00:00-05:00,304.618561755311,304.8498059135281,298.52965168515146,299.2811584472656,4951400,0.0,0.0
2020-01-15 00:00:00-05:00,300.774422814342,304.1849869532643,299.66647974201373,302.75909423828125,4664200,0.0,0.0
2020-01-16 00:00:00-05:00,305.89028725398003,308.61679246820125,303.47205856668137,308.587890625,3323300,0.0,0.0
2020-01-17 00:00:00-05:00,309.67648346175764,312.1814169323811,307.5665613316488,311.824951171875,4821000,0.0,0.0
2020-01-21 00:00:00-05:00,310.62072301047925,313.7518831429733,309.7343508977774,310.15826416015625,5998600,0.0,0.0
2020-01-22 00:00:00-05:00,313.06784469360497,314.84055946851794,312.2681781245492,312.45123291015625,3518500,0.0,0.0
2020-01-23 00:00:00-05:00,313.1160293343613,313.35688781846466,310.53403344117424,313.0967712402344,4188300,0.0,0.0
2020-01-24 00:00:00-05:00,314.62860812339835,315.12958315460696,309.8981442613066,311.83465576171875,3634700,0.0,0.0
2020-01-27 00:00:00-05:00,303.57802649683015,307.6822349004779,301.07309248700443,304.2235107421875,4367500,0.0,0.0
2020-01-28 00:00:00-05:00,304.252379224532,309.76322168126785,303.9248152640208,308.5589294433594,3486200,0.0,0.0
2020-01-29 00:00:00-05:00,311.18908141063,312.5764282743151,305.1868789461917,308.6070861816406,4389400,0.0,0.0
2020-01-30 00:00:00-05:00,307.33536313576917,312.82694721578883,306.3815731414667,312.595703125,3512100,0.0,0.0
2020-01-31 00:00:00-05:00,311.3240029806546,312.59571321354565,302.99992108355656,304.38726806640625,5586800,0.0,0.0
2020-02-03 00:00:00-05:00,307.1426912869816,313.57845157565595,306.78622547641885,312.6535339355469,4240100,0.0,0.0
2020-02-04 00:00:00-05:00,316.23747026526934,319.60948823644384,314.3587921794702,317.0852966308594,4158200,0.0,0.0
2020-02-05 00:00:00-05:00,322.7503678524389,322.7503678524389,312.3163912851681,316.31463623046875,3868000,0.0,0.0
2020-02-06 00:00:00-05:00,317.27801551976864,319.11817754476505,315.697970027521,317.25872802734375,3422000,0.0,0.0
2020-02-07 00:00:00-05:00,316.00621923977445,317.7885772713064,313.9541009776408,315.04278564453125,2584200,0.0,0.0
2020-02-10 00:00:00-05:00,313.7133665558208,318.2029724121094,313.60740293126486,318.2029724121094,3848100,0.0,0.0
2020-02-11 00:00:00-05:00,322.7503777117295,323.2513527880535,317.60564387580877,318.819580078125,3449300,0.0,0.0
2020-02-12 00:00:00-05:00,318.7231746962238,322.220444071709,317.1816747459319,321.9410400390625,2451000,0.0,0.0
2020-02-13 00:00:00-05:00,320.15862033041356,325.4767632687542,319.98520933715105,323.5595397949219,3001000,0.0,0.0
2020-02-14 00:00:00-05:00,325.1203536982101,328.569463079968,324.7060842310806,328.4827575683594,2716300,0.0,0.0
2020-02-18 00:00:00-05:00,329.1282555504769,330.55414818289916,327.9432507737455,328.76214599609375,3597300,0.0,0.0
2020-02-19 00:00:00-05:00,331.4115595940893,334.5427192186671,330.1013038332186,331.9607238769531,3040300,0.0,0.0
2020-02-20 00:00:00-05:00,333.0975445817532,334.5523388185529,325.8043741124549,331.854736328125,4316000,0.0,0.0
2020-02-21 00:00:00-05:00,330.02429725023666,331.3153246536292,323.33806309388257,327.2785339355469,4997100,0.0,0.0
2020-02-24 00:00:00-05:00,305.8999054850323,317.29731552894407,302.3640901527804,312.798095703125,7816000,0.0,0.0
2020-02-25 00:00:00-05:00,309.5898523442845,311.41075656600185,289.7623952061586,291.81451416015625,12715700,0.0,0.0
2020-02-26 00:00:00-05:00,290.9570047638917,296.63164390337784,286.9973059972887,287.1418151855469,9403300,0.0,0.0
2020-02-27 00:00:00-05:00,274.6075314187603,286.573392002505,270.66709075402315,275.36865234375,13814600,0.0,0.0
2020-02-28 00:00:00-05:00,264.83838660957275,279.7716136229233,263.5473591749469,279.63671875,12846000,0.0,0.0
2020-03-02 00:00:00-05:00,287.9607199101637,295.73560771841625,278.85625945671785,295.5236511230469,9688100,0.0,0.0
2020-03-03 00:00:00-05:00,303.0866278067059,303.0866278067059,280.19543189981835,281.3226623535156,8051100,0.0,0.0
2020-03-04 00:00:00-05:00,288.17264293222456,291.7277156748365,282.0452186484253,291.3038024902344,6463800,0.0,0.0
2020-03-05 00:00:00-05:00,284.89703367243897,287.787335406282,277.7001811791031,280.0991516113281,6621300,0.0,0.0
2020-03-06 00:00:00-05:00,272.3531558776311,278.28791276009633,268.4319724978764,276.51519775390625,7061500,0.0,0.0
2020-03-09 00:00:00-04:00,255.30999462585015,269.02928455117257,251.62966991106902,252.42933654785156,8498300,0.0,0.0
2020-03-10 00:00:00-04:00,266.31242395478023,270.59968736808037,253.24823261393038,270.3106689453125,8131400,0.0,0.0
2020-03-11 00:00:00-04:00,262.96922975680394,264.01936891999776,253.68171514397767,259.8958740234375,8366800,0.0,0.0
2020-03-12 00:00:00-04:00,235.5884535729993,252.89171548036563,232.1200861947044,232.66925048828125,15031500,0.0,0.0
2020-03-13 00:00:00-04:00,249.3174657056766,260.15609891697426,236.52306252209615,260.1368408203125,9934900,0.0,0.0
2020-03-16 00:00:00-04:00,225.9155853710613,248.30579101745033,220.8768162730417,227.0331573486328,12111500,0.0,0.0
2020-03-17 00:00:00-04:00,231.6865134468976,241.34012246159386,223.4780695669335,229.1815948486328,12665200,0.0,0.0
2020-03-18 00:00:00-04:00,214.20988245497517,220.72270480425863,205.423370292432,219.59547424316406,11352800,0.0,0.0
2020-03-19 00:00:00-04:00,215.81878233020578,229.77894222564845,203.81440641117658,218.84396362304688,9126400,0.0,0.0
2020-03-20 00:00:00-04:00,227.38963951835618,227.38963951835618,202.3210890367166,203.6891632080078,10518600,0.0,0.0
2020-03-23 00:00:00-04:00,195.84683133279415,207.79340516079333,192.6771404430631,195.86610412597656,11588700,0.0,0.0
2020-03-24 00:00:00-04:00,208.02465427048128,229.72119068524597,207.13829681101808,228.4012908935547,11654800,0.0,0.0
2020-03-25 00:00:00-04:00,238.83520858691205,256.56238280418853,231.57092495006205,247.1014862060547,12642700,0.0,0.0
2020-03-26 00:00:00-04:00,248.4695440450954,256.0903081002827,243.3826153118705,253.5564727783203,9957900,0.0,0.0
2020-03-27 00:00:00-04:00,241.08969575298448,246.70651695197023,235.75226390657798,238.59439086914062,7819300,0.0,0.0
2020-03-30 00:00:00-04:00,236.8602193696213,244.9530578794037,235.7040869817947,243.9896240234375,5765800,0.0,0.0
2020-03-31 00:00:00-04:00,243.22851921270282,244.1534074875421,232.2646371614085,232.72708129882812,10373900,0.0,0.0
2020-04-01 00:00:00-04:00,222.49536671587558,228.43012145426223,218.79578507408803,220.2505645751953,6646200,0.0,0.0
2020-04-02 00:00:00-04:00,220.03866887407642,230.61716902989474,219.03670408170288,230.1450958251953,6446600,0.0,0.0
2020-04-03 00:00:00-04:00,228.31454204374427,231.10850893608134,221.88844024261914,228.3627166748047,4163000,0.0,0.0
2020-04-06 00:00:00-04:00,242.78527830392312,257.34274655292035,240.8680400599383,256.2155456542969,8636700,0.0,0.0
2020-04-07 00:00:00-04:00,271.3125604451892,272.5264963618112,249.0283628155169,249.6063995361328,8627300,0.0,0.0
2020-04-08 00:00:00-04:00,253.30205832216117,262.3433861243705,249.82832809447572,261.4460144042969,5690100,0.4,0.0
2020-04-09 00:00:00-04:00,265.4794005337133,266.3188792458828,258.3293140463914,259.95037841796875,6662900,0.0,0.0
2020-04-13 00:00:00-04:00,258.7925722760084,259.2750341710441,246.77925931076442,254.10302734375,7114400,0.0,0.0
2020-04-14 00:00:00-04:00,260.4135887943335,265.9715582156255,259.7574478063009,261.22412109375,6354400,0.0,0.0
2020-04-15 00:00:00-04:00,251.37225595356801,253.72667188860376,246.65376542443394,248.12046813964844,10240700,0.0,0.0
2020-04-16 00:00:00-04:00,249.32661866564723,249.32661866564723,236.12645639820695,238.1045379638672,11455400,0.0,0.0
2020-04-17 00:00:00-04:00,249.19151131622596,251.5555858355418,242.68792117054844,250.85118103027344,10412100,0.0,0.0
2020-04-20 00:00:00-04:00,245.58269388133186,247.62834187326058,240.91246730992296,242.90020751953125,6042700,0.0,0.0
2020-04-21 00:00:00-04:00,237.99840749507177,240.64230354225546,235.53786401695945,236.7440185546875,5964600,0.0,0.0
2020-04-22 00:00:00-04:00,242.63971323950184,249.52926767431836,242.1958418716466,247.89854431152344,5083200,0.0,0.0
2020-04-23 00:00:00-04:00,250.29153921021137,253.21525645238486,246.3160440857639,246.88534545898438,4270600,0.0,0.0
2020-04-24 00:00:00-04:00,249.36516777012395,250.71605475216228,243.96160511840677,249.68360900878906,3824200,0.0,0.0
2020-04-27 00:00:00-04:00,251.09234672408186,256.399424967507,250.4072594142159,255.82046508789062,4099900,0.0,0.0
2020-04-28 00:00:00-04:00,260.91523807876985,263.08631536770633,253.73620682091675,255.31869506835938,4344000,0.0,0.0
2020-04-29 00:00:00-04:00,268.6830661055017,275.0033057392496,266.5698804529973,273.7392578125,8505000,0.0,0.0
2020-04-30 00:00:00-04:00,268.6637010276204,271.75146867295337,263.81979461304974,265.3250732421875,5898900,0.0,0.0
2020-05-01 00:00:00-04:00,259.2750228848276,264.3794483101715,257.83726647615333,259.3135986328125,5067800,0.0,0.0
2020-05-04 00:00:00-04:00,256.18724606465383,260.5969545049058,253.78459543989896,259.81536865234375,3747100,0.0,0.0
2020-05-05 00:00:00-04:00,267.12944888647,268.10403115648296,263.7136110589612,264.3697814941406,3926200,0.0,0.0
2020-05-06 00:00:00-04:00,267.24517110438325,267.24517110438325,262.0249320844443,262.88372802734375,3261900,0.0,0.0
2020-05-07 00:00:00-04:00,268.06547830183587,272.5427388647808,267.5154646689751,268.70233154296875,4371400,0.0,0.0
2020-05-08 00:00:00-04:00,273.45930779570494,273.478625111428,269.69611212065615,272.5329895019531,3215400,0.0,0.0
2020-05-11 00:00:00-04:00,269.6961500627486,272.89004486872295,267.8917476164459,271.365478515625,4056900,0.0,0.0
2020-05-12 00:00:00-04:00,270.6128580638308,272.42688984817335,262.56536865234375,262.56536865234375,4031400,0.0,0.0
2020-05-13 00:00:00-04:00,262.74871723931926,266.38649851074643,254.92320000289232,259.7188720703125,4802100,0.0,0.0
2020-05-14 00:00:00-04:00,260.72238421986555,267.8242082094676,254.7012405687539,267.5829772949219,6294200,0.0,0.0
2020-05-15 00:00:00-04:00,266.35751967643336,269.3487887358235,263.70397976759443,269.1557922363281,3813300,0.0,0.0
2020-05-18 00:00:00-04:00,275.4470303969652,281.84447736380383,275.0031738702996,279.7312927246094,6037800,0.0,0.0
2020-05-19 00:00:00-04:00,279.02694822174783,287.3735308098347,277.4058543225978,280.5322265625,5211800,0.0,0.0
2020-05-20 00:00:00-04:00,285.37620811518406,290.5867906410466,285.0288496887904,288.3192138671875,4592200,0.0,0.0
2020-05-21 00:00:00-04:00,288.8691607728368,289.40951560940783,282.4813715320558,283.93841552734375,3944100,0.0,0.0
2020-05-22 00:00:00-04:00,284.71028437245207,286.38924159651907,282.73220326242193,284.5655517578125,2897000,0.0,0.0
2020-05-26 00:00:00-04:00,293.9349755556095,294.3016511768127,291.34898778634994,292.6902160644531,5246900,0.0,0.0
2020-05-27 00:00:00-04:00,293.3367023443165,294.04110700025274,281.8734080806369,289.25506591796875,5147900,0.0,0.0
2020-05-28 00:00:00-04:00,290.42267351062867,299.12627251643136,288.3577231721846,291.69635009765625,4520800,0.0,0.0
2020-05-29 00:00:00-04:00,291.40689689726645,293.751653934129,288.3866816317907,290.3358459472656,4930100,0.0,0.0
2020-06-01 00:00:00-04:00,290.2490123522088,292.42974915074376,287.4507397510099,290.8279724121094,2841800,0.0,0.0
2020-06-02 00:00:00-04:00,294.2919266724548,295.37263597916865,291.1076917903787,292.9410400390625,4131300,0.0,0.0
2020-06-03 00:00:00-04:00,294.7649081220552,297.30263276606263,291.6095887164612,296.29913330078125,3429700,0.0,0.0
2020-06-04 00:00:00-04:00,294.72628815268683,295.8648910160989,288.84024787561873,290.7990417480469,4147700,0.0,0.0
2020-06-05 00:00:00-04:00,296.0480789841232,301.2297117576571,294.92876455983867,300.94024658203125,5058200,0.0,0.0
2020-06-08 00:00:00-04:00,300.14910601599144,302.5807026711713,296.27975330039186,299.52191162109375,3724300,0.0,0.0
2020-06-09 00:00:00-04:00,298.91407556076126,302.4746465238199,297.3895090054374,300.5640869140625,3314800,0.0,0.0
2020-06-10 00:00:00-04:00,301.43248013234825,304.9737330494644,299.4061347999337,302.1658020019531,4089000,0.0,0.0
2020-06-11 00:00:00-04:00,294.3113546504995,295.7394227225893,280.850658743512,281.03399658203125,6505300,0.0,0.0
2020-06-12 00:00:00-04:00,288.30949746340826,289.4673879816901,280.6866077913228,287.3445739746094,4512200,0.0,0.0
2020-06-15 00:00:00-04:00,279.827823235278,288.43495406532065,278.6216688247811,286.746337890625,5932900,0.0,0.0
2020-06-16 00:00:00-04:00,295.17985231990434,298.24830303148127,289.58327643855137,293.8000183105469,4013100,0.0,0.0
2020-06-17 00:00:00-04:00,294.30172054193815,296.69474185419807,292.449054131296,293.105224609375,2566400,0.0,0.0
2020-06-18 00:00:00-04:00,291.24280348882115,294.3981217080612,289.95946838249836,294.1568908691406,2776600,0.0,0.0
2020-06-19 00:00:00-04:00,298.6437968725298,298.6437968725298,286.09979248046875,286.09979248046875,4533500,0.0,0.0
2020-06-22 00:00:00-04:00,289.09109566687926,294.2534424451882,287.28669337613746,293.7613220214844,3489200,0.0,0.0
2020-06-23 00:00:00-04:00,296.2604858215153,299.5412201066583,293.7420494103659,296.1157531738281,3801500,0.0,0.0
2020-06-24 00:00:00-04:00,294.30173747057336,294.80348720889873,282.78054578562666,283.6972351074219,5086000,0.0,0.0
2020-06-25 00:00:00-04:00,283.8418628560318,287.92349932364624,280.47428970828247,287.55682373046875,3294800,0.0,0.0
2020-06-26 00:00:00-04:00,286.4664482576584,287.6532851295056,279.0268974899839,279.19091796875,4922500,0.0,0.0
2020-06-29 00:00:00-04:00,281.1208044899061,282.8673136413874,275.1479257640328,282.655029296875,3642200,0.0,0.0
2020-06-30 00:00:00-04:00,282.80944554719457,286.1963367003721,280.80241747868996,285.3279113769531,4283500,0.0,0.0
2020-07-01 00:00:00-04:00,285.5788055019286,292.63239528189075,284.7682731403705,290.6060791015625,3801300,0.0,0.0
2020-07-02 00:00:00-04:00,293.6551421927798,296.12537332968833,290.7410839587587,291.8121643066406,3290100,0.0,0.0
2020-07-06 00:00:00-04:00,295.8938196317654,296.54033140832786,292.5359043092887,294.8517150878906,3013300,0.0,0.0
2020-07-07 00:00:00-04:00,292.55523807152264,296.99389327092865,288.89816876440716,289.3902893066406,3633100,0.0,0.0
2020-07-08 00:00:00-04:00,290.74293671540084,291.35165516126426,287.3515222235667,290.00860595703125,4115000,0.4,0.0
2020-07-09 00:00:00-04:00,289.49655228106536,290.5593918099538,280.74267036520087,284.6365051269531,5042800,0.0,0.0
2020-07-10 00:00:00-04:00,284.0663460091516,286.9263254542616,281.6508158560125,285.6895751953125,3030900,0.0,0.0
2020-07-13 00:00:00-04:00,287.7959292864426,288.53025993682064,280.2208297677797,280.37542724609375,4853700,0.0,0.0
2020-07-14 00:00:00-04:00,282.13390534947246,288.994016479575,278.8970892367004,288.8490905761719,4795900,0.0,0.0
2020-07-15 00:00:00-04:00,292.7623128674635,296.40492244874235,291.2067252925256,295.3904113769531,5257300,0.0,0.0
2020-07-16 00:00:00-04:00,292.73324787250357,293.27432422814053,288.8104295509107,289.2355651855469,3312100,0.0,0.0
2020-07-17 00:00:00-04:00,291.53523741936664,294.926622419723,289.293617887157,293.7864990234375,3169800,0.0,0.0
2020-07-20 00:00:00-04:00,291.7187766775293,304.3471466949726,291.7187766775293,301.4195251464844,5279400,0.0,0.0
2020-07-21 00:00:00-04:00,302.42438759228315,303.43889850368237,295.9507547214453,297.20684814453125,3562100,0.0,0.0
2020-07-22 00:00:00-04:00,297.71885871492606,302.97505347881423,297.71885871492606,302.78179931640625,3303100,0.0,0.0
2020-07-23 00:00:00-04:00,302.9557757426074,306.52110055731123,298.28898452655005,299.4291076660156,3118500,0.0,0.0
2020-07-24 00:00:00-04:00,296.12482141102373,300.231224588662,294.25036677807867,296.5499572753906,2500300,0.0,0.0
2020-07-27 00:00:00-04:00,296.6851764029977,299.52584321042644,295.68030725343715,298.4243469238281,2311600,0.0,0.0
2020-07-28 00:00:00-04:00,298.07652173713797,299.71909459153846,295.6899759590061,295.9798278808594,2116300,0.0,0.0
2020-07-29 00:00:00-04:00,294.2116194326631,301.12970242961876,293.8444540731735,298.84942626953125,3542400,0.0,0.0
2020-07-30 00:00:00-04:00,293.72844925667476,302.25044620988297,292.80089398891243,298.55950927734375,3941600,0.0,0.0
2020-07-31 00:00:00-04:00,299.5257712951182,299.6127268516357,295.28408573521466,298.1054382324219,4684400,0.0,0.0
2020-08-03 00:00:00-04:00,300.492076549439,302.907607711412,298.84950356471165,302.0283508300781,3907800,0.0,0.0
2020-08-04 00:00:00-04:00,301.9413009132656,305.0235200719046,300.5886097824652,303.7674560546875,3409200,0.0,0.0
2020-08-05 00:00:00-04:00,305.6805793374391,318.5408626370098,305.19747318948686,316.9176330566406,5677200,0.0,0.0
2020-08-06 00:00:00-04:00,316.3378189447234,320.02875604864494,314.8885008712261,318.9852600097656,4839800,0.0,0.0
2020-08-07 00:00:00-04:00,316.917606536839,317.236443593765,312.98511574483047,316.9369201660156,3662500,0.0,0.0
2020-08-10 00:00:00-04:00,316.13498395177385,318.5988133597392,310.98505621991353,311.9706115722656,3752100,0.0,0.0
2020-08-11 00:00:00-04:00,314.01902253650724,323.24633894261075,312.6469879870738,317.4394226074219,5273300,0.0,0.0
2020-08-12 00:00:00-04:00,317.5553782796612,320.20279088132986,315.17850397680206,316.5601806640625,3125900,0.0,0.0
2020-08-13 00:00:00-04:00,314.9175680907601,318.68579016620254,314.6180446364595,315.1687927246094,2526700,0.0,0.0
2020-08-14 00:00:00-04:00,314.66629230682065,316.569731230884,313.83533460820047,315.7580871582031,1444900,0.0,0.0
2020-08-17 00:00:00-04:00,315.9513896018816,320.03847782561735,315.6421946209345,319.072265625,2904100,0.0,0.0
2020-08-18 00:00:00-04:00,319.0432347716803,320.20267155458953,315.32331243446913,319.8161926269531,3021700,0.0,0.0
2020-08-19 00:00:00-04:00,318.8887591627168,323.1594015977181,318.8501024092453,321.16900634765625,3421000,0.0,0.0
2020-08-20 00:00:00-04:00,319.0336014273215,326.5797161789301,319.0336014273215,325.9226989746094,2966000,0.0,0.0
2020-08-21 00:00:00-04:00,326.57972914043,327.3526871189607,324.61831952061294,325.71014404296875,2680900,0.0,0.0
2020-08-24 00:00:00-04:00,327.8938185536252,332.21278906418,327.3044431563508,332.02923583984375,2753900,0.0,0.0
2020-08-25 00:00:00-04:00,333.06296209356907,336.68625743983597,331.72958468831035,335.9132995605469,2862700,0.0,0.0
2020-08-26 00:00:00-04:00,336.24177934995697,340.38683712746,333.8262493258912,339.15972900390625,3512000,0.0,0.0
2020-08-27 00:00:00-04:00,339.84584196538697,345.90398209818295,338.73467429964853,343.9715576171875,3811700,0.0,0.0
2020-08-28 00:00:00-04:00,345.4016048543621,354.8414889905993,344.1261974632,353.7496643066406,3544700,0.0,0.0
2020-08-31 00:00:00-04:00,354.24235713157464,354.24235713157464,345.6044183501647,346.0875244140625,3948200,0.0,0.0
2020-09-01 00:00:00-04:00,345.6237855918616,347.295343447369,341.6140105367911,344.8411560058594,4409600,0.0,0.0
2020-09-02 00:00:00-04:00,345.3145962877464,349.3823414403781,344.2420854004393,348.51275634765625,4127200,0.0,0.0
2020-09-03 00:00:00-04:00,346.35807004175626,346.81219093099565,329.7295672227825,332.2223815917969,6297400,0.0,0.0
2020-09-04 00:00:00-04:00,331.4107915859266,335.2659689095252,315.51658876630444,323.6907653808594,6571200,0.0,0.0
2020-09-08 00:00:00-04:00,317.6518865164717,324.3670426465727,315.8547167505859,318.7340393066406,4425700,0.0,0.0
2020-09-09 00:00:00-04:00,325.9904202635228,331.1789762048987,321.14001507761805,328.1643981933594,3344900,0.0,0.0
2020-09-10 00:00:00-04:00,330.9278031652911,333.4689469264097,319.9516425919116,321.6328430175781,2845900,0.0,0.0
2020-09-11 00:00:00-04:00,323.4008900476468,323.4008900476468,316.25092538102166,318.9949645996094,2920400,0.0,0.0
2020-09-14 00:00:00-04:00,323.6520993683671,328.5121455181927,322.73418599071914,327.1594543457031,3416100,0.0,0.0
2020-09-15 00:00:00-04:00,331.159584484574,332.3093794465282,327.0918390779353,327.6812438964844,2396400,0.0,0.0
2020-09-16 00:00:00-04:00,329.74890405946843,334.34808364556034,328.30925729258536,330.2996520996094,3049000,0.0,0.0
2020-09-17 00:00:00-04:00,325.7488208993569,332.10648470169207,324.6473247511653,327.96142578125,3713000,0.0,0.0
2020-09-18 00:00:00-04:00,326.7826510995052,329.6136755254533,322.10618714347845,323.9323425292969,4006000,0.0,0.0
2020-09-21 00:00:00-04:00,318.3378722644977,320.4635504820818,309.97047271557204,316.7726135253906,4466000,0.0,0.0
2020-09-22 00:00:00-04:00,318.3766621630828,324.6763564910012,314.12530394977176,323.9806823730469,3375300,0.0,0.0
2020-09-23 00:00:00-04:00,323.52652694690164,323.8453935222152,312.5406976794957,313.56488037109375,2893900,0.0,0.0
2020-09-24 00:00:00-04:00,312.27978054867606,319.60365571558896,310.32801312263183,317.1204833984375,3706300,0.0,0.0
2020-09-25 00:00:00-04:00,314.64693979240315,322.21239645451715,311.2168989009758,320.56982421875,3077500,0.0,0.0
2020-09-28 00:00:00-04:00,325.2366873950787,329.0629090891657,324.4637293989875,326.9565734863281,3122500,0.0,0.0
2020-09-29 00:00:00-04:00,326.956559235747,329.2078206789221,324.4733868146866,324.8695373535156,2679500,0.0,0.0
2020-09-30 00:00:00-04:00,325.3236549436945,332.0388119470581,325.0531167109705,326.7439880371094,3285200,0.0,0.0
2020-10-01 00:00:00-04:00,330.6763642686482,334.9856907429338,328.78259712612635,331.7681884765625,2503600,0.0,0.0
2020-10-02 00:00:00-04:00,326.84063731623485,331.03399532934833,324.65701748076884,327.3817138671875,2184600,0.0,0.0
2020-10-05 00:00:00-04:00,330.1354442473341,331.65240478515625,327.5170169115034,331.65240478515625,2081600,0.0,0.0
2020-10-06 00:00:00-04:00,330.5024972517344,334.65719734490943,324.859822319296,326.0289306640625,2553400,0.0,0.0
2020-10-07 00:00:00-04:00,330.2319998729945,333.0050241300007,328.84065196572664,332.2803649902344,3068200,0.0,0.0
2020-10-08 00:00:00-04:00,333.7410834770922,336.33354060589704,332.99621479101415,333.8764953613281,1991800,0.4,0.0
2020-10-09 00:00:00-04:00,336.6237272881288,341.8183243242367,335.666072723267,340.8800354003906,3116500,0.0,0.0
2020-10-12 00:00:00-04:00,343.40475311007697,343.40475311007697,339.3612901443626,340.54144287109375,2942900,0.0,0.0
2020-10-13 00:00:00-04:00,339.95132654130674,340.01904723456505,333.75069115592834,334.5439147949219,2523800,0.0,0.0
2020-10-14 00:00:00-04:00,334.4665499823128,335.8498352184879,330.04581149332023,331.5065002441406,2234300,0.0,0.0
2020-10-15 00:00:00-04:00,327.25018310325163,328.51739255162136,321.9491938141295,327.5113830566406,3727300,0.0,0.0
2020-10-16 00:00:00-04:00,328.89473944021194,333.71209066302896,328.1499002166136,328.3143310546875,3324600,0.0,0.0
2020-10-19 00:00:00-04:00,329.0107748904864,330.15222587895335,319.6372736035676,320.8367919921875,2937600,0.0,0.0
2020-10-20 00:00:00-04:00,322.1620854409252,325.7992543236001,320.84649110572985,320.88519287109375,2677800,0.0,0.0
2020-10-21 00:00:00-04:00,321.629986396102,325.3349049821772,320.4788525867172,322.5296325683594,2725300,0.0,0.0
2020-10-22 00:00:00-04:00,322.4813286304357,324.4256866388733,318.4959024709084,322.7038269042969,2256000,0.0,0.0
2020-10-23 00:00:00-04:00,324.725420734244,324.725420734244,317.58646761332,318.843994140625,2945400,0.0,0.0
2020-10-26 00:00:00-04:00,315.7485360985121,316.5514129780013,303.966376195565,307.6712646484375,5173300,0.0,0.0
2020-10-27 00:00:00-04:00,308.48380000207374,309.12224604032883,302.15740700553323,306.75225830078125,4314900,0.0,0.0
2020-10-28 00:00:00-04:00,291.8360081922405,292.1358804098057,279.1735657924696,281.8627624511719,11518200,0.0,0.0
2020-10-29 00:00:00-04:00,283.6233085104237,285.6546932262407,278.15782914219795,283.60394287109375,9582300,0.0,0.0
2020-10-30 00:00:00-04:00,280.38275025728655,282.317425050132,272.0152876823888,279.2122802734375,6892800,0.0,0.0
2020-11-02 00:00:00-05:00,284.6292986640643,285.2097069093942,278.70919950743695,280.498779296875,5094900,0.0,0.0
2020-11-03 00:00:00-05:00,284.8324913110518,290.5300928876334,282.249687626463,285.7417907714844,4097700,0.0,0.0
2020-11-04 00:00:00-05:00,295.1250095963541,302.5057998264158,292.3680916746069,297.1661071777344,4790100,0.0,0.0
2020-11-05 00:00:00-05:00,304.84667025693574,308.9191517484482,303.3375970119565,306.1912536621094,3794400,0.0,0.0
2020-11-06 00:00:00-05:00,305.6592567020592,306.1525786606379,299.96162572285294,303.39569091796875,2978500,0.0,0.0
2020-11-09 00:00:00-05:00,335.5886563899695,345.3394030153734,329.7652671713063,333.30572509765625,10933700,0.0,0.0
2020-11-10 00:00:00-05:00,328.8850344514207,334.5633002880562,322.54898626523175,323.84521484375,5330400,0.0,0.0
2020-11-11 00:00:00-05:00,326.38928685181634,326.66982293886366,320.2563718199327,321.53326416015625,2969900,0.0,0.0
2020-11-12 00:00:00-05:00,318.3120388690903,322.2104073660071,315.6421782287423,317.56719970703125,3207700,0.0,0.0
2020-11-13 00:00:00-05:00,319.5114896833131,325.1317168816449,316.6481796190854,324.0870056152344,2393700,0.0,0.0
2020-11-16 00:00:00-05:00,330.635916127078,331.4581588327148,322.2878190460132,324.49334716796875,3312800,0.0,0.0
2020-11-17 00:00:00-05:00,322.2877824534683,326.737510433725,319.9177942511558,325.5090026855469,3412700,0.0,0.0
2020-11-18 00:00:00-05:00,325.5380717459505,329.81371627563624,323.9226052109417,324.96734619140625,3203400,0.0,0.0
2020-11-19 00:00:00-05:00,324.5321003820726,328.0822425645591,320.59505856260535,322.9747009277344,2718700,0.0,0.0
2020-11-20 00:00:00-05:00,323.8451518737985,324.21274473907096,312.4499206542969,312.4499206542969,4142400,0.0,0.0
2020-11-23 00:00:00-05:00,315.5550788812365,322.31678639339833,313.7751818677993,321.1946716308594,3219000,0.0,0.0
2020-11-24 00:00:00-05:00,325.905675512994,332.8704876903604,323.2067956648559,331.2066955566406,3529700,0.0,0.0
2020-11-25 00:00:00-05:00,332.4834905889199,332.4834905889199,328.2562313688197,330.17156982421875,2535200,0.0,0.0
2020-11-27 00:00:00-05:00,331.6322550796922,331.6806396603054,326.5827528653472,327.9950866699219,1402300,0.0,0.0
2020-11-30 00:00:00-05:00,326.63107810111376,327.00832425322955,319.39538531495424,325.5186462402344,4276200,0.0,0.0
2020-12-01 00:00:00-05:00,328.5755146425456,331.4388251416832,326.5924552178493,327.8113098144531,4210400,0.0,0.0
2020-12-02 00:00:00-05:00,325.7798403828682,329.1268190278207,323.09064398799137,329.10748291015625,2972100,0.0,0.0
2020-12-03 00:00:00-05:00,327.50172810532086,331.1389259574444,323.206747945709,324.1934509277344,3080300,0.0,0.0
2020-12-04 00:00:00-05:00,325.915261293753,333.1025695800781,324.83181883601185,333.1025695800781,4323600,0.0,0.0
2020-12-07 00:00:00-05:00,332.14493747009305,336.6237141123783,328.9430532115077,329.8233337402344,2389800,0.0,0.0
2020-12-08 00:00:00-05:00,327.2308788248851,331.63225197585007,325.70249879520645,329.6589050292969,2224600,0.0,0.0
2020-12-09 00:00:00-05:00,329.2913755307027,330.5489025243709,323.7582036211244,325.84765625,2962600,0.0,0.0
2020-12-10 00:00:00-05:00,323.7194824679636,324.5804269969816,320.3725030458515,320.69171142578125,3506800,0.0,0.0
2020-12-11 00:00:00-05:00,316.406378589539,320.74006065898726,314.8973346455191,316.7256164550781,4179400,0.0,0.0
2020-12-14 00:00:00-05:00,318.25391030955967,327.6854471652381,316.88996143716724,320.33367919921875,3552400,0.0,0.0
2020-12-15 00:00:00-05:00,322.2780893782499,324.27080179873826,316.91903262062243,322.7520751953125,3104600,0.0,0.0
2020-12-16 00:00:00-05:00,323.0519492323179,323.09065098927584,318.49579891682356,321.2527160644531,3393300,0.0,0.0
2020-12-17 00:00:00-05:00,323.61309377600634,327.2792816263217,322.51031486195217,325.89599609375,2725500,0.0,0.0
2020-12-18 00:00:00-05:00,325.5186915719855,330.4424349969444,323.42923941461805,329.2138977050781,8443700,0.0,0.0
2020-12-21 00:00:00-05:00,322.32649344875466,325.17046782518634,316.5514878705878,323.4486083984375,3642500,0.0,0.0
2020-12-22 00:00:00-05:00,323.2455151730517,324.2708906014536,320.76913343795286,321.3882141113281,2403100,0.0,0.0
2020-12-23 00:00:00-05:00,323.2163868568203,324.26109805497805,318.28296117927846,318.4764404296875,2760600,0.0,0.0
2020-12-24 00:00:00-05:00,319.85018930843074,325.3833618687155,319.5599998206266,325.02545166015625,1308900,0.0,0.0
2020-12-28 00:00:00-05:00,326.8245739065033,334.3021020437003,325.8669194030127,333.21868896484375,3449100,0.0,0.0
2020-12-29 00:00:00-05:00,336.4206631244917,337.3589817599679,333.4993142540153,335.3372497558594,2822700,0.0,0.0
2020-12-30 00:00:00-05:00,337.29122486045526,346.1327035824092,335.8692375864726,343.93682861328125,4200600,0.0,0.0
2020-12-31 00:00:00-05:00,343.43372396346734,347.6706656108056,341.71186493317066,345.2813415527344,2881700,0.0,0.0
2021-01-04 00:00:00-05:00,346.3068372435148,346.43259584628856,336.0143517096459,340.00946044921875,4638400,0.0,0.0
2021-01-05 00:00:00-05:00,337.4072579314172,341.47008663453636,334.1570185855565,336.0723571777344,2990700,0.0,0.0
2021-01-06 00:00:00-05:00,338.9742803275298,342.4663530963449,333.30566955807245,336.197998046875,3966800,0.0,0.0
2021-01-07 00:00:00-05:00,337.9802360331998,341.29270656126596,337.42814775911825,338.8616027832031,3100200,0.44,0.0
2021-01-08 00:00:00-05:00,340.31451370896815,343.82073899036044,338.5033043923835,342.72625732421875,3371500,0.0,0.0
2021-01-11 00:00:00-05:00,341.04087188315964,342.3097172322712,336.85670012449526,337.2538146972656,2403000,0.0,0.0
2021-01-12 00:00:00-05:00,336.1689990843915,337.06009049015097,325.4663844711354,332.1398010253906,4858100,0.0,0.0
2021-01-13 00:00:00-05:00,338.61948365147146,338.7647918284501,333.4086366564067,335.4425964355469,4125700,0.0,0.0
2021-01-14 00:00:00-05:00,337.72845011082956,338.5904563600305,316.42005052834713,316.6524963378906,8712200,0.0,0.0
2021-01-15 00:00:00-05:00,317.2432898589612,319.3256954250093,311.761217026521,313.09783935546875,7911500,0.0,0.0
2021-01-19 00:00:00-05:00,316.71061402820203,318.7833543981754,314.45387376085995,315.6936340332031,4625200,0.0,0.0
2021-01-20 00:00:00-05:00,319.61624657009986,327.3066428038682,318.78329618279736,324.381591796875,5081000,0.0,0.0
2021-01-21 00:00:00-05:00,323.89733587778795,326.2702988079431,321.32095332299775,323.9263916015625,3484900,0.0,0.0
2021-01-22 00:00:00-05:00,320.0036870141513,324.61402885849145,318.5702024914716,318.6476745605469,3846600,0.0,0.0
2021-01-25 00:00:00-05:00,317.2142206665204,319.5775178171296,307.2573897178692,318.8414001464844,6257700,0.0,0.0
2021-01-26 00:00:00-05:00,319.62593850629077,320.1489710456001,315.57735037918167,317.39825439453125,3503100,0.0,0.0
2021-01-27 00:00:00-05:00,310.2889509441128,312.84597246114714,303.27656151537514,305.5720520019531,7449400,0.0,0.0
2021-01-28 00:00:00-05:00,316.8074461064919,318.6574060227892,311.8581005838677,314.0857849121094,6906400,0.0,0.0
2021-01-29 00:00:00-05:00,313.62090853605395,315.4418129882705,302.5599278357107,306.3470153808594,7627200,0.0,0.0
2021-02-01 00:00:00-05:00,310.82173354708624,313.34967023415606,307.5964003608498,311.4512939453125,4930700,0.0,0.0
2021-02-02 00:00:00-05:00,313.2818843889158,325.5923185312563,313.2818843889158,323.85858154296875,5686000,0.0,0.0
2021-02-03 00:00:00-05:00,323.3452238989184,325.43732453218206,320.6623137394157,322.3572998046875,4036800,0.0,0.0
2021-02-04 00:00:00-05:00,324.82719023837825,332.45947661585893,324.5269378681458,330.11553955078125,4537500,0.0,0.0
2021-02-05 00:00:00-05:00,331.75230321398084,333.50540048752765,326.7835981290719,328.100830078125,2964800,0.0,0.0
2021-02-08 00:00:00-05:00,329.31163270899805,330.7547830525348,324.9821521201717,326.43499755859375,2652800,0.0,0.0
2021-02-09 00:00:00-05:00,325.38889787037,325.6503993569116,319.62593360779385,322.9577941894531,2993300,0.0,0.0
2021-02-10 00:00:00-05:00,324.4687867561688,324.92401280349856,321.8052370141406,323.70361328125,4246300,0.0,0.0
2021-02-11 00:00:00-05:00,334.6387579211127,338.6001799020494,329.5537985026298,332.0914306640625,5110800,0.0,0.0
2021-02-12 00:00:00-05:00,330.59979486162024,332.3335319519196,326.1153703001205,330.2801818847656,3025100,0.0,0.0
2021-02-16 00:00:00-05:00,332.4110125335225,333.18585152774375,327.4422769369488,330.4835510253906,2916900,0.0,0.0
2021-02-17 00:00:00-05:00,328.3817898323842,329.67966142486637,325.28237469096683,326.72552490234375,2267000,0.0,0.0
2021-02-18 00:00:00-05:00,323.9747184109676,329.26309514197095,322.37659492865123,327.8199157714844,2393700,0.0,0.0
2021-02-19 00:00:00-05:00,327.8006386676308,328.34303187184764,320.59452374507833,322.6963195800781,4095800,0.0,0.0
2021-02-22 00:00:00-05:00,319.6259755775169,333.30208834867096,318.4346317548618,329.95086669921875,4940300,0.0,0.0
2021-02-23 00:00:00-05:00,329.94113825190385,343.1426630016172,327.7715655501723,339.4040222167969,6326600,0.0,0.0
2021-02-24 00:00:00-05:00,341.7770404734555,357.19658633714323,339.549355966744,355.7727966308594,7467400,0.0,0.0
2021-02-25 00:00:00-05:00,353.0995243611392,355.7727692097258,341.1377586429801,343.423583984375,5207500,0.0,0.0
2021-02-26 00:00:00-05:00,345.85469903169513,348.09210828195427,336.20781324534437,342.72625732421875,4868500,0.0,0.0
2021-03-01 00:00:00-05:00,349.34148699925015,354.9301174860915,347.8886417038641,351.49169921875,4382900,0.0,0.0
2021-03-02 00:00:00-05:00,350.6199859263517,355.0850494597372,348.0436034772555,351.4142150878906,3559200,0.0,0.0
2021-03-03 00:00:00-05:00,348.6828469270472,353.94213944089284,344.27589499055927,348.92498779296875,3692300,0.0,0.0
2021-03-04 00:00:00-05:00,348.7797812359069,350.26168245914926,333.8445165349285,338.51300048828125,4572000,0.0,0.0
2021-03-05 00:00:00-05:00,343.7626168396269,350.4166442537239,335.529825978055,349.5352478027344,4643200,0.0,0.0
2021-03-08 00:00:00-05:00,351.00738236199066,370.4367624718622,350.41657285554163,359.6566467285156,7213300,0.0,0.0
2021-03-09 00:00:00-05:00,363.2113267779274,375.1440366609761,361.0030030934461,364.68353271484375,5832800,0.0,0.0
2021-03-10 00:00:00-05:00,364.7610040482871,371.928367722973,361.274169689242,369.70068359375,4509500,0.0,0.0
2021-03-11 00:00:00-05:00,373.381234158854,377.25548820978895,370.5724058835687,372.29644775390625,3729700,0.0,0.0
2021-03-12 00:00:00-05:00,369.15833273960226,371.86060381419503,367.31803831261374,370.678955078125,2467500,0.0,0.0
2021-03-15 00:00:00-04:00,371.26014249870735,375.66709542752244,366.7369666573934,369.7588806152344,4216200,0.0,0.0
2021-03-16 00:00:00-04:00,370.6693530065825,373.16823443590954,366.7854029727106,370.3594055175781,3445100,0.0,0.0
2021-03-17 00:00:00-04:00,369.8460249705432,372.9938567420279,364.05400387005363,366.7756652832031,3240900,0.0,0.0
2021-03-18 00:00:00-04:00,363.24039386148365,363.67625929053355,353.56445327214897,355.46282958984375,7205200,0.0,0.0
2021-03-19 00:00:00-04:00,353.33192066842145,354.7654051583016,339.13280706800003,345.30255126953125,12224300,0.0,0.0
2021-03-22 00:00:00-04:00,344.75052059725,350.281010323726,342.8715049006514,347.1331787109375,4140400,0.0,0.0
2021-03-23 00:00:00-04:00,348.00484156872636,348.00484156872636,342.3968803815604,344.1015319824219,3756300,0.0,0.0
2021-03-24 00:00:00-04:00,345.85462637317096,353.51596686842043,344.8085908447604,348.3438415527344,3550000,0.0,0.0
2021-03-25 00:00:00-04:00,346.75550876458425,348.169603527267,343.01683741453047,347.094482421875,2961800,0.0,0.0
2021-03-26 00:00:00-04:00,348.6150217082744,355.0850182049995,346.0289739514172,354.62982177734375,2741200,0.0,0.0
2021-03-29 00:00:00-04:00,352.7895497036042,353.8646705281628,347.3365326250609,351.5013732910156,4054900,0.0,0.0
2021-03-30 00:00:00-04:00,349.4383339177073,353.1091978124698,345.8740273768644,346.939453125,2885800,0.0,0.0
2021-03-31 00:00:00-04:00,348.2858098825658,350.13577005696214,344.59558462919546,344.8570861816406,4372600,0.0,0.0
2021-04-01 00:00:00-04:00,345.8159022616059,351.97595161205413,344.0724703177013,351.87908935546875,3701800,0.0,0.0
2021-04-05 00:00:00-04:00,355.26906710631346,358.8721243781133,352.8864092589299,356.7413024902344,2180300,0.0,0.0
2021-04-06 00:00:00-04:00,353.42882173344947,359.09492422422,351.1042752023729,357.9520263671875,2661900,0.0,0.0
2021-04-07 00:00:00-04:00,357.5356253952358,362.20408005625114,357.40001228663994,359.41461181640625,2958300,0.0,0.0
2021-04-08 00:00:00-04:00,361.70309798587533,367.82198716878867,361.46066963601885,366.2995300292969,3528400,0.44,0.0
2021-04-09 00:00:00-04:00,364.6898108613281,368.8305061145346,363.099496237171,368.56866455078125,2429300,0.0,0.0
2021-04-12 00:00:00-04:00,366.6292020551642,369.4025975619579,364.7867526504941,368.3359069824219,2896600,0.0,0.0
2021-04-13 00:00:00-04:00,367.5795301461486,368.5880402890087,365.3879685645398,366.6777038574219,2652800,0.0,0.0
2021-04-14 00:00:00-04:00,365.58197065530675,369.4123506201847,364.22437774394825,366.86199951171875,2317400,0.0,0.0
2021-04-15 00:00:00-04:00,369.62563258420334,375.63783730452315,369.43167808635695,374.78448486328125,2942200,0.0,0.0
2021-04-16 00:00:00-04:00,377.21851911238633,377.31549637272144,372.0499596222091,374.4742431640625,2725500,0.0,0.0
2021-04-19 00:00:00-04:00,373.242667990048,375.99665039338714,369.7711071670039,370.5856628417969,3360900,0.0,0.0
2021-04-20 00:00:00-04:00,368.6752600851383,369.7613341230447,362.24605690030876,365.22308349609375,3135900,0.0,0.0
2021-04-21 00:00:00-04:00,367.1237455216662,372.466875141002,365.26191260444074,371.4971618652344,2466300,0.0,0.0
2021-04-22 00:00:00-04:00,371.4777795396498,377.7033523086402,370.42079553239586,371.7492980957031,3713700,0.0,0.0
2021-04-23 00:00:00-04:00,372.7093348433737,378.071848526179,371.8462757504836,375.3372497558594,2294800,0.0,0.0
2021-04-26 00:00:00-04:00,376.08391536475216,381.03916596986323,375.3760435592384,375.7348327636719,2255000,0.0,0.0
2021-04-27 00:00:00-04:00,376.4621146940293,378.60517289303607,374.44512396437045,377.286376953125,2270000,0.0,0.0
2021-04-28 00:00:00-04:00,378.8670203795436,389.3399127967808,378.8670203795436,383.6670837402344,4065300,0.0,0.0
2021-04-29 00:00:00-04:00,379.6427398766304,380.5057988796014,372.18564256752836,377.16998291015625,4637100,0.0,0.0
2021-04-30 00:00:00-04:00,371.26440623520386,373.3396068259818,364.2339850677016,370.4886474609375,4043200,0.0,0.0
2021-05-03 00:00:00-04:00,373.7954078859683,375.15300066340114,365.43648350637875,367.90924072265625,3344100,0.0,0.0
2021-05-04 00:00:00-04:00,365.64983446062905,366.7552923348695,360.32608783495004,364.52496337890625,3321200,0.0,0.0
2021-05-05 00:00:00-04:00,366.48378152986317,368.1420127662918,356.8836247002392,357.96002197265625,2993900,0.0,0.0
2021-05-06 00:00:00-04:00,359.89941889745995,364.35039952349973,354.62417602364195,364.10797119140625,3787300,0.0,0.0
2021-05-07 00:00:00-04:00,365.8340777760674,367.1722869701556,362.2461264467961,364.0303955078125,2935900,0.0,0.0
2021-05-10 00:00:00-04:00,364.4085843962606,364.61221591157584,354.3429551901562,355.2447814941406,3193700,0.0,0.0
2021-05-11 00:00:00-04:00,350.0762038112408,357.7563164852285,348.3888825655169,356.4762878417969,3073100,0.0,0.0
2021-05-12 00:00:00-04:00,353.70295792113524,354.31388208989614,344.86888317002933,345.8191833496094,3293200,0.0,0.0
2021-05-13 00:00:00-04:00,348.4470149403993,351.85071758406303,347.07974543404754,349.1161193847656,2626000,0.0,0.0
2021-05-14 00:00:00-04:00,352.0350142696126,353.66412549342374,350.54164751780183,352.88836669921875,2959700,0.0,0.0
2021-05-17 00:00:00-04:00,351.32713114270337,353.0338360904648,347.2155560521536,352.2968444824219,2511600,0.0,0.0
2021-05-18 00:00:00-04:00,355.88475741690525,358.6387394544396,351.8895436217033,352.07379150390625,3421200,0.0,0.0
2021-05-19 00:00:00-04:00,346.5077023242951,350.2120148939577,344.6070722031311,350.04718017578125,3577900,0.0,0.0
2021-05-20 00:00:00-04:00,351.94781401732763,358.22186143838456,351.5114311124938,356.56365966796875,4087500,0.0,0.0
2021-05-21 00:00:00-04:00,357.9599498870792,361.2472622927963,356.3308091972604,356.4665832519531,2708700,0.0,0.0
2021-05-24 00:00:00-04:00,358.87160016704746,362.4207555347938,358.44495340401875,361.1019592285156,2351500,0.0,0.0
2021-05-25 00:00:00-04:00,361.8291540929682,362.43037164679157,355.71026510232883,356.09814453125,3916300,0.0,0.0
2021-05-26 00:00:00-04:00,357.82415790543297,358.70660043682904,351.0846395709792,351.6664733886719,3101900,0.0,0.0
2021-05-27 00:00:00-04:00,353.5090122442507,355.30298797377685,349.62048158847125,351.0362548828125,5416300,0.0,0.0
2021-05-28 00:00:00-04:00,352.4908168390887,354.3429729629473,349.50411262255136,349.65924072265625,3624300,0.0,0.0
2021-06-01 00:00:00-04:00,353.44120846871635,354.3333283703161,348.65082112208484,348.89324951171875,3119700,0.0,0.0
2021-06-02 00:00:00-04:00,352.5199241731928,359.9285490283437,351.88961635851143,355.7393798828125,3531000,0.0,0.0
2021-06-03 00:00:00-04:00,352.35500095279093,355.58416272669797,350.77439317491604,350.8616638183594,2605900,0.0,0.0
2021-06-04 00:00:00-04:00,353.2762468001227,355.52598873842066,352.68473589719065,354.9344482421875,2295200,0.0,0.0
2021-06-07 00:00:00-04:00,356.6605266645105,360.10302650771604,352.27743336478625,353.0531921386719,2133400,0.0,0.0
2021-06-08 00:00:00-04:00,353.94531383158267,356.5441380745847,352.22893214138395,354.19744873046875,3224200,0.0,0.0
2021-06-09 00:00:00-04:00,355.8267006724721,358.13462371002856,352.3260192871094,352.3260192871094,2520900,0.0,0.0
2021-06-10 00:00:00-04:00,353.64483456685315,354.5660742705548,350.9975059393545,353.2666320800781,2460200,0.0,0.0
2021-06-11 00:00:00-04:00,354.4690031164215,355.73932515457017,352.78168187407135,354.4302062988281,2708300,0.0,0.0
2021-06-14 00:00:00-04:00,354.91507125611577,355.5259953759931,351.1331952679487,355.4193115234375,2515300,0.0,0.0
2021-06-15 00:00:00-04:00,356.21451097458066,357.5818103973983,351.75382348892856,356.97088623046875,3562500,0.0,0.0
2021-06-16 00:00:00-04:00,358.192658816316,358.192658816316,350.35735975726,352.8010559082031,3081000,0.0,0.0
2021-06-17 00:00:00-04:00,352.49073342972156,357.9696068614828,350.2894952115466,356.16595458984375,3824900,0.0,0.0
2021-06-18 00:00:00-04:00,351.152645504252,359.1624884298036,351.03628461997016,356.2921447753906,5009400,0.0,0.0
2021-06-21 00:00:00-04:00,357.45572445148025,365.0485964291053,355.1090347554015,361.79034423828125,3094600,0.0,0.0
2021-06-22 00:00:00-04:00,362.66303677916,367.28858776680784,360.7527005567624,366.59039306640625,3582700,0.0,0.0
2021-06-23 00:00:00-04:00,366.55165584334236,367.2498506572523,362.95402750730125,363.7782897949219,2241800,0.0,0.0
2021-06-24 00:00:00-04:00,367.5213981358666,368.54929202704074,361.6061401627759,363.4001159667969,2788200,0.0,0.0
2021-06-25 00:00:00-04:00,364.07890287490807,368.15168134307766,362.0230856367226,368.1128845214844,3983900,0.0,0.0
2021-06-28 00:00:00-04:00,369.3832140434849,369.3832140434849,354.06172570009824,356.544189453125,4800300,0.0,0.0
2021-06-29 00:00:00-04:00,357.8338814829476,360.1418036601972,356.76719103212235,356.8544616699219,3394300,0.0,0.0
2021-06-30 00:00:00-04:00,356.80614172958065,358.9589071703067,353.23757308292676,354.0327453613281,2884900,0.0,0.0
2021-07-01 00:00:00-04:00,354.9635240519734,359.9672479834146,354.5271708445599,359.4823913574219,3108500,0.0,0.0
2021-07-02 00:00:00-04:00,361.402474629815,364.11766020142494,360.8788211291105,363.6716003417969,2786500,0.0,0.0
2021-07-06 00:00:00-04:00,365.2425235465597,366.78436420577015,360.2485057648462,364.72857666015625,2740500,0.0,0.0
2021-07-07 00:00:00-04:00,365.3783180676077,366.69711407886456,361.1697654881966,362.5952453613281,3176600,0.0,0.0
2021-07-08 00:00:00-04:00,356.78948819106006,359.78942890373554,354.9933991275943,359.4010925292969,2809000,0.44,0.0
2021-07-09 00:00:00-04:00,361.0126937064418,362.5951932192561,359.10982485280414,362.0709228515625,2404800,0.0,0.0
2021-07-12 00:00:00-04:00,364.07094711266944,365.10976999252495,361.2360349680909,364.6146240234375,2648300,0.0,0.0
2021-07-13 00:00:00-04:00,364.6048225059088,375.3716375895323,364.6048225059088,372.5270080566406,5161000,0.0,0.0
2021-07-14 00:00:00-04:00,371.8183611472607,380.21625780573527,371.8183611472607,379.4104309082031,4140500,0.0,0.0
2021-07-15 00:00:00-04:00,378.7697127111736,381.8375911014681,376.15810812392834,378.8570861816406,3773000,0.0,0.0
2021-07-16 00:00:00-04:00,381.69190505561863,381.9928679464724,374.0998065195168,375.837646484375,2706500,0.0,0.0
2021-07-19 00:00:00-04:00,366.98354664600595,367.5660661377451,352.7799194519771,354.79931640625,6814400,0.0,0.0
2021-07-20 00:00:00-04:00,356.3041502567816,365.6243737368172,354.62455871885646,363.4787902832031,3542200,0.0,0.0
2021-07-21 00:00:00-04:00,365.0708513269489,369.7989136335768,364.1194021174443,368.9833984375,2393100,0.0,0.0
2021-07-22 00:00:00-04:00,369.216379424394,371.7017674345399,366.06109866802825,371.0221862792969,4180300,0.0,0.0
2021-07-23 00:00:00-04:00,373.86680228186947,383.00255759119887,373.86680228186947,381.7987060546875,3720300,0.0,0.0
2021-07-26 00:00:00-04:00,380.25510017930964,381.43954542784263,376.9541667918728,381.3521423339844,2285800,0.0,0.0
2021-07-27 00:00:00-04:00,378.63378412583876,383.7599018642618,374.6435807761878,378.8959045410156,2783800,0.0,0.0
2021-07-28 00:00:00-04:00,380.2064846794991,380.3132942075785,371.18722740064055,372.264892578125,3372600,0.0,0.0
2021-07-29 00:00:00-04:00,376.20657498756333,383.2355606108346,376.20657498756333,377.4783935546875,3774000,0.0,0.0
2021-07-30 00:00:00-04:00,377.66283239876515,377.66283239876515,371.91535414951863,374.6920166015625,2533300,0.0,0.0
2021-08-02 00:00:00-04:00,377.9541269701238,378.6143313894013,362.90586303040755,364.3233337402344,3430300,0.0,0.0
2021-08-03 00:00:00-04:00,365.68254782475435,365.69226586373196,349.0906258197787,356.8865966796875,6328500,0.0,0.0
2021-08-04 00:00:00-04:00,356.5758716237212,358.49817652902794,352.83807134415116,357.28460693359375,3203200,0.0,0.0
2021-08-05 00:00:00-04:00,357.46910655553074,361.11950410552026,356.30406777964396,361.10009765625,2562400,0.0,0.0
2021-08-06 00:00:00-04:00,360.59521615840356,364.55629414763735,360.1874437517269,363.61456298828125,2038500,0.0,0.0
2021-08-09 00:00:00-04:00,363.2845752970416,363.58553825885804,358.1390508258215,359.8768615722656,2400800,0.0,0.0
2021-08-10 00:00:00-04:00,361.43991860404043,361.8865039817459,353.49829554318353,357.1195983886719,3225000,0.0,0.0
2021-08-11 00:00:00-04:00,357.8088979010195,359.1778081522367,353.1488018515651,353.62451171875,3267700,0.0,0.0
2021-08-12 00:00:00-04:00,352.00325189944965,352.63430234668834,347.4208105913048,351.4304504394531,3802900,0.0,0.0
2021-08-13 00:00:00-04:00,351.70223812821564,352.9060898615852,350.1197384042854,352.1779479980469,2304600,0.0,0.0
2021-08-16 00:00:00-04:00,349.99356915652925,353.20709997326054,346.22664333883074,352.9643859863281,2937300,0.0,0.0
2021-08-17 00:00:00-04:00,351.44987939747216,353.83817691185345,349.30429588819965,352.64404296875,2812800,0.0,0.0
2021-08-18 00:00:00-04:00,350.65369779834634,355.02254898637165,350.0808964201854,350.430419921875,2774500,0.0,0.0
2021-08-19 00:00:00-04:00,346.49839945808765,349.6439921281967,344.3819411058702,346.8964538574219,2727900,0.0,0.0
2021-08-20 00:00:00-04:00,346.94502759647696,347.8770705320305,343.0324797595348,344.64410400390625,4135900,0.0,0.0
2021-08-23 00:00:00-04:00,347.0517795557123,351.68275046237017,346.35276228412584,350.4886169433594,3537900,0.0,0.0
2021-08-24 00:00:00-04:00,352.4497757905761,355.43031017267856,350.93524313044054,351.2362060546875,3032000,0.0,0.0
2021-08-25 00:00:00-04:00,351.41091034098883,351.8380892064354,348.0517580155807,348.63427734375,2340400,0.0,0.0
2021-08-26 00:00:00-04:00,347.5664159945811,347.7605990279694,341.54709749759644,342.5762023925781,3946300,0.0,0.0
2021-08-27 00:00:00-04:00,342.187801122346,346.1100665539347,341.40141035400546,345.3625183105469,3698300,0.0,0.0
2021-08-30 00:00:00-04:00,344.4595870575871,347.6051796412233,341.98391689865673,342.7605895996094,4032100,0.0,0.0
2021-08-31 00:00:00-04:00,342.6539004431503,344.8674508180795,334.6346208366687,336.13946533203125,6780400,0.0,0.0
2021-09-01 00:00:00-04:00,337.2559034372003,341.78978357786167,337.17821837891734,339.382080078125,4499600,0.0,0.0
2021-09-02 00:00:00-04:00,340.29465790694087,340.32378239427084,329.4404681206924,331.3336486816406,7412000,0.0,0.0
2021-09-03 00:00:00-04:00,330.0229650203233,334.1102887756646,329.0521093378855,330.3142395019531,5171000,0.0,0.0
2021-09-07 00:00:00-04:00,334.83844231787697,337.8577893749673,333.022917240186,334.6636657714844,4764300,0.0,0.0
2021-09-08 00:00:00-04:00,334.9451672055318,341.74115610535415,334.9451672055318,340.80914306640625,5054500,0.0,0.0
2021-09-09 00:00:00-04:00,340.48878517294776,343.33341481550895,339.721830522675,341.16839599609375,3716200,0.0,0.0
2021-09-10 00:00:00-04:00,344.5858878925753,344.6538549183908,336.9064139360553,337.2656555175781,3437700,0.0,0.0
2021-09-13 00:00:00-04:00,339.79953350625044,341.73152708717225,336.2656041362648,337.6830749511719,3234200,0.0,0.0
2021-09-14 00:00:00-04:00,339.4888182130771,339.68300120671546,335.1879345202889,335.7218933105469,3281900,0.0,0.0
2021-09-15 00:00:00-04:00,336.88697076898455,337.40152317033494,332.77055155818147,334.7025451660156,3833500,0.0,0.0
2021-09-16 00:00:00-04:00,335.3432767958759,337.54710860753363,334.6442594944436,336.217041015625,3771100,0.0,0.0
2021-09-17 00:00:00-04:00,333.97431039874175,335.91602150571117,330.8384362948484,333.04229736328125,5527500,0.0,0.0
2021-09-20 00:00:00-04:00,328.45994084155546,331.1686071869436,325.83861833447986,329.7900085449219,3956600,0.0,0.0
2021-09-21 00:00:00-04:00,332.22677194428,333.17819139514864,327.45014973296986,327.5472412109375,2967300,0.0,0.0
2021-09-22 00:00:00-04:00,329.41131806942394,333.8481356067602,328.6734879049346,333.40155029296875,3238800,0.0,0.0
2021-09-23 00:00:00-04:00,335.6637000315025,344.44996345857015,335.13945919239376,343.7509460449219,4783200,0.0,0.0
2021-09-24 00:00:00-04:00,343.7121917502786,349.4402369455054,342.4792151412538,347.7218322753906,3306200,0.0,0.0
2021-09-27 00:00:00-04:00,346.64406134695554,352.0226109270275,344.80915923968456,346.3722229003906,4158000,0.0,0.0
2021-09-28 00:00:00-04:00,345.1392644132079,345.6246923519044,338.8772321527551,340.9451599121094,3266900,0.0,0.0
2021-09-29 00:00:00-04:00,342.5276154838993,346.77025037952166,342.13927910874276,342.89654541015625,2808800,0.0,0.0
2021-09-30 00:00:00-04:00,344.4013272096526,345.6246148217757,337.27525022348215,337.5470886230469,4393300,0.0,0.0
2021-10-01 00:00:00-04:00,339.6344378327459,352.5953674044441,337.04226969530515,349.68280029296875,5227300,0.0,0.0
2021-10-04 00:00:00-04:00,349.44015382645676,350.13917125328277,329.4502345810223,334.1686096191406,7901500,0.0,0.0
2021-10-05 00:00:00-04:00,337.43062594722517,338.4111997469191,332.9355590329646,333.2073974609375,4724100,0.0,0.0
2021-10-06 00:00:00-04:00,330.1006292445416,338.71211386406185,329.2268354829336,338.52764892578125,3712000,0.0,0.0
2021-10-07 00:00:00-04:00,339.25676535060205,347.90829297513324,339.25676535060205,344.0296936035156,3209200,0.44,0.0
2021-10-08 00:00:00-04:00,346.06132798754123,350.3093232503305,344.32129221741565,345.05035400390625,2336700,0.0,0.0
2021-10-11 00:00:00-04:00,344.06858276446997,344.97261229096205,337.2153839371887,337.4584045410156,2769800,0.0,0.0
2021-10-12 00:00:00-04:00,338.9165653841553,340.22888272206126,334.99907400686544,335.698974609375,3042900,0.0,0.0
2021-10-13 00:00:00-04:00,336.5835657696808,339.7428338960388,327.5723716704246,332.7924499511719,3755700,0.0,0.0
2021-10-14 00:00:00-04:00,334.2408125520069,336.15581608780616,331.31483500266063,334.96014404296875,4083800,0.0,0.0
2021-10-15 00:00:00-04:00,339.25679333290356,346.6543269365754,338.03195988690334,346.0613708496094,4053600,0.0,0.0
2021-10-18 00:00:00-04:00,344.07828758608684,349.89135117969613,340.4524391190294,348.4332275390625,3280900,0.0,0.0
2021-10-19 00:00:00-04:00,348.3942810347625,352.175695319743,347.62632773200977,351.9909973144531,2835400,0.0,0.0
2021-10-20 00:00:00-04:00,351.6022649338458,352.37018877760573,346.0613826156124,346.80987548828125,2796200,0.0,0.0
2021-10-21 00:00:00-04:00,344.70043394685433,346.4307394772761,337.5750531566199,346.2654724121094,2516300,0.0,0.0
2021-10-22 00:00:00-04:00,346.72236556124244,351.5439159338712,344.9920599648337,348.6568298339844,2774400,0.0,0.0
2021-10-25 00:00:00-04:00,352.34104362747024,354.12967201473174,348.7735171717409,350.78570556640625,2447900,0.0,0.0
2021-10-26 00:00:00-04:00,353.2353923646555,357.09456160908184,346.8488023381693,347.3445739746094,3320100,0.0,0.0
2021-10-27 00:00:00-04:00,338.28470595015506,341.3175985673496,324.48112274916605,326.3475341796875,9652700,0.0,0.0
2021-10-28 00:00:00-04:00,334.56164884472594,340.705187731312,319.6887687168183,323.7326354980469,9505100,0.0,0.0
2021-10-29 00:00:00-04:00,321.9925646864545,328.70965763039845,321.866189227957,326.153076171875,5843700,0.0,0.0
2021-11-01 00:00:00-04:00,325.890723747619,331.38298504544133,323.58689250520723,324.7242126464844,5126200,0.0,0.0
2021-11-02 00:00:00-04:00,325.774066657564,326.3961841339722,317.5794169518683,319.3097229003906,5375300,0.0,0.0
2021-11-03 00:00:00-04:00,319.32909419401744,320.37893021795435,314.3131450449788,320.2331237792969,3952500,0.0,0.0
2021-11-04 00:00:00-04:00,321.8273475022447,329.17628853459564,320.13590384739393,326.06561279296875,4819500,0.0,0.0
2021-11-05 00:00:00-04:00,332.8799133902607,340.38439101962314,331.48011230230486,339.0526428222656,7201500,0.0,0.0
2021-11-08 00:00:00-05:00,338.2943902659844,343.2908781506202,337.9541555082028,339.9080505371094,3862200,0.0,0.0
2021-11-09 00:00:00-05:00,340.2288450931603,340.4232734423111,330.1677861694281,335.0281982421875,4247800,0.0,0.0
2021-11-10 00:00:00-05:00,340.326021822995,349.58023471170776,339.742766505317,347.9471435546875,6337100,0.0,0.0
2021-11-11 00:00:00-05:00,348.3749142879808,349.59974767187776,342.72711760872596,344.44769287109375,4472200,0.0,0.0
2021-11-12 00:00:00-05:00,346.1196935524577,353.682494237153,345.99331808060487,353.35198974609375,4724200,0.0,0.0
2021-11-15 00:00:00-05:00,354.946228955017,360.7689938119879,350.59128854454116,351.271728515625,4693200,0.0,0.0
2021-11-16 00:00:00-05:00,354.58654460207174,360.71068252719823,351.8938865914732,359.2428283691406,4969000,0.0,0.0
2021-11-17 00:00:00-05:00,349.54138046618004,357.7263274236842,341.41478574571744,349.1428527832031,11727300,0.0,0.0
2021-11-18 00:00:00-05:00,350.65935872417333,352.36050323413366,334.96020137119797,338.49859619140625,6533700,0.0,0.0
2021-11-19 00:00:00-05:00,336.3405162350335,336.97236387287506,329.66231477767224,330.23583984375,6954800,0.0,0.0
2021-11-22 00:00:00-05:00,330.31363565600225,331.94675687118917,310.83312288826374,312.3301086425781,11378200,0.0,0.0
2021-11-23 00:00:00-05:00,315.88790312623973,320.4858637722407,312.70920420964575,319.81512451171875,7116200,0.0,0.0
2021-11-24 00:00:00-05:00,317.8223916269839,330.85799210816623,315.94624981842935,330.508056640625,6414400,0.0,0.0
2021-11-26 00:00:00-05:00,312.6021845308677,317.7445077362265,310.0942254779827,315.1199035644531,6613900,0.0,0.0
2021-11-29 00:00:00-05:00,320.7969167702357,322.5563835105655,309.3652184509039,313.9923400878906,6362200,0.0,0.0
2021-11-30 00:00:00-05:00,309.12220510327296,311.8051620367842,301.4524606805619,306.1282043457031,10237600,0.0,0.0
2021-12-01 00:00:00-05:00,311.82459564067574,313.02996834129226,297.45721874541346,297.7294006347656,8008800,0.0,0.0
2021-12-02 00:00:00-05:00,300.94699330468984,313.20496806560703,300.36373791868436,311.26080322265625,6717600,0.0,0.0
2021-12-03 00:00:00-05:00,311.29964239191486,313.6812560165795,305.2338580185506,313.117431640625,4732900,0.0,0.0
2021-12-06 00:00:00-05:00,315.683776564407,327.3584963161789,313.0105498190579,324.02423095703125,6055000,0.0,0.0
2021-12-07 00:00:00-05:00,327.88347523998783,332.86056346767907,327.88347523998783,330.03179931640625,4939500,0.0,0.0
2021-12-08 00:00:00-05:00,329.75952231010837,334.4255059508291,324.77273486554776,332.7826843261719,4226900,0.0,0.0
2021-12-09 00:00:00-05:00,330.5566755866051,336.85578150131965,329.54573104391284,334.9018859863281,3389600,0.0,0.0
2021-12-10 00:00:00-05:00,337.3125988177928,340.47186667415536,335.20316691929537,340.1510925292969,3405900,0.0,0.0
2021-12-13 00:00:00-05:00,339.4414537244403,339.7719581787136,330.82878828265876,335.6697692871094,4358300,0.0,0.0
2021-12-14 00:00:00-05:00,335.6795158059857,338.48881863570284,328.42775943343327,331.04266357421875,4518500,0.0,0.0
2021-12-15 00:00:00-05:00,330.50799629260115,336.9140153667535,326.16278703707155,336.68072509765625,4918700,0.0,0.0
2021-12-16 00:00:00-05:00,341.88144092796483,343.8936292383968,335.4851212068208,343.0673828125,5369900,0.0,0.0
2021-12-17 00:00:00-05:00,339.44149083272697,342.9409937687806,334.5130254338516,339.5581359863281,5898200,0.0,0.0
2021-12-20 00:00:00-05:00,331.71342594773006,333.939503200176,326.8433127492294,327.6112365722656,5013900,0.0,0.0
2021-12-21 00:00:00-05:00,330.8288587451104,342.1730757584933,329.8956677539571,340.9482421875,3105100,0.0,0.0
2021-12-22 00:00:00-05:00,336.9042789317482,348.6081584236853,336.9042789317482,347.5,3456400,0.0,0.0
2021-12-23 00:00:00-05:00,347.55837937958336,352.3507389024267,345.0892815656742,350.51348876953125,2627000,0.0,0.0
2021-12-27 00:00:00-05:00,349.94963341808227,350.9994692654734,345.6724771649809,350.2509765625,2677100,0.0,0.0
2021-12-28 00:00:00-05:00,348.77345126658844,353.97409801979046,348.40405520950713,350.7078857421875,1920100,0.0,0.0
2021-12-29 00:00:00-05:00,351.6799852207258,353.01173342181664,350.1343776954422,351.20367431640625,1535200,0.0,0.0
2021-12-30 00:00:00-05:00,351.8938917500499,354.46990463775086,349.084558872002,350.9120788574219,1558000,0.0,0.0
2021-12-31 00:00:00-05:00,347.95691758924613,353.2353180629531,346.8195680935936,349.2886657714844,1984000,0.0,0.0
2022-01-03 00:00:00-05:00,349.745520916104,361.9257117109136,349.2205881348779,360.5939636230469,4708200,0.0,0.0
2022-01-04 00:00:00-05:00,361.60496045769287,371.7243428642726,361.27445596685635,364.9100646972656,6854500,0.0,0.0
2022-01-05 00:00:00-05:00,363.5588535870398,371.821554804927,362.11046016066206,363.4616394042969,5976600,0.0,0.0
2022-01-06 00:00:00-05:00,358.8674202840775,364.2500896891579,356.7357635498047,360.14251708984375,4781100,0.49,0.0
2022-01-07 00:00:00-05:00,356.62872186163156,361.8848501521683,354.40943666977984,359.8018493652344,4551200,0.0,0.0
2022-01-10 00:00:00-05:00,361.0281656308189,361.0281656308189,339.4780084588747,354.21466064453125,6009300,0.0,0.0
2022-01-11 00:00:00-05:00,353.8449243058223,358.2542360010008,346.6031365316232,356.5314025878906,4131200,0.0,0.0
2022-01-12 00:00:00-05:00,359.1107484157075,362.20602011896403,357.29057347771453,357.524169921875,5783100,0.0,0.0
2022-01-13 00:00:00-05:00,358.78944216025207,367.6178054644695,358.0789099023674,359.6752014160156,3892900,0.0,0.0
2022-01-14 00:00:00-05:00,354.61379710478377,364.7951135655838,354.44831317319716,362.2254638671875,4029900,0.0,0.0
2022-01-18 00:00:00-05:00,360.9114131473267,362.22545235914197,355.4703456123258,356.541015625,4933900,0.0,0.0
2022-01-19 00:00:00-05:00,352.7547107889434,359.4611326174306,350.12663205051564,351.1194763183594,4464800,0.0,0.0
2022-01-20 00:00:00-05:00,352.19016789924353,363.1307337526232,352.03445673454553,354.3023681640625,5043200,0.0,0.0
2022-01-21 00:00:00-05:00,352.84229442725865,358.3223050217089,344.6758060994435,345.6199645996094,4867100,0.0,0.0
2022-01-24 00:00:00-05:00,333.4432104667876,340.772593991608,321.7823725670821,340.1107177734375,7472800,0.0,0.0
2022-01-25 00:00:00-05:00,334.17331284321483,337.79420619397496,324.5078739576769,329.73480224609375,6994400,0.0,0.0
2022-01-26 00:00:00-05:00,334.21218636590214,345.31820463548024,332.1584152579389,335.4775695800781,7438600,0.0,0.0
2022-01-27 00:00:00-05:00,339.77978119557974,350.0487254234233,325.42275138746356,341.191162109375,8416100,0.0,0.0
2022-01-28 00:00:00-05:00,349.48415431360775,372.5722056957878,345.91194733043716,372.31915283203125,8813400,0.0,0.0
2022-01-31 00:00:00-05:00,368.5912510911018,376.251574853727,366.264940596965,376.08612060546875,6345200,0.0,0.0
2022-02-01 00:00:00-05:00,375.4826624533482,384.9631616572308,372.23164968430154,381.61480712890625,5841100,0.0,0.0
2022-02-02 00:00:00-05:00,378.9185068862678,389.2653061618116,372.5527378748105,386.17974853515625,6115000,0.0,0.0
2022-02-03 00:00:00-05:00,378.1885587280321,382.47132836186034,376.193156830721,379.67779541015625,4209200,0.0,0.0
2022-02-04 00:00:00-05:00,377.2443839948155,377.80891858997205,366.3817046663543,372.0174560546875,6045400,0.0,0.0
2022-02-07 00:00:00-05:00,372.0174207509835,372.2120745184655,363.3642543084908,366.109130859375,4767500,0.0,0.0
2022-02-08 00:00:00-05:00,367.4816460670828,369.6522157413063,360.66813898373084,364.3960876464844,5825300,0.0,0.0
2022-02-09 00:00:00-05:00,375.32687955874485,378.100956012646,370.4600891850696,371.2095642089844,5492800,0.0,0.0
2022-02-10 00:00:00-05:00,361.81667863192683,369.8760826122439,360.6875796573035,364.4155578613281,3995000,0.0,0.0
2022-02-11 00:00:00-05:00,367.79304180373373,370.752058458556,357.8453515010674,359.9185791015625,4345600,0.0,0.0
2022-02-14 00:00:00-05:00,358.9939219847515,367.23826583012993,356.98880678451104,364.191650390625,3678400,0.0,0.0
2022-02-15 00:00:00-05:00,364.60040729096073,372.8642364730722,363.45185204078,371.375,5800400,0.0,0.0
2022-02-16 00:00:00-05:00,369.83709190308855,374.7428244679367,366.7418206378687,372.72796630859375,3424800,0.0,0.0
2022-02-17 00:00:00-05:00,368.51334474350284,371.1316801398836,362.2546599325456,363.743896484375,3972500,0.0,0.0
2022-02-18 00:00:00-05:00,364.53235211947066,364.8243476681249,359.1691394744427,360.0938415527344,4083800,0.0,0.0
2022-02-22 00:00:00-05:00,355.27570144066266,364.34740593256384,354.1076598554835,358.4780578613281,3897900,0.0,0.0
2022-02-23 00:00:00-05:00,362.0600275441555,363.60766341802326,350.53547076228784,351.6061706542969,3802500,0.0,0.0
2022-02-24 00:00:00-05:00,336.7234863835919,360.66810036802525,332.21683385682104,359.53900146484375,7425000,0.0,0.0
2022-02-25 00:00:00-05:00,357.43653909297484,362.66346699247146,352.0636134290149,359.2567138671875,3817900,0.0,0.0
2022-02-28 00:00:00-05:00,352.5405269214362,355.62605506397296,346.18450054044274,351.20703125,4952400,0.0,0.0
2022-03-01 00:00:00-05:00,348.31619132615117,351.94679791672394,332.1292418676651,335.3023986816406,5894200,0.0,0.0
2022-03-02 00:00:00-05:00,333.82286068632106,339.0400751583916,329.66663260386906,334.9227600097656,4997900,0.0,0.0
2022-03-03 00:00:00-05:00,338.36850806590405,340.18868310547396,331.6231430235447,331.9053955078125,3975900,0.0,0.0
2022-03-04 00:00:00-05:00,327.9242781748231,329.8028518363077,315.3679669145028,321.9478759765625,4670900,0.0,0.0
2022-03-07 00:00:00-05:00,320.79930865804056,321.0134486009403,303.79474362924793,304.58319091796875,6874300,0.0,0.0
2022-03-08 00:00:00-05:00,303.09404252332223,316.0786381336294,297.4680032700373,305.9556884765625,5048200,0.0,0.0
2022-03-09 00:00:00-05:00,314.5406964749044,320.6728709592983,312.55503742909286,319.3880310058594,4015900,0.0,0.0
2022-03-10 00:00:00-05:00,313.3628680558623,317.4314972519924,311.23121171963766,315.9422607421875,3771300,0.0,0.0
2022-03-11 00:00:00-05:00,321.2373184525987,322.1522772888655,315.39717083618604,316.1369323730469,2987700,0.0,0.0
2022-03-14 00:00:00-04:00,320.3321154319478,327.90483928734096,318.54114032294655,319.835693359375,4122700,0.0,0.0
2022-03-15 00:00:00-04:00,323.56367015626506,329.3648753527274,322.385885622761,326.0749206542969,3738900,0.0,0.0
2022-03-16 00:00:00-04:00,332.8787345883427,341.5903016607737,327.7102053376459,335.4970703125,4340800,0.0,0.0
2022-03-17 00:00:00-04:00,332.499125032574,337.6384544907745,330.69840664928023,337.2101745605469,3244200,0.0,0.0
2022-03-18 00:00:00-04:00,337.4632708844289,343.34233252103576,333.36541182655407,340.762939453125,6790800,0.0,0.0
2022-03-21 00:00:00-04:00,336.80129621786307,340.67527142657184,333.36534395422757,336.3730163574219,6053800,0.0,0.0
2022-03-22 00:00:00-04:00,337.5411301406059,344.5006348087334,336.30497601277284,340.2178649902344,4669900,0.0,0.0
2022-03-23 00:00:00-04:00,334.25112708373797,337.4924258177848,332.64509234470574,333.0636291503906,2527800,0.0,0.0
2022-03-24 00:00:00-04:00,333.13175521889013,340.1399442740421,331.62306229255114,340.0426025390625,2482700,0.0,0.0
2022-03-25 00:00:00-04:00,341.0744175727265,342.17431698550484,336.4412234815653,339.721435546875,2173800,0.0,0.0
2022-03-28 00:00:00-04:00,339.22496158582237,341.2203333422574,334.37762868806647,341.1521911621094,3134600,0.0,0.0
2022-03-29 00:00:00-04:00,349.1630126633888,360.88225229801236,347.5861773219183,357.75775146484375,5512400,0.0,0.0
2022-03-30 00:00:00-04:00,354.3120656028995,358.4682936926432,350.0390095978837,352.5892028808594,2614200,0.0,0.0
2022-03-31 00:00:00-04:00,350.00007349410896,354.4191273450585,347.83921744144055,347.85870361328125,4095700,0.0,0.0
2022-04-01 00:00:00-04:00,349.64968156482604,358.08870896827943,348.62766748929874,354.27313232421875,3806800,0.0,0.0
2022-04-04 00:00:00-04:00,354.5456299379177,359.90884169719726,353.4749302621277,357.134765625,3027200,0.0,0.0
2022-04-05 00:00:00-04:00,353.63075984238577,357.83567433098796,352.28752079426,353.6405029296875,2215900,0.0,0.0
2022-04-06 00:00:00-04:00,346.97289442904867,347.57637157889513,340.2664441890837,344.13067626953125,3864500,0.0,0.0
2022-04-07 00:00:00-04:00,342.2982835291085,343.97478412080994,337.06410120235506,340.7095031738281,2848500,0.49,0.0
2022-04-08 00:00:00-04:00,338.5164130080683,346.8891892273686,336.90814915849955,343.3607177734375,2235100,0.0,0.0
2022-04-11 00:00:00-04:00,341.7719115740142,342.6101468730398,337.07380796866653,338.5845947265625,1809200,0.0,0.0
2022-04-12 00:00:00-04:00,341.1481414017647,345.5148483201799,335.7677585658438,337.0543518066406,4038500,0.0,0.0
2022-04-13 00:00:00-04:00,335.69953420599654,347.9711170907711,334.1984739995377,346.1581726074219,3048500,0.0,0.0
2022-04-14 00:00:00-04:00,348.14649677068405,353.77058582184924,347.84433940956376,348.77032470703125,3358900,0.0,0.0
2022-04-18 00:00:00-04:00,345.03716314482716,351.6359608451547,344.28664806739766,347.7760925292969,1871400,0.0,0.0
2022-04-19 00:00:00-04:00,347.78588532568136,355.4471128597391,347.06461024775365,354.6673278808594,2999300,0.0,0.0
2022-04-20 00:00:00-04:00,357.3868298157941,362.4845689409703,354.66738319202904,356.0514831542969,3377300,0.0,0.0
2022-04-21 00:00:00-04:00,360.1354723282888,365.7302921635976,354.26770543198313,355.2229309082031,3605300,0.0,0.0
2022-04-22 00:00:00-04:00,351.38254195146004,352.9420820673856,341.7426571051212,342.2982482910156,2968800,0.0,0.0
2022-04-25 00:00:00-04:00,340.4463465799123,346.0801632156349,338.3702117222473,345.6318054199219,3380400,0.0,0.0
2022-04-26 00:00:00-04:00,339.1401949585256,341.20657293262815,334.89044896350566,335.40704345703125,3116400,0.0,0.0
2022-04-27 00:00:00-04:00,347.97107974847245,364.2876973306415,346.99637084161395,352.4255065917969,5702300,0.0,0.0
2022-04-28 00:00:00-04:00,359.79430384545293,372.30956265037224,359.4629063863377,369.24896240234375,6843300,0.0,0.0
2022-04-29 00:00:00-04:00,362.6404686044769,367.5822503332964,352.6009778843722,354.18975830078125,4741800,0.0,0.0
2022-05-02 00:00:00-04:00,353.819280506294,355.70046127744365,341.7231412037926,349.9594421386719,3903800,0.0,0.0
2022-05-03 00:00:00-04:00,352.44497061053573,354.24818793785795,344.50109940720097,348.7410888671875,2686900,0.0,0.0
2022-05-04 00:00:00-04:00,350.28109693671075,359.90146803998283,344.7155180137075,359.1996765136719,3346600,0.0,0.0
2022-05-05 00:00:00-04:00,352.94211156275514,358.46869457049803,340.2026586342962,344.4328918457031,3424800,0.0,0.0
2022-05-06 00:00:00-04:00,337.49298085582853,342.3762823140743,332.1613216002036,338.3409729003906,3635200,0.0,0.0
2022-05-09 00:00:00-04:00,332.3757355146872,333.7305951661553,316.6731893846097,319.69476318359375,5777400,0.0,0.0
2022-05-10 00:00:00-04:00,323.90549881339854,325.24084519197476,314.8796852532066,317.1020202636719,5003500,0.0,0.0
2022-05-11 00:00:00-04:00,317.2482054823006,322.62858691820685,310.4934514334065,317.6283264160156,4263900,0.0,0.0
2022-05-12 00:00:00-04:00,313.6320730444418,317.34571158562113,304.85969291647393,313.115478515625,3891500,0.0,0.0
2022-05-13 00:00:00-04:00,319.38288588723094,326.7516829654433,317.84282913126924,324.38311767578125,3536000,0.0,0.0
2022-05-16 00:00:00-04:00,320.23093242748104,325.11420473623247,316.80969400646245,321.3908386230469,2062300,0.0,0.0
2022-05-17 00:00:00-04:00,331.5082421277027,332.551187828779,324.1199614768835,330.28985595703125,2802300,0.0,0.0
2022-05-18 00:00:00-04:00,325.18232832637784,332.9605148577119,325.1238481810539,327.4046630859375,4521400,0.0,0.0
2022-05-19 00:00:00-04:00,321.6539549897416,327.70688926846395,316.22481897411495,323.81781005859375,4380700,0.0,0.0
2022-05-20 00:00:00-04:00,327.2097710964673,331.0208565033585,319.40234373100674,327.6776123046875,3428700,0.0,0.0
2022-05-23 00:00:00-04:00,330.455570294596,342.41523826386293,330.38733352990613,339.6178283691406,3420800,0.0,0.0
2022-05-24 00:00:00-04:00,335.19268906676643,335.2998927777723,327.482737381368,332.0736083984375,2561500,0.0,0.0
2022-05-25 00:00:00-04:00,331.96631346340047,338.9452321133681,330.630967152853,336.0406188964844,3033400,0.0,0.0
2022-05-26 00:00:00-04:00,339.1987099043052,344.3159318209649,337.25904863929895,341.0409240722656,2817400,0.0,0.0
2022-05-27 00:00:00-04:00,344.45242724192116,348.7411408859709,343.2047711679713,348.73138427734375,2658700,0.0,0.0
2022-05-31 00:00:00-04:00,344.1599841440009,351.8406955310439,342.25931951378277,348.819091796875,3873800,0.0,0.0
2022-06-01 00:00:00-04:00,349.1407540021163,355.2229282655173,345.8754731058747,348.0295715332031,2190000,0.0,0.0
2022-06-02 00:00:00-04:00,351.37281576804867,355.8174861485405,348.711879402873,353.8973083496094,2484200,0.0,0.0
2022-06-03 00:00:00-04:00,350.3883449529594,351.82116813939405,346.7721537350628,348.77032470703125,2076600,0.0,0.0
2022-06-06 00:00:00-04:00,352.8445908455065,358.9950010852804,349.4623500693949,351.0316467285156,2196100,0.0,0.0
2022-06-07 00:00:00-04:00,347.9028248599943,355.26189457081546,347.3179935971984,354.8135070800781,2158800,0.0,0.0
2022-06-08 00:00:00-04:00,355.7687148530481,357.8350927662989,351.85039615409625,353.1662292480469,1709600,0.0,0.0
2022-06-09 00:00:00-04:00,350.6613094590412,353.04932859416965,340.114951237796,340.1734313964844,2250600,0.0,0.0
2022-06-10 00:00:00-04:00,332.6974162487445,335.602059832804,326.13764359049435,326.2838439941406,3300500,0.0,0.0
2022-06-13 00:00:00-04:00,313.8562942148887,322.5311982611176,309.8794946309825,311.6534423828125,4825100,0.0,0.0
2022-06-14 00:00:00-04:00,312.0043223474744,315.80568107796563,311.575448055239,313.99273681640625,2788400,0.0,0.0
2022-06-15 00:00:00-04:00,319.12945430844394,322.26801825255603,311.35126633936017,317.1605529785156,2357800,0.0,0.0
2022-06-16 00:00:00-04:00,308.09576245898296,308.44667316474806,297.3642069123943,300.97064208984375,4528500,0.0,0.0
2022-06-17 00:00:00-04:00,299.23565789745095,306.19509431674294,295.97037685397873,302.83233642578125,6235300,0.0,0.0
2022-06-21 00:00:00-04:00,308.0568173521883,312.13112423761726,306.9164242954568,309.3726806640625,3193700,0.0,0.0
2022-06-22 00:00:00-04:00,305.542022931397,310.9711590495491,303.4853715307398,308.15423583984375,2671500,0.0,0.0
2022-06-23 00:00:00-04:00,310.83461000685287,311.8873120995073,305.6101854590864,308.7487487792969,2387600,0.0,0.0
2022-06-24 00:00:00-04:00,311.14655154004816,322.44342322448625,311.14655154004816,322.1412658691406,4318900,0.0,0.0
2022-06-27 00:00:00-04:00,323.5740887478029,323.5740887478029,318.8467450131411,320.51348876953125,2810800,0.0,0.0
2022-06-28 00:00:00-04:00,324.2857352925987,328.62317301804404,310.07445970173256,310.24017333984375,3394200,0.0,0.0
2022-06-29 00:00:00-04:00,311.0393981997599,317.86236171498683,310.35711969569337,314.431396484375,3779500,0.0,0.0
2022-06-30 00:00:00-04:00,307.32575046797507,310.2401507441723,301.85764699498867,307.501220703125,3411500,0.0,0.0
2022-07-01 00:00:00-04:00,306.1560056683696,310.87359216141084,303.4365600927703,310.1912841796875,2287700,0.0,0.0
2022-07-05 00:00:00-04:00,305.1618536974718,312.20900985394405,301.63341218822274,311.1855773925781,2112100,0.0,0.0
2022-07-06 00:00:00-04:00,310.9321482660303,314.2071559886125,307.7351041696142,312.07257080078125,2219200,0.0,0.0
2022-07-07 00:00:00-04:00,314.6789926611298,317.1292415409828,311.91632192998725,316.3580627441406,2202100,0.49,0.0
2022-07-08 00:00:00-04:00,315.09876521463815,317.24642347262915,311.75039647766164,315.3721008300781,1662100,0.0,0.0
2022-07-11 00:00:00-04:00,311.7797162376446,318.45694112552246,311.55517882468024,316.4752502441406,2073800,0.0,0.0
2022-07-12 00:00:00-04:00,312.5899479435913,319.56979329364685,312.5899479435913,315.1768798828125,2761500,0.0,0.0
2022-07-13 00:00:00-04:00,308.43133443554393,317.19761787333914,306.3422458195363,315.67474365234375,2442600,0.0,0.0
2022-07-14 00:00:00-04:00,308.6363121038001,319.7845325265387,307.88464659650174,317.29522705078125,2743900,0.0,0.0
2022-07-15 00:00:00-04:00,325.69056488441703,327.58440081575264,321.9126645835749,324.6557922363281,3387400,0.0,0.0
2022-07-18 00:00:00-04:00,327.51610703177494,329.4782845981933,321.94199623430285,323.1329650878906,2468500,0.0,0.0
2022-07-19 00:00:00-04:00,323.8845871016749,333.87115318927243,323.8845871016749,332.2799377441406,2689800,0.0,0.0
2022-07-20 00:00:00-04:00,332.2799680510898,335.14023557189705,328.28730152253956,333.1487731933594,2563600,0.0,0.0
2022-07-21 00:00:00-04:00,333.7344643615197,338.9669271415414,331.96753958209916,338.664306640625,2230800,0.0,0.0
2022-07-22 00:00:00-04:00,340.57770069482507,342.73510094073066,332.299488693078,335.6966857910156,2253000,0.0,0.0
2022-07-25 00:00:00-04:00,336.2531383259539,337.31719603067313,332.0163910510165,336.0188293457031,2180100,0.0,0.0
2022-07-26 00:00:00-04:00,334.49596272222436,336.42885544911724,331.2256766090446,333.1585693359375,2254200,0.0,0.0
2022-07-27 00:00:00-04:00,334.84740376475486,340.6167671248787,323.3574752784332,335.1011962890625,4580300,0.0,0.0
2022-07-28 00:00:00-04:00,339.7186591973284,344.853496740268,332.5142759684238,344.0627746582031,3635500,0.0,0.0
2022-07-29 00:00:00-04:00,345.7027550370164,348.3092002272459,341.6319756321869,345.370849609375,3176800,0.0,0.0
2022-08-01 00:00:00-04:00,339.53310616634127,346.3958109150112,337.43427602621847,342.1981506347656,2289400,0.0,0.0
2022-08-02 00:00:00-04:00,338.8205259199577,342.7936793008506,335.79432043706765,340.7046203613281,2878800,0.0,0.0
2022-08-03 00:00:00-04:00,341.6710358000064,347.9968417019897,340.2457878208187,345.7027587890625,2921200,0.0,0.0
2022-08-04 00:00:00-04:00,346.22990997648884,350.07612215358586,341.32935214926493,347.5965881347656,2339500,0.0,0.0
2022-08-05 00:00:00-04:00,342.06150100620135,349.3146816323792,342.06150100620135,349.0023193359375,1848700,0.0,0.0
2022-08-08 00:00:00-04:00,350.4567949142685,350.4567949142685,341.563601967125,343.7795715332031,2477600,0.0,0.0
2022-08-09 00:00:00-04:00,342.06149441912703,342.7643617074469,337.13168162988495,338.2933654785156,2467400,0.0,0.0
2022-08-10 00:00:00-04:00,345.90775808532953,346.1127523682044,342.69604196065507,344.9706115722656,2443700,0.0,0.0
2022-08-11 00:00:00-04:00,347.3818216880808,347.3818216880808,342.01270552533254,342.2372131347656,2609400,0.0,0.0
2022-08-12 00:00:00-04:00,346.29820253478414,346.9913280341918,341.9248326683249,345.8393859863281,2514200,0.0,0.0
2022-08-15 00:00:00-04:00,343.94558555264393,353.3366833191755,342.4715392993163,351.38427734375,2526300,0.0,0.0
2022-08-16 00:00:00-04:00,345.8394260697051,351.4330799843424,344.69728524291276,350.700927734375,2448700,0.0,0.0
2022-08-17 00:00:00-04:00,345.08770740088875,348.46536091958626,343.3793524137556,346.8741455078125,2439900,0.0,0.0
2022-08-18 00:00:00-04:00,345.88829053096134,350.96452879066373,345.1561382038678,348.8559265136719,1934900,0.0,0.0
2022-08-19 00:00:00-04:00,348.14323431422616,348.2798872245332,345.1462843532348,345.8491516113281,1740700,0.0,0.0
2022-08-22 00:00:00-04:00,341.6710756149798,342.6472786881655,336.08719284470374,337.2879333496094,2312400,0.0,0.0
2022-08-23 00:00:00-04:00,334.53492403615,336.9949442504975,331.29392374406564,332.77777099609375,2240700,0.0,0.0
2022-08-24 00:00:00-04:00,332.0847015729869,334.14450522195006,330.29826334082253,331.6258850097656,2218400,0.0,0.0
2022-08-25 00:00:00-04:00,331.90901446563424,336.9169405387466,329.2927976191823,336.4678955078125,2228500,0.0,0.0
2022-08-26 00:00:00-04:00,336.83879497813905,337.4147808991126,323.80651024131754,324.060302734375,1925000,0.0,0.0
2022-08-29 00:00:00-04:00,322.13717499854994,324.8900742372627,319.9700034391256,321.5124206542969,2308200,0.0,0.0
2022-08-30 00:00:00-04:00,323.1231841058725,325.04630515459166,317.8224091117033,320.00909423828125,2618900,0.0,0.0
2022-08-31 00:00:00-04:00,320.4776685388728,323.298879517779,316.56308525258385,316.65093994140625,3129000,0.0,0.0
2022-09-01 00:00:00-04:00,316.1043055155511,317.8614590794398,311.61376555173797,317.5100402832031,2493200,0.0,0.0
2022-09-02 00:00:00-04:00,321.57099845880174,321.82482074413474,312.9023120050227,314.8840026855469,1936800,0.0,0.0
2022-09-06 00:00:00-04:00,314.82547123660703,319.2086132253973,312.9316350108213,316.36785888671875,2043400,0.0,0.0
2022-09-07 00:00:00-04:00,316.3678049118702,321.36598850319825,314.386114328096,320.7997741699219,1998300,0.0,0.0
2022-09-08 00:00:00-04:00,316.8070990476827,322.43003680751355,315.782098006247,322.21527099609375,2114000,0.0,0.0
2022-09-09 00:00:00-04:00,322.6741224317936,328.99989830483713,322.2933889920684,327.8577575683594,1815700,0.0,0.0
2022-09-12 00:00:00-04:00,330.0443830413111,331.4013191590052,327.94555309427363,330.3665466308594,2097800,0.0,0.0
2022-09-13 00:00:00-04:00,322.14697874666007,324.88033513463705,316.8559455632935,317.69549560546875,2316900,0.0,0.0
2022-09-14 00:00:00-04:00,319.2573562652805,320.66309061107006,315.65516572811276,318.0956726074219,2657900,0.0,0.0
2022-09-15 00:00:00-04:00,315.8895592349154,318.1836424903933,307.6699457723365,309.4173278808594,2486800,0.0,0.0
2022-09-16 00:00:00-04:00,305.4051480001489,308.11899144610516,301.75412812164546,307.6308898925781,3650900,0.0,0.0
2022-09-19 00:00:00-04:00,304.52648752157194,307.9431974578361,302.86693077884786,306.5569763183594,2369700,0.0,0.0
2022-09-20 00:00:00-04:00,303.7553200252202,306.8889232204891,302.0762497234799,305.8150939941406,2769600,0.0,0.0
2022-09-21 00:00:00-04:00,306.9962998835985,307.48440133545347,296.98044855830267,297.2537841796875,2366300,0.0,0.0
2022-09-22 00:00:00-04:00,295.7407162828581,295.86759765048964,289.53204959554796,291.2599182128906,3176500,0.0,0.0
2022-09-23 00:00:00-04:00,286.15435450922035,287.5600890374105,283.33311389082496,286.5936279296875,3245900,0.0,0.0
2022-09-26 00:00:00-04:00,283.14766799632594,288.3117902035794,282.23980635701054,283.20623779296875,3635600,0.0,0.0
2022-09-27 00:00:00-04:00,288.43871452126683,290.8108807675955,278.0226149365192,279.66265869140625,4073300,0.0,0.0
2022-09-28 00:00:00-04:00,278.32518052867647,286.0079219902233,274.9865834616516,283.2745361328125,5611400,0.0,0.0
2022-09-29 00:00:00-04:00,281.4881265725718,285.119602737991,278.0714162477927,279.9457092285156,3439700,0.0,0.0
2022-09-30 00:00:00-04:00,280.0335065329584,283.84072109059565,277.573486328125,277.573486328125,3804200,0.0,0.0
2022-10-03 00:00:00-04:00,281.00008580321236,285.7834753330086,278.1398176919057,283.5675048828125,5285200,0.0,0.0
2022-10-04 00:00:00-04:00,289.14154917998525,296.7364068089469,288.9365549055824,294.10064697265625,3949200,0.0,0.0
2022-10-05 00:00:00-04:00,290.88898409433807,299.3038492869294,290.17634517104995,296.9609680175781,2845200,0.0,0.0
2022-10-06 00:00:00-04:00,295.8559758984883,298.27108811360847,292.21864150647343,292.5804443359375,2494400,0.49,0.0
2022-10-07 00:00:00-04:00,290.0676082441658,290.58582936054546,286.4791500628621,288.4151611328125,2210800,0.0,0.0
2022-10-10 00:00:00-04:00,290.4390794232963,290.64440437328676,283.10574710100985,285.29595947265625,1783500,0.0,0.0
2022-10-11 00:00:00-04:00,283.3893586832752,283.9369417654398,278.0996064459228,279.693359375,3554900,0.0,0.0
2022-10-12 00:00:00-04:00,280.1725152009763,281.1013863931025,276.91649776570955,277.0827331542969,2646800,0.0,0.0
2022-10-13 00:00:00-04:00,271.11825365270863,288.8649164869757,270.7173611348506,287.4275817871094,3322800,0.0,0.0
2022-10-14 00:00:00-04:00,289.2854017167943,291.9840787036208,281.4436324392508,282.2747497558594,3106300,0.0,0.0
2022-10-17 00:00:00-04:00,288.85517245242403,292.0916150499009,284.8658217431704,288.4836120605469,3417600,0.0,0.0
2022-10-18 00:00:00-04:00,296.4329341881974,296.95115527308246,289.9600195317404,293.7049255371094,3096000,0.0,0.0
2022-10-19 00:00:00-04:00,288.89422059648706,292.9813544807524,288.2391261801861,291.14312744140625,1914300,0.0,0.0
2022-10-20 00:00:00-04:00,291.1334103465797,296.00275571018386,289.0409510257023,289.6960754394531,2463800,0.0,0.0
2022-10-21 00:00:00-04:00,287.96537590892893,295.98313670262445,286.9778106914976,295.65069580078125,3599600,0.0,0.0
2022-10-24 00:00:00-04:00,297.75294302078424,300.1778431801952,293.8222862398979,298.8089599609375,3184100,0.0,0.0
2022-10-25 00:00:00-04:00,299.11205887457066,305.1645068250231,299.063152072995,304.4898376464844,3012400,0.0,0.0
2022-10-26 00:00:00-04:00,305.3502034006628,317.2399837009627,305.3502034006628,312.4097595214844,5278000,0.0,0.0
2022-10-27 00:00:00-04:00,309.15380485744254,315.9004663034711,307.08092051327156,312.2729187011719,4725800,0.0,0.0
2022-10-28 00:00:00-04:00,312.214241524499,324.42667726872656,310.75736208301225,322.1484680175781,3644400,0.0,0.0
2022-10-31 00:00:00-04:00,321.57160246598767,322.1191557061374,316.58492917802596,320.88714599609375,3157900,0.0,0.0
2022-11-01 00:00:00-04:00,324.8373818604954,326.22583963659883,319.82137635528403,325.78582763671875,3660400,0.0,0.0
2022-11-02 00:00:00-04:00,324.05515024278805,325.60002612629825,312.5271409627405,312.7129211425781,3074900,0.0,0.0
2022-11-03 00:00:00-04:00,308.1173202643906,309.7306475864106,301.74222006708715,302.299560546875,2860900,0.0,0.0
2022-11-04 00:00:00-04:00,306.86580294336267,315.94936770487544,306.27913025385624,311.2951354980469,3414000,0.0,0.0
2022-11-07 00:00:00-05:00,315.28446983177577,318.56000165555366,310.6497826765722,317.9049072265625,2742100,0.0,0.0
2022-11-08 00:00:00-05:00,318.98051359505604,322.0800530080979,315.0987339129104,318.51116943359375,2387500,0.0,0.0
2022-11-09 00:00:00-05:00,315.11828473264205,316.4969552587486,308.14672299341703,308.6258544921875,3001200,0.0,0.0
2022-11-10 00:00:00-05:00,323.8204525992126,329.90223185822595,321.84535213686974,329.7751159667969,3255000,0.0,0.0
2022-11-11 00:00:00-05:00,331.4666497269482,335.015987653197,328.8853022026189,331.7502136230469,3734700,0.0,0.0
2022-11-14 00:00:00-05:00,329.25693048165226,336.8542840922562,328.5529291787279,331.8284912109375,2348900,0.0,0.0
2022-11-15 00:00:00-05:00,338.88803815846046,343.41515460146,331.94580911331576,335.8764953613281,2983600,0.0,0.0
2022-11-16 00:00:00-05:00,335.534263145741,337.46048677591585,332.5422651999038,335.1431579589844,2579600,0.0,0.0
2022-11-17 00:00:00-05:00,331.4667037178293,334.32182827742497,329.51114794368283,333.6862487792969,2004500,0.0,0.0
2022-11-18 00:00:00-05:00,337.9787138989546,340.8827154675966,333.7449188642926,336.052490234375,2737700,0.0,0.0
2022-11-21 00:00:00-05:00,335.37784379619364,336.60006625900775,330.1173935419352,330.7333984375,1965100,0.0,0.0
2022-11-22 00:00:00-05:00,332.27824516937227,337.6462660429937,330.0587001150212,337.29425048828125,2510700,0.0,0.0
2022-11-23 00:00:00-05:00,336.97164814809565,343.00452189914324,336.5023039502589,340.8925476074219,1937300,0.0,0.0
2022-11-25 00:00:00-05:00,341.2053728088888,343.591153308261,340.34492346952,343.4836120605469,944400,0.0,0.0
2022-11-28 00:00:00-05:00,338.97601671839794,342.4471459776857,335.60270105107037,336.9324645996094,2226200,0.0,0.0
2022-11-29 00:00:00-05:00,336.0133470621388,337.05957650714805,333.1777973082488,335.5049133300781,1724200,0.0,0.0
2022-11-30 00:00:00-05:00,335.23119210327803,348.4800720214844,333.89164102223833,348.4800720214844,4252300,0.0,0.0
2022-12-01 00:00:00-05:00,350.03473382713514,353.54495323788245,346.1822861512854,352.78228759765625,3374700,0.0,0.0
2022-12-02 00:00:00-05:00,349.50676006598655,354.23920203274645,348.14763431517173,352.0587463378906,2015500,0.0,0.0
2022-12-05 00:00:00-05:00,348.0889139747781,350.9244637668026,346.57337024576503,348.1769104003906,2202500,0.0,0.0
2022-12-06 00:00:00-05:00,345.95735982718713,347.1111305079803,336.6978025606232,339.80712890625,2353300,0.0,0.0
2022-12-07 00:00:00-05:00,339.1715765806043,340.12002226406804,333.8817949686478,339.6995849609375,2454300,0.0,0.0
2022-12-08 00:00:00-05:00,342.2222891372043,344.3440804591978,339.50406757706253,343.3663024902344,1998600,0.0,0.0
2022-12-09 00:00:00-05:00,340.65780974051273,344.9306943308613,339.64091238336243,341.0782470703125,2301100,0.0,0.0
2022-12-12 00:00:00-05:00,342.52537405977347,350.4747131679939,341.3422711547802,350.2107238769531,2427100,0.0,0.0
2022-12-13 00:00:00-05:00,361.0346788529397,361.05425350689586,347.8346780582778,349.2133483886719,3072200,0.0,0.0
2022-12-14 00:00:00-05:00,349.0667228743459,354.0533963118623,345.90848940138875,349.5653991699219,2587200,0.0,0.0
2022-12-15 00:00:00-05:00,343.6107589498673,345.93784553193984,334.94763032663275,338.5556335449219,2774900,0.0,0.0
2022-12-16 00:00:00-05:00,337.1084032790983,340.5012930553641,335.7493078071351,338.1546325683594,5947100,0.0,0.0
2022-12-19 00:00:00-05:00,337.68534852200776,338.1644799657906,331.9947040359657,333.6764831542969,2457300,0.0,0.0
2022-12-20 00:00:00-05:00,333.78401277683815,336.71734626441304,333.05067940494445,335.32891845703125,1895900,0.0,0.0
2022-12-21 00:00:00-05:00,336.00359347360927,339.87558539047694,334.7617965114067,338.0080261230469,2087000,0.0,0.0
2022-12-22 00:00:00-05:00,336.54131316596477,337.9199833209641,328.95374857030595,333.9306335449219,2276100,0.0,0.0
2022-12-23 00:00:00-05:00,331.48626835597895,336.88362171260474,330.18583681774857,335.9645080566406,1914500,0.0,0.0
2022-12-27 00:00:00-05:00,336.45340064728407,339.20095431665254,334.214280772876,338.4676208496094,1637700,0.0,0.0
2022-12-28 00:00:00-05:00,338.8489821086864,341.7432267134593,334.18499140349,334.3512268066406,1854100,0.0,0.0
2022-12-29 00:00:00-05:00,336.7271695421511,341.9485001267628,335.90583965866983,340.4720458984375,1459800,0.0,0.0
2022-12-30 00:00:00-05:00,337.65605556640514,340.16895212799835,335.984063581275,340.00274658203125,1617600,0.0,0.0
2023-01-03 00:00:00-05:00,342.18313492042296,346.77870284371414,336.29692288709924,339.0933532714844,2933600,0.0,0.0
2023-01-04 00:00:00-05:00,343.5814181100553,349.0471934278999,341.9191836112162,347.2578430175781,2661000,0.0,0.0
2023-01-05 00:00:00-05:00,348.2062510890954,349.61425361227924,343.4640224408313,343.9529113769531,2608500,0.0,0.0
2023-01-06 00:00:00-05:00,349.936833986967,361.1113899316086,347.9879076008029,360.08306884765625,4432800,0.57,0.0
2023-01-09 00:00:00-05:00,363.9613257258396,367.2617801413218,361.93403352637785,363.31494140625,3913500,0.0,0.0
2023-01-10 00:00:00-05:00,361.19954190498805,364.0103141954897,359.6325521935901,363.3541564941406,3485900,0.0,0.0
2023-01-11 00:00:00-05:00,364.9309125915952,370.1215640439193,363.59899078932904,370.0627746582031,3370200,0.0,0.0
2023-01-12 00:00:00-05:00,370.06279126712184,373.26533348419855,369.14221579649893,371.9725646972656,3291200,0.0,0.0
2023-01-13 00:00:00-05:00,367.320557691716,370.0725703751634,366.58603409532594,367.77105712890625,4261000,0.0,0.0
2023-01-17 00:00:00-05:00,367.26177978515625,370.5230512389988,366.2628385037631,367.26177978515625,2814500,0.0,0.0
2023-01-18 00:00:00-05:00,366.78192723547585,368.0550895426357,360.8959351202864,361.3072814941406,2747100,0.0,0.0
2023-01-19 00:00:00-05:00,357.07639842396577,363.1484420194228,356.0970336613591,360.34747314453125,3111200,0.0,0.0
2023-01-20 00:00:00-05:00,362.5902358531209,368.84836130041634,361.7773463427141,368.515380859375,3863400,0.0,0.0
2023-01-23 00:00:00-05:00,368.9658634601326,373.5101302106927,368.5937000759939,370.75811767578125,2743900,0.0,0.0
2023-01-24 00:00:00-05:00,381.9522399633542,381.9522399633542,367.4772306289745,372.16839599609375,2756200,0.0,0.0
2023-01-25 00:00:00-05:00,367.35972075685726,374.66577336467765,367.35972075685726,374.4992980957031,3501900,0.0,0.0
2023-01-26 00:00:00-05:00,375.4981983201466,376.18373563199617,365.30300888248905,369.45550537109375,3718400,0.0,0.0
2023-01-27 00:00:00-05:00,368.4272602467358,372.6678968382769,365.6752474471028,366.31182861328125,3405600,0.0,0.0
2023-01-30 00:00:00-05:00,361.8361646652181,366.02784543956494,361.77740515947204,363.4619140625,2688600,0.0,0.0
2023-01-31 00:00:00-05:00,362.3551781226985,364.793816834334,359.44646342836097,362.9526062011719,3137400,0.0,0.0
2023-02-01 00:00:00-05:00,360.96449897274726,369.0050757784066,359.42688903187207,366.36077880859375,2951900,0.0,0.0
2023-02-02 00:00:00-05:00,371.68851099442736,372.61891949168637,365.1071784693732,367.2030334472656,2761600,0.0,0.0
2023-02-03 00:00:00-05:00,363.14846527151536,370.4153654260004,362.8448645666952,366.1943054199219,2739600,0.0,0.0
2023-02-06 00:00:00-05:00,362.36502760999264,366.60566464731676,361.43461896234203,365.27374267578125,2068300,0.0,0.0
2023-02-07 00:00:00-05:00,363.843853811523,369.2891201185537,361.22893644795516,367.3205871582031,2309100,0.0,0.0
2023-02-08 00:00:00-05:00,365.46954886157135,368.03547966802256,362.5020749299201,362.7077331542969,2193600,0.0,0.0
2023-02-09 00:00:00-05:00,365.5968515444922,366.8406639131187,361.63043623690805,362.77630615234375,2287600,0.0,0.0
2023-02-10 00:00:00-05:00,362.01238780652585,362.6097859368559,355.4310557224352,359.2603454589844,2270700,0.0,0.0
2023-02-13 00:00:00-05:00,360.95467865076915,363.48145650443456,359.4954347018755,363.1778259277344,2286400,0.0,0.0
2023-02-14 00:00:00-05:00,361.9536727312723,365.70465709909445,360.14187154581407,362.3258361816406,1841400,0.0,0.0
2023-02-15 00:00:00-05:00,358.72173936974673,362.16909272170415,357.47795682774847,362.0124206542969,2203300,0.0,0.0
2023-02-16 00:00:00-05:00,357.37017413385485,365.38137023101586,357.37017413385485,359.9654846191406,2792700,0.0,0.0
2023-02-17 00:00:00-05:00,356.54757144084044,359.13310903843694,352.3754675391933,353.67803955078125,2718900,0.0,0.0
2023-02-21 00:00:00-05:00,349.39825600187646,354.30485417419726,347.8606458270349,348.61474609375,2730900,0.0,0.0
2023-02-22 00:00:00-05:00,348.0269866976284,350.35787920616843,345.92135880462996,347.6450500488281,2109300,0.0,0.0
2023-02-23 00:00:00-05:00,350.3579301727515,350.3579301727515,344.4034057441532,348.19354248046875,1975500,0.0,0.0
2023-02-24 00:00:00-05:00,343.5808464134076,346.6952200304277,342.3762166689305,345.8333740234375,2016100,0.0,0.0
2023-02-27 00:00:00-05:00,348.3012942317851,350.64196044392276,347.4982079632524,348.14459228515625,2200800,0.0,0.0
2023-02-28 00:00:00-05:00,347.4884207497982,350.41671192465077,345.9508108475623,347.9585266113281,2732900,0.0,0.0
2023-03-01 00:00:00-05:00,346.695157279051,347.9781228429262,342.1802996617796,346.2054748535156,1968100,0.0,0.0
2023-03-02 00:00:00-05:00,346.3327874191779,349.26107867820264,344.43281726999646,348.2327575683594,2526000,0.0,0.0
2023-03-03 00:00:00-05:00,350.7301471861978,354.2264869922713,349.7214025520252,354.0404052734375,2174900,0.0,0.0
2023-03-06 00:00:00-05:00,354.3538274552922,360.92535779128224,353.80538548349296,359.3583679199219,2789400,0.0,0.0
2023-03-07 00:00:00-05:00,359.59332933985286,361.53245220595755,352.130545649867,352.51251220703125,1660800,0.0,0.0
2023-03-08 00:00:00-05:00,351.2100220117685,354.2362857641908,349.90747988410624,351.6213684082031,1634400,0.0,0.0
2023-03-09 00:00:00-05:00,351.83677956207396,356.5083385686621,346.6069754858131,347.12603759765625,2414700,0.0,0.0
2023-03-10 00:00:00-05:00,345.1378854681837,345.7646632763125,338.1060547481563,339.9472351074219,3176400,0.0,0.0
2023-03-13 00:00:00-04:00,336.5391618626407,342.64058599784903,333.1897207888869,337.59686279296875,3308200,0.0,0.0
2023-03-14 00:00:00-04:00,343.7570386688032,348.761578361379,341.36738620839736,345.53948974609375,3413300,0.0,0.0
2023-03-15 00:00:00-04:00,338.9091685337077,341.21068173320566,336.54892572656075,340.89727783203125,3082600,0.0,0.0
2023-03-16 00:00:00-04:00,339.4674414438677,341.4947338679099,333.25827184631004,340.8189697265625,3768100,0.0,0.0
2023-03-17 00:00:00-04:00,343.02252379827326,344.67765271383763,339.70246275496095,342.4447021484375,8426800,0.0,0.0
2023-03-20 00:00:00-04:00,340.81895612272655,346.53844306422207,340.17257175733204,342.1117248535156,3864200,0.0,0.0
2023-03-21 00:00:00-04:00,347.0575330346259,348.8497875295426,343.59057293797383,347.25341796875,3766800,0.0,0.0
2023-03-22 00:00:00-04:00,347.2925509586969,352.57134178322707,343.78643798828125,343.78643798828125,2596400,0.0,0.0
2023-03-23 00:00:00-04:00,345.1380091990134,352.43426021954997,344.579763998635,347.05755615234375,2598100,0.0,0.0
2023-03-24 00:00:00-04:00,343.2184410640625,345.14779111203626,339.16385603303195,344.37408447265625,2971500,0.0,0.0
2023-03-27 00:00:00-04:00,348.2328073523919,350.50494124149725,346.96941818048936,347.3023986816406,2420300,0.0,0.0
2023-03-28 00:00:00-04:00,348.22300123709584,348.5559817354726,345.5199443954126,347.01837158203125,1695900,0.0,0.0
2023-03-29 00:00:00-04:00,350.00539462113477,352.6007053458821,348.4775879345725,352.11102294921875,2327000,0.0,0.0
2023-03-30 00:00:00-04:00,353.5017476073057,355.10789038802545,350.8476473967793,351.84661865234375,2480500,0.0,0.0
2023-03-31 00:00:00-04:00,353.67799925797067,356.14598768445643,352.9434756906765,355.91094970703125,3376600,0.0,0.0
2023-04-03 00:00:00-04:00,355.12744286431484,359.09388809274316,354.28520351311477,358.9078063964844,2978000,0.0,0.0
2023-04-04 00:00:00-04:00,359.23102127749087,361.5031549421211,355.88161016938466,356.390869140625,2198700,0.0,0.0
2023-04-05 00:00:00-04:00,356.5379945426852,358.15647560651,354.70368407330477,356.8420715332031,2239600,0.57,0.0
2023-04-06 00:00:00-04:00,354.3113318285257,355.12549662878024,349.1714188620241,354.5663757324219,2357600,0.0,0.0
2023-04-10 00:00:00-04:00,352.8399695101072,354.03667019605115,350.75064512168024,353.26177978515625,1559100,0.0,0.0
2023-04-11 00:00:00-04:00,356.479105681286,358.2152899236129,354.26225952445986,357.175537109375,3033800,0.0,0.0
2023-04-12 00:00:00-04:00,359.08834716052206,361.56023768030104,354.13480739797626,354.8704833984375,2268800,0.0,0.0
2023-04-13 00:00:00-04:00,356.8714776494858,362.68821451401675,356.4496973226888,362.5901184082031,2611700,0.0,0.0
2023-04-14 00:00:00-04:00,362.93340361753314,366.25867268421075,362.06038727800103,365.3169860839844,2254600,0.0,0.0
2023-04-17 00:00:00-04:00,366.22923328577735,366.95512048107537,361.3541833836183,365.6407165527344,2432700,0.0,0.0
2023-04-18 00:00:00-04:00,366.80804133771665,366.80804133771665,362.8942249206965,365.20916748046875,2087800,0.0,0.0
2023-04-19 00:00:00-04:00,365.8663052513011,367.0041541615822,364.07126934314283,365.679931640625,1795300,0.0,0.0
2023-04-20 00:00:00-04:00,364.3557643583317,368.0243252837757,362.62936865942675,367.83795166015625,2124800,0.0,0.0
2023-04-21 00:00:00-04:00,368.54420761997164,370.2215403246484,366.13119900020666,368.0733642578125,3537800,0.0,0.0
2023-04-24 00:00:00-04:00,367.9851124125068,370.4275769766133,366.48433463841485,367.5731506347656,1886300,0.0,0.0
2023-04-25 00:00:00-04:00,366.366627177844,367.4259873863536,361.2855657442914,361.4915466308594,2245000,0.0,0.0
2023-04-26 00:00:00-04:00,362.5803716330131,365.1110838208425,359.09815405014047,359.75537109375,2594200,0.0,0.0
2023-04-27 00:00:00-04:00,359.5787999075576,367.8183951081738,354.1053836037463,366.5334167480469,3859900,0.0,0.0
2023-04-28 00:00:00-04:00,365.415152033328,374.6356180630481,364.4146435058951,372.77191162109375,3107300,0.0,0.0
2023-05-01 00:00:00-04:00,373.22310563137614,375.1554822840064,371.722327921903,372.6051330566406,1745100,0.0,0.0
2023-05-02 00:00:00-04:00,370.55502506215424,371.6045965007902,363.85548322700737,368.8482666015625,2478700,0.0,0.0
2023-05-03 00:00:00-04:00,369.476113175328,372.3010838302207,367.180777745208,367.7398986816406,1970900,0.0,0.0
2023-05-04 00:00:00-04:00,367.34752918935146,369.65265318322696,365.03261653829793,368.93658447265625,2814900,0.0,0.0
2023-05-05 00:00:00-04:00,373.3015940618879,377.79410859352373,371.01607739717315,377.3134765625,2683100,0.0,0.0
2023-05-08 00:00:00-04:00,376.675895451718,380.0599867751706,376.44045879806384,378.1472473144531,1719600,0.0,0.0
2023-05-09 00:00:00-04:00,376.5484229742533,378.79469549488414,375.3909665411623,375.6263732910156,2036400,0.0,0.0
2023-05-10 00:00:00-04:00,378.61810046748974,379.3734136611498,370.43738684473334,375.2340087890625,1940800,0.0,0.0
2023-05-11 00:00:00-04:00,374.91026278444656,378.3532357915012,372.01662202379634,376.0677490234375,1901200,0.0,0.0
2023-05-12 00:00:00-04:00,377.14674819600754,377.6666247109666,371.56541715356457,374.6258544921875,2044000,0.0,0.0
2023-05-15 00:00:00-04:00,374.57677543922955,376.33259715169413,373.26237128659795,376.0873718261719,1957400,0.0,0.0
2023-05-16 00:00:00-04:00,375.2927865216998,376.2736876731236,370.1136296395711,372.97784423828125,2762700,0.0,0.0
2023-05-17 00:00:00-04:00,374.9004809983142,380.1188530548517,371.8891068859175,379.6087951660156,3260300,0.0,0.0
2023-05-18 00:00:00-04:00,379.7166390754255,384.5328674316406,378.4414795231942,384.5328674316406,3729500,0.0,0.0
2023-05-19 00:00:00-04:00,384.5133658552338,384.70955811783,377.7843963214407,378.2061767578125,3369100,0.0,0.0
2023-05-22 00:00:00-04:00,377.63714978140547,379.971699466357,376.84262219077635,377.1859436035156,1808800,0.0,0.0
2023-05-23 00:00:00-04:00,374.2334701103062,374.7337393750265,363.3650963864697,366.61187744140625,3979000,0.0,0.0
2023-05-24 00:00:00-04:00,362.31547643414103,362.5508831462632,358.59785245332154,361.46209716796875,2655700,0.0,0.0
2023-05-25 00:00:00-04:00,360.8833927735035,363.9045555383977,357.9406889395658,362.97271728515625,3752200,0.0,0.0
2023-05-26 00:00:00-04:00,363.9143687523212,368.50497948108784,362.98250057811964,367.2200012207031,2691300,0.0,0.0
2023-05-30 00:00:00-04:00,369.09351275350366,369.43683417013716,359.2060415497848,360.481201171875,3430100,0.0,0.0
2023-05-31 00:00:00-04:00,358.0289462188492,358.71558904850326,351.01550846479574,358.0485534667969,10695300,0.0,0.0
2023-06-01 00:00:00-04:00,360.1476773081795,364.00261172343056,359.0588614430012,363.796630859375,3389700,0.0,0.0
2023-06-02 00:00:00-04:00,367.4357848025302,368.64230408092953,365.0423834283795,366.59222412109375,2501500,0.0,0.0
2023-06-05 00:00:00-04:00,365.6309017750224,365.67993485837826,361.4914977460019,363.4434814453125,2316200,0.0,0.0
2023-06-06 00:00:00-04:00,365.82720926808196,373.11529988746094,364.70896724177226,372.70330810546875,2758700,0.0,0.0
2023-06-07 00:00:00-04:00,372.045987726503,373.2328696793711,361.2266497581536,364.296875,3714500,0.0,0.0
2023-06-08 00:00:00-04:00,362.3057342982842,362.70790747284764,358.86279066803434,360.5695495605469,2594700,0.0,0.0
2023-06-09 00:00:00-04:00,363.3847040854434,365.00318531863064,360.7362884133369,362.16839599609375,2201800,0.0,0.0
2023-06-12 00:00:00-04:00,363.5906929242986,368.7894577672268,362.8746242088746,368.1420593261719,2407500,0.0,0.0
2023-06-13 00:00:00-04:00,368.1420440858147,369.9763246255022,362.74708723509593,364.287109375,2444100,0.0,0.0
2023-06-14 00:00:00-04:00,365.8075034922564,370.8591390465765,364.91487974425326,367.6025695800781,2775400,0.0,0.0
2023-06-15 00:00:00-04:00,366.14099249449134,372.32068822372025,363.4435141035271,371.8008117675781,2558100,0.0,0.0
2023-06-16 00:00:00-04:00,374.3216793484118,375.58705023346374,368.9757859579787,369.3387145996094,5886900,0.0,0.0
2023-06-20 00:00:00-04:00,367.84780635445986,372.2618622076079,366.61186113646414,367.4652404785156,3961700,0.0,0.0
2023-06-21 00:00:00-04:00,366.81778947823256,371.1632043682117,366.52353110407046,368.9561767578125,2301300,0.0,0.0
2023-06-22 00:00:00-04:00,367.94587625351386,371.2515388154382,366.80805707577304,370.5845031738281,1933300,0.0,0.0
2023-06-23 00:00:00-04:00,367.81832144080494,373.8410388937846,366.09192584972044,372.5560607910156,3739700,0.0,0.0
2023-06-26 00:00:00-04:00,370.8394921367278,372.7326242013107,368.18125836064496,370.21173095703125,3327800,0.0,0.0
2023-06-27 00:00:00-04:00,373.0759418488404,375.52819473731523,371.77135648345194,374.4982604980469,2197300,0.0,0.0
2023-06-28 00:00:00-04:00,373.9097965843277,374.11577749083057,371.4379359020906,372.9681396484375,2012400,0.0,0.0
2023-06-29 00:00:00-04:00,373.57629763097816,380.59955512408175,373.232976160047,380.26605224609375,2524600,0.0,0.0
2023-06-30 00:00:00-04:00,380.68775346216495,387.622731980305,380.68775346216495,385.7884216308594,4407100,0.0,0.0
2023-07-03 00:00:00-04:00,383.8658652242291,386.7791429340746,381.25666448622525,386.4358215332031,1304600,0.0,0.0
2023-07-05 00:00:00-04:00,381.3841834644033,387.7011894263046,379.73627667470595,387.1911315917969,2781800,0.0,0.0
2023-07-06 00:00:00-04:00,386.86698204627737,387.2402683555705,382.84929778208095,386.189208984375,2156600,0.57,0.0
2023-07-07 00:00:00-04:00,383.7530177146867,385.51137837206016,381.5329655990537,381.8080139160156,2654400,0.0,0.0
2023-07-10 00:00:00-04:00,381.61157212307205,386.47403670573266,381.1498806597792,385.22650146484375,2148600,0.0,0.0
2023-07-11 00:00:00-04:00,386.66066510964,391.4150887323014,385.4032971266057,390.7667541503906,2106200,0.0,0.0
2023-07-12 00:00:00-04:00,391.9455596844128,396.0418460173072,391.6606785780151,393.6056823730469,2273400,0.0,0.0
2023-07-13 00:00:00-04:00,395.87492082236554,396.11066800606613,393.37981987544475,393.4780578613281,2354900,0.0,0.0
2023-07-14 00:00:00-04:00,395.01040508571975,396.3561783195227,393.22257598214804,395.3935241699219,1978500,0.0,0.0
2023-07-17 00:00:00-04:00,394.84347033380556,396.85721400773485,394.0281280816912,395.08905029296875,2344500,0.0,0.0
2023-07-18 00:00:00-04:00,393.340474518059,394.83358969674833,388.22256720510705,391.12042236328125,2676200,0.0,0.0
2023-07-19 00:00:00-04:00,390.9632695608624,392.78056713608356,389.30314674664623,391.2284851074219,1809700,0.0,0.0
2023-07-20 00:00:00-04:00,390.11849936947493,392.6528712605991,388.5565845083856,391.022216796875,2570700,0.0,0.0
2023-07-21 00:00:00-04:00,391.62147100683495,394.41125580638914,390.3935711842483,390.4623107910156,1868100,0.0,0.0
2023-07-24 00:00:00-04:00,390.45248441517975,397.75111332546516,389.59784100869456,397.63323974609375,3029800,0.0,0.0
2023-07-25 00:00:00-04:00,396.2382555654286,397.70190218869004,393.91016289046365,394.1852111816406,2490500,0.0,0.0
2023-07-26 00:00:00-04:00,392.1223845503847,396.1793698516709,388.75303505467963,395.2952880859375,2572300,0.0,0.0
2023-07-27 00:00:00-04:00,398.0261471485684,398.0261471485684,386.9848826059597,387.525146484375,3563300,0.0,0.0
2023-07-28 00:00:00-04:00,390.92392745120884,390.9632286318509,382.00447803857867,386.0123291015625,4501000,0.0,0.0
2023-07-31 00:00:00-04:00,387.0045347723656,389.07721517145137,385.53105506487555,387.3090515136719,3578300,0.0,0.0
2023-08-01 00:00:00-04:00,386.8179030048758,390.27565802821283,385.4229956503689,390.04974365234375,2344200,0.0,0.0
2023-08-02 00:00:00-04:00,386.9160983429329,387.24025066207525,382.69210553574544,383.12432861328125,2410600,0.0,0.0
2023-08-03 00:00:00-04:00,380.7078383136867,386.4838832159241,379.58800939195754,386.0614929199219,2190500,0.0,0.0
2023-08-04 00:00:00-04:00,384.68619938472074,389.0870023877014,383.1734486463987,384.4308166503906,2215800,0.0,0.0
2023-08-07 00:00:00-04:00,386.0516682666089,390.717687157872,386.0516682666089,389.8532409667969,1559800,0.0,0.0
2023-08-08 00:00:00-04:00,389.17543827933025,389.37191422403123,383.2324156773786,386.2383117675781,1747000,0.0,0.0
2023-08-09 00:00:00-04:00,386.89642151228264,389.77464100809374,384.94161490800974,386.7098083496094,1806100,0.0,0.0
2023-08-10 00:00:00-04:00,389.45046904324994,393.5467554790827,388.71372925089304,390.11846923828125,2154500,0.0,0.0
2023-08-11 00:00:00-04:00,388.75301843779954,389.6567657455318,385.86499614263545,387.99664306640625,1464600,0.0,0.0
2023-08-14 00:00:00-04:00,389.4406129244353,392.1714601818524,387.63311850060626,391.5329284667969,1638500,0.0,0.0
2023-08-15 00:00:00-04:00,390.46224345295076,390.46224345295076,386.6312026627759,387.47601318359375,1753200,0.0,0.0
2023-08-16 00:00:00-04:00,386.4838498123608,392.1420206525439,386.16950032612465,387.39739990234375,2002000,0.0,0.0
2023-08-17 00:00:00-04:00,389.13615994824096,389.2048995474095,384.07718925600597,385.6783752441406,2118600,0.0,0.0
2023-08-18 00:00:00-04:00,382.9279011799756,386.87681587611536,381.95538421946276,385.2363586425781,2001800,0.0,0.0
2023-08-21 00:00:00-04:00,386.25794124019967,388.0064691994131,384.1066585853559,386.2481384277344,1869400,0.0,0.0
2023-08-22 00:00:00-04:00,388.01627647649616,391.71961090546387,386.7196072945593,390.8060607910156,2422500,0.0,0.0
2023-08-23 00:00:00-04:00,392.2108164073185,394.8139878640722,391.31690179046666,393.96917724609375,1943200,0.0,0.0
2023-08-24 00:00:00-04:00,394.4898064825777,396.85720080752975,390.47212208166604,390.6391296386719,1970000,0.0,0.0
2023-08-25 00:00:00-04:00,393.5664592745457,397.46627045026094,391.94563744612515,395.7668762207031,2154600,0.0,0.0
2023-08-28 00:00:00-04:00,396.8571158072575,400.5899182716644,396.02213815710957,400.2362976074219,1901300,0.0,0.0
2023-08-29 00:00:00-04:00,400.2166941781023,404.9023482240497,399.4013520622013,404.37188720703125,2188800,0.0,0.0
2023-08-30 00:00:00-04:00,407.4465322212436,410.3934910916353,406.20879990271396,406.5919189453125,2516600,0.0,0.0
2023-08-31 00:00:00-04:00,406.8866099215236,408.9298515615726,404.49958038969254,405.3443908691406,2535100,0.0,0.0
2023-09-01 00:00:00-04:00,406.52317138217506,409.1459781091241,405.1970338231114,408.22259521484375,1841700,0.0,0.0
2023-09-05 00:00:00-04:00,406.0418763983144,408.05561990323696,402.45641529105177,404.2245788574219,2045600,0.0,0.0
2023-09-06 00:00:00-04:00,403.51734680275985,406.07138440848394,401.66077787474484,405.8749084472656,2292100,0.0,0.0
2023-09-07 00:00:00-04:00,404.6372135694189,408.7727718234554,404.45057039609446,407.2894592285156,2502700,0.0,0.0
2023-09-08 00:00:00-04:00,407.6626984398473,408.9691705240366,406.54283952938226,407.5055236816406,1868900,0.0,0.0
2023-09-11 00:00:00-04:00,409.47998969720027,410.2068967119807,407.3090714652078,409.32281494140625,1544700,0.0,0.0
2023-09-12 00:00:00-04:00,408.5958977594089,410.2658232893809,407.90826196717313,408.91021728515625,1997600,0.0,0.0
2023-09-13 00:00:00-04:00,408.8120513885447,411.0124381854281,407.6332556170591,408.9397277832031,2142200,0.0,0.0
2023-09-14 00:00:00-04:00,410.9043410422581,411.1990549552236,400.5703480238933,406.03204345703125,3557700,0.0,0.0
2023-09-15 00:00:00-04:00,404.5781377424962,410.9042783909431,403.87089640646104,406.9848327636719,4755500,0.0,0.0
2023-09-18 00:00:00-04:00,406.5624962651985,410.5016079911248,405.73735128608035,409.7550354003906,1808000,0.0,0.0
2023-09-19 00:00:00-04:00,409.5880077746488,409.72554692010175,403.83162880562804,406.2186584472656,1730900,0.0,0.0
2023-09-20 00:00:00-04:00,406.45447187242985,408.4977139397276,402.8297092425809,403.2619323730469,1580000,0.0,0.0
2023-09-21 00:00:00-04:00,401.1204174235726,401.5428076942913,394.99075216917913,396.22845458984375,2450700,0.0,0.0
2023-09-22 00:00:00-04:00,397.2403509447253,399.6568494573946,394.4603688946581,395.10870361328125,1885000,0.0,0.0
2023-09-25 00:00:00-04:00,393.517302090652,396.1008078575046,392.77072947963205,395.3738708496094,1846500,0.0,0.0
2023-09-26 00:00:00-04:00,392.92786897494346,393.76284669211867,386.6508318786204,388.3895568847656,2940400,0.0,0.0
2023-09-27 00:00:00-04:00,389.20489771413787,390.01040709964155,384.5585445069184,388.4878234863281,1987500,0.0,0.0
2023-09-28 00:00:00-04:00,388.8317084177544,394.2541339480229,388.379849616241,392.3778991699219,2216200,0.0,0.0
2023-09-29 00:00:00-04:00,394.9220093813237,395.06935134877483,387.2795628966501,388.91021728515625,3032300,0.0,0.0
2023-10-02 00:00:00-04:00,386.64103801011146,389.3522199836975,385.5113763562824,388.85125732421875,2856800,0.0,0.0
2023-10-03 00:00:00-04:00,387.5251479719381,390.8257279986753,382.09292086108474,384.1459655761719,2527900,0.0,0.0
2023-10-04 00:00:00-04:00,385.0692951134055,387.49562579959274,381.70974878714003,386.7981872558594,1813400,0.0,0.0
2023-10-05 00:00:00-04:00,384.04374769163934,388.3033450385768,383.66007320812196,387.79180908203125,2116600,0.57,0.0
2023-10-06 00:00:00-04:00,386.83752251513283,394.4811997931703,384.1518915691596,391.5004577636719,2484000,0.0,0.0
2023-10-09 00:00:00-04:00,388.0475814938223,390.0544273064066,383.24690681584525,388.3230285644531,2475100,0.0,0.0
2023-10-10 00:00:00-04:00,389.1100116058735,396.17328453161605,387.44748226526735,393.8614807128906,2713800,0.0,0.0
2023-10-11 00:00:00-04:00,396.69468899793253,398.5441321530519,390.9004235815526,393.31060791015625,2055600,0.0,0.0
2023-10-12 00:00:00-04:00,397.23573421793947,398.7507080751393,390.86109361111124,393.3991394042969,1779000,0.0,0.0
2023-10-13 00:00:00-04:00,392.32685875077635,395.6027423856966,388.65748360388824,391.5595397949219,2235600,0.0,0.0
2023-10-16 00:00:00-04:00,393.7336143570176,397.85550333781015,392.29735679514414,394.638671875,2202100,0.0,0.0
2023-10-17 00:00:00-04:00,393.143420276033,397.0488546755268,391.9727626521641,395.23876953125,2176000,0.0,0.0
2023-10-18 00:00:00-04:00,392.62189125691674,394.8451613854683,386.1783827270066,386.81781005859375,1951400,0.0,0.0
2023-10-19 00:00:00-04:00,387.4474959104493,388.4115456064611,379.2332292975048,381.564697265625,3472800,0.0,0.0
2023-10-20 00:00:00-04:00,381.5647563610496,383.65028870580306,377.9249218039837,378.1610107421875,2652500,0.0,0.0
2023-10-23 00:00:00-04:00,376.0950458579242,381.5548113017709,374.8063440321302,377.4329528808594,1771800,0.0,0.0
2023-10-24 00:00:00-04:00,379.2332484005898,383.0993544670672,377.6297411460689,380.6203308105469,2003300,0.0,0.0
2023-10-25 00:00:00-04:00,377.75758373394353,382.312321903755,376.0261852016241,380.030029296875,3504500,0.0,0.0
2023-10-26 00:00:00-04:00,364.9885813198401,369.4449391355783,357.138325709645,358.6631164550781,6920100,0.0,0.0
2023-10-27 00:00:00-04:00,360.5322642050823,362.30302109996245,353.9215045114503,358.16143798828125,3624900,0.0,0.0
2023-10-30 00:00:00-04:00,360.561732835608,367.16267472785415,358.79100617084333,366.3658447265625,3386400,0.0,0.0
2023-10-31 00:00:00-04:00,367.25122176744344,371.54033008158444,367.04461396571094,370.2319641113281,2978800,0.0,0.0
2023-11-01 00:00:00-04:00,372.51428884467634,374.21614645467844,368.9432939428536,371.6781005859375,2354700,0.0,0.0
2023-11-02 00:00:00-04:00,374.1177405869862,376.8132189088004,372.33716677992714,376.4689025878906,2816000,0.0,0.0
2023-11-03 00:00:00-04:00,378.74140341812694,382.1254848529841,377.49205946653296,379.7743225097656,2269100,0.0,0.0
2023-11-06 00:00:00-05:00,380.80725948472326,381.93855893509647,377.96422527963495,379.8825378417969,2020500,0.0,0.0
2023-11-07 00:00:00-05:00,379.7250310221894,383.2566669568398,378.0526548873369,382.5483703613281,2324200,0.0,0.0
2023-11-08 00:00:00-05:00,380.81703693001316,385.00779500298023,380.7088395254701,383.3649597167969,2838400,0.0,0.0
2023-11-09 00:00:00-05:00,384.60449085547054,385.08654576117107,380.9744736126562,381.65325927734375,2657100,0.0,0.0
2023-11-10 00:00:00-05:00,383.69939753755193,388.6672911671382,380.4530253452647,387.9688415527344,2807000,0.0,0.0
2023-11-13 00:00:00-05:00,387.93939208984375,389.19858301321307,386.63099596123396,387.93939208984375,1614600,0.0,0.0
2023-11-14 00:00:00-05:00,390.72343014017906,395.15027808834867,390.30042743028787,391.185791015625,2733900,0.0,0.0
2023-11-15 00:00:00-05:00,391.00860817868966,392.7891818673178,388.3426711676651,390.3789978027344,2434600,0.0,0.0
2023-11-16 00:00:00-05:00,391.53986374499397,393.44832904218697,389.11983247856745,390.6446533203125,3060600,0.0,0.0
2023-11-17 00:00:00-05:00,393.46794982566195,394.59924902155353,391.44144030356784,393.7925720214844,2365500,0.0,0.0
2023-11-20 00:00:00-05:00,394.20581877199646,398.61300182648125,391.7858174175168,397.82598876953125,2768300,0.0,0.0
2023-11-21 00:00:00-05:00,399.12452924068816,403.67926776399156,399.0950181280276,402.3020324707031,2567500,0.0,0.0
2023-11-22 00:00:00-05:00,405.55822474833127,406.138629982249,403.4825097388498,403.6595764160156,1967900,0.0,0.0
2023-11-24 00:00:00-05:00,405.7844644787095,406.25667230348694,403.856335065121,405.7943115234375,1053500,0.0,0.0
2023-11-27 00:00:00-05:00,404.3186844183054,406.0107248824235,401.61338908460624,402.3216857910156,2665900,0.0,0.0
2023-11-28 00:00:00-05:00,402.4298621923433,403.9645299940377,400.8362021914602,402.36102294921875,2645000,0.0,0.0
2023-11-29 00:00:00-05:00,404.3285248859904,405.3811078732951,402.764375939253,403.1578674316406,2151400,0.0,0.0
2023-11-30 00:00:00-05:00,403.43331617456266,407.42731338096763,402.1347672248953,407.1026611328125,3203500,0.0,0.0
2023-12-01 00:00:00-05:00,406.1779794344059,409.82766041355393,404.8794304533987,407.6240539550781,2171400,0.0,0.0
2023-12-04 00:00:00-05:00,407.10272230490324,408.10616029018695,401.3970197302532,401.5937805175781,3097900,0.0,0.0
2023-12-05 00:00:00-05:00,400.47226853037637,402.4003980137248,397.7473089536526,402.0462646484375,2755600,0.0,0.0
2023-12-06 00:00:00-05:00,404.7416591001027,407.09282092909564,400.5410843522751,403.708740234375,2224200,0.0,0.0
2023-12-07 00:00:00-05:00,405.3712553641456,406.8468708475307,403.32505174849297,406.4336853027344,2363000,0.0,0.0
2023-12-08 00:00:00-05:00,405.5188610921091,406.94530157782964,402.57747680476325,405.4598388671875,1959300,0.0,0.0
2023-12-11 00:00:00-05:00,405.75498091749466,409.4046922250278,405.67629461876106,408.9521484375,2236000,0.0,0.0
2023-12-12 00:00:00-05:00,410.2211779154133,414.1561532431391,407.95857911056265,413.91021728515625,2736500,0.0,0.0
2023-12-13 00:00:00-05:00,415.0021414552701,419.43883556163047,412.3362041864256,417.77630615234375,3694200,0.0,0.0
2023-12-14 00:00:00-05:00,418.1009887817762,418.927330024042,409.1390665795066,411.7558288574219,3989700,0.0,0.0
2023-12-15 00:00:00-05:00,405.9123076469221,412.4443800153277,404.9088999128968,411.7655944824219,5566600,0.0,0.0
2023-12-18 00:00:00-05:00,412.71002647657076,418.17963948706745,412.71002647657076,417.5303649902344,2686900,0.0,0.0
2023-12-19 00:00:00-05:00,417.15656783715394,419.74381896766135,415.6514409465994,418.5534973144531,2256200,0.0,0.0
2023-12-20 00:00:00-05:00,418.16980001526474,420.65867062079155,412.42473984341774,412.63134765625,3058300,0.0,0.0
2023-12-21 00:00:00-05:00,414.9332559313605,417.0089406895452,413.7724155705747,416.5564270019531,2213600,0.0,0.0
2023-12-22 00:00:00-05:00,417.84517697424656,420.2258501678704,416.0842671749804,417.20574951171875,1759000,0.0,0.0
2023-12-26 00:00:00-05:00,418.091080781216,418.7993774601044,416.07441816486164,416.78271484375,1258200,0.0,0.0
2023-12-27 00:00:00-05:00,416.12360971557297,418.1009442764132,416.0842515592317,417.46148681640625,1324100,0.0,0.0
2023-12-28 00:00:00-05:00,416.8810534927878,421.39643343585914,416.7925201630972,419.3896179199219,1505000,0.0,0.0
2023-12-29 00:00:00-05:00,419.7438187635853,421.386684202735,417.3729924822211,419.57659912109375,1706100,0.0,0.0
2024-01-02 00:00:00-05:00,417.195895546556,417.38280926624526,412.7395374294741,415.03167724609375,2463700,0.0,0.0
2024-01-03 00:00:00-05:00,414.35295341654654,414.4906619549417,410.7130888837148,411.9624328613281,3093700,0.0,0.0
2024-01-04 00:00:00-05:00,411.69676219370916,416.5663057981395,411.4803373663683,412.94610595703125,2042600,0.0,0.0
2024-01-05 00:00:00-05:00,413.65442020622845,415.8875378424715,410.21131691162964,412.6018371582031,2415900,0.0,0.0
2024-01-08 00:00:00-05:00,413.2717889696261,415.8729499420207,410.40457932736956,415.7744445800781,2125400,0.66,0.0
2024-01-09 00:00:00-05:00,412.936876201473,417.4692363141672,412.38511376015003,416.3854064941406,2439300,0.0,0.0
2024-01-10 00:00:00-05:00,419.7353168845148,423.1542888609502,417.9125166542392,421.971923828125,2709300,0.0,0.0
2024-01-11 00:00:00-05:00,423.676496365775,425.44018136293147,419.50869116978373,420.4447326660156,2320600,0.0,0.0
2024-01-12 00:00:00-05:00,423.62730110009915,424.7702160404754,421.41038890004495,422.789794921875,1892400,0.0,0.0
2024-01-16 00:00:00-05:00,421.1541599098317,423.4104920720399,420.2476760055407,422.05078125,2398000,0.0,0.0
2024-01-17 00:00:00-05:00,419.22298729455815,424.0509228637224,419.22298729455815,421.13446044921875,2690400,0.0,0.0
2024-01-18 00:00:00-05:00,422.3365265569774,424.87857240024283,421.16402403616155,424.38592529296875,2075700,0.0,0.0
2024-01-19 00:00:00-05:00,426.1889758939421,430.6425247308596,423.0261900669249,430.3567810058594,2400200,0.0,0.0
2024-01-22 00:00:00-05:00,432.5244763497223,434.45564464108213,430.8297690539756,433.28314208984375,2715500,0.0,0.0
2024-01-23 00:00:00-05:00,433.79548259026495,434.12064652676787,431.4209198725309,432.3077087402344,2328600,0.0,0.0
2024-01-24 00:00:00-05:00,432.08108293991995,434.44578310804707,429.3518287130925,432.24859619140625,2725700,0.0,0.0
2024-01-25 00:00:00-05:00,429.5882720273272,432.1796005893246,428.070910537143,430.3764953613281,2977800,0.0,0.0
2024-01-26 00:00:00-05:00,426.18898467813244,433.42107040538883,424.3366568812267,432.0810546875,2725400,0.0,0.0
2024-01-29 00:00:00-05:00,429.3715816918049,434.47539933966027,428.27791936817795,434.1009826660156,2314200,0.0,0.0
2024-01-30 00:00:00-05:00,434.4162371263153,439.6580098531577,433.5787309840259,438.6431579589844,2663600,0.0,0.0
2024-01-31 00:00:00-05:00,443.38241453050534,455.2059455846521,440.0521151392469,442.6237487792969,4740500,0.0,0.0
2024-02-01 00:00:00-05:00,448.30889042599404,454.3586116441047,447.3728488470373,454.141845703125,3292700,0.0,0.0
2024-02-02 00:00:00-05:00,455.4128582089517,457.01889268743474,451.7574248697265,453.80682373046875,2050300,0.0,0.0
2024-02-05 00:00:00-05:00,452.7525583829238,454.58519120610043,448.8310765475851,450.0429992675781,2438800,0.0,0.0
2024-02-06 00:00:00-05:00,448.6635398303485,453.7870815534238,448.6635398303485,453.72796630859375,2201900,0.0,0.0
2024-02-07 00:00:00-05:00,454.42756103744586,455.44241293098514,452.8609467591936,455.1172790527344,2544300,0.0,0.0
2024-02-08 00:00:00-05:00,453.23542926522873,453.97440007381334,450.7229405435607,451.5210266113281,2081300,0.0,0.0
2024-02-09 00:00:00-05:00,451.3238301031952,452.2401464343278,449.65868060573956,451.146484375,2155400,0.0,0.0
2024-02-12 00:00:00-05:00,452.42738391072544,452.644149837655,449.3729658744606,451.96429443359375,1794500,0.0,0.0
2024-02-13 00:00:00-05:00,450.04299754256425,455.0876991378828,449.333584501423,453.6885681152344,2407700,0.0,0.0
2024-02-14 00:00:00-05:00,455.20596882075625,458.60524619985824,452.68361780595444,458.34906005859375,2202700,0.0,0.0
2024-02-15 00:00:00-05:00,458.97962144852073,465.167268327221,458.3884689352653,464.3494873046875,2354100,0.0,0.0
2024-02-16 00:00:00-05:00,467.1969740894367,467.1969740894367,460.20137910526637,461.24578857421875,2237200,0.0,0.0
2024-02-20 00:00:00-05:00,446.14117523901655,449.1463404118347,443.500594156334,445.10662841796875,5044200,0.0,0.0
2024-02-21 00:00:00-05:00,446.6437369961113,452.84124628858666,445.3530039256356,452.29931640625,2895800,0.0,0.0
2024-02-22 00:00:00-05:00,455.01871713694254,465.5515146571225,454.7920886436667,464.6253356933594,2572800,0.0,0.0
2024-02-23 00:00:00-05:00,466.76341608087654,468.1822420854105,464.92089073268363,466.4579772949219,1764100,0.0,0.0
2024-02-26 00:00:00-05:00,466.0441784879859,468.0935772899681,465.0588842417111,467.531982421875,2066900,0.0,0.0
2024-02-27 00:00:00-05:00,467.5713617449657,468.01475617306806,463.0390323717981,467.7684326171875,2011100,0.0,0.0
2024-02-28 00:00:00-05:00,467.1970267629697,472.0939407971059,466.7043795968345,471.8081970214844,1931900,0.0,0.0
2024-02-29 00:00:00-05:00,470.9706334203599,471.3549125961294,465.1081208303926,467.7782897949219,3072500,0.0,0.0
2024-03-01 00:00:00-05:00,467.92608131420513,470.4779897340361,466.9309245306596,469.62078857421875,1748300,0.0,0.0
2024-03-04 00:00:00-05:00,468.67492996468206,469.62080402710876,458.9204928172282,461.6004943847656,3212400,0.0,0.0
2024-03-05 00:00:00-05:00,460.4969567531756,462.339452141422,457.7873976366266,460.6447448730469,2015100,0.0,0.0
2024-03-06 00:00:00-05:00,460.29002539182625,466.65501727379296,460.29002539182625,464.66473388671875,1917100,0.0,0.0
2024-03-07 00:00:00-05:00,466.24122801532314,466.31017575712167,459.03872981036403,460.6644592285156,2178100,0.0,0.0
2024-03-08 00:00:00-05:00,460.23101344889926,464.6845332462831,460.23101344889926,462.3592529296875,1596900,0.0,0.0
2024-03-11 00:00:00-04:00,462.10299994763693,462.4675540065246,457.8563841659884,462.2606506347656,1774500,0.0,0.0
2024-03-12 00:00:00-04:00,463.6104917755011,467.39401800176546,461.81724906450484,465.91607666015625,1853900,0.0,0.0
2024-03-13 00:00:00-04:00,467.256102884536,469.1577135700462,465.82741419487826,468.61578369140625,2103900,0.0,0.0
2024-03-14 00:00:00-04:00,473.94622552632273,474.91182470837947,470.16269924478513,472.42889404296875,2757700,0.0,0.0
2024-03-15 00:00:00-04:00,466.37917698676404,471.4238787390022,466.1229908595851,468.8325500488281,4179300,0.0,0.0
2024-03-18 00:00:00-04:00,471.6012716432606,473.7492059709548,469.6405155666779,471.84759521484375,2072300,0.0,0.0
2024-03-19 00:00:00-04:00,474.5374106515183,477.48343082941483,472.4584542223953,476.8824157714844,2049500,0.0,0.0
2024-03-20 00:00:00-04:00,477.1977411219186,481.26701137938556,476.52774821649433,480.863037109375,1691100,0.0,0.0
2024-03-21 00:00:00-04:00,481.3458561341948,482.79424005711803,476.29129121809933,481.4542541503906,2580300,0.0,0.0
2024-03-22 00:00:00-04:00,481.1290077655229,481.70049523929737,474.37973649061564,474.586669921875,2277800,0.0,0.0
2024-03-25 00:00:00-04:00,474.5176925731581,475.2271055996697,467.43342487205234,469.0394592285156,2600300,0.0,0.0
2024-03-26 00:00:00-04:00,470.6947835262635,472.9412532765754,465.36433787587004,469.7882995605469,2515100,0.0,0.0
2024-03-27 00:00:00-04:00,473.43393632499027,475.06952855821885,467.7684937987287,470.92144775390625,2309400,0.0,0.0
2024-03-28 00:00:00-04:00,470.8819786165031,475.33549780164964,470.2612384280082,474.4881591796875,2214500,0.0,0.0
2024-04-01 00:00:00-04:00,473.5915206400175,476.17298667040205,470.3104740679691,471.36474609375,1648200,0.0,0.0
2024-04-02 00:00:00-04:00,469.955792753998,473.34520732994474,469.2956323858808,472.3796081542969,3265100,0.0,0.0
2024-04-03 00:00:00-04:00,473.37474757938656,476.19267455673423,470.19223649046404,470.399169921875,2265000,0.0,0.0
2024-04-04 00:00:00-04:00,472.91164590321887,474.872371687489,462.1029676115572,462.86163330078125,2552600,0.0,0.0
2024-04-05 00:00:00-04:00,467.02941666878263,472.26132608292335,465.58103309788095,470.1330871582031,2462700,0.0,0.0
2024-04-08 00:00:00-04:00,470.0443736801815,473.2806142167869,467.9526612749963,472.4617004394531,1961800,0.66,0.0
2024-04-09 00:00:00-04:00,471.5933870610431,472.501126558122,461.58865069538746,465.86090087890625,2217200,0.0,0.0
2024-04-10 00:00:00-04:00,463.8974254956797,468.0611272332719,462.59502852893945,462.9107666015625,2710500,0.0,0.0
2024-04-11 00:00:00-04:00,462.0326878105704,464.0750792223102,457.99725600469134,462.0622863769531,2299900,0.0,0.0
2024-04-12 00:00:00-04:00,459.78307994480105,463.25610867887383,455.94496209911654,459.1713562011719,2486300,0.0,0.0
2024-04-15 00:00:00-04:00,463.966513189389,464.71638365610784,452.31407294221884,453.65594482421875,2070500,0.0,0.0
2024-04-16 00:00:00-04:00,453.8631382678159,457.19805049275897,452.8764792715815,453.685546875,1787200,0.0,0.0
2024-04-17 00:00:00-04:00,456.59616155723216,457.2276377522201,452.0378019250162,454.02099609375,1735000,0.0,0.0
2024-04-18 00:00:00-04:00,454.35642922868453,455.74762190863106,447.74580247043195,448.6338195800781,1998900,0.0,0.0
2024-04-19 00:00:00-04:00,452.7679425749671,453.72497285584683,446.55197308860505,449.31463623046875,2548800,0.0,0.0
2024-04-22 00:00:00-04:00,451.3964883838772,454.59325387938526,449.05811139287096,450.656494140625,2157400,0.0,0.0
2024-04-23 00:00:00-04:00,452.3634417640187,456.80340738773003,451.2090374532584,456.6455383300781,2029100,0.0,0.0
2024-04-24 00:00:00-04:00,459.082559902366,461.90439009937484,454.20846218894866,456.32977294921875,4043100,0.0,0.0
2024-04-25 00:00:00-04:00,454.79060263654014,457.8097767728012,450.6269004450939,455.9449768066406,2006500,0.0,0.0
2024-04-26 00:00:00-04:00,456.7343383024174,458.6188606758105,454.79061879565654,456.2508850097656,1963300,0.0,0.0
2024-04-29 00:00:00-04:00,454.80047419420225,455.4319202913571,449.6007620381069,451.0018310546875,2120700,0.0,0.0
2024-04-30 00:00:00-04:00,450.17303400165207,451.6135476756132,444.86480389337777,445.1805419921875,2698800,0.0,0.0
2024-05-01 00:00:00-04:00,439.85261295625304,442.9902117654979,432.5316193257224,436.1723937988281,4979100,0.0,0.0
2024-05-02 00:00:00-04:00,437.08994763720546,438.7278052303182,432.2059734241697,435.2153015136719,3866500,0.0,0.0
2024-05-03 00:00:00-04:00,438.97441308626486,439.3197497219951,431.07126569299817,437.6621398925781,3711500,0.0,0.0
2024-05-06 00:00:00-04:00,441.2635044148843,444.48986842473414,439.6157706773456,443.37493896484375,2536200,0.0,0.0
2024-05-07 00:00:00-04:00,445.7330414886443,447.25247453963465,441.5594634345695,447.01568603515625,2345300,0.0,0.0
2024-05-08 00:00:00-04:00,447.9431643059279,449.03834128987535,443.91760902948215,448.702880859375,2332400,0.0,0.0
2024-05-09 00:00:00-04:00,447.4991786862346,449.9461038529954,447.4991786862346,449.4132995605469,1970100,0.0,0.0
2024-05-10 00:00:00-04:00,451.2287599405195,452.4620837252841,448.91013531351723,450.8834533691406,1729900,0.0,0.0
2024-05-13 00:00:00-04:00,450.83410180036566,452.6002298889139,449.4330628444344,451.6530456542969,2069300,0.0,0.0
2024-05-14 00:00:00-04:00,451.81087539366945,452.8567314620218,443.3058500316933,448.1405029296875,2991000,0.0,0.0
2024-05-15 00:00:00-04:00,446.7493464753365,452.4818329775592,446.7493464753365,451.88983154296875,2437800,0.0,0.0
2024-05-16 00:00:00-04:00,453.8631289233513,458.7273504481324,452.69887855827153,452.7481994628906,2412200,0.0,0.0
2024-05-17 00:00:00-04:00,454.30710757188257,455.5305549860679,451.9982992231697,454.1294860839844,1985900,0.0,0.0
2024-05-20 00:00:00-04:00,453.3500880499088,456.0535240739119,452.6594147058989,453.5276794433594,1397200,0.0,0.0
2024-05-21 00:00:00-04:00,451.8010624960921,454.24798785186965,449.5514810003005,452.9751892089844,2166000,0.0,0.0
2024-05-22 00:00:00-04:00,452.7778187173517,456.32979721506035,449.097599839685,450.4295654296875,1713700,0.0,0.0
2024-05-23 00:00:00-04:00,450.429525176848,451.93911213966385,444.4306521138216,445.19036865234375,2084600,0.0,0.0
2024-05-24 00:00:00-04:00,446.4730704413364,448.3871912960927,444.3122848383945,445.1607971191406,2162100,0.0,0.0
2024-05-28 00:00:00-04:00,443.9965570016307,444.618156999104,436.4979424612922,439.1421813964844,2670800,0.0,0.0
2024-05-29 00:00:00-04:00,436.2118341906412,438.6291609962521,435.9059722827242,436.5670471191406,1876900,0.0,0.0
2024-05-30 00:00:00-04:00,436.3105138980225,438.2641097634753,434.79108055756103,436.2019958496094,2189900,0.0,0.0
2024-05-31 00:00:00-04:00,436.7840805639238,441.3720389490301,433.39984737824125,441.10565185546875,3917100,0.0,0.0
2024-06-03 00:00:00-04:00,437.5635137886414,439.0632245247875,432.04809397471774,437.2773742675781,2123800,0.0,0.0
2024-06-04 00:00:00-04:00,437.4451109358334,438.9448518561716,435.43234829607815,438.8363037109375,2096600,0.0,0.0
2024-06-05 00:00:00-04:00,440.8391969147339,441.5989435598529,436.4091079640734,440.7010803222656,2157000,0.0,0.0
2024-06-06 00:00:00-04:00,442.50668521322183,443.7794837539692,438.6981959267633,442.69415283203125,1887100,0.0,0.0
2024-06-07 00:00:00-04:00,443.45387672875336,446.9565039539732,441.2930912213326,443.7893371582031,1664700,0.0,0.0
2024-06-10 00:00:00-04:00,442.43764754767653,444.1643008192152,438.44166048156364,443.2565612792969,1954500,0.0,0.0
2024-06-11 00:00:00-04:00,441.8653441300712,443.25653687408095,439.1717543350172,443.0493469238281,1777300,0.0,0.0
2024-06-12 00:00:00-04:00,445.4666605448649,446.46319576633704,435.7086187301868,437.0899353027344,2738900,0.0,0.0
2024-06-13 00:00:00-04:00,437.0899449037702,439.2112557700406,433.45904694462007,439.0632629394531,2916600,0.0,0.0
2024-06-14 00:00:00-04:00,437.42538265446154,439.0237653627386,435.3139481232937,438.69818115234375,2161500,0.0,0.0
2024-06-17 00:00:00-04:00,436.5274984321621,443.345315177665,435.78750424269936,442.1317138671875,2351900,0.0,0.0
2024-06-18 00:00:00-04:00,441.0958043994504,445.18058742980577,440.7406215848693,444.1051025390625,2636500,0.0,0.0
2024-06-20 00:00:00-04:00,445.04241587060733,448.4168029730484,442.3784244681305,446.47308349609375,3006800,0.0,0.0
2024-06-21 00:00:00-04:00,446.15737408958364,449.22586939115763,444.25312928189294,448.7818908691406,5007800,0.0,0.0
2024-06-24 00:00:00-04:00,448.86079184038846,456.8922109147821,448.86079184038846,450.86370849609375,2597100,0.0,0.0
2024-06-25 00:00:00-04:00,452.3634288219505,454.16900154200715,447.74584182146197,449.5711669921875,2299400,0.0,0.0
2024-06-26 00:00:00-04:00,446.7098465971936,448.61409117396215,445.3680048572247,446.34478759765625,2451400,0.0,0.0
2024-06-27 00:00:00-04:00,442.585593268086,442.71386374370366,436.1032370207069,436.8432312011719,3313800,0.0,0.0
2024-06-28 00:00:00-04:00,438.7080591552179,442.31920449054513,432.86702480047666,435.27447509765625,4105000,0.0,0.0
2024-07-01 00:00:00-04:00,434.9192338708436,436.5669674930264,429.7392746125545,431.77178955078125,3149700,0.0,0.0
2024-07-02 00:00:00-04:00,429.19667253042513,438.8264741747256,429.19667253042513,438.7179260253906,2061300,0.0,0.0
2024-07-03 00:00:00-04:00,439.37897549021255,443.29601276758206,438.3528417404299,442.2008056640625,3192400,0.0,0.0
2024-07-05 00:00:00-04:00,441.1450635589875,443.94720144163813,438.3528320115047,443.4933166503906,2220700,0.0,0.0
2024-07-08 00:00:00-04:00,443.2861645063634,444.5984077579358,439.0632650937001,440.2867126464844,1802700,0.0,0.0
2024-07-09 00:00:00-04:00,441.3439920735664,442.2629368530073,437.5298616186606,439.41717529296875,1608400,0.66,0.0
2024-07-10 00:00:00-04:00,429.44700377236586,432.2137590575658,423.9530566174511,428.4885559082031,4760900,0.0,0.0
2024-07-11 00:00:00-04:00,426.86802906533154,432.5694731347638,425.0004669637503,431.23553466796875,4032600,0.0,0.0
2024-07-12 00:00:00-04:00,432.20385500337335,436.97649340093284,432.1248186399438,434.88165283203125,2645600,0.0,0.0
2024-07-15 00:00:00-04:00,435.099078944492,439.12073654689624,433.52797099536804,438.7254943847656,1727700,0.0,0.0
2024-07-16 00:00:00-04:00,441.6306031084051,441.84799083663034,434.4766199423421,438.2611083984375,2846600,0.0,0.0
2024-07-17 00:00:00-04:00,437.14447045717833,446.1561239180232,436.8085131309236,445.8004150390625,2925000,0.0,0.0
2024-07-18 00:00:00-04:00,443.4190467038234,450.01968399470576,442.1641446029505,443.389404296875,3339900,0.0,0.0
2024-07-19 00:00:00-04:00,445.8597356525817,445.8794872068736,438.3006198172842,438.419189453125,2121700,0.0,0.0
2024-07-22 00:00:00-04:00,440.11873929471255,443.5178761017767,437.98439547480876,442.6186828613281,2111700,0.0,0.0
2024-07-23 00:00:00-04:00,442.7273848083343,443.4091903762798,435.8698260199007,436.47259521484375,2385500,0.0,0.0
2024-07-24 00:00:00-04:00,428.8442576780164,430.68214716507356,423.7653042992991,427.31268310546875,3764800,0.0,0.0
2024-07-25 00:00:00-04:00,428.78499064971004,432.50033319274746,424.4570182522447,424.4965515136719,2384300,0.0,0.0
2024-07-26 00:00:00-04:00,427.14473488687673,435.54375926179847,426.9767411311585,432.9746398925781,2039600,0.0,0.0
2024-07-29 00:00:00-04:00,433.5872549501323,437.6583366616137,430.2474330549794,436.05755615234375,2248600,0.0,0.0
2024-07-30 00:00:00-04:00,438.49821519482566,443.39931449442224,437.74726413435775,442.134521484375,2266900,0.0,0.0
2024-07-31 00:00:00-04:00,456.51164694035464,468.36909231542876,452.10463818603074,458.2013244628906,4313600,0.0,0.0
2024-08-01 00:00:00-04:00,459.93053385951055,461.9463080106052,453.7350295255367,456.9167785644531,2590100,0.0,0.0
2024-08-02 00:00:00-04:00,454.7527674290109,461.205192374291,453.1618779193105,456.5313720703125,3808100,0.0,0.0
2024-08-05 00:00:00-04:00,449.5948028564453,455.8199496032097,434.36786316747134,436.7492370605469,4496700,0.0,0.0
2024-08-06 00:00:00-04:00,437.9547268481975,450.0394502499301,436.85789751868225,442.974365234375,2758900,0.0,0.0
2024-08-07 00:00:00-04:00,445.17792982830434,451.4920343284966,443.70563992574364,444.4961242675781,2059800,0.0,0.0
2024-08-08 00:00:00-04:00,446.86755868988894,450.84968268359927,445.67194145292996,450.1678771972656,1585400,0.0,0.0
2024-08-09 00:00:00-04:00,450.16788114649296,453.349630058949,448.07307071128116,451.3536376953125,1760200,0.0,0.0
2024-08-12 00:00:00-04:00,452.3318886007226,453.0136941252239,448.49800657597405,450.276611328125,1760000,0.0,0.0
2024-08-13 00:00:00-04:00,452.697537084243,454.1797178235688,449.4861454823704,453.90301513671875,1816100,0.0,0.0
2024-08-14 00:00:00-04:00,453.8042400427372,455.0690331031887,450.6521331689085,454.69354248046875,1654100,0.0,0.0
2024-08-15 00:00:00-04:00,459.57480654946403,463.42847009923827,458.4878680725939,463.14190673828125,2130500,0.0,0.0
2024-08-16 00:00:00-04:00,462.4403856742856,464.6735476136943,460.5036779725663,463.3099365234375,1921900,0.0,0.0
2024-08-19 00:00:00-04:00,463.42851820490665,464.5648507579822,459.98984798159995,461.4325256347656,1690800,0.0,0.0
2024-08-20 00:00:00-04:00,462.56885896819034,464.09057299633537,459.97998805793316,463.5470886230469,1763300,0.0,0.0
2024-08-21 00:00:00-04:00,462.9739621365085,463.5174163197024,459.0016986450109,462.44036865234375,2105900,0.0,0.0
2024-08-22 00:00:00-04:00,463.9127258122892,465.31587031729015,461.15589107982703,463.2507019042969,1538200,0.0,0.0
2024-08-23 00:00:00-04:00,464.7130256447654,464.7525589053329,456.41282007310116,460.8988952636719,1986300,0.0,0.0
2024-08-26 00:00:00-04:00,462.5391604523972,464.94028576217295,461.45222199271234,463.07275390625,1434400,0.0,0.0
2024-08-27 00:00:00-04:00,465.48373573142686,469.851241082897,462.6577259166833,469.3472900390625,1635900,0.0,0.0
2024-08-28 00:00:00-04:00,469.3571877565906,470.75044113253614,463.30000490873573,466.1951904296875,1445300,0.0,0.0
2024-08-29 00:00:00-04:00,468.83352845945336,476.1950381462665,468.83352845945336,475.08831787109375,1893400,0.0,0.0
2024-08-30 00:00:00-04:00,476.1159334028215,479.9695969600241,473.9519472985766,477.5981140136719,2982100,0.0,0.0
2024-09-03 00:00:00-04:00,476.73848735783463,480.9083569735953,474.33736183788204,476.39263916015625,2063700,0.0,0.0
2024-09-04 00:00:00-04:00,476.3629986157963,480.3945470612849,475.4638053603321,477.4005432128906,2156300,0.0,0.0
2024-09-05 00:00:00-04:00,477.40051291031114,478.40838488018755,467.489636175504,471.68914794921875,2293500,0.0,0.0
2024-09-06 00:00:00-04:00,471.4421578692635,474.7326160251972,469.0706746973112,470.46392822265625,2116200,0.0,0.0
2024-09-09 00:00:00-04:00,474.79187868653304,483.398399407241,473.87293390047915,481.3035888671875,2343600,0.0,0.0
2024-09-10 00:00:00-04:00,481.31348024680625,482.52884910870654,476.60012637149697,482.2225341796875,2234100,0.0,0.0
2024-09-11 00:00:00-04:00,480.74033173272926,483.2995599798324,472.16345379837685,482.380615234375,2480000,0.0,0.0
2024-09-12 00:00:00-04:00,481.1652714809735,487.02481858887944,477.2621835904216,486.2639465332031,2299100,0.0,0.0
2024-09-13 00:00:00-04:00,487.24213266139344,490.94758383734955,485.6117401749806,487.4990234375,2204700,0.0,0.0
2024-09-16 00:00:00-04:00,489.4160503959161,492.4001934759291,487.52876685907603,491.79742431640625,1589200,0.0,0.0
2024-09-17 00:00:00-04:00,492.67685996523545,495.77954248227354,491.9357696313994,495.0384521484375,2202800,0.0,0.0
2024-09-18 00:00:00-04:00,495.32501119673,495.83882296788863,488.1710288861672,488.8824768066406,2193800,0.0,0.0
2024-09-19 00:00:00-04:00,494.0601804326005,495.1767612651846,480.473525470704,487.1532287597656,3517200,0.0,0.0
2024-09-20 00:00:00-04:00,483.8331556252029,487.667067663787,481.9458420121868,486.8864440917969,3470200,0.0,0.0
2024-09-23 00:00:00-04:00,487.3014921058532,491.7776766058061,485.46357236045185,491.2342224121094,2191300,0.0,0.0
2024-09-24 00:00:00-04:00,486.82713444703677,487.3903702925927,478.6652807332716,481.6197509765625,4143700,0.0,0.0
2024-09-25 00:00:00-04:00,479.00127182843084,484.08019518485617,477.7957636912568,483.63555908203125,3483200,0.0,0.0
2024-09-26 00:00:00-04:00,485.1671477739225,487.76590941878123,483.1909068461265,485.4339294433594,3073700,0.0,0.0
2024-09-27 00:00:00-04:00,485.19680768665137,490.10776777560466,484.5644262475641,487.77581787109375,2177200,0.0,0.0
2024-09-30 00:00:00-04:00,485.93784555303296,489.1097035704314,484.2876712288794,487.933837890625,2862400,0.0,0.0
2024-10-01 00:00:00-04:00,491.3527661201047,492.1136079821481,487.2520422829382,490.48321533203125,3748100,0.0,0.0
2024-10-02 00:00:00-04:00,487.08413006119224,490.0188492028769,483.8628475261657,489.6828918457031,1736500,0.0,0.0
2024-10-03 00:00:00-04:00,489.6630318427394,491.1847456390178,487.14333698929363,489.0899353027344,1382200,0.0,0.0
2024-10-04 00:00:00-04:00,489.6729748706725,493.1215056414273,486.6196862546245,491.7875671386719,1935600,0.0,0.0
2024-10-07 00:00:00-04:00,491.42198886633287,492.60774561007486,484.9201687964371,485.463623046875,1990500,0.0,0.0
2024-10-08 00:00:00-04:00,486.64932450096273,491.6195691876338,485.69084645259665,491.1551513671875,1750100,0.0,0.0
2024-10-09 00:00:00-04:00,493.1142445605112,495.4591988932975,490.3537145583696,494.66766357421875,1707500,0.66,0.0
2024-10-10 00:00:00-04:00,494.7171167757279,495.4295106316904,490.60106674073745,492.7580261230469,1491000,0.0,0.0
2024-10-11 00:00:00-04:00,491.26400023581397,497.6062772869061,491.22441441189227,496.9532470703125,1919900,0.0,0.0
2024-10-14 00:00:00-04:00,499.03101541525996,503.4142318414289,496.74542484354106,501.3067321777344,2127000,0.0,0.0
2024-10-15 00:00:00-04:00,500.2777531728058,504.49275284572644,498.674874478917,501.8707580566406,2885900,0.0,0.0
2024-10-16 00:00:00-04:00,501.00002484277525,509.95442267778714,500.6537168257065,508.6384582519531,2956700,0.0,0.0
2024-10-17 00:00:00-04:00,510.83493253837975,511.577008146486,506.1153425410724,508.3316955566406,2227400,0.0,0.0
2024-10-18 00:00:00-04:00,509.10340023885027,512.5268639664574,507.16414805198997,510.8844299316406,2604600,0.0,0.0
2024-10-21 00:00:00-04:00,511.52760296952584,513.3382845553273,508.50984058670616,509.56854248046875,2217500,0.0,0.0
2024-10-22 00:00:00-04:00,505.7493418501662,509.1134124673514,505.1062155872709,507.599609375,1855800,0.0,0.0
2024-10-23 00:00:00-04:00,507.24333058773595,509.28156270524346,506.49138109850173,508.3020324707031,1759700,0.0,0.0
2024-10-24 00:00:00-04:00,506.49138918961114,507.9162071278241,504.07716719135146,505.22491455078125,1911900,0.0,0.0
2024-10-25 00:00:00-04:00,507.0850657966125,509.2914849043613,500.2777531552818,501.9993591308594,1582200,0.0,0.0
2024-10-28 00:00:00-04:00,502.0389537055233,505.46238790109373,500.79228703033766,502.84039306640625,2186400,0.0,0.0
2024-10-29 00:00:00-04:00,502.17748298821147,505.9868110057122,500.3569275362019,500.9307861328125,2066300,0.0,0.0
2024-10-30 00:00:00-04:00,507.104830079545,510.99329919708043,501.6431340291342,508.262451171875,3121000,0.0,0.0
2024-10-31 00:00:00-04:00,515.7426441146044,522.3224065601398,493.75741211116053,494.3114929199219,5523300,0.0,0.0
2024-11-01 00:00:00-04:00,495.1524390726241,505.15560405022956,493.2626161821331,502.7117004394531,3753700,0.0,0.0
2024-11-04 00:00:00-05:00,503.760542187381,504.6114411042054,497.71508353464253,500.2381286621094,2165100,0.0,0.0
2024-11-05 00:00:00-05:00,500.2381310852963,502.78098423393243,498.2889444975091,500.2183532714844,2132900,0.0,0.0
2024-11-06 00:00:00-05:00,515.3566127743517,517.4740161678219,510.4886140821995,515.623779296875,3673700,0.0,0.0
2024-11-07 00:00:00-05:00,518.4535700126668,518.4931860268655,511.13179382751315,512.4081420898438,2382300,0.0,0.0
2024-11-08 00:00:00-05:00,514.8422327583278,523.2524236961495,514.0407934492757,519.2155151367188,2215600,0.0,0.0
2024-11-11 00:00:00-05:00,523.2622590886056,528.387581452443,522.9357892794986,524.5188598632812,2213400,0.0,0.0
2024-11-12 00:00:00-05:00,523.5096508109397,525.2906808183797,521.7286811937752,523.5789184570312,2577600,0.0,0.0
2024-11-13 00:00:00-05:00,524.4100103372588,524.8948234146333,510.96357349182733,516.3659057617188,2681500,0.0,0.0
2024-11-14 00:00:00-05:00,515.119257877261,516.8408638214261,512.1806671222774,514.901611328125,2480400,0.0,0.0
2024-11-15 00:00:00-05:00,513.0513092683735,517.8599446544963,512.5268801912744,516.3757934570312,2408100,0.0,0.0
2024-11-18 00:00:00-05:00,513.1107329369607,517.9589245151138,511.5375059118556,516.1185913085938,2493400,0.0,0.0
2024-11-19 00:00:00-05:00,513.2986276368351,517.127732595455,511.299951522422,513.971435546875,2716000,0.0,0.0
2024-11-20 00:00:00-05:00,516.0196678106414,516.9793900354333,505.6008962834573,507.1246032714844,2409400,0.0,0.0
2024-11-21 00:00:00-05:00,507.8072946174111,514.6245107420456,506.17473422812185,509.65753173828125,3077300,0.0,0.0
2024-11-22 00:00:00-05:00,511.468280819285,516.197805902717,510.7262050719893,515.3567504882812,3130400,0.0,0.0
2024-11-25 00:00:00-05:00,516.1284558995642,522.6686012818542,515.5150115442362,521.0360107421875,4503900,0.0,0.0
2024-11-26 00:00:00-05:00,522.3222898623113,525.0432336597959,519.5122704233743,522.8961181640625,2326800,0.0,0.0
2024-11-27 00:00:00-05:00,523.4601719583367,527.981893676479,521.0162983758354,526.7550048828125,2086300,0.0,0.0
2024-11-29 00:00:00-05:00,527.3783496743246,530.1091978171584,524.429854987776,527.30908203125,1760600,0.0,0.0
2024-12-02 00:00:00-05:00,527.2992076526098,529.1692529498712,520.6699858475242,525.7457885742188,2355100,0.0,0.0
2024-12-03 00:00:00-05:00,529.0208321670343,529.1692714714828,520.4028978700328,520.6205444335938,2319400,0.0,0.0
2024-12-04 00:00:00-05:00,518.1073134052349,520.7194340579523,512.6950771954697,515.6337280273438,2630000,0.0,0.0
2024-12-05 00:00:00-05:00,519.0571555375633,521.8968268514443,516.6528376859292,519.2254028320312,2538600,0.0,0.0
2024-12-06 00:00:00-05:00,517.4048666315128,525.3896086080389,516.9794171331456,522.9852905273438,2122700,0.0,0.0
2024-12-09 00:00:00-05:00,523.4304631612067,525.9733161240028,516.3658889741638,517.2959594726562,2942000,0.0,0.0
2024-12-10 00:00:00-05:00,516.9893312781725,524.0637503645786,514.7234880571904,523.420654296875,2003200,0.0,0.0
2024-12-11 00:00:00-05:00,523.5987276596575,530.2279493961247,521.6990307563748,528.8031616210938,2181100,0.0,0.0
2024-12-12 00:00:00-05:00,530.6236162500815,531.0787776975939,526.3492534938807,526.7846069335938,1860400,0.0,0.0
2024-12-13 00:00:00-05:00,528.5260019740107,529.0306230328822,523.3215688895751,523.41064453125,1608200,0.0,0.0
2024-12-16 00:00:00-05:00,526.3789331283443,529.3472353828275,523.4106308738612,524.706787109375,2923000,0.0,0.0
2024-12-17 00:00:00-05:00,523.8065004962939,526.1613587723393,519.3243344900341,525.3994750976562,4055800,0.0,0.0
2024-12-18 00:00:00-05:00,524.7167095079475,531.454753446233,514.2188279935588,514.4661865234375,3190300,0.0,0.0
2024-12-19 00:00:00-05:00,518.6217450713386,523.6282791417512,516.6824929083399,517.7510986328125,3050500,0.0,0.0
2024-12-20 00:00:00-05:00,517.3454742917805,526.458185348405,513.9319140985647,522.4509887695312,7317100,0.0,0.0
2024-12-23 00:00:00-05:00,520.2741601238042,523.8064471783227,515.6238076826901,523.37109375,2270300,0.0,0.0
2024-12-24 00:00:00-05:00,523.6778461721735,530.0794563098691,522.2530585417195,530.0498046875,955000,0.0,0.0
2024-12-26 00:00:00-05:00,527.9918357059596,532.0188405947175,527.2893156053204,530.4852294921875,1109600,0.0,0.0
2024-12-27 00:00:00-05:00,527.9720411731007,531.8803188756459,525.1917331064803,526.5769653320312,1541800,0.0,0.0
2024-12-30 00:00:00-05:00,521.4317618110956,522.9851805684461,515.8216874690054,519.9970703125,2101600,0.0,0.0
2024-12-31 00:00:00-05:00,522.0947622278899,523.598721637089,520.0070704203081,521.0064086914062,1942600,0.0,0.0
2025-01-02 00:00:00-05:00,523.5986683710574,524.9541883463496,512.1904634573763,516.8804321289062,2818800,0.0,0.0
2025-01-03 00:00:00-05:00,517.0091220153744,518.9187229241384,512.2103295352786,515.8514404296875,1627500,0.0,0.0
2025-01-06 00:00:00-05:00,515.4655208101585,515.8514146527712,505.61079454835846,506.52105712890625,2920800,0.0,0.0
2025-01-07 00:00:00-05:00,508.25258248478366,510.8746074250174,505.68004737454027,505.9966735839844,2211800,0.0,0.0
2025-01-08 00:00:00-05:00,506.62983836560835,511.98271091389427,506.12524748385107,510.9438171386719,2456700,0.0,0.0
2025-01-10 00:00:00-05:00,507.4558924060654,509.08097071762677,498.7756639137491,500.0737609863281,2815500,0.76,0.0
2025-01-13 00:00:00-05:00,496.4371605107583,501.5402510229707,495.36700987737447,500.3115539550781,2885500,0.0,0.0
2025-01-14 00:00:00-05:00,502.4518719887742,504.75074986804907,499.6179036873352,504.38409423828125,2704800,0.0,0.0
2025-01-15 00:00:00-05:00,510.87443194957973,518.9997622029595,509.0511632155464,517.5926513671875,3024800,0.0,0.0
2025-01-16 00:00:00-05:00,518.8510973015635,522.3192208596585,515.9774850188605,518.37548828125,3275600,0.0,0.0
2025-01-17 00:00:00-05:00,519.802423417628,523.3200798242236,516.2649298069445,519.9213256835938,2374800,0.0,0.0
2025-01-21 00:00:00-05:00,522.8542902099642,525.1531679807327,522.1111208630066,523.2506713867188,2706900,0.0,0.0
2025-01-22 00:00:00-05:00,523.1912011565629,525.4702416415037,520.8824048687775,522.378662109375,2037600,0.0,0.0
2025-01-23 00:00:00-05:00,524.2315955754138,529.4833130337753,523.8649702373291,529.3544921875,2196500,0.0,0.0
2025-01-24 00:00:00-05:00,528.1357183622608,531.1777652172884,527.3034026339384,528.6311645507812,2472900,0.0,0.0
2025-01-27 00:00:00-05:00,528.7204581005403,542.9991929822294,526.8179008798342,542.6524047851562,3074600,0.0,0.0
2025-01-28 00:00:00-05:00,541.5623998053759,546.5267812244869,537.7177318212026,542.3749389648438,2727800,0.0,0.0
2025-01-29 00:00:00-05:00,542.018224355141,545.5953319423476,541.5227780805933,543.8018188476562,2549000,0.0,0.0
2025-01-30 00:00:00-05:00,549.9453658744889,571.6855508653472,549.4796754055153,560.8551025390625,6005200,0.0,0.0
2025-01-31 00:00:00-05:00,558.6850632449605,560.3893694571774,549.5886765931333,550.3714599609375,4505100,0.0,0.0
2025-02-03 00:00:00-05:00,547.6068509112656,559.8542678124544,546.05114241399,558.8138427734375,3195500,0.0,0.0
2025-02-04 00:00:00-05:00,565.6807695337325,566.790564401911,552.5019101146498,554.0179443359375,2638900,0.0,0.0
2025-02-05 00:00:00-05:00,556.2374958218252,561.7072419240587,554.7016245008807,561.1325073242188,2404700,0.0,0.0
2025-02-06 00:00:00-05:00,560.9739800377241,564.561006076074,559.3984343401174,561.9945678710938,1738400,0.0,0.0
2025-02-07 00:00:00-05:00,562.886454240282,564.8583208596783,556.6636800918246,557.6248168945312,2008300,0.0,0.0
2025-02-10 00:00:00-05:00,560.101978194683,562.1036003714987,555.8906851255501,560.3397827148438,2357700,0.0,0.0
2025-02-11 00:00:00-05:00,559.8443438883921,561.271231507538,554.1268748101244,559.5570068359375,1847800,0.0,0.0
2025-02-12 00:00:00-05:00,556.8915080152441,559.6065438100771,554.344907012548,559.4578857421875,1722200,0.0,0.0
2025-02-13 00:00:00-05:00,560.4487273256551,562.2224634602828,556.3563368017285,561.1522827148438,1709500,0.0,0.0
2025-02-14 00:00:00-05:00,560.8551318669568,564.0556956210829,558.9922489350861,559.6165161132812,1927400,0.0,0.0
2025-02-18 00:00:00-05:00,559.7552238427256,563.4512336886797,556.4060021964164,563.431396484375,2064100,0.0,0.0
2025-02-19 00:00:00-05:00,562.3215156643404,565.502302025408,561.4891999207811,563.3223266601562,2459100,0.0,0.0
2025-02-20 00:00:00-05:00,562.9756050756422,563.3223932632483,553.9485283240052,558.1499633789062,2181900,0.0,0.0
2025-02-21 00:00:00-05:00,556.3167768375905,559.6560797711886,551.5109723367472,552.4324951171875,2256100,0.0,0.0
2025-02-24 00:00:00-05:00,553.3440585628432,556.3464916890857,551.7189804445985,553.9088745117188,1752500,0.0,0.0
2025-02-25 00:00:00-05:00,557.3175817509107,560.8847705696435,547.6563798476242,558.8931274414062,3609500,0.0,0.0
2025-02-26 00:00:00-05:00,557.4663107230201,561.5190277069609,554.503490959906,556.1583251953125,2028000,0.0,0.0
2025-02-27 00:00:00-05:00,560.4191338038302,569.4659880602252,558.8634251677462,559.6759643554688,2436500,0.0,0.0
2025-02-28 00:00:00-05:00,562.1333278036996,571.1801815637466,558.8633945061687,571.061279296875,3205400,0.0,0.0
2025-03-03 00:00:00-05:00,572.0720450091835,576.9273824897649,564.80878527487,569.6839599609375,3092600,0.0,0.0
2025-03-04 00:00:00-05:00,565.2646223522266,567.9796584378878,546.9826415281588,550.0147705078125,3318100,0.0,0.0
2025-03-05 00:00:00-05:00,547.547394922644,555.8807742419125,546.2988606951877,553.2152709960938,2795400,0.0,0.0
2025-03-06 00:00:00-05:00,543.504575582985,550.6191769903495,539.7292773039409,544.8125610351562,3133200,0.0,0.0
2025-03-07 00:00:00-05:00,542.0875999103446,545.3674518638876,531.395890963373,541.7903442382812,3161300,0.0,0.0
2025-03-10 00:00:00-04:00,533.2487976705074,543.5639614933607,527.1746220964503,532.2281494140625,3893400,0.0,0.0
2025-03-11 00:00:00-04:00,532.307553141653,533.149787717415,517.493695664867,521.0113525390625,4582600,0.0,0.0
2025-03-12 00:00:00-04:00,525.6783501030969,527.8583255341163,514.5308103210059,519.86181640625,2810800,0.0,0.0
2025-03-13 00:00:00-04:00,519.723092922949,523.7164185487679,512.9949549224725,515.0956420898438,2375800,0.0,0.0
2025-03-14 00:00:00-04:00,517.8403967801175,523.597479791192,516.2054604411951,522.8345336914062,2369500,0.0,0.0
2025-03-17 00:00:00-04:00,518.484446555602,528.6212564201303,516.7305476601357,527.1448364257812,2544800,0.0,0.0
2025-03-18 00:00:00-04:00,527.4917713179531,527.7394944576321,520.7239582077212,525.361328125,2363300,0.0,0.0
2025-03-19 00:00:00-04:00,526.7286666462,532.7235534146564,524.7568004980936,531.20751953125,2804300,0.0,0.0
2025-03-20 00:00:00-04:00,528.7401631308483,535.5674263165116,527.6997382014241,531.494873046875,2598600,0.0,0.0
2025-03-21 00:00:00-04:00,530.563495130877,533.149710101838,525.9261253790323,530.8112182617188,5973400,0.0,0.0
2025-03-24 00:00:00-04:00,534.4377824729979,540.4921808961695,533.3379064431119,538.7184448242188,2758700,0.0,0.0
2025-03-25 00:00:00-04:00,540.9777289726987,542.1965072963319,537.0636918165574,540.1948852539062,2138200,0.0,0.0
2025-03-26 00:00:00-04:00,542.1569207272908,546.0115069518718,540.1552985838707,544.0693359375,2681600,0.0,0.0
2025-03-27 00:00:00-04:00,544.0693570350286,556.7131551233203,542.8109041955511,552.491943359375,2901200,0.0,0.0
2025-03-28 00:00:00-04:00,549.182290346572,553.5026272916257,535.1711173960067,535.6863403320312,2656400,0.0,0.0
2025-03-31 00:00:00-04:00,527.3133246949282,546.4078424691913,526.1837532123807,543.1279907226562,4741800,0.0,0.0
2025-04-01 00:00:00-04:00,541.8200781966922,546.1304974264232,539.0455909274815,543.5145263671875,2714900,0.0,0.0
2025-04-02 00:00:00-04:00,537.9158611261507,544.5251573156064,536.7169199678651,542.3947143554688,2994600,0.0,0.0
2025-04-03 00:00:00-04:00,523.6074116593837,535.0720454428194,522.2003612066496,525.718017578125,3443500,0.0,0.0
2025-04-04 00:00:00-04:00,514.8875978166375,516.1361321446935,483.8429465764878,485.3094482421875,6125100,0.0,0.0
2025-04-07 00:00:00-04:00,474.1420896508562,497.62625540340076,461.34966308084,481.09814453125,6009400,0.0,0.0
2025-04-08 00:00:00-04:00,496.4371335173892,500.9655194179653,467.36435172219336,475.54913330078125,3555400,0.0,0.0
2025-04-09 00:00:00-04:00,466.56729498064357,514.6025828313767,466.458138465009,511.5457763671875,4698400,0.76,0.0
2025-04-10 00:00:00-04:00,503.0105728787694,504.79702645406775,480.48165569458195,495.5770263671875,4105300,0.0,0.0
2025-04-11 00:00:00-04:00,494.5052263054735,512.0221832434282,492.17292935757104,505.90863037109375,3736200,0.0,0.0
2025-04-14 00:00:00-04:00,511.9824817010835,519.4755739988415,504.6680256832153,508.59820556640625,3005500,0.0,0.0
2025-04-15 00:00:00-04:00,509.53109138149244,517.3615870658523,509.51122271549775,513.4810791015625,2210700,0.0,0.0
2025-04-16 00:00:00-04:00,512.161103230743,517.7883578984248,506.0276821636819,509.56085205078125,2501000,0.0,0.0
2025-04-17 00:00:00-04:00,507.0995921495745,520.0313691010979,505.29330004707697,513.4315185546875,3329800,0.0,0.0
2025-04-21 00:00:00-04:00,513.1039903296692,513.7491162884064,499.7454307060641,505.48187255859375,3345600,0.0,0.0
2025-04-22 00:00:00-04:00,511.7344227472942,524.8150945746573,508.8860551345376,523.356201171875,2384000,0.0,0.0
2025-04-23 00:00:00-04:00,533.687658617869,539.8409484201218,523.6439263357263,526.0159301757812,3051800,0.0,0.0
2025-04-24 00:00:00-04:00,524.7058039040786,532.0003902035843,521.3115939248373,531.4248046875,2209100,0.0,0.0
2025-04-25 00:00:00-04:00,531.4248981235842,532.8738570759576,525.8869309704556,529.4597778320312,2006100,0.0,0.0
2025-04-28 00:00:00-04:00,531.9905917748232,533.7075353843751,526.5022359040977,530.462158203125,1735400,0.0,0.0
2025-04-29 00:00:00-04:00,530.3133125505732,536.4069963023367,529.3902675988413,535.613037109375,2041500,0.0,0.0
2025-04-30 00:00:00-04:00,534.4717192596999,544.9322690355201,525.5593504770662,543.9298706054688,3783500,0.0,0.0
2025-05-01 00:00:00-04:00,545.855280479447,548.6639709746074,535.6626543126108,542.5106811523438,2839900,0.0,0.0
2025-05-02 00:00:00-04:00,551.4428854818585,558.1420187977196,550.8076938590456,555.174560546875,2632600,0.0,0.0
2025-05-05 00:00:00-04:00,553.606425575804,560.2956242606595,551.6611740330181,556.8914794921875,2130900,0.0,0.0
2025-05-06 00:00:00-04:00,552.2864321409236,561.4766598841377,551.909290916997,554.7775268554688,2341700,0.0,0.0
2025-05-07 00:00:00-04:00,555.0554611735913,562.9554372759952,554.2813100373141,562.062255859375,2493700,0.0,0.0
2025-05-08 00:00:00-04:00,565.1587721107973,569.5454470791112,562.7272226140896,562.8463134765625,2004300,0.0,0.0
2025-05-09 00:00:00-04:00,563.1738235749757,565.2877771713838,560.3452642539752,564.3548583984375,1528000,0.0,0.0
2025-05-12 00:00:00-04:00,575.6291749451362,576.4131997729029,562.1614299105854,573.9122314453125,3000300,0.0,0.0
2025-05-13 00:00:00-04:00,573.6442818882186,578.4676431459769,571.4608486310425,572.2449340820312,2370200,0.0,0.0
2025-05-14 00:00:00-04:00,573.9123480846864,574.2795550283511,567.967496641063,568.9599609375,2237500,0.0,0.0
2025-05-15 00:00:00-04:00,569.803429362712,578.6462580079765,569.3270659697612,577.8126220703125,2034200,0.0,0.0
2025-05-16 00:00:00-04:00,576.0559622971118,579.8868593978913,576.0559622971118,578.884521484375,2225900,0.0,0.0
2025-05-19 00:00:00-04:00,576.6415697526702,584.0155715009575,576.1056003157153,581.9909057617188,1875500,0.0,0.0
2025-05-20 00:00:00-04:00,576.8598601480853,579.5891365950957,572.502927936445,576.7308349609375,1964300,0.0,0.0
2025-05-21 00:00:00-04:00,572.1159428529523,574.6367801505099,562.8264317688013,565.248046875,2505300,0.0,0.0
2025-05-22 00:00:00-04:00,564.3746786526866,568.8407676582013,562.6577349301889,565.8435668945312,1869900,0.0,0.0
2025-05-23 00:00:00-04:00,560.2361236088823,563.2730617302606,558.2710638171698,559.3330078125,1948800,0.0,0.0
2025-05-27 00:00:00-04:00,562.5485472407056,570.2302102126239,562.2210171040532,570.2202758789062,2655200,0.0,0.0
2025-05-28 00:00:00-04:00,570.2500879698558,574.4779950869603,568.6224321695722,571.5799560546875,1702900,0.0,0.0
2025-05-29 00:00:00-04:00,571.5402582446872,574.2199235586173,568.6224112273327,573.4259643554688,1347800,0.0,0.0
2025-05-30 00:00:00-04:00,572.4335307744738,581.18701171875,572.1655460562097,581.18701171875,4581100,0.0,0.0
2025-06-02 00:00:00-04:00,576.1254207311617,577.4354806364739,570.4485550500114,576.8399658203125,2089100,0.0,0.0
2025-06-03 00:00:00-04:00,575.5002000350343,578.1401886797319,569.118662617517,577.5843505859375,2116900,0.0,0.0
2025-06-04 00:00:00-04:00,579.7677651378049,582.4275617889148,577.8324479316213,579.7280883789062,1530200,0.0,0.0
2025-06-05 00:00:00-04:00,581.891698308519,582.2688395606656,578.2394372234447,581.0282592773438,1480000,0.0,0.0
2025-06-06 00:00:00-04:00,583.4796059258559,586.7051146021525,581.6237027027419,585.6729736328125,1528600,0.0,0.0
2025-06-09 00:00:00-04:00,584.3033763076618,585.5538909192855,575.6292487003146,579.9266357421875,1936000,0.0,0.0
2025-06-10 00:00:00-04:00,580.2442469377016,585.4248812371823,578.7654243247133,585.0973510742188,2133700,0.0,0.0
2025-06-11 00:00:00-04:00,585.8715120479809,590.2284447083714,583.1719777486968,586.288330078125,2238100,0.0,0.0
2025-06-12 00:00:00-04:00,584.9880666580035,586.2187123646953,580.1547716719364,584.8392333984375,1984000,0.0,0.0
2025-06-13 00:00:00-04:00,568.5430212970122,570.9050909150279,548.346399262312,557.794677734375,5905400,0.0,0.0
2025-06-16 00:00:00-04:00,559.6505090971878,570.6668359613179,558.3999946863537,564.384521484375,3108200,0.0,0.0
2025-06-17 00:00:00-04:00,560.4644160988508,566.984913884946,559.7498708717131,565.1588134765625,2246600,0.0,0.0
2025-06-18 00:00:00-04:00,566.5779757864246,566.7764807444247,530.1346583201572,534.6702270507812,6966800,0.0,0.0
2025-06-20 00:00:00-04:00,532.883731814458,534.2831400909696,523.356100865648,528.9535522460938,8202800,0.0,0.0
2025-06-23 00:00:00-04:00,527.4153129191492,539.0370906121472,523.5943499450648,538.262939453125,3681100,0.0,0.0
2025-06-24 00:00:00-04:00,552.9812144543353,559.8689186591021,548.3265547753548,553.32861328125,4503200,0.0,0.0
2025-06-25 00:00:00-04:00,551.8100064566022,554.2712978927051,544.4856169925114,545.5574951171875,2889200,0.0,0.0
2025-06-26 00:00:00-04:00,541.419040928535,544.7735142995957,537.9850928827387,541.6968994140625,3764100,0.0,0.0
2025-06-27 00:00:00-04:00,542.6496161174991,552.5047773755759,541.4387784146619,546.1728515625,3837500,0.0,0.0
2025-06-30 00:00:00-04:00,548.3363979982241,558.3900638609315,547.7409437870389,557.7052612304688,5054600,0.0,0.0
2025-07-01 00:00:00-04:00,555.1051105437424,562.0424259462704,552.8422629818616,560.355224609375,3827000,0.0,0.0
2025-07-02 00:00:00-04:00,558.6977953769654,561.7247990513679,553.1896312194121,557.2885131835938,2502300,0.0,0.0
2025-07-03 00:00:00-04:00,556.5540488036924,565.3670743098952,556.5143114714399,564.9502563476562,1528700,0.0,0.0
2025-07-07 00:00:00-04:00,566.3695536036049,566.4489677042457,556.1273153285213,560.8613891601562,2478300,0.0,0.0
2025-07-08 00:00:00-04:00,560.3254259017027,562.3500309574987,556.1967411219719,558.2015380859375,3083800,0.0,0.0
2025-07-09 00:00:00-04:00,558.5195044434666,561.9183072195976,555.7865353380938,561.6102294921875,2454300,0.76,0.0
2025-07-10 00:00:00-04:00,562.1469651725366,562.554399361617,557.5356860416338,560.0301513671875,2577200,0.0,0.0
2025-07-11 00:00:00-04:00,556.353018714548,557.3468256729199,542.4695039643696,546.772705078125,3221400,0.0,0.0
2025-07-14 00:00:00-04:00,547.0908623304211,555.607797293518,544.397622988087,549.5952758789062,2500900,0.0,0.0
2025-07-15 00:00:00-04:00,549.6845683369102,551.423730565157,545.2522279929351,546.9515991210938,2449100,0.0,0.0
2025-07-16 00:00:00-04:00,548.9988736642716,552.0797119140625,546.0969740618175,552.0797119140625,2424200,0.0,0.0
2025-07-17 00:00:00-04:00,549.555410986381,553.9281863320101,547.1007366530904,552.1691284179688,2722000,0.0,0.0
2025-07-18 00:00:00-04:00,551.8213003912495,552.9045160843816,547.4684207535212,549.2373657226562,2579600,0.0,0.0
2025-07-21 00:00:00-04:00,549.9728291156594,554.6238386902708,548.62120546905,551.215087890625,2194400,0.0,0.0
2025-07-22 00:00:00-04:00,552.3678180213863,556.7405927025044,551.8013408019806,555.299560546875,2010400,0.0,0.0
2025-07-23 00:00:00-04:00,553.5604521956205,559.0064951986553,551.0659868960482,558.6090087890625,2180400,0.0,0.0
2025-07-24 00:00:00-04:00,558.5196042538959,564.3234645530925,558.4202478042645,560.0103149414062,1874700,0.0,0.0
2025-07-25 00:00:00-04:00,560.8648476571979,566.4302026927926,560.357996432934,564.700927734375,1513300,0.0,0.0
2025-07-28 00:00:00-04:00,563.8563437356096,568.1098673466331,562.7134412788345,564.7607421875,2492400,0.0,0.0
2025-07-29 00:00:00-04:00,566.4998883527628,569.4514663140268,559.513395348686,559.8314208984375,2393800,0.0,0.0
2025-07-30 00:00:00-04:00,556.8599371146387,562.1072069458328,551.7716497268025,555.6474609375,2833200,0.0,0.0
2025-07-31 00:00:00-04:00,565.0488229745937,575.8514996328507,559.0263553037661,562.9617919921875,4568300,0.0,0.0
2025-08-01 00:00:00-04:00,560.3680535050502,561.3718083752091,552.6561007499132,556.4226684570312,3316700,0.0,0.0
2025-08-04 00:00:00-04:00,560.7953546750655,566.3904931818957,559.0164619039871,566.2811889648438,2984700,0.0,0.0
2025-08-05 00:00:00-04:00,566.0724353093209,568.2886661363298,558.6487262347946,562.5344848632812,2883200,0.0,0.0
2025-08-06 00:00:00-04:00,565.4662601709854,566.8277709684766,560.4773294006005,565.6054077148438,2245200,0.0,0.0
2025-08-07 00:00:00-04:00,569.421555735635,570.3458496045612,550.4299189215478,557.7443237304688,2979600,0.0,0.0
2025-08-08 00:00:00-04:00,560.2586973396167,572.5918155444498,559.2052643438545,570.7632446289062,2907700,0.0,0.0
2025-08-11 00:00:00-04:00,571.4390219350503,573.0192017457277,565.9134574709736,570.0377807617188,2116600,0.0,0.0
2025-08-12 00:00:00-04:00,571.6179525940688,574.7385214026348,566.9272122623809,570.6241455078125,2593800,0.0,0.0
2025-08-13 00:00:00-04:00,573.7546286720011,576.6764237616912,570.4849647280816,574.3211059570312,2352900,0.0,0.0
2025-08-14 00:00:00-04:00,573.8937510105762,580.7808875209512,571.9359801591833,580.1448364257812,2642300,0.0,0.0
2025-08-15 00:00:00-04:00,581.3770850923654,585.9088425088501,577.5111613705275,578.0975341796875,2263800,0.0,0.0
2025-08-18 00:00:00-04:00,578.4156556715348,581.8641373595453,577.0938751807264,580.5225219726562,1812000,0.0,0.0
2025-08-19 00:00:00-04:00,580.7907480250229,586.9126333854488,580.6019222603338,581.8839721679688,2334500,0.0,0.0
2025-08-20 00:00:00-04:00,582.2814890677045,590.2021631664512,582.2814890677045,589.0095825195312,2884600,0.0,0.0
2025-08-21 00:00:00-04:00,585.3921032050637,588.5425153360256,580.3137635610957,588.2542724609375,2349200,0.0,0.0
2025-08-22 00:00:00-04:00,591.61336440694,598.0433279933587,589.4071417234325,595.250732421875,2388900,0.0,0.0
2025-08-25 00:00:00-04:00,594.1176904596882,595.3301058484158,589.1883860487944,589.5362548828125,1984300,0.0,0.0
2025-08-26 00:00:00-04:00,589.4070948792747,592.3089944452342,582.6591062729773,587.9461669921875,4774600,0.0,0.0
2025-08-27 00:00:00-04:00,587.5487176262346,590.9375731492249,586.1673111990464,587.0020751953125,1480900,0.0,0.0
2025-08-28 00:00:00-04:00,587.1611022463748,589.8543412512339,586.0678780715909,586.8231811523438,2159800,0.0,0.0
2025-08-29 00:00:00-04:00,588.3337901050431,593.1338952752119,586.6045754946789,591.6033935546875,2111200,0.0,0.0
2025-09-02 00:00:00-04:00,591.9313663827048,591.9313663827048,582.3709471540129,588.20458984375,2284500,0.0,0.0
2025-09-03 00:00:00-04:00,588.1648027066689,590.3213468720102,585.3125815230086,589.6058349609375,1959400,0.0,0.0
2025-09-04 00:00:00-04:00,589.3574111239441,592.1996846672379,585.6405218859821,591.9512329101562,1653700,0.0,0.0
2025-09-05 00:00:00-04:00,591.7822580826584,594.873044123978,575.4441283249992,580.6019287109375,2432100,0.0,0.0
2025-09-08 00:00:00-04:00,579.011830628436,586.1374098484714,577.1037381686823,582.9671630859375,1948200,0.0,0.0
2025-09-09 00:00:00-04:00,579.9261277146024,587.5188279195293,579.6876237344966,580.38330078125,2266000,0.0,0.0
2025-09-10 00:00:00-04:00,578.5249005287882,578.5249005287882,567.4638232544596,575.7919311523438,2535200,0.0,0.0
2025-09-11 00:00:00-04:00,577.2826837935211,586.3163565318348,576.4180764530798,585.0840454101562,2407000,0.0,0.0
2025-09-12 00:00:00-04:00,582.8081760121677,585.5610407959563,576.4080565442517,576.8154907226562,2242800,0.0,0.0
2025-09-15 00:00:00-04:00,579.1211756070526,582.8678476784686,577.8988123188909,579.3497924804688,2222600,0.0,0.0
2025-09-16 00:00:00-04:00,574.4304392358306,584.467866467331,573.2577541618837,582.788330078125,2537000,0.0,0.0
2025-09-17 00:00:00-04:00,584.0704332241163,595.1811900964736,583.8020858781466,594.9227905273438,2930800,0.0,0.0
2025-09-18 00:00:00-04:00,592.3885688901374,597.8942385338261,582.2517240693951,582.420654296875,3294600,0.0,0.0
2025-09-19 00:00:00-04:00,584.9746371243326,585.2230888597379,577.9086843271268,580.542236328125,6745300,0.0,0.0
2025-09-22 00:00:00-04:00,577.3720192344217,583.712512698235,576.547203103924,580.8702392578125,3241700,0.0,0.0
2025-09-23 00:00:00-04:00,581.8242975166619,583.2255386426833,564.7308056540379,566.4401245117188,3223000,0.0,0.0
2025-09-24 00:00:00-04:00,567.742088331162,568.1196791840795,561.4512730786438,565.287353515625,2867200,0.0,0.0
2025-09-25 00:00:00-04:00,561.5009990163151,568.8452478797537,561.0736692516764,563.7867431640625,2700600,0.0,0.0
2025-09-26 00:00:00-04:00,563.1109508007358,566.1321024228857,560.5668071565125,561.6301879882812,2106500,0.0,0.0
2025-09-29 00:00:00-04:00,562.4948202732025,565.7942671338777,559.026443189033,564.62158203125,2615600,0.0,0.0
2025-09-30 00:00:00-04:00,562.3059325352875,567.0960895225562,560.1593361185973,565.287353515625,2379200,0.0,0.0
2025-10-01 00:00:00-04:00,562.1767493021757,571.9060982174842,561.510915580997,570.2166748046875,3685100,0.0,0.0
2025-10-02 00:00:00-04:00,569.1830898674027,576.2491040617024,567.2352668784392,573.754638671875,2483500,0.0,0.0
2025-10-03 00:00:00-04:00,572.8601620917236,579.6080897893914,572.8601620917236,576.8552856445312,2331600,0.0,0.0
2025-10-06 00:00:00-04:00,575.6427847703119,577.5409900277676,565.7345585162412,575.2254028320312,2573500,0.0,0.0
2025-10-07 00:00:00-04:00,575.4042511725569,582.4503688298119,575.3247296360206,576.2490234375,2120700,0.0,0.0
2025-10-08 00:00:00-04:00,577.7198387132352,579.4590008012592,572.5123002233829,572.8700561523438,1934700,0.0,0.0
2025-10-09 00:00:00-04:00,574.4224964544785,576.5719875620148,559.764412647517,561.79443359375,2579800,0.76,0.0
2025-10-10 00:00:00-04:00,564.8096493021154,566.6406342177349,553.9727890017548,554.7589111328125,3553900,0.0,0.0
2025-10-13 00:00:00-04:00,555.2764380544013,562.2422715066966,550.3108036399389,556.5103759765625,2996500,0.0,0.0
2025-10-14 00:00:00-04:00,553.2862078404471,567.0287998898718,553.2862078404471,565.1480102539062,2627300,0.0,0.0
2025-10-15 00:00:00-04:00,561.5456448521279,565.9142318802948,556.6695981484564,560.0629272460938,2262400,0.0,0.0
2025-10-16 00:00:00-04:00,560.0529654974874,561.8939721044451,544.7182083101683,547.196044921875,3210600,0.0,0.0
2025-10-17 00:00:00-04:00,549.7933430432181,560.053018557162,549.3157053100937,558.23193359375,2756700,0.0,0.0
2025-10-20 00:00:00-04:00,558.9584137819801,564.6504659123256,551.0869876435563,563.5956420898438,2046400,0.0,0.0
2025-10-21 00:00:00-04:00,559.4160952285487,573.1686477094717,558.0329259172561,569.2379760742188,2722400,0.0,0.0
2025-10-22 00:00:00-04:00,568.2626825372498,573.6164275195174,565.8047678055275,568.5711669921875,1820500,0.0,0.0
2025-10-23 00:00:00-04:00,571.5565686543443,574.1737366408021,568.8796959537838,570.969482421875,2187500,0.0,0.0
2025-10-24 00:00:00-04:00,574.4225164143168,577.9850596551607,570.2828478495533,570.8699340820312,1839600,0.0,0.0
2025-10-27 00:00:00-04:00,572.9098693718147,572.9098693718147,563.7149797248437,569.5662841796875,2981000,0.0,0.0
2025-10-28 00:00:00-04:00,570.2828502119792,571.1883818358436,562.6900868945671,563.167724609375,2916000,0.0,0.0
2025-10-29 00:00:00-04:00,558.8887464714337,564.043456134609,548.5394835091379,551.8731689453125,3763400,0.0,0.0
2025-10-30 00:00:00-04:00,548.8678306162944,560.1723678259252,542.9767431705668,550.9774780273438,4284700,0.0,0.0
2025-10-31 00:00:00-04:00,546.2109314853558,551.7238693744919,540.8771077438181,549.2957763671875,3567100,0.0,0.0
2025-11-03 00:00:00-05:00,547.3154773877577,548.3105964375536,537.7225151707859,541.4144287109375,3175500,0.0,0.0
2025-11-04 00:00:00-05:00,542.1707370026397,551.325844544919,539.8321707583509,550.0520629882812,2653900,0.0,0.0
2025-11-05 00:00:00-05:00,550.3008294917252,553.6145929035926,546.6885425151054,550.6093139648438,2198500,0.0,0.0
2025-11-06 00:00:00-05:00,547.4945624406189,552.2910432942743,545.1858790792799,550.5794677734375,2593600,0.0,0.0
2025-11-07 00:00:00-05:00,551.0969026892798,555.9431274714249,547.9821752888791,549.2758178710938,2510400,0.0,0.0
2025-11-10 00:00:00-05:00,549.5843737031495,551.9925447785074,545.9024211000758,550.2610473632812,1978300,0.0,0.0
2025-11-11 00:00:00-05:00,550.3008926754093,555.8039307560448,545.335257810277,555.624755859375,1832400,0.0,0.0
2025-11-12 00:00:00-05:00,557.2666845890766,563.1478116252612,555.6844185280861,558.4906616210938,1761500,0.0,0.0
2025-11-13 00:00:00-05:00,557.1472983848284,560.849112361469,552.1517809609468,552.8583374023438,2031300,0.0,0.0
2025-11-14 00:00:00-05:00,553.3260210503371,554.2813572837772,541.3945523592623,543.0663452148438,2567800,0.0,0.0
2025-11-17 00:00:00-05:00,543.3349774607054,546.6387798502179,533.5927842540615,534.2296142578125,2557900,0.0,0.0
2025-11-18 00:00:00-05:00,530.9557365397751,533.3838295365583,522.1389960240023,525.0049438476562,3594700,0.0,0.0
2025-11-19 00:00:00-05:00,525.5721271388395,528.4081920100978,522.417556160054,527.7713012695312,2723100,0.0,0.0
2025-11-20 00:00:00-05:00,530.6870343156545,535.8318437095389,524.6068712907897,525.303466796875,3240300,0.0,0.0
2025-11-21 00:00:00-05:00,529.940707789294,541.7527667396079,529.0749590245094,537.7623901367188,3807500,0.0,0.0
2025-11-24 00:00:00-05:00,540.7874733962273,541.3845205031037,532.4981150951704,535.2247314453125,5941000,0.0,0.0
2025-11-25 00:00:00-05:00,538.8569608585108,547.7135446208898,536.3691632552859,543.8026733398438,3132600,0.0,0.0
2025-11-26 00:00:00-05:00,545.802863025622,545.9919380697335,541.5139024602729,542.2702026367188,2185300,0.0,0.0
2025-11-28 00:00:00-05:00,545.4546463676735,548.7087053156318,542.7578516956506,547.8429565429688,1254800,0.0,0.0
2025-12-01 00:00:00-05:00,544.967011014713,547.0965803582449,540.7377550530218,541.3148803710938,2227000,0.0,0.0
2025-12-02 00:00:00-05:00,544.6087913613859,552.0423016273471,538.3991973729142,543.2454223632812,3076000,0.0,0.0
2025-12-03 00:00:00-05:00,544.6485356459596,552.3607078574091,543.8325307815693,551.0272216796875,2687900,0.0,0.0
2025-12-04 00:00:00-05:00,554.3112093177178,556.2715647480131,536.9264474371255,539.6630249023438,2878800,0.0,0.0
2025-12-05 00:00:00-05:00,539.0659597080545,547.7533295345941,538.6081830819664,542.8573608398438,2126700,0.0,0.0
2025-12-08 00:00:00-05:00,544.0515016117612,544.6585704413859,534.7670838594769,537.8021850585938,2453800,0.0,0.0
2025-12-09 00:00:00-05:00,536.0806417205541,539.2550741352643,533.3042205105431,534.92626953125,1965300,0.0,0.0
2025-12-10 00:00:00-05:00,535.4635970523245,542.29009865753,534.8764501315145,536.2297973632812,3023400,0.0,0.0
2025-12-11 00:00:00-05:00,540.1207514081906,562.3715973557839,540.001341988863,560.6201782226562,3659900,0.0,0.0
2025-12-12 00:00:00-05:00,563.2373790899761,570.9097687871581,563.1279305720391,569.138427734375,3515400,0.0,0.0
2025-12-15 00:00:00-05:00,570.083808267288,570.5017412633576,564.3916956975079,566.3521118164062,2714000,0.0,0.0
2025-12-16 00:00:00-05:00,567.9144742504873,568.2129978286919,559.73456378419,563.25732421875,2748700,0.0,0.0
2025-12-17 00:00:00-05:00,562.7597654816461,568.9692988661855,560.8093102058361,562.7099609375,3287100,0.0,0.0
2025-12-18 00:00:00-05:00,562.2422342438679,566.3520805673203,560.2917791410832,563.4463500976562,2259000,0.0,0.0
2025-12-19 00:00:00-05:00,563.4562755156959,570.1435070697106,562.4412953929074,569.4369506835938,7262100,0.0,0.0
2025-12-22 00:00:00-05:00,569.4369808372912,576.6217722933915,568.2130037851974,572.8900756835938,2500200,0.0,0.0
2025-12-23 00:00:00-05:00,573.0791493232122,578.880649907402,572.9398180731846,573.536865234375,1794700,0.0,0.0
2025-12-24 00:00:00-05:00,574.4324910053595,579.44786932127,574.1837112344606,576.6217651367188,1058900,0.0,0.0
2025-12-26 00:00:00-05:00,576.9202882510689,578.363223068573,575.8555035440072,576.77099609375,972300,0.0,0.0
2025-12-29 00:00:00-05:00,576.7709383495611,579.1492872962721,574.5916253469325,575.0792846679688,1274900,0.0,0.0
2025-12-30 00:00:00-05:00,573.268198024053,574.9599125526473,571.447113160274,574.6016235351562,1512800,0.0,0.0
2025-12-31 00:00:00-05:00,573.7458974402671,575.1589496335987,567.8348872314888,568.0936279296875,1736500,0.0,0.0
2026-01-02 00:00:00-05:00,567.9244282745939,568.093581510651,556.7591606871052,560.3814086914062,3901900,0.0,0.0
2026-01-05 00:00:00-05:00,556.8885329541652,573.4473289706722,555.7242606406251,565.7948608398438,2865000,0.0,0.0
2026-01-06 00:00:00-05:00,566.2227689497513,578.5323873805928,565.1679451312857,577.5074462890625,4056100,0.0,0.0
2026-01-07 00:00:00-05:00,576.4426255704404,582.4233007170747,574.8006548600157,577.0894165039062,3653900,0.0,0.0
2026-01-08 00:00:00-05:00,574.6912061846187,586.7918269798138,570.7007691185073,577.2387084960938,3390200,0.0,0.0
2026-01-09 00:00:00-05:00,576.1523691287855,579.3415453427215,573.3917903628915,573.591064453125,2221100,0.87,0.0
2026-01-12 00:00:00-05:00,562.120106759135,565.9570455300814,554.0076558867856,564.3624877929688,3486400,0.0,0.0
2026-01-13 00:00:00-05:00,557.0572814407279,557.0572814407279,531.8927836337781,543.14453125,8721600,0.0,0.0
2026-01-14 00:00:00-05:00,542.6562323956907,546.73240973965,536.3277588837174,544.9683837890625,3943700,0.0,0.0
2026-01-15 00:00:00-05:00,546.6626181083366,548.0179982702301,537.174835318124,540.8125,4005600,0.0,0.0
2026-01-16 00:00:00-05:00,538.4106684117223,542.1878739163757,536.8559532047293,537.6632080078125,3496200,0.0,0.0
2026-01-20 00:00:00-05:00,528.8032378022939,534.5935613265553,526.7203491035959,529.9393920898438,4098700,0.0,0.0
2026-01-21 00:00:00-05:00,531.7134338323525,535.5803003865619,522.9930627577661,525.7835693359375,4937700,0.0,0.0
2026-01-22 00:00:00-05:00,528.1256167859415,531.3845636789412,522.036320502706,531.0556640625,5114900,0.0,0.0
2026-01-23 00:00:00-05:00,529.6105320222558,530.338101486175,518.3986263630635,522.963134765625,5002900,0.0,0.0
2026-01-26 00:00:00-05:00,524.9264563020073,528.5939876454976,520.8802068628081,525.57421875,4839700,0.0,0.0
2026-01-27 00:00:00-05:00,525.8633011938227,527.3183184262399,517.7906928354904,518.6477661132812,3850800,0.0,0.0
2026-01-28 00:00:00-05:00,520.1925821531595,522.0562451688579,516.5150746480979,519.6045532226562,5483000,0.0,0.0
2026-01-29 00:00:00-05:00,529.9892229172449,542.3970767083056,518.3487812058779,541.8887939453125,5488300,0.0,0.0
2026-01-30 00:00:00-05:00,539.1780293529827,541.9187172403714,533.417572522911,536.9655151367188,4306900,0.0,0.0
2026-02-02 00:00:00-05:00,539.1580691255213,555.2334539655158,539.1182264733111,553.4893798828125,4603300,0.0,0.0
2026-02-03 00:00:00-05:00,552.4529858895477,558.2133824513234,547.1709445222494,548.8551635742188,5706700,0.0,0.0
2026-02-04 00:00:00-05:00,547.8684856797382,554.715217630343,539.1780425275945,551.6456909179688,4448000,0.0,0.0
2026-02-05 00:00:00-05:00,552.9711783428334,560.0172456637108,548.0878069042582,550.021240234375,4621600,0.0,0.0
2026-02-06 00:00:00-05:00,551.197190637133,554.9045647012864,537.9721063106256,546.8818359375,3779700,0.0,0.0
2026-02-09 00:00:00-05:00,541.8689013086442,544.7092262559487,532.3910945092823,533.5172729492188,4110300,0.0,0.0
2026-02-10 00:00:00-05:00,534.4540758400947,545.1477219257376,533.1883569109134,538.5601196289062,2222700,0.0,0.0
2026-02-11 00:00:00-05:00,536.3277416398079,538.8690946680849,531.3047691497292,535.6400756835938,3691000,0.0,0.0
2026-02-12 00:00:00-05:00,538.101695399235,541.1613071423488,525.3650023426062,525.6739501953125,3466200,0.0,0.0
2026-02-13 00:00:00-05:00,527.268516598842,532.1818155384664,514.2726940027525,516.604736328125,4017700,0.0,0.0
2026-02-17 00:00:00-05:00,513.2560717953911,524.0792823221843,513.2560717953911,520.16259765625,3178000,0.0,0.0
2026-02-18 00:00:00-05:00,520.7207386007042,528.9627542546749,517.6412359991667,526.192138671875,3575900,0.0,0.0
2026-02-19 00:00:00-05:00,523.0328715148239,524.7470788343395,514.3025251351302,518.498291015625,3009400,0.0,0.0
2026-02-20 00:00:00-05:00,518.4883271895454,525.7137772080447,516.8339750532887,524.62744140625,2838500,0.0,0.0
2026-02-23 00:00:00-05:00,518.7075550778931,520.9499361269833,488.34076180188265,494.350341796875,6312300,0.0,0.0
2026-02-24 00:00:00-05:00,492.0681055128485,497.55945748018934,489.59652266539183,496.3136901855469,5292900,0.0,0.0
2026-02-25 00:00:00-05:00,501.1173704894406,508.8112304304583,500.7187310425245,507.6651306152344,4139100,0.0,0.0
2026-02-26 00:00:00-05:00,509.2198444052808,518.139550275927,507.2864111578843,513.0269165039062,4843600,0.0,0.0
2026-02-27 00:00:00-05:00,507.7448671996763,517.0034185248245,505.03407626933733,515.4586791992188,5121100,0.0,0.0
2026-03-02 00:00:00-05:00,507.7548587103437,524.3783407828515,505.62209037395337,519.23583984375,3827000,0.0,0.0
2026-03-03 00:00:00-05:00,511.8707999525178,525.0161384264902,511.2628801324818,522.5445556640625,4199700,0.0,0.0
2026-03-04 00:00:00-05:00,522.3850834207832,524.3783111000616,518.5182776851857,521.1492919921875,3154700,0.0,0.0
2026-03-05 00:00:00-05:00,519.3354191739762,523.5411609786337,511.01371839834417,522.8833618164062,3879300,0.0,0.0
2026-03-06 00:00:00-05:00,517.8804195850827,520.7805390342954,510.46561033742245,520.5712890625,2872900,0.0,0.0
2026-03-09 00:00:00-04:00,514.5218774535628,519.1262288038114,507.3860878678932,515.9669189453125,3546600,0.0,0.0
2026-03-10 00:00:00-04:00,515.1995410262484,517.5714868513976,509.2696764633758,512.97705078125,2759800,0.0,0.0
2026-03-11 00:00:00-04:00,511.3426359996665,513.5650653540313,501.01770100498106,502.2933654785156,2873200,0.0,0.0
2026-03-12 00:00:00-04:00,498.30693132130415,503.907896363077,494.60950240688766,495.62603759765625,2702500,0.0,0.0
2026-03-13 00:00:00-04:00,494.8785300315983,500.1605708344527,493.7224544114146,496.3036804199219,2809300,0.0,0.0
2026-03-16 00:00:00-04:00,496.9315876099652,506.85785293189724,496.9315876099652,506.77813720703125,3450300,0.0,0.0
2026-03-17 00:00:00-04:00,508.8211514150458,515.209479786216,504.78487778600623,504.8645935058594,2834300,0.0,0.0
2026-03-18 00:00:00-04:00,502.04420627088837,502.04420627088837,486.26782305708804,486.8159484863281,3458700,0.0,0.0
2026-03-19 00:00:00-04:00,488.8590025913474,495.39678685156525,485.6598807284206,489.4769287109375,3284500,0.0,0.0
2026-03-20 00:00:00-04:00,490.8024045256165,497.52954774720575,489.3473568781192,494.6393737792969,5762900,0.0,0.0
2026-03-23 00:00:00-04:00,504.3363910086009,505.32305933210245,498.68560791015625,498.68560791015625,2985900,0.0,0.0
2026-03-24 00:00:00-04:00,493.9617018913069,501.02769041919385,491.56980432631326,497.24053955078125,2278900,0.0,0.0
2026-03-25 00:00:00-04:00,499.5925631005439,504.5357592579778,492.8853409715531,501.0575866699219,2422000,0.0,0.0
2026-03-26 00:00:00-04:00,498.815204734244,503.09065622624695,497.36012662392193,499.05438232421875,3995400,0.0,0.0
2026-03-27 00:00:00-04:00,497.7587678351186,498.3567117756297,478.8729244151722,482.6002502441406,3963300,0.0,0.0
2026-03-30 00:00:00-04:00,486.3774239634718,493.8620032165539,485.35091298215303,492.32720947265625,3629500,0.0,0.0
2026-03-31 00:00:00-04:00,498.30692367166904,499.7121528461321,488.9188078474288,497.96807861328125,4417600,0.0,0.0
2026-04-01 00:00:00-04:00,500.52935948805333,501.2967411645667,484.0054856598396,489.98516845703125,4607100,0.0,0.0
2026-04-02 00:00:00-04:00,486.47711747628966,498.1873300695899,486.0983993516747,491.7691345214844,2926000,0.0,0.0
2026-04-06 00:00:00-04:00,492.0780619262817,500.2104341538506,489.5167571703568,499.80181884765625,2466000,0.0,0.0
2026-04-07 00:00:00-04:00,496.6026882726865,500.89809122547007,493.99156503893755,496.59271240234375,3593200,0.0,0.0
2026-04-08 00:00:00-04:00,506.27982655193006,510.0868986888052,504.14705835305307,505.4028015136719,3874900,0.0,0.0
2026-04-09 00:00:00-04:00,503.61575911399495,505.82208253363325,496.9269900902095,502.7272644042969,3301800,0.87,0.0
2026-04-10 00:00:00-04:00,501.16990038575426,503.54592235112034,494.84051397652684,497.82550048828125,2842200,0.0,0.0
2026-04-13 00:00:00-04:00,495.3995738401377,508.0184050537669,494.1716212678326,507.7288818359375,3318100,0.0,0.0
2026-04-14 00:00:00-04:00,507.14987048048,513.1198435517446,505.8420651809317,512.3012084960938,2744600,0.0,0.0
2026-04-15 00:00:00-04:00,515.136449065474,521.5656738515961,512.3411471873799,519.08984375,2910800,0.0,0.0
2026-04-16 00:00:00-04:00,517.1630848653601,521.3560072472516,516.1447723784948,517.6721801757812,2967400,0.0,0.0
2026-04-17 00:00:00-04:00,520.6272897989797,526.5872699856476,517.8718988035894,520.4276123046875,3617200,0.0,0.0
2026-04-20 00:00:00-04:00,519.8885076004997,523.6022528591566,513.6788852082232,515.785400390625,2503500,0.0,0.0
2026-04-21 00:00:00-04:00,516.064911169074,522.2345616371073,509.3162447353658,510.4942626953125,3444900,0.0,0.0
2026-04-22 00:00:00-04:00,511.21305114125954,512.9301434498145,504.8736718600815,509.3062438964844,2288500,0.0,0.0
2026-04-23 00:00:00-04:00,506.5209156502675,508.7970988705705,497.5359770754125,501.5392761230469,2724000,0.0,0.0
2026-04-24 00:00:00-04:00,498.16490223776395,504.7638254971912,494.80054695099955,503.3262634277344,2406900,0.0,0.0
2026-04-27 00:00:00-04:00,499.92196456641676,508.19806892942654,499.92196456641676,505.58245849609375,2531300,0.0,0.0
2026-04-28 00:00:00-04:00,511.3927337208119,516.1347844483354,506.391108362079,506.7704772949219,3892500,0.0,0.0
2026-04-29 00:00:00-04:00,529.1030571189795,533.3160266750201,520.0183102540465,524.3510131835938,5876700,0.0,0.0
2026-04-30 00:00:00-04:00,503.6557115813454,513.2895865328657,498.1249743249343,502.078369140625,5975100,0.0,0.0
2026-05-01 00:00:00-04:00,505.15319847888844,508.14817791651035,491.32637064856624,494.6308288574219,4531800,0.0,0.0
2026-05-04 00:00:00-04:00,494.17160409255035,506.44104497528815,493.05348331752737,503.8952941894531,4419900,0.0,0.0
2026-05-05 00:00:00-04:00,500.1915096501422,503.0367461806949,492.4345239523147,496.24810791015625,4216700,0.0,0.0
2026-05-06 00:00:00-04:00,498.30470057373964,499.9019985900837,488.9104446142212,491.06683349609375,4363300,0.0,0.0
2026-05-07 00:00:00-04:00,491.87548387368145,502.67735356194936,491.87548387368145,500.1016845703125,4964100,0.0,0.0
2026-05-08 00:00:00-04:00,499.293029934125,499.57256013132996,490.9070935514707,494.65081787109375,4143400,0.0,0.0
2026-05-11 00:00:00-04:00,494.1716032465931,500.82046120080076,491.1866168469714,496.9768981933594,3959400,0.0,0.0
2026-05-12 00:00:00-04:00,499.77219023432,505.4626631941628,498.9136441099993,498.9735412597656,3296000,0.0,0.0
2026-05-13 00:00:00-04:00,494.780561947057,497.76557877805425,489.49943691241896,489.81890869140625,3322800,0.0,0.0
2026-05-14 00:00:00-04:00,490.4578405207208,493.67245306164295,487.19332384152165,489.1200866699219,2584900,0.0,0.0
2026-05-15 00:00:00-04:00,492.6741146043095,501.43941982177057,491.50605922521294,493.3729553222656,3416500,0.0,0.0
2026-05-18 00:00:00-04:00,490.6674856541354,505.38283909887537,490.12841127571545,504.9435729980469,4076600,0.0,0.0
2026-05-19 00:00:00-04:00,506.71060128060833,512.0416916577155,497.6657655319323,498.86376953125,3378300,0.0,0.0
2026-05-20 00:00:00-04:00,492.67413208821813,498.8637686293235,489.97863832788033,497.20654296875,3615700,0.0,0.0
2026-05-21 00:00:00-04:00,495.1699375037718,500.5409388779497,489.2498687484,498.78387451171875,2474600,0.0,0.0
2026-05-22 00:00:00-04:00,498.27471141173817,503.4161171218902,496.48772896060603,497.7056884765625,1959300,0.0,0.0
2026-05-26 00:00:00-04:00,495.1699228818507,496.01850646396144,491.23651420228333,492.1849365234375,1947300,0.0,0.0
2026-05-27 00:00:00-04:00,492.1849463213105,498.5143325313906,491.68578308266217,494.2115478515625,2834900,0.0,0.0
2026-05-28 00:00:00-04:00,492.5143885364638,493.75230363884305,485.5360960977515,492.9237060546875,3924100,0.0,0.0
2026-05-29 00:00:00-04:00,493.6724391086357,499.2730359779371,492.0152135134834,493.1533203125,5693100,0.0,0.0
2026-06-01 00:00:00-04:00,493.42287710421857,496.2980623249602,487.83224256016626,494.42120361328125,4653400,0.0,0.0
2026-06-02 00:00:00-04:00,492.2348508236484,493.1632871362614,476.8805847167969,476.8805847167969,5028300,0.0,0.0
2026-06-03 00:00:00-04:00,476.55114553381765,481.1534159268022,463.74259988972767,470.7608337402344,5227200,0.0,0.0
2026-06-04 00:00:00-04:00,478.7574354671122,487.73238060723077,476.6609438045407,480.9537658691406,4020600,0.0,0.0
2026-06-05 00:00:00-04:00,483.1900102096055,493.17327488335764,483.1900102096055,490.2581481933594,4230700,0.0,0.0
2026-06-08 00:00:00-04:00,485.9454109853297,488.70077137462897,482.89053436976525,484.85723876953125,3091900,0.0,0.0
2026-06-09 00:00:00-04:00,483.08021272690826,494.5909157677438,481.19336106478517,494.41119384765625,3309600,0.0,0.0
2026-06-10 00:00:00-04:00,496.6374789814424,497.96523980462445,485.68583619433036,488.2615051269531,3239900,0.0,0.0
2026-06-11 00:00:00-04:00,487.8422271630025,490.64752216777816,483.5793840107489,485.6958312988281,3801000,0.0,0.0
2026-06-12 00:00:00-04:00,488.0618689257409,491.5460186952328,483.72913552972176,489.1600341796875,3984200,0.0,0.0
2026-06-15 00:00:00-04:00,489.67912836315963,492.72401187789814,485.8455584148294,489.81890869140625,3888500,0.0,0.0
2026-06-16 00:00:00-04:00,491.03684439628216,500.66072622012945,488.69080155788726,500.4909973144531,4006000,0.0,0.0
2026-06-17 00:00:00-04:00,502.08831487366655,503.7954750413868,491.5759385594402,492.1649475097656,2927100,0.0,0.0
2026-06-18 00:00:00-04:00,493.94198330363315,495.1599428322381,488.0918047338876,488.9703369140625,6674700,0.0,0.0
2026-06-22 00:00:00-04:00,487.34307291781533,494.8305217449699,482.33148480411586,483.2798767089844,3955600,0.0,0.0
2026-06-23 00:00:00-04:00,488.0119117407287,490.7373539539883,483.60931884727944,487.2532043457031,3936400,0.0,0.0
2026-06-24 00:00:00-04:00,487.26318724492586,497.60586568121545,485.4063145692071,493.5826110839844,3609700,0.0,0.0
2026-06-25 00:00:00-04:00,495.1699448677483,503.95520589654103,487.83223898658815,488.101806640625,3722000,0.0,0.0
2026-06-26 00:00:00-04:00,487.7623444657277,503.51593530405756,487.7623444657277,498.18487548828125,9200900,0.0,0.0
2026-06-29 00:00:00-04:00,501.6590438592268,514.5873836437933,501.6590438592268,508.787109375,4812000,0.0,0.0
2026-06-30 00:00:00-04:00,511.04334170419196,513.1398334985577,506.2913281656718,512.740478515625,4696300,0.0,0.0
2026-07-01 00:00:00-04:00,516.3843571068327,529.5223063997895,512.5607497358377,521.565673828125,4412800,0.0,0.0
2026-07-02 00:00:00-04:00,528.843437305195,538.7268932800773,525.1895894023713,538.4873046875,3900200,0.0,0.0
2026-07-06 00:00:00-04:00,539.8350536753044,540.9831535061015,521.8052797960069,532.2078247070312,3578000,0.0,0.0
2026-07-07 00:00:00-04:00,532.9466632684534,542.7402441213551,529.1130625706223,530.7303466796875,3516600,0.0,0.0
2026-07-08 00:00:00-04:00,530.2211631552688,530.730319410298,516.344461617261,518.989990234375,2723800,0.0,0.0
2026-07-09 00:00:00-04:00,518.030029296875,523.22998046875,515.1099853515625,523.2000122070312,2843700,0.87,0.0
2026-07-10 00:00:00-04:00,527.260009765625,528.9400024414062,519.6500244140625,526.739990234375,1616900,0.0,0.0
2026-07-13 00:00:00-04:00,530.7100219726562,539.9299926757812,530.7100219726562,537.7000122070312,2871500,0.0,0.0
2026-07-14 00:00:00-04:00,534.989990234375,543.4600219726562,532.0599975585938,538.02001953125,3323800,0.0,0.0
2026-07-15 00:00:00-04:00,538.5399780273438,541.239990234375,529.0800170898438,535.2100219726562,3128500,0.0,0.0
2026-07-16 00:00:00-04:00,541.5,551.6799926757812,539.6900024414062,551.5399780273438,2925400,0.0,0.0
2026-07-17 00:00:00-04:00,550.5,551.719970703125,540.22998046875,543.5999755859375,3221600,0.0,0.0
2026-07-20 00:00:00-04:00,540.0,547.9099731445312,538.010009765625,547.4400024414062,2572500,0.0,0.0
2026-07-21 00:00:00-04:00,543.760009765625,544.3400268554688,536.8499755859375,538.2999877929688,2935700,0.0,0.0
2026-07-22 00:00:00-04:00,538.9400024414062,540.0,530.72998046875,531.97998046875,2313200,0.0,0.0
2026-07-23 00:00:00-04:00,527.97998046875,530.8800048828125,523.6099853515625,530.2899780273438,2071700,0.0,0.0
2026-07-24 00:00:00-04:00,531.4600219726562,540.0,529.6900024414062,539.6599731445312,2551600,0.0,0.0
2026-07-27 00:00:00-04:00,543.1799926757812,553.8900146484375,542.02001953125,551.7100219726562,2365000,0.0,0.0
2026-07-28 00:00:00-04:00,561.030029296875,564.6099853515625,557.4299926757812,562.75,3126100,0.0,0.0
2026-07-29 00:00:00-04:00,555.0599975585938,569.989990234375,554.9199829101562,563.3200073242188,3524200,0.0,0.0
2026-07-30 00:00:00-04:00,577.3599853515625,582.6199951171875,567.6300048828125,577.3499755859375,5302500,0.0,0.0
2026-07-31 00:00:00-04:00,567.6799926757812,575.4199829101562,563.4199829101562,573.0999755859375,4577700,0.0,0.0
2026-08-03 00:00:00-04:00,580.0,583.7100219726562,570.780029296875,570.969970703125,3508300,0.0,0.0
2026-08-04 00:00:00-04:00,566.989990234375,573.3499755859375,564.0,571.0999755859375,3207100,0.0,0.0
2026-08-05 00:00:00-04:00,575.739990234375,578.260009765625,568.5999755859375,570.47998046875,2431700,0.0,0.0
2026-08-06 00:00:00-04:00,573.2100219726562,576.3599853515625,566.3699951171875,575.9500122070312,3017000,0.0,0.0
2026-08-07 00:00:00-04:00,572.5700073242188,572.989990234375,561.6199951171875,562.9500122070312,3018500,0.0,0.0
2026-08-10 00:00:00-04:00,561.1099853515625,566.77001953125,559.3599853515625,563.1699829101562,2644100,0.0,0.0
2026-08-11 00:00:00-04:00,562.7100219726562,567.6300048828125,560.0,561.4400024414062,2465000,0.0,0.0
2026-08-12 00:00:00-04:00,557.5599975585938,563.5499877929688,556.0599975585938,559.72998046875,3095200,0.0,0.0
2026-08-13 00:00:00-04:00,565.6099853515625,568.280029296875,557.7000122070312,567.0399780273438,1982600,0.0,0.0
2026-08-14 00:00:00-04:00,567.9500122070312,570.6699829101562,564.4400024414062,569.2899780273438,2473300,0.0,0.0
2026-08-17 00:00:00-04:00,565.239990234375,569.27001953125,561.260009765625,562.260009765625,3019000,0.0,0.0
2026-08-18 00:00:00-04:00,563.8699951171875,578.5,563.1799926757812,574.3099975585938,3907600,0.0,0.0
2026-08-19 00:00:00-04:00,571.5,582.9299926757812,570.3300170898438,573.719970703125,3053200,0.0,0.0
2026-08-20 00:00:00-04:00,572.0700073242188,579.6099853515625,571.7999877929688,573.8499755859375,2612700,0.0,0.0
2026-08-21 00:00:00-04:00,574.5499877929688,582.280029296875,573.0399780273438,580.6300048828125,2200300,0.0,0.0
2026-08-24 00:00:00-04:00,585.0,599.989990234375,584.219970703125,599.8599853515625,3122300,0.0,0.0
2026-08-25 00:00:00-04:00,596.8699951171875,601.22998046875,595.3499755859375,599.3699951171875,3370900,0.0,0.0
2026-08-26 00:00:00-04:00,599.3699951171875,600.489990234375,594.7100219726562,598.469970703125,3110900,0.0,0.0
2026-08-27 00:00:00-04:00,593.760009765625,594.010009765625,588.1099853515625,591.72998046875,3193800,0.0,0.0
2026-08-28 00:00:00-04:00,593.9500122070312,598.02001953125,592.0800170898438,595.2999877929688,1885300,0.0,0.0
2026-08-31 00:00:00-04:00,593.5399780273438,595.1799926757812,588.3800048828125,589.3099975585938,3151800,0.0,0.0
2026-09-01 00:00:00-04:00,589.6500244140625,592.6400146484375,580.8800048828125,581.0999755859375,3310300,0.0,0.0
2026-09-02 00:00:00-04:00,584.0,590.7100219726562,583.7000122070312,588.1400146484375,2290400,0.0,0.0
2026-09-03 00:00:00-04:00,590.6900024414062,592.969970703125,583.8099975585938,585.7100219726562,2238400,0.0,0.0
2026-09-04 00:00:00-04:00,580.72998046875,584.5,578.7100219726562,579.2100219726562,1774100,0.0,0.0
2026-09-08 00:00:00-04:00,572.6699829101562,575.6699829101562,567.010009765625,570.8900146484375,2705400,0.0,0.0
2026-09-09 00:00:00-04:00,569.0,570.8400268554688,565.72998046875,567.5,1825000,0.0,0.0
2026-09-10 00:00:00-04:00,565.0,568.72998046875,563.1699829101562,565.3699951171875,1880100,0.0,0.0
2026-09-11 00:00:00-04:00,568.8800048828125,572.6799926757812,564.25,569.1900024414062,2049300,0.0,0.0
2026-09-14 00:00:00-04:00,575.97998046875,578.9000244140625,565.9600219726562,574.4199829101562,2506300,0.0,0.0
2026-09-15 00:00:00-04:00,571.47998046875,574.0,567.3099975585938,573.27001953125,2127800,0.0,0.0
2026-09-16 00:00:00-04:00,571.5900268554688,573.0399780273438,565.3200073242188,567.75,2385300,0.0,0.0
2026-09-17 00:00:00-04:00,568.0700073242188,569.8599853515625,564.0700073242188,565.72998046875,2070600,0.0,0.0
2026-09-18 00:00:00-04:00,564.9500122070312,568.4299926757812,561.9000244140625,565.239990234375,5439800,0.0,0.0
