Date,open,high,low,close,volume,dividends,stock splits
2016-09-19 00:00:00-04:00,33.70310817034521,34.06485729717682,33.63420169724882,33.78923797607422,19801900,0.0,0.0
2016-09-20 00:00:00-04:00,34.064857203169225,34.10792210591489,33.642816556363705,33.65142822265625,12121300,0.0,0.0
2016-09-21 00:00:00-04:00,33.754772472179695,34.09068647798265,33.754772472179695,34.030391693115234,10994000,0.0,0.0
2016-09-22 00:00:00-04:00,34.1768162524099,34.28017263885066,34.00455341791511,34.030391693115234,9679300,0.0,0.0
2016-09-23 00:00:00-04:00,33.92704763662552,33.95288592121592,33.61697507897472,33.78923797607422,14017300,0.0,0.0
2016-09-26 00:00:00-04:00,33.59113940505186,33.67726921747479,33.384423255338405,33.61697769165039,9840900,0.0,0.0
2016-09-27 00:00:00-04:00,33.50500298427851,34.01317666288444,33.470549751848026,33.849525451660156,10644600,0.0,0.0
2016-09-28 00:00:00-04:00,33.78923349280977,34.02178788019181,33.72894197967084,33.97010803222656,8103500,0.0,0.0
2016-09-29 00:00:00-04:00,33.80645223100801,34.12513633842932,33.66003095768805,33.694480895996094,8795200,0.0,0.0
2016-09-30 00:00:00-04:00,33.8064638095153,33.970111750857846,33.66865415216331,33.83230209350586,12861900,0.0,0.0
2016-10-03 00:00:00-04:00,33.76339022927838,33.81506678397681,33.47054437197186,33.582515716552734,10403500,0.0,0.0
2016-10-04 00:00:00-04:00,33.62558873038092,33.763398385602095,33.38441936951285,33.479164123535156,9199300,0.0,0.0
2016-10-05 00:00:00-04:00,33.68587986454301,33.88398103630884,33.49639035866208,33.720333099365234,8269200,0.0,0.0
2016-10-06 00:00:00-04:00,33.6858802491876,33.79785162081773,33.27245128352407,33.479164123535156,9789100,0.0,0.0
2016-10-07 00:00:00-04:00,33.58292899960532,33.72127254992661,33.384060352166614,33.470523834228516,11442000,0.15,0.0
2016-10-10 00:00:00-04:00,33.60021713775335,33.72126731318972,33.366761814396106,33.3927001953125,9475400,0.0,0.0
2016-10-11 00:00:00-04:00,33.3408316112162,33.418650071422356,32.69234554228851,32.865272521972656,14964000,0.0,0.0
2016-10-12 00:00:00-04:00,32.79608832031784,32.98631187440974,32.545339689627475,32.899845123291016,8944900,0.0,0.0
2016-10-13 00:00:00-04:00,32.73556836294906,33.0209004403382,32.52805142618165,32.8825569152832,14117600,0.0,0.0
2016-10-14 00:00:00-04:00,33.081425920843714,33.36676130000483,33.0209008340586,33.211124420166016,11601200,0.0,0.0
2016-10-17 00:00:00-04:00,33.32351892272769,33.32351892272769,33.03818363470347,33.107357025146484,9419000,0.0,0.0
2016-10-18 00:00:00-04:00,33.375413064821416,33.45323152044989,33.16789938205914,33.21977615356445,7121900,0.0,0.0
2016-10-19 00:00:00-04:00,33.30623639059292,33.40999321158141,33.1246611292706,33.159244537353516,8310900,0.0,0.0
2016-10-20 00:00:00-04:00,32.960375178164355,33.15924378822024,32.86526338675289,32.9344367980957,11197000,0.0,0.0
2016-10-21 00:00:00-04:00,32.84796540365064,32.96036722239716,32.65774186674268,32.796085357666016,13413400,0.0,0.0
2016-10-24 00:00:00-04:00,32.96037793858812,33.219771656108215,32.96037793858812,33.0900764465332,13550500,0.0,0.0
2016-10-25 00:00:00-04:00,33.090081628170445,33.22842518573598,32.94308974292361,33.16790008544922,11627100,0.0,0.0
2016-10-26 00:00:00-04:00,32.98631696716385,33.40999256876431,32.98631696716385,33.12466049194336,9723100,0.0,0.0
2016-10-27 00:00:00-04:00,33.21111489845107,33.34081336058848,32.98630796889766,33.04683303833008,7588900,0.0,0.0
2016-10-28 00:00:00-04:00,33.11602533703416,33.24572388613473,32.88256992767581,33.00362014770508,7803300,0.0,0.0
2016-10-31 00:00:00-04:00,33.12466763968121,33.297594609192934,33.02955582742746,33.21977615356445,10485300,0.0,0.0
2016-11-01 00:00:00-04:00,33.35812798360182,33.35812798360182,33.05549914506303,33.25436782836914,12018200,0.0,0.0
2016-11-02 00:00:00-04:00,33.25435575731286,33.28029743588992,32.83932518214786,32.8825569152832,9488400,0.0,0.0
2016-11-03 00:00:00-04:00,32.847973442384344,33.18518557788628,32.847973442384344,33.12466049194336,12393100,0.0,0.0
2016-11-04 00:00:00-04:00,33.124658412736906,33.358113714592875,33.00360495007968,33.098716735839844,14288900,0.0,0.0
2016-11-07 00:00:00-05:00,33.487813743635904,33.850967587333784,33.479168715667655,33.79908752441406,9506900,0.0,0.0
2016-11-08 00:00:00-05:00,33.85960231481375,34.02388418319461,33.70396547177122,33.83366394042969,7574700,0.0,0.0
2016-11-09 00:00:00-05:00,33.34083100127453,34.3611159949252,33.19383911318724,34.19683074951172,19497300,0.0,0.0
2016-11-10 00:00:00-05:00,34.283288146402754,34.63779362856866,33.98065942363641,34.22276306152344,26707200,0.0,0.0
2016-11-11 00:00:00-05:00,34.18817763226785,34.421632953387814,33.87690387077457,34.11035919189453,12217700,0.0,0.0
2016-11-14 00:00:00-05:00,34.05847409903935,34.300574411814466,33.81637378626424,33.980655670166016,15417100,0.0,0.0
2016-11-15 00:00:00-05:00,33.626162841036866,33.911498286730875,33.44458753834283,33.868263244628906,13594300,0.0,0.0
2016-11-16 00:00:00-05:00,33.807724585915,34.41297865054241,33.65208773220025,34.326515197753906,12597000,0.0,0.0
2016-11-17 00:00:00-05:00,34.41298980140294,34.83666877343785,34.30058463765973,34.80208206176758,13316600,0.0,0.0
2016-11-18 00:00:00-05:00,34.82800561689246,35.00958412666176,34.30057003279429,34.4648551940918,12890600,0.0,0.0
2016-11-21 00:00:00-05:00,34.55996853252968,34.6118452819343,34.30057159203015,34.49079513549805,8073100,0.0,0.0
2016-11-22 00:00:00-05:00,34.663734436035156,34.689672817551596,34.42163407956174,34.663734436035156,10993100,0.0,0.0
2016-11-23 00:00:00-05:00,34.629146805873404,34.67237854003906,34.447571543355714,34.67237854003906,11070100,0.0,0.0
2016-11-25 00:00:00-05:00,34.620497861718505,34.88853656224388,34.620497861718505,34.819366455078125,4013100,0.0,0.0
2016-11-28 00:00:00-05:00,34.69832164928646,35.04417883523572,34.629148233074595,34.84531021118164,12118300,0.0,0.0
2016-11-29 00:00:00-05:00,34.87989856785246,35.2257590685185,34.69832328926936,35.06147384643555,10157400,0.0,0.0
2016-11-30 00:00:00-05:00,35.156576219390224,35.191162919854065,34.75019073486328,34.75019073486328,14374600,0.0,0.0
2016-12-01 00:00:00-05:00,34.681025424503304,34.74155050949369,33.25435516774177,33.46187210083008,22740200,0.0,0.0
2016-12-02 00:00:00-05:00,33.25435372594405,33.57427578801652,32.545342791051446,33.2889404296875,19120300,0.0,0.0
2016-12-05 00:00:00-05:00,33.37540567956905,33.8163779300097,33.323528919542944,33.69532775878906,13681500,0.0,0.0
2016-12-06 00:00:00-05:00,33.72990693219824,34.13629242603163,33.61750510067063,34.127647399902344,13524700,0.0,0.0
2016-12-07 00:00:00-05:00,34.15359871087452,34.90584160703861,34.14495368147129,34.86260986328125,15170600,0.0,0.0
2016-12-08 00:00:00-05:00,34.862607605090076,35.0095994823886,34.65509392914798,34.888545989990234,10109700,0.0,0.0
2016-12-09 00:00:00-05:00,34.94042971534078,35.251703560205044,34.82802453839073,35.03554153442383,11219100,0.0,0.0
2016-12-12 00:00:00-05:00,34.888546249909865,35.19117503560475,34.888546249909865,35.02688980102539,10891400,0.0,0.0
2016-12-13 00:00:00-05:00,34.9922966432416,35.45055891026186,34.9922966432416,35.2430419921875,12493100,0.0,0.0
2016-12-14 00:00:00-05:00,35.33817250184601,35.52839616935285,35.122010442723244,35.34682083129883,25102400,0.0,0.0
2016-12-15 00:00:00-05:00,35.40733963856017,35.5716215868241,35.225764332841514,35.32952117919922,17783500,0.0,0.0
2016-12-16 00:00:00-05:00,34.77614357686667,34.77614357686667,33.51375499150683,33.807735443115234,46224200,0.0,0.0
2016-12-19 00:00:00-05:00,33.74719796639039,33.8855414635486,33.36675417379759,33.634796142578125,15135100,0.0,0.0
2016-12-20 00:00:00-05:00,33.686677182211916,33.81637567035012,33.548333667436964,33.72126388549805,14006400,0.0,0.0
2016-12-21 00:00:00-05:00,33.77314457051004,33.77314457051004,33.38405239720596,33.574275970458984,11966400,0.0,0.0
2016-12-22 00:00:00-05:00,33.66073764800155,33.92877964170998,33.37540230324392,33.686676025390625,11226300,0.0,0.0
2016-12-23 00:00:00-05:00,33.53969233230584,33.738560950534975,33.40134880230428,33.531044006347656,8143600,0.0,0.0
2016-12-27 00:00:00-05:00,33.522400130288894,33.75585546363033,33.51375180403363,33.56563186645508,5073700,0.0,0.0
2016-12-28 00:00:00-05:00,33.60886198700731,33.65209372109529,33.40134834403701,33.444580078125,8264100,0.0,0.0
2016-12-29 00:00:00-05:00,33.38405026236178,33.58291884969558,33.38405026236178,33.45322036743164,5711800,0.0,0.0
2016-12-30 00:00:00-05:00,33.50510214509005,33.600213930531375,33.150596680134846,33.24570846557617,10820200,0.0,0.0
2017-01-03 00:00:00-05:00,33.375928279390024,33.584254711885166,33.24572177561385,33.462730407714844,11051300,0.15,0.0
2017-01-04 00:00:00-05:00,33.462707389638695,33.78387901706213,33.462707389638695,33.62763595581055,9545500,0.0,0.0
2017-01-05 00:00:00-05:00,33.56688775000317,33.809939627100455,33.341200269078925,33.54084777832031,12064700,0.0,0.0
2017-01-06 00:00:00-05:00,33.63632896857235,33.63632896857235,33.315157206226644,33.375919342041016,14829700,0.0,0.0
2017-01-09 00:00:00-05:00,33.44534703861059,34.24393999459245,33.39326712082675,33.879364013671875,15587900,0.0,0.0
2017-01-10 00:00:00-05:00,33.85333643429608,33.91409856812127,33.558204650878906,33.558204650878906,11316600,0.0,0.0
2017-01-11 00:00:00-05:00,33.54084484064773,33.9661831048485,33.54084484064773,33.948822021484375,10403100,0.0,0.0
2017-01-12 00:00:00-05:00,33.87937566265797,34.1311063894567,33.497441785344236,34.02694320678711,11526900,0.0,0.0
2017-01-13 00:00:00-05:00,33.99222316279605,34.13979071613143,33.879377776279355,34.07902526855469,9455300,0.0,0.0
2017-01-17 00:00:00-05:00,33.91409980114683,34.09638620924984,33.7578533624048,33.94013977050781,11081400,0.0,0.0
2017-01-18 00:00:00-05:00,34.096376523594806,34.14845975880971,33.8793680104634,34.018253326416016,10394000,0.0,0.0
2017-01-19 00:00:00-05:00,33.957502235214655,34.18319301648435,33.940141151171744,34.03562545776367,12232400,0.0,0.0
2017-01-20 00:00:00-05:00,34.25262664005485,34.747405838857254,34.243947755552824,34.6085205078125,25439100,0.0,0.0
2017-01-23 00:00:00-05:00,34.51303307508046,34.79948590684175,34.22658355460635,34.4435920715332,13251200,0.0,0.0
2017-01-24 00:00:00-05:00,34.591165558127365,34.89497955014299,34.50436345257322,34.80817413330078,12216500,0.0,0.0
2017-01-25 00:00:00-05:00,34.99913816651254,35.05122140981331,34.67796644437685,34.8515739440918,13164800,0.0,0.0
2017-01-26 00:00:00-05:00,34.90365427073445,34.93837643332755,34.67796683645469,34.83421325683594,10556500,0.0,0.0
2017-01-27 00:00:00-05:00,34.89498434951966,35.05990969727121,34.83422220501706,34.921024322509766,9232700,0.0,0.0
2017-01-30 00:00:00-05:00,34.816861119260814,34.938385408266015,34.556451455494184,34.921024322509766,10589600,0.0,0.0
2017-01-31 00:00:00-05:00,34.9036470173421,34.938369172719526,34.434907853607925,34.81684494018555,10766700,0.0,0.0
2017-02-01 00:00:00-05:00,34.91233914634805,34.91233914634805,34.469639817530656,34.58248519897461,11837000,0.0,0.0
2017-02-02 00:00:00-05:00,34.52171601691789,34.72136345945529,34.44359281668263,34.704002380371094,10120300,0.0,0.0
2017-02-03 00:00:00-05:00,34.782130718571786,35.09462356567383,34.67796753996702,35.09462356567383,12941200,0.0,0.0
2017-02-06 00:00:00-05:00,35.103305927988146,35.103305927988146,34.79081636122041,34.80817413330078,7871300,0.0,0.0
2017-02-07 00:00:00-05:00,34.86024676138341,34.98177099664563,34.75608360419966,34.78212356567383,8848700,0.0,0.0
2017-02-08 00:00:00-05:00,34.77346500481865,35.02519250585505,34.730060628612264,34.73874282836914,8883300,0.0,0.0
2017-02-09 00:00:00-05:00,34.738737889001975,35.11199295453995,34.738737889001975,34.921024322509766,10977100,0.0,0.0
2017-02-10 00:00:00-05:00,35.007817225916845,35.51995417169132,34.90365074864887,35.40711212158203,13168700,0.0,0.0
2017-02-13 00:00:00-05:00,35.49392253492669,35.754332166614276,35.4157993142916,35.66753005981445,12779800,0.0,0.0
2017-02-14 00:00:00-05:00,35.51995825880334,35.73696681115074,35.37239403262522,35.676204681396484,9623000,0.0,0.0
2017-02-15 00:00:00-05:00,35.55467362995212,36.006051729963396,35.49391151180513,35.945289611816406,9243600,0.0,0.0
2017-02-16 00:00:00-05:00,35.98870185326309,36.23175371278832,35.910578632574286,36.10154724121094,10132700,0.0,0.0
2017-02-17 00:00:00-05:00,36.058124442593076,36.50950241088867,36.023402296273545,36.50950241088867,18545300,0.0,0.0
2017-02-21 00:00:00-05:00,36.448754482349855,36.78728726237715,36.396671242619725,36.691802978515625,12394700,0.0,0.0
2017-02-22 00:00:00-05:00,36.683118890141465,36.90880960603942,36.57027684347973,36.90012741088867,11602800,0.0,0.0
2017-02-23 00:00:00-05:00,36.943525563947894,37.31678042189384,36.891442335646126,37.29073715209961,15484000,0.0,0.0
2017-02-24 00:00:00-05:00,37.09978603127403,37.49039880242239,37.047702783186544,37.47303771972656,11426700,0.0,0.0
2017-02-27 00:00:00-05:00,37.55117213596573,37.55117213596573,36.90882844107879,37.0650749206543,13876500,0.0,0.0
2017-02-28 00:00:00-05:00,36.995617756454486,37.10846313290811,36.82201024913069,36.96957778930664,14450300,0.0,0.0
2017-03-01 00:00:00-05:00,37.10845919375854,37.325467727055376,37.05637595370383,37.25602340698242,11402200,0.0,0.0
2017-03-02 00:00:00-05:00,37.17790816286474,37.264710262522954,37.00430065226047,37.22998809814453,9431600,0.0,0.0
2017-03-03 00:00:00-05:00,37.125829377384576,37.22999257174838,36.96958293019474,37.0563850402832,8917100,0.0,0.0
2017-03-06 00:00:00-05:00,36.85673280643864,37.09978464380257,36.71784746135404,36.95221710205078,9196000,0.0,0.0
2017-03-07 00:00:00-05:00,36.9608946423167,37.10845885419027,36.908811402738586,36.97825241088867,9492900,0.0,0.0
2017-03-08 00:00:00-05:00,37.04770442774845,37.14318873117013,36.90013687392729,36.986942291259766,9217100,0.0,0.0
2017-03-09 00:00:00-05:00,37.00430317865007,37.00430317865007,36.67444921711066,36.83937454223633,10308400,0.0,0.0
2017-03-10 00:00:00-05:00,36.99561573187615,37.05637785942111,36.76124610650803,37.047698974609375,12244500,0.0,0.0
2017-03-13 00:00:00-04:00,37.10845975378092,37.13449971855755,36.917491181985724,36.96089553833008,12440800,0.0,0.0
2017-03-14 00:00:00-04:00,36.96089068041797,37.186578071823206,36.813323173075005,37.1431770324707,10291000,0.0,0.0
2017-03-15 00:00:00-04:00,37.23866664476926,37.49907622950654,37.01297590971944,37.36886978149414,18393200,0.0,0.0
2017-03-16 00:00:00-04:00,40.26811202837261,40.78893461300944,39.625768478661826,39.69520950317383,67535400,0.0,0.0
2017-03-17 00:00:00-04:00,39.278547486756956,39.91221205438217,39.15702322875866,39.63444137573242,31688700,0.0,0.0
2017-03-20 00:00:00-04:00,39.643130086459934,39.8861819739856,39.20043399241532,39.26119613647461,21452600,0.0,0.0
2017-03-21 00:00:00-04:00,39.330630327009494,39.40875353653328,38.80980782642168,38.92265319824219,21974500,0.0,0.0
2017-03-22 00:00:00-04:00,39.174377466474596,39.4521480965989,38.74036044299449,38.87924575805664,14339700,0.0,0.0
2017-03-23 00:00:00-04:00,38.783769248537844,39.11362317958788,38.77508705200907,39.01813888549805,16190500,0.0,0.0
2017-03-24 00:00:00-04:00,38.99210641136402,39.13967399165206,38.69697787336531,38.75774002075195,13110200,0.0,0.0
2017-03-27 00:00:00-04:00,38.63620032622575,39.000776407765976,38.50599718454453,38.92265319824219,8933100,0.0,0.0
2017-03-28 00:00:00-04:00,38.91396987595809,39.08757404507032,38.76640235866797,38.792442321777344,14008800,0.0,0.0
2017-03-29 00:00:00-04:00,38.64487838745117,38.827164753072864,38.601477344868,38.64487838745117,10636200,0.0,0.0
2017-03-30 00:00:00-04:00,38.58412023474506,38.84452982831984,38.51467591043838,38.78376770019531,7792500,0.0,0.0
2017-03-31 00:00:00-04:00,38.627526713141954,38.93133739648288,38.592804546106386,38.7230110168457,10652800,0.0,0.0
2017-04-03 00:00:00-04:00,38.78377315351389,39.1049449203726,38.540724606841145,38.7230110168457,16044300,0.0,0.0
2017-04-04 00:00:00-04:00,38.72300378046874,38.83584914660225,38.523356324255595,38.70564270019531,9161300,0.0,0.0
2017-04-05 00:00:00-04:00,38.83585162897093,39.03549909794544,38.54939875308074,38.61884307861328,9445100,0.0,0.0
2017-04-06 00:00:00-04:00,38.653568848556986,38.653568848556986,38.3150359792123,38.34975814819336,11557800,0.0,0.0
2017-04-07 00:00:00-04:00,38.271624903195,38.53203447979492,38.184822814757496,38.44523239135742,13446600,0.0,0.0
2017-04-10 00:00:00-04:00,38.5411345181955,38.75036177822569,38.323190979876514,38.358062744140625,11668600,0.19,0.0
2017-04-11 00:00:00-04:00,38.262160446933564,38.75035508565159,38.14882889542593,38.506256103515625,15422400,0.0,0.0
2017-04-12 00:00:00-04:00,38.645751590092594,38.715491796276915,38.384216671626156,38.514984130859375,8457000,0.0,0.0
2017-04-13 00:00:00-04:00,38.52369863606344,38.75036177822569,38.34062686200857,38.358062744140625,11838300,0.0,0.0
2017-04-17 00:00:00-04:00,38.462667055482385,38.67189427386643,38.358055109067266,38.610870361328125,10999300,0.0,0.0
2017-04-18 00:00:00-04:00,38.541127344590215,38.86368611566413,38.48010343126356,38.811378479003906,10446700,0.0,0.0
2017-04-19 00:00:00-04:00,38.74163659162966,38.8288159897272,38.4278007351405,38.5236930847168,10712000,0.0,0.0
2017-04-20 00:00:00-04:00,38.58472326689165,38.90728210390615,38.506263458638735,38.82010269165039,10880900,0.0,0.0
2017-04-21 00:00:00-04:00,38.87240531637404,39.0031727550842,38.70676944282141,38.7329216003418,11556000,0.0,0.0
2017-04-24 00:00:00-04:00,39.203675018327814,39.22111089613748,38.89855214498911,39.0903434753418,10848900,0.0,0.0
2017-04-25 00:00:00-04:00,39.21240047510646,39.21240047510646,38.881125370269906,38.985740661621094,12436800,0.0,0.0
2017-04-26 00:00:00-04:00,39.0118756463283,39.26469083412437,38.91598000091924,38.95956802368164,10122400,0.0,0.0
2017-04-27 00:00:00-04:00,39.125226901055065,39.177531224531506,38.924719234767856,39.02933120727539,8221000,0.0,0.0
2017-04-28 00:00:00-04:00,39.003165920988906,39.19495391845703,38.81137459796726,39.19495391845703,12962700,0.0,0.0
2017-05-01 00:00:00-04:00,39.238542856722894,39.38674615309351,39.11649503944921,39.273414611816406,9118300,0.0,0.0
2017-05-02 00:00:00-04:00,39.22983098262728,39.534950560048344,39.20367882614946,39.343162536621094,11649600,0.0,0.0
2017-05-03 00:00:00-04:00,39.27342155517387,39.36931723585813,39.02932587747153,39.13393783569336,10695900,0.0,0.0
2017-05-04 00:00:00-04:00,39.194950371730066,39.909804642146824,39.18623409672396,39.639556884765625,15505200,0.0,0.0
2017-05-05 00:00:00-04:00,39.848798070245934,39.90982199848698,39.5436784290407,39.735469818115234,8443400,0.0,0.0
2017-05-08 00:00:00-04:00,39.64827788225342,39.84878548680843,39.595970249326776,39.718021392822266,7559600,0.0,0.0
2017-05-09 00:00:00-04:00,39.66572079284307,39.82264039389206,39.56110883399514,39.648284912109375,6530600,0.0,0.0
2017-05-10 00:00:00-04:00,39.68315536576392,39.718027126082056,39.48264773226582,39.691871643066406,6906100,0.0,0.0
2017-05-11 00:00:00-04:00,39.587248106882804,39.587248106882804,39.203668832257264,39.36930465698242,8996400,0.0,0.0
2017-05-12 00:00:00-04:00,39.23855237137286,39.360603543795385,39.16009256616416,39.29957962036133,7965100,0.0,0.0
2017-05-15 00:00:00-04:00,39.43906411838439,39.543676085518634,39.30829666530073,39.50880432128906,9694000,0.0,0.0
2017-05-16 00:00:00-04:00,39.54367085869714,39.55238713582519,39.360599109021734,39.48264694213867,7944500,0.0,0.0
2017-05-17 00:00:00-04:00,39.482637048072284,39.482637048072284,38.53240345264269,38.558555603027344,18489200,0.0,0.0
2017-05-18 00:00:00-04:00,38.4103637566826,38.71548332741018,38.009345188014194,38.506256103515625,12777600,0.0,0.0
2017-05-19 00:00:00-04:00,38.541131752821514,38.81138291814581,38.506259991059494,38.62831115722656,11519200,0.0,0.0
2017-05-22 00:00:00-04:00,38.64574460790397,38.924712033349024,38.60215324566553,38.90727615356445,9805800,0.0,0.0
2017-05-23 00:00:00-04:00,38.95086822007999,39.09035194723341,38.811384492926564,38.846256256103516,6873700,0.0,0.0
2017-05-24 00:00:00-04:00,38.92471491735082,39.125222561398296,38.79394747205477,39.081634521484375,7653600,0.0,0.0
2017-05-25 00:00:00-04:00,39.22111070629712,39.49135849715476,39.08162701004857,39.40418243408203,7597600,0.0,0.0
2017-05-26 00:00:00-04:00,39.41290152833521,39.62212875044537,39.282137424376,39.45648956298828,6899700,0.0,0.0
2017-05-30 00:00:00-04:00,39.32572615355172,39.630845727065726,39.32572615355172,39.59597396850586,10769800,0.0,0.0
2017-05-31 00:00:00-04:00,39.59598401092023,39.709315592206224,39.45650026685854,39.56983184814453,14757600,0.0,0.0
2017-06-01 00:00:00-04:00,39.68315393983692,39.927249602184595,39.543670229130534,39.91853332519531,8138900,0.0,0.0
2017-06-02 00:00:00-04:00,39.99699000379344,40.16262585811549,39.648279091421664,39.805198669433594,11794600,0.0,0.0
2017-06-05 00:00:00-04:00,39.83134893570038,40.101600046254866,39.81391305835298,40.031856536865234,8617300,0.0,0.0
2017-06-06 00:00:00-04:00,39.866231534858656,39.962127223578285,39.75289996404869,39.761619567871094,7449500,0.0,0.0
2017-06-07 00:00:00-04:00,39.77033648636871,39.79649197270251,39.35188528612768,39.578548431396484,7688700,0.0,0.0
2017-06-08 00:00:00-04:00,39.57854141477986,39.979556661556536,39.500081620797125,39.59597396850586,12889500,0.0,0.0
2017-06-09 00:00:00-04:00,39.57854790595697,39.81392400095467,38.95086945115113,39.25598907470703,12188400,0.0,0.0
2017-06-12 00:00:00-04:00,38.924711727921455,39.099063873291016,38.13139749449553,39.099063873291016,16189900,0.0,0.0
2017-06-13 00:00:00-04:00,39.29084686390487,39.43905014660042,38.89854796918522,39.21238708496094,10705800,0.0,0.0
2017-06-14 00:00:00-04:00,39.36931329214938,39.47392523989201,38.785226314569684,39.06419372558594,12024600,0.0,0.0
2017-06-15 00:00:00-04:00,38.837538939693964,39.07291836666842,38.68061932171099,38.950870513916016,10394600,0.0,0.0
2017-06-16 00:00:00-04:00,39.01188529038695,39.31700485070478,38.82009395215644,39.30828857421875,15930900,0.0,0.0
2017-06-19 00:00:00-04:00,39.46522226755088,39.8836735251415,39.41291461326894,39.86623764038086,12787700,0.0,0.0
2017-06-20 00:00:00-04:00,39.89237654029987,40.38057117460557,39.752892834148795,39.962120056152344,15299600,0.0,0.0
2017-06-21 00:00:00-04:00,40.232370274420724,40.57236159256479,40.17134636221814,40.38928985595703,30757300,0.0,0.0
2017-06-22 00:00:00-04:00,40.38929068077869,45.201480194319586,40.38929068077869,43.8502311706543,63193900,0.0,0.0
2017-06-23 00:00:00-04:00,43.797934165396505,45.1927714562624,43.64973083261764,44.416893005371094,42812500,0.0,0.0
2017-06-26 00:00:00-04:00,44.4517638788608,45.07072270644041,44.25997250812456,44.33843231201172,29453400,0.0,0.0
2017-06-27 00:00:00-04:00,44.242530822753906,44.85277329231646,44.04202320035765,44.242530822753906,17876400,0.0,0.0
2017-06-28 00:00:00-04:00,44.52150055602408,44.538936436125255,44.29484076581697,44.347145080566406,15981600,0.0,0.0
2017-06-29 00:00:00-04:00,44.2512451881627,44.36457673524925,43.571262556750916,43.76305389404297,13929100,0.0,0.0
2017-06-30 00:00:00-04:00,43.74562234016236,44.04202565184535,43.658446264895524,43.710750579833984,13146400,0.0,0.0
2017-07-03 00:00:00-04:00,43.632303873389446,43.70204741497218,42.99590902144496,43.03078079223633,10883200,0.0,0.0
2017-07-05 00:00:00-04:00,43.41435763662217,43.61486531806559,43.074366206107015,43.11795425415039,15775300,0.0,0.0
2017-07-06 00:00:00-04:00,42.93487353009206,43.08307352773702,42.516422369880516,42.58616256713867,14411900,0.0,0.0
2017-07-07 00:00:00-04:00,42.56871803755718,43.10049728441986,42.56871803755718,43.022037506103516,10889400,0.0,0.0
2017-07-10 00:00:00-04:00,42.95230762980916,43.440502292590445,42.90871959263589,43.25742721557617,10098500,0.0,0.0
2017-07-11 00:00:00-04:00,43.17896220850263,43.49280135916914,43.07435026679835,43.48408508300781,9751100,0.0,0.0
2017-07-12 00:00:00-04:00,43.60612456008817,44.007139697862485,43.553816936466426,43.980987548828125,14461400,0.0,0.0
2017-07-13 00:00:00-04:00,44.068169530245754,44.181501067244376,43.806638028024956,43.89381408691406,11959900,0.0,0.0
2017-07-14 00:00:00-04:00,43.82407381206827,44.1553488211413,43.82407381206827,44.07688903808594,9875900,0.0,0.0
2017-07-17 00:00:00-04:00,44.02438974028917,44.260656984538436,43.963135640457665,44.138145446777344,8093600,0.19,0.0
2017-07-18 00:00:00-04:00,44.05064277578964,44.36566578408512,43.8931312716419,44.14690017700195,14104800,0.0,0.0
2017-07-19 00:00:00-04:00,44.155650744661486,44.71569018260925,44.06814583426903,44.6281852722168,13312800,0.0,0.0
2017-07-20 00:00:00-04:00,44.75069251498584,44.85569907280737,44.48817445138288,44.741943359375,8772500,0.0,0.0
2017-07-21 00:00:00-04:00,44.51443251932674,44.75945231168565,44.32192102159331,44.45317840576172,8791900,0.0,0.0
2017-07-24 00:00:00-04:00,44.45317804772152,44.540686307894475,44.28691736054113,44.418174743652344,7639100,0.0,0.0
2017-07-25 00:00:00-04:00,44.54942844239891,44.82944815461436,44.44442188484269,44.77694320678711,10536200,0.0,0.0
2017-07-26 00:00:00-04:00,44.75944489560964,44.79444485606286,44.6456858443664,44.77694320678711,5724500,0.0,0.0
2017-07-27 00:00:00-04:00,44.890701905845404,44.94320685326073,43.91938207630044,44.14690017700195,16508800,0.0,0.0
2017-07-28 00:00:00-04:00,43.919375243158306,44.18189660129264,43.78811790218887,44.01563262939453,8996400,0.0,0.0
2017-07-31 00:00:00-04:00,44.173151502001765,44.190653151346375,43.665617023401374,43.69186782836914,10066600,0.0,0.0
2017-08-01 00:00:00-04:00,43.88437828664963,43.94563238423985,43.59560610821175,43.89312744140625,6066200,0.0,0.0
2017-08-02 00:00:00-04:00,43.980631858354215,44.024387645950654,43.385592536598104,43.55185317993164,8720700,0.0,0.0
2017-08-03 00:00:00-04:00,43.683117096162036,44.1118991771497,43.516856427831286,43.95438766479492,9490100,0.0,0.0
2017-08-04 00:00:00-04:00,43.910631556698064,43.93688236054113,43.63936101062658,43.718116760253906,7025300,0.0,0.0
2017-08-07 00:00:00-04:00,43.753121919386004,43.83187767236483,43.341841505152324,43.4380989074707,8280300,0.0,0.0
2017-08-08 00:00:00-04:00,43.35059049120519,43.604359378947784,42.851805208730724,42.96556091308594,14684300,0.0,0.0
2017-08-09 00:00:00-04:00,42.86055828227688,43.21933375226393,42.75555172323387,42.930564880371094,15872400,0.0,0.0
2017-08-10 00:00:00-04:00,42.843050189067895,42.843050189067895,42.04674361505316,42.09049606323242,13391100,0.0,0.0
2017-08-11 00:00:00-04:00,42.16050012838547,42.388014848164396,41.98548700804142,42.21300506591797,11704600,0.0,0.0
2017-08-14 00:00:00-04:00,42.42301972463156,42.843049226289565,42.41427057043145,42.74679183959961,9229100,0.0,0.0
2017-08-15 00:00:00-04:00,42.78180688315037,42.930569250193656,42.676800313418944,42.729305267333984,10663500,0.0,0.0
2017-08-16 00:00:00-04:00,42.85181202697639,43.158082569122605,42.66804636359011,43.09682846069336,9881200,0.0,0.0
2017-08-17 00:00:00-04:00,43.02682125927629,43.14933281252896,42.484283447265625,42.484283447265625,9661600,0.0,0.0
2017-08-18 00:00:00-04:00,42.396777024750044,42.77305415110784,42.27426881395418,42.545536041259766,10248400,0.0,0.0
2017-08-21 00:00:00-04:00,42.571784644527185,42.843051836528446,42.475527251972686,42.790550231933594,7293400,0.0,0.0
2017-08-22 00:00:00-04:00,42.98306354665101,43.184327495238506,42.86930783968727,43.10557174682617,9233000,0.0,0.0
2017-08-23 00:00:00-04:00,42.93056663982725,43.254338824036594,42.82555673838222,42.93931579589844,6895400,0.0,0.0
2017-08-24 00:00:00-04:00,42.93931640269883,43.10557707518862,42.77305573020904,43.0443229675293,7365500,0.0,0.0
2017-08-25 00:00:00-04:00,43.26307970852234,43.26307970852234,43.00931417379447,43.088069915771484,7853300,0.0,0.0
2017-08-28 00:00:00-04:00,43.21932726033463,43.21932726033463,42.91305678492281,43.088069915771484,6211300,0.0,0.0
2017-08-29 00:00:00-04:00,42.77305757941116,43.37684952591317,42.659298515369215,43.27184295654297,7245900,0.0,0.0
2017-08-30 00:00:00-04:00,43.3155878797108,43.70936661896415,43.193079680409326,43.57810592651367,6957400,0.0,0.0
2017-08-31 00:00:00-04:00,43.64811425049956,44.20815366271765,43.613110952711374,44.041893005371094,12958100,0.0,0.0
2017-09-01 00:00:00-04:00,44.059398449790024,44.52318387532906,44.059398449790024,44.2956657409668,8716800,0.0,0.0
2017-09-05 00:00:00-04:00,44.216902563852756,44.698189560427174,44.16440095557059,44.56692886352539,15610700,0.0,0.0
2017-09-06 00:00:00-04:00,44.69819745308421,44.829454835064794,44.453177664809324,44.636940002441406,15615600,0.0,0.0
2017-09-07 00:00:00-04:00,44.79444847786986,45.31073548990436,44.65443861044179,45.26698303222656,11516800,0.0,0.0
2017-09-08 00:00:00-04:00,45.32822692262487,45.398233509607174,44.96070235526118,45.13571548461914,10356500,0.0,0.0
2017-09-11 00:00:00-04:00,45.398233551832334,46.03702863719989,45.336979457214746,45.93202209472656,16526300,0.0,0.0
2017-09-12 00:00:00-04:00,46.06328867178578,46.28205429301432,45.914529651637636,46.17704772949219,13352400,0.0,0.0
2017-09-13 00:00:00-04:00,45.95827644926493,46.36080434161719,45.897022349911246,46.20329284667969,14463000,0.0,0.0
2017-09-14 00:00:00-04:00,46.168283978402066,46.50080857625976,45.78325778063366,46.19453811645508,21901600,0.0,0.0
2017-09-15 00:00:00-04:00,44.32191624197849,44.365668698649756,42.42302891193977,42.65054702758789,66367900,0.0,0.0
2017-09-18 00:00:00-04:00,42.773054627733224,42.93056613996833,42.08175447271231,42.291770935058594,29434700,0.0,0.0
2017-09-19 00:00:00-04:00,42.43178079472442,42.44052995069321,41.89799215197046,42.038002014160156,23070700,0.0,0.0
2017-09-20 00:00:00-04:00,42.00300404419927,42.16926473349198,41.7317334413649,41.97675323486328,21257300,0.0,0.0
2017-09-21 00:00:00-04:00,41.84549251198562,42.16926473349198,41.84549251198562,41.97675323486328,15656300,0.0,0.0
2017-09-22 00:00:00-04:00,41.93299651610682,42.37928029363039,41.93299651610682,42.14301300048828,15341900,0.0,0.0
2017-09-25 00:00:00-04:00,42.458036988583295,42.475538640840234,41.687980979771964,41.97675323486328,15663600,0.0,0.0
2017-09-26 00:00:00-04:00,42.090491048899146,42.186748426284865,41.90672878557956,41.932979583740234,18679900,0.0,0.0
2017-09-27 00:00:00-04:00,42.046755584234226,42.31802618112304,41.959250662966234,42.14301300048828,14499200,0.0,0.0
2017-09-28 00:00:00-04:00,42.17800459085466,42.22175703933803,42.011740613280864,42.072998046875,12997700,0.0,0.0
2017-09-29 00:00:00-04:00,42.169255288122436,42.65929142725857,41.96799133939638,42.30926513671875,44896600,0.0,0.0
2017-10-02 00:00:00-04:00,42.63304544289266,42.87806187110748,42.50178473457845,42.70304870605469,26097300,0.0,0.0
2017-10-03 00:00:00-04:00,42.83431057209872,42.843059728443514,42.4755350761878,42.60679244995117,12710800,0.0,0.0
2017-10-04 00:00:00-04:00,42.869305976923826,43.04431577637059,42.66803869898372,42.790550231933594,15204500,0.0,0.0
2017-10-05 00:00:00-04:00,42.84305741771956,42.90431152312512,42.44052948559771,42.7993049621582,13886100,0.0,0.0
2017-10-06 00:00:00-04:00,42.56303664580271,42.61554159403936,42.1955120224411,42.353023529052734,16340400,0.0,0.0
2017-10-09 00:00:00-04:00,42.31802749633789,42.510542334829225,42.15176346742305,42.31802749633789,10173000,0.0,0.0
2017-10-10 00:00:00-04:00,42.309228205138915,42.57278169812848,42.16866611879352,42.353153228759766,15630500,0.19,0.0
2017-10-11 00:00:00-04:00,42.30922923387271,42.581569748967,42.30922923387271,42.414649963378906,12588300,0.0,0.0
2017-10-12 00:00:00-04:00,42.40586508361502,42.59035219277969,42.26530299788035,42.370723724365234,11715600,0.0,0.0
2017-10-13 00:00:00-04:00,42.49372211666815,42.792417016869415,42.45858410290596,42.704566955566406,10142300,0.0,0.0
2017-10-16 00:00:00-04:00,42.704565837166854,42.96811936543864,42.59914509611112,42.9241943359375,9378100,0.0,0.0
2017-10-17 00:00:00-04:00,42.88905444771858,43.31074077771739,42.79241736873165,43.21410369873047,14191300,0.0,0.0
2017-10-18 00:00:00-04:00,43.486441821637136,43.71485398089121,43.187746935680345,43.556724548339844,12064100,0.0,0.0
2017-10-19 00:00:00-04:00,43.43372641997742,43.63578421673504,43.21409794290201,43.35466003417969,10048600,0.0,0.0
2017-10-20 00:00:00-04:00,43.52157737956817,43.74120584432021,43.18774117479103,43.266807556152344,15501500,0.0,0.0
2017-10-23 00:00:00-04:00,43.2931689734265,43.62700523275098,43.24046027808288,43.31952667236328,14633400,0.0,0.0
2017-10-24 00:00:00-04:00,43.337087243981735,44.04868127522483,43.26680453156731,43.908119201660156,17562400,0.0,0.0
2017-10-25 00:00:00-04:00,43.8290639795379,44.49673651232896,43.60943547424756,43.662147521972656,20635800,0.0,0.0
2017-10-26 00:00:00-04:00,44.022330869654766,44.18924729966645,43.72363601771607,44.057472229003906,16952900,0.0,0.0
2017-10-27 00:00:00-04:00,44.180456818813,44.77784643051854,43.95204136955054,44.69878005981445,15099500,0.0,0.0
2017-10-30 00:00:00-04:00,44.47915771036747,44.584578435308735,44.13653784086001,44.5230827331543,9049800,0.0,0.0
2017-10-31 00:00:00-04:00,44.567009081380235,45.0501910489342,44.32102626544684,44.71635818481445,14453100,0.0,0.0
2017-11-01 00:00:00-04:00,44.89206886499036,44.953564583472,44.42645746755351,44.487953186035156,10128000,0.0,0.0
2017-11-02 00:00:00-04:00,44.400092120328544,44.54065420651073,44.03111454956,44.17167663574219,10389800,0.0,0.0
2017-11-03 00:00:00-04:00,44.241956914858044,44.312236278441524,44.0662534790029,44.083824157714844,15814500,0.0,0.0
2017-11-06 00:00:00-05:00,44.01355035598217,44.40888232889824,43.943270978166524,44.27710723876953,9678000,0.0,0.0
2017-11-07 00:00:00-05:00,44.30345480086271,44.435233222072725,43.995976286391965,44.35616683959961,6796500,0.0,0.0
2017-11-08 00:00:00-05:00,44.21560976372627,44.575800357742416,44.101402009155834,44.40009689331055,7977900,0.0,0.0
2017-11-09 00:00:00-05:00,44.04869051059343,44.118973237743525,42.64306948024032,43.25802993774414,16195400,0.0,0.0
2017-11-10 00:00:00-05:00,43.047187697183574,43.372236951644815,42.827559188524475,43.328311920166016,9944200,0.0,0.0
2017-11-13 00:00:00-05:00,43.13503701573327,43.42494825076734,43.099899001915674,43.39859390258789,6566700,0.0,0.0
2017-11-14 00:00:00-05:00,43.32830968690166,43.33709670350356,42.959335419979595,43.2228889465332,8498900,0.0,0.0
2017-11-15 00:00:00-05:00,42.9417653913452,43.117468862142346,42.809986950431096,42.88905334472656,9425100,0.0,0.0
2017-11-16 00:00:00-05:00,43.14382255344063,43.59186321345526,43.055969143746154,43.2228889465332,11738500,0.0,0.0
2017-11-17 00:00:00-05:00,43.04719600646238,43.249253871279606,42.91541753532406,42.994483947753906,10035100,0.0,0.0
2017-11-20 00:00:00-05:00,43.08232135108609,43.18774207801779,42.976897272889886,43.06475067138672,11525100,0.0,0.0
2017-11-21 00:00:00-05:00,43.047182854367755,43.135032907442216,42.60792588646605,42.72213363647461,18313300,0.0,0.0
2017-11-22 00:00:00-05:00,42.66064434334578,42.89784354382875,42.537649558777964,42.67821502685547,10618900,0.0,0.0
2017-11-24 00:00:00-05:00,42.941768636903966,43.16139715418378,42.774848818961566,43.055973052978516,6008300,0.0,0.0
2017-11-27 00:00:00-05:00,42.99446588745031,43.24045204016158,42.82754946522051,42.94175720214844,13395600,0.0,0.0
2017-11-28 00:00:00-05:00,42.941768636903966,43.222892870920916,42.915410935970044,43.055973052978516,13930600,0.0,0.0
2017-11-29 00:00:00-05:00,42.915403762335686,42.924190778266585,42.344371723619616,42.62549591064453,14377600,0.0,0.0
2017-11-30 00:00:00-05:00,42.950546363539765,43.33709464530741,42.950546363539765,43.09989547729492,24701100,0.0,0.0
2017-12-01 00:00:00-05:00,43.091115014496246,43.92570406192589,42.95933991306963,43.58308410644531,15899500,0.0,0.0
2017-12-04 00:00:00-05:00,43.76756888550104,43.76756888550104,42.484939200758916,42.52008056640625,13473900,0.0,0.0
2017-12-05 00:00:00-05:00,42.55521784849332,42.73970833933458,42.1423185386701,42.159889221191406,17858900,0.0,0.0
2017-12-06 00:00:00-05:00,42.39707753395636,42.68698871721744,41.84361621343611,42.53763961791992,12974500,0.0,0.0
2017-12-07 00:00:00-05:00,42.71334596236557,42.88026575240606,42.43222177534066,42.62549591064453,13482800,0.0,0.0
2017-12-08 00:00:00-05:00,42.959349179534165,43.65337290645406,42.78364565513362,43.57430648803711,14732300,0.0,0.0
2017-12-11 00:00:00-05:00,43.58308137467693,44.364958321769066,43.53915634362126,44.33860397338867,15852800,0.0,0.0
2017-12-12 00:00:00-05:00,43.92570205117009,44.54944621599308,43.881777019371945,44.2683219909668,17464000,0.0,0.0
2017-12-13 00:00:00-05:00,44.215605920304874,44.3737353381569,43.93447839089187,43.96961975097656,17196900,0.0,0.0
2017-12-14 00:00:00-05:00,44.04869581548301,44.27711135496457,43.87299232771226,44.092620849609375,22259300,0.0,0.0
2017-12-15 00:00:00-05:00,42.590364714928945,42.590364714928945,41.290164201790375,42.43223190307617,75176000,0.0,0.0
2017-12-18 00:00:00-05:00,42.546429565072685,42.91540380417839,41.8875441227285,41.91389846801758,25156800,0.0,0.0
2017-12-19 00:00:00-05:00,42.13354291227071,42.47616293589852,41.94027205481698,42.01055145263672,28664300,0.0,0.0
2017-12-20 00:00:00-05:00,42.063255121898386,42.21260090700874,41.98418872058547,42.08082580566406,11432200,0.0,0.0
2017-12-21 00:00:00-05:00,42.26530478171522,42.26530478171522,41.49221160191338,41.536136627197266,18396800,0.0,0.0
2017-12-22 00:00:00-05:00,41.43949502534171,41.64155615180867,41.377999326421936,41.606414794921875,11197300,0.0,0.0
2017-12-26 00:00:00-05:00,41.61519949290061,41.79968994550987,41.50977877088412,41.667911529541016,7650200,0.0,0.0
2017-12-27 00:00:00-05:00,41.509785165240075,41.70305931143007,41.4219351085709,41.623992919921875,8132200,0.0,0.0
2017-12-28 00:00:00-05:00,41.5537046394091,41.773333102990826,41.5537046394091,41.746978759765625,7777600,0.0,0.0
2017-12-29 00:00:00-05:00,41.755765104881284,42.06324698439768,41.536136627197266,41.536136627197266,9750000,0.0,0.0
2018-01-02 00:00:00-05:00,41.79091666467935,41.99297451130907,40.560995548980976,40.96511459350586,25380000,0.0,0.0
2018-01-03 00:00:00-05:00,41.7557656937538,42.23016401654513,41.67669930662191,41.91389846801758,24165000,0.0,0.0
2018-01-04 00:00:00-05:00,42.15988865991335,42.3355887802573,41.92268947593104,42.326805114746094,19815100,0.0,0.0
2018-01-05 00:00:00-05:00,42.53765272804295,42.72214324300752,42.41466128557688,42.581581115722656,14496400,0.0,0.0
2018-01-08 00:00:00-05:00,42.43221620860668,43.1086722421605,42.11595070187875,43.029605865478516,15075000,0.0,0.0
2018-01-09 00:00:00-05:00,43.43530863395975,43.53232204432612,43.14426840286062,43.26774215698242,14153700,0.19,0.0
2018-01-10 00:00:00-05:00,43.0913542125593,43.45294750832745,42.844413434273484,43.03843688964844,13476600,0.0,0.0
2018-01-11 00:00:00-05:00,43.10016653995411,43.23245814805583,42.72093418533223,43.17072296142578,11687800,0.0,0.0
2018-01-12 00:00:00-05:00,43.37356736101209,43.9468265068544,43.267736093768164,43.66460418701172,15978200,0.0,0.0
2018-01-16 00:00:00-05:00,43.964458633838156,44.14966754168467,43.60286541652267,43.73515701293945,17152600,0.0,0.0
2018-01-17 00:00:00-05:00,44.01738363345432,44.35251993574822,43.96446631278193,44.33488082885742,23183100,0.0,0.0
2018-01-18 00:00:00-05:00,44.26432048318875,44.69647015297201,44.18494619136388,44.299598693847656,17119200,0.0,0.0
2018-01-19 00:00:00-05:00,44.53773137442828,44.62592355617597,44.334886664955754,44.6082878112793,14011500,0.0,0.0
2018-01-22 00:00:00-05:00,44.475986347719115,44.74938743363682,44.33487686951021,44.72292709350586,16840000,0.0,0.0
2018-01-23 00:00:00-05:00,44.758218557234,45.216825338287165,44.599469926703435,45.08453369140625,14141400,0.0,0.0
2018-01-24 00:00:00-05:00,45.29619027636205,45.86062823948054,45.163898656868064,45.37556457519531,17205600,0.0,0.0
2018-01-25 00:00:00-05:00,45.454940503428055,45.90472597006269,45.454940503428055,45.50785446166992,13904300,0.0,0.0
2018-01-26 00:00:00-05:00,45.737150216742165,46.522071838378906,45.64895469703771,46.522071838378906,14909200,0.0,0.0
2018-01-29 00:00:00-05:00,46.45150549832052,46.55734009935446,45.7547795452427,45.80769348144531,12234900,0.0,0.0
2018-01-30 00:00:00-05:00,45.63132058706665,45.85180434772942,44.758203414543374,44.94340896606445,16863500,0.0,0.0
2018-01-31 00:00:00-05:00,44.85522262073661,45.72833654209976,44.85522262073661,45.4990348815918,16806800,0.0,0.0
2018-02-01 00:00:00-05:00,45.29619030525263,45.84298916183297,45.207994770761836,45.5343132019043,11674100,0.0,0.0
2018-02-02 00:00:00-05:00,45.19917695986821,45.34028645092639,44.13203622347098,44.21141052246094,17562200,0.0,0.0
2018-02-05 00:00:00-05:00,44.13203222772227,44.71410924617502,42.385801172364026,42.41225814819336,19725800,0.0,0.0
2018-02-06 00:00:00-05:00,41.74199465436204,43.664610296273466,41.28338794638606,43.56760025024414,25921200,0.0,0.0
2018-02-07 00:00:00-05:00,43.39121035187512,43.964466184736104,43.0560740505573,43.10017013549805,15138000,0.0,0.0
2018-02-08 00:00:00-05:00,43.29419517603628,43.320652153055725,41.28338417898642,41.30984115600586,21255400,0.0,0.0
2018-02-09 00:00:00-05:00,41.962472651584285,42.46517537720422,40.49845719147285,42.09476089477539,23191000,0.0,0.0
2018-02-12 00:00:00-05:00,42.52691463562294,42.76503753334623,42.08594705413142,42.465179443359375,16261600,0.0,0.0
2018-02-13 00:00:00-05:00,42.341705697759046,42.93260400644707,42.13004314264367,42.765037536621094,12633100,0.0,0.0
2018-02-14 00:00:00-05:00,42.500442997800754,43.673418067702116,42.456346924234,43.6116828918457,14271400,0.0,0.0
2018-02-15 00:00:00-05:00,43.832179791583705,44.70529374916714,43.594056885611195,44.661197662353516,14132500,0.0,0.0
2018-02-16 00:00:00-05:00,44.581817615296956,45.102159447001405,44.5289036636657,44.72292709350586,11098800,0.0,0.0
2018-02-20 00:00:00-05:00,44.27313400972374,44.3701473899873,43.79688834169249,43.999732971191406,14144900,0.0,0.0
2018-02-21 00:00:00-05:00,43.98210543456328,44.39661603584829,43.59405517578125,43.59405517578125,13050800,0.0,0.0
2018-02-22 00:00:00-05:00,43.73515701293945,44.14966754168467,43.57640844296533,43.73515701293945,9513200,0.0,0.0
2018-02-23 00:00:00-05:00,43.91154289162904,44.59945109051866,43.761612197531484,44.537715911865234,8866800,0.0,0.0
2018-02-26 00:00:00-05:00,44.617103280054174,45.20799826742553,44.53772897503099,45.128623962402344,12956000,0.0,0.0
2018-02-27 00:00:00-05:00,45.040431996290884,45.33147223751055,44.573007400252415,44.74057388305664,14339600,0.0,0.0
2018-02-28 00:00:00-05:00,45.03160243547027,45.41965262538813,44.687644958496094,44.687644958496094,14947900,0.0,0.0
2018-03-01 00:00:00-05:00,44.94341473335419,44.94341473335419,43.58523378594951,43.84099578857422,16539800,0.0,0.0
2018-03-02 00:00:00-05:00,43.50585355155022,44.44952369741103,43.35592285766626,44.37896728515625,17291000,0.0,0.0
2018-03-05 00:00:00-05:00,44.00857319866079,45.41085047243516,43.96447374182413,45.23446273803711,18771500,0.0,0.0
2018-03-06 00:00:00-05:00,45.47256834093663,45.67541298066046,45.172710316059025,45.41965103149414,13907100,0.0,0.0
2018-03-07 00:00:00-05:00,45.03160102965286,45.69305226082941,45.00514069267164,45.613677978515625,11727300,0.0,0.0
2018-03-08 00:00:00-05:00,45.807710928415844,46.00173773989683,45.39320369159142,45.97528076171875,15864400,0.0,0.0
2018-03-09 00:00:00-05:00,46.169289114117674,46.742548125534,46.03700090216243,46.71609115600586,16218600,0.0,0.0
2018-03-12 00:00:00-04:00,46.724933876044865,47.13062332471863,46.45153270968663,46.654380798339844,14108400,0.0,0.0
2018-03-13 00:00:00-04:00,46.954227468238635,47.16589001391965,46.16048451114605,46.37215042114258,12864400,0.0,0.0
2018-03-14 00:00:00-04:00,46.63673003156871,46.87485291740043,46.01937477544744,46.142845153808594,10885500,0.0,0.0
2018-03-15 00:00:00-04:00,46.05464719219988,46.45151525432938,45.95763380303398,46.18693542480469,14155200,0.0,0.0
2018-03-16 00:00:00-04:00,46.21339210799905,46.469150683201086,46.08110052154143,46.09873962402344,21011500,0.0,0.0
2018-03-19 00:00:00-04:00,46.23985675722557,46.37214836564887,45.42847472990567,45.8165283203125,25777400,0.0,0.0
2018-03-20 00:00:00-04:00,41.27456093895803,42.11239993513798,40.94824590241133,41.49504470825195,68601000,0.0,0.0
2018-03-21 00:00:00-04:00,41.70671266904285,42.38580311576002,41.459768547490384,41.468589782714844,34597700,0.0,0.0
2018-03-22 00:00:00-04:00,41.20401173412543,41.46859160914893,40.33089444580067,40.47200393676758,25610100,0.0,0.0
2018-03-23 00:00:00-04:00,40.5513823818542,40.81596228392949,39.47542030052323,39.50188064575195,21398900,0.0,0.0
2018-03-26 00:00:00-04:00,40.172140234898684,41.133449559141106,40.0310307636482,40.992340087890625,20754800,0.0,0.0
2018-03-27 00:00:00-04:00,41.12463569988477,41.292202161988676,39.68708050835169,40.022216796875,18925300,0.0,0.0
2018-03-28 00:00:00-04:00,39.93402108580964,40.004577510155265,39.25493064090272,39.66944122314453,22156900,0.0,0.0
2018-03-29 00:00:00-04:00,39.96048714855369,40.824783284642706,39.69590388369063,40.34853744506836,14256400,0.0,0.0
2018-04-02 00:00:00-04:00,40.26033355239157,40.43671785855914,39.17555055643406,39.695892333984375,15343300,0.0,0.0
2018-04-03 00:00:00-04:00,39.97811858883828,39.97811858883828,39.060905302847,39.590065002441406,15734600,0.0,0.0
2018-04-04 00:00:00-04:00,38.866885801995515,40.23388475269185,38.840428821346435,40.136871337890625,18505900,0.0,0.0
2018-04-05 00:00:00-04:00,40.33088871375411,40.72776015204164,40.1721401384391,40.53373336791992,12313000,0.0,0.0
2018-04-06 00:00:00-04:00,40.136864097195165,40.348529997151104,39.334303307234286,39.53715133666992,13893600,0.0,0.0
2018-04-09 00:00:00-04:00,39.784097798284485,40.26034361836486,39.58125310402414,39.59889221191406,15200000,0.0,0.0
2018-04-10 00:00:00-04:00,40.172132613759395,40.63073914939906,40.09275834096956,40.410255432128906,14868900,0.0,0.0
2018-04-11 00:00:00-04:00,40.03985015290757,40.560191934974384,40.00457194564185,40.22505569458008,14911400,0.0,0.0
2018-04-12 00:00:00-04:00,40.29562592697428,40.71895450172647,40.260351068982274,40.46319580078125,13970300,0.0,0.0
2018-04-13 00:00:00-04:00,40.842416818430515,41.036440258046454,40.225061558543146,40.63957214355469,12493600,0.0,0.0
2018-04-16 00:00:00-04:00,40.76354930705433,41.082361017239215,40.3827468063607,40.7812614440918,11639000,0.19,0.0
2018-04-17 00:00:00-04:00,41.100075509679534,41.56058096431049,41.08236337162701,41.32147216796875,10762700,0.0,0.0
2018-04-18 00:00:00-04:00,41.33918818703634,41.879396624497176,41.33918818703634,41.693424224853516,11312900,0.0,0.0
2018-04-19 00:00:00-04:00,41.613709108212205,41.7199785371626,41.3568882248582,41.463157653808594,8563200,0.0,0.0
2018-04-20 00:00:00-04:00,41.15321229372348,41.28604826294399,40.7192733531486,40.940670013427734,15675600,0.0,0.0
2018-04-23 00:00:00-04:00,41.07350587398938,41.15320880005335,40.48901887560184,40.55986404418945,14904400,0.0,0.0
2018-04-24 00:00:00-04:00,40.67501406952738,41.06467116103722,40.09938112733993,40.320777893066406,13357000,0.0,0.0
2018-04-25 00:00:00-04:00,40.22334922853185,40.59529742636957,39.89568307152262,40.515594482421875,12637500,0.0,0.0
2018-04-26 00:00:00-04:00,40.816684357206256,40.92295379764295,40.64842412832778,40.70155715942383,12175800,0.0,0.0
2018-04-27 00:00:00-04:00,40.84327439531074,40.84327439531074,40.26764483136984,40.320777893066406,14420800,0.0,0.0
2018-04-30 00:00:00-04:00,40.43588210156087,40.75469380294748,40.3473247970622,40.44473648071289,13896600,0.0,0.0
2018-05-01 00:00:00-04:00,40.19677355560309,40.69270324707031,40.19677355560309,40.69270324707031,8838000,0.0,0.0
2018-05-02 00:00:00-04:00,40.63957105496395,40.807834681480536,40.26762628144413,40.30304718017578,10715200,0.0,0.0
2018-05-03 00:00:00-04:00,40.17020869040883,40.19677520735323,39.39974929481816,39.90453338623047,15370200,0.0,0.0
2018-05-04 00:00:00-04:00,39.7894183407255,40.666147450237936,39.67429110171271,40.48017501831055,10571800,0.0,0.0
2018-05-07 00:00:00-04:00,40.68384588327918,40.94952455735586,40.54215216695247,40.798973083496094,9006000,0.0,0.0
2018-05-08 00:00:00-04:00,40.630712488274355,40.72812755080004,40.33846730069729,40.68384552001953,9830600,0.0,0.0
2018-05-09 00:00:00-04:00,40.94067963029734,41.33919438805895,40.71928291801264,41.25063705444336,11822400,0.0,0.0
2018-05-10 00:00:00-04:00,41.44545780251354,41.71113314275015,41.277197541954244,41.560585021972656,10974200,0.0,0.0
2018-05-11 00:00:00-04:00,41.7199785371626,41.75540280622748,41.30375182126088,41.463157653808594,9498100,0.0,0.0
2018-05-14 00:00:00-04:00,41.45430327566449,41.85281447878954,41.348030468469865,41.463157653808594,9689500,0.0,0.0
2018-05-15 00:00:00-04:00,41.18862888897656,41.46316193521073,40.958377872768075,41.454307556152344,11304900,0.0,0.0
2018-05-16 00:00:00-04:00,41.56058665445965,41.56058665445965,41.13550541773497,41.38346862792969,9874200,0.0,0.0
2018-05-17 00:00:00-04:00,41.34804595230829,41.67571549649633,41.10893711394627,41.2152099609375,10162300,0.0,0.0
2018-05-18 00:00:00-04:00,41.348040420198565,41.43660111417572,40.949529121159024,41.0203742980957,13517300,0.0,0.0
2018-05-21 00:00:00-04:00,41.20634497786457,41.8793927111768,41.17092407998885,41.80854415893555,13416300,0.0,0.0
2018-05-22 00:00:00-04:00,41.83511041096845,42.10078570224082,41.011514643252845,41.06464767456055,18505100,0.0,0.0
2018-05-23 00:00:00-04:00,40.80784236144972,41.59601409216531,40.75470593598457,41.53402328491211,9204400,0.0,0.0
2018-05-24 00:00:00-04:00,41.321473783129264,41.56943696906712,40.86096831049822,41.14435577392578,12497700,0.0,0.0
2018-05-25 00:00:00-04:00,41.17092613333296,41.77312196619274,41.16206837473858,41.62257385253906,11354300,0.0,0.0
2018-05-29 00:00:00-04:00,41.22405265721824,41.44544929165899,40.772405009386716,40.96723175048828,12427800,0.0,0.0
2018-05-30 00:00:00-04:00,41.29489871242543,41.82624925175411,41.117780739901086,41.66684341430664,11906500,0.0,0.0
2018-05-31 00:00:00-04:00,41.56058329348549,41.773122205537284,41.36575314223377,41.374610900878906,13062400,0.0,0.0
2018-06-01 00:00:00-04:00,41.6934202172043,41.9413833928945,41.53401435333348,41.932525634765625,10863200,0.0,0.0
2018-06-04 00:00:00-04:00,42.047649984536875,42.12735291105447,41.82625334179295,41.90595626831055,12178400,0.0,0.0
2018-06-05 00:00:00-04:00,41.91481942869035,41.99451898723662,41.45431394703411,41.737701416015625,13430900,0.0,0.0
2018-06-06 00:00:00-04:00,41.99451323523045,42.339894832849396,41.711125805064626,42.28675842285156,13299100,0.0,0.0
2018-06-07 00:00:00-04:00,42.44615857411457,42.534715867306474,41.994507595400975,42.224761962890625,13714100,0.0,0.0
2018-06-08 00:00:00-04:00,41.985666030722584,42.84468622546864,41.985666030722584,42.66756820678711,14515400,0.0,0.0
2018-06-11 00:00:00-04:00,42.64098597226478,42.85352481376138,42.481580152020335,42.67640686035156,12521100,0.0,0.0
2018-06-12 00:00:00-04:00,42.69413115113219,43.030655020615264,42.6498524947319,42.906673431396484,14713600,0.0,0.0
2018-06-13 00:00:00-04:00,42.60557494564733,43.10150131541153,42.58786280697788,42.74726867675781,18053300,0.0,0.0
2018-06-14 00:00:00-04:00,41.63142824543802,41.64028600403507,40.4358875814623,40.64842987060547,37001300,0.0,0.0
2018-06-15 00:00:00-04:00,40.621856829842635,41.170922960041686,40.019657665152906,40.984947204589844,28120400,0.0,0.0
2018-06-18 00:00:00-04:00,40.57757185699751,41.26832822378257,40.25876018671385,41.19748306274414,21474100,0.0,0.0
2018-06-19 00:00:00-04:00,40.59528699632155,41.10007105221555,40.53329620898331,40.97608947753906,22764900,0.0,0.0
2018-06-20 00:00:00-04:00,38.53186412059319,39.66541704930889,37.699414091746156,37.92081069946289,59129000,0.0,0.0
2018-06-21 00:00:00-04:00,38.23962600861592,38.82411297370187,38.06250802987135,38.16877746582031,32635100,0.0,0.0
2018-06-22 00:00:00-04:00,38.25735237604402,39.231496554153935,38.221928091468385,39.054378509521484,29735100,0.0,0.0
2018-06-25 00:00:00-04:00,38.58501367991981,39.38204309078096,38.51416849797953,39.21377944946289,24640500,0.0,0.0
2018-06-26 00:00:00-04:00,39.373185674318165,39.718563962615555,39.29348273253836,39.32890701293945,20717500,0.0,0.0
2018-06-27 00:00:00-04:00,39.47060070916498,39.6211522115672,38.46988674762358,38.47874450683594,26360100,0.0,0.0
2018-06-28 00:00:00-04:00,38.53187434656885,38.9835254379914,38.39903837363194,38.824119567871094,20918400,0.0,0.0
2018-06-29 00:00:00-04:00,39.001243089502026,39.435178725308845,38.7444221093128,39.01895523071289,22144900,0.0,0.0
2018-07-02 00:00:00-04:00,38.93038153050852,39.82482578275986,38.762121312535356,39.80711364746094,20655500,0.0,0.0
2018-07-03 00:00:00-04:00,39.84255198936755,39.84255198936755,39.42632510845385,39.60344314575195,16783300,0.0,0.0
2018-07-05 00:00:00-04:00,39.98422656578295,40.267613938239606,39.84253287955462,40.2144775390625,21916200,0.0,0.0
2018-07-06 00:00:00-04:00,40.25876290057014,40.905240663004925,40.090502675797644,40.73698043823242,20764300,0.0,0.0
2018-07-09 00:00:00-04:00,40.85211792658518,41.43660504936229,40.790127124036495,41.38346862792969,25125700,0.0,0.0
2018-07-10 00:00:00-04:00,41.47203000699597,41.94138991345012,41.33919064036968,41.61372375488281,27422000,0.0,0.0
2018-07-11 00:00:00-04:00,41.46316555056494,42.29561576266622,41.365750481205716,42.18934631347656,22802600,0.0,0.0
2018-07-12 00:00:00-04:00,42.32219088980926,42.685281316144234,42.286766609619185,42.6410026550293,24857900,0.0,0.0
2018-07-13 00:00:00-04:00,42.48159491611755,43.225487876376945,42.357613319115174,43.06608200073242,25771400,0.0,0.0
2018-07-16 00:00:00-04:00,43.22610416568103,43.22610416568103,42.63043548452331,43.08385467529297,22949600,0.19,0.0
2018-07-17 00:00:00-04:00,42.93270569556968,43.55504833736264,42.80823784551,43.475032806396484,18823100,0.0,0.0
2018-07-18 00:00:00-04:00,43.37724541903261,43.56394723608553,43.03051250407853,43.2438850402832,19234700,0.0,0.0
2018-07-19 00:00:00-04:00,43.03052216437871,43.315021204184845,42.861598527840265,43.06608200073242,16656500,0.0,0.0
2018-07-20 00:00:00-04:00,43.110528682314396,43.306119611441176,42.99494991181083,43.13719940185547,17232900,0.0,0.0
2018-07-23 00:00:00-04:00,43.22610507279072,43.27055740356445,42.71934104068022,43.27055740356445,17990200,0.0,0.0
2018-07-24 00:00:00-04:00,43.34168384599878,43.65285355291034,43.17276363246042,43.27055740356445,19885500,0.0,0.0
2018-07-25 00:00:00-04:00,43.137200765241474,43.537278528479106,43.11941915448698,43.51949691772461,16354900,0.0,0.0
2018-07-26 00:00:00-04:00,43.43059408901052,43.7150931123192,43.35057852673646,43.4483757019043,15229900,0.0,0.0
2018-07-27 00:00:00-04:00,43.55506668373085,43.67064208375804,43.01273934446364,43.23500442504883,14856100,0.0,0.0
2018-07-30 00:00:00-04:00,43.190540446518746,43.190540446518746,42.194790711994436,42.434837341308594,20167300,0.0,0.0
2018-07-31 00:00:00-04:00,42.585975143675384,42.746006214194836,42.132552646705356,42.390380859375,18808100,0.0,0.0
2018-08-01 00:00:00-04:00,42.594871207124946,42.87048107169221,41.919186992421565,42.09699630737305,22933600,0.0,0.0
2018-08-02 00:00:00-04:00,41.8213947377437,42.73712570479285,41.45688017296238,42.58598709106445,14227400,0.0,0.0
2018-08-03 00:00:00-04:00,42.603772251125925,43.101647290350556,42.58599402784668,43.09275817871094,14295800,0.0,0.0
2018-08-06 00:00:00-04:00,42.93271697648775,43.35057295555535,42.87048303510544,43.27055740356445,13529300,0.0,0.0
2018-08-07 00:00:00-04:00,43.51060182778227,43.519494328378165,43.092745870147425,43.10163497924805,11608000,0.0,0.0
2018-08-08 00:00:00-04:00,43.04829242430767,43.226105139171096,42.90604293071602,43.02162170410156,10849400,0.0,0.0
2018-08-09 00:00:00-04:00,42.914940649677234,43.30612595674343,42.914940649677234,43.15498733520508,14708000,0.0,0.0
2018-08-10 00:00:00-04:00,43.00384870204522,43.31502186322122,42.87938079417327,42.95939636230469,10502200,0.0,0.0
2018-08-13 00:00:00-04:00,42.97716833664105,43.19943337698539,42.648217026550135,42.68377685546875,12152100,0.0,0.0
2018-08-14 00:00:00-04:00,42.78157448161095,42.986057913974456,42.62154337950118,42.879371643066406,11513700,0.0,0.0
2018-08-15 00:00:00-04:00,42.763800371960215,42.906049888619904,42.257036256891574,42.53264617919922,14091000,0.0,0.0
2018-08-16 00:00:00-04:00,42.79935334913725,43.07496320544009,42.7104486943274,42.763790130615234,11874300,0.0,0.0
2018-08-17 00:00:00-04:00,42.86158896189532,43.11941721901947,42.66599803536607,42.99494934082031,11412000,0.0,0.0
2018-08-20 00:00:00-04:00,43.03052347380753,43.20833283547508,42.906052172545586,43.048301696777344,11936700,0.0,0.0
2018-08-21 00:00:00-04:00,43.190536341938504,43.24387777127568,43.00383116477417,43.03939437866211,10187600,0.0,0.0
2018-08-22 00:00:00-04:00,42.97717579942304,43.483939908085674,42.88827112444557,43.38614273071289,11639400,0.0,0.0
2018-08-23 00:00:00-04:00,43.38613186840882,43.866225132679574,43.27944560684702,43.52838134765625,11026700,0.0,0.0
2018-08-24 00:00:00-04:00,43.563954609902275,43.91068758354583,43.537283886236125,43.795108795166016,14011700,0.0,0.0
2018-08-27 00:00:00-04:00,43.928453356895325,44.18628156435417,43.82176710920344,43.857330322265625,12253300,0.0,0.0
2018-08-28 00:00:00-04:00,43.910680151039614,43.9462433709055,43.20832182041732,43.2438850402832,15475700,0.0,0.0
2018-08-29 00:00:00-04:00,43.243887143433525,43.652854017295205,43.243887143433525,43.46615219116211,17307700,0.0,0.0
2018-08-30 00:00:00-04:00,43.4661526695715,43.4661526695715,42.950499516743314,43.012733459472656,15154900,0.0,0.0
2018-08-31 00:00:00-04:00,43.01273521740895,43.2350002766679,42.98606110408083,43.190547943115234,17844100,0.0,0.0
2018-09-04 00:00:00-04:00,42.99495360568876,43.41281300237418,42.817140879982475,43.190547943115234,17289000,0.0,0.0
2018-09-05 00:00:00-04:00,43.039400515379725,43.11052695329709,42.48818418750108,42.71044921875,16437700,0.0,0.0
2018-09-06 00:00:00-04:00,42.63043295602755,42.87047959272515,42.248136837378986,42.417057037353516,18456100,0.0,0.0
2018-09-07 00:00:00-04:00,42.194804465339224,42.66600876898663,42.07922905879024,42.505977630615234,20513900,0.0,0.0
2018-09-10 00:00:00-04:00,42.67489504507839,43.608407695890286,42.67489504507839,43.43948745727539,20390600,0.0,0.0
2018-09-11 00:00:00-04:00,43.13720249954219,43.608403333246656,43.13720249954219,43.49282455444336,14877200,0.0,0.0
2018-09-12 00:00:00-04:00,43.341684362022036,43.98180878557046,43.22610558743791,43.86623001098633,17058700,0.0,0.0
2018-09-13 00:00:00-04:00,43.81288030615112,44.23073963521957,43.45725830378009,43.52838134765625,22124400,0.0,0.0
2018-09-14 00:00:00-04:00,43.51060684103114,43.96402946179721,43.51060684103114,43.786216735839844,20066100,0.0,0.0
2018-09-17 00:00:00-04:00,43.839562547820165,44.399668068545864,43.66174981790114,43.72398376464844,29225000,0.0,0.0
2018-09-18 00:00:00-04:00,42.23926108231603,44.04405612745991,42.105904047835146,43.590633392333984,33451100,0.0,0.0
2018-09-19 00:00:00-04:00,43.49282448779424,44.04404426801411,43.261670322037475,43.94624710083008,20904800,0.0,0.0
2018-09-20 00:00:00-04:00,44.150723771788364,45.41319085853488,44.06181911971252,44.83530044555664,26973500,0.0,0.0
2018-09-21 00:00:00-04:00,45.190929793060285,45.44875466324938,44.764177929550286,45.430973052978516,50751900,0.0,0.0
2018-09-24 00:00:00-04:00,45.17314668068561,45.87550160980539,45.08423863228767,45.555442810058594,23906100,0.0,0.0
2018-09-25 00:00:00-04:00,45.68880150968552,46.16889481456201,45.31539786688962,45.98219299316406,18665800,0.0,0.0
2018-09-26 00:00:00-04:00,46.00886981745533,46.32893206317261,45.839949583991576,45.902183532714844,18131000,0.0,0.0
2018-09-27 00:00:00-04:00,45.839941440372314,46.248908285469696,45.63545801782362,45.95551681518555,17993500,0.0,0.0
2018-09-28 00:00:00-04:00,45.822161322003154,46.24001728972463,45.777708992436445,45.839942932128906,16234200,0.0,0.0
2018-10-01 00:00:00-04:00,45.537672411399356,46.22224929087231,45.466545955170226,46.05332565307617,19217800,0.0,0.0
2018-10-02 00:00:00-04:00,45.919956920652695,46.05331390481864,44.5685851205007,44.65748977661133,22406800,0.0,0.0
2018-10-03 00:00:00-04:00,44.088493916821484,44.54191311075815,44.088493916821484,44.230743408203125,21207600,0.0,0.0
2018-10-04 00:00:00-04:00,44.16851336142948,44.25741802956975,43.71509073602531,43.9818115234375,19034000,0.0,0.0
2018-10-05 00:00:00-04:00,43.93734455629519,44.24851759816242,43.670627228619566,43.8751106262207,16900200,0.0,0.0
2018-10-08 00:00:00-04:00,43.80400999534779,44.132961421367,43.47505856932859,43.88402557373047,16295800,0.0,0.0
2018-10-09 00:00:00-04:00,43.66175166513375,43.919579964849696,43.41281586761262,43.4483757019043,19009800,0.0,0.0
2018-10-10 00:00:00-04:00,43.39503533109123,43.54617395719336,42.11478630295094,42.14146041870117,20885400,0.0,0.0
2018-10-11 00:00:00-04:00,42.07922250574517,42.57709406625881,41.33241177347907,41.59023666381836,26387600,0.0,0.0
2018-10-12 00:00:00-04:00,42.141457912326096,42.45262764843886,41.483551824050274,42.12367630004883,23152800,0.0,0.0
2018-10-15 00:00:00-04:00,41.918357904370815,42.507499947812605,41.83802019821284,42.061180114746094,15693400,0.19,0.0
2018-10-16 00:00:00-04:00,42.46287507920963,43.221617548321944,42.37361246113193,43.05201721191406,13600200,0.0,0.0
2018-10-17 00:00:00-04:00,42.33790534208566,43.060944794936184,42.33790534208566,42.72174072265625,15071100,0.0,0.0
2018-10-18 00:00:00-04:00,42.46287808890739,42.97168253934485,42.070117774316444,42.293277740478516,15084800,0.0,0.0
2018-10-19 00:00:00-04:00,42.40039423882121,43.060949247334506,42.266496894954045,42.48073196411133,17768400,0.0,0.0
2018-10-22 00:00:00-04:00,42.71281032771949,43.28410262339501,42.58784130856091,42.793148040771484,16480200,0.0,0.0
2018-10-23 00:00:00-04:00,42.09688742545691,43.132349324270606,42.0611810208064,42.8377799987793,18921500,0.0,0.0
2018-10-24 00:00:00-04:00,42.73959672441451,43.11450382477523,41.68628143509043,41.739837646484375,20028200,0.0,0.0
2018-10-25 00:00:00-04:00,42.32898209388673,43.1055812525476,42.20401305368409,42.81100845336914,19349300,0.0,0.0
2018-10-26 00:00:00-04:00,42.16830997023186,42.909199309454536,41.6952085122622,42.23971939086914,23088700,0.0,0.0
2018-10-29 00:00:00-04:00,42.67711008775609,42.927048142247884,41.36492849137299,41.971923828125,19248700,0.0,0.0
2018-10-30 00:00:00-04:00,42.02548683773524,43.400149653665615,41.88266118917013,43.35551834106445,24438200,0.0,0.0
2018-10-31 00:00:00-04:00,43.7839882988374,44.14104563626884,43.37337474439703,43.596534729003906,21082900,0.0,0.0
2018-11-01 00:00:00-04:00,43.7036353892419,43.95357680069595,43.15019977307571,43.37335968017578,17764900,0.0,0.0
2018-11-02 00:00:00-04:00,43.67686714362294,43.75720486450931,43.06094688692794,43.58760452270508,17289300,0.0,0.0
2018-11-05 00:00:00-05:00,43.7393527574728,43.85539689170016,43.293032831376145,43.757205963134766,13125800,0.0,0.0
2018-11-06 00:00:00-05:00,43.82861562932163,44.15889482821579,43.58760586439462,43.9625129699707,12362700,0.0,0.0
2018-11-07 00:00:00-05:00,44.25708277770051,45.078309756616086,44.158891855188735,44.86407470703125,14329800,0.0,0.0
2018-11-08 00:00:00-05:00,44.82836603310233,45.078304055046615,44.69446871840351,45.01581954956055,11966600,0.0,0.0
2018-11-09 00:00:00-05:00,45.006902281588204,45.363959604902554,44.908714752570205,45.17650604248047,15316100,0.0,0.0
2018-11-12 00:00:00-05:00,44.783742803137905,44.971199772792744,43.83754667460385,43.93573760986328,14374400,0.0,0.0
2018-11-13 00:00:00-05:00,44.15889233255613,44.631990340517405,43.95358558560782,44.19459533691406,13550600,0.0,0.0
2018-11-14 00:00:00-05:00,44.60521881286927,44.60521881286927,43.50727209722161,43.596534729003906,16094000,0.0,0.0
2018-11-15 00:00:00-05:00,44.667697381318895,45.24791122085546,43.78398246182074,45.19435501098633,24922800,0.0,0.0
2018-11-16 00:00:00-05:00,45.105091189946904,45.926321634625495,45.00690026018797,45.6763801574707,20929600,0.0,0.0
2018-11-19 00:00:00-05:00,45.56927630872309,45.61390763257987,44.09642219053905,44.230316162109375,19520500,0.0,0.0
2018-11-20 00:00:00-05:00,43.44477921816336,43.80183651490733,42.81100575133602,43.14128494262695,19389600,0.0,0.0
2018-11-21 00:00:00-05:00,43.52511933827428,43.90002986103125,43.319812573135124,43.400150299072266,13859500,0.0,0.0
2018-11-23 00:00:00-05:00,42.88241174033559,43.84646083970219,42.88241174033559,43.471553802490234,7807300,0.0,0.0
2018-11-26 00:00:00-05:00,43.88216970414502,43.88216970414502,42.93597034910512,43.078792572021484,21603800,0.0,0.0
2018-11-27 00:00:00-05:00,42.77531054471249,42.82887017479811,41.76662971673721,42.34684371948242,28054600,0.0,0.0
2018-11-28 00:00:00-05:00,42.60568681121174,43.06985980215344,42.28433601708674,43.016300201416016,29352900,0.0,0.0
2018-11-29 00:00:00-05:00,43.18591682240714,43.18591682240714,42.346833185549094,42.757450103759766,17052100,0.0,0.0
2018-11-30 00:00:00-05:00,42.927060210883695,43.59654024947817,42.58785603788672,43.52512741088867,22884500,0.0,0.0
2018-12-03 00:00:00-05:00,44.13212643352435,44.73912198927747,43.92681961395371,44.48025894165039,21966600,0.0,0.0
2018-12-04 00:00:00-05:00,44.20353036905484,44.82837900994584,43.480490789647234,43.516197204589844,24643500,0.0,0.0
2018-12-06 00:00:00-05:00,42.62354693376957,42.64140013691484,40.749004870470195,41.66842269897461,39877000,0.0,0.0
2018-12-07 00:00:00-05:00,41.739832774698975,41.989774217584255,40.8918277451983,41.06142807006836,23978000,0.0,0.0
2018-12-10 00:00:00-05:00,41.070357957883836,42.025485729137685,40.472290893472916,41.65950012207031,26375500,0.0,0.0
2018-12-11 00:00:00-05:00,41.936222878442365,42.070120228009365,41.11499578954118,41.472049713134766,22680200,0.0,0.0
2018-12-12 00:00:00-05:00,42.052265830901455,42.94490572234865,41.96299979866617,42.23971939086914,21404000,0.0,0.0
2018-12-13 00:00:00-05:00,42.38254567527563,42.445030201218046,41.7309189010538,42.159385681152344,23295400,0.0,0.0
2018-12-14 00:00:00-05:00,41.757686995807624,41.98084693640968,41.427411237158715,41.59701156616211,21434300,0.0,0.0
2018-12-17 00:00:00-05:00,41.43633957280885,42.159379066174914,40.641890663206425,40.82041931152344,30441100,0.0,0.0
2018-12-18 00:00:00-05:00,42.93597168362914,43.15020672723767,40.561550025624484,40.92753219604492,42855600,0.0,0.0
2018-12-19 00:00:00-05:00,41.114994311356355,42.34683490042044,40.838274721270466,41.4631233215332,34397300,0.0,0.0
2018-12-20 00:00:00-05:00,41.10606534325932,41.90944258853053,40.59726088963784,41.27566909790039,35165200,0.0,0.0
2018-12-21 00:00:00-05:00,41.132842099671095,41.24888281767794,39.15118072719435,39.27614974975586,58768400,0.0,0.0
2018-12-24 00:00:00-05:00,39.070833350339406,39.11546464662467,38.09785610866218,38.106781005859375,17230400,0.0,0.0
2018-12-26 00:00:00-05:00,38.383509506073274,39.8206600579852,37.847927014560334,39.80280685424805,21428900,0.0,0.0
2018-12-27 00:00:00-05:00,39.231516802176095,40.2491255492316,38.794121836347685,40.14200973510742,19048700,0.0,0.0
2018-12-28 00:00:00-05:00,40.29376599638247,40.85613010713448,39.93671206657808,40.008121490478516,39141200,0.0,0.0
2018-12-31 00:00:00-05:00,40.338403057184294,40.615122701444314,40.02598039846459,40.30270004272461,14932600,0.0,0.0
2019-01-02 00:00:00-05:00,39.70462588603371,40.47229681335343,39.677847776292744,40.36518096923828,14320400,0.0,0.0
2019-01-03 00:00:00-05:00,39.94563019090184,40.615110026503544,39.64213252922304,39.972408294677734,19868700,0.0,0.0
2019-01-04 00:00:00-05:00,40.4990644734765,41.90943691188371,40.3919486569995,41.6952018737793,20984000,0.0,0.0
2019-01-07 00:00:00-05:00,41.89158934100933,42.94490465925444,41.48097581834452,42.35576248168945,17967900,0.0,0.0
2019-01-08 00:00:00-05:00,42.784224813710246,43.16806019049863,42.132598184666136,42.739593505859375,16255700,0.0,0.0
2019-01-09 00:00:00-05:00,41.632735632686064,43.05203359312545,41.60595751810386,42.65034484863281,19100200,0.0,0.0
2019-01-10 00:00:00-05:00,42.29328620712459,42.828868871070924,41.846966185452125,42.6860466003418,16652700,0.0,0.0
2019-01-11 00:00:00-05:00,42.55214774635196,43.40015643895731,42.28435642372696,43.105587005615234,16397400,0.0,0.0
2019-01-14 00:00:00-05:00,42.71281627799281,43.1502113111312,42.507509517181184,43.007389068603516,14869400,0.0,0.0
2019-01-15 00:00:00-05:00,42.54138105475413,43.49132331086638,42.48760938381791,43.35689926147461,12142100,0.19,0.0
2019-01-16 00:00:00-05:00,43.536136490726285,43.724332218596444,43.06116192500246,43.070125579833984,14114000,0.0,0.0
2019-01-17 00:00:00-05:00,43.025299198058214,43.83185692110402,42.846067187276006,43.5361213684082,12711200,0.0,0.0
2019-01-18 00:00:00-05:00,43.85876374422397,44.423354442638804,43.79603182424824,44.154502868652344,15930600,0.0,0.0
2019-01-22 00:00:00-05:00,43.76912956029181,44.06486514357317,43.607817998999494,43.85874557495117,13318700,0.0,0.0
2019-01-23 00:00:00-05:00,44.082794007211675,44.3426852651503,43.76017426683486,44.12760543823242,15551200,0.0,0.0
2019-01-24 00:00:00-05:00,44.14552315739292,44.29787449237897,43.79601589645645,44.09175491333008,11442200,0.0,0.0
2019-01-25 00:00:00-05:00,44.4502277173774,44.71908264432867,44.31580367253417,44.62946319580078,16656600,0.0,0.0
2019-01-28 00:00:00-05:00,44.315808128102034,44.566735771943904,44.10072484864275,44.3785400390625,11799100,0.0,0.0
2019-01-29 00:00:00-05:00,44.262034802751394,44.73700594477515,44.08279931299234,44.45919418334961,10838600,0.0,0.0
2019-01-30 00:00:00-05:00,44.683222645076626,45.25677328427251,44.45021556125863,45.131309509277344,13483800,0.0,0.0
2019-01-31 00:00:00-05:00,45.02377230703793,45.25677598613495,44.87142098642583,45.014808654785156,20403600,0.0,0.0
2019-02-01 00:00:00-05:00,45.27470804008817,45.79448714967797,45.06858844329978,45.53459930419922,14849600,0.0,0.0
2019-02-04 00:00:00-05:00,45.14924330285447,45.928913660458896,45.14924330285447,45.731754302978516,12221200,0.0,0.0
2019-02-05 00:00:00-05:00,45.857201836149095,46.03643724130227,45.60627432011325,45.91993713378906,13345500,0.0,0.0
2019-02-06 00:00:00-05:00,45.875138129654225,46.14399301943589,45.677982207414786,45.937870025634766,9220900,0.0,0.0
2019-02-07 00:00:00-05:00,45.51667828152117,45.69591376525181,44.96104794009296,45.005859375,14905000,0.0,0.0
2019-02-08 00:00:00-05:00,44.88935204410892,45.731754302978516,44.64738467410088,45.731754302978516,11535600,0.0,0.0
2019-02-11 00:00:00-05:00,45.66902428869537,46.13503515922887,45.6600640532725,45.91099166870117,9714500,0.0,0.0
2019-02-12 00:00:00-05:00,46.11709928129343,46.197755053661666,45.87513196418869,45.90201950073242,14188500,0.0,0.0
2019-02-13 00:00:00-05:00,45.92892036199713,46.197771895023735,45.660068828970516,46.081268310546875,11342600,0.0,0.0
2019-02-14 00:00:00-05:00,45.919956625929586,46.37700385537851,45.78552916034507,46.13503646850586,11155300,0.0,0.0
2019-02-15 00:00:00-05:00,45.82137774574363,46.350120544433594,45.76760607483816,46.350120544433594,13822200,0.0,0.0
2019-02-19 00:00:00-05:00,46.13503421353136,46.76235665787625,45.9199543814677,46.61896896362305,12357500,0.0,0.0
2019-02-20 00:00:00-05:00,46.60103609151589,46.78923176295234,46.152949206020544,46.39491653442383,13440900,0.0,0.0
2019-02-21 00:00:00-05:00,46.26946759944322,46.91471059691905,46.161924251003306,46.69963073730469,14759500,0.0,0.0
2019-02-22 00:00:00-05:00,46.95055224685211,47.13874795408994,46.78028042867964,47.03120803833008,11689700,0.0,0.0
2019-02-25 00:00:00-05:00,47.27317709767882,47.52410471627285,47.01328582491649,47.1029052734375,14722200,0.0,0.0
2019-02-26 00:00:00-05:00,47.01328436354823,47.389679198371766,46.81612842019524,47.13874816894531,12041300,0.0,0.0
2019-02-27 00:00:00-05:00,47.067053153194664,47.174593062869434,46.83404602716189,46.94158935546875,10674200,0.0,0.0
2019-02-28 00:00:00-05:00,46.78028027256459,47.05809200556981,46.64585281433916,46.71754837036133,31856900,0.0,0.0
2019-03-01 00:00:00-05:00,47.0491299751162,47.25524956286657,46.93262641034177,47.05809020996094,15757700,0.0,0.0
2019-03-04 00:00:00-05:00,47.20147750496318,47.36278907988271,46.215687585905734,46.63689041137695,14850100,0.0,0.0
2019-03-05 00:00:00-05:00,46.6369076867813,47.12980282888994,46.61898379196946,46.923683166503906,16291900,0.0,0.0
2019-03-06 00:00:00-05:00,46.87885901048231,47.27317430478143,46.717547431307175,46.914703369140625,12389300,0.0,0.0
2019-03-07 00:00:00-05:00,46.7802872459807,47.613729406499985,46.7713235908256,47.12083435058594,16624100,0.0,0.0
2019-03-08 00:00:00-05:00,46.91470471326989,47.30005978360309,46.71754876978782,47.291099548339844,15071100,0.0,0.0
2019-03-11 00:00:00-04:00,46.547273802663724,47.65853100654197,46.52038967808542,47.19252014160156,20027700,0.0,0.0
2019-03-12 00:00:00-04:00,47.20149337578255,47.757123840053445,47.12084097983669,47.317996978759766,18048500,0.0,0.0
2019-03-13 00:00:00-04:00,47.550987243652344,47.91841839724455,47.26421187590389,47.550987243652344,19490800,0.0,0.0
2019-03-14 00:00:00-04:00,47.47928318888837,47.85567792829117,47.362779648283755,47.542015075683594,24000300,0.0,0.0
2019-03-15 00:00:00-04:00,46.06333443729761,47.84671837517885,45.704863551791654,47.44343948364258,43340200,0.0,0.0
2019-03-18 00:00:00-04:00,47.38073048780513,48.35756053329029,47.300074670521646,47.90947341918945,21953600,0.0,0.0
2019-03-19 00:00:00-04:00,48.21415413001345,48.73393662210867,48.16934611967504,48.429237365722656,19214000,0.0,0.0
2019-03-20 00:00:00-04:00,48.29481228573596,48.56366377959005,47.05809131164847,47.17459487915039,24111600,0.0,0.0
2019-03-21 00:00:00-04:00,47.165632329840186,48.43819760033752,46.91470131840743,48.429237365722656,16686300,0.0,0.0
2019-03-22 00:00:00-04:00,48.05284603511069,48.28585317554264,47.26421542391781,47.291099548339844,16201500,0.0,0.0
2019-03-25 00:00:00-04:00,47.10290958792516,47.443453267600596,46.80717050866559,47.26422119140625,11755900,0.0,0.0
2019-03-26 00:00:00-04:00,47.75710589547974,47.981149360834436,47.55098631758925,47.74814224243164,11657600,0.0,0.0
2019-03-27 00:00:00-04:00,47.74814183041019,48.07972861768889,46.87885551700482,47.326942443847656,12636000,0.0,0.0
2019-03-28 00:00:00-04:00,47.497216289324314,47.76606777327332,47.309020592423224,47.66748809814453,9103100,0.0,0.0
2019-03-29 00:00:00-04:00,47.91841552719732,48.160382870236084,47.721256191691985,48.13349533081055,11485700,0.0,0.0
2019-04-01 00:00:00-04:00,48.285847488694124,48.97590175619123,48.258959948806464,48.913169860839844,15191700,0.0,0.0
2019-04-02 00:00:00-04:00,48.760828142143644,48.841483940441975,48.28585700696049,48.52782440185547,10812100,0.0,0.0
2019-04-03 00:00:00-04:00,48.53678247314688,48.74290207768712,48.26793096368711,48.447166442871094,12853400,0.0,0.0
2019-04-04 00:00:00-04:00,48.26794159849673,48.527832929643395,47.86466253613694,48.232093811035156,9978800,0.0,0.0
2019-04-05 00:00:00-04:00,48.16040135633575,48.563676997563604,48.16040135633575,48.33067321777344,10016300,0.0,0.0
2019-04-08 00:00:00-04:00,48.15143154982536,48.33066704449573,47.79296397911732,48.14247131347656,10126700,0.0,0.0
2019-04-09 00:00:00-04:00,47.94529647772282,48.48299936983342,47.918412358706775,48.24103546142578,9789000,0.0,0.0
2019-04-10 00:00:00-04:00,48.26805455651164,48.7541566484634,48.250050393779034,48.58312225341797,8477300,0.24,0.0
2019-04-11 00:00:00-04:00,48.65512875831951,48.781154446119345,48.178030530522314,48.42108154296875,8147600,0.0,0.0
2019-04-12 00:00:00-04:00,48.70013107691193,49.06020736694336,48.49308841202355,49.06020736694336,9014000,0.0,0.0
2019-04-15 00:00:00-04:00,49.060213141230314,49.28525999050201,48.889178772003085,49.17723846435547,7694900,0.0,0.0
2019-04-16 00:00:00-04:00,49.21324092473535,49.42928740032197,48.907180521396185,49.14122772216797,7265200,0.0,0.0
2019-04-17 00:00:00-04:00,49.222259279918305,49.357288796340896,48.961204046271035,49.04222106933594,7792200,0.0,0.0
2019-04-18 00:00:00-04:00,49.006199913773436,49.21324259987262,48.81716138741448,49.078216552734375,8233000,0.0,0.0
2019-04-22 00:00:00-04:00,48.97020068138623,49.2222520789618,48.7901624971425,49.16823959350586,6088100,0.0,0.0
2019-04-23 00:00:00-04:00,49.28525303892998,49.63632552484508,49.258248519687875,49.4562873840332,10923400,0.0,0.0
2019-04-24 00:00:00-04:00,49.51031779511329,49.98741612227711,49.47430946711594,49.6723518371582,8769800,0.0,0.0
2019-04-25 00:00:00-04:00,49.64533147596342,49.70834431289206,49.132224984434714,49.51930236816406,8226100,0.0,0.0
2019-04-26 00:00:00-04:00,49.7083373146169,49.95138826595562,49.519295396503495,49.879371643066406,7101600,0.0,0.0
2019-04-29 00:00:00-04:00,49.771363516657516,49.951401688316736,49.58232498168945,49.58232498168945,6443000,0.0,0.0
2019-04-30 00:00:00-04:00,49.56431822824402,49.85237791425235,49.366275906384914,49.807369232177734,10562300,0.0,0.0
2019-05-01 00:00:00-04:00,49.79836006722554,49.88837742167106,49.330262269436496,49.402278900146484,7792700,0.0,0.0
2019-05-02 00:00:00-04:00,49.339264711777275,49.55530773009685,49.02419711197692,49.15022277832031,9652200,0.0,0.0
2019-05-03 00:00:00-04:00,49.33027416774957,49.52831651602729,49.21324883159066,49.32127380371094,11066500,0.0,0.0
2019-05-06 00:00:00-04:00,48.52011067074234,49.510315609352176,48.45709781650042,49.37528610229492,9305400,0.0,0.0
2019-05-07 00:00:00-04:00,48.790157030036625,49.186238243836364,48.29505465430136,48.6101188659668,11712400,0.0,0.0
2019-05-08 00:00:00-04:00,48.92518073952794,48.99719737529119,48.43908218389482,48.60111618041992,10729800,0.0,0.0
2019-05-09 00:00:00-04:00,48.124021813146285,48.92518812019114,47.7819530434943,48.83517074584961,10711800,0.0,0.0
2019-05-10 00:00:00-04:00,48.40307794500758,49.483303534893,48.16902729299545,49.19524383544922,11200300,0.0,0.0
2019-05-13 00:00:00-04:00,48.35807056362026,48.565113263551886,48.0610070589732,48.097015380859375,10664700,0.0,0.0
2019-05-14 00:00:00-04:00,48.28605658082172,49.168239911993325,48.03400518161348,48.727149963378906,11520800,0.0,0.0
2019-05-15 00:00:00-04:00,48.52909655479787,49.33926648750914,48.46608371935832,49.114219665527344,8573000,0.0,0.0
2019-05-16 00:00:00-04:00,49.42929217066542,49.645338667102344,49.105224142981314,49.186241149902344,10013800,0.0,0.0
2019-05-17 00:00:00-04:00,48.7811480704719,49.43828438092856,48.7811480704719,49.06020736694336,9057100,0.0,0.0
2019-05-20 00:00:00-04:00,48.5651132576805,48.93418997211271,48.18703274580655,48.30405807495117,9820200,0.0,0.0
2019-05-21 00:00:00-04:00,48.79916521624428,48.853177704306994,48.63713118599905,48.76315689086914,8482000,0.0,0.0
2019-05-22 00:00:00-04:00,48.81716184100533,49.10522153164094,48.646127472797424,48.790157318115234,8389700,0.0,0.0
2019-05-23 00:00:00-04:00,48.35806360642546,48.35806360642546,47.2688343467011,47.781944274902344,11213900,0.0,0.0
2019-05-24 00:00:00-04:00,48.05200642742939,48.13302343425006,47.340857526886005,47.502891540527344,9090700,0.0,0.0
2019-05-28 00:00:00-04:00,47.781940782383074,47.96197548486823,46.58469009399414,46.58469009399414,28230400,0.0,0.0
2019-05-29 00:00:00-04:00,46.29663821196558,46.63871038513881,45.95456603879234,46.53068542480469,12448700,0.0,0.0
2019-05-30 00:00:00-04:00,46.746735841706865,46.836753215611,46.32364662968352,46.55769729614258,8569500,0.0,0.0
2019-05-31 00:00:00-04:00,46.125607113745154,46.23362864779815,45.46846724390428,45.54948425292969,11847100,0.0,0.0
2019-06-03 00:00:00-04:00,45.51347779432074,45.98157567099457,44.91035042928122,45.22541809082031,17434400,0.0,0.0
2019-06-04 00:00:00-04:00,45.7205210177322,47.02579349583199,45.57649116432452,46.82775115966797,17073200,0.0,0.0
2019-06-05 00:00:00-04:00,47.511900487510474,47.92598939381603,46.67472574376648,46.89977264404297,15855300,0.0,0.0
2019-06-06 00:00:00-04:00,46.89077228822534,47.47589560263702,46.68372955200328,47.34086608886719,10266900,0.0,0.0
2019-06-07 00:00:00-04:00,47.5298882121199,48.08800337026241,47.511884054251816,47.943973541259766,11591800,0.0,0.0
2019-06-10 00:00:00-04:00,48.3220614854584,48.979197896854785,48.223040318792464,48.61912155151367,12984600,0.0,0.0
2019-06-11 00:00:00-04:00,49.0602243047707,49.15924549041307,48.46610062485964,48.55611801147461,11288400,0.0,0.0
2019-06-12 00:00:00-04:00,48.32205981287805,48.65512818872738,48.09701296331507,48.26804733276367,10235400,0.0,0.0
2019-06-13 00:00:00-04:00,48.59210919698922,48.59210919698922,48.10600723929566,48.46608352661133,11289100,0.0,0.0
2019-06-14 00:00:00-04:00,48.259042373778236,48.45708468139472,47.961978912353516,47.961978912353516,12973000,0.0,0.0
2019-06-17 00:00:00-04:00,48.01600006297363,48.20503860861327,47.66492749708781,47.826961517333984,15207900,0.0,0.0
2019-06-18 00:00:00-04:00,47.58390668826644,48.25004344370625,47.17882166998957,47.61991500854492,20999700,0.0,0.0
2019-06-19 00:00:00-04:00,47.48488020706536,47.8269523435205,47.034786555813554,47.42186737060547,35449500,0.0,0.0
2019-06-20 00:00:00-04:00,50.392505308466454,51.73378644647559,49.98742017054803,51.30169677734375,54173900,0.0,0.0
2019-06-21 00:00:00-04:00,51.436708111760666,51.445711908877854,50.46450749359403,50.518516540527344,45169000,0.0,0.0
2019-06-24 00:00:00-04:00,50.6355476897316,51.58074389315136,50.3204834332393,51.07664108276367,19544200,0.0,0.0
2019-06-25 00:00:00-04:00,51.19365228707118,51.47271159445368,50.46450275046417,50.47350311279297,25462100,0.0,0.0
2019-06-26 00:00:00-04:00,50.79758450018142,51.17566162868649,50.626550099278134,51.0046272277832,15045200,0.0,0.0
2019-06-27 00:00:00-04:00,51.31068420965985,51.66175676271618,51.09463771257918,51.103641510009766,12605800,0.0,0.0
2019-06-28 00:00:00-04:00,51.22067473559434,51.382708774899655,50.73457261767842,51.283687591552734,42570500,0.0,0.0
2019-07-01 00:00:00-04:00,51.44571321248145,52.291888163988645,51.337688247992624,52.219871520996094,20413000,0.0,0.0
2019-07-02 00:00:00-04:00,52.10285109766762,52.71497884461163,52.00382992772923,52.62495803833008,17569600,0.0,0.0
2019-07-03 00:00:00-04:00,52.61595064166794,53.06604431108522,52.5529378026649,52.98502731323242,9989100,0.0,0.0
2019-07-05 00:00:00-04:00,52.687961485315434,53.5791484218152,52.51692713480992,53.363101959228516,13838900,0.0,0.0
2019-07-08 00:00:00-04:00,53.282086198463844,53.7141756996979,53.12005220625831,53.58815002441406,16105600,0.0,0.0
2019-07-09 00:00:00-04:00,53.29109970493921,53.67818059752295,53.120061885367065,53.65117263793945,14348600,0.0,0.0
2019-07-10 00:00:00-04:00,53.95723640045174,54.46134262626965,53.78620201520019,54.146278381347656,16059100,0.0,0.0
2019-07-11 00:00:00-04:00,54.17327358310957,54.200278104042894,53.47112856730592,54.00223922729492,11150200,0.0,0.0
2019-07-12 00:00:00-04:00,54.09226133562417,54.09226133562417,53.3811124611097,53.8402099609375,11234300,0.0,0.0
2019-07-15 00:00:00-04:00,53.87620969190343,53.87620969190343,53.33609867384639,53.58815002441406,10721600,0.0,0.0
2019-07-16 00:00:00-04:00,53.47969602198184,53.75988496440269,52.95547566423258,52.97355270385742,9698900,0.24,0.0
2019-07-17 00:00:00-04:00,53.14528635701836,53.28086244800918,52.413185119628906,52.413185119628906,9090900,0.0,0.0
2019-07-18 00:00:00-04:00,52.142030033912604,52.54875483639179,52.06068507341677,52.530677795410156,11882300,0.0,0.0
2019-07-19 00:00:00-04:00,52.70240112531063,52.90124165463292,51.988373614439126,52.00645065307617,11663500,0.0,0.0
2019-07-22 00:00:00-04:00,52.31376315901663,52.494530131217,52.015497137709545,52.06068801879883,8761700,0.0,0.0
2019-07-23 00:00:00-04:00,52.47645908403865,52.54876381247284,51.92512130737305,51.92512130737305,8141100,0.0,0.0
2019-07-24 00:00:00-04:00,51.92511599044986,52.621066600564916,51.86184806660697,52.521644592285156,10778700,0.0,0.0
2019-07-25 00:00:00-04:00,52.75662706150973,52.991625108234274,52.49451862948346,52.684322357177734,8175900,0.0,0.0
2019-07-26 00:00:00-04:00,52.72952118539177,53.00971014558539,52.60298534783432,52.8741340637207,6057200,0.0,0.0
2019-07-29 00:00:00-04:00,53.136248376362026,53.136248376362026,52.241453781008765,52.4764518737793,7439300,0.0,0.0
2019-07-30 00:00:00-04:00,52.20530082573306,52.55779797250457,51.90703825273344,51.96126937866211,6367200,0.0,0.0
2019-07-31 00:00:00-04:00,52.31375529902423,52.31375529902423,50.27109468139749,50.88570022583008,11966700,0.0,0.0
2019-08-01 00:00:00-04:00,50.88570723474117,51.38281381619154,50.18071984460584,50.506099700927734,10215200,0.0,0.0
2019-08-02 00:00:00-04:00,50.78628744022671,50.78628744022671,49.71072926641336,50.469947814941406,12644400,0.0,0.0
2019-08-05 00:00:00-04:00,49.80110763627134,49.80110763627134,48.52670552896318,48.58997344970703,16204600,0.0,0.0
2019-08-06 00:00:00-04:00,48.9876653892673,49.21362325227329,48.45440469465943,48.77074432373047,13149500,0.0,0.0
2019-08-07 00:00:00-04:00,48.02055393630057,48.87015404634116,47.87594107825446,48.210357666015625,16344100,0.0,0.0
2019-08-08 00:00:00-04:00,48.55381908257423,49.4847642286808,48.55381908257423,49.39438247680664,12460700,0.0,0.0
2019-08-09 00:00:00-04:00,49.02380972851551,49.2316905074115,48.37305010912446,48.71650695800781,8471300,0.0,0.0
2019-08-12 00:00:00-04:00,48.51766845777067,48.617090460618066,47.903062847298635,48.12902069091797,6580100,0.0,0.0
2019-08-13 00:00:00-04:00,48.029592118980965,49.02380856363119,47.903056295515555,48.7797737121582,11014800,0.0,0.0
2019-08-14 00:00:00-04:00,48.219408930052836,48.23748597371316,47.21615886573154,47.2884635925293,12489200,0.0,0.0
2019-08-15 00:00:00-04:00,47.58671707857837,47.64998499076541,46.963071304388066,47.53248596191406,11257000,0.0,0.0
2019-08-16 00:00:00-04:00,48.06575055004216,48.53574325679933,47.91209743060092,48.43632125854492,9913100,0.0,0.0
2019-08-19 00:00:00-04:00,49.00573895903635,49.14131159852595,48.58997390020943,48.689395904541016,8273100,0.0,0.0
2019-08-20 00:00:00-04:00,48.3730412437466,48.66226692205978,47.81266692299508,47.884971618652344,7577800,0.0,0.0
2019-08-21 00:00:00-04:00,48.382088314653075,48.74362221325937,48.056708495475974,48.11997985839844,6113100,0.0,0.0
2019-08-22 00:00:00-04:00,48.42727272632615,48.55380853058763,47.80362705126303,48.07477569580078,6744900,0.0,0.0
2019-08-23 00:00:00-04:00,47.95729906893186,48.19229373422534,46.32136286600163,46.61962890625,11374500,0.0,0.0
2019-08-26 00:00:00-04:00,47.12576271744333,47.288452624809636,46.845577225301255,47.11672592163086,8582300,0.0,0.0
2019-08-27 00:00:00-04:00,47.39691359411182,47.55960350896214,47.198073046505904,47.351722717285156,13853100,0.0,0.0
2019-08-28 00:00:00-04:00,47.18000603675353,47.18000603675353,46.6557821001532,46.95404815673828,7499000,0.0,0.0
2019-08-29 00:00:00-04:00,47.586719646849154,47.731332517916144,47.080572874193294,47.14384078979492,6858000,0.0,0.0
2019-08-30 00:00:00-04:00,47.45114370204563,47.49633457790758,46.77327022058783,47.05345916748047,7920000,0.0,0.0
2019-09-03 00:00:00-04:00,46.945001671443784,46.99923279666348,46.59250797712372,46.899810791015625,10128000,0.0,0.0
2019-09-04 00:00:00-04:00,47.31556060490314,48.020551265530486,47.198065034667174,47.875938415527344,10558300,0.0,0.0
2019-09-05 00:00:00-04:00,48.562851420342525,49.10515222533037,48.472469676765805,48.66227340698242,10414500,0.0,0.0
2019-09-06 00:00:00-04:00,48.89726469707451,48.93341877119341,48.02958760527453,48.047664642333984,11636100,0.0,0.0
2019-09-09 00:00:00-04:00,48.46342218048585,49.42148437908745,48.3097725498327,49.29494857788086,17803800,0.0,0.0
2019-09-10 00:00:00-04:00,49.294953839380554,50.13551712036133,48.933419984908824,50.13551712036133,19976400,0.0,0.0
2019-09-11 00:00:00-04:00,49.95475864095669,50.87666702270508,49.85533664177163,50.87666702270508,16749400,0.0,0.0
2019-09-12 00:00:00-04:00,49.11419088268929,49.602260591330506,47.8126751074887,48.70746612548828,28184400,0.0,0.0
2019-09-13 00:00:00-04:00,48.806890443313954,49.45765008586784,48.201325124259604,48.5809326171875,14736700,0.0,0.0
2019-09-16 00:00:00-04:00,48.26458865530529,48.418238308148915,47.71325105798639,48.02959060668945,15204200,0.0,0.0
2019-09-17 00:00:00-04:00,48.06574955648604,48.08382659650799,47.3155679108681,47.785560607910156,11111400,0.0,0.0
2019-09-18 00:00:00-04:00,47.74037336563123,47.758450407029144,46.8726960655899,47.50537872314453,8911800,0.0,0.0
2019-09-19 00:00:00-04:00,47.35172207331723,48.508625053992326,47.35172207331723,48.23747634887695,14855000,0.0,0.0
2019-09-20 00:00:00-04:00,48.54478320372583,49.03285298255527,48.282671272742256,48.32786560058594,59517000,0.0,0.0
2019-09-23 00:00:00-04:00,48.056711524362356,48.960542880001384,47.957292971430185,48.82497024536133,13863100,0.0,0.0
2019-09-24 00:00:00-04:00,48.93343379572292,49.24977686962992,48.01152530968166,48.21940612792969,15354800,0.0,0.0
2019-09-25 00:00:00-04:00,48.18324395990929,48.761695393622325,47.80363305163355,48.66227340698242,11607200,0.0,0.0
2019-09-26 00:00:00-04:00,48.906320420671406,49.10516444342656,48.32786884303101,48.77074432373047,13324300,0.0,0.0
2019-09-27 00:00:00-04:00,48.97861875378479,49.34918946285305,48.46343516917386,48.88823699951172,12391100,0.0,0.0
2019-09-30 00:00:00-04:00,49.03285138610144,49.96379658560613,48.85208442414168,49.73783874511719,17445100,0.0,0.0
2019-10-01 00:00:00-04:00,49.7468855180456,50.289183027250104,48.58094208062809,48.62613296508789,16443200,0.0,0.0
2019-10-02 00:00:00-04:00,48.3549786714289,48.40920979527457,47.61383721808678,48.038639068603516,15923700,0.0,0.0
2019-10-03 00:00:00-04:00,47.95729446919396,48.69843592813726,47.848832220682915,48.68035888671875,11268500,0.0,0.0
2019-10-04 00:00:00-04:00,48.80689772543312,49.87341909970523,48.66228483304927,49.83726501464844,13659500,0.0,0.0
2019-10-07 00:00:00-04:00,49.773995527030934,50.0361074636985,49.484769751343684,49.52996063232422,12352100,0.0,0.0
2019-10-08 00:00:00-04:00,49.069002328870916,49.44860982164229,48.59900963698054,48.852081298828125,14771500,0.0,0.0
2019-10-09 00:00:00-04:00,49.160767226531114,49.923372042929664,49.07905944394479,49.50575256347656,12803100,0.24,0.0
2019-10-10 00:00:00-04:00,49.43311104023524,50.477150778643306,49.342322717403846,50.377288818359375,13789000,0.0,0.0
2019-10-11 00:00:00-04:00,50.76766488550138,52.04775422293365,50.57701460839371,51.648292541503906,18675200,0.0,0.0
2019-10-14 00:00:00-04:00,51.59383095227583,51.93881623159114,51.21252687616309,51.25791931152344,11079600,0.0,0.0
2019-10-15 00:00:00-04:00,51.41225822598736,51.584750867249994,51.15805435180664,51.15805435180664,9150100,0.0,0.0
2019-10-16 00:00:00-04:00,50.64965361931867,50.84938102975942,50.43176507866774,50.731361389160156,8912300,0.0,0.0
2019-10-17 00:00:00-04:00,50.849362878075084,51.05817424230245,49.92334643472586,49.98689651489258,9917700,0.0,0.0
2019-10-18 00:00:00-04:00,49.88704546656125,50.16848062735053,49.18799092038485,49.52389907836914,12562900,0.0,0.0
2019-10-21 00:00:00-04:00,49.98690690735341,50.20479195230422,49.76901839918225,50.05045700073242,8256600,0.0,0.0
2019-10-22 00:00:00-04:00,50.13216714421378,50.322817433423985,49.04273147795179,49.12443923950195,7777100,0.0,0.0
2019-10-23 00:00:00-04:00,49.02457791147267,49.596532290141674,48.906554809761744,49.142601013183594,10491000,0.0,0.0
2019-10-24 00:00:00-04:00,49.451281542411714,49.6146971027107,48.970111964544124,49.26062774658203,6449200,0.0,0.0
2019-10-25 00:00:00-04:00,49.060885866319914,49.40587109140523,49.03364763880876,49.17890548706055,6307000,0.0,0.0
2019-10-28 00:00:00-04:00,49.34231753597368,49.641913775026126,49.26969034855553,49.60559844970703,7280200,0.0,0.0
2019-10-29 00:00:00-04:00,49.67824254390458,50.213881616041746,49.53298466653963,49.75086975097656,8333900,0.0,0.0
2019-10-30 00:00:00-04:00,50.09585330806943,50.09585330806943,49.43311409493828,49.79625701904297,6284900,0.0,0.0
2019-10-31 00:00:00-04:00,49.67823314416777,49.79625276623159,49.242459594526686,49.469425201416016,8260600,0.0,0.0
2019-11-01 00:00:00-04:00,49.75993766407879,50.06861100789657,49.52389150886633,49.932430267333984,7313600,0.0,0.0
2019-11-04 00:00:00-05:00,50.168476820638844,50.613330939258255,50.168476820638844,50.340972900390625,8757000,0.0,0.0
2019-11-05 00:00:00-05:00,50.62241440277401,50.69504506931883,50.39544876465264,50.540706634521484,10759300,0.0,0.0
2019-11-06 00:00:00-05:00,50.577013043709606,50.74042855138073,50.47714762644167,50.567935943603516,10572100,0.0,0.0
2019-11-07 00:00:00-05:00,50.80397444866198,51.41224400217195,50.71318960221328,50.8221321105957,9677700,0.0,0.0
2019-11-08 00:00:00-05:00,50.82213685611165,51.28514862060547,50.63148658283547,51.28514862060547,5869600,0.0,0.0
2019-11-11 00:00:00-05:00,51.021870609507616,51.39409407713385,51.00371294484043,51.23067855834961,5018000,0.0,0.0
2019-11-12 00:00:00-05:00,51.32145779809676,51.61197347451562,51.22159238497402,51.37593078613281,6184900,0.0,0.0
2019-11-13 00:00:00-05:00,51.030948638916016,51.348702581543755,50.99463330892076,51.030948638916016,6802300,0.0,0.0
2019-11-14 00:00:00-05:00,50.66780811888655,51.13989704143425,50.51346969073603,50.9220085144043,9056100,0.0,0.0
2019-11-15 00:00:00-05:00,51.20345681688482,51.34871470794914,51.08543369813839,51.22161102294922,7216900,0.0,0.0
2019-11-18 00:00:00-05:00,51.3487099652541,51.3487099652541,50.80399032665856,51.01279830932617,6923300,0.0,0.0
2019-11-19 00:00:00-05:00,51.26699953401555,51.70277314436099,51.07634576562251,51.085426330566406,7199500,0.0,0.0
2019-11-20 00:00:00-05:00,51.04003172619459,51.403174654437684,50.66780823339355,51.058189392089844,9117000,0.0,0.0
2019-11-21 00:00:00-05:00,51.04004093901646,51.37594916065905,50.94925259315273,51.04911804199219,8067100,0.0,0.0
2019-11-22 00:00:00-05:00,51.221605038911555,51.802639998509925,51.06727006284543,51.19437026977539,6346900,0.0,0.0
2019-11-25 00:00:00-05:00,51.25791696196807,51.45764782426335,51.09450143158478,51.34870529174805,7977700,0.0,0.0
2019-11-26 00:00:00-05:00,51.521198926781366,51.62106435987371,51.22160262750435,51.30331039428711,12076900,0.0,0.0
2019-11-27 00:00:00-05:00,51.65738116336338,51.66645826516627,51.185292215534375,51.394100189208984,5790000,0.0,0.0
2019-11-29 00:00:00-05:00,51.13989568660283,51.28515354636765,50.92200716534531,50.96739959716797,6479400,0.0,0.0
2019-12-02 00:00:00-05:00,51.04910032545449,51.25790825364257,50.27741870114116,50.322811126708984,14314000,0.0,0.0
2019-12-03 00:00:00-05:00,49.587445946853826,49.92335754617855,49.44218809368274,49.560211181640625,11963700,0.0,0.0
2019-12-04 00:00:00-05:00,49.84164361912592,49.84164361912592,49.187981629140275,49.39678955078125,11436800,0.0,0.0
2019-12-05 00:00:00-05:00,49.47850266714869,49.77809893280013,49.2969294876527,49.64191818237305,10557400,0.0,0.0
2019-12-06 00:00:00-05:00,49.959664948186735,50.05045326281953,49.57836441638927,49.77809524536133,9088600,0.0,0.0
2019-12-09 00:00:00-05:00,49.78717456247057,50.36820594911614,49.71454390752975,50.213871002197266,11996700,0.0,0.0
2019-12-10 00:00:00-05:00,50.29557932969522,50.758587638940526,50.141240917799934,50.6768798828125,10719700,0.0,0.0
2019-12-11 00:00:00-05:00,50.658722840988986,51.29422723387576,50.52254555458346,51.121734619140625,12159600,0.0,0.0
2019-12-12 00:00:00-05:00,51.11265605648543,51.439487097806506,50.62240949450381,51.26699447631836,15413200,0.0,0.0
2019-12-13 00:00:00-05:00,49.93244115649084,50.29558756837184,49.40587920558548,49.487586975097656,21427700,0.0,0.0
2019-12-16 00:00:00-05:00,49.56928462903172,49.914273303594925,48.75221056387062,49.0154914855957,19951000,0.0,0.0
2019-12-17 00:00:00-05:00,48.92471344285644,49.07905188094571,47.96238133315728,47.971458435058594,19778400,0.0,0.0
2019-12-18 00:00:00-05:00,48.171190379152044,48.6705141121169,48.07132493991488,48.47078323364258,14123100,0.0,0.0
2019-12-19 00:00:00-05:00,48.389068072000924,48.66142611536798,48.153025357941594,48.334598541259766,11910100,0.0,0.0
2019-12-20 00:00:00-05:00,48.942857480453824,48.97917280438786,48.43445333503708,48.66141891479492,27423700,0.0,0.0
2019-12-23 00:00:00-05:00,48.70682578364069,49.08812638126322,48.670510451518346,48.761295318603516,10591500,0.0,0.0
2019-12-24 00:00:00-05:00,48.824843888637496,48.98825941484792,48.44354330296023,48.516170501708984,3331700,0.0,0.0
2019-12-26 00:00:00-05:00,48.525254697221804,48.71590500432685,48.37091626059808,48.63419723510742,6702000,0.0,0.0
2019-12-27 00:00:00-05:00,48.71590931143118,48.84300952740515,48.42539354257037,48.53433609008789,7262000,0.0,0.0
2019-12-30 00:00:00-05:00,48.47985327659252,48.56156103066847,47.77171825352755,47.8443489074707,5936100,0.0,0.0
2019-12-31 00:00:00-05:00,47.726321663521695,48.11670273636489,47.7081640016197,48.09854507446289,7094500,0.0,0.0
2020-01-02 00:00:00-05:00,48.3618326454152,48.98825648291683,48.32551731660399,48.97917938232422,13899600,0.0,0.0
2020-01-03 00:00:00-05:00,48.107639085132796,49.06997119241167,48.07132375117714,48.80669021606445,11026700,0.0,0.0
2020-01-06 00:00:00-05:00,48.44353965567924,49.20614423283837,48.43445909200645,49.06088638305664,10982400,0.0,0.0
2020-01-07 00:00:00-05:00,48.92472602273816,49.32418787352586,48.67052554548909,49.16984939575195,12015400,0.0,0.0
2020-01-08 00:00:00-05:00,49.188079471560236,49.78993571502053,48.96922455319443,49.36134338378906,11856700,0.24,0.0
2020-01-09 00:00:00-05:00,49.47075746642095,49.97230362058387,49.27013761330167,49.58930587768555,10671000,0.0,0.0
2020-01-10 00:00:00-05:00,49.74432997063431,49.83552239817553,49.44340365633684,49.653141021728516,9734800,0.0,0.0
2020-01-13 00:00:00-05:00,49.66225945355717,49.963189252115676,49.571070502946675,49.771690368652344,10858900,0.0,0.0
2020-01-14 00:00:00-05:00,49.716975590555606,50.31883171726232,49.69873710445715,50.04526138305664,12627200,0.0,0.0
2020-01-15 00:00:00-05:00,50.045263899387926,50.31883424734903,49.862882507868626,49.93583297729492,9090800,0.0,0.0
2020-01-16 00:00:00-05:00,50.1364528886186,50.56504863717391,50.09085841036788,50.546810150146484,9866000,0.0,0.0
2020-01-17 00:00:00-05:00,50.729187020183566,50.783898997753546,50.01790000405521,50.27323532104492,11166600,0.0,0.0
2020-01-21 00:00:00-05:00,50.13645397696774,50.482978280739744,50.08173851469771,50.35531234741211,8773000,0.0,0.0
2020-01-22 00:00:00-05:00,50.52857281972667,50.747431190429815,49.78992973206881,49.89936065673828,6380500,0.0,0.0
2020-01-23 00:00:00-05:00,49.61666325308908,50.15468639170919,49.498114838508954,50.13644790649414,6583200,0.0,0.0
2020-01-24 00:00:00-05:00,50.20940365496838,50.33706957743451,49.13335733898887,49.306617736816406,6426000,0.0,0.0
2020-01-27 00:00:00-05:00,48.49502528740044,48.805072596592815,47.99347909040453,48.04819107055664,8259100,0.0,0.0
2020-01-28 00:00:00-05:00,48.20322543577234,48.95098611852829,48.02084401783855,48.7503662109375,8620300,0.0,0.0
2020-01-29 00:00:00-05:00,49.04215817611568,49.18806256442072,48.495017589630535,48.51325607299805,6332500,0.0,0.0
2020-01-30 00:00:00-05:00,48.166736973511455,48.631809652301136,47.67430830607605,48.61357116699219,7176200,0.0,0.0
2020-01-31 00:00:00-05:00,48.640935491264536,48.777722415205204,47.683437459587815,47.829341888427734,8884700,0.0,0.0
2020-02-03 00:00:00-05:00,48.08467042606879,48.70476507518429,48.04819345173594,48.41295623779297,8892500,0.0,0.0
2020-02-04 00:00:00-05:00,49.01480212281829,49.75344504432657,49.01480212281829,49.27925491333008,9769800,0.0,0.0
2020-02-05 00:00:00-05:00,49.85375846970814,50.18204425859644,49.771690501121554,49.91759490966797,9612900,0.0,0.0
2020-02-06 00:00:00-05:00,50.15468873087788,50.47385354043835,49.890235900878906,49.890235900878906,8832000,0.0,0.0
2020-02-07 00:00:00-05:00,49.489003385817256,50.12733653184599,49.41604943603761,49.89936065673828,7864800,0.0,0.0
2020-02-10 00:00:00-05:00,49.89935451540631,50.21851930982177,49.65314018315637,50.14556884765625,7198200,0.0,0.0
2020-02-11 00:00:00-05:00,50.30970457920636,50.647111312790685,50.254992606240876,50.29146957397461,8466600,0.0,0.0
2020-02-12 00:00:00-05:00,50.65623065303506,50.966277932748945,50.38266034237815,50.82037353515625,7541100,0.0,0.0
2020-02-13 00:00:00-05:00,50.437374114990234,50.738300403093014,50.16380033481574,50.437374114990234,8480100,0.0,0.0
2020-02-14 00:00:00-05:00,50.50121102594785,50.92068575308128,50.37354510713641,50.583282470703125,7496800,0.0,0.0
2020-02-18 00:00:00-05:00,50.53768493550814,50.847732231741,50.2458761247755,50.56504440307617,7185700,0.0,0.0
2020-02-19 00:00:00-05:00,50.69271036395866,50.85685325495801,50.51032898744434,50.55592346191406,6819200,0.0,0.0
2020-02-20 00:00:00-05:00,50.519455956388136,50.948048241556904,50.045265712710574,50.6197624206543,6114600,0.0,0.0
2020-02-21 00:00:00-05:00,50.22764731925322,50.46474070275788,49.64402614709589,49.862884521484375,9078600,0.0,0.0
2020-02-24 00:00:00-05:00,48.42206483110894,48.814183536437454,47.884041733935064,48.01171112060547,10992500,0.0,0.0
2020-02-25 00:00:00-05:00,48.394717011914636,48.531503924257,46.324695711705296,46.47060012817383,12202600,0.0,0.0
2020-02-26 00:00:00-05:00,46.78977383625157,48.45855557498534,46.72594086408687,47.46458053588867,16413100,0.0,0.0
2020-02-27 00:00:00-05:00,46.397649954551774,48.75035911990997,46.288219032527145,46.30645751953125,16161100,0.0,0.0
2020-02-28 00:00:00-05:00,44.90213625250575,45.494871524569284,43.680185249685366,45.102752685546875,24426000,0.0,0.0
2020-03-02 00:00:00-05:00,45.34895710452447,46.41588592529297,44.38233821752278,46.41588592529297,17328500,0.0,0.0
2020-03-03 00:00:00-05:00,46.16055160813,47.27307492892319,43.999341408309746,44.54648208618164,21830500,0.0,0.0
2020-03-04 00:00:00-05:00,45.458388870485685,46.13319900276722,44.52825034558335,46.08760452270508,14813700,0.0,0.0
2020-03-05 00:00:00-05:00,44.89301087120657,45.30336816006577,43.54339404900868,43.77136993408203,15843000,0.0,0.0
2020-03-06 00:00:00-05:00,42.46734302377464,44.04493556130022,42.367033088553754,43.19686508178711,24581400,0.0,0.0
2020-03-09 00:00:00-04:00,40.99004986560948,43.37923529481963,40.72559710060889,41.9566650390625,25949300,0.0,0.0
2020-03-10 00:00:00-04:00,43.269814509767706,44.60119256148112,42.09345835729541,44.30026626586914,27067700,0.0,0.0
2020-03-11 00:00:00-04:00,42.686197368005246,43.297170947085725,40.369962007735026,40.78031921386719,24139200,0.0,0.0
2020-03-12 00:00:00-04:00,37.497458903369484,39.57660058110864,36.21167552045466,36.29374694824219,24123800,0.0,0.0
2020-03-13 00:00:00-04:00,40.534107507409026,43.76224643257072,39.59484462414091,43.7075309753418,28339400,0.0,0.0
2020-03-16 00:00:00-04:00,38.76501389874308,43.37924658065608,37.62513459301082,38.95651626586914,27493700,0.0,0.0
2020-03-17 00:00:00-04:00,39.77722755320933,43.50691280643911,37.98989762436419,42.73179626464844,25588900,0.0,0.0
2020-03-18 00:00:00-04:00,39.82281684597395,43.58897858184017,38.810607069322465,43.10567092895508,29557000,0.0,0.0
2020-03-19 00:00:00-04:00,42.37615743111303,43.74401270283509,40.917109720761324,41.099491119384766,20159100,0.0,0.0
2020-03-20 00:00:00-04:00,41.05387610627513,42.58587352266559,40.58880359845976,41.62837600708008,26340800,0.0,0.0
2020-03-23 00:00:00-04:00,41.03565926283886,42.39439706680823,40.02344577777375,40.29701614379883,23063700,0.0,0.0
2020-03-24 00:00:00-04:00,41.336581814389284,43.78047966826157,41.30922234756409,43.625457763671875,19323700,0.0,0.0
2020-03-25 00:00:00-04:00,42.950641331911186,44.446165571720655,41.47335905302338,41.8928337097168,25625800,0.0,0.0
2020-03-26 00:00:00-04:00,42.294083689320736,46.26998335411115,42.12081980460867,46.03288650512695,22417900,0.0,0.0
2020-03-27 00:00:00-04:00,44.765341121624,47.05421728232644,44.282033399572214,45.44015121459961,20025300,0.0,0.0
2020-03-30 00:00:00-04:00,45.95993125435226,47.04509501269532,45.22128827210412,45.92345428466797,20611900,0.0,0.0
2020-03-31 00:00:00-04:00,46.61649609688204,46.67121154763068,43.77135875201864,44.072288513183594,15802000,0.0,0.0
2020-04-01 00:00:00-04:00,42.449104326626184,44.67415094080561,41.98403510402711,44.41881561279297,17918200,0.0,0.0
2020-04-02 00:00:00-04:00,43.93549848350633,45.494852192654704,43.86254455439224,45.41278076171875,16434400,0.0,0.0
2020-04-03 00:00:00-04:00,44.95683842305005,45.64076599585092,44.63767361386386,45.048030853271484,13362500,0.0,0.0
2020-04-06 00:00:00-04:00,45.95993591409296,47.309552621527814,45.9143379580469,46.95391082763672,13845800,0.0,0.0
2020-04-07 00:00:00-04:00,47.55577213956422,47.71991505897993,46.24262878423854,46.28822326660156,14063000,0.0,0.0
2020-04-08 00:00:00-04:00,46.70968308365085,48.26728405642213,46.61806093620115,47.76335525512695,15710700,0.24,0.0
2020-04-09 00:00:00-04:00,47.86414274393204,49.12854518270644,47.67173063789163,48.72540283203125,15521200,0.0,0.0
2020-04-13 00:00:00-04:00,48.28560932363256,48.68875166679445,48.01073938533305,48.53299331665039,12694800,0.0,0.0
2020-04-14 00:00:00-04:00,49.21100217010988,49.568333414523906,48.97278250555408,49.47671127319336,11674600,0.0,0.0
2020-04-15 00:00:00-04:00,48.752888100440885,48.97278614921992,48.386396012690376,48.70707702636719,10398100,0.0,0.0
2020-04-16 00:00:00-04:00,48.697914474540895,49.35760160705194,48.6246139625059,49.20184326171875,14098300,0.0,0.0
2020-04-17 00:00:00-04:00,49.95316238935923,50.136410197598885,49.4492335380711,50.04478454589844,13608800,0.0,0.0
2020-04-20 00:00:00-04:00,49.5225328295811,50.00814006790352,49.29347393259399,49.39426040649414,10358900,0.0,0.0
2020-04-21 00:00:00-04:00,48.7712213304657,48.87200780726598,46.83796362503927,47.01205062866211,14111700,0.0,0.0
2020-04-22 00:00:00-04:00,47.67172641831313,48.17565868100364,47.433506753809056,47.891624450683594,9668300,0.0,0.0
2020-04-23 00:00:00-04:00,47.85497994703823,48.55132088725985,47.14031737248122,47.61676025390625,10330200,0.0,0.0
2020-04-24 00:00:00-04:00,48.019897453451264,48.60628755363569,47.60759082202138,48.569637298583984,9403500,0.0,0.0
2020-04-27 00:00:00-04:00,48.890333352792965,49.14687820852041,48.61546336520476,48.89949417114258,9123200,0.0,0.0
2020-04-28 00:00:00-04:00,49.38509031313501,49.61414916710101,48.67958862350042,48.74372482299805,8350500,0.0,0.0
2020-04-29 00:00:00-04:00,49.43090408630346,49.73325997257881,49.192680907869864,49.36676788330078,9064100,0.0,0.0
2020-04-30 00:00:00-04:00,48.99111104553654,49.1102191385311,48.37723147134543,48.53299331665039,11808800,0.0,0.0
2020-05-01 00:00:00-04:00,47.992418555332044,48.047390450819115,47.01204680731884,47.451839447021484,8702400,0.0,0.0
2020-05-04 00:00:00-04:00,47.37853757630536,47.45183809508136,46.81963335370233,47.41518783569336,7567900,0.0,0.0
2020-05-05 00:00:00-04:00,47.84582534995142,48.43221558942645,47.635091576087675,47.6900634765625,7271800,0.0,0.0
2020-05-06 00:00:00-04:00,48.03822607688165,48.10236228030919,47.369374601736666,47.51597213745117,7050000,0.0,0.0
2020-05-07 00:00:00-04:00,48.0107444851584,48.48718389806703,47.89163288435061,48.19398880004883,7154700,0.0,0.0
2020-05-08 00:00:00-04:00,48.734566489612206,49.27514559108896,48.34974924542257,49.08273696899414,8130800,0.0,0.0
2020-05-11 00:00:00-04:00,48.679589467366405,49.32095496862151,48.61545326675697,49.04608154296875,8138600,0.0,0.0
2020-05-12 00:00:00-04:00,49.29346348466827,49.32095292318999,47.87329932338933,47.891624450683594,8598800,0.0,0.0
2020-05-13 00:00:00-04:00,48.03822903042033,48.09320442037868,46.984556774766155,47.32356643676758,10274300,0.0,0.0
2020-05-14 00:00:00-04:00,46.85628247501805,48.58796699468788,46.599737655855414,48.47801971435547,13794000,0.0,0.0
2020-05-15 00:00:00-04:00,48.285616975939526,49.46756174261908,48.120694287790684,48.487186431884766,39055700,0.0,0.0
2020-05-18 00:00:00-04:00,49.39425150704462,49.43090176279795,48.62461361202849,48.697914123535156,9901900,0.0,0.0
2020-05-19 00:00:00-04:00,48.7254104590531,48.78954667271887,47.93744726811762,47.955772399902344,9805100,0.0,0.0
2020-05-20 00:00:00-04:00,48.64295177435012,48.807874474272296,48.23980933851906,48.468868255615234,9115900,0.0,0.0
2020-05-21 00:00:00-04:00,48.34058591965019,48.50550859771558,47.75419572882266,47.845821380615234,7464000,0.0,0.0
2020-05-22 00:00:00-04:00,47.95576597074604,48.2306359203436,47.71754627980444,48.212310791015625,7211700,0.0,0.0
2020-05-26 00:00:00-04:00,49.15602927036222,49.18351521316281,48.23979389529609,48.35890197753906,11200600,0.0,0.0
2020-05-27 00:00:00-04:00,48.560477040793096,48.789535894759105,48.16649553235871,48.74372482299805,9228100,0.0,0.0
2020-05-28 00:00:00-04:00,49.25682390685745,49.61415872380948,48.7620593433112,49.1285514831543,9465400,0.0,0.0
2020-05-29 00:00:00-04:00,49.12854305351052,49.42173811314215,48.551317245888704,49.2659797668457,14734800,0.0,0.0
2020-06-01 00:00:00-04:00,48.817021224990526,48.91780767869406,48.368067834152015,48.61545181274414,7363200,0.0,0.0
2020-06-02 00:00:00-04:00,48.78038128068242,48.82619235826815,48.230637864170106,48.8170280456543,8756300,0.0,0.0
2020-06-03 00:00:00-04:00,48.862843826736146,49.12854948136852,48.5513235982239,49.00944137573242,9188700,0.0,0.0
2020-06-04 00:00:00-04:00,48.77121659030543,49.19268409308752,48.22147667321237,48.42304611206055,9696000,0.0,0.0
2020-06-05 00:00:00-04:00,48.64294779273232,49.72410607254212,48.32226673311138,49.458396911621094,12210100,0.0,0.0
2020-06-08 00:00:00-04:00,48.88115389307339,50.50289086104585,48.81701769901463,50.48456573486328,11519500,0.0,0.0
2020-06-09 00:00:00-04:00,50.39294866803136,50.44792405210892,49.3667659647092,49.64163589477539,8852500,0.0,0.0
2020-06-10 00:00:00-04:00,49.93483448824684,50.08143202767195,49.38509458919294,49.5775032043457,7436700,0.0,0.0
2020-06-11 00:00:00-04:00,48.789546462171344,49.073580760866534,46.93875010183955,47.01205062866211,12805700,0.0,0.0
2020-06-12 00:00:00-04:00,48.05655120574108,48.560480016312134,46.70968394344092,47.51597213745117,11537200,0.0,0.0
2020-06-15 00:00:00-04:00,46.69135559730433,48.954458175670844,46.645544525892845,48.78953552246094,16038100,0.0,0.0
2020-06-16 00:00:00-04:00,49.89817282750767,50.392940720694774,49.2751325535299,50.01728439331055,19380200,0.0,0.0
2020-06-17 00:00:00-04:00,48.5879626299299,49.238492426764026,47.18612357234845,47.20444869995117,28692600,0.0,0.0
2020-06-18 00:00:00-04:00,47.27775911524907,49.47672611858415,47.02121424641926,49.192691802978516,19259500,0.0,0.0
2020-06-19 00:00:00-04:00,49.66911754467795,49.89817638245473,48.54214848223546,49.843204498291016,33051200,0.0,0.0
2020-06-22 00:00:00-04:00,49.55918147821294,50.75028700472937,49.366772849847635,50.50290298461914,16705900,0.0,0.0
2020-06-23 00:00:00-04:00,50.66781449405248,51.281694000132084,50.5120561611902,50.5670280456543,18695000,0.0,0.0
2020-06-24 00:00:00-04:00,50.50289648861034,51.0159895934151,49.779073147125395,49.87985610961914,18287400,0.0,0.0
2020-06-25 00:00:00-04:00,49.843221744161895,50.01730526284777,49.05525851034699,49.96232986450195,16008700,0.0,0.0
2020-06-26 00:00:00-04:00,49.79739424025395,50.01729228140338,49.13770710712724,49.64163589477539,17969400,0.0,0.0
2020-06-29 00:00:00-04:00,49.68745382946457,50.356305366557955,49.339283339210056,50.173057556152344,14366900,0.0,0.0
2020-06-30 00:00:00-04:00,50.20969950938547,50.796089609528146,49.93482958683868,50.64033126831055,18885900,0.0,0.0
2020-07-01 00:00:00-04:00,50.10892009264111,51.19924261492678,50.09975927517268,50.84191131591797,17856800,0.0,0.0
2020-07-02 00:00:00-04:00,51.116778201057926,51.703168348263794,50.98850579325176,51.25421142578125,15478900,0.0,0.0
2020-07-06 00:00:00-04:00,51.49244035975336,52.069669754524064,51.45579009766857,51.85893249511719,15309700,0.0,0.0
2020-07-07 00:00:00-04:00,51.629870336384386,52.17961374742374,51.51076223487949,51.593223571777344,13232100,0.0,0.0
2020-07-08 00:00:00-04:00,51.88642014937736,51.932231227822356,51.30002995689437,51.91390609741211,12582200,0.0,0.0
2020-07-09 00:00:00-04:00,52.2162607427428,52.95840923326473,52.06049889604648,52.71102523803711,15692600,0.0,0.0
2020-07-10 00:00:00-04:00,52.6560489218797,52.70185999229548,51.94138294178307,52.58274841308594,12615800,0.0,0.0
2020-07-13 00:00:00-04:00,52.59192343343878,52.99506582841353,52.19794185634833,52.234588623046875,15965600,0.0,0.0
2020-07-14 00:00:00-04:00,52.14256984463776,52.71303989161293,51.96775041665713,52.63022994995117,15510300,0.24,0.0
2020-07-15 00:00:00-04:00,52.832651668994004,53.21909923447087,51.875741074826905,52.09656524658203,10570800,0.0,0.0
2020-07-16 00:00:00-04:00,51.912549083438485,51.97695994380691,51.13966087826556,51.3604850769043,8779300,0.0,0.0
2020-07-17 00:00:00-04:00,51.59971745995328,51.63651915457995,50.385170278898485,50.51398849487305,14344800,0.0,0.0
2020-07-20 00:00:00-04:00,50.49559521137999,51.084464553330385,50.320772212406,50.97405242919922,11469300,0.0,0.0
2020-07-21 00:00:00-04:00,51.3420781654289,51.83893783556299,51.13965658532532,51.44329071044922,11875100,0.0,0.0
2020-07-22 00:00:00-04:00,51.25006967779124,51.6917215565698,51.25006967779124,51.535301208496094,13842400,0.0,0.0
2020-07-23 00:00:00-04:00,51.52610649313351,51.85734631075079,51.15806147135043,51.30527877807617,12576000,0.0,0.0
2020-07-24 00:00:00-04:00,51.03845873658225,51.56292070276105,50.84523313593369,51.204078674316406,8939700,0.0,0.0
2020-07-27 00:00:00-04:00,51.21326929985875,51.48010176527059,50.9004320841884,50.9188346862793,10319600,0.0,0.0
2020-07-28 00:00:00-04:00,50.8360186172394,51.28687353939355,50.79001387251437,50.92802810668945,13030100,0.0,0.0
2020-07-29 00:00:00-04:00,51.12126158474764,51.43409881134381,50.92803601101355,51.25007629394531,7242700,0.0,0.0
2020-07-30 00:00:00-04:00,50.605986582208004,51.04763840755123,50.504774047453715,50.83601379394531,7633200,0.0,0.0
2020-07-31 00:00:00-04:00,50.60599268637582,51.03844501978473,49.98952136932979,51.020042419433594,9355800,0.0,0.0
2020-08-03 00:00:00-04:00,51.32367176795805,51.6089067819163,51.05684286257294,51.507694244384766,9164900,0.0,0.0
2020-08-04 00:00:00-04:00,51.323682670024155,51.53530733438986,51.093655403113054,51.52610778808594,6364300,0.0,0.0
2020-08-05 00:00:00-04:00,51.8205444827185,51.8205444827185,50.95564318809822,51.06605529785156,6629000,0.0,0.0
2020-08-06 00:00:00-04:00,51.0568386434079,51.15804766263907,50.55077599756953,50.86361312866211,8169600,0.0,0.0
2020-08-07 00:00:00-04:00,50.61519422184544,50.82682237923648,50.385166973316906,50.81761932373047,8772300,0.0,0.0
2020-08-10 00:00:00-04:00,50.82682439653433,51.1764633010199,50.4955845839165,50.55078887939453,10046900,0.0,0.0
2020-08-11 00:00:00-04:00,50.82682156088375,51.029243149572366,49.81469957769183,49.9343147277832,8075100,0.0,0.0
2020-08-12 00:00:00-04:00,50.164340655299526,50.32996054801928,49.658281431961214,49.84230041503906,9068200,0.0,0.0
2020-08-13 00:00:00-04:00,49.60308735210566,49.86991986529076,49.391462655077575,49.70429992675781,8260300,0.0,0.0
2020-08-14 00:00:00-04:00,49.71349083023706,50.201151013317165,49.47426402169657,49.869911193847656,5454400,0.0,0.0
2020-08-17 00:00:00-04:00,49.86990354697142,50.04472297602415,49.37304389395388,49.67668151855469,9523700,0.0,0.0
2020-08-18 00:00:00-04:00,51.17646460965768,52.381808734186215,50.486382819036855,50.7716178894043,21102600,0.0,0.0
2020-08-19 00:00:00-04:00,51.139647071331005,52.26217738287588,51.02923149188483,51.710113525390625,16751500,0.0,0.0
2020-08-20 00:00:00-04:00,51.14886013196043,51.35128523783769,50.68880562583016,50.84522247314453,10974800,0.0,0.0
2020-08-21 00:00:00-04:00,50.95564191103615,51.02004926593955,50.357569604147336,50.780818939208984,9552000,0.0,0.0
2020-08-24 00:00:00-04:00,51.30527396892785,51.62731421028567,51.01083938307548,51.535301208496094,7892100,0.0,0.0
2020-08-25 00:00:00-04:00,51.66412122464264,52.21618521501147,51.544506073085735,51.60891342163086,7427000,0.0,0.0
2020-08-26 00:00:00-04:00,51.83893752993035,52.897064208984375,51.581308151351784,52.897064208984375,11597600,0.0,0.0
2020-08-27 00:00:00-04:00,52.86026917581644,53.78037828763244,52.05977523131909,52.611839294433594,15834700,0.0,0.0
2020-08-28 00:00:00-04:00,52.74985350540145,53.51354219150422,52.63943789227968,53.25591278076172,8613800,0.0,0.0
2020-08-31 00:00:00-04:00,52.56582972607909,53.145495886273665,52.48301977320309,52.64863967895508,18683500,0.0,0.0
2020-09-01 00:00:00-04:00,52.786653412590994,53.37552262288596,52.519824464758024,53.05348587036133,10169500,0.0,0.0
2020-09-02 00:00:00-04:00,53.10870041672115,54.5808736293376,53.10870041672115,54.31404113769531,14342800,0.0,0.0
2020-09-03 00:00:00-04:00,54.02880239561868,54.27723225045487,52.12417701847859,52.53822326660156,15387400,0.0,0.0
2020-09-04 00:00:00-04:00,52.3358063065886,52.69464829204999,50.753217540002325,51.277679443359375,14697200,0.0,0.0
2020-09-08 00:00:00-04:00,50.928034735110025,51.33288496523149,50.48638281038092,50.90043258666992,16472800,0.0,0.0
2020-09-09 00:00:00-04:00,51.67332810086766,52.81426495541065,51.39729606652366,52.40021514892578,13993200,0.0,0.0
2020-09-10 00:00:00-04:00,52.85104498149137,53.53192699629076,52.21617121183207,52.74983596801758,20500900,0.0,0.0
2020-09-11 00:00:00-04:00,55.85982442707979,56.91795133031178,52.32660522829413,52.44622039794922,40220600,0.0,0.0
2020-09-14 00:00:00-04:00,55.997824806050765,56.58669390460639,54.60845848608044,54.70967102050781,50107400,0.0,0.0
2020-09-15 00:00:00-04:00,55.21573999266767,56.75232386027562,54.64527339083148,56.071441650390625,30385600,0.0,0.0
2020-09-16 00:00:00-04:00,56.23706592598454,56.48549579850832,54.8845079666052,55.60219192504883,21223300,0.0,0.0
2020-09-17 00:00:00-04:00,54.672877034860946,55.76780903006574,54.28643292592096,55.372161865234375,22831200,0.0,0.0
2020-09-18 00:00:00-04:00,55.188137558354875,55.473372612756904,54.682078308879326,54.97651290893555,49311700,0.0,0.0
2020-09-21 00:00:00-04:00,57.47000333233151,57.59881802185365,55.234138335805504,55.96102523803711,32560400,0.0,0.0
2020-09-22 00:00:00-04:00,55.55618385642757,55.89662321255283,54.70968172911119,55.777008056640625,13306000,0.0,0.0
2020-09-23 00:00:00-04:00,55.30774903160257,55.65739141213248,54.19441805484397,54.2496223449707,15513500,0.0,0.0
2020-09-24 00:00:00-04:00,54.047203070199835,55.11452934740466,53.63315332690115,54.562461853027344,9560500,0.0,0.0
2020-09-25 00:00:00-04:00,54.53486528617806,55.19734494323339,54.249630209404216,55.02252197265625,9371900,0.0,0.0
2020-09-28 00:00:00-04:00,55.234145141451656,55.70340272245829,54.718886319875715,54.820098876953125,9356300,0.0,0.0
2020-09-29 00:00:00-04:00,54.82008842278599,55.35374974478316,54.654468544595225,54.718875885009766,6340600,0.0,0.0
2020-09-30 00:00:00-04:00,54.764883956952865,55.56537774359442,54.626866213422204,54.930503845214844,11001500,0.0,0.0
2020-10-01 00:00:00-04:00,55.36295700604748,55.45497001227713,54.700480910880486,54.912105560302734,7357700,0.0,0.0
2020-10-02 00:00:00-04:00,54.01959310148676,54.76488257992585,53.83557061805202,54.130008697509766,7329800,0.0,0.0
2020-10-05 00:00:00-04:00,54.69127735617855,54.902902003669524,54.369240612156915,54.801692962646484,6899200,0.0,0.0
2020-10-06 00:00:00-04:00,54.755680084228516,55.69419160038268,54.663670596540385,54.755680084228516,9743600,0.0,0.0
2020-10-07 00:00:00-04:00,55.217606802678546,56.26154112069626,55.09750729108179,55.97515106201172,8690900,0.24,0.0
2020-10-08 00:00:00-04:00,56.15991819235046,56.63107238850421,56.01210476569928,56.25230026245117,7202800,0.0,0.0
2020-10-09 00:00:00-04:00,56.49250030517578,56.70498188957079,56.22458736322767,56.49250030517578,7355700,0.0,0.0
2020-10-12 00:00:00-04:00,56.575639830921126,57.12070245695201,56.41858609588691,56.77888107299805,8275000,0.0,0.0
2020-10-13 00:00:00-04:00,56.88050565127671,57.074510104262174,56.2430609382602,56.32620620727539,8896300,0.0,0.0
2020-10-14 00:00:00-04:00,56.67725433050224,56.84354484932465,56.215337005806546,56.316959381103516,6651100,0.0,0.0
2020-10-15 00:00:00-04:00,55.67952560654966,56.113729104218265,55.503998257608195,55.910484313964844,6251600,0.0,0.0
2020-10-16 00:00:00-04:00,56.08600310987235,56.45553839504313,55.67027679509265,55.697994232177734,6070800,0.0,0.0
2020-10-19 00:00:00-04:00,55.79038615699666,56.12296726763186,54.86655130485457,55.07903289794922,8311000,0.0,0.0
2020-10-20 00:00:00-04:00,55.35617741569097,55.73495305244612,55.08826801225068,55.199127197265625,9241200,0.0,0.0
2020-10-21 00:00:00-04:00,54.82035001143121,55.54093993356789,54.709490836675485,55.125213623046875,10114900,0.0,0.0
2020-10-22 00:00:00-04:00,54.912737140144564,55.3099863708619,54.21986106668176,55.14369583129883,11900600,0.0,0.0
2020-10-23 00:00:00-04:00,55.337711334228516,55.577906855061215,55.1621804496292,55.337711334228516,9739300,0.0,0.0
2020-10-26 00:00:00-04:00,53.6747995330194,54.02585773765092,52.224379204280034,53.111263275146484,18876900,0.0,0.0
2020-10-27 00:00:00-04:00,53.24983190490271,53.563935845996745,52.67705537378408,52.732486724853516,10806500,0.0,0.0
2020-10-28 00:00:00-04:00,51.98418404371751,52.289047691786294,51.300544748655625,51.35597610473633,13910600,0.0,0.0
2020-10-29 00:00:00-04:00,50.995679201711255,52.436859164645426,50.940247847694586,51.75322341918945,13573700,0.0,0.0
2020-10-30 00:00:00-04:00,51.5037950662524,52.326007553670216,51.226645304358264,51.83637619018555,12602300,0.0,0.0
2020-11-02 00:00:00-05:00,52.141222784860965,53.09277480522225,51.84559599916113,52.15046310424805,11413200,0.0,0.0
2020-11-03 00:00:00-05:00,52.65858741086755,53.120504844296214,52.26133813618687,52.473819732666016,8911200,0.0,0.0
2020-11-04 00:00:00-05:00,53.58241646782274,53.66556173779053,52.05808769312986,52.18742752075195,12054900,0.0,0.0
2020-11-05 00:00:00-05:00,53.08353412227376,53.25906494793348,52.12274531325497,52.34446716308594,9017100,0.0,0.0
2020-11-06 00:00:00-05:00,52.4461058143884,52.640110290632364,51.87332918369896,52.473819732666016,7510400,0.0,0.0
2020-11-09 00:00:00-05:00,53.757936619659176,54.58015241240108,52.44609311789363,52.51076126098633,11486600,0.0,0.0
2020-11-10 00:00:00-05:00,52.575439712423595,52.88030689604904,51.919517832935746,52.35371780395508,9015900,0.0,0.0
2020-11-11 00:00:00-05:00,52.713994126273214,53.24057947225615,52.473795199665986,52.84333038330078,7724400,0.0,0.0
2020-11-12 00:00:00-05:00,52.89876686373545,53.11125191984715,51.82711888453623,52.15046310424805,7324000,0.0,0.0
2020-11-13 00:00:00-05:00,52.547725536259435,52.741730002618716,52.242858354137574,52.575439453125,5870300,0.0,0.0
2020-11-16 00:00:00-05:00,52.67705778352804,53.222120426121045,52.54772148259918,52.797157287597656,6309200,0.0,0.0
2020-11-17 00:00:00-05:00,52.658572901156795,53.01886783609029,52.48304559351338,52.769432067871094,5569700,0.0,0.0
2020-11-18 00:00:00-05:00,52.76943338823815,52.9264871088167,51.956461446459095,51.9656982421875,8998800,0.0,0.0
2020-11-19 00:00:00-05:00,51.817882089298415,52.17817701411076,51.32825088626105,52.15046310424805,9643100,0.0,0.0
2020-11-20 00:00:00-05:00,52.06732275394393,52.141227695254244,51.43911489413307,51.45759201049805,8395800,0.0,0.0
2020-11-23 00:00:00-05:00,51.59617348917019,52.26133568990017,51.522268535839174,51.808658599853516,8235900,0.0,0.0
2020-11-24 00:00:00-05:00,52.289044584709124,53.490032559376694,52.06732622186115,53.18516540527344,10427200,0.0,0.0
2020-11-25 00:00:00-05:00,53.32375123096949,53.360701948390094,52.898784501203316,53.03736114501953,6848900,0.0,0.0
2020-11-27 00:00:00-05:00,53.0281097457444,53.46230963012345,52.797151085744034,53.360687255859375,5627000,0.0,0.0
2020-11-30 00:00:00-05:00,53.22211572092741,53.767178315333204,52.84334364848607,53.32373809814453,26676900,0.0,0.0
2020-12-01 00:00:00-05:00,53.7671844380885,54.76492415934355,53.59165357594318,54.266056060791016,11855300,0.0,0.0
2020-12-02 00:00:00-05:00,53.85033170555955,54.75568939284455,53.711755074953125,54.580162048339844,9330400,0.0,0.0
2020-12-03 00:00:00-05:00,54.70948524511643,55.411597979009755,54.56167185249945,54.75567626953125,9783900,0.0,0.0
2020-12-04 00:00:00-05:00,54.792640777761,55.93819390440975,54.75568654163687,55.393131256103516,10872700,0.0,0.0
2020-12-07 00:00:00-05:00,55.39312514108959,55.61484700920792,55.088261537095114,55.24531173706055,14922900,0.0,0.0
2020-12-08 00:00:00-05:00,54.49701916363241,55.16217785690957,53.785665908694796,54.53396987915039,15237800,0.0,0.0
2020-12-09 00:00:00-05:00,54.404631239292236,55.34694316565806,54.32148596566731,55.1806526184082,12204100,0.0,0.0
2020-12-10 00:00:00-05:00,54.977405687871155,55.25455893857324,54.5432057417945,54.94969177246094,14219900,0.0,0.0
2020-12-11 00:00:00-05:00,56.29848928059976,56.3539206351644,54.89426001564521,55.99362564086914,16209900,0.0,0.0
2020-12-14 00:00:00-05:00,56.19687000900467,56.9636510254267,56.067530182625724,56.132198333740234,16193600,0.0,0.0
2020-12-15 00:00:00-05:00,56.43706524328202,57.45328206267014,56.26153790877677,57.14841842651367,15506700,0.0,0.0
2020-12-16 00:00:00-05:00,57.15765870006578,58.377120367165816,57.13918158097031,57.998348236083984,16119900,0.0,0.0
2020-12-17 00:00:00-05:00,58.19235253035726,59.17161863535088,57.95215352151454,58.76512908935547,15320500,0.0,0.0
2020-12-18 00:00:00-05:00,58.64504082696238,60.35413755884784,58.598849785376416,60.104698181152344,33728700,0.0,0.0
2020-12-21 00:00:00-05:00,59.023808131326156,60.2247962582649,59.014571333432144,59.56887435913086,18210200,0.0,0.0
2020-12-22 00:00:00-05:00,59.642777083136764,60.97310155432369,59.52268108716044,60.187843322753906,17136000,0.0,0.0
2020-12-23 00:00:00-05:00,60.289469402086674,61.157869441954865,60.187846996096596,60.32642364501953,13075200,0.0,0.0
2020-12-24 00:00:00-05:00,60.09545118836641,60.594315733276886,59.84601186761164,60.01230239868164,3796500,0.0,0.0
2020-12-28 00:00:00-05:00,60.4280365148898,60.68670912629767,59.81830217517122,59.92916488647461,6463500,0.0,0.0
2020-12-29 00:00:00-05:00,60.28021478769842,60.29868838063445,59.32866616475462,59.550384521484375,7770200,0.0,0.0
2020-12-30 00:00:00-05:00,59.86449610373516,59.966118492618996,59.448766226946745,59.49496078491211,6192000,0.0,0.0
2020-12-31 00:00:00-05:00,59.43952678930703,59.83677602949473,59.134666666423506,59.762874603271484,6928600,0.0,0.0
2021-01-04 00:00:00-05:00,59.762869465694415,59.772102737991034,58.358636763668166,58.89446258544922,11249900,0.0,0.0
2021-01-05 00:00:00-05:00,58.82978913213395,58.93141150462729,57.72118687861936,58.16462707519531,11005700,0.0,0.0
2021-01-06 00:00:00-05:00,57.74731772234243,58.74887526420231,57.413464029177455,58.02552795410156,8685400,0.24,0.0
2021-01-07 00:00:00-05:00,58.28520095563463,59.110563197096056,58.28520095563463,58.48922348022461,7382800,0.0,0.0
2021-01-08 00:00:00-05:00,58.59121679283729,58.9250704443849,58.34082655417658,58.77669143676758,7751700,0.0,0.0
2021-01-11 00:00:00-05:00,58.377933984639554,58.95290231311374,58.27592273298673,58.45212173461914,6284700,0.0,0.0
2021-01-12 00:00:00-05:00,58.42430123568816,58.44284905742208,57.66385823277416,57.88642501831055,7758200,0.0,0.0
2021-01-13 00:00:00-05:00,57.79369259280552,58.04408289338838,57.46911453888449,57.55257797241211,8298000,0.0,0.0
2021-01-14 00:00:00-05:00,57.561849175159715,57.65458474972722,57.04252075972961,57.12598419189453,10258600,0.0,0.0
2021-01-15 00:00:00-05:00,57.1259922709979,57.49694169700065,56.764318526344965,57.29291915893555,7532600,0.0,0.0
2021-01-19 00:00:00-05:00,57.58966058746229,57.765863105662596,56.66229082896767,56.83849334716797,8903400,0.0,0.0
2021-01-20 00:00:00-05:00,56.91269134043971,57.52475534979701,56.70867236241096,57.08889389038086,7025000,0.0,0.0
2021-01-21 00:00:00-05:00,57.17235393658713,57.357825080595774,56.495370817941385,56.76430892944336,6943600,0.0,0.0
2021-01-22 00:00:00-05:00,56.51392021624093,56.70867058309878,55.401079170606764,55.97604751586914,9896700,0.0,0.0
2021-01-25 00:00:00-05:00,55.99459674601397,56.5231973172698,55.42890052893498,56.476829528808594,8524700,0.0,0.0
2021-01-26 00:00:00-05:00,56.62520307998684,57.53402508865617,56.42118058539173,57.31145477294922,8186500,0.0,0.0
2021-01-27 00:00:00-05:00,56.94050773729734,58.59122486671328,56.91268423741123,58.006980895996094,14789000,0.0,0.0
2021-01-28 00:00:00-05:00,58.006990295221044,58.64687783176024,56.72721875977831,56.773590087890625,11166400,0.0,0.0
2021-01-29 00:00:00-05:00,56.71794180818301,57.033247709382564,55.83693971327523,56.04096221923828,11451800,0.0,0.0
2021-02-01 00:00:00-05:00,56.49537781222841,57.50621123781494,56.32845446948211,57.04252624511719,10553500,0.0,0.0
2021-02-02 00:00:00-05:00,57.38564433645979,58.35010624190626,57.31145305423734,57.84005355834961,10528000,0.0,0.0
2021-02-03 00:00:00-05:00,57.66385484173677,58.192455348344396,57.478380172940135,57.654579162597656,9933500,0.0,0.0
2021-02-04 00:00:00-05:00,57.942063939153144,58.785970304865074,57.72876931239463,58.74887466430664,9928700,0.0,0.0
2021-02-05 00:00:00-05:00,58.88797733350016,59.416577791908196,58.68395486266381,58.980712890625,9170200,0.0,0.0
2021-02-08 00:00:00-05:00,59.15692172830715,59.23110947441398,58.2759196908646,58.526309967041016,7003400,0.0,0.0
2021-02-09 00:00:00-05:00,58.49849042125145,59.212562075362285,58.34083571099408,59.04563522338867,5437400,0.0,0.0
2021-02-10 00:00:00-05:00,59.2032946218429,59.25893808945212,58.359388153431226,58.6746940612793,9577500,0.0,0.0
2021-02-11 00:00:00-05:00,58.943633981115624,59.323855510631326,57.75659806599411,58.146095275878906,7690800,0.0,0.0
2021-02-12 00:00:00-05:00,57.79367880492586,58.53557384949055,57.78440666458395,58.49848175048828,6663400,0.0,0.0
2021-02-16 00:00:00-05:00,58.5263122841284,58.665415640199065,57.58966674679711,57.62676239013672,7526000,0.0,0.0
2021-02-17 00:00:00-05:00,57.33928013784945,57.63603821001785,56.90341517163669,57.58039474487305,6244500,0.0,0.0
2021-02-18 00:00:00-05:00,57.320725479108795,57.69167125625648,57.18161860165664,57.56184005737305,6262400,0.0,0.0
2021-02-19 00:00:00-05:00,57.738046094768286,57.83078520361885,56.64375291141384,56.690120697021484,10905100,0.0,0.0
2021-02-22 00:00:00-05:00,58.28519164000663,60.25121820105345,57.75659112681402,59.76898193359375,20940300,0.0,0.0
2021-02-23 00:00:00-05:00,59.74116210988542,60.483060796037606,59.39803980463798,59.81535339355469,18175400,0.0,0.0
2021-02-24 00:00:00-05:00,59.806080965540396,60.418148476180555,59.42586299778838,60.00082778930664,10609300,0.0,0.0
2021-02-25 00:00:00-05:00,59.94517973420502,61.540256827207166,59.889539813606696,60.557247161865234,15356100,0.0,0.0
2021-02-26 00:00:00-05:00,60.77981667088941,61.46606833198919,59.815351243664594,59.82462692260742,20512600,0.0,0.0
2021-03-01 00:00:00-05:00,60.23266338854174,61.88338751297233,60.06573654788111,61.36405563354492,11758900,0.0,0.0
2021-03-02 00:00:00-05:00,61.345509454759735,62.523265906424584,61.20640257929832,61.8184700012207,13282000,0.0,0.0
2021-03-03 00:00:00-05:00,61.43824840125938,62.634556275765355,61.39187708179195,62.050315856933594,15827600,0.0,0.0
2021-03-04 00:00:00-05:00,61.83702736579134,62.42126787601456,60.56652801150405,60.84474182128906,19951100,0.0,0.0
2021-03-05 00:00:00-05:00,62.42126197028951,66.51096638073514,62.42126197028951,64.88806915283203,34211500,0.0,0.0
2021-03-08 00:00:00-05:00,65.35173426268699,67.64233821625243,65.00860497714372,66.91899108886719,23300500,0.0,0.0
2021-03-09 00:00:00-05:00,67.14158419934212,67.9020272572583,66.770634813104,67.36415100097656,17296400,0.0,0.0
2021-03-10 00:00:00-05:00,68.16168777814838,68.27297471345511,66.30694797466136,66.88191986083984,21378600,0.0,0.0
2021-03-11 00:00:00-05:00,62.736578188761044,63.15389183386569,60.67781577899956,62.51401138305664,38095400,0.0,0.0
2021-03-12 00:00:00-05:00,62.09668349989488,62.94059344855637,61.62372290146623,62.282161712646484,11606300,0.0,0.0
2021-03-15 00:00:00-04:00,62.08740987201635,62.857128561011294,62.0410456237492,62.81076431274414,8919600,0.0,0.0
2021-03-16 00:00:00-04:00,63.06114757280822,63.12606317700472,61.83701969705275,61.99467086791992,14512500,0.0,0.0
2021-03-17 00:00:00-04:00,61.94830710445845,61.99467135051961,61.354790982821626,61.410430908203125,11892400,0.0,0.0
2021-03-18 00:00:00-04:00,61.64227910025115,62.14305970109399,61.28987400598901,61.89266586303711,13750300,0.0,0.0
2021-03-19 00:00:00-04:00,61.93902604192327,61.97612168071032,61.16930745644877,61.4475212097168,30963600,0.0,0.0
2021-03-22 00:00:00-04:00,61.41044586753694,61.68865263748471,61.076592083382025,61.50318145751953,10263700,0.0,0.0
2021-03-23 00:00:00-04:00,61.51244763081043,63.00551374713694,61.51244763081043,62.38417053222656,12390100,0.0,0.0
2021-03-24 00:00:00-04:00,62.235809199053065,62.51402306462489,61.89267970821749,61.97614669799805,11391100,0.0,0.0
2021-03-25 00:00:00-04:00,62.09666129128269,63.73810927954315,61.91119022013441,63.64536666870117,14844700,0.0,0.0
2021-03-26 00:00:00-04:00,63.58976132474638,65.25903017343407,63.32082317272049,65.14774322509766,12617000,0.0,0.0
2021-03-29 00:00:00-04:00,65.11064276276781,67.07666958642172,65.07354711606439,65.96382141113281,15183700,0.0,0.0
2021-03-30 00:00:00-04:00,65.68560387625415,65.88962636194978,64.86951393347162,65.42594146728516,12000200,0.0,0.0
2021-03-31 00:00:00-04:00,65.56505230224418,65.9360016954164,64.83243627169982,65.07354736328125,9971700,0.0,0.0
2021-04-01 00:00:00-04:00,65.34249606138647,66.61299563895959,65.22194049610367,66.59444427490234,13228700,0.0,0.0
2021-04-05 00:00:00-04:00,66.94682317290595,69.45999429593208,66.82626057965314,68.77374267578125,25010200,0.0,0.0
2021-04-06 00:00:00-04:00,68.27296465854546,69.22815438462226,67.84637541560193,68.88502502441406,14699800,0.0,0.0
2021-04-07 00:00:00-04:00,68.54975212991121,69.0899556975468,68.41004333057309,68.98750305175781,12356800,0.32,0.0
2021-04-08 00:00:00-04:00,69.17375809403363,70.34730174435113,69.06199676935384,70.11445617675781,13507700,0.0,0.0
2021-04-09 00:00:00-04:00,70.17965406896909,70.49632774235137,69.76053488118869,70.39387512207031,13285700,0.0,0.0
2021-04-12 00:00:00-04:00,70.08650740322862,70.96200890580234,70.03993545296673,70.89681243896484,10634900,0.0,0.0
2021-04-13 00:00:00-04:00,70.93410337609619,71.72577717774578,70.69194190652482,71.40910339355469,13142400,0.0,0.0
2021-04-14 00:00:00-04:00,71.75368757538435,72.05172960360046,71.26005613232789,71.54878234863281,12730700,0.0,0.0
2021-04-15 00:00:00-04:00,71.71643141969592,73.16007671270512,71.55809814664865,72.91791534423828,13604200,0.0,0.0
2021-04-16 00:00:00-04:00,72.93654680733339,73.89586945475746,72.51742760797362,73.53263092041016,13334100,0.0,0.0
2021-04-19 00:00:00-04:00,73.40225518984454,74.7061921578965,72.96450426216636,73.34637451171875,19967200,0.0,0.0
2021-04-20 00:00:00-04:00,73.29975675083666,73.97035289295029,73.25319191678345,73.80270385742188,12562300,0.0,0.0
2021-04-21 00:00:00-04:00,73.38361444369642,73.89587046034218,71.2786883936907,71.39977264404297,18672800,0.0,0.0
2021-04-22 00:00:00-04:00,70.88750944641778,71.23212346537979,69.62082891376359,69.73259735107422,16769300,0.0,0.0
2021-04-23 00:00:00-04:00,69.19238914725896,69.85366970105638,68.78257867779696,69.82572937011719,10664700,0.0,0.0
2021-04-26 00:00:00-04:00,69.82572071685537,69.89091718292813,69.10855248417305,69.38796997070312,9402200,0.0,0.0
2021-04-27 00:00:00-04:00,69.28552192333304,70.25416027289972,69.1271886532964,70.0585708618164,9300200,0.0,0.0
2021-04-28 00:00:00-04:00,70.00268803131229,70.10513353365931,69.53699694150063,69.63944244384766,6107800,0.0,0.0
2021-04-29 00:00:00-04:00,70.20758854737826,70.6919112766705,69.51836770048953,70.66397094726562,7940400,0.0,0.0
2021-04-30 00:00:00-04:00,70.37523362781928,70.71053177337578,70.03062677691209,70.5894546508789,7825300,0.0,0.0
2021-05-03 00:00:00-04:00,71.04584180902111,72.16350484988654,70.85956818848511,72.02379608154297,15319600,0.0,0.0
2021-05-04 00:00:00-04:00,71.7816466798815,73.29979754788889,71.65125370255004,73.14146423339844,15316500,0.0,0.0
2021-05-05 00:00:00-04:00,73.55125931356322,74.35224863766123,73.03899622051816,73.75616455078125,12271900,0.0,0.0
2021-05-06 00:00:00-04:00,73.74684558117845,74.47332258684416,73.16938603791165,74.26841735839844,14089700,0.0,0.0
2021-05-07 00:00:00-04:00,74.33360614877944,75.01351823600574,73.1880100985046,74.88312530517578,14073400,0.0,0.0
2021-05-10 00:00:00-04:00,73.36495684979039,75.18115600926826,73.20662361555489,74.6502685546875,17356700,0.0,0.0
2021-05-11 00:00:00-04:00,74.27773013293549,74.41743888351559,71.94927464287483,72.35908508300781,12980400,0.0,0.0
2021-05-12 00:00:00-04:00,72.24733005989955,72.82478968664421,71.27869154369088,71.48359680175781,12302600,0.0,0.0
2021-05-13 00:00:00-04:00,72.21006215071277,73.05762337904909,71.60466228845574,72.77820587158203,11399300,0.0,0.0
2021-05-14 00:00:00-04:00,72.7595919498844,73.62577782211696,72.7595919498844,73.47675323486328,9033400,0.0,0.0
2021-05-17 00:00:00-04:00,73.46742108957046,74.07282090540957,73.43948076214251,73.65370178222656,6637900,0.0,0.0
2021-05-18 00:00:00-04:00,73.56989201713324,74.01695868497099,73.01106401174877,73.29048156738281,6643100,0.0,0.0
2021-05-19 00:00:00-04:00,72.4708428196583,73.36496883097766,72.22868857688644,73.33702850341797,8165000,0.0,0.0
2021-05-20 00:00:00-04:00,73.53263437335184,73.87724840417174,73.28116426310409,73.31842041015625,8802700,0.0,0.0
2021-05-21 00:00:00-04:00,73.75616416127676,74.37087276380174,73.56057473747867,73.60713958740234,8629000,0.0,0.0
2021-05-24 00:00:00-04:00,74.03558862383248,74.39882720920824,73.70960618899323,73.93313598632812,7044700,0.0,0.0
2021-05-25 00:00:00-04:00,74.14734497208777,74.21254144841335,73.25321882281567,73.42086791992188,7160600,0.0,0.0
2021-05-26 00:00:00-04:00,73.19732623089422,73.92381034108175,73.16007719477615,73.82135772705078,12851100,0.0,0.0
2021-05-27 00:00:00-04:00,74.04489306338532,74.55715617221477,73.43017733278995,73.56057739257812,12867800,0.0,0.0
2021-05-28 00:00:00-04:00,73.53261790221765,73.9144879945517,73.27183203715141,73.33702850341797,6929700,0.0,0.0
2021-06-01 00:00:00-04:00,74.11940034573615,74.35224590567685,73.09488130317358,74.1100845336914,10485300,0.0,0.0
2021-06-02 00:00:00-04:00,74.2311668141168,75.37677017505239,74.05420900829132,74.76205444335938,12249300,0.0,0.0
2021-06-03 00:00:00-04:00,74.32428791470599,75.87037837027584,74.18457919076224,75.52576446533203,12038700,0.0,0.0
2021-06-04 00:00:00-04:00,75.83313003358782,78.19884145638768,75.78656519140628,77.20226287841797,14502900,0.0,0.0
2021-06-07 00:00:00-04:00,77.24885446541121,78.46896307133203,77.16502635876229,78.18023681640625,10445600,0.0,0.0
2021-06-08 00:00:00-04:00,78.26406436908823,79.19544679805442,78.23612403316068,78.80426788330078,10726800,0.0,0.0
2021-06-09 00:00:00-04:00,78.79496366567595,79.00918478245423,78.26407588726944,78.72045135498047,9720300,0.0,0.0
2021-06-10 00:00:00-04:00,78.38514275248615,78.66455319668536,76.1032517091667,76.65277099609375,16680800,0.0,0.0
2021-06-11 00:00:00-04:00,76.35472362248258,77.52826019720592,76.22432356385256,77.21159362792969,11066500,0.0,0.0
2021-06-14 00:00:00-04:00,77.30472836835403,77.39786517412729,76.49442323577276,76.9508056640625,10173200,0.0,0.0
2021-06-15 00:00:00-04:00,76.37334597547567,76.84835292179959,75.76794608010327,76.03804779052734,17298000,0.0,0.0
2021-06-16 00:00:00-04:00,72.6385165686463,73.1600955818586,70.69193062459405,71.79096221923828,36560600,0.0,0.0
2021-06-17 00:00:00-04:00,71.70711140877427,72.40564803754185,71.30661679071224,72.23799896240234,14836100,0.0,0.0
2021-06-18 00:00:00-04:00,71.62328424451053,71.63260005507064,70.75709861533768,70.99925994873047,22521200,0.0,0.0
2021-06-21 00:00:00-04:00,71.35321399342727,72.74097193072366,71.29733331723205,72.63851928710938,8924300,0.0,0.0
2021-06-22 00:00:00-04:00,72.70369130333697,73.75615772328011,72.33114411293525,73.2811508178711,9845800,0.0,0.0
2021-06-23 00:00:00-04:00,73.3556749213072,73.45812754694498,72.70370302125914,72.74095916748047,7295900,0.0,0.0
2021-06-24 00:00:00-04:00,73.25321617470264,73.541942401438,72.28457777153686,72.40565490722656,9624000,0.0,0.0
2021-06-25 00:00:00-04:00,72.67576870505154,73.21597221116028,72.23801783306287,73.07626342773438,12845000,0.0,0.0
2021-06-28 00:00:00-04:00,73.10418669081955,73.55125327219973,72.95516923428099,73.1135025024414,5605400,0.0,0.0
2021-06-29 00:00:00-04:00,73.15076967003162,73.19733452339578,72.48017324981457,72.74095916748047,5392900,0.0,0.0
2021-06-30 00:00:00-04:00,72.26593377173465,72.84339323220006,72.25662506696372,72.498779296875,7899800,0.0,0.0
2021-07-01 00:00:00-04:00,72.62920660111925,74.15667325114337,72.56401011383349,74.08216094970703,13108000,0.0,0.0
2021-07-02 00:00:00-04:00,73.99831018680125,76.61549890315497,73.90517339145259,76.2056884765625,15258100,0.0,0.0
2021-07-06 00:00:00-04:00,76.00078554148526,77.89149025667895,75.77725580477151,77.37923431396484,14200400,0.0,0.0
2021-07-07 00:00:00-04:00,77.46306642174306,81.1885957292893,77.26747698580289,80.18270111083984,20976600,0.0,0.0
2021-07-08 00:00:00-04:00,79.18612285228973,80.92781037371637,78.8508317497071,79.71701049804688,16383300,0.0,0.0
2021-07-09 00:00:00-04:00,79.98711011515283,82.33419751243342,79.893973305457,81.73811340332031,15685300,0.0,0.0
2021-07-12 00:00:00-04:00,81.5238936785225,82.75331806190297,81.00232185099235,81.10477447509766,16076800,0.0,0.0
2021-07-13 00:00:00-04:00,80.75083736805247,81.89644064987493,80.59250409265958,81.09545135498047,12789300,0.0,0.0
2021-07-14 00:00:00-04:00,81.40395517274133,82.89031240623777,81.01133331469647,82.5257339477539,13330500,0.32,0.0
2021-07-15 00:00:00-04:00,82.35746008003791,82.98378639568274,79.93628500966683,80.61869812011719,18306300,0.0,0.0
2021-07-16 00:00:00-04:00,81.09543780682938,82.7126756124526,80.88042659152597,81.78720092773438,14617500,0.0,0.0
2021-07-19 00:00:00-04:00,81.24501073834298,82.1424348856254,80.57194084485789,81.3104476928711,15619900,0.0,0.0
2021-07-20 00:00:00-04:00,81.42264527635055,83.24554463104285,81.34785812565549,82.88096618652344,12813900,0.0,0.0
2021-07-21 00:00:00-04:00,83.09596906258858,84.36732207663793,82.69399704885099,83.84382629394531,13108100,0.0,0.0
2021-07-22 00:00:00-04:00,84.13361409010912,85.19930596468292,83.83447263640586,84.77864074707031,13638900,0.0,0.0
2021-07-23 00:00:00-04:00,85.05908476825459,85.25539568535297,81.4413438027209,81.97418975830078,12680900,0.0,0.0
2021-07-26 00:00:00-04:00,81.74049579103324,82.35747201962354,81.02068187023255,82.13311767578125,10454100,0.0,0.0
2021-07-27 00:00:00-04:00,82.03963278991719,82.82487651630689,81.44134981778343,82.0770263671875,8465200,0.0,0.0
2021-07-28 00:00:00-04:00,82.17049895692979,82.21723557501669,81.44134209950072,81.49742889404297,6396800,0.0,0.0
2021-07-29 00:00:00-04:00,81.964849836109,82.50704603617287,81.63766493334492,81.91810607910156,6201400,0.0,0.0
2021-07-30 00:00:00-04:00,81.71243442396269,82.40419765910545,81.20763191223331,81.46002960205078,7962800,0.0,0.0
2021-08-02 00:00:00-04:00,82.01159133684209,82.19855209553626,81.41330121841006,81.89006042480469,5579100,0.0,0.0
2021-08-03 00:00:00-04:00,82.15180194242629,84.29253598361973,82.08636496876952,83.89056396484375,9889800,0.0,0.0
2021-08-04 00:00:00-04:00,83.93729661641594,84.21773769553079,83.46053751019812,84.18035125732422,7509900,0.0,0.0
2021-08-05 00:00:00-04:00,84.30187480780678,84.61970945645363,82.97443515976242,83.60076141357422,8231300,0.0,0.0
2021-08-06 00:00:00-04:00,83.42315049588326,84.0214334035254,83.03052867501088,83.68489837646484,6513900,0.0,0.0
2021-08-09 00:00:00-04:00,83.62880845706779,84.57297653281627,83.29227344258506,84.04013061523438,5798700,0.0,0.0
2021-08-10 00:00:00-04:00,83.29229360849943,84.2458120910886,83.13337623876667,83.7970962524414,5473300,0.0,0.0
2021-08-11 00:00:00-04:00,84.04011688283363,84.52621897315898,83.67553853206626,83.78771209716797,8009800,0.0,0.0
2021-08-12 00:00:00-04:00,83.30162397256574,84.11491811637093,82.89030181265122,83.95599365234375,5687200,0.0,0.0
2021-08-13 00:00:00-04:00,84.71319197449623,85.38625480248464,84.08685862536234,84.48883056640625,6640400,0.0,0.0
2021-08-16 00:00:00-04:00,84.00274496006023,84.91886259419397,83.70360348922743,84.9001693725586,7122800,0.0,0.0
2021-08-17 00:00:00-04:00,85.05908394279797,85.79759098496028,84.47950137377832,85.02169036865234,6738500,0.0,0.0
2021-08-18 00:00:00-04:00,84.59167131687788,85.11517420025034,83.0679206796403,83.14270782470703,7666300,0.0,0.0
2021-08-19 00:00:00-04:00,82.53505922962137,83.56335731856284,82.47897244741705,82.92768096923828,8099400,0.0,0.0
2021-08-20 00:00:00-04:00,83.01183388688759,83.57272321069871,82.54442492836253,83.14270782470703,8716400,0.0,0.0
2021-08-23 00:00:00-04:00,83.65685218082172,83.73163932479869,82.92769535728269,83.31097412109375,7147300,0.0,0.0
2021-08-24 00:00:00-04:00,83.39512106798618,83.8064433104238,82.70335767741966,82.77814483642578,6320100,0.0,0.0
2021-08-25 00:00:00-04:00,82.77812992521238,83.10531477180676,82.31072096376475,82.84356689453125,5748500,0.0,0.0
2021-08-26 00:00:00-04:00,83.02117242088687,83.36705759895955,82.69398759411234,82.93704223632812,9093200,0.0,0.0
2021-08-27 00:00:00-04:00,83.00247476413271,83.68488777605093,82.83420727191697,83.52597045898438,5426800,0.0,0.0
2021-08-30 00:00:00-04:00,83.62880360561749,84.11491287926788,83.47923645902101,83.61945343017578,5357000,0.0,0.0
2021-08-31 00:00:00-04:00,83.61946924063673,83.66621299458923,82.72204479509372,83.32032775878906,8113300,0.0,0.0
2021-09-01 00:00:00-04:00,83.44186391876653,84.29254466390611,83.077285437693,84.08688354492188,8208000,0.0,0.0
2021-09-02 00:00:00-04:00,84.29252569167124,84.60101730071351,83.58206924502733,83.94664764404297,7717400,0.0,0.0
2021-09-03 00:00:00-04:00,83.51663033005316,84.58232933034176,83.47924388914706,84.13361358642578,8456900,0.0,0.0
2021-09-07 00:00:00-04:00,84.17100153451656,84.75993422271071,82.76877473511632,82.93704223632812,11046000,0.0,0.0
2021-09-08 00:00:00-04:00,82.3948661883305,83.75969974895266,82.23594882414277,83.63817596435547,8851200,0.0,0.0
2021-09-09 00:00:00-04:00,83.75968481579925,84.90951400389783,83.5820742595297,83.70359802246094,11034700,0.0,0.0
2021-09-10 00:00:00-04:00,83.80641400566364,84.64775142005023,83.6755400892139,83.83445739746094,10547400,0.0,0.0
2021-09-13 00:00:00-04:00,84.24579941400253,84.61037785775044,82.478993992118,83.0959701538086,18883400,0.0,0.0
2021-09-14 00:00:00-04:00,80.57195042110934,81.28240683125654,79.20711725581309,80.7589111328125,22714200,0.0,0.0
2021-09-15 00:00:00-04:00,80.90849596094604,82.60051415846395,80.55326057744422,82.01158142089844,14951100,0.0,0.0
2021-09-16 00:00:00-04:00,81.95547270634742,82.23592089197163,80.57194639190519,81.56285095214844,12410500,0.0,0.0
2021-09-17 00:00:00-04:00,80.59064363944205,81.86199644888673,80.34758900855276,80.7589111328125,58069000,0.0,0.0
2021-09-20 00:00:00-04:00,79.48756138545978,81.71243245374345,79.39408102600707,80.55325317382812,13897700,0.0,0.0
2021-09-21 00:00:00-04:00,81.08608890551368,81.94612664813543,80.50650647028918,81.25435638427734,11124400,0.0,0.0
2021-09-22 00:00:00-04:00,81.90875017538879,83.19879636038898,81.55351479492732,82.67530059814453,9908000,0.0,0.0
2021-09-23 00:00:00-04:00,83.14272956989055,84.18972134627673,82.880981625794,83.59143829345703,9720200,0.0,0.0
2021-09-24 00:00:00-04:00,83.45120402394,84.18971113786283,83.1427194884295,84.0775375366211,7617800,0.0,0.0
2021-09-27 00:00:00-04:00,83.9279471894949,85.35821738881273,83.33901449921531,85.10581970214844,11533000,0.0,0.0
2021-09-28 00:00:00-04:00,84.73190656648703,86.25565740397892,84.18036734634855,84.59168243408203,15041800,0.0,0.0
2021-09-29 00:00:00-04:00,85.20865129113822,86.07803220587004,85.0684271825503,85.30213165283203,12007300,0.0,0.0
2021-09-30 00:00:00-04:00,85.30214401929615,85.61063567649352,81.44134817808677,81.45069122314453,15649900,0.0,0.0
2021-10-01 00:00:00-04:00,82.03962834878338,84.38601635568723,81.89005404779918,83.89056396484375,13320900,0.0,0.0
2021-10-04 00:00:00-04:00,83.64751748469115,84.5355917287377,83.161408132423,83.44185638427734,10853900,0.0,0.0
2021-10-05 00:00:00-04:00,83.52597948533418,85.97520499624353,83.35771197493438,85.5264892578125,9788600,0.0,0.0
2021-10-06 00:00:00-04:00,84.52623025597958,85.53583526922057,83.80642363281915,85.38626098632812,10268300,0.0,0.0
2021-10-07 00:00:00-04:00,85.73215568501357,86.82589100474473,85.67606888874894,86.29304504394531,9124400,0.0,0.0
2021-10-08 00:00:00-04:00,86.65888834281306,89.13539212214364,86.40561263768134,88.5444107055664,13202300,0.32,0.0
2021-10-11 00:00:00-04:00,88.45060962669943,90.80516702364758,88.36617961611617,89.38867950439453,12959300,0.0,0.0
2021-10-12 00:00:00-04:00,89.89522918849082,90.54249247326061,89.36052969746996,89.65132904052734,9964100,0.0,0.0
2021-10-13 00:00:00-04:00,90.14850783322854,90.98338939642541,90.0077959295303,90.429931640625,9453900,0.0,0.0
2021-10-14 00:00:00-04:00,90.80516554791178,91.32109967811617,88.52565549588233,89.3792953491211,7911200,0.0,0.0
2021-10-15 00:00:00-04:00,89.20104372847702,90.09221423153296,88.8633452231349,89.42618560791016,7422800,0.0,0.0
2021-10-18 00:00:00-04:00,89.58568934001036,90.66447132365356,89.210459890451,90.53314208984375,7344100,0.0,0.0
2021-10-19 00:00:00-04:00,90.99278273093657,91.25544116484882,90.35489489561873,91.04906463623047,5616500,0.0,0.0
2021-10-20 00:00:00-04:00,91.24604117881833,91.90269429612832,90.28921318552645,90.65505981445312,6574100,0.0,0.0
2021-10-21 00:00:00-04:00,90.58940394200859,90.83330410374825,89.78266330901998,90.33612823486328,6224400,0.0,0.0
2021-10-22 00:00:00-04:00,90.32672856065135,92.18410248247287,90.2610639706254,92.16534423828125,6819600,0.0,0.0
2021-10-25 00:00:00-04:00,92.34361624611776,92.82202680949537,91.50873449013758,91.82767486572266,5083100,0.0,0.0
2021-10-26 00:00:00-04:00,92.21228162468587,92.45617466579395,90.93650588309762,90.97402954101562,7089700,0.0,0.0
2021-10-27 00:00:00-04:00,90.81453325023264,91.27419259610558,90.05469901748206,90.08283996582031,5941200,0.0,0.0
2021-10-28 00:00:00-04:00,90.66446496873562,91.64943415326997,89.9890534382515,90.27047729492188,5177200,0.0,0.0
2021-10-29 00:00:00-04:00,89.85770881111631,90.96463148369273,89.54814405322266,89.99842071533203,7578600,0.0,0.0
2021-11-01 00:00:00-04:00,90.0546944665062,90.08283541342233,88.0941321577056,88.53501892089844,7327600,0.0,0.0
2021-11-02 00:00:00-04:00,87.92528571237446,89.97965371257045,87.70952650882275,89.93275451660156,6229600,0.0,0.0
2021-11-03 00:00:00-04:00,90.5237423342043,90.87083076212699,88.88212006389489,90.19541931152344,5746400,0.0,0.0
2021-11-04 00:00:00-04:00,90.27045100400342,90.62691491598198,89.41680413578901,89.70760345458984,5857500,0.0,0.0
2021-11-05 00:00:00-04:00,90.24232002158142,90.57065020666404,88.27237469561193,89.06973266601562,6160200,0.0,0.0
2021-11-08 00:00:00-05:00,89.35114356717901,89.35114356717901,88.46935571315709,89.24795532226562,5056400,0.0,0.0
2021-11-09 00:00:00-05:00,89.21982548443407,89.68886041720603,88.23484926285091,88.73202514648438,6102600,0.0,0.0
2021-11-10 00:00:00-05:00,88.27238738948661,88.97593990399938,87.5782175791011,88.01911163330078,5828800,0.0,0.0
2021-11-11 00:00:00-05:00,88.28174430781267,88.89149107367358,87.99094497696228,88.21607971191406,3620600,0.0,0.0
2021-11-12 00:00:00-05:00,88.45059975405893,88.6194525994733,87.64385917673515,87.7470474243164,6435300,0.0,0.0
2021-11-15 00:00:00-05:00,88.00972316073984,88.41309352889859,87.16545876727902,88.19733428955078,5700900,0.0,0.0
2021-11-16 00:00:00-05:00,88.30990924562677,90.4018084950961,88.1973382691174,89.68887329101562,7392900,0.0,0.0
2021-11-17 00:00:00-05:00,89.82955586243143,90.18601976951155,88.94776806024448,89.42618560791016,6257600,0.0,0.0
2021-11-18 00:00:00-05:00,89.25734354660429,89.42619639810108,87.70952693403451,88.79769134521484,5725300,0.0,0.0
2021-11-19 00:00:00-05:00,88.93838864963922,90.95523999685881,88.12227256643934,88.1504135131836,8936600,0.0,0.0
2021-11-22 00:00:00-05:00,87.9252945248147,89.74514525684953,87.62511244429001,88.75079345703125,6488200,0.0,0.0
2021-11-23 00:00:00-05:00,88.32865806131801,88.45060456194975,86.54632396437411,87.18421173095703,8905500,0.0,0.0
2021-11-24 00:00:00-05:00,86.518191096128,87.89714785438295,86.4431437855425,87.78458404541016,10908500,0.0,0.0
2021-11-26 00:00:00-05:00,87.13731638932735,88.2536219111513,86.36809932272661,86.61199951171875,4519300,0.0,0.0
2021-11-29 00:00:00-05:00,87.39996378260587,88.30050995479857,87.11854712955459,87.18421173095703,9552500,0.0,0.0
2021-11-30 00:00:00-05:00,87.25925091073067,87.72828581752367,84.99850638157889,85.12045288085938,23271200,0.0,0.0
2021-12-01 00:00:00-05:00,86.01162253983817,86.66826853927219,84.10734198457486,84.19176483154297,12084900,0.0,0.0
2021-12-02 00:00:00-05:00,83.86345045869047,85.40188452153835,83.48822106745567,84.41690826416016,7089800,0.0,0.0
2021-12-03 00:00:00-05:00,84.75458838792531,85.16734130924108,82.28746787393149,82.77526092529297,10808600,0.0,0.0
2021-12-06 00:00:00-05:00,82.8690753569257,83.64767493962181,82.40942319957064,83.43192291259766,8398500,0.0,0.0
2021-12-07 00:00:00-05:00,84.40753332983766,85.11108575966206,83.68521549401757,84.47319793701172,6803700,0.0,0.0
2021-12-08 00:00:00-05:00,84.47318087092523,84.58574465653645,82.46571224928022,83.43192291259766,7695800,0.0,0.0
2021-12-09 00:00:00-05:00,83.60079112433198,84.41690734773469,82.77528504119597,83.2724609375,8615800,0.0,0.0
2021-12-10 00:00:00-05:00,97.8313160704353,99.75435517627069,93.90080068465895,96.27411651611328,45824600,0.0,0.0
2021-12-13 00:00:00-05:00,96.09586425904226,97.896956401012,94.29476496016854,94.64185333251953,16317600,0.0,0.0
2021-12-14 00:00:00-05:00,93.80696936678545,95.17655026071206,93.23474628109575,93.70378112792969,9511600,0.0,0.0
2021-12-15 00:00:00-05:00,94.35106020430761,97.33412239143435,94.03211275746914,97.2309341430664,14452200,0.0,0.0
2021-12-16 00:00:00-05:00,97.51234733220845,97.5592536823174,95.94577257246671,96.82756042480469,9053200,0.0,0.0
2021-12-17 00:00:00-05:00,91.64005659140922,93.76008954592716,89.87648048794462,90.63632202148438,28872300,0.0,0.0
2021-12-20 00:00:00-05:00,90.44869448008363,90.44869448008363,85.8521507196326,85.9647216796875,17205400,0.0,0.0
2021-12-21 00:00:00-05:00,86.12419009658696,86.15233104680516,84.15424485535851,85.8427734375,15823000,0.0,0.0
2021-12-22 00:00:00-05:00,85.61765032990898,86.17111538110022,83.96665219458379,84.29497528076172,10539000,0.0,0.0
2021-12-23 00:00:00-05:00,84.45442698620379,84.7639917526595,83.54449809160029,84.16362762451172,9655400,0.0,0.0
2021-12-27 00:00:00-05:00,84.14486131671985,84.73584989304838,83.50697354279542,83.9947738647461,7666200,0.0,0.0
2021-12-28 00:00:00-05:00,84.14488137656093,84.23869410792713,83.03795842136158,83.159912109375,5610500,0.0,0.0
2021-12-29 00:00:00-05:00,83.01918774148902,83.666458275107,82.28749435056721,82.74714660644531,5628500,0.0,0.0
2021-12-30 00:00:00-05:00,83.159888631466,83.40378878172778,82.33438263270445,82.55952453613281,7382400,0.0,0.0
2021-12-31 00:00:00-05:00,82.59705683252746,82.64395603297245,81.78093345020741,81.80907440185547,5908200,0.0,0.0
2022-01-03 00:00:00-05:00,81.92165263441292,82.49387589171543,80.44888305993906,82.45635223388672,10644400,0.0,0.0
2022-01-04 00:00:00-05:00,82.45634628998995,84.03230402066279,82.29687612339283,83.33812713623047,11959000,0.0,0.0
2022-01-05 00:00:00-05:00,83.00979508646655,83.11298333762605,80.88037977697587,81.10551452636719,11236700,0.0,0.0
2022-01-06 00:00:00-05:00,80.97370571566623,82.31071169065416,80.55000896613238,81.29383087158203,7918400,0.32,0.0
2022-01-07 00:00:00-05:00,81.39738645875566,82.85679885748272,81.23732391227335,82.39543914794922,9836800,0.0,0.0
2022-01-10 00:00:00-05:00,82.27304122109292,84.15615048653467,81.86817244168329,84.06199645996094,11025500,0.0,0.0
2022-01-11 00:00:00-05:00,83.45940661069585,83.79836687159742,82.3012983721923,83.30876159667969,7249800,0.0,0.0
2022-01-12 00:00:00-05:00,83.69479269386359,84.28796954035438,82.54609486560261,83.14868927001953,5840300,0.0,0.0
2022-01-13 00:00:00-05:00,83.54415185319363,83.7230423617646,82.43311701770675,82.65908813476562,6044300,0.0,0.0
2022-01-14 00:00:00-05:00,82.36720815226936,82.95096746766868,81.59513358715068,82.56493377685547,6054800,0.0,0.0
2022-01-18 00:00:00-05:00,81.79285490042558,81.88700892857625,80.35227025410195,80.55000305175781,6824700,0.0,0.0
2022-01-19 00:00:00-05:00,80.75715131474311,81.62338718246922,78.36560846555447,78.5068359375,10501800,0.0,0.0
2022-01-20 00:00:00-05:00,79.01526926887882,80.03215007623861,77.69709124268937,77.88540649414062,10836900,0.0,0.0
2022-01-21 00:00:00-05:00,78.48799883760489,78.51624432869586,77.235729386963,77.41462707519531,11609000,0.0,0.0
2022-01-24 00:00:00-05:00,76.4730730369184,77.60293579101562,74.93833429547055,77.60293579101562,16770400,0.0,0.0
2022-01-25 00:00:00-05:00,76.57663909873575,77.30163299663113,75.5126777788935,76.33183288574219,13469900,0.0,0.0
2022-01-26 00:00:00-05:00,77.1227453015235,77.23572726278006,74.64645195943517,74.9383316040039,13971300,0.0,0.0
2022-01-27 00:00:00-05:00,75.4279403923542,76.40715804891047,74.5711222490581,75.11722564697266,10331900,0.0,0.0
2022-01-28 00:00:00-05:00,75.31493929452128,75.79513408082057,73.97793368446253,75.77630615234375,7854700,0.0,0.0
2022-01-31 00:00:00-05:00,75.78574824685182,76.86853776650447,75.43737754803288,76.41659545898438,10594200,0.0,0.0
2022-02-01 00:00:00-05:00,76.64254911217608,76.64254911217608,74.99482849261729,76.3035888671875,8016900,0.0,0.0
2022-02-02 00:00:00-05:00,76.41658098491925,78.03604899419852,76.11527659231797,77.67826080322266,9287600,0.0,0.0
2022-02-03 00:00:00-05:00,76.85911410996975,77.92307560886927,76.85911410996975,77.1510009765625,8207200,0.0,0.0
2022-02-04 00:00:00-05:00,77.23573194336973,78.06430468808756,76.70846360290737,77.3110580444336,5570200,0.0,0.0
2022-02-07 00:00:00-05:00,77.33929607147691,77.44286765456965,75.94579925376097,76.0211181640625,6292200,0.0,0.0
2022-02-08 00:00:00-05:00,75.59741426215926,76.13410005824322,75.13605455269892,76.06819152832031,6585300,0.0,0.0
2022-02-09 00:00:00-05:00,76.97209102009717,78.7610462542045,76.87793699377399,78.5727310180664,8755900,0.0,0.0
2022-02-10 00:00:00-05:00,77.91366978730814,78.88347020750713,76.84971531161783,77.06626892089844,6336300,0.0,0.0
2022-02-11 00:00:00-05:00,77.05684301272606,77.61236409188487,74.88185367746962,75.08899688720703,7670500,0.0,0.0
2022-02-14 00:00:00-05:00,74.92891549148625,75.07015011573313,73.85554384079623,74.33573150634766,5389800,0.0,0.0
2022-02-15 00:00:00-05:00,74.75002279458651,75.2584631656042,74.58054267091396,75.1078109741211,5712800,0.0,0.0
2022-02-16 00:00:00-05:00,74.82534832196431,75.11722796138092,73.64840502303696,74.56171417236328,6227000,0.0,0.0
2022-02-17 00:00:00-05:00,74.15685619165596,74.36399939179772,70.92732302165558,71.11563110351562,9247100,0.0,0.0
2022-02-18 00:00:00-05:00,71.08738480581057,71.30394556264457,69.93868684237108,70.21173858642578,7790100,0.0,0.0
2022-02-22 00:00:00-05:00,69.50557086473897,70.53186927037683,69.31726278947149,69.78804016113281,8039000,0.0,0.0
2022-02-23 00:00:00-05:00,69.74096814989667,70.03284785759894,68.12149264233538,68.23448181152344,6807100,0.0,0.0
2022-02-24 00:00:00-05:00,66.79389384076704,70.56011270414734,66.12539085453614,70.43770599365234,11240500,0.0,0.0
2022-02-25 00:00:00-05:00,70.28705529822629,72.33964470034334,69.97634054305223,71.8876953125,8291800,0.0,0.0
2022-02-28 00:00:00-05:00,71.15328393346185,72.21723809174125,70.63542600751198,71.5299072265625,9234400,0.0,0.0
2022-03-01 00:00:00-05:00,71.53930517704966,72.02891029544656,71.20034502450955,71.56755065917969,8752100,0.0,0.0
2022-03-02 00:00:00-05:00,71.98183342677244,74.25098305514084,71.79352541383716,73.70487976074219,8527200,0.0,0.0
2022-03-03 00:00:00-05:00,74.34515393717726,74.4204800328457,72.90457647910473,73.67665100097656,8203000,0.0,0.0
2022-03-04 00:00:00-05:00,73.13057405039378,73.35655241918629,71.35103570124589,72.01953887939453,8841300,0.0,0.0
2022-03-07 00:00:00-05:00,71.83120505600974,71.9253590842399,69.14777574224443,69.9763412475586,11110100,0.0,0.0
2022-03-08 00:00:00-05:00,69.52439241480077,70.83315999665506,68.83706153804515,69.04420471191406,9134100,0.0,0.0
2022-03-09 00:00:00-05:00,70.541278368084,72.45263331305259,70.32472480379776,71.65231323242188,8959500,0.0,0.0
2022-03-10 00:00:00-05:00,70.7107534214541,72.35847407394101,70.6448448826943,72.170166015625,13812600,0.0,0.0
2022-03-11 00:00:00-05:00,72.21724565633667,75.23022513325292,69.67505073272874,73.27178955078125,22795800,0.0,0.0
2022-03-14 00:00:00-04:00,73.36594819399048,74.00620574447521,71.03089631586475,72.56562805175781,13306200,0.0,0.0
2022-03-15 00:00:00-04:00,73.48833762359492,76.77436108663365,72.565610977206,75.88929748535156,16847200,0.0,0.0
2022-03-16 00:00:00-04:00,76.26592266392964,76.48248338284745,73.20587021136457,75.28670501708984,14071300,0.0,0.0
2022-03-17 00:00:00-04:00,75.11722301938997,76.53897244233448,74.6276177999839,75.88929748535156,10462400,0.0,0.0
2022-03-18 00:00:00-04:00,74.97599893683267,77.19806862609224,74.23216985425496,76.90618896484375,24176000,0.0,0.0
2022-03-21 00:00:00-04:00,76.52957637574121,77.18866907495595,75.57860397434891,76.22827911376953,8131300,0.0,0.0
2022-03-22 00:00:00-04:00,76.69902515906551,77.42402611327405,76.10584843756887,77.01915740966797,9292300,0.0,0.0
2022-03-23 00:00:00-04:00,76.50132705342132,76.65197926861855,75.53152676444145,75.69158935546875,7451100,0.0,0.0
2022-03-24 00:00:00-04:00,75.93638041593465,77.97955218706025,75.78572823088811,77.4334487915039,7025700,0.0,0.0
2022-03-25 00:00:00-04:00,77.24513430453918,77.99837361650721,76.4824774359179,76.95325469970703,5682300,0.0,0.0
2022-03-28 00:00:00-04:00,76.96267416672266,78.81753795457973,76.96267416672266,78.7139663696289,6626700,0.0,0.0
2022-03-29 00:00:00-04:00,79.55196317725824,79.5707982960467,78.25262013708402,79.36365509033203,5762000,0.0,0.0
2022-03-30 00:00:00-04:00,79.05293033559634,79.42955364555641,78.26202784982317,78.48799896240234,5533100,0.0,0.0
2022-03-31 00:00:00-04:00,78.2526093562569,79.00585596717342,77.76299690411354,77.89482116699219,9433300,0.0,0.0
2022-04-01 00:00:00-04:00,78.18671161252514,78.48800886179623,76.70847086086806,77.21691131591797,6147500,0.0,0.0
2022-04-04 00:00:00-04:00,77.44287253738308,79.37306250745635,77.2074838670567,79.15650177001953,7882400,0.0,0.0
2022-04-05 00:00:00-04:00,78.52565883034863,79.58019543532257,77.83832077875653,78.09254455566406,5143400,0.0,0.0
2022-04-06 00:00:00-04:00,77.13216508246656,77.65002307968665,76.61431426873928,77.32048034667969,5492400,0.0,0.0
2022-04-07 00:00:00-04:00,76.8005947493785,77.51897771643449,76.35633169358856,77.07471466064453,7112200,0.32,0.0
2022-04-08 00:00:00-04:00,77.23539846845534,77.34882962808601,75.86480621132226,76.507568359375,6182500,0.0,0.0
2022-04-11 00:00:00-04:00,76.21453380285752,76.68715278089938,75.33546221523592,75.39218139648438,5738400,0.0,0.0
2022-04-12 00:00:00-04:00,75.57177598275763,76.55482437813124,74.69270434536733,74.98573303222656,6174700,0.0,0.0
2022-04-13 00:00:00-04:00,74.91958673527832,75.58125063465751,74.32408201424143,75.38275146484375,4728600,0.0,0.0
2022-04-14 00:00:00-04:00,75.45836197649821,75.95933703371946,74.97628850885744,75.09916687011719,5590400,0.0,0.0
2022-04-18 00:00:00-04:00,74.81560285649776,75.60015227109317,73.64350954089177,73.93653106689453,4955900,0.0,0.0
2022-04-19 00:00:00-04:00,73.96488066652296,75.41109379279284,73.95542626636069,75.20314025878906,5412400,0.0,0.0
2022-04-20 00:00:00-04:00,75.42053897098093,77.37718129285145,75.42053897098093,75.89315795898438,9472600,0.0,0.0
2022-04-21 00:00:00-04:00,77.02744866686635,77.13142543198228,74.98573817610502,75.12752532958984,5616100,0.0,0.0
2022-04-22 00:00:00-04:00,74.92902462318256,75.3354773142249,71.98934062524667,72.0365982055664,9357100,0.0,0.0
2022-04-25 00:00:00-04:00,72.02712790714381,72.84003310980528,70.60927100179379,72.76441955566406,7305900,0.0,0.0
2022-04-26 00:00:00-04:00,72.16892201031237,72.4524963034082,70.40133151300918,70.4296875,7555200,0.0,0.0
2022-04-27 00:00:00-04:00,70.49585722458433,71.85699514600297,70.34461567131882,70.66600036621094,7279200,0.0,0.0
2022-04-28 00:00:00-04:00,71.38437068046052,72.43358543876319,70.5147534501032,71.97042083740234,6177900,0.0,0.0
2022-04-29 00:00:00-04:00,71.21423491335291,71.71521716353587,69.14416838053586,69.38047790527344,7946900,0.0,0.0
2022-05-02 00:00:00-04:00,69.88145020128246,70.51475797194163,68.55811547236894,69.94761657714844,7379900,0.0,0.0
2022-05-03 00:00:00-04:00,69.80583557012304,70.14612187927105,68.82278703387264,69.27650451660156,5211500,0.0,0.0
2022-05-04 00:00:00-04:00,69.36155952770133,71.2236794793763,68.80387258788859,71.09134674072266,6759900,0.0,0.0
2022-05-05 00:00:00-04:00,69.94760660244421,70.62817906378234,68.04767634980743,68.81332397460938,7197200,0.0,0.0
2022-05-06 00:00:00-04:00,68.1800079643655,68.94565557660913,67.70738900858747,68.52029418945312,6222500,0.0,0.0
2022-05-09 00:00:00-04:00,67.71684443278846,68.6148175777329,67.27258145377212,67.62232208251953,7019700,0.0,0.0
2022-05-10 00:00:00-04:00,68.52976473736496,69.58843404396453,67.36711865906388,68.55812072753906,8129000,0.0,0.0
2022-05-11 00:00:00-04:00,68.35016236175868,69.43718758183839,66.98902444827254,67.1402587890625,6932100,0.0,0.0
2022-05-12 00:00:00-04:00,66.9984846803843,67.04574947760473,65.19308336977308,66.85670471191406,11698900,0.0,0.0
2022-05-13 00:00:00-04:00,67.07408390418436,68.03823064934184,66.6676312982049,67.2725830078125,6700100,0.0,0.0
2022-05-16 00:00:00-04:00,66.81886865255767,67.02682214190362,65.59005651274582,65.89253234863281,6942100,0.0,0.0
2022-05-17 00:00:00-04:00,67.15917574594233,67.96262675868468,66.82833661281754,67.94371795654297,5952500,0.0,0.0
2022-05-18 00:00:00-04:00,66.922848239833,67.05518097292996,64.09658164053633,64.55975341796875,7977300,0.0,0.0
2022-05-19 00:00:00-04:00,63.784673880631324,64.18167217499916,63.066290863493215,63.36876678466797,9451600,0.0,0.0
2022-05-20 00:00:00-04:00,64.16276780684295,64.92841566927879,63.18917359365182,64.87169647216797,7531100,0.0,0.0
2022-05-23 00:00:00-04:00,65.51444088755981,66.61092038586554,64.90948916835437,66.2044677734375,7370200,0.0,0.0
2022-05-24 00:00:00-04:00,65.8547150974322,66.66762017374616,64.56919112612603,65.24976348876953,6644100,0.0,0.0
2022-05-25 00:00:00-04:00,65.10800840553678,66.37463141721416,65.00403162056342,66.00598907470703,7103300,0.0,0.0
2022-05-26 00:00:00-04:00,66.28952831213556,68.17055683982419,66.08158204134301,67.73574829101562,6758900,0.0,0.0
2022-05-27 00:00:00-04:00,68.39742011815744,68.86058470442819,67.6317796698088,68.79441833496094,6566700,0.0,0.0
2022-05-31 00:00:00-04:00,68.27454265553709,68.98347114247917,67.6034173416963,67.98151397705078,16890300,0.0,0.0
2022-06-01 00:00:00-04:00,69.0212674429142,69.25757691503148,67.25367720689633,67.67903137207031,5804700,0.0,0.0
2022-06-02 00:00:00-04:00,67.56561330874243,69.18196937300912,67.1213503087242,69.13470458984375,6200400,0.0,0.0
2022-06-03 00:00:00-04:00,68.58647272608225,68.96456940011991,67.32931156142882,67.858642578125,8169500,0.0,0.0
2022-06-06 00:00:00-04:00,68.65262962958542,70.74160463117657,68.65262962958542,68.97401428222656,5274700,0.0,0.0
2022-06-07 00:00:00-04:00,67.66958304604714,69.12525039030022,67.66958304604714,68.7093505859375,5675700,0.0,0.0
2022-06-08 00:00:00-04:00,68.06659683585394,68.19892959144029,67.05519236867586,67.4710922241211,5253500,0.0,0.0
2022-06-09 00:00:00-04:00,66.89449704976232,67.26314654280017,65.41047352375816,65.42938232421875,6824900,0.0,0.0
2022-06-10 00:00:00-04:00,64.25729499369537,64.48415013886391,63.29314800643772,63.46329116821289,10256100,0.0,0.0
2022-06-13 00:00:00-04:00,62.177749482761776,62.480225329958095,60.2683684437122,60.5424919128418,16547200,0.0,0.0
2022-06-14 00:00:00-04:00,68.05714019400583,68.46359284751713,65.2403276073192,66.84723663330078,29661300,0.0,0.0
2022-06-15 00:00:00-04:00,66.59200796223878,67.50888988999671,64.90948563408601,65.8830795288086,11765500,0.0,0.0
2022-06-16 00:00:00-04:00,64.74880465229847,65.18361327800294,63.87918740088953,64.94730377197266,10686000,0.0,0.0
2022-06-17 00:00:00-04:00,64.98510665492289,65.5711567583844,63.699582513621706,64.01151275634766,16445600,0.0,0.0
2022-06-21 00:00:00-04:00,64.85280395104095,65.7224215046797,63.699612006973936,63.973731994628906,10047700,0.0,0.0
2022-06-22 00:00:00-04:00,63.26478106865049,63.86973282549439,62.744897272178186,62.88668441772461,8219900,0.0,0.0
2022-06-23 00:00:00-04:00,62.81105260541934,64.15329584087044,62.67871988259343,63.92643356323242,8775800,0.0,0.0
2022-06-24 00:00:00-04:00,64.58810655780435,66.90393649661527,64.24782034151313,66.82831573486328,20132600,0.0,0.0
2022-06-27 00:00:00-04:00,65.57118107480325,66.97012966926874,65.16472833216888,66.55422973632812,8840600,0.0,0.0
2022-06-28 00:00:00-04:00,66.70543852185806,67.17805747332697,64.77715233447377,64.82441711425781,7252100,0.0,0.0
2022-06-29 00:00:00-04:00,65.24977874455864,66.25172872849458,65.01346924181196,65.419921875,8077900,0.0,0.0
2022-06-30 00:00:00-04:00,64.47468647194358,66.40297295774481,64.47468647194358,66.04378509521484,9888600,0.0,0.0
2022-07-01 00:00:00-04:00,66.02485943992461,67.09298277827752,65.98704906221731,66.98900604248047,7805600,0.0,0.0
2022-07-05 00:00:00-04:00,66.52585737036001,68.05714574581494,66.33681262792618,68.04769134521484,9040400,0.0,0.0
2022-07-06 00:00:00-04:00,68.35960152657833,68.75659969571754,67.40490927180707,67.73574829101562,6043700,0.0,0.0
2022-07-07 00:00:00-04:00,67.89646911621094,68.03825630414914,67.28206277620933,67.89646911621094,7814500,0.0,0.0
2022-07-08 00:00:00-04:00,67.76409915866024,68.28397561379492,67.42381297891042,67.93424224853516,4927300,0.0,0.0
2022-07-11 00:00:00-04:00,67.4120520129204,68.33303472760541,67.31710690955894,67.9532470703125,4543300,0.32,0.0
2022-07-12 00:00:00-04:00,67.98174218364977,68.3045642861356,66.52906083208448,66.85188293457031,7140800,0.0,0.0
2022-07-13 00:00:00-04:00,65.5605863484956,66.96579103209278,65.20928155567337,66.49105834960938,6454800,0.0,0.0
2022-07-14 00:00:00-04:00,65.66504525800804,66.06381907685883,64.78204194835398,65.94038391113281,4915500,0.0,0.0
2022-07-15 00:00:00-04:00,66.7094522383876,67.28862680918726,66.46258916464167,67.16519165039062,5134100,0.0,0.0
2022-07-18 00:00:00-04:00,67.64942477993907,68.08617809171274,66.60501405666746,66.66197967529297,4642300,0.0,0.0
2022-07-19 00:00:00-04:00,67.07022770774078,68.64634357092515,66.70943350424035,68.58937072753906,7160300,0.0,0.0
2022-07-20 00:00:00-04:00,68.88372727721303,69.40592897375548,68.513436299063,68.92169952392578,5655700,0.0,0.0
2022-07-21 00:00:00-04:00,68.50392599125368,70.85859598688805,68.4849326278276,70.77314758300781,7005100,0.0,0.0
2022-07-22 00:00:00-04:00,71.0390083677243,71.48525831140988,70.50731000614842,71.1149673461914,6659800,0.0,0.0
2022-07-25 00:00:00-04:00,71.30485791293383,71.61818326782675,70.5832621015023,71.07698822021484,5721600,0.0,0.0
2022-07-26 00:00:00-04:00,71.02001761424202,71.49475033293656,69.98509652068779,70.28892517089844,7284400,0.0,0.0
2022-07-27 00:00:00-04:00,70.62123342447588,72.27330842622592,70.56426781884521,72.03594207763672,6677200,0.0,0.0
2022-07-28 00:00:00-04:00,71.8175669726698,73.37468975098295,71.50424163165826,73.14682006835938,5688100,0.0,0.0
2022-07-29 00:00:00-04:00,73.11833650902535,74.21022322792659,73.10883982622543,73.90638732910156,5926600,0.0,0.0
2022-08-01 00:00:00-04:00,73.2797254561936,73.87788593282072,72.82397896649339,73.5265884399414,5227500,0.0,0.0
2022-08-02 00:00:00-04:00,73.09934894756086,73.35570869658798,72.21634571706754,72.49169158935547,6403400,0.0,0.0
2022-08-03 00:00:00-04:00,72.84299005532301,73.83043498678688,72.44421630718756,73.46014404296875,6127800,0.0,0.0
2022-08-04 00:00:00-04:00,73.53610113152072,73.91588878573394,73.21328633394003,73.48863220214844,3656200,0.0,0.0
2022-08-05 00:00:00-04:00,72.41573753125499,73.48863828652499,72.15938500864878,73.441162109375,4858100,0.0,0.0
2022-08-08 00:00:00-04:00,73.03289322505857,73.517122716043,72.41573912774082,72.60563659667969,4733500,0.0,0.0
2022-08-09 00:00:00-04:00,72.35876640954876,73.02339661985341,72.00746155936572,72.89046478271484,4243700,0.0,0.0
2022-08-10 00:00:00-04:00,73.66902043963921,74.03931862772468,73.29872949540022,73.62155151367188,5258500,0.0,0.0
2022-08-11 00:00:00-04:00,74.0108364831473,74.0583126580311,73.18480609340843,73.2607650756836,5554600,0.0,0.0
2022-08-12 00:00:00-04:00,74.05830553801496,75.40654474646591,73.73549076015202,75.15019226074219,6692300,0.0,0.0
2022-08-15 00:00:00-04:00,74.85584580060628,75.40653745010135,74.533031053979,75.1122055053711,3733500,0.0,0.0
2022-08-16 00:00:00-04:00,74.9128389417957,75.63443484199577,74.86536276320902,75.50150299072266,6185100,0.0,0.0
2022-08-17 00:00:00-04:00,75.00778891385917,75.73887430205544,74.96031273219717,75.24515533447266,5185100,0.0,0.0
2022-08-18 00:00:00-04:00,75.2736278694649,75.84330575239434,75.01727535749322,75.31160736083984,4120500,0.0,0.0
2022-08-19 00:00:00-04:00,75.03627233973171,75.13121745998487,74.47609105954417,74.68497467041016,4679000,0.0,0.0
2022-08-22 00:00:00-04:00,73.99183802192975,73.99183802192975,72.32077690974899,72.59612274169922,5757700,0.0,0.0
2022-08-23 00:00:00-04:00,72.39673471215588,73.1183304241211,72.39673471215588,72.54865264892578,4432300,0.0,0.0
2022-08-24 00:00:00-04:00,72.6056280704959,72.69107648859824,72.20685429832447,72.32078552246094,3876400,0.0,0.0
2022-08-25 00:00:00-04:00,72.48220080974214,73.02340315869407,72.14039985627689,73.00440979003906,3523400,0.0,0.0
2022-08-26 00:00:00-04:00,73.08985012825266,73.35569928287028,70.80163502315096,70.87759399414062,4904100,0.0,0.0
2022-08-29 00:00:00-04:00,70.36489032401407,71.076989464594,70.32691083392149,70.44084930419922,4295500,0.0,0.0
2022-08-30 00:00:00-04:00,70.6592207629838,70.89658713795527,69.74773475235499,70.39337158203125,5099100,0.0,0.0
2022-08-31 00:00:00-04:00,70.69720217315357,71.35233570390645,70.29842839088967,70.40287017822266,8612900,0.0,0.0
2022-09-01 00:00:00-04:00,70.37437395076655,71.5612056315373,69.814185630643,71.49474334716797,8139800,0.0,0.0
2022-09-02 00:00:00-04:00,71.91252097917933,72.89046936726804,70.71619956431125,70.90608978271484,11027700,0.0,0.0
2022-09-06 00:00:00-04:00,70.92508292927191,71.39032632496496,69.8332031995736,70.09905242919922,7090100,0.0,0.0
2022-09-07 00:00:00-04:00,69.95661281390362,70.89658155651303,69.70974977509083,70.72567749023438,5792600,0.0,0.0
2022-09-08 00:00:00-04:00,70.28892283474006,71.02001525378469,69.89014910281362,70.87759399414062,6897100,0.0,0.0
2022-09-09 00:00:00-04:00,70.87759278440667,72.16886629380676,70.67820592184658,72.07392120361328,7762400,0.0,0.0
2022-09-12 00:00:00-04:00,72.7575278073484,73.46962682615761,72.41571969881231,73.1847915649414,15628900,0.0,0.0
2022-09-13 00:00:00-04:00,72.21633566895895,75.39705053919248,71.95048651721496,72.19734954833984,29476500,0.0,0.0
2022-09-14 00:00:00-04:00,71.9599769390719,72.0359359026322,68.14312232438888,68.4754409790039,21601400,0.0,0.0
2022-09-15 00:00:00-04:00,67.88679662851136,68.44697790686028,66.22523167606528,66.69046783447266,12478100,0.0,0.0
2022-09-16 00:00:00-04:00,66.06380653288197,66.27269008705058,64.80101576911456,65.3517074584961,23412000,0.0,0.0
2022-09-19 00:00:00-04:00,64.7535295497015,65.63653255464493,64.47819099159177,65.5795669555664,8364000,0.0,0.0
2022-09-20 00:00:00-04:00,64.82000916916742,65.00040993963337,64.04144771683404,64.66809844970703,8624300,0.0,0.0
2022-09-21 00:00:00-04:00,65.23777104750292,65.399178437576,63.36732292769535,63.3768196105957,6768200,0.0,0.0
2022-09-22 00:00:00-04:00,63.47176821953969,63.55722388267742,62.512806021255166,62.693206787109375,7190700,0.0,0.0
2022-09-23 00:00:00-04:00,62.04757008138095,62.13302574470341,60.64236155098311,61.288002014160156,9282500,0.0,0.0
2022-09-26 00:00:00-04:00,61.07911429145022,61.6392954313202,60.186614448162814,60.24358367919922,6897800,0.0,0.0
2022-09-27 00:00:00-04:00,60.917703834217214,61.14557350303694,58.90483456874552,59.265628814697266,9284800,0.0,0.0
2022-09-28 00:00:00-04:00,59.455529406605535,60.14863879642606,59.104228180953704,59.882789611816406,8549900,0.0,0.0
2022-09-29 00:00:00-04:00,59.14220771817143,59.43653970939006,57.70851276419425,58.297183990478516,8882100,0.0,0.0
2022-09-30 00:00:00-04:00,58.16424951075461,58.99978008695434,57.97435932600644,57.98385238647461,9794400,0.0,0.0
2022-10-03 00:00:00-04:00,57.90790138938945,60.044198725681014,57.73699731273226,59.89228439331055,9661400,0.0,0.0
2022-10-04 00:00:00-04:00,60.575902689272674,62.503320260797175,60.575902689272674,62.37039566040039,9892600,0.0,0.0
2022-10-05 00:00:00-04:00,62.03807277179171,63.79458975542683,61.69627185349268,63.27238082885742,9201600,0.0,0.0
2022-10-06 00:00:00-04:00,62.978047474463004,63.43378685154744,61.9241402046659,62.000099182128906,6992000,0.0,0.0
2022-10-07 00:00:00-04:00,61.23102666639489,61.35446181463399,59.56946570131754,60.091670989990234,7137900,0.0,0.0
2022-10-10 00:00:00-04:00,60.39549931292093,60.67084516933377,58.88584906607691,59.40805435180664,6407200,0.0,0.0
2022-10-11 00:00:00-04:00,59.026313845719145,60.219246652953096,58.83544750899532,59.56074905395508,7376900,0.32,0.0
2022-10-12 00:00:00-04:00,59.76116445860619,61.34537917554295,59.33170789426202,60.86820602416992,9008600,0.0,0.0
2022-10-13 00:00:00-04:00,59.62755770977236,62.71009589028307,59.42714585605703,62.2233772277832,10147100,0.0,0.0
2022-10-14 00:00:00-04:00,62.71963215898943,63.56899967730424,61.27856738746553,61.374000549316406,8044500,0.0,0.0
2022-10-17 00:00:00-04:00,62.87232724825515,64.48517471298287,62.8627890282996,63.96028137207031,11368300,0.0,0.0
2022-10-18 00:00:00-04:00,64.89553886996178,65.44906139013618,63.30178253046832,63.96982192993164,6688600,0.0,0.0
2022-10-19 00:00:00-04:00,63.45446838582947,64.12251500590297,62.77688354740091,63.27314758300781,5506000,0.0,0.0
2022-10-20 00:00:00-04:00,64.44700880645226,66.72789603429729,64.12253453756013,66.08848571777344,17600500,0.0,0.0
2022-10-21 00:00:00-04:00,67.78720231759887,69.46685349229148,67.10007196062993,69.3809585571289,15652600,0.0,0.0
2022-10-24 00:00:00-04:00,69.6004802557121,70.32578552728295,68.50298048660414,69.59093475341797,11489400,0.0,0.0
2022-10-25 00:00:00-04:00,70.09672542395586,70.7265974103943,69.29507811148913,69.8008804321289,9137700,0.0,0.0
2022-10-26 00:00:00-04:00,69.29507820459142,72.26309547079586,69.23781976250507,71.40418243408203,10693600,0.0,0.0
2022-10-27 00:00:00-04:00,71.33737628629913,72.4157848384003,71.14650996452168,71.7191162109375,7053000,0.0,0.0
2022-10-28 00:00:00-04:00,71.86228072456493,74.13362234232365,71.86228072456493,73.82823181152344,8758100,0.0,0.0
2022-10-31 00:00:00-04:00,73.00747528215909,74.75393035989806,72.91204213016368,74.50579833984375,12349000,0.0,0.0
2022-11-01 00:00:00-04:00,75.01160381151863,75.61284652890129,72.85477953483722,73.58963012695312,7753000,0.0,0.0
2022-11-02 00:00:00-04:00,73.15064706018981,73.895036026607,71.58551967411147,71.69049835205078,7524300,0.0,0.0
2022-11-03 00:00:00-04:00,71.30875398722921,72.2344710279734,70.66934373802304,71.60459899902344,6761200,0.0,0.0
2022-11-04 00:00:00-04:00,72.47306076548749,73.16972949105548,70.85066767757924,72.53031921386719,7219000,0.0,0.0
2022-11-07 00:00:00-05:00,72.63529099508942,73.57054620824026,72.04359372068926,73.23652648925781,5394300,0.0,0.0
2022-11-08 00:00:00-05:00,73.43693585955681,73.61826396424921,71.59504743537077,72.1867446899414,9104200,0.0,0.0
2022-11-09 00:00:00-05:00,71.93860279493393,73.04564771042537,71.57595391628116,72.20582580566406,6013700,0.0,0.0
2022-11-10 00:00:00-05:00,74.15269869607657,74.8875493660003,73.20789797297279,73.64689636230469,10437300,0.0,0.0
2022-11-11 00:00:00-05:00,73.60872042285003,74.3340255798404,73.07428887616436,74.19087219238281,7712900,0.0,0.0
2022-11-14 00:00:00-05:00,73.94275730536341,75.90870842726805,73.79960389876892,74.94481658935547,7153000,0.0,0.0
2022-11-15 00:00:00-05:00,75.32655319725932,76.9966592099988,74.4485563551651,75.56513977050781,7618500,0.0,0.0
2022-11-16 00:00:00-05:00,75.50786303487884,76.5671877460206,75.25973102009432,76.24270629882812,6011900,0.0,0.0
2022-11-17 00:00:00-05:00,75.55557641039195,75.94686179295492,74.62032134172404,75.5842056274414,5717300,0.0,0.0
2022-11-18 00:00:00-05:00,76.34770478483492,76.78670321361757,75.25020507233602,76.09003448486328,6107000,0.0,0.0
2022-11-21 00:00:00-05:00,75.9373396183566,76.44314202447875,75.29792930424311,76.1759262084961,5235400,0.0,0.0
2022-11-22 00:00:00-05:00,76.24273031144094,78.45681358101757,76.18547185964276,78.37092590332031,8796200,0.0,0.0
2022-11-23 00:00:00-05:00,78.37091748690334,79.13439012619939,78.0464359723623,78.79082489013672,6347900,0.0,0.0
2022-11-25 00:00:00-05:00,79.06757433691023,79.67835526930108,78.771729370588,78.94351196289062,2754900,0.0,0.0
2022-11-28 00:00:00-05:00,78.36136287514833,78.38999209464437,77.36884200648022,77.67423248291016,5112200,0.0,0.0
2022-11-29 00:00:00-05:00,77.61699450524458,77.77923164587983,76.84396896965066,77.15890502929688,4928200,0.0,0.0
2022-11-30 00:00:00-05:00,76.79624065721205,79.38251801169086,76.34769677369322,79.23936462402344,9610300,0.0,0.0
2022-12-01 00:00:00-05:00,79.25846059192583,80.67088899333442,78.59041383464623,80.27006530761719,6127200,0.0,0.0
2022-12-02 00:00:00-05:00,79.40160825828154,79.80243923291167,78.8099182195476,79.54476165771484,4798900,0.0,0.0
2022-12-05 00:00:00-05:00,78.64767343192649,78.65721165149714,75.78463484666962,75.80371856689453,9102900,0.0,0.0
2022-12-06 00:00:00-05:00,75.72737966213953,76.17592360122305,74.49627202542663,75.3074722290039,7656100,0.0,0.0
2022-12-07 00:00:00-05:00,75.07840909844407,75.81325970376915,74.99252144075017,75.18338775634766,5105500,0.0,0.0
2022-12-08 00:00:00-05:00,75.51742472733518,76.5481205419813,74.94481836844898,76.41451263427734,5918700,0.0,0.0
2022-12-09 00:00:00-05:00,76.01369182948034,76.69127689630274,75.90871314352762,76.21410369873047,6850800,0.0,0.0
2022-12-12 00:00:00-05:00,76.64354264462122,77.6933293121234,76.29043920290125,77.56925964355469,15807600,0.0,0.0
2022-12-13 00:00:00-05:00,81.06219091123609,81.67297206517523,76.0614102018665,76.88214874267578,22812200,0.0,0.0
2022-12-14 00:00:00-05:00,77.12071823289392,79.1057601829368,76.89167717129945,78.08460998535156,11183100,0.0,0.0
2022-12-15 00:00:00-05:00,77.10164317737475,77.33068426471226,75.83236077310231,76.41451263427734,8196800,0.0,0.0
2022-12-16 00:00:00-05:00,76.30953314648514,76.78670632069858,75.85145097664771,75.94688415527344,19200700,0.0,0.0
2022-12-19 00:00:00-05:00,76.27133714399005,77.39746581225927,76.04229612295914,76.82485961914062,7738800,0.0,0.0
2022-12-20 00:00:00-05:00,76.82488202434016,77.76968288258169,76.68172861404057,77.24479675292969,6390200,0.0,0.0
2022-12-21 00:00:00-05:00,77.63606718511812,78.39000160803882,77.24478900271463,77.77922058105469,5932400,0.0,0.0
2022-12-22 00:00:00-05:00,77.24479070263187,77.46428627095875,75.80372577236965,76.8153305053711,8181400,0.0,0.0
2022-12-23 00:00:00-05:00,76.83443074802638,77.20662526175911,76.33816654232594,77.15890502929688,4129100,0.0,0.0
2022-12-27 00:00:00-05:00,77.18751091891215,77.75057891116657,76.92984067234353,77.28295135498047,4290700,0.0,0.0
2022-12-28 00:00:00-05:00,77.3879260073107,77.91281930359193,76.52902029497169,76.66262817382812,3794000,0.0,0.0
2022-12-29 00:00:00-05:00,77.27342290430488,78.06553209950688,77.0157453198008,77.68379211425781,3867800,0.0,0.0
2022-12-30 00:00:00-05:00,77.42610325042907,78.18958310970453,77.0729998224081,78.00825500488281,5375700,0.0,0.0
2023-01-03 00:00:00-05:00,78.70494757239639,80.01239746055782,78.50453570518373,79.89788055419922,8997500,0.0,0.0
2023-01-04 00:00:00-05:00,80.3559535014006,81.28167055380187,79.82152191695627,80.62317657470703,7836200,0.0,0.0
2023-01-05 00:00:00-05:00,81.11943111193158,81.50117106749866,79.42069595479634,80.46092987060547,7643800,0.0,0.0
2023-01-06 00:00:00-05:00,80.8712789727448,82.39823113487054,79.9932823896578,81.74928283691406,8641600,0.0,0.0
2023-01-09 00:00:00-05:00,83.18618591390097,83.90462951208666,82.53480406759672,82.78385925292969,7519700,0.32,0.0
2023-01-10 00:00:00-05:00,82.03666548810851,82.96585355715347,81.96961105572305,82.86048126220703,5703300,0.0,0.0
2023-01-11 00:00:00-05:00,83.69389552189581,84.9296194368927,83.42567042886871,84.87213897705078,8359700,0.0,0.0
2023-01-12 00:00:00-05:00,84.96793517731611,85.4468976243323,84.46023615282087,85.04457092285156,6071100,0.0,0.0
2023-01-13 00:00:00-05:00,84.24947822648102,85.70552792858865,83.97168648238066,85.44688415527344,5090800,0.0,0.0
2023-01-17 00:00:00-05:00,85.43731843044618,85.67679963935907,84.70929350900278,84.87213897705078,6550400,0.0,0.0
2023-01-18 00:00:00-05:00,84.87213810265973,84.90087467809138,82.95628845109457,83.06166076660156,6397700,0.0,0.0
2023-01-19 00:00:00-05:00,82.7647030577245,83.32987517402402,81.67266938522532,82.32405853271484,5597000,0.0,0.0
2023-01-20 00:00:00-05:00,82.41025683885563,83.70345366046428,81.90255794142584,83.57892608642578,5567300,0.0,0.0
2023-01-23 00:00:00-05:00,83.52147264141391,85.3798419392564,83.31072799843282,85.22657775878906,7390200,0.0,0.0
2023-01-24 00:00:00-05:00,85.30321222784818,86.30902895196513,84.29738819534448,85.92585754394531,7004600,0.0,0.0
2023-01-25 00:00:00-05:00,84.9679184938816,86.07911466080172,84.04831165318159,85.86837005615234,5896800,0.0,0.0
2023-01-26 00:00:00-05:00,86.10784240047352,86.68259570340983,85.3414997909686,86.05036926269531,7302800,0.0,0.0
2023-01-27 00:00:00-05:00,85.73425589653448,85.94500048819158,85.21697571020839,85.24571228027344,5676800,0.0,0.0
2023-01-30 00:00:00-05:00,84.74762223674277,84.89131244217646,83.3298900826579,83.67474365234375,6255300,0.0,0.0
2023-01-31 00:00:00-05:00,84.00043057748285,84.75719206925318,83.67473233532475,84.73802947998047,6200400,0.0,0.0
2023-02-01 00:00:00-05:00,84.65182481504417,86.83589238599396,84.4985533252436,86.26113891601562,6141300,0.0,0.0
2023-02-02 00:00:00-05:00,86.84545050835725,87.38188596274914,85.20739295883854,85.61930084228516,8269200,0.0,0.0
2023-02-03 00:00:00-05:00,84.74762039480265,86.46230691003197,84.55603102225936,85.84923553466797,5671800,0.0,0.0
2023-02-06 00:00:00-05:00,85.74386149364689,85.83965252381093,84.68056424953562,84.80509185791016,4097200,0.0,0.0
2023-02-07 00:00:00-05:00,84.17285949326148,84.3165423745519,82.66891776586642,84.04832458496094,9226000,0.0,0.0
2023-02-08 00:00:00-05:00,83.27239561236338,84.2207390321011,82.87006898682442,83.04249572753906,7624400,0.0,0.0
2023-02-09 00:00:00-05:00,83.47355431601983,84.20157910421442,82.69763767984011,83.0041732788086,4960300,0.0,0.0
2023-02-10 00:00:00-05:00,82.8892370276415,83.70347169756518,82.70722896542341,83.47357177734375,5318400,0.0,0.0
2023-02-13 00:00:00-05:00,83.60766505667101,85.68635986212746,83.5310293281159,85.65762329101562,5560900,0.0,0.0
2023-02-14 00:00:00-05:00,85.25530486578808,85.64805753106026,84.01958103061472,85.34151458740234,7484800,0.0,0.0
2023-02-15 00:00:00-05:00,85.11162878385537,85.45648234419761,84.32613063160632,84.62308502197266,4329900,0.0,0.0
2023-02-16 00:00:00-05:00,83.78009706660576,84.5560137690191,83.34903385601741,84.02915954589844,5942500,0.0,0.0
2023-02-17 00:00:00-05:00,83.53103790859224,83.75136382372418,82.87007477996859,83.60767364501953,6398400,0.0,0.0
2023-02-21 00:00:00-05:00,83.10955533023609,83.28198208166674,82.52522063418702,82.57311248779297,5260300,0.0,0.0
2023-02-22 00:00:00-05:00,83.03291041051943,83.5118727439192,82.36236606711384,82.68805694580078,5840100,0.0,0.0
2023-02-23 00:00:00-05:00,83.48313378197238,85.71509994569548,83.3969167640697,84.85296630859375,8637100,0.0,0.0
2023-02-24 00:00:00-05:00,83.63640695654502,85.14992980420622,83.47356150427896,84.92961120605469,7659200,0.0,0.0
2023-02-27 00:00:00-05:00,85.12119749408951,85.22656980574709,83.68431030790757,84.25906372070312,6748800,0.0,0.0
2023-02-28 00:00:00-05:00,84.00999112065527,84.30695273977166,83.51187350506903,83.72261810302734,7468000,0.0,0.0
2023-03-01 00:00:00-05:00,83.24368018904423,83.54063458690207,82.37196497052456,82.70723724365234,5119800,0.0,0.0
2023-03-02 00:00:00-05:00,82.43900726117714,83.60767670511609,82.25700651598358,83.31072235107422,5293600,0.0,0.0
2023-03-03 00:00:00-05:00,83.64600141596503,85.53311462567973,83.41610148785172,85.49479675292969,5498500,0.0,0.0
2023-03-06 00:00:00-05:00,85.6480551218071,86.85503504077104,85.39899264128411,85.96416473388672,7424800,0.0,0.0
2023-03-07 00:00:00-05:00,85.81090421225608,86.28986660597255,84.34528045682545,84.6422348022461,5382400,0.0,0.0
2023-03-08 00:00:00-05:00,84.68055967920105,85.34152286753078,84.44107846252254,84.76676940917969,5159200,0.0,0.0
2023-03-09 00:00:00-05:00,84.61349696511202,85.86837607923661,82.8892294501129,83.21492767333984,10572300,0.0,0.0
2023-03-10 00:00:00-05:00,80.85845128515155,81.66310476246828,79.392819922803,80.53275299072266,16029300,0.0,0.0
2023-03-13 00:00:00-04:00,79.81428515373892,81.93129784893412,78.5881427156517,81.3565444946289,10299800,0.0,0.0
2023-03-14 00:00:00-04:00,82.31448836770697,82.31448836770697,79.91967607644166,81.00212860107422,8732200,0.0,0.0
2023-03-15 00:00:00-04:00,79.58438506257497,79.8621840999024,78.66477823644905,79.48859405517578,11463000,0.0,0.0
2023-03-16 00:00:00-04:00,79.43111648658177,81.52897397416656,78.62646322516527,81.25117492675781,10148100,0.0,0.0
2023-03-17 00:00:00-04:00,81.42360596889594,82.36237546516837,81.05001589088602,81.67266845703125,13065800,0.0,0.0
2023-03-20 00:00:00-04:00,81.69183335526547,83.8280090731822,81.66309677794067,83.3011474609375,9177300,0.0,0.0
2023-03-21 00:00:00-04:00,83.80883302231393,84.15368651159923,83.01376104660378,83.89505004882812,6683700,0.0,0.0
2023-03-22 00:00:00-04:00,83.85673797857771,85.40857878762448,83.7609469601298,84.20159149169922,7233700,0.0,0.0
2023-03-23 00:00:00-04:00,84.92002892245677,85.86837236044235,83.95252289714219,84.08663177490234,10747100,0.0,0.0
2023-03-24 00:00:00-04:00,84.27822448581018,84.75718687084156,83.82799867453893,84.30696105957031,5852100,0.0,0.0
2023-03-27 00:00:00-04:00,84.89129342064514,86.69218930784446,84.82423898091926,86.34733581542969,8170100,0.0,0.0
2023-03-28 00:00:00-04:00,86.42398439944844,87.05621102395835,85.7151220300322,86.06954956054688,6378900,0.0,0.0
2023-03-29 00:00:00-04:00,86.33775577177555,86.84546203234952,86.03122014167789,86.80714416503906,5233600,0.0,0.0
2023-03-30 00:00:00-04:00,87.02747317507504,87.34359013690437,85.93543940547083,86.7017822265625,5640700,0.0,0.0
2023-03-31 00:00:00-04:00,86.74966529328931,89.08700408318767,86.60598242373494,89.01036834716797,10476300,0.0,0.0
2023-04-03 00:00:00-04:00,88.49308722021273,90.04492797159317,88.21528816116638,89.96829223632812,8410900,0.0,0.0
2023-04-04 00:00:00-04:00,89.90124694264291,90.06409241536142,89.01995782258034,90.04493713378906,6651500,0.0,0.0
2023-04-05 00:00:00-04:00,89.68090748895459,91.10821315717979,89.54679862393397,90.89746856689453,7478800,0.0,0.0
2023-04-06 00:00:00-04:00,90.3610506772675,92.03741912437548,90.03535243575413,91.88414764404297,9146200,0.0,0.0
2023-04-10 00:00:00-04:00,91.07610334604152,91.48973613128432,89.98911827737531,90.19112396240234,8681500,0.4,0.0
2023-04-11 00:00:00-04:00,89.90254561259269,90.54704102810749,89.65244017560565,90.39313507080078,8196000,0.0,0.0
2023-04-12 00:00:00-04:00,90.78753857314621,91.6917609761081,90.03722948940805,90.32581329345703,8040300,0.0,0.0
2023-04-13 00:00:00-04:00,90.59515436740068,92.10539395381483,90.36429172729032,91.91300964355469,6240200,0.0,0.0
2023-04-14 00:00:00-04:00,91.86490407536894,92.33625074293255,91.07611671089921,92.06690979003906,6485100,0.0,0.0
2023-04-17 00:00:00-04:00,91.99956916258174,92.33624533397646,91.68212848427093,91.95146942138672,4772400,0.0,0.0
2023-04-18 00:00:00-04:00,92.34587769116666,93.05770844345193,92.12462913004221,92.79798889160156,7219400,0.0,0.0
2023-04-19 00:00:00-04:00,91.95148929047537,92.79799794888636,91.95148929047537,92.16311645507812,4766200,0.0,0.0
2023-04-20 00:00:00-04:00,92.34586909687377,92.49016098513569,90.99915703807963,91.22040557861328,5815500,0.0,0.0
2023-04-21 00:00:00-04:00,91.39357351836867,91.68215001634222,90.67212126494705,91.52824401855469,7335800,0.0,0.0
2023-04-24 00:00:00-04:00,91.71099045370825,92.42282849992274,91.35507876959153,91.80718994140625,4901700,0.0,0.0
2023-04-25 00:00:00-04:00,91.51860626074514,92.05728816531425,90.4412351126164,90.4797134399414,5768800,0.0,0.0
2023-04-26 00:00:00-04:00,90.18152948071838,91.20117962556971,89.78713206907338,90.14305114746094,6395500,0.0,0.0
2023-04-27 00:00:00-04:00,90.72019246599136,91.47050145987176,89.73902085991473,91.42240905761719,5615700,0.0,0.0
2023-04-28 00:00:00-04:00,90.68171024084965,91.7687026987144,90.65285333293994,91.11458587646484,8498500,0.0,0.0
2023-05-01 00:00:00-04:00,91.19154538167135,92.08614624986016,91.09534590030414,91.25888061523438,5459800,0.0,0.0
2023-05-02 00:00:00-04:00,91.31660026767763,91.6147981297977,90.27770745004636,91.1915512084961,5995100,0.0,0.0
2023-05-03 00:00:00-04:00,91.45127224808972,91.78794844295676,90.94144724743526,91.17230987548828,6744800,0.0,0.0
2023-05-04 00:00:00-04:00,91.36470106753963,91.49937154482735,90.81639774172803,91.3550796508789,5038200,0.0,0.0
2023-05-05 00:00:00-04:00,91.3839380830228,93.60600833424874,91.22041069202147,93.2789535522461,8068600,0.0,0.0
2023-05-08 00:00:00-04:00,93.3847591660834,93.57714345216995,92.76912064381834,93.10579681396484,5314800,0.0,0.0
2023-05-09 00:00:00-04:00,92.53826650122654,93.20200487788888,92.4420743417516,92.48055267333984,6333500,0.0,0.0
2023-05-10 00:00:00-04:00,93.10580460792615,93.96192722896113,92.59597960202785,93.80801391601562,5935300,0.0,0.0
2023-05-11 00:00:00-04:00,93.82726363031767,93.91383437095504,92.67293571554742,93.73107147216797,5144500,0.0,0.0
2023-05-12 00:00:00-04:00,93.89460273621494,94.1928006404394,93.24048575930945,94.1254653930664,4994700,0.0,0.0
2023-05-15 00:00:00-04:00,94.1447040668729,94.23127480724321,93.35591663009265,93.55792236328125,4443700,0.0,0.0
2023-05-16 00:00:00-04:00,93.47133816765508,95.08739126640911,93.23085411926304,94.5102310180664,6896500,0.0,0.0
2023-05-17 00:00:00-04:00,95.0200667080281,96.57840615882465,94.68339047023021,95.97238159179688,9436000,0.0,0.0
2023-05-18 00:00:00-04:00,95.97236632265567,98.55997691102809,95.93389533502082,98.44454193115234,10005700,0.0,0.0
2023-05-19 00:00:00-04:00,98.49263827543328,99.14675512750969,98.04052712692588,98.92550659179688,8560300,0.0,0.0
2023-05-22 00:00:00-04:00,98.57922136949816,99.17561709454864,97.85776924610572,97.896240234375,5890500,0.0,0.0
2023-05-23 00:00:00-04:00,97.22289738978796,97.56919503009817,94.72186458454075,94.78919982910156,10047300,0.0,0.0
2023-05-24 00:00:00-04:00,94.22162621173338,95.11622696580358,93.58675228183888,94.57754516601562,6815900,0.0,0.0
2023-05-25 00:00:00-04:00,95.42405414213609,100.67623148395928,95.01042134309841,100.3203125,16729600,0.0,0.0
2023-05-26 00:00:00-04:00,100.3780361827648,102.1864808488903,100.07021690710371,100.11831665039062,13994100,0.0,0.0
2023-05-30 00:00:00-04:00,100.90710659258171,101.94599942672083,100.22413278652468,101.14759063720703,10296700,0.0,0.0
2023-05-31 00:00:00-04:00,100.49346918695477,102.43657695029151,100.18564991734726,101.90751647949219,13713500,0.0,0.0
2023-06-01 00:00:00-04:00,100.88787000069873,102.55202292161616,100.7916778446957,101.95561981201172,7835900,0.0,0.0
2023-06-02 00:00:00-04:00,102.46543024856149,102.70591427380961,101.72474267995291,101.85941314697266,8652400,0.0,0.0
2023-06-05 00:00:00-04:00,101.85940317709125,103.50431286810769,101.51310562750997,102.85981750488281,7442000,0.0,0.0
2023-06-06 00:00:00-04:00,102.74440644788008,103.39852337828573,102.10953235192251,103.02336883544922,7023000,0.0,0.0
2023-06-07 00:00:00-04:00,103.06183305395116,104.2450176848103,100.84937709077946,101.2437744140625,9842500,0.0,0.0
2023-06-08 00:00:00-04:00,101.64779883361851,103.687106266621,101.33997953608898,103.38890838623047,9526700,0.0,0.0
2023-06-09 00:00:00-04:00,103.60052169727783,105.95726969724167,103.32156666864857,105.66868591308594,12597100,0.0,0.0
2023-06-12 00:00:00-04:00,109.98777205107345,113.03711511837633,109.98777205107345,111.99822235107422,39081500,0.0,0.0
2023-06-13 00:00:00-04:00,118.62597190727548,119.27046740000917,111.6038347106826,112.23871612548828,39190900,0.0,0.0
2023-06-14 00:00:00-04:00,112.06554581059372,117.84678331891561,111.33447238386509,117.61591339111328,26264200,0.0,0.0
2023-06-15 00:00:00-04:00,117.30811971974393,122.6853470345297,117.02916467276653,121.7330322265625,27476700,0.0,0.0
2023-06-16 00:00:00-04:00,122.30058550800801,122.55069101097301,120.38633424902527,120.68453216552734,19514700,0.0,0.0
2023-06-20 00:00:00-04:00,119.71295382860528,120.48250570282234,117.31773481206534,117.39469146728516,16273000,0.0,0.0
2023-06-21 00:00:00-04:00,117.30812356001637,118.66445720457564,115.77864843469587,117.4524154663086,17583000,0.0,0.0
2023-06-22 00:00:00-04:00,116.9810579713265,117.92375130608126,115.49967539200708,115.99026489257812,12203400,0.0,0.0
2023-06-23 00:00:00-04:00,115.03793610217627,115.33614128738573,113.64313167548373,114.12409973144531,19734300,0.0,0.0
2023-06-26 00:00:00-04:00,113.49884944549537,114.88403991297056,112.2579508748806,112.33490753173828,8987000,0.0,0.0
2023-06-27 00:00:00-04:00,112.13288998520336,113.95094861252066,111.83469214506887,113.35454559326172,6970400,0.0,0.0
2023-06-28 00:00:00-04:00,112.33489778489557,114.10486404409565,111.95974328900347,112.09441375732422,9240500,0.0,0.0
2023-06-29 00:00:00-04:00,111.24792301808492,113.31608731626022,110.26674398407116,113.29684448242188,9234300,0.0,0.0
2023-06-30 00:00:00-04:00,115.27842845439771,117.09649458908572,114.49926249595332,114.55697631835938,13703100,0.0,0.0
2023-07-03 00:00:00-04:00,113.51809981406377,113.74896246096976,112.38301473653843,112.69083404541016,4284700,0.0,0.0
2023-07-05 00:00:00-04:00,112.0848016077592,112.55615562484047,111.01705918893913,111.5461196899414,8466500,0.0,0.0
2023-07-06 00:00:00-04:00,110.30522528070632,111.40183199129311,110.27636836816315,111.05553436279297,7982800,0.0,0.0
2023-07-07 00:00:00-04:00,110.46873875286401,111.56535266421032,110.13206258398097,110.24749755859375,7001600,0.0,0.0
2023-07-10 00:00:00-04:00,109.9300682233708,110.65152037640026,109.33367247382057,110.02626037597656,6931000,0.0,0.0
2023-07-11 00:00:00-04:00,110.2386299499821,111.01088251336489,109.49534293364184,110.8950424194336,6117100,0.4,0.0
2023-07-12 00:00:00-04:00,111.65762570638378,113.9936787368642,111.62866752774279,111.9954833984375,11011600,0.0,0.0
2023-07-13 00:00:00-04:00,113.02837972634809,114.46669992399929,112.70983236022552,113.37589263916016,9359600,0.0,0.0
2023-07-14 00:00:00-04:00,114.0805725484507,115.8084819136419,113.5979165480536,115.13275909423828,7723800,0.0,0.0
2023-07-17 00:00:00-04:00,114.72733207001222,115.8084841834001,114.1481463311333,114.76594543457031,6735900,0.0,0.0
2023-07-18 00:00:00-04:00,114.65974280449818,117.08267766168466,113.72338911171421,116.5807113647461,8903600,0.0,0.0
2023-07-19 00:00:00-04:00,116.6289955140964,117.15026487772597,114.3122452417692,114.57288360595703,7609000,0.0,0.0
2023-07-20 00:00:00-04:00,113.41451220226477,114.9204040283404,111.23291224283847,111.86035919189453,12913000,0.0,0.0
2023-07-21 00:00:00-04:00,112.44919660438387,115.1327628763885,112.17891041364187,113.56896209716797,9159600,0.0,0.0
2023-07-24 00:00:00-04:00,113.84890021323173,114.42808594321542,112.68087357108656,113.9743881225586,6200400,0.0,0.0
2023-07-25 00:00:00-04:00,113.88750894135043,114.39912310475628,112.7580883443978,113.8585433959961,6266300,0.0,0.0
2023-07-26 00:00:00-04:00,113.34692745070373,113.53999425963504,111.01087429822782,111.4935302734375,8160000,0.0,0.0
2023-07-27 00:00:00-04:00,113.4724225309995,113.52068370959363,111.62867317365406,112.36231231689453,7843000,0.0,0.0
2023-07-28 00:00:00-04:00,112.63259744143697,113.23109349547975,111.63832732170532,111.9665298461914,6910400,0.0,0.0
2023-07-31 00:00:00-04:00,112.39126832296313,113.17316862967306,111.81208263781704,113.16352081298828,6703100,0.0,0.0
2023-08-01 00:00:00-04:00,112.86427450052183,113.9454265652774,112.43954223898058,113.81993865966797,5246000,0.0,0.0
2023-08-02 00:00:00-04:00,112.86426984550206,112.92219356971778,110.35446028360765,111.69624328613281,6387800,0.0,0.0
2023-08-03 00:00:00-04:00,111.2425679308202,112.1403085073733,110.29656616655818,110.57650756835938,5193800,0.0,0.0
2023-08-04 00:00:00-04:00,111.3390889843285,112.3623247715357,110.29655756123968,110.4703140258789,5579300,0.0,0.0
2023-08-07 00:00:00-04:00,111.46457947096395,112.34300957431984,111.07845319228991,112.07272338867188,7347000,0.0,0.0
2023-08-08 00:00:00-04:00,111.04949089421548,111.5997184273895,110.25793536640819,111.23290252685547,4694800,0.0,0.0
2023-08-09 00:00:00-04:00,111.33908519950337,111.69625329932768,108.43350131284471,109.17678833007812,6542400,0.0,0.0
2023-08-10 00:00:00-04:00,109.83319210920486,111.09774840257157,108.57829099743323,109.07059478759766,6004100,0.0,0.0
2023-08-11 00:00:00-04:00,108.491411086372,109.5436049572032,107.27511594913689,109.13816833496094,5288900,0.0,0.0
2023-08-14 00:00:00-04:00,109.25401627862364,111.79278427617525,109.22505809596944,111.56111145019531,6494200,0.0,0.0
2023-08-15 00:00:00-04:00,111.4452653009183,113.96473016142055,110.85642440311533,113.22144317626953,10412200,0.0,0.0
2023-08-16 00:00:00-04:00,113.09594794355301,113.72339479898699,111.27150164142505,111.33907318115234,5722000,0.0,0.0
2023-08-17 00:00:00-04:00,111.72521134740889,112.72913673390799,110.39308340855716,110.8950424194336,6183900,0.0,0.0
2023-08-18 00:00:00-04:00,110.52822404320573,112.9318488620164,109.99729949709975,112.42023468017578,9412800,0.0,0.0
2023-08-21 00:00:00-04:00,112.84497469056058,113.2793621462697,111.19429204822134,112.54572296142578,5811200,0.0,0.0
2023-08-22 00:00:00-04:00,113.43382859952513,113.59792989139662,111.71557421464267,112.49747467041016,4960300,0.0,0.0
2023-08-23 00:00:00-04:00,113.03802869682688,116.27182227997295,108.2211240933094,113.75235748291016,16517300,0.0,0.0
2023-08-24 00:00:00-04:00,115.52854454588756,115.57681309349536,108.51072929784875,108.9933853149414,11995900,0.0,0.0
2023-08-25 00:00:00-04:00,108.99337662023532,112.12098529936866,108.829267990308,112.03410339355469,8758100,0.0,0.0
2023-08-28 00:00:00-04:00,112.33337309251046,113.6268877871407,111.68660838044839,112.78706359863281,4514800,0.0,0.0
2023-08-29 00:00:00-04:00,116.75448634408215,117.00546953242355,114.41843301379775,116.46489715576172,11920500,0.0,0.0
2023-08-30 00:00:00-04:00,116.5324604757105,117.5170754300807,115.98223295552654,116.91858673095703,5601800,0.0,0.0
2023-08-31 00:00:00-04:00,116.80275388253736,117.7487628982727,115.95328196015483,116.21391296386719,9109800,0.0,0.0
2023-09-01 00:00:00-04:00,116.81241044551686,117.4688229184449,115.92431778349919,116.73518371582031,6189900,0.0,0.0
2023-09-05 00:00:00-04:00,118.1928160629462,119.96898679460618,116.97652075294184,119.67939758300781,11089600,0.0,0.0
2023-09-06 00:00:00-04:00,118.79129207040535,120.25857043104564,118.47274470839776,120.01724243164062,8728500,0.0,0.0
2023-09-07 00:00:00-04:00,119.53458198188174,121.5906938089432,118.33758984678649,120.75086975097656,11864400,0.0,0.0
2023-09-08 00:00:00-04:00,120.47092348320503,122.29536231562406,120.03652872588212,121.93819427490234,10595500,0.0,0.0
2023-09-11 00:00:00-04:00,122.61391872051743,123.00004496739508,120.39370568927573,122.3146743774414,22155600,0.0,0.0
2023-09-12 00:00:00-04:00,108.19217562501974,109.36985749668865,103.57798523451089,105.80785369873047,68605700,0.0,0.0
2023-09-13 00:00:00-04:00,104.56259246627148,109.0223364262504,104.44675237837413,107.96048736572266,27171000,0.0,0.0
2023-09-14 00:00:00-04:00,109.56291561940935,111.14602676252773,108.06667902408276,109.71736907958984,19849700,0.0,0.0
2023-09-15 00:00:00-04:00,110.22898829026184,111.20394818418401,108.59760852547137,109.95870208740234,23215000,0.0,0.0
2023-09-18 00:00:00-04:00,109.48568409436531,110.49926462935736,107.70951356855552,108.31765747070312,11744100,0.0,0.0
2023-09-19 00:00:00-04:00,108.57828898307265,109.79457671064483,107.83499467369965,108.85822296142578,9536100,0.0,0.0
2023-09-20 00:00:00-04:00,108.89684921860879,110.72128839077442,108.55899147649411,108.95477294921875,8777100,0.0,0.0
2023-09-21 00:00:00-04:00,107.64193722531299,108.59759399029882,105.53755688717781,105.63408660888672,12645800,0.0,0.0
2023-09-22 00:00:00-04:00,106.1746538628803,106.763494711304,104.74599637454551,105.24795532226562,11150000,0.0,0.0
2023-09-25 00:00:00-04:00,104.68808772807918,104.88115455480894,103.77104423653856,104.54329681396484,8410000,0.0,0.0
2023-09-26 00:00:00-04:00,103.42351987164511,103.67450303625488,100.69168533479373,101.24191284179688,13209000,0.0,0.0
2023-09-27 00:00:00-04:00,101.35775215961375,101.62803832034677,99.76498600987073,100.99093627929688,8916400,0.0,0.0
2023-09-28 00:00:00-04:00,100.42140848145299,102.90226008367866,99.68776928252255,102.4678726196289,7373600,0.0,0.0
2023-09-29 00:00:00-04:00,103.39456557970848,103.64554875375532,101.72457263299665,102.24584197998047,7299100,0.0,0.0
2023-10-02 00:00:00-04:00,102.13964831052647,103.02774084293617,101.63768937024726,103.00843048095703,5963500,0.0,0.0
2023-10-03 00:00:00-04:00,102.7285112603531,102.80573799540062,99.94841508136379,100.89441680908203,8783300,0.0,0.0
2023-10-04 00:00:00-04:00,101.31913669541545,103.57797038346044,100.87509410275172,103.3656005859375,8842700,0.0,0.0
2023-10-05 00:00:00-04:00,103.2594323705497,104.67844227895047,102.50649014113213,104.59156036376953,7651500,0.0,0.0
2023-10-06 00:00:00-04:00,104.18612400359963,106.6959337197862,103.84826627801132,106.14570617675781,8247000,0.0,0.0
2023-10-09 00:00:00-04:00,106.90830191475536,107.12067172897245,105.67270375721505,106.49321746826172,6012400,0.0,0.0
2023-10-10 00:00:00-04:00,106.38701381569778,107.20752738216949,105.8174833822362,105.90435791015625,6910400,0.0,0.0
2023-10-11 00:00:00-04:00,106.09814347567392,106.63100341626885,105.43932904288548,106.22409057617188,5641700,0.4,0.0
2023-10-12 00:00:00-04:00,106.52442746787307,107.46420761836438,105.48776436604867,105.71060180664062,6598500,0.0,0.0
2023-10-13 00:00:00-04:00,105.78812702986096,106.09815695575777,104.43174333217625,104.87741088867188,5879400,0.0,0.0
2023-10-16 00:00:00-04:00,105.55560257449554,106.17566244704187,104.9355427019492,105.32308197021484,5488000,0.0,0.0
2023-10-17 00:00:00-04:00,104.2282873719648,106.36943271261958,103.56947285240206,105.6427993774414,5261800,0.0,0.0
2023-10-18 00:00:00-04:00,105.02273903336962,106.3113039157549,104.49956214747566,104.87741088867188,5123900,0.0,0.0
2023-10-19 00:00:00-04:00,105.24555772486764,106.78602406522201,104.81927124270753,104.96459197998047,7989200,0.0,0.0
2023-10-20 00:00:00-04:00,103.65665534683461,103.70510052120456,97.52387620476547,98.67679595947266,21831400,0.0,0.0
2023-10-23 00:00:00-04:00,98.86086671064383,101.42830541392055,98.83180256624024,100.4303970336914,10722600,0.0,0.0
2023-10-24 00:00:00-04:00,100.71137452610913,101.2054872501008,99.30655307345583,99.9847412109375,6174000,0.0,0.0
2023-10-25 00:00:00-04:00,99.5003112678663,100.44009146512192,97.86296935128387,98.26988220214844,7081700,0.0,0.0
2023-10-26 00:00:00-04:00,98.52178273468282,99.19997081211349,96.75848634166739,97.27197265625,7565600,0.0,0.0
2023-10-27 00:00:00-04:00,97.85329555628364,98.90933252466859,97.4560657589812,97.8436050415039,5207900,0.0,0.0
2023-10-30 00:00:00-04:00,97.98891952548976,99.21935602145774,97.67888962106481,98.4830322265625,5433700,0.0,0.0
2023-10-31 00:00:00-04:00,98.8318194467644,100.2947691707132,97.95016749356297,100.17851257324219,6258400,0.0,0.0
2023-11-01 00:00:00-04:00,100.56605567893313,102.89127641811363,100.56605567893313,102.4552993774414,8602400,0.0,0.0
2023-11-02 00:00:00-04:00,103.13347740211098,103.87949168590652,102.28089704089754,103.54039764404297,5918300,0.0,0.0
2023-11-03 00:00:00-04:00,103.8310365960919,105.67184215116123,103.29817669310805,104.68362426757812,7280000,0.0,0.0
2023-11-06 00:00:00-05:00,104.69331233840468,105.80748475797371,104.09263360512227,105.71060180664062,6062800,0.0,0.0
2023-11-07 00:00:00-05:00,106.563189456132,106.94103816650615,105.19712274747829,105.59434509277344,7412600,0.0,0.0
2023-11-08 00:00:00-05:00,105.82686820832947,109.05311417265519,105.78811354856907,108.83028411865234,10994900,0.0,0.0
2023-11-09 00:00:00-05:00,108.8981139955178,109.77975857168121,108.13272601875828,108.68496704101562,6853900,0.0,0.0
2023-11-10 00:00:00-05:00,108.59776283826486,109.65380705451386,107.67736363536645,109.54723358154297,5233900,0.0,0.0
2023-11-13 00:00:00-05:00,109.54723605628791,110.92299333083285,109.26627029317163,110.59358978271484,5740500,0.0,0.0
2023-11-14 00:00:00-05:00,111.28146887063252,112.83161843919277,110.88423911685035,112.48283386230469,6733700,0.0,0.0
2023-11-15 00:00:00-05:00,112.53127436786104,112.68628562243423,110.38043869690095,110.50638580322266,7386200,0.0,0.0
2023-11-16 00:00:00-05:00,110.2157294942314,112.25999155590647,109.93476376059363,111.09737396240234,7476100,0.0,0.0
2023-11-17 00:00:00-05:00,111.03924355977324,112.03715198584024,110.60326659030356,111.76587677001953,4791300,0.0,0.0
2023-11-20 00:00:00-05:00,112.04683851611364,113.50010488495637,111.91120091302392,113.27726745605469,5728300,0.0,0.0
2023-11-21 00:00:00-05:00,113.55824666712753,114.00391418618922,112.07591597745163,112.46345520019531,5995300,0.0,0.0
2023-11-22 00:00:00-05:00,113.06414442794664,113.63576649748086,111.91122455809032,112.61847686767578,4343700,0.0,0.0
2023-11-24 00:00:00-05:00,112.86067914961066,112.95756210875047,111.74650664026298,112.62815856933594,2168200,0.0,0.0
2023-11-27 00:00:00-05:00,112.39564105618845,113.13195747910083,111.85308316514711,112.84130859375,5165300,0.0,0.0
2023-11-28 00:00:00-05:00,112.38595626920763,113.16103478636354,112.26000915164083,112.61847686767578,4892600,0.0,0.0
2023-11-29 00:00:00-05:00,113.68420040531339,113.91672838754266,112.34719777012845,112.58940887451172,6127200,0.0,0.0
2023-11-30 00:00:00-05:00,113.21915922424745,113.57763431974534,111.59150030712408,112.58940887451172,11075600,0.0,0.0
2023-12-01 00:00:00-05:00,112.4537596223494,113.69387916592143,111.66899809061613,113.50980377197266,5739800,0.0,0.0
2023-12-04 00:00:00-05:00,112.64752982066433,113.04475955393622,110.98112374031427,112.17279815673828,5587500,0.0,0.0
2023-12-05 00:00:00-05:00,111.00048561410004,111.67867363356619,110.26416191318319,110.96173095703125,5913600,0.0,0.0
2023-12-06 00:00:00-05:00,111.35898322586614,111.40742101325145,108.44275936751724,108.53964233398438,7815700,0.0,0.0
2023-12-07 00:00:00-05:00,108.90778711601378,109.50846582819129,108.32647464504893,109.35345458984375,6772800,0.0,0.0
2023-12-08 00:00:00-05:00,108.52026213727238,110.09947583114246,108.11334187599446,110.0704116821289,7766000,0.0,0.0
2023-12-11 00:00:00-05:00,110.22540862463302,111.75618433522793,110.07039738612835,111.54303741455078,19544200,0.0,0.0
2023-12-12 00:00:00-05:00,99.50031232251469,101.68021212171804,97.55294049058068,97.66919708251953,57666500,0.0,0.0
2023-12-13 00:00:00-05:00,97.93079159748052,99.88785399059743,96.16749512347363,99.78128051757812,29392200,0.0,0.0
2023-12-14 00:00:00-05:00,98.69619404450292,99.06435230158097,96.75850500192921,97.1847915649414,22865200,0.0,0.0
2023-12-15 00:00:00-05:00,96.5840955960715,100.7501218651581,96.26437518663327,100.10099792480469,30212300,0.0,0.0
2023-12-18 00:00:00-05:00,100.18820155696011,102.8525236198612,99.70377936370538,101.7286605834961,13473100,0.0,0.0
2023-12-19 00:00:00-05:00,101.70929098643417,103.02691260404228,101.53489869427045,102.9397201538086,10108500,0.0,0.0
2023-12-20 00:00:00-05:00,102.64905918820038,102.78469681017553,100.808260778053,100.90514373779297,9242000,0.0,0.0
2023-12-21 00:00:00-05:00,101.43801127611317,102.62969320569304,101.26361897889896,102.56187438964844,8168000,0.0,0.0
2023-12-22 00:00:00-05:00,102.40685129300213,103.17223926474786,102.17433070402124,102.89127349853516,5680000,0.0,0.0
2023-12-26 00:00:00-05:00,103.20128953304473,103.32724402022707,102.05805298609302,102.88157653808594,5767400,0.0,0.0
2023-12-27 00:00:00-05:00,103.00753197478348,103.01722248805034,102.27120819211443,102.63937377929688,5627400,0.0,0.0
2023-12-28 00:00:00-05:00,102.70719956148909,103.28850473813603,102.29059616308112,102.9397201538086,5689100,0.0,0.0
2023-12-29 00:00:00-05:00,103.27880211276617,103.58883199673393,101.51550576175659,102.14525604248047,6899700,0.0,0.0
2024-01-02 00:00:00-05:00,101.26359960503328,101.41861823587494,99.24840914595784,100.81793212890625,9597500,0.0,0.0
2024-01-03 00:00:00-05:00,100.08163254205007,100.15913447873477,98.57023020540437,99.2677993774414,9455600,0.0,0.0
2024-01-04 00:00:00-05:00,99.56813771349529,100.13975976453212,99.20967000906016,99.39374542236328,6822300,0.0,0.0
2024-01-05 00:00:00-05:00,99.33560749824706,100.48853461078845,99.1030869298313,99.52938079833984,6133800,0.0,0.0
2024-01-08 00:00:00-05:00,99.73283286624073,101.50581228660015,98.94806397058808,101.39924621582031,7038700,0.0,0.0
2024-01-09 00:00:00-05:00,100.61449125378432,101.22486796734177,100.07194074546331,100.4013442993164,6725200,0.0,0.0
2024-01-10 00:00:00-05:00,100.26516737426773,101.21831708908807,99.90531070853584,101.07242584228516,7270500,0.4,0.0
2024-01-11 00:00:00-05:00,101.49064222508991,101.96721336653775,100.70283989040352,101.89913177490234,6119000,0.0,0.0
2024-01-12 00:00:00-05:00,102.22009555095369,103.77625158597313,102.0936604238493,103.67899322509766,9703800,0.0,0.0
2024-01-16 00:00:00-05:00,103.49420652413195,103.73735614109081,102.5313286983319,103.64981842041016,7547200,0.0,0.0
2024-01-17 00:00:00-05:00,103.54283338338314,104.55433669393238,102.78420775555558,103.51365661621094,7771500,0.0,0.0
2024-01-18 00:00:00-05:00,104.0583158204443,105.8965264692463,103.69845910930255,105.7214584350586,10362300,0.0,0.0
2024-01-19 00:00:00-05:00,106.32446323924361,107.19980333639609,106.03268073341367,106.66487121582031,11163800,0.0,0.0
2024-01-22 00:00:00-05:00,107.04418690599157,107.6569287006801,106.27583321224745,107.08309173583984,7485300,0.0,0.0
2024-01-23 00:00:00-05:00,107.267891061682,109.59240091786245,106.5578908811018,108.76569366455078,9185900,0.0,0.0
2024-01-24 00:00:00-05:00,110.3121222863852,112.25731932513087,110.2245919814038,111.177734375,11702700,0.0,0.0
2024-01-25 00:00:00-05:00,111.74182950042027,112.99648232594052,111.21662547436502,111.84881591796875,8877200,0.0,0.0
2024-01-26 00:00:00-05:00,111.4986801147461,112.31566663029123,111.13881603499757,111.4986801147461,5541800,0.0,0.0
2024-01-29 00:00:00-05:00,111.0610175850054,111.45005102244788,109.91335113574085,110.63307189941406,7014400,0.0,0.0
2024-01-30 00:00:00-05:00,110.25377092319602,111.26527429372436,109.54377072510877,111.03185272216797,8231900,0.0,0.0
2024-01-31 00:00:00-05:00,110.69141963265552,111.13881399854843,108.6100596859492,108.63923645019531,7386700,0.0,0.0
2024-02-01 00:00:00-05:00,109.81610026627041,112.60745321402109,109.46596421242178,112.36430358886719,7882200,0.0,0.0
2024-02-02 00:00:00-05:00,112.64634137526332,113.29798049336623,112.00443031842157,112.6171646118164,6499400,0.0,0.0
2024-02-05 00:00:00-05:00,112.36430170934636,113.52169628022722,111.62512478354819,113.20073699951172,8084500,0.0,0.0
2024-02-06 00:00:00-05:00,113.54115425660169,113.74539906455243,111.82938612701318,112.14061737060547,4637500,0.0,0.0
2024-02-07 00:00:00-05:00,112.62691177250352,114.36785659631795,112.14061251169018,114.05662536621094,7672900,0.0,0.0
2024-02-08 00:00:00-05:00,113.88155725032503,114.56238066715717,112.79225165593414,113.48279571533203,4472800,0.0,0.0
2024-02-09 00:00:00-05:00,113.85237538282414,114.12470176922513,112.55882504741943,113.44388580322266,5787100,0.0,0.0
2024-02-12 00:00:00-05:00,113.07429899445476,113.8912781387833,112.2184076009631,112.66580200195312,5439600,0.0,0.0
2024-02-13 00:00:00-05:00,110.6719812377699,111.0804708159352,109.90362755293279,110.56499481201172,8171700,0.0,0.0
2024-02-14 00:00:00-05:00,111.1874505152603,111.57649136536016,110.41909687690577,111.12909698486328,5946100,0.0,0.0
2024-02-15 00:00:00-05:00,111.11936466246796,111.17771819062757,109.48539909096786,109.68964385986328,8455600,0.0,0.0
2024-02-16 00:00:00-05:00,109.92307596725107,110.01061368824821,108.20157993790656,108.25993347167969,8936000,0.0,0.0
2024-02-20 00:00:00-05:00,107.51102890372073,107.73472238215737,104.7293968633959,105.4782943725586,10975600,0.0,0.0
2024-02-21 00:00:00-05:00,103.83461161438083,105.41021633941364,103.59146200418814,105.19625091552734,7865300,0.0,0.0
2024-02-22 00:00:00-05:00,108.43500566544316,108.82404655302003,106.65515603384466,107.9681625366211,8957800,0.0,0.0
2024-02-23 00:00:00-05:00,108.93101814085382,110.26348058764799,108.64896372129871,108.88238525390625,7504500,0.0,0.0
2024-02-26 00:00:00-05:00,108.93103555433942,109.45623965191696,107.8903554221963,107.92926025390625,6342900,0.0,0.0
2024-02-27 00:00:00-05:00,107.58883351692704,108.45444546581132,106.78157509527738,108.3280029296875,6593100,0.0,0.0
2024-02-28 00:00:00-05:00,108.21131477964592,108.95048432153868,108.05569545271823,108.61980438232422,5278300,0.0,0.0
2024-02-29 00:00:00-05:00,108.61980438232422,109.3589813445549,107.608301018308,108.61980438232422,12193900,0.0,0.0
2024-03-01 00:00:00-05:00,108.61979151237492,110.8178660125905,108.46417220388598,110.66224670410156,7605100,0.0,0.0
2024-03-04 00:00:00-05:00,110.46773483661475,111.45978200058732,110.28293875475876,110.93457794189453,6588100,0.0,0.0
2024-03-05 00:00:00-05:00,109.7285447747931,110.09812947386028,107.34568180226614,107.90006256103516,8242000,0.0,0.0
2024-03-06 00:00:00-05:00,108.44472127361624,109.95225175721383,107.63746282316497,109.19361877441406,6706400,0.0,0.0
2024-03-07 00:00:00-05:00,110.81785545331199,111.65429060589776,109.21306673403298,111.40141296386719,7670100,0.0,0.0
2024-03-08 00:00:00-05:00,110.94430460846243,111.19718228250449,108.48363172356467,109.33951568603516,8312900,0.0,0.0
2024-03-11 00:00:00-04:00,108.55172519714486,111.60568406284087,108.13350752214377,111.00267028808594,20438300,0.0,0.0
2024-03-12 00:00:00-04:00,122.8002869171952,125.82506138187419,121.18576986871075,124.04521179199219,48536100,0.0,0.0
2024-03-13 00:00:00-04:00,124.49260628864653,125.2706880460856,121.40947086691028,122.08055877685547,15870300,0.0,0.0
2024-03-14 00:00:00-04:00,123.74370039372384,124.29808119699211,121.5164491187444,122.09027862548828,10965900,0.0,0.0
2024-03-15 00:00:00-04:00,120.64111601693354,122.55713620450351,120.17426548287253,122.10001373291016,17844900,0.0,0.0
2024-03-18 00:00:00-04:00,123.7145306460331,125.41657808176261,123.40329941174178,124.298095703125,12231400,0.0,0.0
2024-03-19 00:00:00-04:00,124.24944977887218,125.66945002052742,123.0239736759615,125.64999389648438,10221000,0.0,0.0
2024-03-20 00:00:00-04:00,126.41834465456368,127.10889609640911,124.75520958585999,125.6986312866211,8373300,0.0,0.0
2024-03-21 00:00:00-04:00,126.94355535512769,129.1319018935847,125.41656864699155,125.47492218017578,17842400,0.0,0.0
2024-03-22 00:00:00-04:00,125.47490910324204,125.66944064781516,124.05492380816686,124.28834533691406,6660000,0.0,0.0
2024-03-25 00:00:00-04:00,124.17163386192168,124.17163386192168,122.59602922939622,122.62520599365234,7446100,0.0,0.0
2024-03-26 00:00:00-04:00,123.27685824950672,123.4616543365781,122.39179006441489,123.00453186035156,7063900,0.0,0.0
2024-03-27 00:00:00-04:00,123.84097566973901,124.31754688353527,121.05934321149141,121.83741760253906,8115900,0.0,0.0
2024-03-28 00:00:00-04:00,121.95412559197821,122.7127512364075,121.7693295020601,122.16809844970703,6587400,0.0,0.0
2024-04-01 00:00:00-04:00,122.10001765954281,122.81001041542854,121.14686785617045,122.04166412353516,4133600,0.0,0.0
2024-04-02 00:00:00-04:00,121.09823158748644,121.50672114380025,120.04782351096202,120.9328842163086,4862400,0.0,0.0
2024-04-03 00:00:00-04:00,120.85508954286621,122.94617776482298,120.66056539411585,122.78083038330078,7430000,0.0,0.0
2024-04-04 00:00:00-04:00,124.1035437054887,124.4828564553095,120.63136801228089,120.7869873046875,7588300,0.0,0.0
2024-04-05 00:00:00-04:00,121.01071137569498,122.54741888545726,120.73838496542584,121.4775619506836,4899500,0.0,0.0
2024-04-08 00:00:00-04:00,121.57481748813088,121.69153198424115,120.36879737634325,120.942626953125,6119200,0.0,0.0
2024-04-09 00:00:00-04:00,121.33291023422805,121.72320657382245,118.2983671741997,120.2400894165039,5564100,0.4,0.0
2024-04-10 00:00:00-04:00,118.40570127206293,120.09372981146525,118.37643034874512,118.7959976196289,4509900,0.0,0.0
2024-04-11 00:00:00-04:00,118.76673018098366,120.81577676047051,118.41546420229632,120.24984741210938,7315200,0.0,0.0
2024-04-12 00:00:00-04:00,118.78623575792646,118.88380798177087,117.49826304804321,118.17152404785156,6196900,0.0,0.0
2024-04-15 00:00:00-04:00,119.21557308119769,119.49853776651698,116.54205519975515,116.97137451171875,5101500,0.0,0.0
2024-04-16 00:00:00-04:00,117.17628105147719,118.49353227498186,116.84453396462534,117.69342803955078,7000000,0.0,0.0
2024-04-17 00:00:00-04:00,118.04469136266135,118.1032332132994,115.7321914867643,115.79073333740234,5366600,0.0,0.0
2024-04-18 00:00:00-04:00,115.87855314136009,115.87855314136009,112.8927922167149,113.18551635742188,6662400,0.0,0.0
2024-04-19 00:00:00-04:00,113.30260131899041,113.93682451543548,111.68287406556871,112.09268188476562,8251500,0.0,0.0
2024-04-22 00:00:00-04:00,113.21478065605812,113.51725679127608,111.56578248554233,111.75117492675781,7125500,0.0,0.0
2024-04-23 00:00:00-04:00,112.37563765728336,113.04889862429637,111.96582987052899,112.29757690429688,5494800,0.0,0.0
2024-04-24 00:00:00-04:00,112.58054954430361,112.92206350179751,111.1169438211595,112.54151916503906,5791800,0.0,0.0
2024-04-25 00:00:00-04:00,110.87300899451245,112.20001210591589,110.04363391095619,112.1024398803711,6796600,0.0,0.0
2024-04-26 00:00:00-04:00,114.20028399260708,116.31763195243707,113.33187847093885,114.36615753173828,8355100,0.0,0.0
2024-04-29 00:00:00-04:00,114.15147325216952,114.4637088045367,112.4927232760219,113.66360473632812,4994100,0.0,0.0
2024-04-30 00:00:00-04:00,112.297581209271,112.71714846730376,110.93155520105591,110.99009704589844,6234700,0.0,0.0
2024-05-01 00:00:00-04:00,111.14622275592258,113.92707215522842,110.89252901155041,111.84874725341797,5583600,0.0,0.0
2024-05-02 00:00:00-04:00,112.434206705567,113.00012865347749,111.48774038103377,112.1707534790039,5001000,0.0,0.0
2024-05-03 00:00:00-04:00,113.16600469937508,113.39042008849539,112.27808026652447,112.99037170410156,4485000,0.0,0.0
2024-05-06 00:00:00-04:00,113.50750836193635,115.48825365368316,113.36114629553038,115.46873474121094,6052400,0.0,0.0
2024-05-07 00:00:00-04:00,115.13698111076297,116.23956138552568,114.4442086431563,115.06867980957031,6437700,0.0,0.0
2024-05-08 00:00:00-04:00,114.85402179157511,115.11747499720119,114.26858097637161,114.54178619384766,4636000,0.0,0.0
2024-05-09 00:00:00-04:00,114.54178517336017,114.87353968039955,113.6733796922837,113.80998229980469,3236200,0.0,0.0
2024-05-10 00:00:00-04:00,114.30761341378307,114.77596309666107,113.09770138135025,113.8392562866211,4122500,0.0,0.0
2024-05-13 00:00:00-04:00,114.2880942100224,114.34664350344599,113.38065832693842,113.54653930664062,4140000,0.0,0.0
2024-05-14 00:00:00-04:00,113.67338090611351,119.57659379354368,113.31235547136221,117.9373550415039,17811200,0.0,0.0
2024-05-15 00:00:00-04:00,117.2543339269367,119.12774750662334,116.76646534195889,118.67890930175781,6604600,0.0,0.0
2024-05-16 00:00:00-04:00,118.9813891894641,119.47900977079459,118.26909780204456,119.19605255126953,5159300,0.0,0.0
2024-05-17 00:00:00-04:00,120.19130444361524,120.58160079899527,119.11799504953298,120.5035400390625,6179400,0.0,0.0
2024-05-20 00:00:00-04:00,120.79625484454691,121.65490080469229,120.24983701146964,121.498779296875,5989000,0.0,0.0
2024-05-21 00:00:00-04:00,121.44024372113097,122.31840863721732,120.91334477147915,121.60611724853516,5549500,0.0,0.0
2024-05-22 00:00:00-04:00,121.60612181536814,122.12326877291159,120.30839702627141,121.57685089111328,5705000,0.0,0.0
2024-05-23 00:00:00-04:00,123.47953587664239,123.6258904896458,120.17178762566299,121.07921600341797,6108600,0.0,0.0
2024-05-24 00:00:00-04:00,120.42547703095546,120.5132972453113,118.47400273477035,119.9278564453125,7173400,0.0,0.0
2024-05-28 00:00:00-04:00,120.24984152986347,121.79150797821283,120.02542615929775,121.46951293945312,6911400,0.0,0.0
2024-05-29 00:00:00-04:00,120.00590620601015,120.9133420246375,119.79124284870079,120.73770904541016,4735100,0.0,0.0
2024-05-30 00:00:00-04:00,117.25434168274276,118.49353213935176,114.1905273619684,114.24906921386719,10839600,0.0,0.0
2024-05-31 00:00:00-04:00,113.76119328204528,114.57105692123281,111.77069600262811,114.34664154052734,12755600,0.0,0.0
2024-06-03 00:00:00-04:00,114.67838529173557,116.4347151278603,114.49299285228805,116.38592529296875,7256300,0.0,0.0
2024-06-04 00:00:00-04:00,116.13224173057198,117.44949294526823,115.83952502841613,117.15676879882812,7368000,0.0,0.0
2024-06-05 00:00:00-04:00,118.69842955855896,119.8107693493661,117.5860897677518,119.65464782714844,5973700,0.0,0.0
2024-06-06 00:00:00-04:00,119.89858031600924,121.25485438163494,119.28386858117726,120.5035400390625,7347200,0.0,0.0
2024-06-07 00:00:00-04:00,121.19631272400417,123.15754651576061,120.27911740406442,122.86482238769531,11545000,0.0,0.0
2024-06-10 00:00:00-04:00,122.67943856792421,123.86983167093966,121.04019981241565,121.47927856445312,10164700,0.0,0.0
2024-06-11 00:00:00-04:00,121.04019432475549,121.80126809740001,119.3228948862989,120.87431335449219,18373900,0.0,0.0
2024-06-12 00:00:00-04:00,131.42205172508005,137.5399284113642,130.70976770603815,136.9739990234375,40871300,0.0,0.0
2024-06-13 00:00:00-04:00,137.0227625968977,138.944965998298,135.40305022229904,136.45684814453125,13733200,0.0,0.0
2024-06-14 00:00:00-04:00,135.8811525869696,136.57393252686845,134.04677683628472,134.77857971191406,11330800,0.0,0.0
2024-06-17 00:00:00-04:00,135.4322989163764,138.0082440072752,134.8956405873214,137.8813934326172,11232800,0.0,0.0
2024-06-18 00:00:00-04:00,137.7935812011431,141.54040773154574,137.7935812011431,141.13059997558594,11629400,0.0,0.0
2024-06-20 00:00:00-04:00,141.79411096948337,141.79411096948337,138.5058670860832,139.4425811767578,8940000,0.0,0.0
2024-06-21 00:00:00-04:00,140.23294058382223,140.23294058382223,137.03252400975188,138.06680297851562,14844100,0.0,0.0
2024-06-24 00:00:00-04:00,136.60322708828295,138.096104021805,135.744573467957,136.4958953857422,7793300,0.0,0.0
2024-06-25 00:00:00-04:00,135.62747667516936,136.16413513613017,134.2224126641333,135.79335021972656,8205500,0.0,0.0
2024-06-26 00:00:00-04:00,136.1056135638886,137.3350373124484,134.72982027403793,134.8761749267578,8036300,0.0,0.0
2024-06-27 00:00:00-04:00,135.87141062494203,137.98875864841165,135.44208385731343,136.77883911132812,7518200,0.0,0.0
2024-06-28 00:00:00-04:00,136.05678639778912,139.35478262779887,135.89091287401374,137.77407836914062,25814800,0.0,0.0
2024-07-01 00:00:00-04:00,138.2521990442826,140.5646913234106,137.6472467761553,139.61822509765625,6552400,0.0,0.0
2024-07-02 00:00:00-04:00,139.16939618487226,140.7208146992459,139.09133542528164,139.80361938476562,5920500,0.0,0.0
2024-07-03 00:00:00-04:00,140.26221868259944,141.1403761832721,140.0182843892384,140.87693786621094,3560800,0.0,0.0
2024-07-05 00:00:00-04:00,141.4331084835089,142.2527241832944,140.52568000629685,141.31602478027344,5365500,0.0,0.0
2024-07-08 00:00:00-04:00,141.24770098201924,141.70629862226662,139.94996881797525,141.5111541748047,8622600,0.0,0.0
2024-07-09 00:00:00-04:00,141.60876676323102,142.1649293122194,134.65175467406192,137.2667236328125,14334200,0.0,0.0
2024-07-10 00:00:00-04:00,137.69603878125594,138.92547727016876,136.3495314728517,138.6230010986328,6350300,0.0,0.0
2024-07-11 00:00:00-04:00,139.29812332787196,140.39402960275052,138.63274099626486,139.68951416015625,5245100,0.4,0.0
2024-07-12 00:00:00-04:00,139.64061961925617,142.0085688021508,138.2217940743082,141.65631103515625,7361800,0.0,0.0
2024-07-15 00:00:00-04:00,142.59563628325904,143.43714000817747,138.86758411806795,139.99285888671875,8687800,0.0,0.0
2024-07-16 00:00:00-04:00,139.99286804999636,140.41361247469396,138.99480195497293,139.54275512695312,7181500,0.0,0.0
2024-07-17 00:00:00-04:00,137.45857794411876,138.740400317347,135.69728902530653,136.2648162841797,9157000,0.0,0.0
2024-07-18 00:00:00-04:00,136.3626757350265,137.0476172996835,134.2491289664223,135.061279296875,5998700,0.0,0.0
2024-07-19 00:00:00-04:00,135.37440475545984,137.41944991412313,135.1102076752047,135.5798797607422,6111900,0.0,0.0
2024-07-22 00:00:00-04:00,136.7344832499906,137.65425322726503,136.12780803146893,137.1552276611328,5387200,0.0,0.0
2024-07-23 00:00:00-04:00,138.26089932988566,140.13960186220532,138.17283864804267,140.03196716308594,6697400,0.0,0.0
2024-07-24 00:00:00-04:00,138.65229817488694,139.59165696110924,135.42327194366203,135.7853240966797,8018800,0.0,0.0
2024-07-25 00:00:00-04:00,137.13566265209346,138.03588852833835,134.7383599790662,134.8557891845703,7654600,0.0,0.0
2024-07-26 00:00:00-04:00,135.88318383175803,136.94975149488343,135.4037322912207,136.02017211914062,5139400,0.0,0.0
2024-07-29 00:00:00-04:00,136.27459455086202,136.77362013074404,134.85578403775887,135.33523559570312,4054600,0.0,0.0
2024-07-30 00:00:00-04:00,136.07889607669804,136.56814209995974,132.05729316826273,132.75201416015625,6505700,0.0,0.0
2024-07-31 00:00:00-04:00,136.68557286464394,138.5055688880611,135.67772712953393,136.4507293701172,7188000,0.0,0.0
2024-08-01 00:00:00-04:00,136.2941592166013,137.3705065081387,132.849877744891,134.5524444580078,5906800,0.0,0.0
2024-08-02 00:00:00-04:00,129.91441125158963,131.41150309637186,128.96527264011254,130.41343688964844,8251600,0.0,0.0
2024-08-05 00:00:00-04:00,125.13936181011289,127.17462729564168,123.93582063325789,125.1100082397461,10355000,0.0,0.0
2024-08-06 00:00:00-04:00,127.7323499153882,128.22159595677343,125.3252677529113,125.45247650146484,8373900,0.0,0.0
2024-08-07 00:00:00-04:00,126.14720452951398,127.49752845657257,123.0453862464258,123.1921615600586,8617700,0.0,0.0
2024-08-08 00:00:00-04:00,125.2469889746499,127.0278517658234,124.90451823223279,126.18634796142578,6243200,0.0,0.0
2024-08-09 00:00:00-04:00,125.6383808250115,129.52299569224098,125.57967368736747,129.21966552734375,5597300,0.0,0.0
2024-08-12 00:00:00-04:00,129.40556570020382,129.85567858514804,128.38794059989053,129.7284698486328,5600800,0.0,0.0
2024-08-13 00:00:00-04:00,130.11008160938366,131.64630627572845,129.95351930703174,131.37232971191406,4324000,0.0,0.0
2024-08-14 00:00:00-04:00,131.1570574371011,133.0455547081218,131.12770387237146,132.6835174560547,4044600,0.0,0.0
2024-08-15 00:00:00-04:00,133.98492431640625,134.29804897433027,132.80095716381896,133.98492431640625,4698100,0.0,0.0
2024-08-16 00:00:00-04:00,133.8479232944938,134.8557838598028,133.45653243987977,134.5133056640625,4893800,0.0,0.0
2024-08-19 00:00:00-04:00,134.57201721854682,134.98298210856888,133.52503843623924,134.95362854003906,3641600,0.0,0.0
2024-08-20 00:00:00-04:00,134.85580229960092,136.78341819928596,134.85580229960092,136.1767578125,3738300,0.0,0.0
2024-08-21 00:00:00-04:00,135.8147026421015,137.28244075077566,135.57007962398916,137.18458557128906,3776800,0.0,0.0
2024-08-22 00:00:00-04:00,137.67384365089512,138.04567544874618,134.68943958273493,135.11019897460938,5162200,0.0,0.0
2024-08-23 00:00:00-04:00,135.74620663868916,136.78340588944076,134.30782203831336,136.19631958007812,4544600,0.0,0.0
2024-08-26 00:00:00-04:00,136.39201840211118,136.40179794846497,135.217830823635,135.9125518798828,2729600,0.0,0.0
2024-08-27 00:00:00-04:00,134.88511664198896,136.49962233173653,134.77748193396567,135.50155639648438,3872200,0.0,0.0
2024-08-28 00:00:00-04:00,135.84405421515055,135.9614684843271,133.96535125530622,134.91448974609375,3022600,0.0,0.0
2024-08-29 00:00:00-04:00,136.1474100851759,138.12396859648064,135.8636539041908,136.42138671875,4588400,0.0,0.0
2024-08-30 00:00:00-04:00,137.31180033957662,138.67190378269723,137.0867513336141,138.2511444091797,7980700,0.0,0.0
2024-09-03 00:00:00-04:00,137.42919820150541,139.14155919885923,135.84404594174796,136.4996337890625,6831200,0.0,0.0
2024-09-04 00:00:00-04:00,135.46246370800225,138.06525656546518,134.98299715090974,137.7227783203125,6243300,0.0,0.0
2024-09-05 00:00:00-04:00,138.3587731491641,140.19834302418687,137.29222037294522,139.54275512695312,8733200,0.0,0.0
2024-09-06 00:00:00-04:00,140.6973741901055,140.84415696524235,136.40179441641016,138.7599639892578,11154800,0.0,0.0
2024-09-09 00:00:00-04:00,139.425357019262,140.21793330137243,136.50943955366787,136.8812713623047,20233400,0.0,0.0
2024-09-10 00:00:00-04:00,150.91282425216664,157.0675475899105,149.8266974826003,152.53712463378906,37374200,0.0,0.0
2024-09-11 00:00:00-04:00,153.40800180294556,156.01079456841282,151.5097245970124,153.7993927001953,12630100,0.0,0.0
2024-09-12 00:00:00-04:00,155.61935975114136,158.84838630905523,154.5038794781096,157.90904235839844,16161300,0.0,0.0
2024-09-13 00:00:00-04:00,169.9640755282269,170.19891900827304,157.5372287899252,158.54507446289062,25727800,0.0,0.0
2024-09-16 00:00:00-04:00,161.4414058125619,170.24783410480933,160.97171888694083,166.6665496826172,27384400,0.0,0.0
2024-09-17 00:00:00-04:00,166.61764842541663,166.96990620999787,163.18314622370391,163.8680877685547,12580100,0.0,0.0
2024-09-18 00:00:00-04:00,164.01485501254686,164.01485501254686,160.2085210161401,160.99131774902344,12274400,0.0,0.0
2024-09-19 00:00:00-04:00,163.65277470236757,164.54320593880112,160.9717014488188,163.98545837402344,10075900,0.0,0.0
2024-09-20 00:00:00-04:00,163.53540480329787,165.1988385433381,163.01680513606073,164.38668823242188,12187700,0.0,0.0
2024-09-23 00:00:00-04:00,163.63325194485253,163.73110714039566,160.7271288183792,162.3807830810547,7916100,0.0,0.0
2024-09-24 00:00:00-04:00,162.1752863930384,162.52754414705325,160.39442360035085,162.23399353027344,6155100,0.0,0.0
2024-09-25 00:00:00-04:00,164.0833672262893,165.12056661882008,162.09702916007885,162.7036895751953,7142400,0.0,0.0
2024-09-26 00:00:00-04:00,164.04417898152218,164.73891487587375,162.89934512514264,164.48451232910156,7096800,0.0,0.0
2024-09-27 00:00:00-04:00,164.4747347217393,165.47280085168805,162.9287154006359,165.1107635498047,8974400,0.0,0.0
2024-09-30 00:00:00-04:00,165.8543942985855,166.85246032095114,162.86999070709211,166.7350311279297,10210300,0.0,0.0
2024-10-01 00:00:00-04:00,166.55891094139665,166.8426670544986,162.40031990377162,163.56472778320312,7595100,0.0,0.0
2024-10-02 00:00:00-04:00,163.9952858014629,165.54129021700655,163.67238160917194,164.10292053222656,7073000,0.0,0.0
2024-10-03 00:00:00-04:00,163.30054802692888,164.24968657032224,162.6645341261664,163.2711944580078,4735700,0.0,0.0
2024-10-04 00:00:00-04:00,165.08139823782386,167.22428325852394,164.55300417636627,167.18515014648438,6386900,0.0,0.0
2024-10-07 00:00:00-04:00,166.7546189883257,168.62354245014623,165.90333565393388,166.31430053710938,6791000,0.0,0.0
2024-10-08 00:00:00-04:00,166.93075502767914,170.88385646632562,166.77419271133957,170.61965942382812,7845400,0.0,0.0
2024-10-09 00:00:00-04:00,170.80555149215868,174.7684468546441,170.07168253357258,174.455322265625,8120900,0.0,0.0
2024-10-10 00:00:00-04:00,174.21998030047004,174.85743927101666,170.81697683813516,172.0232391357422,7115900,0.4,0.0
2024-10-11 00:00:00-04:00,172.11149063963555,173.5825290211709,171.03272317417245,172.37628173828125,5869400,0.0,0.0
2024-10-14 00:00:00-04:00,173.1412030890038,173.79826503764966,172.11147333264023,172.71949768066406,4688700,0.0,0.0
2024-10-15 00:00:00-04:00,173.52369294928008,174.77897785992496,170.39528220828137,170.7287139892578,5848600,0.0,0.0
2024-10-16 00:00:00-04:00,170.15010079251934,171.5328804191806,168.3260126580786,171.3955841064453,6383000,0.0,0.0
2024-10-17 00:00:00-04:00,174.07287674566703,174.318049811506,171.75844240558013,172.2880096435547,5474000,0.0,0.0
2024-10-18 00:00:00-04:00,173.38640000400295,173.55311589773555,171.20926192132134,171.317138671875,5001300,0.0,0.0
2024-10-21 00:00:00-04:00,171.08177041993565,171.7682520438325,169.816683924767,170.40509033203125,4198400,0.0,0.0
2024-10-22 00:00:00-04:00,172.06243668485652,172.45472252783037,170.91502865198584,171.92514038085938,5510100,0.0,0.0
2024-10-23 00:00:00-04:00,171.13079086891528,172.67048482343418,169.66955408700014,169.75782775878906,4830400,0.0,0.0
2024-10-24 00:00:00-04:00,169.9736063143547,171.57212467889624,169.57151885701654,171.0131378173828,3488000,0.0,0.0
2024-10-25 00:00:00-04:00,171.4053903593705,172.886230270644,169.75783456119942,170.1697235107422,3674700,0.0,0.0
2024-10-28 00:00:00-04:00,170.68950621667733,170.80718450993803,168.81638023999727,169.09097290039062,4330000,0.0,0.0
2024-10-29 00:00:00-04:00,168.96346283853092,170.6600712220094,168.96346283853092,170.08145141601562,4122900,0.0,0.0
2024-10-30 00:00:00-04:00,170.62084813963554,172.75876520988322,169.4538218674948,171.1896514892578,5822500,0.0,0.0
2024-10-31 00:00:00-04:00,167.22767445902255,167.58072432627876,164.1679039547425,164.5994110107422,9477500,0.0,0.0
2024-11-01 00:00:00-04:00,166.86478450753503,168.9438623049535,165.8350695907313,166.7373046875,5680600,0.0,0.0
2024-11-04 00:00:00-05:00,167.0216971617072,167.18841305096004,165.47220158819826,166.3155975341797,4804400,0.0,0.0
2024-11-05 00:00:00-05:00,167.1786133845879,168.5711946199548,167.0315155289485,168.46331787109375,5456800,0.0,0.0
2024-11-06 00:00:00-05:00,175.0731926411444,178.5840728518983,173.99442513129543,177.7406768798828,11085000,0.0,0.0
2024-11-07 00:00:00-05:00,177.58376594919665,183.06583239102827,177.05418371989313,182.77162170410156,7759400,0.0,0.0
2024-11-08 00:00:00-05:00,182.6637481040748,186.48845717178773,182.6637481040748,185.5960235595703,8520400,0.0,0.0
2024-11-11 00:00:00-05:00,187.36125986909266,187.8025683946783,184.2132311201192,185.47833251953125,5973600,0.0,0.0
2024-11-12 00:00:00-05:00,184.89971884931725,186.92975908424617,183.58559476446553,185.91964721679688,6629900,0.0,0.0
2024-11-13 00:00:00-05:00,185.35083280815786,188.06735449483926,185.14488085413356,185.9686737060547,5695400,0.0,0.0
2024-11-14 00:00:00-05:00,185.0174069721887,185.9294435991165,183.10506004139137,183.43849182128906,7804300,0.0,0.0
2024-11-15 00:00:00-05:00,180.95735214706997,182.21263712696316,178.80963355929384,180.19241333007812,8986300,0.0,0.0
2024-11-18 00:00:00-05:00,180.74158394571225,182.5852751927063,179.34900275197722,182.1439666748047,6289400,0.0,0.0
2024-11-19 00:00:00-05:00,181.32020620205486,185.66468105101742,180.76121934944834,185.25277709960938,8117000,0.0,0.0
2024-11-20 00:00:00-05:00,187.2141602420972,187.28281588816031,184.19364102722326,187.0670623779297,4860200,0.0,0.0
2024-11-21 00:00:00-05:00,188.23410043113958,192.25493026659095,187.93988972020938,188.71463012695312,11394300,0.0,0.0
2024-11-22 00:00:00-05:00,189.27359908813872,190.4504267632091,187.37105378075668,188.57730102539062,6879400,0.0,0.0
2024-11-25 00:00:00-05:00,190.7446530725814,190.98982614851016,184.3603515625,184.3603515625,15138500,0.0,0.0
2024-11-26 00:00:00-05:00,184.68398963627945,188.68520123633635,184.68398963627945,186.69439697265625,6427200,0.0,0.0
2024-11-27 00:00:00-05:00,185.31161312094582,185.31161312094582,178.70174200534214,179.17247009277344,8368800,0.0,0.0
2024-11-29 00:00:00-05:00,180.45715714261354,182.34008427499833,180.447355608216,181.27113342285156,4628000,0.0,0.0
2024-12-02 00:00:00-05:00,181.71247037197148,181.71247037197148,177.50530697325217,177.9073944091797,8859700,0.0,0.0
2024-12-03 00:00:00-05:00,177.68182004238247,179.50590828108005,175.65179480489937,179.3588104248047,8917100,0.0,0.0
2024-12-04 00:00:00-05:00,184.3701541041188,186.12558675310626,182.3106942694126,184.55648803710938,8906300,0.0,0.0
2024-12-05 00:00:00-05:00,185.37045784643777,185.37045784643777,182.26166513313987,182.64413452148438,6398100,0.0,0.0
2024-12-06 00:00:00-05:00,183.38947252621992,188.91077533787245,182.78144804755763,187.98892211914062,10503400,0.0,0.0
2024-12-09 00:00:00-05:00,192.5098982516022,194.48108435441262,185.28218594627734,186.77284240722656,20158000,0.0,0.0
2024-12-10 00:00:00-05:00,170.11089613109215,174.3670972014753,167.75722558846468,174.30825805664062,26502000,0.0,0.0
2024-12-11 00:00:00-05:00,174.56323096695078,177.8779757592419,171.45443814374622,175.1320343017578,13188700,0.0,0.0
2024-12-12 00:00:00-05:00,174.56323049752422,174.7299463938712,171.4348196465868,171.9349822998047,8154200,0.0,0.0
2024-12-13 00:00:00-05:00,171.62115152068236,172.73914013773572,168.32602481291818,170.042236328125,8351100,0.0,0.0
2024-12-16 00:00:00-05:00,170.48352689485367,170.90523231836175,167.62970902759446,167.92391967773438,9572000,0.0,0.0
2024-12-17 00:00:00-05:00,167.45321728376302,169.649973515468,166.0017968085499,166.4333038330078,8940200,0.0,0.0
2024-12-18 00:00:00-05:00,166.13907759205355,167.92392970491005,162.16727098843597,162.21630859375,8817900,0.0,0.0
2024-12-19 00:00:00-05:00,164.31500272479644,167.69838826717591,164.16788989693282,165.5310516357422,8386400,0.0,0.0
2024-12-20 00:00:00-05:00,164.49150304666827,167.95334541088476,162.43205834844963,166.38424682617188,13810500,0.0,0.0
2024-12-23 00:00:00-05:00,166.31557604727138,166.34499561426952,163.94230286965083,165.874267578125,6518200,0.0,0.0
2024-12-24 00:00:00-05:00,166.42345841189226,168.4534983884958,165.7663964530784,168.10044860839844,2451500,0.0,0.0
2024-12-26 00:00:00-05:00,167.20802472976263,169.21844678826358,167.20802472976263,168.365234375,4100100,0.0,0.0
2024-12-27 00:00:00-05:00,167.09033497748356,167.84545716633374,163.97172612790715,165.69775390625,4344300,0.0,0.0
2024-12-30 00:00:00-05:00,163.29506153270927,164.66803966434534,161.37291309826543,163.68734741210938,5254800,0.0,0.0
2024-12-31 00:00:00-05:00,163.97173162034173,164.0698068252781,162.63798963975367,163.42254638671875,4307500,0.0,0.0
2025-01-02 00:00:00-05:00,165.26628551377442,165.43300142413193,161.71616889146708,162.82435607910156,5360800,0.0,0.0
2025-01-03 00:00:00-05:00,163.48140228542835,163.97174843203382,162.07901948894158,163.10874938964844,5876000,0.0,0.0
2025-01-06 00:00:00-05:00,164.07963786981566,164.80535561000934,162.0005748359878,162.4909210205078,6845400,0.0,0.0
2025-01-07 00:00:00-05:00,162.3830416576518,162.95184501827603,158.20529761963255,158.90158081054688,7712200,0.0,0.0
2025-01-08 00:00:00-05:00,159.04867162061936,160.81392077109544,158.31315238826906,159.99014282226562,7596200,0.0,0.0
2025-01-10 00:00:00-05:00,156.5099693937453,156.5099693937453,151.319187589802,151.88938903808594,13593900,0.4,0.0
2025-01-13 00:00:00-05:00,151.1422320435274,151.54529279658917,149.84452912842573,151.31918334960938,8828500,0.0,0.0
2025-01-14 00:00:00-05:00,153.7769498996814,154.59292708600566,151.74193474903223,153.66880798339844,7410200,0.0,0.0
2025-01-15 00:00:00-05:00,155.98891209813516,156.46079721954825,154.60273361546675,155.63499450683594,10701200,0.0,0.0
2025-01-16 00:00:00-05:00,157.443885730308,158.77108032785836,155.7332966945703,156.8441925048828,9210600,0.0,0.0
2025-01-17 00:00:00-05:00,159.0365530265935,160.40306539477294,157.82732571445845,158.30905151367188,11618300,0.0,0.0
2025-01-21 00:00:00-05:00,161.1010466086446,170.44052295199623,159.99997630320857,169.654052734375,30232000,0.0,0.0
2025-01-22 00:00:00-05:00,188.27402142901556,188.7459215977709,177.51888884934385,181.10720825195312,48028500,0.0,0.0
2025-01-23 00:00:00-05:00,178.57078008336757,183.41748436464707,178.43314630058447,183.3191680908203,17314600,0.0,0.0
2025-01-24 00:00:00-05:00,185.4525121916634,185.90474608154744,178.7969020138727,180.4976806640625,12147200,0.0,0.0
2025-01-27 00:00:00-05:00,166.04604548424487,169.60488757580373,150.08046671238645,155.60549926757812,42201600,0.0,0.0
2025-01-28 00:00:00-05:00,160.23595326887897,163.0279620126367,154.10138553526343,161.2288818359375,20319300,0.0,0.0
2025-01-29 00:00:00-05:00,161.25833387320324,161.25833387320324,157.30625683873075,159.2823028564453,9866600,0.0,0.0
2025-01-30 00:00:00-05:00,161.99565664912748,168.59228216063065,161.32715403445445,167.50103759765625,14981700,0.0,0.0
2025-01-31 00:00:00-05:00,167.5305543881492,170.07678708004232,166.27218398439666,167.18646240234375,8704600,0.0,0.0
2025-02-03 00:00:00-05:00,160.44236531583016,167.02915072076945,160.44236531583016,165.75112915039062,8250600,0.0,0.0
2025-02-04 00:00:00-05:00,167.5206982833025,167.5206982833025,163.53914424915664,165.05311584472656,6777000,0.0,0.0
2025-02-05 00:00:00-05:00,166.13454726067985,168.98553937494813,165.67248774547,168.75942993164062,7866700,0.0,0.0
2025-02-06 00:00:00-05:00,170.07678548188468,172.68200191807355,168.67095566940193,169.43777465820312,7036900,0.0,0.0
2025-02-07 00:00:00-05:00,172.0429537606931,174.39256835772952,170.25369984112345,171.5120849609375,9991300,0.0,0.0
2025-02-10 00:00:00-05:00,173.02608551932204,176.9486709266105,171.96433273988401,175.89674377441406,7625900,0.0,0.0
2025-02-11 00:00:00-05:00,174.61869558559425,176.09334962556076,173.46846723453518,174.1959686279297,6528800,0.0,0.0
2025-02-12 00:00:00-05:00,171.93483424674034,171.93483424674034,167.82547207411073,169.30995178222656,7454800,0.0,0.0
2025-02-13 00:00:00-05:00,170.07677226323227,171.43345883072504,169.1919858067544,170.9222412109375,6421700,0.0,0.0
2025-02-14 00:00:00-05:00,171.3056692585697,172.07248827095603,169.88999877386914,171.21719360351562,7260900,0.0,0.0
2025-02-18 00:00:00-05:00,173.7634200538335,179.16065983095666,173.1145686050291,176.7618865966797,11430500,0.0,0.0
2025-02-19 00:00:00-05:00,175.56249526708876,178.61010486740787,172.73115447627444,178.45281982421875,8688500,0.0,0.0
2025-02-20 00:00:00-05:00,176.77169620217649,177.22393005000907,171.48259881257863,173.0260772705078,8737000,0.0,0.0
2025-02-21 00:00:00-05:00,173.14405359572845,173.8912212952568,164.71887072819317,164.97447204589844,9713900,0.0,0.0
2025-02-24 00:00:00-05:00,170.63713596978414,171.22698856546324,161.87768766520088,167.088134765625,10639100,0.0,0.0
2025-02-25 00:00:00-05:00,166.42945044233792,167.71732758756846,161.66141132041582,165.69212341308594,8316100,0.0,0.0
2025-02-26 00:00:00-05:00,168.09092691762805,170.93209365254535,166.2721955826785,169.55575561523438,6915100,0.0,0.0
2025-02-27 00:00:00-05:00,170.07678571875095,171.90535754096777,161.79906187868167,161.97601318359375,7436800,0.0,0.0
2025-02-28 00:00:00-05:00,160.3538784201944,163.34250396110937,158.0927392604399,163.2540283203125,12843300,0.0,0.0
2025-03-03 00:00:00-05:00,164.12899194270972,164.29611760075778,158.40734205786615,159.2823028564453,8081800,0.0,0.0
2025-03-04 00:00:00-05:00,156.52963405696732,157.06050298564185,150.92595091669762,154.8092041015625,13171900,0.0,0.0
2025-03-05 00:00:00-05:00,155.3892184949057,159.74437148435152,154.3962901162803,158.830078125,7141000,0.0,0.0
2025-03-06 00:00:00-05:00,154.50444234894061,154.50444234894061,147.19998061676162,148.38954162597656,12321200,0.0,0.0
2025-03-07 00:00:00-05:00,148.07492846953724,153.83591107038075,145.99075548115633,152.53822326660156,12646500,0.0,0.0
2025-03-10 00:00:00-04:00,147.9864370995576,149.94281672574544,144.31946850465056,146.2758331298828,21486100,0.0,0.0
2025-03-11 00:00:00-04:00,140.9966064030984,143.31672968727833,135.3732570024752,141.74375915527344,27200200,0.0,0.0
2025-03-12 00:00:00-04:00,143.7591152546424,149.65773193199632,142.55972866350382,148.3403778076172,15373900,0.0,0.0
2025-03-13 00:00:00-04:00,147.2589460489723,147.6325298732905,143.02177583467255,145.16494750976562,14187700,0.0,0.0
2025-03-14 00:00:00-04:00,146.40368020578944,148.33056846570383,145.3812598032158,146.74777221679688,9330000,0.0,0.0
2025-03-17 00:00:00-04:00,147.85865217132235,153.11825804682934,147.85865217132235,151.40765380859375,9885000,0.0,0.0
2025-03-18 00:00:00-04:00,149.79537156291474,149.8445297040014,146.11857662458715,146.92471313476562,9402500,0.0,0.0
2025-03-19 00:00:00-04:00,147.52439325419968,151.46664480185981,147.4654094905566,149.87400817871094,6909500,0.0,0.0
2025-03-20 00:00:00-04:00,149.01871356147188,151.87954610500248,148.2715608872774,150.1394500732422,7051600,0.0,0.0
2025-03-21 00:00:00-04:00,149.08754389790272,151.24054157848644,147.57357208194918,149.65774536132812,17620200,0.0,0.0
2025-03-24 00:00:00-04:00,153.69827498524594,153.95389129196192,151.4273101119409,152.25311279296875,7848300,0.0,0.0
2025-03-25 00:00:00-04:00,151.89921144596156,152.9708049213938,150.46388972808785,151.32901000976562,8521200,0.0,0.0
2025-03-26 00:00:00-04:00,150.30658670475268,150.4442204969092,144.08354417182764,145.30259704589844,13210000,0.0,0.0
2025-03-27 00:00:00-04:00,143.38555108184696,144.55543082692424,142.47125766649935,143.3167266845703,9148300,0.0,0.0
2025-03-28 00:00:00-04:00,141.35051777424502,143.18891518900298,136.7594295506426,138.48968505859375,13144500,0.0,0.0
2025-03-31 00:00:00-04:00,136.29737283200947,138.2144203092593,134.44913475088737,137.44760131835938,15509900,0.0,0.0
2025-04-01 00:00:00-04:00,137.39842383667332,140.82945755726078,136.4153211661165,139.54159545898438,9518500,0.0,0.0
2025-04-02 00:00:00-04:00,137.496753869521,145.39106790435034,137.496753869521,143.39537048339844,11594400,0.0,0.0
2025-04-03 00:00:00-04:00,136.8970657157582,139.01073074797006,134.3311667924299,134.91119384765625,14433800,0.0,0.0
2025-04-04 00:00:00-04:00,130.66419648026297,131.55882362665824,124.80489720385762,126.10260009765625,14986900,0.0,0.0
2025-04-07 00:00:00-04:00,116.85158937040504,131.84390578255457,116.85158937040504,125.01134490966797,19482700,0.0,0.0
2025-04-08 00:00:00-04:00,130.30043323141575,130.74284147425465,119.64360291149231,122.39629364013672,11950300,0.0,0.0
2025-04-09 00:00:00-04:00,121.31487626857587,138.2144068025307,121.31487626857587,137.32962036132812,17762000,0.0,0.0
2025-04-10 00:00:00-04:00,134.82356908642996,134.82356908642996,127.53234231906033,131.56768798828125,12401600,0.5,0.0
2025-04-11 00:00:00-04:00,130.34424180634096,131.22234562222076,127.11794383019804,130.58103942871094,10190200,0.0,0.0
2025-04-14 00:00:00-04:00,134.97157250050776,134.97157250050776,131.09409195200413,132.84043884277344,8217700,0.0,0.0
2025-04-15 00:00:00-04:00,132.95884315118803,134.65585548307646,131.9327500238081,132.14981079101562,8630000,0.0,0.0
2025-04-16 00:00:00-04:00,130.5120035661007,130.76852310281427,126.14121266073052,128.0256805419922,8295200,0.0,0.0
2025-04-17 00:00:00-04:00,129.15044237554432,129.5451051850681,126.72333008007207,126.90091705322266,8925500,0.0,0.0
2025-04-21 00:00:00-04:00,125.19403008981315,125.4998843247019,119.61954459496904,121.17842864990234,12201200,0.0,0.0
2025-04-22 00:00:00-04:00,122.83596894421446,126.27932050412906,121.74080428155419,125.53934478759766,11233700,0.0,0.0
2025-04-23 00:00:00-04:00,133.1068494018416,134.05400998719134,129.23924439283036,129.6437530517578,9528900,0.0,0.0
2025-04-24 00:00:00-04:00,130.7389167067211,136.01741667912805,130.2357385910004,135.67208862304688,7305900,0.0,0.0
2025-04-25 00:00:00-04:00,135.6523579901983,137.14217039270582,134.9321040975684,136.6389923095703,5476400,0.0,0.0
2025-04-28 00:00:00-04:00,137.78346579900744,138.78983694066062,136.23445786842214,138.2669219970703,6985100,0.0,0.0
2025-04-29 00:00:00-04:00,137.94135141621274,139.27331386232493,137.68483189500532,138.9082489013672,4851500,0.0,0.0
2025-04-30 00:00:00-04:00,136.62910623151413,139.4114220327971,133.75801201605802,138.83917236328125,9443500,0.0,0.0
2025-05-01 00:00:00-04:00,144.60113162681816,146.6533329339048,143.39743648463423,143.54544067382812,11525800,0.0,0.0
2025-05-02 00:00:00-04:00,146.34746160534505,151.01423744020212,146.34746160534505,148.7153778076172,11346000,0.0,0.0
2025-05-05 00:00:00-04:00,147.44262086574736,148.80418091262425,146.53491918611059,147.29461669921875,5187400,0.0,0.0
2025-05-06 00:00:00-04:00,145.0155283582324,146.94933851920163,143.77237436143955,145.7259063720703,5108600,0.0,0.0
2025-05-07 00:00:00-04:00,145.52854921876468,147.89646535360714,145.27202973819058,147.37355041503906,6049600,0.0,0.0
2025-05-08 00:00:00-04:00,147.05785995723585,149.7809654745707,146.62373841356376,148.29115295410156,6113600,0.0,0.0
2025-05-09 00:00:00-04:00,148.03461885144884,149.77110503171852,147.78796025128293,148.3306121826172,4707100,0.0,0.0
2025-05-12 00:00:00-04:00,154.2208114800031,155.32583712470986,152.3560731771378,155.11865234375,7875500,0.0,0.0
2025-05-13 00:00:00-04:00,156.1052786257529,161.03845007757207,155.4639723589542,160.1011505126953,11955200,0.0,0.0
2025-05-14 00:00:00-04:00,160.18996875959604,161.22593793566315,158.90734097279136,160.77207946777344,7499400,0.0,0.0
2025-05-15 00:00:00-04:00,159.20331057636872,159.57823642633215,156.78605956256862,157.26950073242188,10169200,0.0,0.0
2025-05-16 00:00:00-04:00,157.8614839711413,158.69025314882717,156.40126945976465,158.34494018554688,8515500,0.0,0.0
2025-05-19 00:00:00-04:00,156.18421550729025,159.80516164677013,155.72049617357055,157.5063018798828,10268900,0.0,0.0
2025-05-20 00:00:00-04:00,156.50978963349826,158.2166626023544,155.4244859799809,158.16732788085938,7576400,0.0,0.0
2025-05-21 00:00:00-04:00,156.23355327894782,158.7494587943099,154.3688149842945,155.0791778564453,6011000,0.0,0.0
2025-05-22 00:00:00-04:00,154.881867330294,157.0623360267662,154.72401726447765,155.20745849609375,7603300,0.0,0.0
2025-05-23 00:00:00-04:00,152.91846327048273,155.27651876392906,152.19820935575666,153.88536071777344,6527500,0.0,0.0
2025-05-27 00:00:00-04:00,157.19057730432203,160.22939757250563,156.79591456798101,159.74595642089844,6976800,0.0,0.0
2025-05-28 00:00:00-04:00,159.70648744912626,162.12375349963284,159.12437683212067,161.6600341796875,8090700,0.0,0.0
2025-05-29 00:00:00-04:00,162.7946552834285,163.11038547757616,159.33157439987042,160.72271728515625,6994700,0.0,0.0
2025-05-30 00:00:00-04:00,161.24562797458526,163.53462665698393,159.3907658250608,163.31756591796875,17547900,0.0,0.0
2025-06-02 00:00:00-04:00,161.97574248096882,164.7679192058285,160.42673454210347,164.3436737060547,7166000,0.0,0.0
2025-06-03 00:00:00-04:00,164.57059768064093,167.06678115559555,164.36339786178155,166.8793182373047,7155300,0.0,0.0
2025-06-04 00:00:00-04:00,167.44170747435726,168.2014050177266,165.33031075276645,165.8532257080078,6375800,0.0,0.0
2025-06-05 00:00:00-04:00,166.7412182833354,169.95764109793188,166.50442060093974,168.8526153564453,7707800,0.0,0.0
2025-06-06 00:00:00-04:00,171.6743701540829,172.45380463582316,170.35228379019696,171.69410705566406,6833700,0.0,0.0
2025-06-09 00:00:00-04:00,172.5228711978387,176.3312801295486,171.46716528949727,174.78225708007812,9668900,0.0,0.0
2025-06-10 00:00:00-04:00,175.33478584669504,175.47291404474413,171.9506224122258,175.10784912109375,11056700,0.0,0.0
2025-06-11 00:00:00-04:00,175.176912747249,177.15018123202827,173.84495049808547,174.02255249023438,18002900,0.0,0.0
2025-06-12 00:00:00-04:00,187.42106220770262,199.78358904322943,186.35549533463217,197.18873596191406,54610000,0.0,0.0
2025-06-13 00:00:00-04:00,198.88576725938447,213.7050203937865,198.51084136398825,212.3434600830078,53707400,0.0,0.0
2025-06-16 00:00:00-04:00,210.3504417924773,212.2941126791482,207.1734779601952,208.2785186767578,22665300,0.0,0.0
2025-06-17 00:00:00-04:00,207.84437044302544,212.99460232647817,204.70686576404174,205.3975067138672,17819200,0.0,0.0
2025-06-18 00:00:00-04:00,208.2686354623052,211.85012286948066,206.76896213203327,208.05157470703125,15055400,0.0,0.0
2025-06-20 00:00:00-04:00,210.49842572171352,210.94240812843816,201.90483467955985,202.42774963378906,20879100,0.0,0.0
2025-06-23 00:00:00-04:00,202.76320163894977,204.4996875741001,199.83289667822766,204.2727508544922,13418400,0.0,0.0
2025-06-24 00:00:00-04:00,207.1833484299013,213.47806521963076,205.7625925855595,212.3927764892578,19030600,0.0,0.0
2025-06-25 00:00:00-04:00,212.0671776385006,214.03057024917635,207.42012348793367,207.90357971191406,11804600,0.0,0.0
2025-06-26 00:00:00-04:00,209.16647752709255,211.55413079416948,207.54839783143527,209.97552490234375,10531100,0.0,0.0
2025-06-27 00:00:00-04:00,210.83387786892834,211.78103832979573,207.15373628679126,207.42999267578125,14127500,0.0,0.0
2025-06-30 00:00:00-04:00,223.47266211040989,225.1696742588588,215.46119665715858,215.70785522460938,31844200,0.0,0.0
2025-07-01 00:00:00-04:00,216.368914588115,220.1871846807494,213.41887248065672,216.03346252441406,16962200,0.0,0.0
2025-07-02 00:00:00-04:00,214.7705532067538,228.80049454968602,213.82339268296613,226.90615844726562,22326900,0.0,0.0
2025-07-03 00:00:00-04:00,230.10284943486442,234.80909919545445,228.10984396135876,234.14805603027344,18441400,0.0,0.0
2025-07-07 00:00:00-04:00,231.9676147499416,232.10574296396433,226.4325951550683,229.15570068359375,16584300,0.0,0.0
2025-07-08 00:00:00-04:00,233.96059088063424,238.21298220496712,230.07324942117577,231.36573791503906,20401800,0.0,0.0
2025-07-09 00:00:00-04:00,232.36222509998296,233.34885934277403,228.89914432753005,232.65821838378906,10871600,0.0,0.0
2025-07-10 00:00:00-04:00,237.2360627516906,237.35470561599556,230.86863419553066,232.3517303466797,11486300,0.5,0.0
2025-07-11 00:00:00-04:00,228.76263097583427,231.3629977008573,227.2795348367262,227.96176147460938,10208200,0.0,0.0
2025-07-14 00:00:00-04:00,226.86426466590476,228.0408566572359,222.583058762791,226.69618225097656,11337000,0.0,0.0
2025-07-15 00:00:00-04:00,229.79092827316808,232.9449819311601,226.6170957749119,232.31219482421875,10728800,0.0,0.0
2025-07-16 00:00:00-04:00,232.84610774728486,238.61041022932577,230.56214197053632,238.58074951171875,12597500,0.0,0.0
2025-07-17 00:00:00-04:00,240.59774029404673,248.76466605357788,239.28272656858266,245.94677734375,17631300,0.0,0.0
2025-07-18 00:00:00-04:00,245.6995917706605,246.86628681585898,242.23903414008782,242.6839599609375,9678100,0.0,0.0
2025-07-21 00:00:00-04:00,242.54555951699922,244.01877389725112,240.49889452697786,240.79550170898438,7348400,0.0,0.0
2025-07-22 00:00:00-04:00,239.2530647263033,239.5595688475561,232.75711148787346,235.4266815185547,11380900,0.0,0.0
2025-07-23 00:00:00-04:00,237.24594348427027,240.676840437667,235.97048743863851,239.17396545410156,7255800,0.0,0.0
2025-07-24 00:00:00-04:00,239.67824072707577,241.32941937937335,237.84908268274427,240.093505859375,8237900,0.0,0.0
2025-07-25 00:00:00-04:00,239.60901094348498,242.7037430783048,238.7092623228365,242.35768127441406,7149600,0.0,0.0
2025-07-28 00:00:00-04:00,243.22778172595744,244.98772137865373,240.67685439987474,244.91851806640625,6756800,0.0,0.0
2025-07-29 00:00:00-04:00,245.8973590701388,250.21812313828383,243.8111363757742,247.16293334960938,8415300,0.0,0.0
2025-07-30 00:00:00-04:00,245.83802097096813,248.22086577582706,242.8322860326538,247.77593994140625,8441400,0.0,0.0
2025-07-31 00:00:00-04:00,252.88766348991334,257.9301811698558,250.46527621443605,250.9102020263672,15548700,0.0,0.0
2025-08-01 00:00:00-04:00,245.03716414010182,245.61062983363232,239.27286157359057,241.66558837890625,12718200,0.0,0.0
2025-08-04 00:00:00-04:00,243.12888392325146,250.05989609450415,243.12888392325146,249.68417358398438,8614800,0.0,0.0
2025-08-05 00:00:00-04:00,252.53172327927768,255.5770006984043,248.5372426196171,252.78878784179688,11197300,0.0,0.0
2025-08-06 00:00:00-04:00,253.9456054014048,253.9456054014048,248.88330872555565,253.54022216796875,9930200,0.0,0.0
2025-08-07 00:00:00-04:00,254.80580702838208,254.8552616727796,243.74192200551119,246.57957458496094,11954200,0.0,0.0
2025-08-08 00:00:00-04:00,247.2123683758704,248.06267749368698,245.06682428382007,247.23214721679688,8313300,0.0,0.0
2025-08-11 00:00:00-04:00,245.60070743505537,251.8198321788713,242.79271578112008,249.8324737548828,9012100,0.0,0.0
2025-08-12 00:00:00-04:00,249.73361711859312,254.96399619968392,248.25052097890566,250.9991912841797,9998400,0.0,0.0
2025-08-13 00:00:00-04:00,254.2719175243548,254.76628293293265,239.9056448711938,241.42828369140625,14182100,0.0,0.0
2025-08-14 00:00:00-04:00,242.18959644503747,246.11485876594926,239.83642749722398,242.19949340820312,10285600,0.0,0.0
2025-08-15 00:00:00-04:00,244.13739649105324,247.80559423447028,240.19235534286895,245.48207092285156,11554000,0.0,0.0
2025-08-18 00:00:00-04:00,243.42553106780278,246.35218100776544,240.8746036767987,246.26319885253906,6759900,0.0,0.0
2025-08-19 00:00:00-04:00,246.44114947292076,246.44114947292076,229.61294719833984,231.97601318359375,16819300,0.0,0.0
2025-08-20 00:00:00-04:00,229.56350702248955,233.22182300606445,225.67780226891563,232.4110565185547,11256400,0.0,0.0
2025-08-21 00:00:00-04:00,230.42370971459823,233.26136220593185,229.810686376159,230.532470703125,7403100,0.0,0.0
2025-08-22 00:00:00-04:00,231.4223179407648,235.81228490381096,228.85162703164966,233.70628356933594,9343600,0.0,0.0
2025-08-25 00:00:00-04:00,234.6752660583407,236.33632659352804,232.61870414322655,232.7571258544922,6308600,0.0,0.0
2025-08-26 00:00:00-04:00,232.35173889014447,234.24021834621962,230.0875519876776,231.57064819335938,11805200,0.0,0.0
2025-08-27 00:00:00-04:00,232.35173363036887,233.864490518973,230.05787097582683,233.15260314941406,5637600,0.0,0.0
2025-08-28 00:00:00-04:00,232.88565388346123,239.2234221470116,232.4703887438131,237.61180114746094,8691500,0.0,0.0
2025-08-29 00:00:00-04:00,234.93232065867574,235.53544703645858,220.59572438410635,223.58169555664062,16618600,0.0,0.0
2025-09-02 00:00:00-04:00,219.4982327775987,222.9093509452891,216.3244003411209,222.76104736328125,10461900,0.0,0.0
2025-09-03 00:00:00-04:00,223.35428753044093,223.35428753044093,219.2510606377935,220.93190002441406,8900800,0.0,0.0
2025-09-04 00:00:00-04:00,219.4982230011123,221.0505374955481,217.08571759567516,220.48695373535156,10303100,0.0,0.0
2025-09-05 00:00:00-04:00,229.92933099290752,231.9759957296048,223.34438080437408,230.176513671875,15386100,0.0,0.0
2025-09-08 00:00:00-04:00,237.18664034885725,239.68812816441823,232.65825129611065,235.7925262451172,18803000,0.0,0.0
2025-09-09 00:00:00-04:00,237.23606114649087,240.7460583644942,231.91668482590836,238.78836059570312,41178700,0.0,0.0
2025-09-10 00:00:00-04:00,315.5929904300297,341.8240176765686,308.5729956271183,324.6299743652344,131618100,0.0,0.0
2025-09-11 00:00:00-04:00,326.6173024498843,327.26986834597614,301.1673833706377,304.390625,69986000,0.0,0.0
2025-09-12 00:00:00-04:00,302.34396963830454,304.49939532573774,288.4621821416284,288.8873291015625,51781900,0.0,0.0
2025-09-15 00:00:00-04:00,302.9965652670561,303.5700158537664,293.9397875320376,298.7351379394531,40004000,0.0,0.0
2025-09-16 00:00:00-04:00,310.52077329489015,316.3641755798037,298.863629440269,303.19427490234375,51923300,0.0,0.0
2025-09-17 00:00:00-04:00,304.2225951798477,305.18166530350607,291.7052590996586,298.01336669921875,27707900,0.0,0.0
2025-09-18 00:00:00-04:00,299.6250091667613,300.39621803294057,288.70941199080954,293.27734375,24673100,0.0,0.0
2025-09-19 00:00:00-04:00,295.63049784307583,307.6040128877406,293.96943740456766,305.181640625,40776200,0.0,0.0
2025-09-22 00:00:00-04:00,306.1407128681622,325.78678842264526,303.4612609324939,324.4519958496094,44437500,0.0,0.0
2025-09-23 00:00:00-04:00,320.34877072490605,321.33750149874834,306.55596436033846,310.2933654785156,35280200,0.0,0.0
2025-09-24 00:00:00-04:00,308.3455653224429,308.9487067861154,296.6488935186844,304.98388671875,33765300,0.0,0.0
2025-09-25 00:00:00-04:00,291.9425069430677,295.3833006889265,285.2982353407082,288.0469055175781,39274900,0.0,0.0
2025-09-26 00:00:00-04:00,289.6981253102654,290.6868561133722,279.8108172791984,280.265625,25990700,0.0,0.0
2025-09-29 00:00:00-04:00,281.3927778069461,282.7572310712954,276.4589908407025,279.5735168457031,25778500,0.0,0.0
2025-09-30 00:00:00-04:00,280.4930507895303,280.7995549320766,272.79082919681497,278.0706481933594,23880800,0.0,0.0
2025-10-01 00:00:00-04:00,275.65811964363957,286.72201909436825,274.7485042554701,285.7530822753906,23378300,0.0,0.0
2025-10-02 00:00:00-04:00,288.51165212768876,291.6459422221472,282.8264496974843,285.52569580078125,16215500,0.0,0.0
2025-10-03 00:00:00-04:00,286.3364357918345,291.31964729977034,280.7995374689801,282.9154357910156,13688400,0.0,0.0
2025-10-06 00:00:00-04:00,289.0850913092603,293.3366213147314,287.52287988214596,288.3039855957031,14076800,0.0,0.0
2025-10-07 00:00:00-04:00,289.91564821956524,289.91564821956524,267.9460484974408,281.0368347167969,31723400,0.0,0.0
2025-10-08 00:00:00-04:00,282.2035628990131,288.2446937039778,280.4040655714479,285.37738037109375,18982100,0.0,0.0
2025-10-09 00:00:00-04:00,288.7646666174215,298.094685999631,284.51567287113585,294.12298583984375,26479800,0.5,0.0
2025-10-10 00:00:00-04:00,297.41133193393904,304.7802577521276,289.2203486595486,290.1612548828125,28895300,0.0,0.0
2025-10-13 00:00:00-04:00,295.846389117684,307.73174741807657,294.89553869091156,305.06744384765625,21703700,0.0,0.0
2025-10-14 00:00:00-04:00,300.6698722450941,301.51175787406083,289.19060013599903,296.1435241699219,17346200,0.0,0.0
2025-10-15 00:00:00-04:00,301.9871613039397,308.03880572761994,296.0643100000334,300.7193908691406,13698900,0.0,0.0
2025-10-16 00:00:00-04:00,302.68046730718675,319.45863403736973,300.1746387813038,310.009765625,32500900,0.0,0.0
2025-10-17 00:00:00-04:00,300.8481348459811,301.37307030021026,284.75337866080514,288.5269775390625,37653000,0.0,0.0
2025-10-20 00:00:00-04:00,286.1895264812807,286.47673420174976,272.6798217970078,274.5319519042969,32810700,0.0,0.0
2025-10-21 00:00:00-04:00,275.453075630662,277.6221559941788,269.65898749149005,272.5213623046875,18370800,0.0,0.0
2025-10-22 00:00:00-04:00,272.1945440817873,274.5518118451394,266.6777492206355,270.05517578125,16474000,0.0,0.0
2025-10-23 00:00:00-04:00,270.3522878179626,280.3954305660964,269.78775624373066,277.3943786621094,16872200,0.0,0.0
2025-10-24 00:00:00-04:00,283.1885133474392,284.4463696843837,279.55356092104,280.62322998046875,13194900,0.0,0.0
2025-10-27 00:00:00-04:00,283.83226111517064,284.2581458564578,277.1368330944455,278.7116394042969,13855800,0.0,0.0
2025-10-28 00:00:00-04:00,280.29637706570696,282.73286714510976,277.85988698630416,278.1470947265625,12448500,0.0,0.0
2025-10-29 00:00:00-04:00,278.7711074225907,278.9295825147248,268.7577062357614,272.6699523925781,18007100,0.0,0.0
2025-10-30 00:00:00-04:00,266.1726046001878,267.1828794578266,253.83164865983144,254.4358367919922,27954200,0.0,0.0
2025-10-31 00:00:00-04:00,257.0308055081987,263.2706069654952,254.2575369069314,260.1011657714844,16898700,0.0,0.0
2025-11-03 00:00:00-05:00,262.7060265565384,263.08240107211407,252.79166228431848,255.3866424560547,15709200,0.0,0.0
2025-11-04 00:00:00-05:00,247.5918238760698,252.84119360389275,242.84759156013533,245.7991180419922,19772600,0.0,0.0
2025-11-05 00:00:00-05:00,245.54162011939326,249.98871567900335,244.67002227563194,247.91868591308594,11991500,0.0,0.0
2025-11-06 00:00:00-05:00,245.5713345860817,246.6905440901093,237.0039623527757,241.47088623046875,18678300,0.0,0.0
2025-11-07 00:00:00-05:00,236.71671725187713,238.10333632864885,230.13025396768967,236.97422790527344,20969300,0.0,0.0
2025-11-10 00:00:00-05:00,243.60034832300295,244.87803295313833,234.80519242807532,238.52926635742188,16698700,0.0,0.0
2025-11-11 00:00:00-05:00,233.97318895516247,235.18153497937493,226.7033147598624,233.89395141601562,20686600,0.0,0.0
2025-11-12 00:00:00-05:00,234.47831030279977,234.54763369916606,224.00928352336686,224.8214569091797,24195000,0.0,0.0
2025-11-13 00:00:00-05:00,222.8405979490465,223.0089720665322,213.1639299154254,215.49148559570312,30009000,0.0,0.0
2025-11-14 00:00:00-05:00,208.81586602520125,224.88091166583573,208.75644164513986,220.72103881835938,36053800,0.0,0.0
2025-11-17 00:00:00-05:00,216.12535173148086,220.67149784050704,213.50065926480528,217.75958251953125,16143800,0.0,0.0
2025-11-18 00:00:00-05:00,214.14446521670735,221.56290055000463,212.45079488745804,218.38357543945312,21098300,0.0,0.0
2025-11-19 00:00:00-05:00,216.96722152015874,225.97037714437542,215.23394003612734,223.3754119873047,21679500,0.0,0.0
2025-11-20 00:00:00-05:00,228.9516437923061,231.7645085596671,208.2909267409707,208.6772003173828,27459600,0.0,0.0
2025-11-21 00:00:00-05:00,205.10166732624853,206.31991231510187,191.70092710981814,196.86114501953125,44834100,0.0,0.0
2025-11-24 00:00:00-05:00,194.97931272172713,201.87282751092232,192.44377191609706,198.36663818359375,31144700,0.0,0.0
2025-11-25 00:00:00-05:00,192.2258603800828,197.50494208935532,183.85659039729043,195.14767456054688,29595000,0.0,0.0
2025-11-26 00:00:00-05:00,207.49855869366425,207.99378198410258,200.30792195718513,203.00193786621094,26544100,0.0,0.0
2025-11-28 00:00:00-05:00,197.60399875878693,200.4069644933779,195.72215623510456,200.02069091796875,13848500,0.0,0.0
2025-12-01 00:00:00-05:00,198.58454104867837,201.55588081499275,194.8208409887437,199.0203399658203,13461200,0.0,0.0
2025-12-02 00:00:00-05:00,203.1802153722126,207.69664946019373,198.0893204413895,199.17881774902344,19664500,0.0,0.0
2025-12-03 00:00:00-05:00,198.41615462417082,205.9336401391255,197.49503149503,205.74545288085938,19060500,0.0,0.0
2025-12-04 00:00:00-05:00,205.87423411503664,213.35210908512565,204.3489529767997,212.2824249267578,23316900,0.0,0.0
2025-12-05 00:00:00-05:00,216.90779029270885,217.4030135582173,211.57918311967302,215.50135803222656,24208700,0.0,0.0
2025-12-08 00:00:00-05:00,219.2353646644679,222.60287711623684,214.83777926798228,218.43309020996094,24711200,0.0,0.0
2025-12-09 00:00:00-05:00,217.92796534601828,220.49321842651437,216.19468378681566,219.41363525390625,17643600,0.0,0.0
2025-12-10 00:00:00-05:00,219.68105418699835,223.1674303758053,215.50136841567692,220.87948608398438,47928000,0.0,0.0
2025-12-11 00:00:00-05:00,188.79893077949723,200.06031918010268,184.4508707012314,196.9503173828125,100612700,0.0,0.0
2025-12-12 00:00:00-05:00,194.49397233822296,195.95984402428877,184.2032339151839,188.15512084960938,55201600,0.0,0.0
2025-12-15 00:00:00-05:00,186.49118151502418,187.16469305403038,179.66700512419118,183.15338134765625,43897500,0.0,0.0
2025-12-16 00:00:00-05:00,182.9354717582941,187.98675512554968,182.72748644949797,186.8477325439453,32433500,0.0,0.0
2025-12-17 00:00:00-05:00,181.5587687672096,184.71829592524682,175.378391487403,176.75511169433594,50222000,0.0,0.0
2025-12-18 00:00:00-05:00,180.97440820467443,182.99491266632592,176.87395978904445,178.3101043701172,36297300,0.0,0.0
2025-12-19 00:00:00-05:00,186.59023151713384,193.25593280159296,186.32280670757746,190.1360321044922,77008600,0.0,0.0
2025-12-22 00:00:00-05:00,194.93970796108377,196.90078800644136,190.98782056825766,196.48480224609375,27148000,0.0,0.0
2025-12-23 00:00:00-05:00,194.5534143210902,195.316062418809,190.35393049711385,193.4738311767578,18301600,0.0,0.0
2025-12-24 00:00:00-05:00,193.13708455844431,196.38574815633484,192.5626237241445,195.60330200195312,9282700,0.0,0.0
2025-12-26 00:00:00-05:00,196.1678341393981,198.45576316859328,194.23646645975376,196.0985107421875,11262000,0.0,0.0
2025-12-29 00:00:00-05:00,192.30511221146926,196.61354578036116,190.79962917343738,193.51345825195312,14748100,0.0,0.0
2025-12-30 00:00:00-05:00,194.18695089448133,196.48479417690953,193.8403036649356,195.3259735107422,14197400,0.0,0.0
2025-12-31 00:00:00-05:00,194.543511983856,195.31605909352973,192.86965487522457,193.04794311523438,10341500,0.0,0.0
2026-01-02 00:00:00-05:00,195.58348200605346,196.69277730911313,192.3546316843534,193.84030151367188,14540700,0.0,0.0
2026-01-05 00:00:00-05:00,196.44517475389958,199.76317690466414,190.49259613655383,190.75010681152344,22635500,0.0,0.0
2026-01-06 00:00:00-05:00,190.7203986970888,193.0182421093506,188.87816737967754,191.89903259277344,16474500,0.0,0.0
2026-01-07 00:00:00-05:00,193.43421637124263,193.80067676262001,190.16573969758733,190.99771118164062,11171200,0.0,0.0
2026-01-08 00:00:00-05:00,189.0564406693542,189.12576406848842,184.37161764689495,187.8381805419922,19468500,0.0,0.0
2026-01-09 00:00:00-05:00,190.33079418293443,198.79169496774762,187.47076284555214,197.14321899414062,26152700,0.5,0.0
2026-01-12 00:00:00-05:00,196.22959779537723,205.1671804148495,195.6436780851804,203.26048278808594,25428500,0.0,0.0
2026-01-13 00:00:00-05:00,203.5782664871527,206.35885071854582,199.26836926262408,200.88705444335938,15857400,0.0,0.0
2026-01-14 00:00:00-05:00,200.2812819614504,200.2812819614504,189.48667349235532,192.2672576904297,22473200,0.0,0.0
2026-01-15 00:00:00-05:00,193.657558493201,193.657558493201,188.07653924395382,188.53335571289062,16418600,0.0,0.0
2026-01-16 00:00:00-05:00,188.59293085526497,190.5393292852399,185.23636714159738,189.76473999023438,19224700,0.0,0.0
2026-01-20 00:00:00-05:00,185.89179577745352,185.89179577745352,178.11609684945594,178.67221069335938,29129500,0.0,0.0
2026-01-21 00:00:00-05:00,178.43386618428758,179.34749908468692,169.416851630451,172.67410278320312,38190000,0.0,0.0
2026-01-22 00:00:00-05:00,178.12600905215297,178.91053864492068,175.27591823350863,176.9442596435547,21141900,0.0,0.0
2026-01-23 00:00:00-05:00,171.42282836084536,178.40407218084573,170.8071330789283,175.9313507080078,23011300,0.0,0.0
2026-01-26 00:00:00-05:00,177.857895893801,184.0248192666584,177.29184173481335,181.1747283935547,21100400,0.0,0.0
2026-01-27 00:00:00-05:00,177.94726781033333,178.47359089439897,172.47547156030626,173.68701171875,27093700,0.0,0.0
2026-01-28 00:00:00-05:00,173.70688545319166,180.41999775455932,170.66810972164663,171.60159301757812,35882700,0.0,0.0
2026-01-29 00:00:00-05:00,168.9699686251669,169.04941562703684,160.39982975761043,167.83787536621094,37254500,0.0,0.0
2026-01-30 00:00:00-05:00,167.0036818626301,167.7286148207701,162.10788036785846,163.43858337402344,27362400,0.0,0.0
2026-02-02 00:00:00-05:00,169.73461932781322,170.01267623587165,158.89035445463986,158.94993591308594,47421000,0.0,0.0
2026-02-03 00:00:00-05:00,157.16241931422803,158.27466212008704,150.84652700121748,153.59732055664062,43260100,0.0,0.0
2026-02-04 00:00:00-05:00,152.822730046133,152.87238631301568,143.42833107282857,145.65280151367188,42323400,0.0,0.0
2026-02-05 00:00:00-05:00,144.59023893772877,145.53364745406353,134.31201233895845,135.53347778320312,42789000,0.0,0.0
2026-02-06 00:00:00-05:00,138.78079752222578,142.20686784727977,137.94662677669297,141.8295135498047,29962400,0.0,0.0
2026-02-09 00:00:00-05:00,147.460197290568,158.64210145949994,145.980525286676,155.50401306152344,49936500,0.0,0.0
2026-02-10 00:00:00-05:00,158.89036566219892,164.2429842493256,155.8714553819222,158.7811279296875,40092200,0.0,0.0
2026-02-11 00:00:00-05:00,162.52497370070802,162.52497370070802,152.93196498750734,156.07005310058594,24538900,0.0,0.0
2026-02-12 00:00:00-05:00,156.83471631752477,157.9370188497243,151.44238173633673,155.394775390625,23285400,0.0,0.0
2026-02-13 00:00:00-05:00,158.1455614065261,161.17441192402597,154.21301832999148,159.02938842773438,18597000,0.0,0.0
2026-02-17 00:00:00-05:00,156.88435996901177,158.17534713351662,151.81973899698275,152.9021759033203,19610800,0.0,0.0
2026-02-18 00:00:00-05:00,153.33912562661325,156.20908203461818,150.32020042021392,155.0869140625,14801100,0.0,0.0
2026-02-19 00:00:00-05:00,156.0998468674784,158.9698033224978,154.68969677344117,155.454345703125,14976300,0.0,0.0
2026-02-20 00:00:00-05:00,152.23682329807312,152.9220403734579,146.36780721660742,147.0530242919922,29621900,0.0,0.0
2026-02-23 00:00:00-05:00,144.67959957883056,144.78883730271278,137.62883409835757,140.32997131347656,31749800,0.0,0.0
2026-02-24 00:00:00-05:00,139.8632339642692,145.7421753907146,137.76786676245285,145.12648010253906,21336600,0.0,0.0
2026-02-25 00:00:00-05:00,148.12553048589686,152.2169520959094,146.31814550487462,146.8643341064453,27303900,0.0,0.0
2026-02-26 00:00:00-05:00,147.75810017589302,151.44237713278912,144.1433450261864,149.26756286621094,20652200,0.0,0.0
2026-02-27 00:00:00-05:00,142.8821541260872,145.06689343918134,141.11450016934114,144.3916015625,36425200,0.0,0.0
2026-03-02 00:00:00-05:00,140.63781636159624,149.12852248038405,140.2008654741037,148.21490478515625,22418800,0.0,0.0
2026-03-03 00:00:00-05:00,143.74612724116352,149.8832603224921,142.0579201418087,147.97657775878906,20120800,0.0,0.0
2026-03-04 00:00:00-05:00,148.96962964986253,152.5446686180396,148.06595229240406,151.31326293945312,17585400,0.0,0.0
2026-03-05 00:00:00-05:00,151.53175219859966,156.84465486977967,149.07888096268312,153.71649169921875,24094800,0.0,0.0
2026-03-06 00:00:00-05:00,151.85945410648029,158.08597410034844,150.56846694887784,151.89918518066406,38000600,0.0,0.0
2026-03-09 00:00:00-04:00,149.6548595557333,150.94584680239967,145.41446869549333,150.50889587402344,31173500,0.0,0.0
2026-03-10 00:00:00-04:00,152.55459535748406,153.0709932476736,147.42045264344006,148.36386108398438,51544600,0.0,0.0
2026-03-11 00:00:00-04:00,165.22610910561966,170.56878687048746,159.4663308334791,161.98870849609375,83247500,0.0,0.0
2026-03-12 00:00:00-04:00,163.51803876567212,166.66605207763823,157.50999424030073,158.05618286132812,37133700,0.0,0.0
2026-03-13 00:00:00-04:00,157.94694871015022,159.65502126202176,153.08092242987794,154.03427124023438,26350400,0.0,0.0
2026-03-16 00:00:00-04:00,154.97769311978678,157.63911471237967,153.43843962082485,154.88832092285156,21607700,0.0,0.0
2026-03-17 00:00:00-04:00,154.3619860571572,157.81784711953617,152.4354380315028,153.6171875,23929500,0.0,0.0
2026-03-18 00:00:00-04:00,152.3361166933321,153.89523552297797,150.98554811494398,151.83958435058594,18051100,0.0,0.0
2026-03-19 00:00:00-04:00,149.41653147230454,155.83172137983988,147.8574125150856,154.44143676757812,22046100,0.0,0.0
2026-03-20 00:00:00-04:00,151.98856045208595,152.1871703681397,146.92392425140545,148.6419219970703,37551400,0.0,0.0
2026-03-23 00:00:00-04:00,150.36986033646522,154.69962318664022,149.66479286036432,153.2696075439453,19927900,0.0,0.0
2026-03-24 00:00:00-04:00,151.93890135471162,152.83265353678863,145.83155942026704,146.06988525390625,26122100,0.0,0.0
2026-03-25 00:00:00-04:00,148.19503810025608,148.80080816177428,143.59715893132088,145.00730895996094,20683800,0.0,0.0
2026-03-26 00:00:00-04:00,142.89209186849135,145.4542008422055,141.55144834229188,141.819580078125,16961900,0.0,0.0
2026-03-27 00:00:00-04:00,139.95260278465986,140.707341664734,137.34085289245976,138.69142150878906,17929600,0.0,0.0
2026-03-30 00:00:00-04:00,139.06877764806765,140.2207363676544,136.00021127953437,137.83738708496094,20125700,0.0,0.0
2026-03-31 00:00:00-04:00,139.32698384928602,146.37773430000672,138.88010775394596,146.08975219726562,24492000,0.0,0.0
2026-04-01 00:00:00-04:00,148.05602423130335,148.6121380829445,143.66667972746043,144.22279357910156,20495900,0.0,0.0
2026-04-02 00:00:00-04:00,141.78976835691424,145.42438858294545,139.32697228785526,145.36480712890625,14381900,0.0,0.0
2026-04-06 00:00:00-04:00,146.4174563411783,147.51975872325687,142.85235783762272,144.53062438964844,12556700,0.0,0.0
2026-04-07 00:00:00-04:00,142.78284834987056,143.56737798697142,138.96948335173397,142.1770782470703,17250400,0.0,0.0
2026-04-08 00:00:00-04:00,149.25763015193746,150.40958886157495,141.90894214666574,142.66368103027344,23527000,0.0,0.0
2026-04-09 00:00:00-04:00,141.70699943248175,142.30492535649793,135.52849744316222,137.38204956054688,30407800,0.5,0.0
2026-04-10 00:00:00-04:00,136.84393229395891,139.6840424992646,134.10346627490406,137.6112518310547,26171800,0.0,0.0
2026-04-13 00:00:00-04:00,139.28543447471924,155.3694779653856,139.23560477896012,155.08047485351562,49997700,0.0,0.0
2026-04-14 00:00:00-04:00,167.34779149353895,168.81269632594982,160.99988069035047,162.4348907470703,59779800,0.0,0.0
2026-04-15 00:00:00-04:00,166.31140813717766,171.9617489788171,165.63377292928178,169.22128295898438,43010800,0.0,0.0
2026-04-16 00:00:00-04:00,175.80836846916668,179.64502700380305,173.19745660129092,177.72171020507812,46997300,0.0,0.0
2026-04-17 00:00:00-04:00,182.29578972754894,183.86035396799997,172.75897602228687,174.4530792236328,45282600,0.0,0.0
2026-04-20 00:00:00-04:00,176.19702069918586,177.1437241337477,172.90845832122835,176.96435546875,22330900,0.0,0.0
2026-04-21 00:00:00-04:00,177.73168518842633,184.69744185391838,175.39978616849046,180.54190063476562,39638000,0.0,0.0
2026-04-22 00:00:00-04:00,185.53452930761875,188.52412867285312,182.16625769612565,186.84996032714844,32448800,0.0,0.0
2026-04-23 00:00:00-04:00,179.77456526841104,181.25940506244572,173.47648397959247,175.66885375976562,37084200,0.0,0.0
2026-04-24 00:00:00-04:00,179.88419055553038,180.08350934705402,168.21479607095443,172.67926025390625,33215000,0.0,0.0
2026-04-27 00:00:00-04:00,171.98167938805025,172.9483176843477,167.31789670409404,172.36036682128906,21616600,0.0,0.0
2026-04-28 00:00:00-04:00,161.59781465135282,168.1151345761582,161.48819539973903,165.3846435546875,33716500,0.0,0.0
2026-04-29 00:00:00-04:00,163.47128736703132,164.18879243452346,160.0930406767096,163.26202392578125,20587500,0.0,0.0
2026-04-30 00:00:00-04:00,161.45829556636002,164.60732857559,159.77415221061997,160.83047485351562,21016400,0.0,0.0
2026-05-01 00:00:00-04:00,165.8430357567767,173.69572140707442,165.5739675636214,171.23428344726562,26318000,0.0,0.0
2026-05-04 00:00:00-04:00,175.40976208307873,182.86382547986815,173.65585407967757,179.66494750976562,33504500,0.0,0.0
2026-05-05 00:00:00-04:00,181.49857498114957,185.87335460025724,178.3794215704854,184.70741271972656,23497200,0.0,0.0
2026-05-06 00:00:00-04:00,185.55445911068674,193.61640819386528,182.0366985044076,193.35731506347656,27685500,0.0,0.0
2026-05-07 00:00:00-04:00,197.92144212666506,199.4560964296715,190.13852094922035,193.91537475585938,31803200,0.0,0.0
2026-05-08 00:00:00-04:00,191.91234867633833,197.31355632268708,189.55057006502687,195.27066040039062,21158300,0.0,0.0
2026-05-11 00:00:00-04:00,191.48382541035645,195.00158596942157,189.93921129968984,193.16796875,16890600,0.0,0.0
2026-05-12 00:00:00-04:00,192.25116444316905,192.25116444316905,180.24293750852308,186.18228149414062,22123400,0.0,0.0
2026-05-13 00:00:00-04:00,188.37464692554053,190.90584946443576,184.4184093808476,189.10211181640625,15789300,0.0,0.0
2026-05-14 00:00:00-04:00,187.5275901989538,200.014163847459,184.807059111885,194.9318389892578,22545000,0.0,0.0
2026-05-15 00:00:00-04:00,189.82958881387833,195.74898244041898,188.2450896858239,192.2810516357422,15747100,0.0,0.0
2026-05-18 00:00:00-04:00,189.34128982843612,190.09864951363005,182.6346262937408,185.96304321289062,19114300,0.0,0.0
2026-05-19 00:00:00-04:00,185.3551556600763,188.06572689480225,180.30272556987043,180.83090209960938,16717700,0.0,0.0
2026-05-20 00:00:00-04:00,179.31617172278084,187.56746472504855,178.18012457626247,187.50767517089844,16517200,0.0,0.0
2026-05-21 00:00:00-04:00,188.3547161750033,192.15152006737793,186.5509936929414,189.11209106445312,12119700,0.0,0.0
2026-05-22 00:00:00-04:00,191.0054955424612,196.3170187370588,190.43747958820265,191.41407775878906,10875800,0.0,0.0
2026-05-26 00:00:00-04:00,192.6298441856895,194.52325092368912,189.89933811800566,192.3906707763672,12856100,0.0,0.0
2026-05-27 00:00:00-04:00,190.81615991336366,191.4738754300888,187.2685043953512,190.2979736328125,12126000,0.0,0.0
2026-05-28 00:00:00-04:00,193.36727626586583,204.28928574558662,192.70957597555034,202.99378967285156,25339900,0.0,0.0
2026-05-29 00:00:00-04:00,208.27541425064666,225.50546455715485,207.28884102481334,224.9972381591797,41082200,0.0,0.0
2026-06-01 00:00:00-04:00,229.70088459165413,249.3824137486397,223.82134525496076,247.28968811035156,48390000,0.0,0.0
2026-06-02 00:00:00-04:00,241.95824319584935,248.13674546339882,238.01196537258744,243.73207092285156,30294800,0.0,0.0
2026-06-03 00:00:00-04:00,239.64626819172787,239.67616296732885,226.82089245871197,229.53146362304688,23644700,0.0,0.0
2026-06-04 00:00:00-04:00,226.2130143514227,238.12158188953796,223.22341504281357,235.5206298828125,19993800,0.0,0.0
2026-06-05 00:00:00-04:00,228.69437902968323,230.63761546923837,208.72384785085606,212.93917846679688,29019900,0.0,0.0
2026-06-08 00:00:00-04:00,216.99508154036687,218.3005374625011,208.60427470114743,211.0856475830078,17227200,0.0,0.0
2026-06-09 00:00:00-04:00,213.16840576925884,219.73555545521918,197.1042813524375,205.0964813232422,26040700,0.0,0.0
2026-06-10 00:00:00-04:00,197.81181479593093,211.74334288511918,197.49291691405838,200.56224060058594,46108300,0.0,0.0
2026-06-11 00:00:00-04:00,179.0470967618207,184.12942155509757,174.67231714634136,183.4617462158203,63678500,0.0,0.0
2026-06-12 00:00:00-04:00,184.36857694107326,184.93660808713287,178.37941869260862,183.49163818359375,29562300,0.0,0.0
2026-06-15 00:00:00-04:00,186.74033863051216,194.6428540895421,185.56443686107608,191.97213745117188,20279900,0.0,0.0
2026-06-16 00:00:00-04:00,189.35124653572112,194.64285000480032,187.0094029029616,187.6770782470703,16985500,0.0,0.0
2026-06-17 00:00:00-04:00,185.51460950906105,189.53063677139517,181.94701911013038,182.8937225341797,16616600,0.0,0.0
2026-06-18 00:00:00-04:00,182.3755161261877,187.33826188438044,177.08392782803517,183.6510772705078,31386100,0.0,0.0
2026-06-22 00:00:00-04:00,181.6779484399822,183.9400828522113,173.79536790830892,174.4630584716797,22935400,0.0,0.0
2026-06-23 00:00:00-04:00,169.6398170049876,173.72560859622362,164.03930612455187,164.58740234375,33327900,0.0,0.0
2026-06-24 00:00:00-04:00,161.9166919476368,165.1753594043948,154.81142136725865,156.98385620117188,38305000,0.0,0.0
2026-06-25 00:00:00-04:00,156.80448848405618,157.07354147130096,149.83871668017542,151.9314422607422,36844400,0.0,0.0
2026-06-26 00:00:00-04:00,149.73905843363008,153.00768579174587,147.48689909721142,148.0150604248047,36532100,0.0,0.0
2026-06-29 00:00:00-04:00,153.40630894976508,153.96436505683477,144.69660411903206,147.2477264404297,34310300,0.0,0.0
2026-06-30 00:00:00-04:00,146.73950129218147,149.41020274352846,143.97910030394291,146.04193115234375,35926900,0.0,0.0
2026-07-01 00:00:00-04:00,143.98907252177435,147.03846136273228,142.00596618652344,142.00596618652344,45964000,0.0,0.0
2026-07-02 00:00:00-04:00,142.80320083813373,146.55015993984455,138.3486965222042,139.78370666503906,44166700,0.0,0.0
2026-07-06 00:00:00-04:00,143.79973308287512,145.11514890176613,140.6706196763433,143.2615966796875,36683000,0.0,0.0
2026-07-07 00:00:00-04:00,143.22173026995844,145.05534742111888,137.07312321448111,141.1090850830078,47200000,0.0,0.0
2026-07-08 00:00:00-04:00,138.5778946629353,141.34825554862542,137.0731351103418,140.00294494628906,34607300,0.0,0.0
2026-07-09 00:00:00-04:00,140.9297055709286,148.553192714378,140.45137395281776,143.72000122070312,35221900,0.0,0.0
2026-07-10 00:00:00-04:00,145.64999389648438,145.67999267578125,139.25999450683594,140.63999938964844,29843300,0.5,0.0
2026-07-13 00:00:00-04:00,139.02999877929688,139.64999389648438,131.35000610351562,131.5399932861328,56690300,0.0,0.0
2026-07-14 00:00:00-04:00,132.0,132.75999450683594,127.5999984741211,127.94000244140625,52670400,0.0,0.0
2026-07-15 00:00:00-04:00,130.55999755859375,133.89999389648438,128.83999633789062,132.49000549316406,48520400,0.0,0.0
2026-07-16 00:00:00-04:00,131.47999572753906,131.77999877929688,123.66000366210938,124.20999908447266,54780900,0.0,0.0
2026-07-17 00:00:00-04:00,121.69999694824219,128.44000244140625,121.5,126.41000366210938,39917100,0.0,0.0
2026-07-20 00:00:00-04:00,124.2699966430664,125.48999786376953,120.02999877929688,121.37999725341797,36793200,0.0,0.0
2026-07-21 00:00:00-04:00,122.80999755859375,127.41999816894531,122.20999908447266,127.05000305175781,27748100,0.0,0.0
2026-07-22 00:00:00-04:00,126.18000030517578,128.83999633789062,124.69999694824219,125.83999633789062,21096700,0.0,0.0
2026-07-23 00:00:00-04:00,123.95999908447266,124.69999694824219,119.44000244140625,120.04000091552734,30900600,0.0,0.0
2026-07-24 00:00:00-04:00,122.47000122070312,123.08000183105469,114.75,114.98999786376953,46405700,0.0,0.0
2026-07-27 00:00:00-04:00,118.0,121.98999786376953,116.80000305175781,119.9000015258789,36916600,0.0,0.0
2026-07-28 00:00:00-04:00,118.18000030517578,122.33000183105469,114.5,119.95999908447266,32665400,0.0,0.0
2026-07-29 00:00:00-04:00,119.41999816894531,121.91999816894531,116.19999694824219,117.73999786376953,28081800,0.0,0.0
2026-07-30 00:00:00-04:00,122.87000274658203,128.33999633789062,121.58000183105469,127.55999755859375,41338400,0.0,0.0
2026-07-31 00:00:00-04:00,130.07000732421875,132.39999389648438,125.69999694824219,129.8699951171875,34438700,0.0,0.0
2026-08-03 00:00:00-04:00,131.9199981689453,143.07000732421875,130.2100067138672,141.85000610351562,49696900,0.0,0.0
2026-08-04 00:00:00-04:00,141.00999450683594,148.6999969482422,141.00999450683594,145.74000549316406,43723500,0.0,0.0
2026-08-05 00:00:00-04:00,145.0,146.38999938964844,142.5,144.38999938964844,23524100,0.0,0.0
2026-08-06 00:00:00-04:00,139.25,146.5800018310547,138.72000122070312,143.47000122070312,23073300,0.0,0.0
2026-08-07 00:00:00-04:00,145.32000732421875,147.16000366210938,142.33999633789062,147.02000427246094,22874000,0.0,0.0
2026-08-10 00:00:00-04:00,148.25999450683594,151.99000549316406,146.6199951171875,151.0500030517578,24265000,0.0,0.0
2026-08-11 00:00:00-04:00,151.1999969482422,151.99000549316406,144.24000549316406,145.47999572753906,28761800,0.0,0.0
2026-08-12 00:00:00-04:00,152.80999755859375,154.88999938964844,147.88999938964844,153.27999877929688,43559400,0.0,0.0
2026-08-13 00:00:00-04:00,151.97999572753906,159.25999450683594,151.91000366210938,156.22000122070312,25740000,0.0,0.0
2026-08-14 00:00:00-04:00,155.83999633789062,156.38999938964844,148.8000030517578,150.52000427246094,21905500,0.0,0.0
2026-08-17 00:00:00-04:00,148.4499969482422,150.39999389648438,145.5,146.64999389648438,20668000,0.0,0.0
2026-08-18 00:00:00-04:00,143.25,146.0,142.35000610351562,142.7899932861328,19152300,0.0,0.0
2026-08-19 00:00:00-04:00,142.6999969482422,146.0800018310547,137.42999267578125,143.80999755859375,26552900,0.0,0.0
2026-08-20 00:00:00-04:00,144.3000030517578,145.9199981689453,141.02000427246094,142.07000732421875,15184400,0.0,0.0
2026-08-21 00:00:00-04:00,143.72000122070312,148.35000610351562,142.60000610351562,146.47000122070312,19635000,0.0,0.0
2026-08-24 00:00:00-04:00,145.1199951171875,145.1199951171875,141.25,142.4499969482422,14158600,0.0,0.0
2026-08-25 00:00:00-04:00,143.3000030517578,146.33999633789062,142.50999450683594,144.75999450683594,13329400,0.0,0.0
2026-08-26 00:00:00-04:00,147.0,151.6300048828125,146.8300018310547,148.8699951171875,18426100,0.0,0.0
2026-08-27 00:00:00-04:00,152.11000061035156,153.8300018310547,147.52000427246094,151.94000244140625,30251400,0.0,0.0
2026-08-28 00:00:00-04:00,153.60000610351562,153.99000549316406,149.7100067138672,150.85000610351562,17800000,0.0,0.0
2026-08-31 00:00:00-04:00,149.30999755859375,151.25999450683594,147.75,149.1199951171875,16118900,0.0,0.0
2026-09-01 00:00:00-04:00,146.75,146.7899932861328,139.9499969482422,141.32000732421875,25443300,0.0,0.0
2026-09-02 00:00:00-04:00,140.25999450683594,146.69000244140625,139.72000122070312,145.75,21906700,0.0,0.0
2026-09-03 00:00:00-04:00,147.27000427246094,156.77000427246094,146.9199981689453,154.0399932861328,25101700,0.0,0.0
2026-09-04 00:00:00-04:00,159.4600067138672,159.6999969482422,156.7100067138672,158.77999877929688,26511300,0.0,0.0
2026-09-08 00:00:00-04:00,167.60000610351562,170.6999969482422,161.16000366210938,162.52000427246094,37662800,0.0,0.0
2026-09-09 00:00:00-04:00,163.5399932861328,165.14999389648438,160.36000061035156,161.6300048828125,27464600,0.0,0.0
2026-09-10 00:00:00-04:00,158.3800048828125,159.24000549316406,152.52000427246094,152.94000244140625,56824700,0.0,0.0
2026-09-11 00:00:00-04:00,164.42999267578125,166.0,149.83999633789062,150.27999877929688,80438600,0.0,0.0
2026-09-14 00:00:00-04:00,141.4199981689453,145.3300018310547,141.00999450683594,144.7899932861328,42159700,0.0,0.0
2026-09-15 00:00:00-04:00,143.4600067138672,144.8800048828125,140.02000427246094,140.35000610351562,31552700,0.0,0.0
2026-09-16 00:00:00-04:00,140.02999877929688,146.52000427246094,139.0,143.16000366210938,34366400,0.0,0.0
2026-09-17 00:00:00-04:00,146.75,152.0,146.14999389648438,150.58999633789062,27742400,0.0,0.0
2026-09-18 00:00:00-04:00,150.47000122070312,150.89999389648438,144.39999389648438,147.61000061035156,39215400,0.0,0.0
