Date,open,high,low,close,volume,dividends,stock splits,capital gains
2016-09-19 00:00:00-04:00,182.86605270272938,183.50654930012172,181.92665248084597,182.2511749267578,80250500,0.0,0.0,0.0
2016-09-20 00:00:00-04:00,183.10510344527577,183.2588163176017,182.22548948225904,182.2596435546875,69665300,0.0,0.0,0.0
2016-09-21 00:00:00-04:00,182.9599359014457,184.48858157217842,182.2767371368936,184.3092498779297,110284400,0.0,0.0,0.0
2016-09-22 00:00:00-04:00,185.31702070974237,185.7696372754525,185.06936775208356,185.47073364257812,76678700,0.0,0.0,0.0
2016-09-23 00:00:00-04:00,185.0778960657672,185.21453846600355,184.36054301093114,184.45448303222656,73630900,0.0,0.0,0.0
2016-09-26 00:00:00-04:00,183.6260762405824,183.80540795937068,182.7635326328194,182.9599609375,89827300,0.0,0.0,0.0
2016-09-27 00:00:00-04:00,182.79770286955798,184.18970639548482,182.43047810181935,184.0957794189453,78494800,0.0,0.0,0.0
2016-09-28 00:00:00-04:00,184.31787866073088,185.16333902682638,183.36140772360898,185.00961303710938,87411000,0.0,0.0,0.0
2016-09-29 00:00:00-04:00,184.8046277507613,185.20600669292523,182.78919777576687,183.33575439453125,128070600,0.0,0.0,0.0
2016-09-30 00:00:00-04:00,184.1641637864351,185.4195384826467,183.91651077203267,184.71926879882812,117202900,0.0,0.0,0.0
2016-10-03 00:00:00-04:00,184.3092983398103,184.49716534430019,183.6431699217955,184.27513122558594,83512100,0.0,0.0,0.0
2016-10-04 00:00:00-04:00,184.3861782802475,184.60821242723569,182.74650842395437,183.33575439453125,119948100,0.0,0.0,0.0
2016-10-05 00:00:00-04:00,183.9591536594831,184.57403139469778,183.89083246324418,184.14703369140625,72816000,0.0,0.0,0.0
2016-10-06 00:00:00-04:00,183.9249899749344,184.49716534430019,183.3869817197929,184.27513122558594,62927400,0.0,0.0,0.0
2016-10-07 00:00:00-04:00,184.5484039938564,184.71920046104418,182.91726971570253,183.64315795898438,89788300,0.0,0.0,0.0
2016-10-10 00:00:00-04:00,184.59967041015625,185.0608222465507,184.45449273886658,184.59967041015625,51855000,0.0,0.0,0.0
2016-10-11 00:00:00-04:00,184.17260714642728,184.2409283258376,181.54230037832636,182.2681884765625,130367400,0.0,0.0,0.0
2016-10-12 00:00:00-04:00,182.40486643174575,183.028292428927,181.9095475575587,182.50735473632812,73866100,0.0,0.0,0.0
2016-10-13 00:00:00-04:00,181.1836576651646,182.40486476810696,180.37236468400783,181.9095458984375,101357000,0.0,0.0,0.0
2016-10-14 00:00:00-04:00,182.88315447394865,183.34431940018226,181.92668356166985,182.0035400390625,93346200,0.0,0.0,0.0
2016-10-17 00:00:00-04:00,181.97792689409408,182.2341281910063,181.1922524729187,181.37159729003906,58275700,0.0,0.0,0.0
2016-10-18 00:00:00-04:00,182.95997123618378,183.01974413549965,182.13159469170796,182.50735473632812,76869700,0.0,0.0,0.0
2016-10-19 00:00:00-04:00,182.77213698376207,183.3016100714441,182.4134604052415,182.99417114257812,66519200,0.0,0.0,0.0
2016-10-20 00:00:00-04:00,182.64397856230016,183.2076186121692,181.9949467972882,182.65252685546875,73639800,0.0,0.0,0.0
2016-10-21 00:00:00-04:00,182.65252332556983,182.8233197834896,181.69603970553706,182.7379150390625,89089100,0.0,0.0,0.0
2016-10-24 00:00:00-04:00,183.6090309678364,183.88231578040575,183.1649496628797,183.5150909423828,60146600,0.0,0.0,0.0
2016-10-25 00:00:00-04:00,183.33574051636367,183.59194176253314,182.73794629592604,182.90020751953125,66542300,0.0,0.0,0.0
2016-10-26 00:00:00-04:00,182.08037296255412,183.11370014460235,181.84124225159334,182.53298950195312,75705500,0.0,0.0,0.0
2016-10-27 00:00:00-04:00,183.25030957336313,183.28446365110642,181.96931664758029,182.04617309570312,77220200,0.0,0.0,0.0
2016-10-28 00:00:00-04:00,182.0205811693207,182.69523180962065,180.79937398784872,181.5081787109375,140623200,0.0,0.0,0.0
2016-10-31 00:00:00-04:00,181.84124830762158,182.06329546856531,181.35447766812322,181.51673889160156,61272500,0.0,0.0,0.0
2016-11-01 00:00:00-04:00,181.84120744839947,181.89245811082677,178.9974146530381,180.2015380859375,122781800,0.0,0.0,0.0
2016-11-02 00:00:00-04:00,179.89411499958456,180.2784233312652,178.68144316808676,179.1169891357422,103330800,0.0,0.0,0.0
2016-11-03 00:00:00-04:00,179.3304897741683,179.5439886134976,178.02387791994784,178.29714965820312,88939300,0.0,0.0,0.0
2016-11-04 00:00:00-04:00,178.4081773824272,179.24508920344076,177.95556087497548,178.10073852539062,109122100,0.0,0.0,0.0
2016-11-07 00:00:00-05:00,178.10074275948946,182.06328088275612,178.10074275948946,182.02911376953125,109794900,0.0,0.0,0.0
2016-11-08 00:00:00-05:00,181.6362813584885,183.4125933311949,181.37154487286696,182.8489532470703,106772100,0.0,0.0,0.0
2016-11-09 00:00:00-05:00,181.3630215587675,185.40242968708276,181.33740273604562,184.7875518798828,258429000,0.0,0.0,0.0
2016-11-10 00:00:00-05:00,185.57319489302805,186.4357255180889,183.7968829751666,185.24867248535156,172113300,0.0,0.0,0.0
2016-11-11 00:00:00-05:00,184.53131524308765,185.06078818574503,183.882283473671,184.82167053222656,100552700,0.0,0.0,0.0
2016-11-14 00:00:00-05:00,185.34263325551296,185.5475968566235,184.2239012901916,184.9668731689453,94580000,0.0,0.0,0.0
2016-11-15 00:00:00-05:00,185.35118185568197,186.41014099121094,185.14623127076104,186.41014099121094,91652600,0.0,0.0,0.0
2016-11-16 00:00:00-05:00,185.79526103549384,186.29057999491258,185.67570218535394,186.05999755859375,65617700,0.0,0.0,0.0
2016-11-17 00:00:00-05:00,186.2136760562638,187.07620661018407,186.10265249838733,187.0164337158203,69797200,0.0,0.0,0.0
2016-11-18 00:00:00-05:00,187.08483676287588,187.25563328984904,186.41870815508298,186.59805297851562,86265800,0.0,0.0,0.0
2016-11-21 00:00:00-05:00,187.1701530529121,188.03268363650668,187.02497541196652,188.00706481933594,72402600,0.0,0.0,0.0
2016-11-22 00:00:00-05:00,188.3145274195932,188.55364509731695,187.64841202722897,188.3743133544922,67429000,0.0,0.0,0.0
2016-11-23 00:00:00-05:00,187.86189841231175,188.52801376045227,187.66548312527937,188.47677612304688,56620200,0.0,0.0,0.0
2016-11-25 00:00:00-05:00,188.81834079758076,189.21117128573667,188.7414713273482,189.17701721191406,37872300,0.0,0.0,0.0
2016-11-28 00:00:00-05:00,188.86957236075463,189.1428440353603,188.1863736278425,188.28884887695312,76572500,0.0,0.0,0.0
2016-11-29 00:00:00-05:00,188.32310070688195,189.10877504237837,188.02419705459036,188.65615844726562,69886700,0.0,0.0,0.0
2016-11-30 00:00:00-05:00,189.27097000663528,189.43323118786662,188.14369003024922,188.20347595214844,113291800,0.0,0.0,0.0
2016-12-01 00:00:00-05:00,188.502404564412,188.502404564412,187.15309024313768,187.51177978515625,79040500,0.0,0.0,0.0
2016-12-02 00:00:00-05:00,187.59717762732174,188.09249654857405,187.24703636784292,187.605712890625,74840300,0.0,0.0,0.0
2016-12-05 00:00:00-05:00,188.43408284299034,189.0745794033417,188.23766754647798,188.7329864501953,67837800,0.0,0.0,0.0
2016-12-06 00:00:00-05:00,188.92089633214803,189.36497766614937,188.44266090981026,189.330810546875,59877400,0.0,0.0,0.0
2016-12-07 00:00:00-05:00,189.17705058798379,191.8671306855542,189.05749176211253,191.80735778808594,110738100,0.0,0.0,0.0
2016-12-08 00:00:00-05:00,191.7817784207577,192.74678448846174,191.5170288660005,192.27708435058594,99714400,0.0,0.0,0.0
2016-12-09 00:00:00-05:00,192.4991502614021,193.45562115822483,192.46498314026493,193.43853759765625,88005800,0.0,0.0,0.0
2016-12-12 00:00:00-05:00,193.34457054945193,193.82281896198756,192.79801396606234,193.2164764404297,102016100,0.0,0.0,0.0
2016-12-13 00:00:00-05:00,193.87403320914964,195.00130032531882,193.85694965302935,194.5059814453125,110477500,0.0,0.0,0.0
2016-12-14 00:00:00-05:00,194.2070940773172,194.90736351854272,192.46493619058313,192.90048217773438,142501800,0.0,0.0,0.0
2016-12-15 00:00:00-05:00,193.1395798990274,194.54866692963725,192.90899751969582,193.69467163085938,124972600,0.0,0.0,0.0
2016-12-16 00:00:00-05:00,194.14919263389558,194.2093309720482,192.99809660514904,193.31593322753906,156420200,1.329,0.0,0.0
2016-12-19 00:00:00-05:00,193.49627408622837,194.15773005848882,193.35024073531872,193.73680114746094,90341100,0.0,0.0,0.0
2016-12-20 00:00:00-05:00,194.26937364194734,194.63017730203725,194.03744528469852,194.484130859375,89838800,0.0,0.0,0.0
2016-12-21 00:00:00-05:00,194.35530814852572,194.52711132423568,193.94297790527344,193.94297790527344,67909000,0.0,0.0,0.0
2016-12-22 00:00:00-05:00,193.7969433570569,193.91720689008744,193.21279683394997,193.6079559326172,56219100,0.0,0.0,0.0
2016-12-23 00:00:00-05:00,193.6509087860366,193.90003454615945,193.4619344577355,193.89144897460938,36697800,0.0,0.0,0.0
2016-12-27 00:00:00-05:00,194.15774030631945,194.7676435624427,194.14055605596963,194.37249755859375,42672500,0.0,0.0,0.0
2016-12-28 00:00:00-05:00,194.63023325805088,194.64740440280875,192.65446366813657,192.76612854003906,64095000,0.0,0.0,0.0
2016-12-29 00:00:00-05:00,192.83485518110567,193.1870602698056,192.2850770629314,192.7231903076172,48696100,0.0,0.0,0.0
2016-12-30 00:00:00-05:00,193.04953921738596,193.13544734077695,191.33148161148063,192.01870727539062,108998300,0.0,0.0,0.0
2017-01-03 00:00:00-05:00,193.31582414465785,193.99446419753377,192.31936075647693,193.48764038085938,91366500,0.0,0.0,0.0
2017-01-04 00:00:00-05:00,193.81412033132852,194.78482730354813,193.80553476004727,194.6387939453125,78744400,0.0,0.0,0.0
2017-01-05 00:00:00-05:00,194.37246601957602,194.63876287194785,193.69382587217012,194.484130859375,78379000,0.0,0.0,0.0
2017-01-06 00:00:00-05:00,194.59584611635594,195.64386258695598,194.0546536301997,195.17999267578125,71559900,0.0,0.0,0.0
2017-01-09 00:00:00-05:00,194.92225069076343,195.05969846051255,194.5013218113095,194.5356903076172,46939700,0.0,0.0,0.0
2017-01-10 00:00:00-05:00,194.55286144803023,195.38612052899077,194.14911681673016,194.5356903076172,63771900,0.0,0.0,0.0
2017-01-11 00:00:00-05:00,194.44977838564157,195.08546447753906,193.78832247588585,195.08546447753906,74650000,0.0,0.0,0.0
2017-01-12 00:00:00-05:00,194.57007063243853,194.7848278847922,193.2471717253465,194.59584045410156,72113200,0.0,0.0,0.0
2017-01-13 00:00:00-05:00,194.76760021409356,195.34314794916313,194.73324482878263,195.04249572753906,62717900,0.0,0.0,0.0
2017-01-17 00:00:00-05:00,194.40682528050235,194.81056990593012,193.96872526700736,194.35528564453125,61240800,0.0,0.0,0.0
2017-01-18 00:00:00-05:00,194.6044034593869,194.8277593648899,194.05462548142256,194.78480529785156,54793300,0.0,0.0,0.0
2017-01-19 00:00:00-05:00,194.86212305028965,194.9995708275679,193.63371794868652,194.063232421875,66608800,0.0,0.0,0.0
2017-01-20 00:00:00-05:00,194.74189187207705,195.26590014072343,194.1148043072195,194.77626037597656,129168600,0.0,0.0,0.0
2017-01-23 00:00:00-05:00,194.7762615660135,194.8363867865895,193.5134877487364,194.26942443847656,75061600,0.0,0.0,0.0
2017-01-24 00:00:00-05:00,194.48413895808795,195.92731433532342,194.37247411363907,195.51498413085938,95555300,0.0,0.0,0.0
2017-01-25 00:00:00-05:00,196.45992651817147,197.20729064941406,196.29670891355826,197.20729064941406,84437700,0.0,0.0,0.0
2017-01-26 00:00:00-05:00,197.06123910305723,197.32754909240646,196.72621833139917,197.00111389160156,59970700,0.0,0.0,0.0
2017-01-27 00:00:00-05:00,197.07840913926478,197.22444247968724,196.5114469180428,196.6918487548828,59711100,0.0,0.0,0.0
2017-01-30 00:00:00-05:00,196.0046243681387,196.03039418675976,194.49273820882453,195.47203063964844,79737300,0.0,0.0,0.0
2017-01-31 00:00:00-05:00,194.98241115912435,195.5150180862859,194.41546194492608,195.4548797607422,75880800,0.0,0.0,0.0
2017-02-01 00:00:00-05:00,195.4548713204092,196.36543998180076,194.9480473458977,195.5321807861328,79117700,0.0,0.0,0.0
2017-02-02 00:00:00-05:00,195.5321942923717,195.94453768686506,194.84498151703642,195.6610565185547,69657600,0.0,0.0,0.0
2017-02-03 00:00:00-05:00,196.56301895450204,197.19010644438944,196.25376799509664,197.00970458984375,80563200,0.0,0.0,0.0
2017-02-06 00:00:00-05:00,196.60594632353383,197.00110539735095,196.32246520470133,196.65748596191406,57790100,0.0,0.0,0.0
2017-02-07 00:00:00-05:00,197.04405146992943,197.28457851110494,196.47708925526968,196.66607666015625,57931200,0.0,0.0,0.0
2017-02-08 00:00:00-05:00,196.666071066777,197.05263143569059,196.12487868565375,196.9237823486328,51566200,0.0,0.0,0.0
2017-02-09 00:00:00-05:00,196.92377652459453,198.39270850457046,196.92377652459453,198.09205627441406,65955200,0.0,0.0,0.0
2017-02-10 00:00:00-05:00,198.4356640440478,199.09711992769516,198.1092288870743,198.87376403808594,66015900,0.0,0.0,0.0
2017-02-13 00:00:00-05:00,199.3634750991569,200.2139186269371,199.33770527477662,199.95620727539062,55182100,0.0,0.0,0.0
2017-02-14 00:00:00-05:00,199.7757582406565,200.763649337106,199.4321519248641,200.7550506591797,71109000,0.0,0.0,0.0
2017-02-15 00:00:00-05:00,200.54029652138877,201.99205747727612,200.48875688400074,201.80307006835938,86785800,0.0,0.0,0.0
2017-02-16 00:00:00-05:00,201.82882907216322,202.00923090109555,200.88390518595364,201.63125610351562,84722400,0.0,0.0,0.0
2017-02-17 00:00:00-05:00,200.96983464832184,201.94912719726562,200.95265039792142,201.94912719726562,77204100,0.0,0.0,0.0
2017-02-21 00:00:00-05:00,202.3184743819581,203.32353654345866,202.3098757046762,203.1517333984375,88946100,0.0,0.0,0.0
2017-02-22 00:00:00-05:00,202.74803168672034,203.19471733671713,202.58481407671505,202.97137451171875,62115200,0.0,0.0,0.0
2017-02-23 00:00:00-05:00,203.486800553536,203.50397169653866,202.35287594370925,203.10882568359375,74615900,0.0,0.0,0.0
2017-02-24 00:00:00-05:00,202.26697529423788,203.40947233612843,202.2240212224374,203.3665313720703,82381600,0.0,0.0,0.0
2017-02-27 00:00:00-05:00,203.28061203070507,203.85615985944892,203.03149940037244,203.68435668945312,56515400,0.0,0.0,0.0
2017-02-28 00:00:00-05:00,203.30640096446803,203.54692804662338,202.74803733255226,203.1345977783203,96961900,0.0,0.0,0.0
2017-03-01 00:00:00-05:00,204.78393172954287,206.44186458797842,204.76674747862452,205.9779815673828,149158200,0.0,0.0,0.0
2017-03-02 00:00:00-05:00,205.7889888304196,205.79758750952877,204.62930752428397,204.68084716796875,70246000,0.0,0.0,0.0
2017-03-03 00:00:00-05:00,204.5949198902585,204.9728947189234,204.21694506159358,204.80967712402344,81974300,0.0,0.0,0.0
2017-03-06 00:00:00-05:00,204.01941196373505,204.55200581312022,203.59848298447469,204.19981384277344,55391500,0.0,0.0,0.0
2017-03-07 00:00:00-05:00,203.89912523381324,204.25133027186428,203.38370258750723,203.58987426757812,65103700,0.0,0.0,0.0
2017-03-08 00:00:00-05:00,203.8818944499673,204.13960571430084,203.0744052720006,203.21185302734375,78168800,0.0,0.0,0.0
2017-03-09 00:00:00-05:00,203.3321262127252,203.7960091321492,202.50746585690035,203.46957397460938,90683900,0.0,0.0,0.0
2017-03-10 00:00:00-05:00,204.42309844281942,204.46605250727922,203.2376344239782,204.1825714111328,81991700,0.0,0.0,0.0
2017-03-13 00:00:00-04:00,204.12244220245708,204.32861385641445,203.7960201350338,204.28565979003906,57256800,0.0,0.0,0.0
2017-03-14 00:00:00-04:00,203.74450963623073,203.79606239121486,202.89407924127278,203.5039825439453,59880800,0.0,0.0,0.0
2017-03-15 00:00:00-04:00,204.07088879319102,205.6858672041773,203.83894733661026,205.2649383544922,96081800,0.0,0.0,0.0
2017-03-16 00:00:00-04:00,205.40242904816196,205.479738513935,204.53481445864313,204.86123657226562,78344000,0.0,0.0,0.0
2017-03-17 00:00:00-04:00,205.12264223608113,205.3124518330771,204.50144958496094,204.50144958496094,89002100,1.033,0.0,0.0
2017-03-20 00:00:00-04:00,204.50139874364774,204.78611306835853,203.8888423313486,204.27708435058594,52537000,0.0,0.0,0.0
2017-03-21 00:00:00-04:00,204.8810310054671,205.00181771176204,201.52487198973907,201.65428161621094,131809300,0.0,0.0,0.0
2017-03-22 00:00:00-04:00,201.688778331377,202.413498492628,201.06758586037262,202.1287841796875,97569200,0.0,0.0,0.0
2017-03-23 00:00:00-04:00,202.12880794496004,203.04333775569717,201.54213341156785,201.91311645507812,100410300,0.0,0.0,0.0
2017-03-24 00:00:00-04:00,202.2151521331334,202.78456783670524,200.99002567276995,201.76651000976562,112504900,0.0,0.0,0.0
2017-03-27 00:00:00-04:00,200.10132571992898,201.81823491644124,199.82524742676122,201.5594024658203,87454500,0.0,0.0,0.0
2017-03-28 00:00:00-04:00,201.25746505154598,203.4488852969795,201.14530123845407,203.02613830566406,93483900,0.0,0.0,0.0
2017-03-29 00:00:00-04:00,202.74138584115474,203.4488471111567,202.5170582570755,203.2158966064453,61950400,0.0,0.0,0.0
2017-03-30 00:00:00-04:00,203.1554995811267,204.06140646283444,202.98294902384038,203.8629608154297,56737900,0.0,0.0,0.0
2017-03-31 00:00:00-04:00,203.52650607361866,204.05279389108298,203.33669648930265,203.3884735107422,73733100,0.0,0.0,0.0
2017-04-03 00:00:00-04:00,203.44023008636267,203.6386625847675,201.80960283565494,203.03472900390625,85546500,0.0,0.0,0.0
2017-04-04 00:00:00-04:00,202.74998433492306,203.25039013135097,202.37036523661476,203.1641082763672,56466200,0.0,0.0,0.0
2017-04-05 00:00:00-04:00,203.83708588832562,204.81201565937246,202.3531273481406,202.56019592285156,108800600,0.0,0.0,0.0
2017-04-06 00:00:00-04:00,202.69827087803006,203.64730569496527,202.25825173889314,203.12965393066406,69135800,0.0,0.0,0.0
2017-04-07 00:00:00-04:00,202.8794512234158,203.61280770350876,202.4394452342199,202.92259216308594,74412300,0.0,0.0,0.0
2017-04-10 00:00:00-04:00,203.06056344585218,203.83704741612758,202.51701676780243,203.04330444335938,67615300,0.0,0.0,0.0
2017-04-11 00:00:00-04:00,202.66374260068065,202.90531604474356,201.31782965096872,202.80178833007812,88045300,0.0,0.0,0.0
2017-04-12 00:00:00-04:00,202.52568607883885,202.71549564311601,201.6888020449159,201.91311645507812,81864400,0.0,0.0,0.0
2017-04-13 00:00:00-04:00,201.5766448668478,202.31000122239746,200.60171508789062,200.60171508789062,92880400,0.0,0.0,0.0
2017-04-17 00:00:00-04:00,201.11947514211252,202.37911987304688,200.92104255712488,202.37911987304688,68405400,0.0,0.0,0.0
2017-04-18 00:00:00-04:00,201.64567581176254,202.3100093351554,201.09350608400823,201.77508544921875,83225800,0.0,0.0,0.0
2017-04-19 00:00:00-04:00,202.33587204744288,202.70685508276267,201.17975568197974,201.40408325195312,68699900,0.0,0.0,0.0
2017-04-20 00:00:00-04:00,202.0166110136039,203.4833234359755,201.6973918736758,203.04330444335938,92572200,0.0,0.0,0.0
2017-04-21 00:00:00-04:00,202.96568416407084,203.01744801328724,201.9993905393296,202.39625549316406,110389800,0.0,0.0,0.0
2017-04-24 00:00:00-04:00,204.63081530272794,204.829260943652,202.37037279714053,204.6221923828125,119209900,0.0,0.0,0.0
2017-04-25 00:00:00-04:00,205.26068118771292,206.15795211813352,205.17439931383385,205.81285095214844,76698300,0.0,0.0,0.0
2017-04-26 00:00:00-04:00,205.77828490015946,206.65830978218523,205.64025236484687,205.68338012695312,84702500,0.0,0.0,0.0
2017-04-27 00:00:00-04:00,206.00265619951773,206.15794777150717,205.32106363863426,205.85598754882812,57410300,0.0,0.0,0.0
2017-04-28 00:00:00-04:00,206.11484059103506,206.14072252393868,205.2779563211051,205.40737915039062,63532800,0.0,0.0,0.0
2017-05-01 00:00:00-04:00,205.9249725341797,206.34773259291018,205.5108485604779,205.9249725341797,66882500,0.0,0.0,0.0
2017-05-02 00:00:00-04:00,206.06307233410743,206.18385907333953,205.5971843870029,206.002685546875,57375700,0.0,0.0,0.0
2017-05-03 00:00:00-04:00,206.00265092996418,206.09755572089628,205.07948494864596,205.75244140625,73137700,0.0,0.0,0.0
2017-05-04 00:00:00-04:00,206.05447955067797,206.13212535909125,205.14857229154882,205.99407958984375,61462700,0.0,0.0,0.0
2017-05-05 00:00:00-04:00,206.36504769207525,206.8223127209225,205.92502850844568,206.8050537109375,62001300,0.0,0.0,0.0
2017-05-08 00:00:00-04:00,206.84821465294502,206.99488334007998,206.34780863313645,206.77056884765625,48385700,0.0,0.0,0.0
2017-05-09 00:00:00-04:00,207.02931518062752,207.22774765535095,206.23555895220755,206.58067321777344,51363200,0.0,0.0,0.0
2017-05-10 00:00:00-04:00,206.5375514227584,206.95167541503906,206.33048284423592,206.95167541503906,54293800,0.0,0.0,0.0
2017-05-11 00:00:00-04:00,206.5031097645792,206.69291939511479,205.4505338733431,206.52899169921875,62358300,0.0,0.0,0.0
2017-05-12 00:00:00-04:00,206.27875795356732,206.57209528830768,205.91639774628214,206.18385314941406,53912700,0.0,0.0,0.0
2017-05-15 00:00:00-04:00,206.60661064681307,207.44349486408936,206.58935163770735,207.3227081298828,61918900,0.0,0.0,0.0
2017-05-16 00:00:00-04:00,207.61603570807566,207.64191763813506,206.74464667828815,207.1328887939453,51241800,0.0,0.0,0.0
2017-05-17 00:00:00-04:00,207.13282091369572,207.13282091369572,203.39704331044925,203.4574432373047,172174100,0.0,0.0,0.0
2017-05-18 00:00:00-04:00,203.37980044881323,205.1225912403326,203.12096804773407,204.27708435058594,107047700,0.0,0.0,0.0
2017-05-19 00:00:00-04:00,204.7602820844805,206.27012277416677,204.70851822433954,205.6057891845703,115011400,0.0,0.0,0.0
2017-05-22 00:00:00-04:00,206.114780138584,206.8136316163142,206.04577044759293,206.6497039794922,61010600,0.0,0.0,0.0
2017-05-23 00:00:00-04:00,207.0207127572947,207.27092228610908,206.64109358582823,207.10699462890625,48341700,0.0,0.0,0.0
2017-05-24 00:00:00-04:00,207.33998303359678,207.6937071763966,207.00349157169038,207.59017944335938,46927700,0.0,0.0,0.0
2017-05-25 00:00:00-04:00,208.0991590488035,208.85839735058266,207.8921036317834,208.58230590820312,64071700,0.0,0.0,0.0
2017-05-26 00:00:00-04:00,208.39248751099086,208.70308378813723,208.31484173289525,208.53916931152344,46629900,0.0,0.0,0.0
2017-05-30 00:00:00-04:00,208.21997122970018,208.6082133488608,208.0646796479424,208.35801696777344,35201900,0.0,0.0,0.0
2017-05-31 00:00:00-04:00,208.6513603457103,208.68587836361388,207.6160436096332,208.30625915527344,91796000,0.0,0.0,0.0
2017-06-01 00:00:00-04:00,208.7634938022781,209.9799970435517,208.4787794374206,209.96273803710938,68962000,0.0,0.0,0.0
2017-06-02 00:00:00-04:00,210.01450080915959,210.81688004503397,209.7211635249752,210.6615753173828,88666100,0.0,0.0,0.0
2017-06-05 00:00:00-04:00,210.4890581295814,210.7737725381242,210.3078714460481,210.50631713867188,44698800,0.0,0.0,0.0
2017-06-06 00:00:00-04:00,209.94553994472972,210.49770982821022,209.75573031308627,209.83338928222656,50375400,0.0,0.0,0.0
2017-06-07 00:00:00-04:00,210.16979376579113,210.44587202815976,209.50546028842197,210.2215576171875,54144300,0.0,0.0,0.0
2017-06-08 00:00:00-04:00,210.31649609686164,210.7996430069901,209.79883117042922,210.3251190185547,65950700,0.0,0.0,0.0
2017-06-09 00:00:00-04:00,210.5925491930658,211.38629233108014,208.74623048480618,210.00587463378906,132256400,0.0,0.0,0.0
2017-06-12 00:00:00-04:00,209.76430553969885,210.0145018916717,209.11723102814028,209.96273803710938,86108100,0.0,0.0,0.0
2017-06-13 00:00:00-04:00,210.49773406473204,211.04128108745533,210.15263278461023,210.98951721191406,60067000,0.0,0.0,0.0
2017-06-14 00:00:00-04:00,211.2568650066931,211.26548792663178,209.90231618481425,210.72195434570312,78602300,0.0,0.0,0.0
2017-06-15 00:00:00-04:00,209.37607273992884,210.43728453124618,209.0999944310873,210.31649780273438,66464900,0.0,0.0,0.0
2017-06-16 00:00:00-04:00,210.475122266926,210.52713855089232,209.48677318467617,210.36241149902344,84553100,1.183,0.0,0.0
2017-06-19 00:00:00-04:00,211.18604063759295,212.17438975310907,211.09067303745704,212.11370849609375,65123800,0.0,0.0,0.0
2017-06-20 00:00:00-04:00,211.75826411538486,211.7669290874146,210.66588233621394,210.68321228027344,56906400,0.0,0.0,0.0
2017-06-21 00:00:00-04:00,211.07342115355897,211.18611873796897,210.16309612996415,210.63125610351562,55977600,0.0,0.0,0.0
2017-06-22 00:00:00-04:00,210.63985817920226,211.1340261266323,210.36242034776063,210.5358123779297,44148100,0.0,0.0,0.0
2017-06-23 00:00:00-04:00,210.59652674301162,211.1167028826192,210.21505630325362,210.78726196289062,66986800,0.0,0.0,0.0
2017-06-26 00:00:00-04:00,211.45483398498556,211.87099079501016,210.7179144382114,210.9259796142578,56700500,0.0,0.0,0.0
2017-06-27 00:00:00-04:00,210.7092323557802,211.0040133980266,209.2093719138842,209.22671508789062,82247700,0.0,0.0,0.0
2017-06-28 00:00:00-04:00,210.24104157949424,211.29875014596385,210.0069550662031,211.09934997558594,70042600,0.0,0.0,0.0
2017-06-29 00:00:00-04:00,211.24677104550017,211.2987873400625,208.0389716674855,209.2440643310547,106949700,0.0,0.0,0.0
2017-06-30 00:00:00-04:00,210.05029877057373,210.42310418408414,209.44342008121606,209.6341552734375,86820700,0.0,0.0,0.0
2017-07-03 00:00:00-04:00,210.57055579302573,211.00404260041984,209.98968505859375,209.98968505859375,39153800,0.0,0.0,0.0
2017-07-05 00:00:00-04:00,210.3538134314714,210.68325441102513,209.5475210866607,210.47518920898438,54427600,0.0,0.0,0.0
2017-07-06 00:00:00-04:00,209.71218669056708,209.8335624324853,208.36837532928143,208.55044555664062,65400800,0.0,0.0,0.0
2017-07-07 00:00:00-04:00,209.1226680429866,210.05032273922362,208.55912737294966,209.90293884277344,57972300,0.0,0.0,0.0
2017-07-10 00:00:00-04:00,209.9029790773293,210.50119297868272,209.59953302537784,210.12838745117188,36663300,0.0,0.0,0.0
2017-07-11 00:00:00-04:00,210.1283389012908,210.2844009924833,208.81054885703776,209.9722900390625,50354600,0.0,0.0,0.0
2017-07-12 00:00:00-04:00,210.93462720334514,211.71489795821162,210.93462720334514,211.5501708984375,59610400,0.0,0.0,0.0
2017-07-13 00:00:00-04:00,211.55885557542805,212.01835042519957,211.33343402190394,211.9056396484375,39471600,0.0,0.0,0.0
2017-07-14 00:00:00-04:00,211.9056631814736,213.24947476430907,211.81029556646038,212.89401245117188,60262700,0.0,0.0,0.0
2017-07-17 00:00:00-04:00,212.8159799239652,213.1974503695233,212.6946041666481,212.8679962158203,33531900,0.0,0.0,0.0
2017-07-18 00:00:00-04:00,212.46050827823697,213.0327139214029,212.12238916708705,212.98069763183594,42742500,0.0,0.0,0.0
2017-07-19 00:00:00-04:00,213.29280851214529,214.142438775647,213.2841303112444,214.13377380371094,51034300,0.0,0.0,0.0
2017-07-20 00:00:00-04:00,214.38520537376544,214.50658113424,213.68295895752232,214.22915649414062,47135200,0.0,0.0,0.0
2017-07-21 00:00:00-04:00,213.65692071154007,214.06439925622144,213.43149916744,214.03839111328125,82340800,0.0,0.0,0.0
2017-07-24 00:00:00-04:00,213.9603372726422,214.12506431811352,213.51818564713727,213.98635864257812,46622300,0.0,0.0,0.0
2017-07-25 00:00:00-04:00,214.73198488014728,214.83603069330022,214.2811681960246,214.50657653808594,54915600,0.0,0.0,0.0
2017-07-26 00:00:00-04:00,214.79263556043537,214.82730867177014,214.25511634648862,214.51519775390625,47575400,0.0,0.0,0.0
2017-07-27 00:00:00-04:00,214.97467345783218,215.0093465639546,212.99796245587453,214.31576538085938,70766600,0.0,0.0,0.0
2017-07-28 00:00:00-04:00,213.8390010387317,214.19446333630827,213.38818435928198,214.06442260742188,50088400,0.0,0.0,0.0
2017-07-31 00:00:00-04:00,214.46323036159643,214.55859797571054,213.73497579688825,213.94305419921875,65838700,0.0,0.0,0.0
2017-08-01 00:00:00-04:00,214.54128238511666,214.57595550667546,213.89971719006266,214.41990661621094,55050400,0.0,0.0,0.0
2017-08-02 00:00:00-04:00,214.5499491886717,214.66265998539095,213.59627297558586,214.52394104003906,47211200,0.0,0.0,0.0
2017-08-03 00:00:00-04:00,214.41120560264687,214.4372137482906,213.83033496832851,214.10777282714844,40856000,0.0,0.0,0.0
2017-08-04 00:00:00-04:00,214.59329242240065,214.82736575126967,214.11645433383487,214.4979248046875,60191800,0.0,0.0,0.0
2017-08-07 00:00:00-04:00,214.56724185780152,214.8966827392578,214.4631960587952,214.8966827392578,31995000,0.0,0.0,0.0
2017-08-08 00:00:00-04:00,214.58458698349708,215.7983577120531,213.9950514062568,214.3678436279297,61719400,0.0,0.0,0.0
2017-08-09 00:00:00-04:00,213.68293843106287,214.41119292395376,213.32747615633122,214.3591766357422,62632600,0.0,0.0,0.0
2017-08-10 00:00:00-04:00,213.52687674210125,213.6569306918411,211.2814187702836,211.33343505859375,120479500,0.0,0.0,0.0
2017-08-11 00:00:00-04:00,211.55889468664876,212.23513301430953,211.324808118161,211.6455841064453,74869900,0.0,0.0,0.0
2017-08-14 00:00:00-04:00,212.919984520352,213.96034990759955,212.88531140666132,213.7436065673828,73291900,0.0,0.0,0.0
2017-08-15 00:00:00-04:00,214.12511471817118,214.14245789255634,213.41420331597075,213.71763610839844,55242700,0.0,0.0,0.0
2017-08-16 00:00:00-04:00,214.237868558616,214.63668227581942,213.66566274961616,214.09048461914062,56715500,0.0,0.0,0.0
2017-08-17 00:00:00-04:00,213.4835376608138,213.7956486181864,210.7525634765625,210.7525634765625,128490400,0.0,0.0,0.0
2017-08-18 00:00:00-04:00,210.58784005945023,211.7062431881432,209.98096130653698,210.42312622070312,136748000,0.0,0.0,0.0
2017-08-21 00:00:00-04:00,210.36245175744227,210.84795480599274,209.66020533157703,210.58786010742188,65469700,0.0,0.0,0.0
2017-08-22 00:00:00-04:00,211.16869638747474,212.9459810975549,211.1513532170895,212.78993225097656,63140100,0.0,0.0,0.0
2017-08-23 00:00:00-04:00,211.8276231274505,212.45184506535176,211.68023922946892,212.0270233154297,50203800,0.0,0.0,0.0
2017-08-24 00:00:00-04:00,212.4085058976072,212.56455477652642,211.32478903078268,211.53286743164062,50741700,0.0,0.0,0.0
2017-08-25 00:00:00-04:00,212.3217911113928,212.9373480772828,211.87963941744812,212.0270233154297,64445900,0.0,0.0,0.0
2017-08-28 00:00:00-04:00,212.55585111283773,212.58185925459006,211.61951832286454,212.03567504882812,40565600,0.0,0.0,0.0
2017-08-29 00:00:00-04:00,210.7265525878525,212.53852381976515,210.61384181253018,212.2784423828125,51135700,0.0,0.0,0.0
2017-08-30 00:00:00-04:00,212.26114196008922,213.55293734929995,212.07907168858918,213.28416442871094,62030800,0.0,0.0,0.0
2017-08-31 00:00:00-04:00,213.89968749141116,214.81001224629438,213.31881687594364,214.5672607421875,103803900,0.0,0.0,0.0
2017-09-01 00:00:00-04:00,214.94005648507263,215.29551877510065,214.72331312222116,214.87069702148438,62007000,0.0,0.0,0.0
2017-09-05 00:00:00-04:00,214.3678496208747,214.59327118350407,212.36514307607808,213.32748413085938,91398800,0.0,0.0,0.0
2017-09-06 00:00:00-04:00,214.00370881079374,214.3851792197377,213.47485451275125,214.05572509765625,57916900,0.0,0.0,0.0
2017-09-07 00:00:00-04:00,214.35920881876066,214.37655199375652,213.62227601455146,214.02975463867188,58034700,0.0,0.0,0.0
2017-09-08 00:00:00-04:00,213.743603452773,214.2377846111686,213.53553831573353,213.77828979492188,63832800,0.0,0.0,0.0
2017-09-11 00:00:00-04:00,215.044085856404,216.13648085540885,215.02675591248934,216.05845642089844,71364800,0.0,0.0,0.0
2017-09-12 00:00:00-04:00,216.4225853869284,216.82138576355234,216.24051514266796,216.78671264648438,56896000,0.0,0.0,0.0
2017-09-13 00:00:00-04:00,216.50059643105592,216.92541815541094,216.38788565686775,216.89073181152344,59228000,0.0,0.0,0.0
2017-09-14 00:00:00-04:00,216.57000986609467,217.0208398462446,216.3966177903347,216.82142639160156,95446300,0.0,0.0,0.0
2017-09-15 00:00:00-04:00,216.6776584527241,217.200416143231,216.57310957354642,217.11329650878906,95432400,1.235,0.0,0.0
2017-09-18 00:00:00-04:00,217.47917132915592,217.92351723860625,217.19164869552992,217.57501220703125,46235200,0.0,0.0,0.0
2017-09-19 00:00:00-04:00,217.81899915480582,217.87999485598516,217.4704940740048,217.79286193847656,47108100,0.0,0.0,0.0
2017-09-20 00:00:00-04:00,217.8799981241204,217.98454699100557,216.87802273620898,217.87127685546875,59574100,0.0,0.0,0.0
2017-09-21 00:00:00-04:00,217.71446667763573,217.80158630708547,217.11328406757664,217.28753662109375,48211400,0.0,0.0,0.0
2017-09-22 00:00:00-04:00,216.99130333548783,217.49664504082952,216.96516611750616,217.3311004638672,51214000,0.0,0.0,0.0
2017-09-25 00:00:00-04:00,217.0784310696796,217.42694948014497,216.14617257274787,216.88674926757812,57064400,0.0,0.0,0.0
2017-09-26 00:00:00-04:00,217.31362562424778,217.557581803969,216.7821468124377,217.01739501953125,54082000,0.0,0.0,0.0
2017-09-27 00:00:00-04:00,217.71449450912652,218.24597350679676,216.8344970652516,217.86260986328125,81001400,0.0,0.0,0.0
2017-09-28 00:00:00-04:00,217.58376221603876,218.20237405540473,217.49664258862123,218.12396240234375,44778800,0.0,0.0,0.0
2017-09-29 00:00:00-04:00,218.11525085510596,218.9691109863301,217.93229032314218,218.89068603515625,85578000,0.0,0.0,0.0
2017-10-02 00:00:00-04:00,219.11721709572956,219.8403778076172,218.9429512512324,219.8403778076172,59023000,0.0,0.0,0.0
2017-10-03 00:00:00-04:00,219.84036885580198,220.33698926746806,219.76194391112475,220.31085205078125,66810200,0.0,0.0,0.0
2017-10-04 00:00:00-04:00,220.16271909384366,220.81617604791793,220.04944896752707,220.5722198486328,55953600,0.0,0.0,0.0
2017-10-05 00:00:00-04:00,220.90331222571203,221.8965663385826,220.60708157503166,221.879150390625,63522800,0.0,0.0,0.0
2017-10-06 00:00:00-04:00,221.4348440486216,221.91404862433316,221.17347182061528,221.62652587890625,80646000,0.0,0.0,0.0
2017-10-09 00:00:00-04:00,221.85301843326477,221.91400084179554,220.99915835689742,221.2605438232422,35803100,0.0,0.0,0.0
2017-10-10 00:00:00-04:00,221.82688336786683,222.2189549238786,221.28668318694972,221.84429931640625,43057400,0.0,0.0,0.0
2017-10-11 00:00:00-04:00,221.74846601668025,222.1928253173828,221.58293473218265,222.1928253173828,47674300,0.0,0.0,0.0
2017-10-12 00:00:00-04:00,221.8791388363933,222.22764390203182,221.62646136338174,221.86170959472656,47065100,0.0,0.0,0.0
2017-10-13 00:00:00-04:00,222.2973499810082,222.4106201111444,221.86171199693516,222.13180541992188,54800400,0.0,0.0,0.0
2017-10-16 00:00:00-04:00,222.35839493352228,222.6197671461682,222.01859776246346,222.42808532714844,38221700,0.0,0.0,0.0
2017-10-17 00:00:00-04:00,222.37577361386636,222.62845110323354,222.15795461008904,222.5848846435547,31561000,0.0,0.0,0.0
2017-10-18 00:00:00-04:00,222.9595118893441,223.00307834608037,222.61100682468611,222.8026885986328,40888300,0.0,0.0,0.0
2017-10-19 00:00:00-04:00,222.02730608387463,222.89858224636933,221.60909724837057,222.8637237548828,61903800,0.0,0.0,0.0
2017-10-20 00:00:00-04:00,223.65659412906825,224.03995775498825,222.84630041162484,224.0137939453125,89176400,0.0,0.0,0.0
2017-10-23 00:00:00-04:00,224.33618772396434,224.3623249443181,223.06410542878254,223.14251708984375,63915300,0.0,0.0,0.0
2017-10-24 00:00:00-04:00,223.56946542458297,223.7698419219857,223.17738052135843,223.53460693359375,66935900,0.0,0.0,0.0
2017-10-25 00:00:00-04:00,223.203520578776,223.31679073400198,221.30414492891353,222.42808532714844,103715300,0.0,0.0,0.0
2017-10-26 00:00:00-04:00,223.0379726265612,223.30805279459497,222.59361330899486,222.71559143066406,69798000,0.0,0.0,0.0
2017-10-27 00:00:00-04:00,223.45617099962706,224.6933946976007,222.72430230377432,224.5365447998047,85562500,0.0,0.0,0.0
2017-10-30 00:00:00-04:00,223.45617803770907,224.44072426563199,223.40390359987563,223.70013427734375,54285700,0.0,0.0,0.0
2017-10-31 00:00:00-04:00,224.07476697853525,224.30130725889842,223.7523990960091,224.0486297607422,60304800,0.0,0.0,0.0
2017-11-01 00:00:00-04:00,224.82412755167388,225.16391145756455,223.97898853854804,224.34490966796875,54202700,0.0,0.0,0.0
2017-11-02 00:00:00-04:00,224.27515302350042,224.57138366575603,223.2121952651795,224.43197631835938,56449500,0.0,0.0,0.0
2017-11-03 00:00:00-04:00,224.58886266791916,225.22490388350775,224.17936177910678,225.1813507080078,59589700,0.0,0.0,0.0
2017-11-06 00:00:00-05:00,225.05053697709374,225.66044069574653,224.98084660973004,225.52975463867188,49652600,0.0,0.0,0.0
2017-11-07 00:00:00-05:00,225.63440384661874,225.96549306462873,224.8676765184357,225.37303161621094,57502200,0.0,0.0,0.0
2017-11-08 00:00:00-05:00,225.1986990902852,225.85215606215831,224.9198844008703,225.7563018798828,50469600,0.0,0.0,0.0
2017-11-09 00:00:00-05:00,224.553968593793,225.12901393308397,223.36029816253628,224.9373321533203,95085500,0.0,0.0,0.0
2017-11-10 00:00:00-05:00,224.55399863077685,225.04191111921565,224.24032540864536,224.86764526367188,59984700,0.0,0.0,0.0
2017-11-13 00:00:00-05:00,224.18798363286027,225.30321564135517,224.1531251543743,225.07667541503906,50228600,0.0,0.0,0.0
2017-11-14 00:00:00-05:00,224.2751861185557,224.6585497331592,223.4997376197142,224.5540008544922,61315200,0.0,0.0,0.0
2017-11-15 00:00:00-05:00,223.5868617639876,224.10963272602055,222.72430695963646,223.43003845214844,80811500,0.0,0.0,0.0
2017-11-16 00:00:00-05:00,224.3709825760484,225.69533909325546,224.32742941239627,225.3293914794922,67777000,0.0,0.0,0.0
2017-11-17 00:00:00-05:00,224.9809095420741,225.3032774361081,224.58882467194667,224.667236328125,75756800,0.0,0.0,0.0
2017-11-20 00:00:00-05:00,224.91124787059857,225.24231048698562,224.66726501235686,225.05062866210938,48075500,0.0,0.0,0.0
2017-11-21 00:00:00-05:00,225.81732454351769,226.7060431484956,225.01576545227593,226.52305603027344,69176800,0.0,0.0,0.0
2017-11-22 00:00:00-05:00,226.5317906308125,226.66247673063674,226.15714828157076,226.32269287109375,45033400,0.0,0.0,0.0
2017-11-24 00:00:00-05:00,226.81062708057902,226.95003446348147,226.67121969767658,226.845458984375,27856500,0.0,0.0,0.0
2017-11-27 00:00:00-05:00,226.8890163124573,227.18524700086792,226.53178991457588,226.73219299316406,52274900,0.0,0.0,0.0
2017-11-28 00:00:00-05:00,227.19395365237457,229.0584705922239,227.0980994594827,229.03233337402344,98971700,0.0,0.0,0.0
2017-11-29 00:00:00-05:00,229.16306836229634,229.6945606980925,228.44864204929883,228.89297485351562,77512100,0.0,0.0,0.0
2017-11-30 00:00:00-05:00,229.80778600995802,231.80298907710585,229.72937435393015,230.89688110351562,127894400,0.0,0.0,0.0
2017-12-01 00:00:00-05:00,230.67903179831612,231.15822294087286,227.1939279565007,230.41763305664062,164390900,0.0,0.0,0.0
2017-12-04 00:00:00-05:00,232.02952439117243,232.4564411501399,230.08656921379136,230.1388702392578,94040600,0.0,0.0,0.0
2017-12-05 00:00:00-05:00,229.31117248535156,231.01886629763948,229.18048638044854,229.31117248535156,77994500,0.0,0.0,0.0
2017-12-06 00:00:00-05:00,229.40698024798462,229.7816491686028,228.8929305536896,229.35470581054688,75898600,0.0,0.0,0.0
2017-12-07 00:00:00-05:00,230.077880859375,230.39152748538592,229.0933346345588,230.077880859375,77218600,0.0,0.0,0.0
2017-12-08 00:00:00-05:00,231.02758282536652,231.34122947069542,230.0430365399105,231.33253479003906,76563900,0.0,0.0,0.0
2017-12-11 00:00:00-05:00,232.029541015625,232.09053672534347,231.30639353645628,232.029541015625,83077500,0.0,0.0,0.0
2017-12-12 00:00:00-05:00,232.81365291935185,232.9095071059197,232.06436832088255,232.4390106201172,85195800,0.0,0.0,0.0
2017-12-13 00:00:00-05:00,232.68301157608292,233.1186496606018,232.32578515606883,232.4129180908203,102905400,0.0,0.0,0.0
2017-12-14 00:00:00-05:00,232.70906813284395,232.82233824983382,231.41087559953095,231.46315002441406,100666700,0.0,0.0,0.0
2017-12-15 00:00:00-05:00,232.46239967150672,233.8548063287974,232.4098580410537,233.3906707763672,144610300,1.351,0.0,0.0
2017-12-18 00:00:00-05:00,234.78314921981573,235.22101409089888,234.67806592677988,234.8707275390625,83653600,0.0,0.0,0.0
2017-12-19 00:00:00-05:00,235.11587726909698,235.15965305617854,233.89860037655052,233.9686737060547,82382900,0.0,0.0,0.0
2017-12-20 00:00:00-05:00,234.93198079578954,234.98452243615404,233.54833972427858,233.84608459472656,76751500,0.0,0.0,0.0
2017-12-21 00:00:00-05:00,234.46769554353872,235.03694082616857,234.08237260997268,234.32757568359375,67032300,0.0,0.0,0.0
2017-12-22 00:00:00-05:00,234.34527670060316,234.3803133721886,233.7322552110331,234.26646423339844,78720900,0.0,0.0,0.0
2017-12-26 00:00:00-05:00,233.86353007310808,234.20507737373754,233.72343688454004,233.98614501953125,45244400,0.0,0.0,0.0
2017-12-27 00:00:00-05:00,234.15257825763103,234.4590889541957,233.82856259060253,234.10003662109375,57751000,0.0,0.0,0.0
2017-12-28 00:00:00-05:00,234.5991967337634,234.6254675506704,234.21387360236463,234.5816650390625,45116100,0.0,0.0,0.0
2017-12-29 00:00:00-05:00,235.1596234661862,235.17712843378723,233.50450873565194,233.6971435546875,96007400,0.0,0.0,0.0
2018-01-02 00:00:00-05:00,234.55542038917878,235.40487919746303,234.17009721479332,235.36984252929688,86655700,0.0,0.0,0.0
2018-01-03 00:00:00-05:00,235.53620614609844,237.007452062863,235.53620614609844,236.8585662841797,90070400,0.0,0.0,0.0
2018-01-04 00:00:00-05:00,237.49786222367834,238.33855510004886,236.9198775195659,237.8568878173828,80636400,0.0,0.0,0.0
2018-01-05 00:00:00-05:00,238.6450537759201,239.56455905769892,238.15464739561895,239.4419708251953,83524000,0.0,0.0,0.0
2018-01-08 00:00:00-05:00,239.34559769302356,240.0374313948858,239.05661875308317,239.8798065185547,57319200,0.0,0.0,0.0
2018-01-09 00:00:00-05:00,240.30019081716375,241.04456630336588,240.0199509382166,240.4228057861328,57254000,0.0,0.0,0.0
2018-01-10 00:00:00-05:00,239.6696542810785,240.317712314285,239.00411800325506,240.0549774169922,69574300,0.0,0.0,0.0
2018-01-11 00:00:00-05:00,240.6067274035964,241.8064727783203,240.4403366278896,241.8064727783203,62361500,0.0,0.0,0.0
2018-01-12 00:00:00-05:00,242.06909652494534,243.54905440382936,241.77132505508374,243.3826904296875,90816100,0.0,0.0,0.0
2018-01-16 00:00:00-05:00,244.63509851856605,245.2831299484348,241.8590235937221,242.5508575439453,106555100,0.0,0.0,0.0
2018-01-17 00:00:00-05:00,243.47912131892016,245.2480856475253,242.55084999820028,244.86276245117188,113258800,0.0,0.0,0.0
2018-01-18 00:00:00-05:00,244.74888617541,245.16921922426718,243.9607082585169,244.45114135742188,100728000,0.0,0.0,0.0
2018-01-19 00:00:00-05:00,245.0291302827362,245.56333923339844,244.4511722674767,245.56333923339844,140920100,0.0,0.0,0.0
2018-01-22 00:00:00-05:00,245.35313838849672,247.55996704101562,245.30057003294718,247.55996704101562,91322400,0.0,0.0,0.0
2018-01-23 00:00:00-05:00,247.6037666679911,248.37441295502668,247.27975100756595,248.08543395996094,97084700,0.0,0.0,0.0
2018-01-24 00:00:00-05:00,248.7246230676983,249.32013929538698,246.8155396315042,247.989013671875,134816100,0.0,0.0,0.0
2018-01-25 00:00:00-05:00,248.84725735522073,248.94357475644838,247.3059651344655,248.0941162109375,84587300,0.0,0.0,0.0
2018-01-26 00:00:00-05:00,248.9260541838784,251.0102941994171,248.6720852031677,250.96649169921875,107743100,0.0,0.0,0.0
2018-01-29 00:00:00-05:00,250.39735056563376,250.83521535243415,249.14506368941963,249.3026885986328,90118300,0.0,0.0,0.0
2018-01-30 00:00:00-05:00,247.48118459117052,249.35523199482623,246.27267349504925,246.74557495117188,131796400,0.0,0.0,0.0
2018-01-31 00:00:00-05:00,247.59504988607,248.09419546803977,245.79978809516038,246.86817932128906,108364800,0.0,0.0,0.0
2018-02-01 00:00:00-05:00,246.14125630931142,247.88394917432177,245.79970903267616,246.58786010742188,90102500,0.0,0.0,0.0
2018-02-02 00:00:00-05:00,245.2742700591547,245.40565084469588,241.18462886952346,241.21966552734375,173174800,0.0,0.0,0.0
2018-02-05 00:00:00-05:00,239.46823297604135,241.56997834773023,230.58832336984216,231.1312713623047,294681800,0.0,0.0,0.0
2018-02-06 00:00:00-05:00,227.6371327146444,236.18426134989403,226.55123666595557,235.68508911132812,355026800,0.0,0.0,0.0
2018-02-07 00:00:00-05:00,235.13338368290727,238.51368691076328,234.32770073952963,234.4065399169922,167376100,0.0,0.0,0.0
2018-02-08 00:00:00-05:00,234.70427332043076,234.8443932483276,225.57916011408363,225.61419677734375,246449500,0.0,0.0,0.0
2018-02-09 00:00:00-05:00,228.39028969160273,230.8510879526417,221.48954890465834,229.00331115722656,283565300,0.0,0.0,0.0
2018-02-12 00:00:00-05:00,231.04366793126815,233.82850763901305,229.14335016441967,232.36602783203125,143736000,0.0,0.0,0.0
2018-02-13 00:00:00-05:00,231.16634649666958,233.48702462091063,230.58836174636198,232.94407653808594,81223600,0.0,0.0,0.0
2018-02-14 00:00:00-05:00,231.46398052654666,236.44688176546666,231.45521468258653,236.08782958984375,120735700,0.0,0.0,0.0
2018-02-15 00:00:00-05:00,237.82183018275933,239.10915341894105,235.36977192448305,239.1003875732422,111200300,0.0,0.0,0.0
2018-02-16 00:00:00-05:00,238.4786793423682,241.10586801299468,238.43487682943731,239.1704864501953,160420100,0.0,0.0,0.0
2018-02-20 00:00:00-05:00,238.22473335946697,239.66094279990673,236.88486807668974,237.6730194091797,86369700,0.0,0.0,0.0
2018-02-21 00:00:00-05:00,238.11082745208617,240.58039086681103,236.39440524670226,236.49072265625,98883700,0.0,0.0,0.0
2018-02-22 00:00:00-05:00,237.4102625244751,239.11791894051447,236.13170499282666,236.7972412109375,110511300,0.0,0.0,0.0
2018-02-23 00:00:00-05:00,238.0144493943795,240.57156372070312,237.54154813808995,240.57156372070312,92766400,0.0,0.0,0.0
2018-02-26 00:00:00-05:00,241.640061258888,243.4615937865243,241.05333739504624,243.36524963378906,86491400,0.0,0.0,0.0
2018-02-27 00:00:00-05:00,243.54912476314271,244.25849026375877,240.26513905257121,240.32644653320312,99099200,0.0,0.0,0.0
2018-02-28 00:00:00-05:00,241.42106448617167,241.86769501354672,237.57662647794845,237.89187622070312,121907800,0.0,0.0,0.0
2018-03-01 00:00:00-05:00,237.6818575807221,239.22315077113356,232.94415557055783,234.4329071044922,176855100,0.0,0.0,0.0
2018-03-02 00:00:00-05:00,232.76897988553196,236.20185260417944,231.91078174973535,235.64137268066406,139083200,0.0,0.0,0.0
2018-03-05 00:00:00-05:00,234.45906116670795,238.97782844938183,234.35395118094502,238.36480712890625,97307400,0.0,0.0,0.0
2018-03-06 00:00:00-05:00,239.33687714106907,239.41571631929486,237.4803347570045,238.96908569335938,79213200,0.0,0.0,0.0
2018-03-07 00:00:00-05:00,236.8147762535979,239.2317714301234,236.622114700202,238.88148498535156,87063500,0.0,0.0,0.0
2018-03-08 00:00:00-05:00,239.5558844380261,240.16014015907032,238.5663321787115,240.0375518798828,66901200,0.0,0.0,0.0
2018-03-09 00:00:00-05:00,241.43867367277355,244.2147216796875,241.1233971036844,244.2147216796875,113625300,0.0,0.0,0.0
2018-03-12 00:00:00-04:00,244.50368898314173,245.12544944991558,243.52284948642702,243.90817260742188,71924800,0.0,0.0,0.0
2018-03-13 00:00:00-04:00,245.06418140447812,245.56335371770083,241.72765358476482,242.3319091796875,91968900,0.0,0.0,0.0
2018-03-14 00:00:00-04:00,243.28633045316784,243.47022610480542,240.53655462223563,241.08824157714844,105895100,0.0,0.0,0.0
2018-03-15 00:00:00-04:00,241.59625351918692,242.23551893629133,240.326435081549,240.8256072998047,83433000,0.0,0.0,0.0
2018-03-16 00:00:00-04:00,241.35055235478387,242.13308615079202,241.03403991966823,241.0867919921875,100343700,1.097,0.0,0.0
2018-03-19 00:00:00-04:00,240.33941484185743,241.26260286497254,236.18061459577604,237.8247833251953,109208400,0.0,0.0,0.0
2018-03-20 00:00:00-04:00,238.22047760805523,238.8623302848663,237.55224889423462,238.22927856445312,59757300,0.0,0.0,0.0
2018-03-21 00:00:00-04:00,238.18523026091694,240.26901706572676,237.56097968128907,237.77198791503906,78709600,0.0,0.0,0.0
2018-03-22 00:00:00-04:00,235.55633993415995,236.4003997693107,231.55579629929971,231.82838439941406,148785900,0.0,0.0,0.0
2018-03-23 00:00:00-04:00,232.26799078965104,232.59330410343725,226.6936060206735,226.8870391845703,183534800,0.0,0.0,0.0
2018-03-26 00:00:00-04:00,230.47437362412663,233.37584467049444,228.08284817522323,233.094482421875,141956100,0.0,0.0,0.0
2018-03-27 00:00:00-04:00,234.02649096831001,234.55401162788922,227.5816696445901,229.12913513183594,129941400,0.0,0.0,0.0
2018-03-28 00:00:00-04:00,229.26104300814097,230.92281378321843,227.35308695144278,228.45213317871094,146452300,0.0,0.0,0.0
2018-03-29 00:00:00-04:00,229.58638088891024,233.2264352613656,228.46095850542287,231.37123107910156,111601600,0.0,0.0,0.0
2018-04-02 00:00:00-04:00,230.84358584435384,231.35355815856366,223.91520974151334,226.3770751953125,186286300,0.0,0.0,0.0
2018-04-03 00:00:00-04:00,227.608019944904,229.75335982524743,225.82317036263714,229.278564453125,119956900,0.0,0.0,0.0
2018-04-04 00:00:00-04:00,225.7441028073949,232.43508358856684,225.61222262204552,231.73170471191406,123715300,0.0,0.0,0.0
2018-04-05 00:00:00-04:00,233.4813309123388,234.4397226752616,232.39988677736926,233.56048583984375,82652600,0.0,0.0,0.0
2018-04-06 00:00:00-04:00,231.60862591542957,233.09451178271908,226.84314949582898,228.35543823242188,179521200,0.0,0.0,0.0
2018-04-09 00:00:00-04:00,229.80613304612535,232.8570860135369,228.54883078020066,229.48081970214844,105442900,0.0,0.0,0.0
2018-04-10 00:00:00-04:00,232.35593638938647,233.9122029452148,231.22174005637157,233.12966918945312,103529000,0.0,0.0,0.0
2018-04-11 00:00:00-04:00,231.652484557974,233.5604399218856,231.58215743112555,231.907470703125,91140200,0.0,0.0,0.0
2018-04-12 00:00:00-04:00,233.22641695426427,234.75628075943132,233.05055882007272,233.81549072265625,68890500,0.0,0.0,0.0
2018-04-13 00:00:00-04:00,235.11675325942593,235.2310583547333,232.12735303095369,233.12966918945312,85079200,0.0,0.0,0.0
2018-04-16 00:00:00-04:00,234.75628083022704,235.81137597132638,233.93859685357626,235.04641723632812,63405300,0.0,0.0,0.0
2018-04-17 00:00:00-04:00,236.8048470013346,238.15887925189176,236.29490143880682,237.56100463867188,64682000,0.0,0.0,0.0
2018-04-18 00:00:00-04:00,238.0006683290504,238.53699002557937,237.27968754129108,237.73690795898438,57303900,0.0,0.0,0.0
2018-04-19 00:00:00-04:00,237.0862163007596,237.2884504401643,235.38929558373255,236.4180145263672,77655900,0.0,0.0,0.0
2018-04-20 00:00:00-04:00,236.347646548934,236.5674557531075,233.53407800264196,234.41331481933594,99953100,0.0,0.0,0.0
2018-04-23 00:00:00-04:00,234.9848494019342,235.53877291125386,233.30550379653852,234.378173828125,65558000,0.0,0.0,0.0
2018-04-24 00:00:00-04:00,235.3980851293731,235.61789433591494,229.7269968677222,231.22171020507812,112885500,0.0,0.0,0.0
2018-04-25 00:00:00-04:00,231.16019172549036,232.23286188697082,229.34896573954205,231.79324340820312,103840900,0.0,0.0,0.0
2018-04-26 00:00:00-04:00,232.81318179438588,234.9760973854648,232.37356327729427,234.1496124267578,67731900,0.0,0.0,0.0
2018-04-27 00:00:00-04:00,234.75622057834568,235.05515786408978,233.4373654065572,234.36935424804688,57053600,0.0,0.0,0.0
2018-04-30 00:00:00-04:00,234.98482615000376,235.53874960451225,232.4965710816841,232.56692504882812,82182300,0.0,0.0,0.0
2018-05-01 00:00:00-04:00,232.00419682940756,233.0856676910251,230.4567315637778,232.98016357421875,74203400,0.0,0.0,0.0
2018-05-02 00:00:00-04:00,232.78679923873736,233.59568226151407,231.0283252196073,231.41519165039062,86368900,0.0,0.0,0.0
2018-05-03 00:00:00-04:00,230.5887304433564,231.55586978765328,227.7663600330465,230.90524291992188,136311500,0.0,0.0,0.0
2018-05-04 00:00:00-04:00,229.93801120392234,234.5716065730247,229.61269786278112,233.8945770263672,91222100,0.0,0.0,0.0
2018-05-07 00:00:00-04:00,234.65953705358106,235.65305216045982,233.9737065479549,234.6859130859375,55304900,0.0,0.0,0.0
2018-05-08 00:00:00-04:00,234.316621800768,235.04637658408237,233.1296466803695,234.6859130859375,67499200,0.0,0.0,0.0
2018-05-09 00:00:00-04:00,235.3541432533565,237.27967434429695,234.83539666628883,236.95436096191406,59666100,0.0,0.0,0.0
2018-05-10 00:00:00-04:00,237.69288670133824,239.49533834232832,237.58738257253478,239.1699981689453,72063900,0.0,0.0,0.0
2018-05-11 00:00:00-04:00,239.2931046993908,240.16354059598854,238.78313229955305,239.8997802734375,59871500,0.0,0.0,0.0
2018-05-14 00:00:00-04:00,240.3306268052169,240.9812535676364,239.46896492705878,240.0141143798828,54790600,0.0,0.0,0.0
2018-05-15 00:00:00-04:00,238.79196254326607,238.80953762286538,237.42035503340827,238.36114501953125,87036100,0.0,0.0,0.0
2018-05-16 00:00:00-04:00,238.39632515328998,239.8206847529032,238.3699222852691,239.36346435546875,53942600,0.0,0.0,0.0
2018-05-17 00:00:00-04:00,239.09967134595718,240.2338943964654,238.3874916434049,239.16122436523438,56536400,0.0,0.0,0.0
2018-05-18 00:00:00-04:00,238.81834072567383,239.1788311020696,238.2116650717618,238.5633544921875,64368000,0.0,0.0,0.0
2018-05-21 00:00:00-04:00,240.04048221438578,240.89334310753037,239.65361581962856,240.35699462890625,58025900,0.0,0.0,0.0
2018-05-22 00:00:00-04:00,240.87574170079287,241.1307279233672,239.36345310871548,239.6887664794922,52966400,0.0,0.0,0.0
2018-05-23 00:00:00-04:00,238.42268614855146,240.37459317397244,238.2644031113261,240.3481903076172,64694200,0.0,0.0,0.0
2018-05-24 00:00:00-04:00,239.95250392071392,240.2250651657974,238.07972535585412,239.85577392578125,76043800,0.0,0.0,0.0
2018-05-25 00:00:00-04:00,239.2843475341797,239.90859829990939,238.78317599743784,239.2843475341797,56374800,0.0,0.0,0.0
2018-05-29 00:00:00-04:00,237.66652597850245,238.42268367060086,235.42448260046902,236.5323028564453,115908600,0.0,0.0,0.0
2018-05-30 00:00:00-04:00,237.83358943763292,240.12838494425677,237.76326228943051,239.6887664794922,69678400,0.0,0.0,0.0
2018-05-31 00:00:00-04:00,239.2842975163006,239.58323481813724,237.62255386312358,238.22042846679688,93519900,0.0,0.0,0.0
2018-06-01 00:00:00-04:00,239.51289492596226,240.85812612869415,239.4425409574061,240.55918884277344,71258400,0.0,0.0,0.0
2018-06-04 00:00:00-04:00,241.37685041012378,241.95714985254347,241.1394661604781,241.70216369628906,45385200,0.0,0.0,0.0
2018-06-05 00:00:00-04:00,241.83408907402762,242.25613242896702,241.06915729434598,241.87806701660156,51135000,0.0,0.0,0.0
2018-06-06 00:00:00-04:00,242.48472543993108,244.00578793670007,241.86924894489002,243.90028381347656,62732200,0.0,0.0,0.0
2018-06-07 00:00:00-04:00,244.38382785349782,244.67396413026998,242.9682429507262,243.8738555908203,72969400,0.0,0.0,0.0
2018-06-08 00:00:00-04:00,243.4167658398162,244.64769225832708,243.24970866528437,244.59494018554688,72139700,0.0,0.0,0.0
2018-06-11 00:00:00-04:00,244.81470766443206,245.6323914852019,244.7004025821823,244.9202117919922,58892500,0.0,0.0,0.0
2018-06-12 00:00:00-04:00,245.33339748646117,245.59715774441,244.59484193203173,245.2366943359375,72329000,0.0,0.0,0.0
2018-06-13 00:00:00-04:00,245.47411096754055,245.72909713866116,244.25195900266613,244.45419311523438,79070600,0.0,0.0,0.0
2018-06-14 00:00:00-04:00,245.31584157611084,245.5971769291751,244.48055597373684,245.0696563720703,77097600,0.0,0.0,0.0
2018-06-15 00:00:00-04:00,244.2889016966198,245.0926030351997,243.18492078417364,244.75698852539062,120041600,1.246,0.0,0.0
2018-06-18 00:00:00-04:00,243.30863241102696,244.37730569060352,242.8317319063907,244.25364685058594,52917600,0.0,0.0,0.0
2018-06-19 00:00:00-04:00,241.99275753069702,243.53833171200623,241.5776593867527,243.31753540039062,97531500,0.0,0.0,0.0
2018-06-20 00:00:00-04:00,243.99747336540864,244.39491733639957,243.39691412482676,243.73252868652344,53785500,0.0,0.0,0.0
2018-06-21 00:00:00-04:00,243.72373018902312,243.74141113910272,241.71006942469776,242.20465087890625,71061400,0.0,0.0,0.0
2018-06-22 00:00:00-04:00,243.4588129198808,243.57363129767535,242.42547447240082,242.64627075195312,54898500,0.0,0.0,0.0
2018-06-25 00:00:00-04:00,241.4980670579802,241.65703386202372,237.66504805095363,239.3430938720703,137854200,0.0,0.0,0.0
2018-06-26 00:00:00-04:00,239.9083360379713,240.72085097412534,239.15762355483264,239.8730010986328,68547400,0.0,0.0,0.0
2018-06-27 00:00:00-04:00,240.4559356165198,241.8778504044173,237.73571096182008,237.8858642578125,105110700,0.0,0.0,0.0
2018-06-28 00:00:00-04:00,237.83290077950338,240.0055283746205,237.1263365942884,239.24600219726562,76650500,0.0,0.0,0.0
2018-06-29 00:00:00-04:00,240.33228043700777,241.69239278499663,239.47558997110553,239.5904083251953,97592500,0.0,0.0,0.0
2018-07-02 00:00:00-04:00,238.0272433258781,240.2617007234997,237.7887660807343,240.1027069091797,63554800,0.0,0.0,0.0
2018-07-03 00:00:00-04:00,240.9946359040203,241.09180024895247,238.83084928113527,239.2547607421875,42187100,0.0,0.0,0.0
2018-07-05 00:00:00-04:00,240.37643503255302,241.26843341270092,239.30776194680402,241.20660400390625,56925900,0.0,0.0,0.0
2018-07-06 00:00:00-04:00,241.23318056910415,243.61776406289744,240.853390508735,243.24684143066406,66493700,0.0,0.0,0.0
2018-07-09 00:00:00-04:00,244.24472222141938,245.49001590424137,244.20057376672028,245.43702697753906,50550400,0.0,0.0,0.0
2018-07-10 00:00:00-04:00,245.8874842773662,246.41740054978425,245.59601819883872,246.3202362060547,51966800,0.0,0.0,0.0
2018-07-11 00:00:00-04:00,244.77464002695925,245.56068736590083,244.21822934032127,244.5185089111328,77054700,0.0,0.0,0.0
2018-07-12 00:00:00-04:00,245.77268329342385,246.788340498217,245.17212405352254,246.7353515625,60124700,0.0,0.0,0.0
2018-07-13 00:00:00-04:00,246.55873442688798,247.22993660683716,246.1083015139333,246.92965698242188,48216000,0.0,0.0,0.0
2018-07-16 00:00:00-04:00,246.97391031741824,247.11519622423071,246.26734601999573,246.7089385986328,48201000,0.0,0.0,0.0
2018-07-17 00:00:00-04:00,245.94052395018647,248.09549747066842,245.88753500727847,247.70689392089844,52315500,0.0,0.0,0.0
2018-07-18 00:00:00-04:00,247.78640428546458,248.33397472351447,247.3448117447573,248.22799682617188,44593500,0.0,0.0,0.0
2018-07-19 00:00:00-04:00,247.56565538860326,247.94541857764125,246.81494253521254,247.2918701171875,61412100,0.0,0.0,0.0
2018-07-20 00:00:00-04:00,247.08862341928582,247.7157040880866,246.85017320537366,247.00914001464844,82337700,0.0,0.0,0.0
2018-07-23 00:00:00-04:00,246.80607130007968,247.67157539339786,246.46161619567616,247.4684600830078,47047600,0.0,0.0,0.0
2018-07-24 00:00:00-04:00,248.87266257780593,249.55270519882606,247.84816493333693,248.7136688232422,68026900,0.0,0.0,0.0
2018-07-25 00:00:00-04:00,248.46637245588386,251.15126184359085,248.4222239961432,250.8333282470703,78882900,0.0,0.0,0.0
2018-07-26 00:00:00-04:00,250.11809780474542,250.9217727417266,250.02093340244423,250.24172973632812,57919500,0.0,0.0,0.0
2018-07-27 00:00:00-04:00,250.56844930241573,250.66561368350727,247.62745463623887,248.5459747314453,76768700,0.0,0.0,0.0
2018-07-30 00:00:00-04:00,248.62541658255552,248.78438341302518,246.7265472810554,247.24765014648438,63742500,0.0,0.0,0.0
2018-07-31 00:00:00-04:00,248.00715369388632,249.07579989372553,247.6273906492765,248.46640014648438,68570500,0.0,0.0,0.0
2018-08-01 00:00:00-04:00,248.66954026480906,249.17296213045086,247.4065923164075,248.05130004882812,53853300,0.0,0.0,0.0
2018-08-02 00:00:00-04:00,246.7530785758447,249.57041402631015,246.5499363158962,249.4026336669922,63426400,0.0,0.0,0.0
2018-08-03 00:00:00-04:00,249.52629889913408,250.5243024292527,249.3496510883855,250.4713134765625,53935400,0.0,0.0,0.0
2018-08-06 00:00:00-04:00,250.50661599135427,251.69889422516871,250.1180124201648,251.38980102539062,39400900,0.0,0.0,0.0
2018-08-07 00:00:00-04:00,252.05219034275223,252.59976075260496,251.9196910252273,252.219970703125,43196600,0.0,0.0,0.0
2018-08-08 00:00:00-04:00,252.05221119827377,252.5114577519987,251.65476711815006,252.114013671875,42114600,0.0,0.0,0.0
2018-08-09 00:00:00-04:00,252.17580404927884,252.56440759328345,251.6370741534844,251.76954650878906,35717000,0.0,0.0,0.0
2018-08-10 00:00:00-04:00,250.338788045859,250.8775179349385,249.3760927197562,250.08265686035156,77076000,0.0,0.0,0.0
2018-08-13 00:00:00-04:00,250.35639746768555,250.9657971386577,248.85497251982284,249.1464385986328,65732900,0.0,0.0,0.0
2018-08-14 00:00:00-04:00,249.8707628635741,250.97474433803862,249.4821592283488,250.73626708984375,43842000,0.0,0.0,0.0
2018-08-15 00:00:00-04:00,249.39385391572003,249.5351667893091,247.43318159276814,248.8639373779297,102925400,0.0,0.0,0.0
2018-08-16 00:00:00-04:00,250.29459716866356,251.74303335293288,250.25926222564948,250.87750244140625,69967900,0.0,0.0,0.0
2018-08-17 00:00:00-04:00,250.67432365497876,252.20224302372054,250.26806620388518,251.76065063476562,65618500,0.0,0.0,0.0
2018-08-20 00:00:00-04:00,252.21119086458458,252.56445953560558,251.7607578112464,252.2995147705078,39807500,0.0,0.0,0.0
2018-08-21 00:00:00-04:00,252.81164514357084,253.74781886107743,252.33471781210088,252.89112854003906,67272000,0.0,0.0,0.0
2018-08-22 00:00:00-04:00,252.48489667123744,253.262103674568,252.21992503683106,252.74102783203125,44993300,0.0,0.0,0.0
2018-08-23 00:00:00-04:00,252.5644233792702,253.4211139340078,252.08749591769774,252.40545654296875,49204900,0.0,0.0,0.0
2018-08-24 00:00:00-04:00,252.97957641101652,254.0659039338835,252.92658745406436,253.92459106445312,57487400,0.0,0.0,0.0
2018-08-27 00:00:00-04:00,255.1168097360859,256.03532969569824,254.95784290249944,255.92935180664062,57072400,0.0,0.0,0.0
2018-08-28 00:00:00-04:00,256.38859669554984,256.4946015366076,255.59373557995536,256.0530090332031,46943500,0.0,0.0,0.0
2018-08-29 00:00:00-04:00,256.2649146482262,257.6603348266685,256.0264644460227,257.43072509765625,61485500,0.0,0.0,0.0
2018-08-30 00:00:00-04:00,256.95392338238366,257.3248461005133,255.7969528404253,256.388671875,61229500,0.0,0.0,0.0
2018-08-31 00:00:00-04:00,255.98236286771518,256.83905348183833,255.49662185001102,256.3974609375,66140800,0.0,0.0,0.0
2018-09-04 00:00:00-04:00,255.98236605691486,256.30914023136916,254.9578681069657,255.95587158203125,57594400,0.0,0.0,0.0
2018-09-05 00:00:00-04:00,255.6025671179281,255.8057093653517,254.26013565747596,255.26695251464844,72452400,0.0,0.0,0.0
2018-09-06 00:00:00-04:00,255.37294072808618,255.6732203977271,253.47409834357205,254.49859619140625,65909900,0.0,0.0,0.0
2018-09-07 00:00:00-04:00,253.45642744445308,254.9755066412975,253.21795025750325,254.00399780273438,73524800,0.0,0.0,0.0
2018-09-10 00:00:00-04:00,255.01084209101677,255.27581377697265,254.25131588714777,254.44561767578125,50210900,0.0,0.0,0.0
2018-09-11 00:00:00-04:00,253.80078678970216,255.72612299636995,253.4563587668418,255.28453063964844,50530500,0.0,0.0,0.0
2018-09-12 00:00:00-04:00,255.29340083774392,255.94694897693955,254.56036929940245,255.3463897705078,59810800,0.0,0.0,0.0
2018-09-13 00:00:00-04:00,256.4062834173273,257.0421777146509,256.1236577401461,256.856689453125,51034200,0.0,0.0,0.0
2018-09-14 00:00:00-04:00,257.0598457510956,257.2453070700821,256.12367172789,256.90087890625,55079900,0.0,0.0,0.0
2018-09-17 00:00:00-04:00,256.8478644508368,256.8831724444053,255.26695577697322,255.54074096679688,68244000,0.0,0.0,0.0
2018-09-18 00:00:00-04:00,255.7526865667134,257.5190564708911,255.72619209625736,256.9273376464844,61930400,0.0,0.0,0.0
2018-09-19 00:00:00-04:00,256.9803451034907,257.6162393929191,256.8566862640088,257.2011413574219,49080600,0.0,0.0,0.0
2018-09-20 00:00:00-04:00,258.45526183517813,259.60339151190027,257.2187813185035,259.2854309082031,100360600,0.0,0.0,0.0
2018-09-21 00:00:00-04:00,260.024368276411,260.1397063566886,258.8887755296782,259.0484619140625,105479700,1.323,0.0,0.0
2018-09-24 00:00:00-04:00,258.4718322384059,258.613784734562,257.6112638442955,258.18792724609375,53409600,0.0,0.0,0.0
2018-09-25 00:00:00-04:00,258.6404268642502,258.74688447911296,257.70889565952746,257.94842529296875,44370000,0.0,0.0,0.0
2018-09-26 00:00:00-04:00,258.09040260622646,259.2703440505764,256.75962814321076,257.1766052246094,79739700,0.0,0.0,0.0
2018-09-27 00:00:00-04:00,257.64691445728795,258.9776894540597,257.37188979059675,257.89532470703125,59249500,0.0,0.0,0.0
2018-09-28 00:00:00-04:00,257.2741911414216,258.4186647996057,257.2387233149633,257.9218444824219,70091400,0.0,0.0,0.0
2018-10-01 00:00:00-04:00,259.15503895977173,259.8825355901914,258.1525448125983,258.81793212890625,62078900,0.0,0.0,0.0
2018-10-02 00:00:00-04:00,258.6670837402344,259.3768193389714,258.29448202703463,258.6670837402344,47258200,0.0,0.0,0.0
2018-10-03 00:00:00-04:00,259.713968516545,260.1309456508911,258.45418369340865,258.8090515136719,64694600,0.0,0.0,0.0
2018-10-04 00:00:00-04:00,258.33000607223084,258.38323489998584,255.20713085364216,256.78631591796875,111545900,0.0,0.0,0.0
2018-10-05 00:00:00-04:00,257.00805749692273,257.5226117482122,253.92953125946568,255.34902954101562,105951700,0.0,0.0,0.0
2018-10-08 00:00:00-04:00,254.66588127116367,255.70389734273365,253.29075838650212,255.34902954101562,87742200,0.0,0.0,0.0
2018-10-09 00:00:00-04:00,254.96748020085963,256.27161293700686,254.4174041171463,254.97633361816406,74339000,0.0,0.0,0.0
2018-10-10 00:00:00-04:00,254.4706692273449,254.5416590239331,246.5303982072024,246.9029998779297,214731000,0.0,0.0,0.0
2018-10-11 00:00:00-04:00,245.82072181413494,247.43540181928853,239.85884931983887,241.4646759033203,274840500,0.0,0.0,0.0
2018-10-12 00:00:00-04:00,245.5455998896825,245.8295049137583,241.64200056999678,244.81813049316406,183186500,0.0,0.0,0.0
2018-10-15 00:00:00-04:00,244.46326345220731,245.78518452559038,243.35428470841273,243.44300842285156,102263700,0.0,0.0,0.0
2018-10-16 00:00:00-04:00,245.3947533766283,249.1386656541138,244.92454760343395,248.7660369873047,118255800,0.0,0.0,0.0
2018-10-17 00:00:00-04:00,248.801559571119,249.43145181105547,246.24646864194278,248.81044006347656,110626000,0.0,0.0,0.0
2018-10-18 00:00:00-04:00,247.87892571901244,248.47335024410975,243.9487115121267,245.21737670898438,134557500,0.0,0.0,0.0
2018-10-19 00:00:00-04:00,245.86499957010082,247.79017128688514,244.39227271815466,245.0842742919922,139901600,0.0,0.0,0.0
2018-10-22 00:00:00-04:00,245.74966193302623,246.06903477940648,243.45186148376848,243.9841766357422,82415800,0.0,0.0,0.0
2018-10-23 00:00:00-04:00,240.38227374282013,243.86001636147097,238.30624144610618,242.74215698242188,146352700,0.0,0.0,0.0
2018-10-24 00:00:00-04:00,242.4937072564188,242.87521650709292,234.83734103185068,235.38739013671875,177806700,0.0,0.0,0.0
2018-10-25 00:00:00-04:00,237.215004131383,241.14521847687237,236.19474905649375,239.61038208007812,138061500,0.0,0.0,0.0
2018-10-26 00:00:00-04:00,235.919686707921,240.42656388937482,232.69920847590527,235.39622497558594,201574600,0.0,0.0,0.0
2018-10-29 00:00:00-04:00,238.47474176561738,239.76116774155568,230.53447141916476,234.09205627441406,160749100,0.0,0.0,0.0
2018-10-30 00:00:00-04:00,233.92357565427733,237.8715241329853,233.43560871330504,237.56100463867188,157116000,0.0,0.0,0.0
2018-10-31 00:00:00-04:00,240.11609206878217,242.4050395472768,239.64588612547567,240.09835815429688,128296300,0.0,0.0,0.0
2018-11-01 00:00:00-04:00,240.95890437208678,242.84860846389773,239.8765400463614,242.65342712402344,99495000,0.0,0.0,0.0
2018-11-02 00:00:00-04:00,243.75353219705897,244.1793897890913,239.1756646127499,241.21620178222656,122634100,0.0,0.0,0.0
2018-11-05 00:00:00-05:00,241.70411669077308,243.0970003719423,240.73709055773415,242.5469512939453,65622500,0.0,0.0,0.0
2018-11-06 00:00:00-05:00,242.48483819201113,244.24144301684072,242.42272889071398,244.08175659179688,60085900,0.0,0.0,0.0
2018-11-07 00:00:00-05:00,246.24648958436512,249.3871247081338,245.82063203506075,249.30728149414062,102752100,0.0,0.0,0.0
2018-11-08 00:00:00-05:00,248.50875256975544,249.49353952273233,247.71917398372554,248.85476684570312,65584900,0.0,0.0,0.0
2018-11-09 00:00:00-05:00,247.55061683367435,247.7369176416943,245.0221404261499,246.4239044189453,98812600,0.0,0.0,0.0
2018-11-12 00:00:00-05:00,245.91823881720697,246.15776846170135,241.30487674599945,241.8194580078125,99673600,0.0,0.0,0.0
2018-11-13 00:00:00-05:00,242.28077116684062,244.26805216822555,240.64835790503545,241.36697387695312,98176600,0.0,0.0,0.0
2018-11-14 00:00:00-05:00,243.23007953386727,243.62929561444977,238.16427249708286,239.7168426513672,125335900,0.0,0.0,0.0
2018-11-15 00:00:00-05:00,238.45704177005678,242.68004144511647,236.88673763253698,242.21868896484375,135101400,0.0,0.0,0.0
2018-11-16 00:00:00-05:00,241.12751063205505,243.7535651175612,240.6129292545172,242.84864807128906,126668000,0.0,0.0,0.0
2018-11-19 00:00:00-05:00,242.24527718983254,242.53806270523495,237.82712372715233,238.7409210205078,103061700,0.0,0.0,0.0
2018-11-20 00:00:00-05:00,235.42283675811683,236.8778296815921,233.4621701682525,234.32273864746094,136021300,0.0,0.0,0.0
2018-11-21 00:00:00-05:00,235.86646155700558,237.01093521845814,235.11237765980002,235.12123107910156,75563700,0.0,0.0,0.0
2018-11-23 00:00:00-05:00,233.4888397822827,234.9438330498042,233.3912626379554,233.5509490966797,42807900,0.0,0.0,0.0
2018-11-26 00:00:00-05:00,235.7955313591948,237.54328320939965,235.40516861577075,237.3214874267578,79981400,0.0,0.0,0.0
2018-11-27 00:00:00-05:00,236.29226338849242,238.11985778808594,235.68898558321638,238.11985778808594,75502400,0.0,0.0,0.0
2018-11-28 00:00:00-05:00,239.1845227391462,243.60267639160156,238.0577830930989,243.60267639160156,127629600,0.0,0.0,0.0
2018-11-29 00:00:00-05:00,242.83081683141555,244.4632300704117,241.69522383582375,243.07037353515625,82346400,0.0,0.0,0.0
2018-11-30 00:00:00-05:00,242.91961870638872,245.11096219306737,242.60024576485566,244.55203247070312,98204200,0.0,0.0,0.0
2018-12-03 00:00:00-05:00,248.65965601655134,248.76611364711172,246.20216879552547,247.7902069091797,103176300,0.0,0.0,0.0
2018-12-04 00:00:00-05:00,246.96515283950714,247.39101047029547,239.45071097180096,239.76123046875,177986000,0.0,0.0,0.0
2018-12-06 00:00:00-05:00,235.91973372608498,239.51281432725884,232.83232689770992,239.39747619628906,204185400,0.0,0.0,0.0
2018-12-07 00:00:00-05:00,239.0602860614735,240.6217365601886,233.00083903579494,233.8347930908203,161018900,0.0,0.0,0.0
2018-12-10 00:00:00-05:00,233.65734252371468,235.24540740375193,229.44322399250612,234.27838134765625,151445900,0.0,0.0,0.0
2018-12-11 00:00:00-05:00,237.46337375728586,237.6496745818424,232.8677729204053,234.3316192626953,121504400,0.0,0.0,0.0
2018-12-12 00:00:00-05:00,237.2947970890766,238.6521857615364,235.4317076960782,235.5115509033203,97976700,0.0,0.0,0.0
2018-12-13 00:00:00-05:00,236.45200246750798,237.3125710570535,234.32276869095844,235.43174743652344,96662700,0.0,0.0,0.0
2018-12-14 00:00:00-05:00,233.29365668777106,234.24294908760876,230.53453028646314,231.08457946777344,116961100,0.0,0.0,0.0
2018-12-17 00:00:00-05:00,230.13528484295244,231.24426368960766,224.92752451100824,226.5510711669922,165492300,0.0,0.0,0.0
2018-12-18 00:00:00-05:00,228.18351077181723,228.84889811612692,224.7057410060324,226.30267333984375,134515100,0.0,0.0,0.0
2018-12-19 00:00:00-05:00,226.38247815956686,230.13525835424576,221.21908028326692,222.91358947753906,214992800,0.0,0.0,0.0
2018-12-20 00:00:00-05:00,221.67154333984448,223.23298053526167,217.0493139863957,219.28501892089844,252053400,0.0,0.0,0.0
2018-12-21 00:00:00-05:00,220.18184659021884,222.83216813756005,214.14945865139123,214.79196166992188,255345600,1.435,0.0,0.0
2018-12-24 00:00:00-05:00,213.31066967349895,214.91692748461426,209.05410349453476,209.11656188964844,147311600,0.0,0.0,0.0
2018-12-26 00:00:00-05:00,210.5711161307168,219.68214416503906,208.59898586844616,219.68214416503906,218485400,0.0,0.0,0.0
2018-12-27 00:00:00-05:00,216.46068221719528,221.56499036001438,213.23924852248155,221.36868286132812,186267300,0.0,0.0,0.0
2018-12-28 00:00:00-05:00,222.7161572592034,224.3402522831674,219.9230542277577,221.0831298828125,153100200,0.0,0.0,0.0
2018-12-31 00:00:00-05:00,222.69831025131333,223.2605038088745,220.83327315629415,223.01956176757812,144299400,0.0,0.0,0.0
2019-01-02 00:00:00-05:00,219.50369138098247,224.1707648723314,219.47692155048017,223.25161743164062,126925200,0.0,0.0,0.0
2019-01-03 00:00:00-05:00,221.5114719055297,221.81488595919683,217.4422949789893,217.92417907714844,144140700,0.0,0.0,0.0
2019-01-04 00:00:00-05:00,220.94035994976915,225.8662121607663,220.56556877081383,225.2237091064453,142628800,0.0,0.0,0.0
2019-01-07 00:00:00-05:00,225.49139953468548,228.40050047544105,224.5990357792695,226.99949645996094,103139100,0.0,0.0,0.0
2019-01-08 00:00:00-05:00,229.17692824069374,229.61417788472258,226.6604552333364,229.13229370117188,102512600,0.0,0.0,0.0
2019-01-09 00:00:00-05:00,229.83720681574073,231.04190333289162,228.61467282727094,230.2030792236328,95006600,0.0,0.0,0.0
2019-01-10 00:00:00-05:00,228.67714800280606,231.26499748458872,227.99894282433766,231.01513671875,96823900,0.0,0.0,0.0
2019-01-11 00:00:00-05:00,229.94428092089964,231.13113993995213,229.36424993914574,231.1043701171875,73858100,0.0,0.0,0.0
2019-01-14 00:00:00-05:00,229.2125282055441,230.49753411942797,228.8109808779423,229.6944122314453,70908200,0.0,0.0,0.0
2019-01-15 00:00:00-05:00,230.06924024283958,232.63925233057913,230.0603078903963,232.32691955566406,85208300,0.0,0.0,0.0
2019-01-16 00:00:00-05:00,232.75520752359222,233.77251519424797,232.54998130541944,232.8890838623047,77636700,0.0,0.0,0.0
2019-01-17 00:00:00-05:00,232.02354866778882,235.5126948195252,231.9789141326726,234.656005859375,96118400,0.0,0.0,0.0
2019-01-18 00:00:00-05:00,236.4585852744533,238.24331299330493,234.69169502898802,237.77926635742188,127900300,0.0,0.0,0.0
2019-01-22 00:00:00-05:00,236.31581002034758,236.52996863776605,232.96051310594098,234.56675720214844,115531200,0.0,0.0,0.0
2019-01-23 00:00:00-05:00,235.59293400811654,236.28897656006535,232.60351035871403,235.05751037597656,86030300,0.0,0.0,0.0
2019-01-24 00:00:00-05:00,234.87909465890846,235.76255343882323,233.8707190939541,235.1824951171875,59204100,0.0,0.0,0.0
2019-01-25 00:00:00-05:00,237.0207562512884,237.99345684187594,235.28066303115364,237.17247009277344,96883400,0.0,0.0,0.0
2019-01-28 00:00:00-05:00,235.03964186479215,235.43225676154574,233.6118547785818,235.36981201171875,85613700,0.0,0.0,0.0
2019-01-29 00:00:00-05:00,235.5126245482121,236.07479076754305,234.227618724187,235.05751037597656,66136300,0.0,0.0,0.0
2019-01-30 00:00:00-05:00,236.56564179420482,239.61751064912445,235.80712714019668,238.7786865234375,92473700,0.0,0.0,0.0
2019-01-31 00:00:00-05:00,238.71636356758427,241.35775405972493,238.50217763436552,240.87586975097656,104012100,0.0,0.0,0.0
2019-02-01 00:00:00-05:00,241.07208499004838,242.00908335806707,240.20649097931005,240.9917755126953,85782500,0.0,0.0,0.0
2019-02-04 00:00:00-05:00,241.03642281761273,242.74977365053556,240.36714982913762,242.6873016357422,60744800,0.0,0.0,0.0
2019-02-05 00:00:00-05:00,243.11551984043237,244.00788336143447,242.6157984472931,243.70448303222656,79552800,0.0,0.0,0.0
2019-02-06 00:00:00-05:00,243.42795057373232,243.91873981486725,242.65159835498443,243.38331604003906,58347800,0.0,0.0,0.0
2019-02-07 00:00:00-05:00,241.77705153770148,242.32138038708896,239.41229290069123,241.06317138671875,95482000,0.0,0.0,0.0
2019-02-08 00:00:00-05:00,239.8227232038639,241.45573664828157,239.00173668991644,241.3575897216797,75788900,0.0,0.0,0.0
2019-02-11 00:00:00-05:00,242.00905655513216,242.26782243146113,240.9649789996095,241.49147033691406,68021400,0.0,0.0,0.0
2019-02-12 00:00:00-05:00,243.09777434034584,244.97171665716425,243.0263699812995,244.59693908691406,72270200,0.0,0.0,0.0
2019-02-13 00:00:00-05:00,245.42684598053933,246.2299680559357,245.00743385198552,245.39114379882812,65277200,0.0,0.0,0.0
2019-02-14 00:00:00-05:00,244.31130186488124,245.9711122984601,243.49924773242807,244.8467254638672,83234400,0.0,0.0,0.0
2019-02-15 00:00:00-05:00,246.61359660868928,247.5505947480528,246.40837040535146,247.514892578125,97088700,0.0,0.0,0.0
2019-02-19 00:00:00-05:00,246.72077942009167,248.59472181280694,246.71184706665318,247.9433135986328,59120800,0.0,0.0,0.0
2019-02-20 00:00:00-05:00,247.9076303748776,248.89816853482677,247.40790873423575,248.44305419921875,76610800,0.0,0.0,0.0
2019-02-21 00:00:00-05:00,247.8094769026262,248.16641703188387,246.60478013769355,247.5596160888672,64214700,0.0,0.0,0.0
2019-02-22 00:00:00-05:00,248.17526061344304,249.29071526126756,247.541689998657,249.09442138671875,78114600,0.0,0.0,0.0
2019-02-25 00:00:00-05:00,250.5133279021836,251.03088698269073,249.3532384904223,249.4335479736328,69030700,0.0,0.0,0.0
2019-02-26 00:00:00-05:00,249.08546887023596,250.1295190857217,248.88021542785202,249.25502014160156,56844100,0.0,0.0,0.0
2019-02-27 00:00:00-05:00,248.5411973303144,249.49603329183844,247.61315843074175,249.1480255126953,56921600,0.0,0.0,0.0
2019-02-28 00:00:00-05:00,248.9337749360863,249.37105167582394,248.36267631809804,248.6839141845703,69268300,0.0,0.0,0.0
2019-03-01 00:00:00-05:00,250.25457758958802,250.6472199521394,248.8089521787351,250.2367401123047,78880500,0.0,0.0,0.0
2019-03-04 00:00:00-05:00,251.28971935135635,251.53064783858306,247.04205780239343,249.32650756835938,106494600,0.0,0.0,0.0
2019-03-05 00:00:00-05:00,249.45135123100573,249.6476723303093,248.44297591334555,248.9873046875,59114600,0.0,0.0,0.0
2019-03-06 00:00:00-05:00,249.1033260292909,249.11225838094586,247.15797966307184,247.47921752929688,75039800,0.0,0.0,0.0
2019-03-07 00:00:00-05:00,247.03306276860576,247.1758442468498,244.57015715904734,245.4089813232422,94885100,0.0,0.0,0.0
2019-03-08 00:00:00-05:00,243.56184460490744,245.08777949657605,243.09782510534217,244.91822814941406,85795800,0.0,0.0,0.0
2019-03-11 00:00:00-04:00,245.6320318937752,248.6303607456137,245.60526207305443,248.46974182128906,65098900,0.0,0.0,0.0
2019-03-12 00:00:00-04:00,249.02307410669908,249.92437038317783,248.83568530809956,249.4067840576172,79667500,0.0,0.0,0.0
2019-03-13 00:00:00-04:00,250.29024306141176,251.98572906946617,250.12959685826823,251.0576629638672,80639200,0.0,0.0,0.0
2019-03-14 00:00:00-04:00,251.08445302283354,251.50386518997368,250.4598145657403,250.89706420898438,67518400,0.0,0.0,0.0
2019-03-15 00:00:00-04:00,251.4464293465867,252.9432256217653,251.2581878355714,252.13656616210938,81309000,1.233,0.0,0.0
2019-03-18 00:00:00-04:00,252.35162707510253,253.34652788420078,252.12755351976938,253.0507354736328,62199800,0.0,0.0,0.0
2019-03-19 00:00:00-04:00,254.10845700531755,254.87028543181057,252.226233125084,253.11355590820312,90268100,0.0,0.0,0.0
2019-03-20 00:00:00-04:00,252.89849956071265,254.09953109909895,251.2493207011639,252.35174560546875,84609200,0.0,0.0,0.0
2019-03-21 00:00:00-04:00,251.5360335485308,255.6051897835249,251.49120242401878,255.20187377929688,79550400,0.0,0.0,0.0
2019-03-22 00:00:00-04:00,253.84849671028795,254.36833541817302,250.22745973759913,250.2902069091797,122659300,0.0,0.0,0.0
2019-03-25 00:00:00-04:00,249.94965341580806,251.13276877053153,248.84722863990814,250.10203552246094,85575200,0.0,0.0,0.0
2019-03-26 00:00:00-04:00,251.8498164343296,252.91640921998217,250.56812169282816,251.96633911132812,68125900,0.0,0.0,0.0
2019-03-27 00:00:00-04:00,251.95737095653882,252.539984349727,249.10716059048275,250.64878845214844,72224700,0.0,0.0,0.0
2019-03-28 00:00:00-04:00,251.2761630343594,252.04696315813962,250.12890719363142,251.59881591796875,56238500,0.0,0.0,0.0
2019-03-29 00:00:00-04:00,253.10456323488788,253.50787926259702,251.98419534780982,253.1852264404297,82186800,0.0,0.0,0.0
2019-04-01 00:00:00-04:00,255.1750459210547,256.48362818526266,254.90614116907568,256.1878356933594,77617900,0.0,0.0,0.0
2019-04-02 00:00:00-04:00,256.3759795753775,256.5462776476124,255.52448921420327,256.313232421875,40070400,0.0,0.0,0.0
2019-04-03 00:00:00-04:00,257.52327313231007,257.91764479459835,256.1160845806326,256.71661376953125,68243200,0.0,0.0,0.0
2019-04-04 00:00:00-04:00,257.03931484795163,257.64878849405113,256.3491779856979,257.3978271484375,48997500,0.0,0.0,0.0
2019-04-05 00:00:00-04:00,258.06109087920464,258.6974522325927,257.77427011188774,258.6436767578125,58621700,0.0,0.0,0.0
2019-04-08 00:00:00-04:00,258.22240554553275,258.9484017747412,257.5681008285221,258.8408508300781,53566300,0.0,0.0,0.0
2019-04-09 00:00:00-04:00,257.8818883722807,258.2045413051788,256.9676777096618,257.514404296875,66142300,0.0,0.0,0.0
2019-04-10 00:00:00-04:00,257.9266401002401,258.4823656270723,257.51435231828697,258.3927307128906,52601500,0.0,0.0,0.0
2019-04-11 00:00:00-04:00,258.8767125839089,258.88568428123676,257.756344527357,258.3210144042969,55093100,0.0,0.0,0.0
2019-04-12 00:00:00-04:00,259.9254372361357,260.34669679749004,258.3658933655959,260.06884765625,69727800,0.0,0.0,0.0
2019-04-15 00:00:00-04:00,260.140488185737,260.23909479705657,259.10078335831236,259.89849853515625,49596700,0.0,0.0,0.0
2019-04-16 00:00:00-04:00,260.7769280578331,260.8307035462834,259.47728993055614,260.06884765625,52153200,0.0,0.0,0.0
2019-04-17 00:00:00-04:00,261.1801610882623,261.20704882392914,259.02008848058534,259.4324035644531,58268300,0.0,0.0,0.0
2019-04-18 00:00:00-04:00,260.0150477371109,260.2122336271481,258.7243814300919,259.9433288574219,68708500,0.0,0.0,0.0
2019-04-22 00:00:00-04:00,259.18154767386676,260.3198320837561,259.0919127342727,260.1674499511719,40160100,0.0,0.0,0.0
2019-04-23 00:00:00-04:00,260.5348854922284,262.73978971372134,260.3018675160108,262.5067443847656,52246600,0.0,0.0,0.0
2019-04-24 00:00:00-04:00,262.4260865735888,262.7577111776434,261.7807534093311,261.9241638183594,50392900,0.0,0.0,0.0
2019-04-25 00:00:00-04:00,261.82553404227406,262.41709166992746,260.5796989626639,261.7627868652344,57770900,0.0,0.0,0.0
2019-04-26 00:00:00-04:00,261.807637361224,263.0534725329662,261.0368098429491,262.9817810058594,50916400,0.0,0.0,0.0
2019-04-29 00:00:00-04:00,263.071451059731,263.91397021762236,262.98181612432387,263.39410400390625,57197700,0.0,0.0,0.0
2019-04-30 00:00:00-04:00,263.05349888175925,263.8153547781804,261.6463371185243,263.5285339355469,81111700,0.0,0.0,0.0
2019-05-01 00:00:00-04:00,264.1559192830297,264.3620768674727,261.53872727662645,261.5476989746094,71671900,0.0,0.0,0.0
2019-05-02 00:00:00-04:00,261.4311183473855,262.3453560513314,259.4951193512274,260.98297119140625,65030200,0.0,0.0,0.0
2019-05-03 00:00:00-04:00,262.4529364877734,263.8152941480737,261.09055147473833,263.5374450683594,56543700,0.0,0.0,0.0
2019-05-06 00:00:00-04:00,259.2531340651493,262.89208684427564,258.9394255801766,262.4529113769531,107198100,0.0,0.0,0.0
2019-05-07 00:00:00-04:00,260.0597817341801,260.65133924554493,256.1698678134456,258.07000732421875,144729900,0.0,0.0,0.0
2019-05-08 00:00:00-04:00,257.71160888671875,259.4145633124021,257.1200511141195,257.71160888671875,91568300,0.0,0.0,0.0
2019-05-09 00:00:00-04:00,255.65009859984357,257.53229523036543,253.92022936912662,256.9317932128906,103471100,0.0,0.0,0.0
2019-05-10 00:00:00-04:00,255.99962249136024,258.9753267004435,253.02391828227698,258.2224426269531,112429300,0.0,0.0,0.0
2019-05-13 00:00:00-04:00,253.1314136370308,254.0904276188536,250.8996225352691,251.73316955566406,127290500,0.0,0.0,0.0
2019-05-14 00:00:00-04:00,252.7461241923132,255.53361482787994,252.62065716245965,254.00990295410156,77003200,0.0,0.0,0.0
2019-05-15 00:00:00-04:00,252.38752291444266,256.1340267354628,252.18136536681158,255.49766540527344,73956400,0.0,0.0,0.0
2019-05-16 00:00:00-04:00,256.1968305524886,259.2173388055751,256.1251390237881,257.86395263671875,76749600,0.0,0.0,0.0
2019-05-17 00:00:00-04:00,255.56944858720954,258.6706201620972,255.5515051899321,256.19683837890625,100353000,0.0,0.0,0.0
2019-05-20 00:00:00-04:00,254.6013868725707,256.30434077404203,253.75886794240608,254.5028076171875,62877600,0.0,0.0,0.0
2019-05-21 00:00:00-04:00,256.1878317468838,257.1737611168127,255.93687039387783,256.7973327636719,46847100,0.0,0.0,0.0
2019-05-22 00:00:00-04:00,255.8473100078011,256.95870658280177,255.53360142051318,256.0086364746094,49482500,0.0,0.0,0.0
2019-05-23 00:00:00-04:00,253.7948107232789,253.83961451721484,251.47341073087986,252.88059997558594,98733800,0.0,0.0,0.0
2019-05-24 00:00:00-04:00,254.31452112285137,254.72683617081282,252.83564108449852,253.45408630371094,55268100,0.0,0.0,0.0
2019-05-28 00:00:00-04:00,253.73200127216015,254.68207123353233,251.0789772679172,251.09689331054688,70029400,0.0,0.0,0.0
2019-05-29 00:00:00-04:00,249.98544567865576,250.3887617006994,248.01358728400507,249.41180419921875,104972900,0.0,0.0,0.0
2019-05-30 00:00:00-04:00,250.16477014535002,250.9983449029981,248.9995981182362,250.09307861328125,62523800,0.0,0.0,0.0
2019-05-31 00:00:00-04:00,247.55658197670175,248.3811576995462,246.69611945798482,246.72300720214844,86862800,0.0,0.0,0.0
2019-06-03 00:00:00-04:00,246.75881491471756,247.87021124414102,244.7690402055251,246.09556579589844,96428000,0.0,0.0,0.0
2019-06-04 00:00:00-04:00,248.3811324117829,251.57193870713078,247.93298515285497,251.4375,77231900,0.0,0.0,0.0
2019-06-05 00:00:00-04:00,253.05083906616554,253.6423967767411,251.249305543641,253.61550903320312,71169700,0.0,0.0,0.0
2019-06-06 00:00:00-04:00,253.91124723987323,255.93685397607697,253.26591418029244,255.26463317871094,69430400,0.0,0.0,0.0
2019-06-07 00:00:00-04:00,256.2774339212914,258.8946254277593,256.10713580857265,257.8190612792969,74272200,0.0,0.0,0.0
2019-06-10 00:00:00-04:00,259.36074011961,260.6603781109152,258.9125928609169,259.0022277832031,60799100,0.0,0.0,0.0
2019-06-11 00:00:00-04:00,260.8127359235809,261.18021996235245,258.2941504883736,258.9394836425781,58641300,0.0,0.0,0.0
2019-06-12 00:00:00-04:00,258.70643444478026,259.26213260858515,257.97146645593216,258.48236083984375,47096300,0.0,0.0,0.0
2019-06-13 00:00:00-04:00,259.38762374939733,259.907489878774,258.6885151310274,259.5489501953125,48945200,0.0,0.0,0.0
2019-06-14 00:00:00-04:00,259.2621765136719,259.8626785590629,258.50032065732336,259.2621765136719,52324700,0.0,0.0,0.0
2019-06-17 00:00:00-04:00,259.4951564689148,260.1225735181229,259.19041964158777,259.3607177734375,39205700,0.0,0.0,0.0
2019-06-18 00:00:00-04:00,261.1712383067742,263.12515353382963,260.81269866463964,262.07647705078125,85434800,0.0,0.0,0.0
2019-06-19 00:00:00-04:00,262.21091089679237,263.19684018898215,261.24292499801845,262.66802978515625,78674400,0.0,0.0,0.0
2019-06-20 00:00:00-04:00,265.33896606301266,265.5809556714044,262.7307464283125,265.1776123046875,116570000,0.0,0.0,0.0
2019-06-21 00:00:00-04:00,264.9092951972342,266.1611896327849,264.57605770329127,264.7922058105469,83309500,1.432,0.0,0.0
2019-06-24 00:00:00-04:00,264.99930833046005,265.3145150896043,264.3148028256005,264.4679260253906,47582700,0.0,0.0,0.0
2019-06-25 00:00:00-04:00,264.5219777826687,264.5489962916945,261.7659799189752,261.8740539550781,82028700,0.0,0.0,0.0
2019-06-26 00:00:00-04:00,262.7657201720802,263.27008405135524,261.5048104738926,261.6128845214844,51584900,0.0,0.0,0.0
2019-06-27 00:00:00-04:00,262.3694314566564,263.044921742749,261.9911722884758,262.5405578613281,40355200,0.0,0.0,0.0
2019-06-28 00:00:00-04:00,263.51328434422294,264.386919654963,262.99993255253844,263.8915710449219,59350900,0.0,0.0,0.0
2019-07-01 00:00:00-04:00,267.2059187927584,267.42209435949115,265.0893772140861,266.2872619628906,78705600,0.0,0.0,0.0
2019-07-02 00:00:00-04:00,266.24229214980755,267.0348719972859,265.40469060063094,266.9808349609375,61504500,0.0,0.0,0.0
2019-07-03 00:00:00-04:00,267.6563319741,269.1334176326338,267.51222404503983,269.1153869628906,40898900,0.0,0.0,0.0
2019-07-05 00:00:00-04:00,267.8904251985188,268.971220578247,266.60249706914334,268.80908203125,51677300,0.0,0.0,0.0
2019-07-08 00:00:00-04:00,267.5031881847624,268.6290054105684,266.79166400203684,267.3320617675781,45841800,0.0,0.0,0.0
2019-07-09 00:00:00-04:00,266.1791493551212,267.9624257362326,266.12511234270954,267.66522216796875,41101300,0.0,0.0,0.0
2019-07-10 00:00:00-04:00,268.7280962470277,269.8899474589201,268.1967137512382,268.9442443847656,58448500,0.0,0.0,0.0
2019-07-11 00:00:00-04:00,269.5836613281804,269.8178125905179,268.57493362213694,269.57464599609375,50826100,0.0,0.0,0.0
2019-07-12 00:00:00-04:00,270.060982268774,270.85356181926977,269.75476334894904,270.781494140625,40326000,0.0,0.0,0.0
2019-07-15 00:00:00-04:00,271.21389592419735,271.21389592419735,270.3672791135901,270.87164306640625,33900000,0.0,0.0,0.0
2019-07-16 00:00:00-04:00,270.78148900906183,270.988649224032,269.6917058906657,269.9979248046875,36650100,0.0,0.0,0.0
2019-07-17 00:00:00-04:00,269.9709674033634,270.1330784852856,268.16064453125,268.16064453125,36036300,0.0,0.0,0.0
2019-07-18 00:00:00-04:00,267.66527620399694,269.5206206333886,267.22396468495583,269.142333984375,51392600,0.0,0.0,0.0
2019-07-19 00:00:00-04:00,270.2321804207565,270.25919893598274,267.4761819245853,267.6473083496094,58678600,0.0,0.0,0.0
2019-07-22 00:00:00-04:00,268.0435817376525,268.8451768651962,267.5302299272995,268.3047790527344,43638100,0.0,0.0,0.0
2019-07-23 00:00:00-04:00,269.42157698333074,270.22314453125,268.5929634364693,270.22314453125,44564500,0.0,0.0,0.0
2019-07-24 00:00:00-04:00,269.46663183286364,271.49310302734375,269.37656094928735,271.49310302734375,47213200,0.0,0.0,0.0
2019-07-25 00:00:00-04:00,271.04278384762506,271.09682088216147,269.39457183693844,270.1961669921875,55394100,0.0,0.0,0.0
2019-07-26 00:00:00-04:00,270.88065244844626,272.2046146669419,270.75454772012597,272.0064697265625,45084100,0.0,0.0,0.0
2019-07-29 00:00:00-04:00,271.8893645581002,272.00645394595506,270.9616922741828,271.5110778808594,38126500,0.0,0.0,0.0
2019-07-30 00:00:00-04:00,270.11513800358495,271.2499708120001,269.73685123885383,270.84466552734375,45849000,0.0,0.0,0.0
2019-07-31 00:00:00-04:00,271.08776437141046,271.2769214493316,265.8729989303073,267.8814392089844,104245200,0.0,0.0,0.0
2019-08-01 00:00:00-04:00,268.03454960744455,270.9796773444244,264.75615690970017,265.5487365722656,142646600,0.0,0.0,0.0
2019-08-02 00:00:00-04:00,264.6570998538528,264.900266462213,262.0001603982473,263.5492858886719,116749700,0.0,0.0,0.0
2019-08-05 00:00:00-04:00,259.4693010032003,259.577375041092,253.7321417770538,255.62351989746094,178745400,0.0,0.0,0.0
2019-08-06 00:00:00-04:00,257.50590864289825,259.42430546615407,256.0378386800961,259.2081298828125,120711700,0.0,0.0,0.0
2019-08-07 00:00:00-04:00,256.1459566755456,260.12685889869357,254.02042672269945,259.3612976074219,140572300,0.0,0.0,0.0
2019-08-08 00:00:00-04:00,260.8473662533496,264.4499816894531,260.2979805925156,264.4499816894531,87713900,0.0,0.0,0.0
2019-08-09 00:00:00-04:00,263.5132098204003,264.1076444758025,260.87430145284293,262.6485900878906,93730000,0.0,0.0,0.0
2019-08-12 00:00:00-04:00,261.1535149881845,262.6395879585057,258.50559115636844,259.4512939453125,65527600,0.0,0.0,0.0
2019-08-13 00:00:00-04:00,259.1541243644712,264.92731871564195,258.8118715111946,263.48626708984375,94299800,0.0,0.0,0.0
2019-08-14 00:00:00-04:00,259.4512788383251,260.0547013343165,255.5694641754447,255.69554138183594,135622100,0.0,0.0,0.0
2019-08-15 00:00:00-04:00,256.5782845571381,257.2627903089228,254.33566516669413,256.3711242675781,99556600,0.0,0.0,0.0
2019-08-16 00:00:00-04:00,258.019294138563,260.5861353169893,256.42511942287445,260.1538391113281,83018300,0.0,0.0,0.0
2019-08-19 00:00:00-04:00,263.16206971711466,263.9636374091486,262.4865792806224,263.28814697265625,53571800,0.0,0.0,0.0
2019-08-20 00:00:00-04:00,262.78369081572106,263.3150731411027,261.14452215391043,261.2705993652344,51596400,0.0,0.0,0.0
2019-08-21 00:00:00-04:00,263.42316718942703,263.7653924594661,262.7386616778172,263.3961486816406,49524700,0.0,0.0,0.0
2019-08-22 00:00:00-04:00,264.09874699254823,264.72918821676154,261.54988112141444,263.3151550292969,51666400,0.0,0.0,0.0
2019-08-23 00:00:00-04:00,262.0181829782447,263.67538246569245,255.30830200906564,256.55120849609375,149161500,0.0,0.0,0.0
2019-08-26 00:00:00-04:00,258.7308184666326,259.3883056640625,257.20871127967257,259.3883056640625,72423800,0.0,0.0,0.0
2019-08-27 00:00:00-04:00,260.7753021102791,261.1445734568892,257.6139985597237,258.37054443359375,66668900,0.0,0.0,0.0
2019-08-28 00:00:00-04:00,257.71311273483263,260.35202198942807,256.91151759369086,260.1899108886719,59696700,0.0,0.0,0.0
2019-08-29 00:00:00-04:00,262.73872607625174,264.035669739417,261.7389860715827,263.5132751464844,57899400,0.0,0.0,0.0
2019-08-30 00:00:00-04:00,264.99029561256964,265.00829878917193,262.46847659995325,263.3961486816406,62901200,0.0,0.0,0.0
2019-09-03 00:00:00-04:00,261.7028918471687,262.61253318404823,260.53202581575215,261.8559875488281,69101400,0.0,0.0,0.0
2019-09-04 00:00:00-04:00,264.0176945838123,264.84628077081663,263.2701364628627,264.8282775878906,46887300,0.0,0.0,0.0
2019-09-05 00:00:00-04:00,267.3050851284011,269.142399338986,264.7922529907369,268.2327575683594,83258100,0.0,0.0,0.0
2019-09-06 00:00:00-04:00,268.54795139585633,269.07933383116614,267.87246105653117,268.4398498535156,49584300,0.0,0.0,0.0
2019-09-09 00:00:00-04:00,269.42153725651303,269.51158062995825,267.63823319286826,268.5749206542969,51260300,0.0,0.0,0.0
2019-09-10 00:00:00-04:00,267.81841132882255,268.57498473811705,266.5665167900906,268.5119323730469,57947100,0.0,0.0,0.0
2019-09-11 00:00:00-04:00,268.8181325505572,270.5023507072399,268.16966073499134,270.4212951660156,68821100,0.0,0.0,0.0
2019-09-12 00:00:00-04:00,271.32190683250764,272.4116900319859,270.56536107938297,271.3579406738281,72908700,0.0,0.0,0.0
2019-09-13 00:00:00-04:00,271.79927919493423,272.1505473397734,270.80855460332793,271.1778259277344,62104800,0.0,0.0,0.0
2019-09-16 00:00:00-04:00,270.05193321872116,271.2227992214918,269.7006926579238,270.34014892578125,58191200,0.0,0.0,0.0
2019-09-17 00:00:00-04:00,270.1420991494671,271.11479314596744,269.97097273102594,271.0247497558594,41475500,0.0,0.0,0.0
2019-09-18 00:00:00-04:00,270.63738511999253,271.2948721274453,268.6109145675291,271.1867980957031,73375800,0.0,0.0,0.0
2019-09-19 00:00:00-04:00,271.5740673040189,272.56479171883785,270.83552478699335,271.16876220703125,76560500,0.0,0.0,0.0
2019-09-20 00:00:00-04:00,271.76966399396616,272.0501814736541,269.1004817738623,269.8876647949219,89565000,1.384,0.0,0.0
2019-09-23 00:00:00-04:00,269.2270389853923,270.53902859724644,268.97369250459167,269.82421875,43476800,0.0,0.0,0.0
2019-09-24 00:00:00-04:00,270.91001539595555,271.2990782896173,266.74787081467014,267.70697021484375,94869400,0.0,0.0,0.0
2019-09-25 00:00:00-04:00,267.7884732719116,269.7338158847859,266.31362352330837,269.29046630859375,71854000,0.0,0.0,0.0
2019-09-26 00:00:00-04:00,269.2994371147494,269.507526385877,267.32695184488114,268.7294006347656,56179700,0.0,0.0,0.0
2019-09-27 00:00:00-04:00,269.4804578779437,269.5890586383506,265.7345462186397,267.2817687988281,84746600,0.0,0.0,0.0
2019-09-30 00:00:00-04:00,267.7974620299853,269.2270541925325,267.7522324322751,268.52130126953125,51662400,0.0,0.0,0.0
2019-10-01 00:00:00-04:00,269.39902066453936,270.05048714568625,265.1102157710653,265.3273620605469,88242400,0.0,0.0,0.0
2019-10-02 00:00:00-04:00,263.75300095877276,263.7620579252307,259.355622841825,260.64044189453125,122539500,0.0,0.0,0.0
2019-10-03 00:00:00-04:00,260.4142716976358,262.8029916787892,257.7088892026817,262.7758483886719,85278800,0.0,0.0,0.0
2019-10-04 00:00:00-04:00,263.42722355353567,266.5850115298141,263.37290937944215,266.3316650390625,65091200,0.0,0.0,0.0
2019-10-07 00:00:00-04:00,265.5353547676219,267.15497705281575,264.90197490268673,265.1824645996094,59610500,0.0,0.0,0.0
2019-10-08 00:00:00-04:00,263.33670155445475,264.06959764806624,261.029412552643,261.06561279296875,95708100,0.0,0.0,0.0
2019-10-09 00:00:00-04:00,263.0742766520664,264.47672520737086,262.44995371772035,263.5447692871094,62359400,0.0,0.0,0.0
2019-10-10 00:00:00-04:00,263.4634494419576,266.2050317974711,263.3005897248464,265.3273620605469,55296300,0.0,0.0,0.0
2019-10-11 00:00:00-04:00,268.06897647988654,270.30386601879087,267.9513739674856,268.0780334472656,98720400,0.0,0.0,0.0
2019-10-14 00:00:00-04:00,267.7612744976326,268.43085481933645,267.4355551081807,267.7793884277344,40394800,0.0,0.0,0.0
2019-10-15 00:00:00-04:00,268.8199757891408,271.17249535642475,268.702345668871,270.4305419921875,46754500,0.0,0.0,0.0
2019-10-16 00:00:00-04:00,269.9691030471046,270.6839131880785,269.5619536853145,269.9962463378906,48928200,0.0,0.0,0.0
2019-10-17 00:00:00-04:00,271.1543085338405,271.66100152133464,270.10472231326054,270.7923889160156,45736600,0.0,0.0,0.0
2019-10-18 00:00:00-04:00,270.2585525385415,270.90096193087385,268.75655989311184,269.6070861816406,64304000,0.0,0.0,0.0
2019-10-21 00:00:00-04:00,270.91909208308124,271.633874396673,270.48477194824056,271.434814453125,39048600,0.0,0.0,0.0
2019-10-22 00:00:00-04:00,271.9686001962502,272.2581468989858,270.4575783893553,270.5480651855469,48594700,0.0,0.0,0.0
2019-10-23 00:00:00-04:00,270.2947977198641,271.3896137194795,270.08668078906885,271.3353271484375,34352200,0.0,0.0,0.0
2019-10-24 00:00:00-04:00,272.2672627207654,272.4120361034301,270.95527292409713,271.7786560058594,35453100,0.0,0.0,0.0
2019-10-25 00:00:00-04:00,271.2086047238799,273.4344642972805,271.1543181599138,272.8915710449219,45205400,0.0,0.0,0.0
2019-10-28 00:00:00-04:00,274.104059618288,274.9274427834081,274.0769163320841,274.4297790527344,42147000,0.0,0.0,0.0
2019-10-29 00:00:00-04:00,274.1583856411072,275.2713157610166,274.0316985454579,274.348388671875,44284900,0.0,0.0,0.0
2019-10-30 00:00:00-04:00,274.5474127172058,275.56079889886877,273.24447973715274,275.1898498535156,49643900,0.0,0.0,0.0
2019-10-31 00:00:00-04:00,275.1807761315872,275.1807761315872,273.00923050128966,274.4569091796875,69053800,0.0,0.0,0.0
2019-11-01 00:00:00-04:00,275.89548658854665,277.04458871848,275.7325993251926,276.9993591308594,71141500,0.0,0.0,0.0
2019-11-04 00:00:00-05:00,278.5466553353853,278.68237174713806,277.74135860448837,278.1123352050781,60606900,0.0,0.0,0.0
2019-11-05 00:00:00-05:00,278.31131933917163,278.6099229763913,277.51507979017333,277.80462646484375,42933200,0.0,0.0,0.0
2019-11-06 00:00:00-05:00,277.80466795268586,278.13944426471744,276.92699844774336,277.8680114746094,46487100,0.0,0.0,0.0
2019-11-07 00:00:00-05:00,279.19813566220006,280.17532148829997,278.37475257286513,278.8452453613281,54272300,0.0,0.0,0.0
2019-11-08 00:00:00-05:00,278.50145880490663,279.5872455609045,277.80476266430895,279.532958984375,49032100,0.0,0.0,0.0
2019-11-11 00:00:00-05:00,278.15764546419433,279.1710316821398,278.0219014138559,278.9991149902344,35797300,0.0,0.0,0.0
2019-11-12 00:00:00-05:00,279.3609550006953,280.48291404868405,278.81806179232484,279.587158203125,46484600,0.0,0.0,0.0
2019-11-13 00:00:00-05:00,278.6010045783601,280.0758543475074,278.3748013036493,279.677734375,53917700,0.0,0.0,0.0
2019-11-14 00:00:00-05:00,279.3972302414338,280.16632685867756,278.7638500595382,280.0848693847656,51219900,0.0,0.0,0.0
2019-11-15 00:00:00-05:00,281.41494010951646,282.156893425013,280.7273009797878,282.1116638183594,62023600,0.0,0.0,0.0
2019-11-18 00:00:00-05:00,281.8763222079318,282.5549317880183,281.4239158212075,282.3196716308594,49228000,0.0,0.0,0.0
2019-11-19 00:00:00-05:00,282.9168603339979,282.9259172980814,281.5958413744846,282.2382507324219,67804700,0.0,0.0,0.0
2019-11-20 00:00:00-05:00,281.6502452957048,282.16599543485967,279.64155893352347,281.18878173828125,79406200,0.0,0.0,0.0
2019-11-21 00:00:00-05:00,281.2972742396407,281.40584736131234,279.9400549933533,280.73626708984375,54664700,0.0,0.0,0.0
2019-11-22 00:00:00-05:00,281.4782868521623,281.6140032863701,280.3563275124406,281.36065673828125,44850200,0.0,0.0,0.0
2019-11-25 00:00:00-05:00,282.2836143726883,283.5412902832031,282.2836143726883,283.5412902832031,48647200,0.0,0.0,0.0
2019-11-26 00:00:00-05:00,283.5774759909728,284.3646589671821,283.2607858845415,284.1836853027344,37569000,0.0,0.0,0.0
2019-11-27 00:00:00-05:00,284.66313758126563,285.4503479003906,284.4459913485111,285.4503479003906,44444600,0.0,0.0,0.0
2019-11-29 00:00:00-05:00,284.88942079536815,285.13373798853377,284.1655814077503,284.39178466796875,36592700,0.0,0.0,0.0
2019-12-02 00:00:00-05:00,284.6450724653287,284.70841599216465,281.5506279673351,281.97589111328125,75767800,0.0,0.0,0.0
2019-12-03 00:00:00-05:00,279.27054315997344,280.16632685867756,277.89523726060673,280.0848693847656,73941700,0.0,0.0,0.0
2019-12-04 00:00:00-05:00,281.1253797697638,282.4101986278276,280.7815464488824,281.8130187988281,49080000,0.0,0.0,0.0
2019-12-05 00:00:00-05:00,282.50970219442365,282.5277885093226,281.01673902807784,282.3196716308594,40709000,0.0,0.0,0.0
2019-12-06 00:00:00-05:00,284.21976692547145,285.2964962702909,284.2107099622181,284.89837646484375,48927000,0.0,0.0,0.0
2019-12-09 00:00:00-05:00,284.50931743221923,285.17887001730344,283.93022403010826,284.00262451171875,34838500,0.0,0.0,0.0
2019-12-10 00:00:00-05:00,283.94846921875524,284.60896514579474,283.03459910164406,283.6860656738281,52649800,0.0,0.0,0.0
2019-12-11 00:00:00-05:00,284.13847314185796,284.7447101035528,283.6046366954701,284.4913635253906,53429100,0.0,0.0,0.0
2019-12-12 00:00:00-05:00,284.5003229017807,287.72145472298655,284.2650903166584,286.9433288574219,96389600,0.0,0.0,0.0
2019-12-13 00:00:00-05:00,286.7081184759016,288.3367986002163,285.93902182936716,287.11529541015625,81503900,0.0,0.0,0.0
2019-12-16 00:00:00-05:00,288.83442200600217,289.6758915127746,287.0519391986686,289.0877685546875,82749700,0.0,0.0,0.0
2019-12-17 00:00:00-05:00,289.46769094389344,289.7662669851132,289.06957114713896,289.1510009765625,61097700,0.0,0.0,0.0
2019-12-18 00:00:00-05:00,289.540104991012,289.76630819803626,289.11484185729864,289.16912841796875,48133000,0.0,0.0,0.0
2019-12-19 00:00:00-05:00,289.3591315184229,290.42683164173593,289.1057850309427,290.35443115234375,85310500,0.0,0.0,0.0
2019-12-20 00:00:00-05:00,291.38189255833026,292.7548861145354,290.40900397558755,291.6274108886719,147142100,1.57,0.0,0.0
2019-12-23 00:00:00-05:00,292.40945093547714,292.4640044146452,291.92754337051724,292.0730285644531,52990000,0.0,0.0,0.0
2019-12-24 00:00:00-05:00,292.300367254362,292.34581924113377,291.7820814125287,292.0821533203125,20270000,0.0,0.0,0.0
2019-12-26 00:00:00-05:00,292.4638859962015,293.6459423126431,292.45481225232305,293.6368408203125,30911200,0.0,0.0,0.0
2019-12-27 00:00:00-05:00,294.3643024909242,294.418855959817,293.0367885004356,293.56414794921875,42528800,0.0,0.0,0.0
2019-12-30 00:00:00-05:00,293.64599037883215,293.7823740438549,291.4637407446412,291.9456481933594,49729100,0.0,0.0,0.0
2019-12-31 00:00:00-05:00,291.44557119091616,292.9003950592716,291.10004740048026,292.6548767089844,57077300,0.0,0.0,0.0
2020-01-02 00:00:00-05:00,294.18241827406945,295.4099266184102,293.26405545190016,295.3917236328125,59151200,0.0,0.0,0.0
2020-01-03 00:00:00-05:00,292.0183611242532,294.27333912755284,291.9638076663748,293.1549377441406,77709700,0.0,0.0,0.0
2020-01-06 00:00:00-05:00,291.4091808205573,294.35520666204394,291.29097239733835,294.27337646484375,55653900,0.0,0.0,0.0
2020-01-07 00:00:00-05:00,293.70964975181556,294.182483506946,293.0004268675797,293.44598388671875,40496400,0.0,0.0,0.0
2020-01-08 00:00:00-05:00,293.6368636547452,296.2191625683041,293.39137307879764,295.0098571777344,68296000,0.0,0.0,0.0
2020-01-09 00:00:00-05:00,296.56472466503584,297.08301036305517,295.98278400442655,297.01025390625,48473300,0.0,0.0,0.0
2020-01-10 00:00:00-05:00,297.5921661038104,297.7467249999372,295.69181314128934,296.155517578125,53029300,0.0,0.0,0.0
2020-01-13 00:00:00-05:00,296.77387604888196,298.20139552344506,296.34652203143133,298.19232177734375,47086800,0.0,0.0,0.0
2020-01-14 00:00:00-05:00,297.75590717675266,298.80155250187863,297.1830679099241,297.73773193359375,62832800,0.0,0.0,0.0
2020-01-15 00:00:00-05:00,297.64668528110525,299.165136078161,297.56485509579556,298.41046142578125,72056600,0.0,0.0,0.0
2020-01-16 00:00:00-05:00,299.78349174098173,300.8927917480469,299.5561763932098,300.8927917480469,54050300,0.0,0.0,0.0
2020-01-17 00:00:00-05:00,301.602060838024,302.0384886137536,300.8291829872231,301.8293762207031,95846000,0.0,0.0,0.0
2020-01-21 00:00:00-05:00,300.8746127318583,302.0384662952364,300.80188402409743,301.2383117675781,77742400,0.0,0.0,0.0
2020-01-22 00:00:00-05:00,302.0929266833118,302.73852210238783,301.1200383059274,301.27459716796875,48914900,0.0,0.0,0.0
2020-01-23 00:00:00-05:00,300.62914750870215,302.02941805033095,299.51984731959936,301.6202392578125,51963000,0.0,0.0,0.0
2020-01-24 00:00:00-05:00,302.27492953861935,302.3567597530786,297.6558650559744,298.93792724609375,87578400,0.0,0.0,0.0
2020-01-27 00:00:00-05:00,293.71870316935264,295.6190561282533,293.3822808977061,294.14605712890625,84062500,0.0,0.0,0.0
2020-01-28 00:00:00-05:00,295.5645211349526,298.1013683192747,294.23700720360983,297.2284851074219,63834000,0.0,0.0,0.0
2020-01-29 00:00:00-05:00,298.5833415914443,298.81065700129847,296.7829935559523,296.9830322265625,53888900,0.0,0.0,0.0
2020-01-30 00:00:00-05:00,294.9281435840058,298.1560396171247,294.1825699982185,297.9468994140625,75491800,0.0,0.0,0.0
2020-01-31 00:00:00-05:00,297.32844873140954,297.4830353636168,291.6273903002229,292.5366516113281,113845600,0.0,0.0,0.0
2020-02-03 00:00:00-05:00,294.00965659739313,296.56467871474905,293.8914481847437,294.70977783203125,69083000,0.0,0.0,0.0
2020-02-04 00:00:00-05:00,298.3014390790439,300.06540868055777,297.9831919914277,299.20159912109375,62573200,0.0,0.0,0.0
2020-02-05 00:00:00-05:00,302.1202469180403,302.8658478554075,300.6654510138987,302.6567077636719,65951100,0.0,0.0,0.0
2020-02-06 00:00:00-05:00,303.6115159327302,303.86610804710017,302.6022212214516,303.6751708984375,50359700,0.0,0.0,0.0
2020-02-07 00:00:00-05:00,302.62043938821614,303.68425987543606,301.5111391738703,302.05670166015625,64139400,0.0,0.0,0.0
2020-02-10 00:00:00-05:00,301.17464943831084,304.3752394273112,301.138271214443,304.31158447265625,42070000,0.0,0.0,0.0
2020-02-11 00:00:00-05:00,305.6573801762899,306.4393318263524,304.31166303033257,304.83905029296875,54864500,0.0,0.0,0.0
2020-02-12 00:00:00-05:00,306.2664898977061,307.0120908681975,305.9027909055129,306.802978515625,43992700,0.0,0.0,0.0
2020-02-13 00:00:00-05:00,305.3844917782627,307.439431228602,305.1117244832855,306.4756164550781,54501900,0.0,0.0,0.0
2020-02-14 00:00:00-05:00,306.88484460300674,307.084883234379,305.6937143088903,306.9666748046875,64582200,0.0,0.0,0.0
2020-02-18 00:00:00-05:00,305.97562052387593,307.0303672773859,304.79356383100367,306.1756591796875,57226200,0.0,0.0,0.0
2020-02-19 00:00:00-05:00,307.13944365167055,308.31237098409207,306.8575748122398,307.6395263671875,48814700,0.0,0.0,0.0
2020-02-20 00:00:00-05:00,307.0938762204372,307.91223351894865,303.40227787921367,306.3755798339844,74163400,0.0,0.0,0.0
2020-02-21 00:00:00-05:00,305.0299414355744,305.3390870004765,302.40216251122024,303.22052001953125,113788200,0.0,0.0,0.0
2020-02-24 00:00:00-05:00,293.81876238067053,303.29325128301434,292.0911434027477,293.1640930175781,161088400,0.0,0.0,0.0
2020-02-25 00:00:00-05:00,294.5461162383918,295.155305787831,283.4076649920906,284.2805480957031,218913200,0.0,0.0,0.0
2020-02-26 00:00:00-05:00,285.671768973568,289.2451599784566,282.5075567395727,283.2349548339844,194773800,0.0,0.0,0.0
2020-02-27 00:00:00-05:00,277.74304808095087,283.28954954070747,270.5144348144531,270.5144348144531,284353500,0.0,0.0,0.0
2020-02-28 00:00:00-05:00,262.5037634964114,270.8598775435434,259.63049429346006,269.3777770996094,384975800,0.0,0.0,0.0
2020-03-02 00:00:00-05:00,271.15081146386314,281.1072340538252,267.7410815013355,281.0435791015625,238703600,0.0,0.0,0.0
2020-03-03 00:00:00-05:00,281.4163498763603,285.362540273407,270.5688700932583,272.99658203125,300139100,0.0,0.0,0.0
2020-03-04 00:00:00-05:00,278.3431137377837,284.6897687189938,275.8062664944297,284.4715270996094,176613400,0.0,0.0,0.0
2020-03-05 00:00:00-05:00,277.30664657710474,280.4799610686068,272.7876147640359,275.0152893066406,186366800,0.0,0.0,0.0
2020-03-06 00:00:00-05:00,266.54995789097586,271.66910370603455,263.89493030117706,270.4688720703125,228667200,0.0,0.0,0.0
2020-03-09 00:00:00-04:00,250.31967519710847,258.4030231010972,248.63756365214644,249.34678649902344,309417300,0.0,0.0,0.0
2020-03-10 00:00:00-04:00,258.8121992811534,262.3401104916032,248.6830131414344,262.24920654296875,276444100,0.0,0.0,0.0
2020-03-11 00:00:00-04:00,255.22969239890026,256.3571676833108,246.30073857018888,249.46495056152344,255316300,0.0,0.0,0.0
2020-03-12 00:00:00-04:00,232.77096668988705,242.46369855452352,225.20590361283493,225.59689331054688,392220700,0.0,0.0,0.0
2020-03-13 00:00:00-04:00,239.21758503257703,246.84630170947224,225.96965328165044,244.88229370117188,329566100,0.0,0.0,0.0
2020-03-16 00:00:00-04:00,219.29563958076722,233.5892287116815,215.82226853581494,218.08633422851562,297240000,0.0,0.0,0.0
2020-03-17 00:00:00-04:00,222.80544944835165,232.92554905643092,215.55864748542567,229.861328125,262070500,0.0,0.0,0.0
2020-03-18 00:00:00-04:00,214.81301736831665,225.83326169260155,207.32979952636524,218.22274780273438,327597100,0.0,0.0,0.0
2020-03-19 00:00:00-04:00,217.5408131695705,224.93311358035257,211.14870595523684,218.6864776611328,289322000,0.0,0.0,0.0
2020-03-20 00:00:00-04:00,221.81991016314782,223.59425218036205,208.98795912832034,209.26234436035156,347158800,1.406,0.0,0.0
2020-03-23 00:00:00-04:00,208.70443213492814,210.0671893215918,199.6223661157914,203.91188049316406,326025200,0.0,0.0,0.0
2020-03-24 00:00:00-04:00,214.40240834174568,223.25582114846083,213.83535584057927,222.38693237304688,235494500,0.0,0.0,0.0
2020-03-25 00:00:00-04:00,223.96007962163839,234.45979059408683,219.27729064392412,225.71612548828125,299430300,0.0,0.0,0.0
2020-03-26 00:00:00-04:00,228.21302993098874,240.35901111388173,227.78316298320365,238.89566040039062,257632800,0.0,0.0,0.0
2020-03-27 00:00:00-04:00,231.64282838705617,238.53896824316124,229.6123970169316,231.78001403808594,224341200,0.0,0.0,0.0
2020-03-30 00:00:00-04:00,233.8653344995222,240.02064431878614,231.88063620581642,239.3072509765625,171369500,0.0,0.0,0.0
2020-03-31 00:00:00-04:00,238.31032714142557,240.84378198565145,234.34093062328688,235.7402801513672,194881100,0.0,0.0,0.0
2020-04-01 00:00:00-04:00,226.80454835925843,235.6579634150699,223.0729450503608,225.1308135986328,189554600,0.0,0.0,0.0
2020-04-02 00:00:00-04:00,224.2527626516447,231.1031684005244,223.70399220839067,230.3257598876953,177660400,0.0,0.0,0.0
2020-04-03 00:00:00-04:00,229.34713296100213,231.68854153043867,224.2802099883143,226.99659729003906,135561200,0.0,0.0,0.0
2020-04-06 00:00:00-04:00,235.82260837748493,244.20042402682725,226.9783475040951,242.24314880371094,188061200,0.0,0.0,0.0
2020-04-07 00:00:00-04:00,250.794649016526,251.54463426679763,242.27052376616464,242.49002075195312,201427200,0.0,0.0,0.0
2020-04-08 00:00:00-04:00,245.07843260653047,252.43189116440215,242.59985192520892,250.63011169433594,153774500,0.0,0.0,0.0
2020-04-09 00:00:00-04:00,253.8769349662577,257.1878401363403,251.94712503834012,254.4440155029297,189999200,0.0,0.0,0.0
2020-04-13 00:00:00-04:00,253.47455622786137,253.8129568310891,248.23384065027605,252.1209259033203,114839100,0.0,0.0,0.0
2020-04-14 00:00:00-04:00,256.98662431123626,260.5718728557948,251.98371629741587,259.5566711425781,134143400,0.0,0.0,0.0
2020-04-15 00:00:00-04:00,253.86784815593566,259.69389891968154,251.938010010102,254.0416259765625,121775000,0.0,0.0,0.0
2020-04-16 00:00:00-04:00,255.31287012366016,256.1177297950417,252.21236288007296,255.26715087890625,131798300,0.0,0.0,0.0
2020-04-17 00:00:00-04:00,261.0109147166747,262.76694697908226,258.2853720013515,262.163330078125,146684800,0.0,0.0,0.0
2020-04-20 00:00:00-04:00,258.477384853948,262.3004679707895,257.3249976139845,257.54449462890625,100109300,0.0,0.0,0.0
2020-04-21 00:00:00-04:00,253.0995774371652,254.2977121365498,248.79175203452772,249.72467041015625,126385700,0.0,0.0,0.0
2020-04-22 00:00:00-04:00,254.581194737837,257.0049008539564,253.26415671405383,255.26715087890625,92951600,0.0,0.0,0.0
2020-04-23 00:00:00-04:00,256.5384565598926,259.69386615566833,254.947047152438,255.2488555908203,104709700,0.0,0.0,0.0
2020-04-24 00:00:00-04:00,256.75795780388637,259.47434514496024,254.71837156685336,258.8066711425781,85063200,0.0,0.0,0.0
2020-04-27 00:00:00-04:00,260.7731425647639,263.6541534426872,260.3158383647242,262.538330078125,77896600,0.0,0.0,0.0
2020-04-28 00:00:00-04:00,266.1693127773217,266.5168684172385,261.02921830056937,261.3310546875,105270000,0.0,0.0,0.0
2020-04-29 00:00:00-04:00,266.6357062557457,269.6996490647606,265.6113496189512,268.1722412109375,118745600,0.0,0.0,0.0
2020-04-30 00:00:00-04:00,266.8003959721668,268.27292994080307,263.9468223645414,265.6754455566406,122901700,0.0,0.0,0.0
2020-05-01 00:00:00-04:00,260.9468311402784,265.839989989389,257.4804586743474,258.64202880859375,125180000,0.0,0.0,0.0
2020-05-04 00:00:00-04:00,256.7670815529989,259.6572466389891,255.2945758379468,259.3554382324219,80873200,0.0,0.0,0.0
2020-05-05 00:00:00-04:00,262.16329381700166,264.5504076936841,259.4834707215646,261.751708984375,79569900,0.0,0.0,0.0
2020-05-06 00:00:00-04:00,263.4436975938998,263.82781732551877,259.54745856060816,259.9773254394531,73632600,0.0,0.0,0.0
2020-05-07 00:00:00-04:00,263.1785312311904,265.03518491368027,262.6114785663358,263.114501953125,75250400,0.0,0.0,0.0
2020-05-08 00:00:00-04:00,266.23335170995387,267.93453782182627,265.1083733470764,267.46807861328125,76452400,0.0,0.0,0.0
2020-05-11 00:00:00-04:00,265.54730090616414,268.8947697566106,265.12658901363613,267.5228576660156,79514200,0.0,0.0,0.0
2020-05-12 00:00:00-04:00,268.7027718058145,269.1143287808688,262.05355181087856,262.1907653808594,95870800,0.0,0.0,0.0
2020-05-13 00:00:00-04:00,261.6327942663051,262.66630589864803,255.1390710892638,257.55364990234375,144721100,0.0,0.0,0.0
2020-05-14 00:00:00-04:00,255.1299635672098,260.7639254068416,249.67887870539946,260.6358947753906,121977900,0.0,0.0,0.0
2020-05-15 00:00:00-04:00,258.25792384810507,261.87976465743145,257.3158784788834,261.83404541015625,111146300,0.0,0.0,0.0
2020-05-18 00:00:00-04:00,268.0259508942396,271.4100127656581,267.70586031884966,269.8094482421875,119703800,0.0,0.0,0.0
2020-05-19 00:00:00-04:00,269.21494963691697,270.9161076201453,267.01989537303587,267.0381774902344,95189300,0.0,0.0,0.0
2020-05-20 00:00:00-04:00,270.5594441426367,272.43438006323834,270.33079205906915,271.57464599609375,85861700,0.0,0.0,0.0
2020-05-21 00:00:00-04:00,271.4465815641365,272.2514412639975,268.6112904984,269.6996765136719,78293900,0.0,0.0,0.0
2020-05-22 00:00:00-04:00,269.4161787745879,270.38566135817075,268.18145196368334,270.2118835449219,63958200,0.0,0.0,0.0
2020-05-26 00:00:00-04:00,276.14762383993184,276.3854308835985,270.23010816848546,273.5409851074219,88951400,0.0,0.0,0.0
2020-05-27 00:00:00-04:00,276.32136129957706,277.64755404889337,271.51966935508966,277.6109619140625,104817400,0.0,0.0,0.0
2020-05-28 00:00:00-04:00,278.6353201334166,280.63831387567654,276.43111151576363,277.0987854003906,90405200,0.0,0.0,0.0
2020-05-29 00:00:00-04:00,276.63240179778086,278.91892240887853,273.89773207862925,278.3335876464844,119090800,0.0,0.0,0.0
2020-06-01 00:00:00-04:00,277.6933394698057,280.06217137761803,277.1811611065829,279.4585266113281,55758300,0.0,0.0,0.0
2020-06-02 00:00:00-04:00,280.37311161244173,281.8182080910608,279.04694656843077,281.7724609375,74267200,0.0,0.0,0.0
2020-06-03 00:00:00-04:00,283.7480576450486,286.473600307981,283.47368633170566,285.52239990234375,92567600,0.0,0.0,0.0
2020-06-04 00:00:00-04:00,284.5436868628639,286.2723094131286,282.6870337042213,284.7723388671875,75794400,0.0,0.0,0.0
2020-06-05 00:00:00-04:00,290.1412042675265,293.83620174403694,290.0771749870268,292.0710144042969,150524700,0.0,0.0,0.0
2020-06-08 00:00:00-04:00,292.87580669268345,295.79340876256344,292.3361912634575,295.6013488769531,73641200,0.0,0.0,0.0
2020-06-09 00:00:00-04:00,292.9489787890649,295.6745211196793,292.08924489657664,293.39715576171875,77479200,0.0,0.0,0.0
2020-06-10 00:00:00-04:00,293.9733738449627,294.86054489707874,291.04661650084495,291.760009765625,95000800,0.0,0.0,0.0
2020-06-11 00:00:00-04:00,284.86381036530884,285.4948921415013,274.3915651262568,274.9403076171875,209243600,0.0,0.0,0.0
2020-06-12 00:00:00-04:00,281.91871767838563,282.68698493096565,273.10191242691445,278.23284912109375,194678900,0.0,0.0,0.0
2020-06-15 00:00:00-04:00,272.57156280032103,281.95545314075946,271.4008652615078,280.8304748535156,135782700,0.0,0.0,0.0
2020-06-16 00:00:00-04:00,288.54060937107715,288.68695003469736,281.39752145340583,286.23577880859375,137627500,0.0,0.0,0.0
2020-06-17 00:00:00-04:00,287.2510539767532,287.5437353503911,284.3151410483271,285.0468444824219,83398900,0.0,0.0,0.0
2020-06-18 00:00:00-04:00,283.53767829923845,285.63211084262696,283.08037422942215,285.1565246582031,80828700,0.0,0.0,0.0
2020-06-19 00:00:00-04:00,288.606925057698,288.7998301267632,281.58855589183077,283.5268859863281,135549600,1.366,0.0,0.0
2020-06-22 00:00:00-04:00,282.92975500160884,285.740769602764,281.7906591077808,285.34576416015625,74649400,0.0,0.0,0.0
2020-06-23 00:00:00-04:00,287.9822882833986,288.9101167071253,286.25525352949296,286.6594543457031,68471200,0.0,0.0,0.0
2020-06-24 00:00:00-04:00,284.62930889796206,285.24480548052856,277.5190968616675,279.34716796875,132813500,0.0,0.0,0.0
2020-06-25 00:00:00-04:00,278.777527255436,282.60823878319684,276.7657189618887,282.3418273925781,89468000,0.0,0.0,0.0
2020-06-26 00:00:00-04:00,281.24866508004715,281.4599607492552,275.05708801773886,275.63580322265625,127961000,0.0,0.0,0.0
2020-06-29 00:00:00-04:00,276.8851014827709,279.82470947209464,274.6068821626264,279.6869201660156,79773300,0.0,0.0,0.0
2020-06-30 00:00:00-04:00,279.25514141287215,284.9598705811389,279.09898955544793,283.2695617675781,113394800,0.0,0.0,0.0
2020-07-01 00:00:00-04:00,284.3812217292925,286.5124569965103,283.9219052338294,285.25390625,72396500,0.0,0.0,0.0
2020-07-02 00:00:00-04:00,288.67113975287964,290.01236372184866,286.1632903450771,286.82470703125,69344200,0.0,0.0,0.0
2020-07-06 00:00:00-04:00,290.62796070760163,291.83136787282604,289.8838701103089,291.25262451171875,61713800,0.0,0.0,0.0
2020-07-07 00:00:00-04:00,289.71850628424903,291.68436650450917,287.87204481586895,288.2486877441406,82910000,0.0,0.0,0.0
2020-07-08 00:00:00-04:00,289.0110175343776,290.5635090253282,287.25645376442134,290.4532775878906,54638600,0.0,0.0,0.0
2020-07-09 00:00:00-04:00,291.0597259556873,291.298579547416,285.400942347233,288.7998962402344,83354200,0.0,0.0,0.0
2020-07-10 00:00:00-04:00,288.73557224712687,292.01509919724424,287.3117021320966,291.7486877441406,57550400,0.0,0.0,0.0
2020-07-13 00:00:00-04:00,294.08201958882603,296.45208065811465,288.5702209738263,289.2224426269531,102997500,0.0,0.0,0.0
2020-07-14 00:00:00-04:00,287.80768781432056,293.74207676938335,286.6134762105575,292.9704284667969,93657000,0.0,0.0,0.0
2020-07-15 00:00:00-04:00,296.17641945606164,296.7551626349699,293.2918988610107,295.6619873046875,87196500,0.0,0.0,0.0
2020-07-16 00:00:00-04:00,293.76966043976955,295.13841466446394,293.12660611390436,294.68829345703125,54622500,0.0,0.0,0.0
2020-07-17 00:00:00-04:00,295.68955664678975,296.32341557834684,293.7236688220878,295.5425720214844,62774900,0.0,0.0,0.0
2020-07-20 00:00:00-04:00,295.2761374776364,298.67509008942426,294.5320471440715,297.9309997558594,56308800,0.0,0.0,0.0
2020-07-21 00:00:00-04:00,299.8877446097255,300.3286704937744,297.5819668813905,298.5649108886719,57292200,0.0,0.0,0.0
2020-07-22 00:00:00-04:00,298.20658418016615,300.57667257601804,298.09635272630305,300.2643127441406,57792900,0.0,0.0,0.0
2020-07-23 00:00:00-04:00,299.90605071735735,300.6042206149374,295.3220820258576,296.681640625,75738000,0.0,0.0,0.0
2020-07-24 00:00:00-04:00,294.8352766153247,295.7906347636458,293.27358928008266,294.7709655761719,73766600,0.0,0.0,0.0
2020-07-27 00:00:00-04:00,295.45993962173293,297.09510525887373,294.6699006548691,296.9205627441406,48293000,0.0,0.0,0.0
2020-07-28 00:00:00-04:00,296.19487323057496,297.30643950213306,294.7434452210572,295.03741455078125,57495000,0.0,0.0,0.0
2020-07-29 00:00:00-04:00,295.9100858432154,299.2263658690615,295.8733326700447,298.6659851074219,48454200,0.0,0.0,0.0
2020-07-30 00:00:00-04:00,295.7079903642907,298.0137684247476,293.63189861413105,297.6003723144531,61861700,0.0,0.0,0.0
2020-07-31 00:00:00-04:00,299.38244795338665,300.0530600436379,295.1842889920088,299.9519958496094,84986800,0.0,0.0,0.0
2020-08-03 00:00:00-04:00,301.605625355919,302.7998371691096,301.06363519242745,302.0373840332031,53077900,0.0,0.0,0.0
2020-08-04 00:00:00-04:00,301.1830667958323,303.2040710449219,301.1830667958323,303.2040710449219,41917900,0.0,0.0,0.0
2020-08-05 00:00:00-04:00,304.49930864404297,305.344463414178,304.2328972007619,305.08721923828125,42697700,0.0,0.0,0.0
2020-08-06 00:00:00-04:00,304.5085655647453,307.2460747594926,304.18703831426853,307.12664794921875,43679400,0.0,0.0,0.0
2020-08-07 00:00:00-04:00,306.16203189273534,307.631850428163,305.2617613816024,307.3470764160156,57308300,0.0,0.0,0.0
2020-08-10 00:00:00-04:00,307.79729611360244,308.4495179596274,305.8681604209086,308.26580810546875,44282100,0.0,0.0,0.0
2020-08-11 00:00:00-04:00,309.4415500274836,310.0754090778702,304.99536940766205,305.7210693359375,69601100,0.0,0.0,0.0
2020-08-12 00:00:00-04:00,308.1461938418484,310.7551076734617,308.11863597876425,309.98345947265625,53774400,0.0,0.0,0.0
2020-08-13 00:00:00-04:00,309.2210563466594,310.7276279995597,308.5045236917194,309.42315673828125,41816100,0.0,0.0,0.0
2020-08-14 00:00:00-04:00,309.03727610244334,309.96510423896666,308.3115483114662,309.4322814941406,47260400,0.0,0.0,0.0
2020-08-17 00:00:00-04:00,310.442902112571,310.8103497812543,309.4415953007634,310.41534423828125,35481000,0.0,0.0,0.0
2020-08-18 00:00:00-04:00,310.8102087773632,311.5083786552479,309.2209639890799,311.0858154296875,38733900,0.0,0.0,0.0
2020-08-19 00:00:00-04:00,311.4624789799715,311.9769111702149,309.23020772218825,309.79058837890625,68054200,0.0,0.0,0.0
2020-08-20 00:00:00-04:00,308.07270663056715,311.2328059543693,307.9441126063458,310.755126953125,42207800,0.0,0.0,0.0
2020-08-21 00:00:00-04:00,310.42447869422375,312.07800689641704,310.0845609319981,311.8575439453125,55106600,0.0,0.0,0.0
2020-08-24 00:00:00-04:00,314.2827768358285,315.09117851403107,311.8300419618534,315.0177001953125,48588700,0.0,0.0,0.0
2020-08-25 00:00:00-04:00,315.578035456616,316.2026992516571,314.42054875121903,316.1200256347656,38463400,0.0,0.0,0.0
2020-08-26 00:00:00-04:00,316.7079196553296,319.55565950622474,316.1659295535639,319.2892761230469,50790200,0.0,0.0,0.0
2020-08-27 00:00:00-04:00,320.1528325405538,321.42971797916806,318.33392889941973,319.9874572753906,58034100,0.0,0.0,0.0
2020-08-28 00:00:00-04:00,321.0071247417891,322.18297388597506,319.82208029637775,322.0543518066406,48588900,0.0,0.0,0.0
2020-08-31 00:00:00-04:00,321.8431427119025,322.71582741898374,320.65809805087804,320.88775634765625,66099200,0.0,0.0,0.0
2020-09-01 00:00:00-04:00,321.7144876310069,324.01107036337214,320.82341240947085,323.9100341796875,54908700,0.0,0.0,0.0
2020-09-02 00:00:00-04:00,325.8115748999467,329.55958516400403,324.6724509289128,328.59503173828125,69540000,0.0,0.0,0.0
2020-09-03 00:00:00-04:00,326.9139385366805,327.38245036251664,314.7144927720197,317.28668212890625,148011100,0.0,0.0,0.0
2020-09-04 00:00:00-04:00,317.96643711549046,319.52809635719643,307.62262081365446,314.69610595703125,139156300,0.0,0.0,0.0
2020-09-08 00:00:00-04:00,309.31287135263426,314.76038567556583,305.7945197326243,306.09765625,114465300,0.0,0.0,0.0
2020-09-09 00:00:00-04:00,310.0845768752643,314.5950685448863,309.2210595597669,312.142333984375,91462300,0.0,0.0,0.0
2020-09-10 00:00:00-04:00,314.0071344529514,314.6593560242993,305.76699543534016,306.7223815917969,90569500,0.0,0.0,0.0
2020-09-11 00:00:00-04:00,308.4953737805765,309.5517962366656,304.0675555187705,306.8785705566406,84680200,0.0,0.0,0.0
2020-09-14 00:00:00-04:00,310.0294570524929,312.6843200062255,307.02553709097856,310.9205322265625,65605700,0.0,0.0,0.0
2020-09-15 00:00:00-04:00,313.3641091586168,314.19087331685137,310.92973712374885,312.4914245605469,52920900,0.0,0.0,0.0
2020-09-16 00:00:00-04:00,313.7223455643582,315.1462154132683,310.97561399935194,311.251220703125,82096000,0.0,0.0,0.0
2020-09-17 00:00:00-04:00,306.4191899701,310.2223436585627,305.89556248526213,308.513671875,91523300,0.0,0.0,0.0
2020-09-18 00:00:00-04:00,309.3151581691173,309.42583088639304,302.49006851927624,304.96185302734375,105877900,1.339,0.0,0.0
2020-09-21 00:00:00-04:00,300.39645567196135,301.7153525566458,296.7348829024936,301.5677795410156,99450800,0.0,0.0,0.0
2020-09-22 00:00:00-04:00,303.04336843147655,305.19233809857934,300.54388835474913,304.6389465332031,63612100,0.0,0.0,0.0
2020-09-23 00:00:00-04:00,305.19245164662516,305.46916160559636,297.0761328236134,297.5741882324219,93112200,0.0,0.0,0.0
2020-09-24 00:00:00-04:00,296.26441342051686,301.4108907334,294.9547208620889,298.3672790527344,76681300,0.0,0.0,0.0
2020-09-25 00:00:00-04:00,297.51877988511285,303.97495058970566,296.65183428543304,303.1910095214844,71069400,0.0,0.0,0.0
2020-09-28 00:00:00-04:00,307.33225602777424,308.9370670302283,306.34537719783094,308.2268981933594,64584600,0.0,0.0,0.0
2020-09-29 00:00:00-04:00,308.0239809607782,308.76181796353166,305.85654606350835,306.54827880859375,51304000,0.0,0.0,0.0
2020-09-30 00:00:00-04:00,307.2123525503483,312.00837765160077,307.01867525700635,308.8725280761719,104081100,0.0,0.0,0.0
2020-10-01 00:00:00-04:00,311.45502596343215,312.4234407016716,308.9832406503266,310.85552978515625,88698700,0.0,0.0,0.0
2020-10-02 00:00:00-04:00,305.9303234212104,310.82778863279594,305.45993618333404,307.904052734375,89431100,0.0,0.0,0.0
2020-10-05 00:00:00-04:00,309.95160678519085,313.54861143748366,309.9055025274307,313.3641662597656,45713100,0.0,0.0,0.0
2020-10-06 00:00:00-04:00,313.5025398765093,315.5869704435292,308.40216435314886,308.909423828125,90128900,0.0,0.0,0.0
2020-10-07 00:00:00-04:00,311.8516466339451,315.088965754135,311.82397844260527,314.28656005859375,56999600,0.0,0.0,0.0
2020-10-08 00:00:00-04:00,316.2140965427438,317.13640685603946,315.30099019284074,317.07183837890625,45242500,0.0,0.0,0.0
2020-10-09 00:00:00-04:00,318.7135321923036,320.3644754439447,318.09560007830606,319.9033203125,59528600,0.0,0.0,0.0
2020-10-12 00:00:00-04:00,322.43044687423406,326.5162746526731,321.9416235525097,325.0498046875,80388500,0.0,0.0,0.0
2020-10-13 00:00:00-04:00,324.91142804821567,325.08666923359056,321.96925633166603,322.928466796875,73255500,0.0,0.0,0.0
2020-10-14 00:00:00-04:00,323.50030508369025,324.588624372676,320.1707787470456,320.8993835449219,57727900,0.0,0.0,0.0
2020-10-15 00:00:00-04:00,317.0072439350563,320.98239880801316,316.4723163816997,320.5028076171875,60357700,0.0,0.0,0.0
2020-10-16 00:00:00-04:00,321.84935479813737,323.50029791303143,320.1338713616603,320.3091125488281,89501900,0.0,0.0,0.0
2020-10-19 00:00:00-04:00,321.5634252410943,322.19058938218416,314.54465857388607,315.4393005371094,68425600,0.0,0.0,0.0
2020-10-20 00:00:00-04:00,316.7766838154975,319.9309973867883,316.02041077038155,316.7029113769531,60051900,0.0,0.0,0.0
2020-10-21 00:00:00-04:00,316.65678774336294,318.8150186473506,315.79904590648505,316.1034240722656,63575000,0.0,0.0,0.0
2020-10-22 00:00:00-04:00,316.31550456028447,318.41837073196325,314.184970207926,317.8373107910156,55399300,0.0,0.0,0.0
2020-10-23 00:00:00-04:00,319.0547227201215,319.1100590737951,316.4722657264527,318.9163818359375,49143900,0.0,0.0,0.0
2020-10-26 00:00:00-04:00,315.5500092529845,316.3339785921289,309.54576053915537,313.02288818359375,91473000,0.0,0.0,0.0
2020-10-27 00:00:00-04:00,313.36415234517256,313.69617053832854,311.73164512212657,311.94378662109375,65994100,0.0,0.0,0.0
2020-10-28 00:00:00-04:00,306.2992612343689,311.9714640421637,300.79306752806804,301.2818908691406,127094300,0.0,0.0,0.0
2020-10-29 00:00:00-04:00,301.5124340067126,307.49821826025516,299.83382266999,304.34393310546875,90597700,0.0,0.0,0.0
2020-10-30 00:00:00-04:00,302.77604515722487,304.07650614801975,297.5373290450951,301.1712341308594,120287300,0.0,0.0,0.0
2020-11-02 00:00:00-05:00,304.5468444824219,306.5390097792582,301.81678597834804,304.5468444824219,86068300,0.0,0.0,0.0
2020-11-03 00:00:00-05:00,307.76568671307086,311.9714188889306,304.62983772534005,309.92388916015625,93294200,0.0,0.0,0.0
2020-11-04 00:00:00-05:00,314.3787116216634,320.9086850612525,313.2073875383157,316.85052490234375,126959700,0.0,0.0,0.0
2020-11-05 00:00:00-05:00,322.10759705001647,324.8284233294965,321.75711467946127,323.0299072265625,82039700,0.0,0.0,0.0
2020-11-06 00:00:00-05:00,322.7440657543736,324.2013319224955,320.64119920578634,322.9562072753906,74973000,0.0,0.0,0.0
2020-11-09 00:00:00-05:00,335.6932553819829,336.071405953707,326.5531576293563,327.0143127441406,172304200,0.0,0.0,0.0
2020-11-10 00:00:00-05:00,326.02747194823814,327.58617866916313,323.27900515845005,326.5347595214844,85552000,0.0,0.0,0.0
2020-11-11 00:00:00-05:00,328.71134641817173,329.7812296172515,327.4754541399261,328.96038818359375,58649000,0.0,0.0,0.0
2020-11-12 00:00:00-05:00,327.9550970682561,329.0065443622718,323.9707378060497,325.76922607421875,67546200,0.0,0.0,0.0
2020-11-13 00:00:00-05:00,327.6691129022936,331.01710320984637,327.1526214762621,330.2792663574219,62892200,0.0,0.0,0.0
2020-11-16 00:00:00-05:00,332.93559901843656,334.59574638349557,331.65357412637275,334.4020690917969,74541100,0.0,0.0,0.0
2020-11-17 00:00:00-05:00,332.0040195958482,333.8025358299785,330.5006493949441,332.603515625,66111000,0.0,0.0,0.0
2020-11-18 00:00:00-05:00,332.87100914114745,333.41516883301097,328.56380771525403,328.6007080078125,70591300,0.0,0.0,0.0
2020-11-19 00:00:00-05:00,327.9735924427535,330.3531409524172,326.63623106912223,329.9842224121094,59940900,0.0,0.0,0.0
2020-11-20 00:00:00-05:00,329.72600503476076,329.9289144714187,327.65080640167486,327.7245788574219,70417300,0.0,0.0,0.0
2020-11-23 00:00:00-05:00,329.5230167831691,330.94338250005325,327.3002456235461,329.68902587890625,63230600,0.0,0.0,0.0
2020-11-24 00:00:00-05:00,332.22539331938475,335.54571610904793,331.3768835849959,335.0015563964844,62415900,0.0,0.0,0.0
2020-11-25 00:00:00-05:00,334.918533340122,334.9462015223956,333.3967270217236,334.48504638671875,45330900,0.0,0.0,0.0
2020-11-27 00:00:00-05:00,335.57337244610363,335.88695456701845,334.41125247407854,335.4165954589844,28514100,0.0,0.0,0.0
2020-11-30 00:00:00-05:00,334.64174820647105,334.90922600615437,331.2661181405952,333.93157958984375,83872700,0.0,0.0,0.0
2020-12-01 00:00:00-05:00,337.16896165443563,339.1150227531008,336.57866958962217,337.583984375,74231400,0.0,0.0,0.0
2020-12-02 00:00:00-05:00,336.47717640069897,338.45090537235035,335.90534864392777,338.29412841796875,45927000,0.0,0.0,0.0
2020-12-03 00:00:00-05:00,338.1927332221173,339.5854307786495,337.10441382598,338.20196533203125,62882000,0.0,0.0,0.0
2020-12-04 00:00:00-05:00,338.7830112476437,341.116455078125,338.690774592366,341.116455078125,50749900,0.0,0.0,0.0
2020-12-07 00:00:00-05:00,340.3508978397775,340.90428958580924,339.1519058456032,340.41546630859375,48944300,0.0,0.0,0.0
2020-12-08 00:00:00-05:00,339.1519192516688,341.9741863066491,339.105814998791,341.4115905761719,42458900,0.0,0.0,0.0
2020-12-09 00:00:00-05:00,342.0664578235537,342.22323481665705,337.51947467671783,338.34954833984375,74098300,0.0,0.0,0.0
2020-12-10 00:00:00-05:00,336.984534864023,339.28107867484596,336.11756086582494,338.2388916015625,57735400,0.0,0.0,0.0
2020-12-11 00:00:00-05:00,336.5510866383938,338.2481345344906,335.0385120959371,337.8423156738281,57698600,0.0,0.0,0.0
2020-12-14 00:00:00-05:00,340.0004557165168,341.0703108111561,336.1544096839779,336.32965087890625,69216200,0.0,0.0,0.0
2020-12-15 00:00:00-05:00,338.8567255407651,340.8765869140625,337.4917246049017,340.8765869140625,63865300,0.0,0.0,0.0
2020-12-16 00:00:00-05:00,341.08877636600363,342.32466869787885,340.2125703879291,341.4115905761719,58420500,0.0,0.0,0.0
2020-12-17 00:00:00-05:00,343.0440579448397,343.52364911590456,342.2231883566635,343.32073974609375,64119500,0.0,0.0,0.0
2020-12-18 00:00:00-05:00,343.6078706270574,343.7745873422909,339.94920475396054,341.94989013671875,136542300,1.58,0.0,0.0
2020-12-21 00:00:00-05:00,338.0503799855159,350.54536946267484,335.3272275643537,340.7272033691406,96386700,0.0,0.0,0.0
2020-12-22 00:00:00-05:00,341.0515319715881,341.1626764801447,339.0323313550487,340.153076171875,47949000,0.0,0.0,0.0
2020-12-23 00:00:00-05:00,341.1162723357877,342.35743274971173,340.1344584521365,340.4586486816406,46201400,0.0,0.0,0.0
2020-12-24 00:00:00-05:00,340.9310178427268,341.8109587265613,340.34750934079955,341.7831726074219,26457900,0.0,0.0,0.0
2020-12-28 00:00:00-05:00,344.3210549674562,345.1083660073762,343.70048890382196,344.7193603515625,39000400,0.0,0.0,0.0
2020-12-29 00:00:00-05:00,346.23841072844647,346.4143989143609,343.4782002616362,344.0617370605469,53680500,0.0,0.0,0.0
2020-12-30 00:00:00-05:00,344.8768330723695,345.580785813549,344.1636371354638,344.5526428222656,49455300,0.0,0.0,0.0
2020-12-31 00:00:00-05:00,344.3581095939101,347.02568999178754,343.8486880077347,346.30322265625,78520700,0.0,0.0,0.0
2021-01-04 00:00:00-05:00,347.62773872628424,347.757426120549,337.9114732173505,341.5886535644531,110210800,0.0,0.0,0.0
2021-01-05 00:00:00-05:00,340.9496326301057,345.0250911405823,340.90330357734024,343.9413757324219,66426200,0.0,0.0,0.0
2021-01-06 00:00:00-05:00,342.4407940338875,349.1745889500728,341.89431484994884,345.99755859375,107997700,0.0,0.0,0.0
2021-01-07 00:00:00-05:00,348.35951944577056,351.879226704414,348.18353125617296,351.13824462890625,68766800,0.0,0.0,0.0
2021-01-08 00:00:00-05:00,352.5183825734694,353.3519945857857,349.2858075597877,353.13897705078125,71677200,0.0,0.0,0.0
2021-01-11 00:00:00-05:00,349.9804746734245,352.5090967320955,349.86005871507695,350.7585144042969,51034700,0.0,0.0,0.0
2021-01-12 00:00:00-05:00,350.94375332137713,351.8421806908139,348.60033453721564,350.83258056640625,52547700,0.0,0.0,0.0
2021-01-13 00:00:00-05:00,350.758563512519,352.7684926986767,349.9805236727166,351.7774353027344,45303600,0.0,0.0,0.0
2021-01-14 00:00:00-05:00,352.51837079015854,353.0185492874925,350.2120377042884,350.54547119140625,49989100,0.0,0.0,0.0
2021-01-15 00:00:00-05:00,348.933739417708,349.7302936319594,346.13649993977657,347.9889831542969,107160000,0.0,0.0,0.0
2021-01-19 00:00:00-05:00,350.43430286360933,351.25867159512734,348.9615818623468,350.721435546875,51233300,0.0,0.0,0.0
2021-01-20 00:00:00-05:00,353.0000326205539,356.40862425349655,352.61102685664434,355.57501220703125,61836100,0.0,0.0,0.0
2021-01-21 00:00:00-05:00,356.13066931635393,356.5567608588735,354.9821386306928,355.89910888671875,47840100,0.0,0.0,0.0
2021-01-22 00:00:00-05:00,354.0559284746663,355.79726758341997,353.676165944212,354.63946533203125,52860500,0.0,0.0,0.0
2021-01-25 00:00:00-05:00,355.3711907354322,356.3900340645269,350.5454507834374,356.0380859375,70402000,0.0,0.0,0.0
2021-01-26 00:00:00-05:00,356.9827455003783,357.3902940280958,355.25067839090303,355.48223876953125,42665300,0.0,0.0,0.0
2021-01-27 00:00:00-05:00,352.1756209612476,352.268250784751,344.57118450473314,346.7941589355469,123351100,0.0,0.0,0.0
2021-01-28 00:00:00-05:00,348.60029684934375,353.7594696685846,348.16499040605424,349.7766418457031,94198100,0.0,0.0,0.0
2021-01-29 00:00:00-05:00,347.9241009444205,348.88740002400107,341.1069487709505,342.7742004394531,126765100,0.0,0.0,0.0
2021-02-01 00:00:00-05:00,346.1550437581806,349.508034136275,343.061399921302,348.47991943359375,75817600,0.0,0.0,0.0
2021-02-02 00:00:00-05:00,351.64773878123896,354.95442921499745,348.5633656292974,353.4075927734375,64450700,0.0,0.0,0.0
2021-02-03 00:00:00-05:00,354.23184292640985,355.39891639815266,352.41641728887157,353.68536376953125,52427100,0.0,0.0,0.0
2021-02-04 00:00:00-05:00,354.7135208194631,357.75159252733863,353.79655056291546,357.7052917480469,47142600,0.0,0.0,0.0
2021-02-05 00:00:00-05:00,359.56706738711136,359.8171424896875,357.6590115971153,359.1131896972656,48669800,0.0,0.0,0.0
2021-02-08 00:00:00-05:00,360.55807565817906,361.7529352971616,359.7059491724851,361.7066345214844,38365200,0.0,0.0,0.0
2021-02-09 00:00:00-05:00,360.8730425291398,362.05865913101644,360.4655221555642,361.4658508300781,35551100,0.0,0.0,0.0
2021-02-10 00:00:00-05:00,363.1979212677015,363.346123344099,358.918688778351,361.3083801269531,59154400,0.0,0.0,0.0
2021-02-11 00:00:00-05:00,362.3827831768322,362.7996032364326,359.4743990216484,361.8918762207031,42913300,0.0,0.0,0.0
2021-02-12 00:00:00-05:00,361.09534309546916,363.92036905749677,361.0212279279476,363.6795654296875,50593300,0.0,0.0,0.0
2021-02-16 00:00:00-05:00,364.9021580602048,365.09668916164804,362.6513976005245,363.3645935058594,50972400,0.0,0.0,0.0
2021-02-17 00:00:00-05:00,361.6233007480512,363.69807313250533,360.6136724097959,363.447998046875,52290600,0.0,0.0,0.0
2021-02-18 00:00:00-05:00,360.854495934064,362.64213560839346,359.14094315746735,361.9011535644531,59712800,0.0,0.0,0.0
2021-02-19 00:00:00-05:00,363.1515954538638,363.4387281237623,360.8174482448131,361.2620544433594,83241000,0.0,0.0,0.0
2021-02-22 00:00:00-05:00,358.5111540436584,360.88233082469856,358.21474987936415,358.4833679199219,67414200,0.0,0.0,0.0
2021-02-23 00:00:00-05:00,356.28817782496253,360.26176310227765,352.1571472693643,358.918701171875,107284100,0.0,0.0,0.0
2021-02-24 00:00:00-05:00,357.83496090759934,363.2998098164091,356.85314691923423,362.87371826171875,72433900,0.0,0.0,0.0
2021-02-25 00:00:00-05:00,361.6141165682931,362.9756933408979,352.6944022280313,354.13006591796875,146670500,0.0,0.0,0.0
2021-02-26 00:00:00-05:00,356.0010524866953,357.14031184524765,350.3324570181541,352.3053283691406,152701600,0.0,0.0,0.0
2021-03-01 00:00:00-05:00,357.14964047165864,362.0865260377389,352.49991592373885,360.8453369140625,105348800,0.0,0.0,0.0
2021-03-02 00:00:00-05:00,361.0675824477177,361.29914289591414,357.52933201527884,358.0295104980469,79595300,0.0,0.0,0.0
2021-03-03 00:00:00-05:00,357.33484267513,358.29811382408514,353.18526911043256,353.28717041015625,119940200,0.0,0.0,0.0
2021-03-04 00:00:00-05:00,353.1018549094259,355.6768056530186,344.4507609972597,348.9152526855469,183433000,0.0,0.0,0.0
2021-03-05 00:00:00-05:00,352.3979683617633,356.38082529964976,345.15477853579273,355.33416748046875,152039600,0.0,0.0,0.0
2021-03-08 00:00:00-05:00,356.2881246989713,359.0853643704964,353.28711072907987,353.5649719238281,123149200,0.0,0.0,0.0
2021-03-09 00:00:00-05:00,357.3903607802828,361.15089977025394,356.8901823543628,358.6130065917969,113633600,0.0,0.0,0.0
2021-03-10 00:00:00-05:00,360.947238230183,362.5311040959759,359.53936060132963,360.8453369140625,109899400,0.0,0.0,0.0
2021-03-11 00:00:00-05:00,363.29986414326305,366.46759555552194,362.8459863990173,364.50396728515625,86245000,0.0,0.0,0.0
2021-03-12 00:00:00-05:00,363.15163038715974,365.1337731463777,362.3458045414346,364.9948425292969,64653600,0.0,0.0,0.0
2021-03-15 00:00:00-04:00,365.2448796926078,367.43082481864235,363.11453507428547,367.1714782714844,73427200,0.0,0.0,0.0
2021-03-16 00:00:00-04:00,367.7827566296584,368.48668101999846,365.9395166356945,366.70831298828125,73722500,0.0,0.0,0.0
2021-03-17 00:00:00-04:00,365.43015115301284,368.75535559488856,364.2908636411773,367.95880126953125,97959300,0.0,0.0,0.0
2021-03-18 00:00:00-04:00,365.3838583264933,367.458630815987,361.92896639831395,362.6051330566406,115349100,0.0,0.0,0.0
2021-03-19 00:00:00-04:00,362.305939150035,363.87641702535865,359.76900680699566,361.9342346191406,113624500,1.278,0.0,0.0
2021-03-22 00:00:00-04:00,362.44527604125085,366.19955652443446,362.38952178707973,364.82421875,73778600,0.0,0.0,0.0
2021-03-23 00:00:00-04:00,364.1922851409189,365.6326505079344,361.1721404249181,361.9527282714844,90686600,0.0,0.0,0.0
2021-03-24 00:00:00-04:00,363.34661998833695,364.9728516634766,360.06627951513883,360.11273193359375,97588600,0.0,0.0,0.0
2021-03-25 00:00:00-04:00,358.6817961242546,362.92856394278317,356.7488870499017,362.1387023925781,116128600,0.0,0.0,0.0
2021-03-26 00:00:00-04:00,363.28165959392123,368.3740994757526,362.68693802860713,367.9745178222656,114409100,0.0,0.0,0.0
2021-03-29 00:00:00-04:00,366.506230599657,368.6900335718035,365.02868604213734,367.78863525390625,108107600,0.0,0.0,0.0
2021-03-30 00:00:00-04:00,366.52488460429095,367.48203731173976,365.22387611248564,366.8129577636719,76262200,0.0,0.0,0.0
2021-03-31 00:00:00-04:00,367.379739547907,369.85161555750506,367.35186241979716,368.2997131347656,112734200,0.0,0.0,0.0
2021-04-01 00:00:00-04:00,370.2233780414043,372.332851715989,370.0189362834983,372.2770690917969,99682900,0.0,0.0,0.0
2021-04-05 00:00:00-04:00,374.92552877258004,378.1594180969661,374.851199202024,377.62042236328125,91684800,0.0,0.0,0.0
2021-04-06 00:00:00-04:00,377.0627218481214,378.4380310220128,376.72816802256057,377.3972473144531,62021000,0.0,0.0,0.0
2021-04-07 00:00:00-04:00,377.2301135360446,378.1779643738996,376.77477759813956,377.8341369628906,55836300,0.0,0.0,0.0
2021-04-08 00:00:00-04:00,379.0793553590518,379.6833787740755,378.15007984078824,379.62762451171875,57863100,0.0,0.0,0.0
2021-04-09 00:00:00-04:00,379.5068721158555,382.55489491912203,379.3860617515805,382.3876037597656,61104600,0.0,0.0,0.0
2021-04-12 00:00:00-04:00,381.79281150001924,382.796416474297,381.1887881496238,382.5269470214844,56704900,0.0,0.0,0.0
2021-04-13 00:00:00-04:00,382.42478151269887,384.2833326882976,382.0437751185923,383.66070556640625,56551000,0.0,0.0,0.0
2021-04-14 00:00:00-04:00,383.6327485367833,384.68283426978144,381.81137670460754,382.3503723144531,61659900,0.0,0.0,0.0
2021-04-15 00:00:00-04:00,384.47840249341357,386.7272614837685,384.43195006619254,386.457763671875,60229800,0.0,0.0,0.0
2021-04-16 00:00:00-04:00,387.7401793717676,388.35350456848977,386.3276909048911,387.7494812011719,82037300,0.0,0.0,0.0
2021-04-19 00:00:00-04:00,386.82017754821817,387.26621157931834,384.52486623240225,385.84442138671875,78498500,0.0,0.0,0.0
2021-04-20 00:00:00-04:00,384.63640040393466,385.73293861586444,381.55119913988244,383.01947021484375,81851800,0.0,0.0,0.0
2021-04-21 00:00:00-04:00,382.4060920583846,386.8480269077358,382.26667807443886,386.6435852050781,66793000,0.0,0.0,0.0
2021-04-22 00:00:00-04:00,386.4763973374381,387.30343777713887,382.05303692792,383.1123962402344,97582800,0.0,0.0,0.0
2021-04-23 00:00:00-04:00,383.6698834905282,388.66938907577,383.59555394557486,387.26617431640625,73209200,0.0,0.0,0.0
2021-04-26 00:00:00-04:00,387.9167155807785,388.6415492403517,387.33126755588586,388.0746765136719,52182400,0.0,0.0,0.0
2021-04-27 00:00:00-04:00,388.37206467020457,388.56723292463965,386.8573412168641,387.9910583496094,51303100,0.0,0.0,0.0
2021-04-28 00:00:00-04:00,388.26058398462,389.37572589844,387.41493989916654,387.87957763671875,51238900,0.0,0.0,0.0
2021-04-29 00:00:00-04:00,390.5930916563602,390.96479619087927,386.98749811712497,390.3514709472656,78544300,0.0,0.0,0.0
2021-04-30 00:00:00-04:00,388.0932367798367,388.9388806813294,386.89446373714577,387.78656005859375,85527000,0.0,0.0,0.0
2021-05-03 00:00:00-04:00,389.7659458311173,390.1469521204787,388.13044053050237,388.6229553222656,68128300,0.0,0.0,0.0
2021-05-04 00:00:00-04:00,386.6436491697438,387.13616403136706,382.55484279938787,386.2254638671875,101591200,0.0,0.0,0.0
2021-05-05 00:00:00-04:00,387.8609452628347,388.0932640974251,385.7886510489646,386.3462219238281,60162200,0.0,0.0,0.0
2021-05-06 00:00:00-04:00,386.42058587094186,389.56154133168053,384.4226493874601,389.43145751953125,74321400,0.0,0.0,0.0
2021-05-07 00:00:00-04:00,390.1934506174759,392.9162206585883,389.51506938475586,392.2657165527344,67733800,0.0,0.0,0.0
2021-05-10 00:00:00-04:00,392.6188101941591,392.8418271889012,388.2605068134428,388.3813171386719,81852400,0.0,0.0,0.0
2021-05-11 00:00:00-04:00,383.8836181645365,385.9001296111552,381.0586134145165,384.91510009765625,116888000,0.0,0.0,0.0
2021-05-12 00:00:00-04:00,382.14593854145664,383.4097394915113,375.42726709184967,376.737548828125,134811000,0.0,0.0,0.0
2021-05-13 00:00:00-04:00,378.2801260879357,383.1866988347354,378.2336453045816,381.2630920410156,106394000,0.0,0.0,0.0
2021-05-14 00:00:00-04:00,383.9858394467586,387.96313660337415,383.9579623220789,387.11749267578125,82201600,0.0,0.0,0.0
2021-05-17 00:00:00-04:00,386.01175585096786,386.9410313324155,384.1252993987615,386.1325378417969,65129200,0.0,0.0,0.0
2021-05-18 00:00:00-04:00,386.39271466558824,386.6343353537289,382.6477357955868,382.80572509765625,59810200,0.0,0.0,0.0
2021-05-19 00:00:00-04:00,378.1408045892193,381.9786886398152,376.66323156600845,381.8021240234375,106467100,0.0,0.0,0.0
2021-05-20 00:00:00-04:00,382.6755962796749,387.1640123182548,382.5548143000937,385.90948486328125,78022200,0.0,0.0,0.0
2021-05-21 00:00:00-04:00,387.3870310910262,388.6229832530187,385.1382005063425,385.5935363769531,76578700,0.0,0.0,0.0
2021-05-24 00:00:00-04:00,387.82376329020775,390.59301398629543,387.5821426291598,389.52435302734375,51376700,0.0,0.0,0.0
2021-05-25 00:00:00-04:00,390.60230787289504,390.95543705465997,388.08397953448286,388.6601257324219,57451400,0.0,0.0,0.0
2021-05-26 00:00:00-04:00,389.2455910916205,389.93324582826676,388.2141089866511,389.43145751953125,43088600,0.0,0.0,0.0
2021-05-27 00:00:00-04:00,390.4537534189225,390.96484367105006,389.3571866239486,389.635986328125,56707700,0.0,0.0,0.0
2021-05-28 00:00:00-04:00,391.19707455869894,391.457270541841,390.10053636968837,390.3328552246094,58520200,0.0,0.0,0.0
2021-06-01 00:00:00-04:00,392.68384516217094,392.82323077639217,389.5521921393392,389.98895263671875,54216600,0.0,0.0,0.0
2021-06-02 00:00:00-04:00,390.6395043968989,391.43869600618797,389.6358994197464,390.6023254394531,49097100,0.0,0.0,0.0
2021-06-03 00:00:00-04:00,388.2977009886876,390.2863354413077,386.83873191934526,389.1526184082031,58138800,0.0,0.0,0.0
2021-06-04 00:00:00-04:00,390.99262682035794,393.0091669281305,389.21770739294345,392.7117919921875,55938800,0.0,0.0,0.0
2021-06-07 00:00:00-04:00,392.7025761537353,392.87914078816186,391.4015959731507,392.33087158203125,51555000,0.0,0.0,0.0
2021-06-08 00:00:00-04:00,393.18571484226,393.27864805740666,390.59305680285246,392.4144287109375,47134300,0.0,0.0,0.0
2021-06-09 00:00:00-04:00,393.25080039441156,393.3251583157947,391.6059929640918,391.8290100097656,48436300,0.0,0.0,0.0
2021-06-10 00:00:00-04:00,393.0463976777421,394.5983003992887,391.7361156858262,393.6504211425781,51020100,0.0,0.0,0.0
2021-06-11 00:00:00-04:00,394.19863560369777,394.4123507955599,392.91623101558656,394.30084228515625,45570800,0.0,0.0,0.0
2021-06-14 00:00:00-04:00,394.41237080126155,395.2858919893771,393.1764469359521,395.1836853027344,42358500,0.0,0.0,0.0
2021-06-15 00:00:00-04:00,395.33238351653245,395.36953411673755,393.58534109284255,394.4588623046875,51508500,0.0,0.0,0.0
2021-06-16 00:00:00-04:00,394.59826214861766,394.82127919481803,390.2213824615084,392.2564697265625,80386100,0.0,0.0,0.0
2021-06-17 00:00:00-04:00,391.84757149634856,393.1020706024834,389.66376862836967,392.1263427734375,90949700,0.0,0.0,0.0
2021-06-18 00:00:00-04:00,388.85947347394546,389.54937784816065,386.63125419537954,386.83636474609375,118676300,1.376,0.0,0.0
2021-06-21 00:00:00-04:00,388.5891597876732,392.5608336456239,387.7780497072785,392.3743591308594,72822000,0.0,0.0,0.0
2021-06-22 00:00:00-04:00,392.36512302126755,395.3019121974244,391.6472216223702,394.4721374511719,57700300,0.0,0.0,0.0
2021-06-23 00:00:00-04:00,394.5466142661028,395.3483919707271,393.9126465296074,393.9965515136719,49445400,0.0,0.0,0.0
2021-06-24 00:00:00-04:00,396.13158375367453,396.74688700384473,395.879840335682,396.3273620605469,45110300,0.0,0.0,0.0
2021-06-25 00:00:00-04:00,397.0732323076562,398.1826902147583,396.74691613756454,397.73516845703125,58129500,0.0,0.0,0.0
2021-06-28 00:00:00-04:00,398.2573039797839,398.70479729962966,397.0639410401673,398.5369873046875,53159600,0.0,0.0,0.0
2021-06-29 00:00:00-04:00,398.91918326202716,399.5531510094126,398.2199465974664,398.7513732910156,35970500,0.0,0.0,0.0
2021-06-30 00:00:00-04:00,398.2945925943664,399.75833510993823,398.2666242607193,399.0870666503906,64827900,0.0,0.0,0.0
2021-07-01 00:00:00-04:00,399.8422206763837,401.4551370436827,399.77695175037366,401.296630859375,53441000,0.0,0.0,0.0
2021-07-02 00:00:00-04:00,402.4526865249136,404.7182065985421,401.3805008260889,404.3639221191406,57697700,0.0,0.0,0.0
2021-07-06 00:00:00-04:00,404.4198848881772,404.6343277321894,400.90506510112056,403.6274108886719,68710400,0.0,0.0,0.0
2021-07-07 00:00:00-04:00,404.3079918986779,405.33354476274883,402.303519022366,405.0538330078125,63549500,0.0,0.0,0.0
2021-07-08 00:00:00-04:00,399.75821872515706,402.5085606918011,398.5834921499517,401.7533874511719,97595200,0.0,0.0,0.0
2021-07-09 00:00:00-04:00,403.25449948236826,406.3404621035636,401.55767811817753,406.0421142578125,76238600,0.0,0.0,0.0
2021-07-12 00:00:00-04:00,405.95817542684443,407.7482339001441,405.52931821683023,407.4964904785156,52889600,0.0,0.0,0.0
2021-07-13 00:00:00-04:00,406.7133908705391,408.2051016773012,405.8463441001398,406.1073913574219,52911300,0.0,0.0,0.0
2021-07-14 00:00:00-04:00,407.7948684980379,408.2796908558834,405.47341158364054,406.71337890625,64130400,0.0,0.0,0.0
2021-07-15 00:00:00-04:00,405.3801554114466,406.05142380082106,403.43161916568266,405.32421875,55126400,0.0,0.0,0.0
2021-07-16 00:00:00-04:00,406.4988843365375,406.545488730054,401.75340192492536,402.14495849609375,75874700,0.0,0.0,0.0
2021-07-19 00:00:00-04:00,397.34360297120685,402.2102917266134,393.40922985130334,396.2061767578125,147987000,0.0,0.0,0.0
2021-07-20 00:00:00-04:00,396.86807940233047,403.15190560272424,396.0756054886236,401.8839416503906,99608200,0.0,0.0,0.0
2021-07-21 00:00:00-04:00,403.07734671744265,405.2776264574665,401.8373794156442,405.13775634765625,64724400,0.0,0.0,0.0
2021-07-22 00:00:00-04:00,405.31490711357736,406.2285867170565,404.33598703643406,405.9861755371094,47878500,0.0,0.0,0.0
2021-07-23 00:00:00-04:00,407.90668669595885,410.4985227710104,407.2261145579136,410.16290283203125,63766600,0.0,0.0,0.0
2021-07-26 00:00:00-04:00,409.5755481567641,411.17913206497195,409.52894375936796,411.1697998046875,43719200,0.0,0.0,0.0
2021-07-27 00:00:00-04:00,410.1350074036814,410.162975736901,406.48031730156396,409.2959289550781,67397100,0.0,0.0,0.0
2021-07-28 00:00:00-04:00,409.9205257266722,410.4985568598125,407.71094225553276,409.1280517578125,52472400,0.0,0.0,0.0
2021-07-29 00:00:00-04:00,410.051019737145,411.8969862615193,410.04168747728073,410.8248291015625,47435300,0.0,0.0,0.0
2021-07-30 00:00:00-04:00,408.27034735445915,410.274820300012,408.1398095072434,408.8297424316406,68951200,0.0,0.0,0.0
2021-08-02 00:00:00-04:00,410.5358220845451,411.0858848397279,407.61766988765027,407.9719543457031,58783300,0.0,0.0,0.0
2021-08-03 00:00:00-04:00,408.7644786802241,411.4122517302362,406.5828634584257,411.2910461425781,58053900,0.0,0.0,0.0
2021-08-04 00:00:00-04:00,410.013724347072,411.2630237482158,409.03480441731386,409.26788330078125,46732200,0.0,0.0,0.0
2021-08-05 00:00:00-04:00,410.4239672459952,411.9436461991985,410.10698336189347,411.8597412109375,38969700,0.0,0.0,0.0
2021-08-06 00:00:00-04:00,412.17684740066335,412.95998930882877,411.8971355714472,412.5404357910156,46930000,0.0,0.0,0.0
2021-08-09 00:00:00-04:00,412.51227193042064,412.829255758337,411.44011488999575,412.2046203613281,41222600,0.0,0.0,0.0
2021-08-10 00:00:00-04:00,412.6521993404,413.42603723143196,411.9716271529787,412.71746826171875,43339300,0.0,0.0,0.0
2021-08-11 00:00:00-04:00,413.78025102412187,413.8361876751202,412.6614611001366,413.7429504394531,44034300,0.0,0.0,0.0
2021-08-12 00:00:00-04:00,413.5938909226204,415.12290234474574,412.69887580714226,414.9830322265625,38909400,0.0,0.0,0.0
2021-08-13 00:00:00-04:00,415.43050961256574,415.75682576675683,414.9457157376628,415.7381896972656,39470300,0.0,0.0,0.0
2021-08-16 00:00:00-04:00,414.4421586730612,416.8475198574436,412.8945117133082,416.7170104980469,73740000,0.0,0.0,0.0
2021-08-17 00:00:00-04:00,414.17185863996565,414.8431269867084,411.0113236608944,413.98541259765625,92673900,0.0,0.0,0.0
2021-08-18 00:00:00-04:00,412.978558984422,414.5355387391959,409.2120240010242,409.45440673828125,89351900,0.0,0.0,0.0
2021-08-19 00:00:00-04:00,406.741308348979,411.28170912890874,406.60146670220803,410.08831787109375,92812200,0.0,0.0,0.0
2021-08-20 00:00:00-04:00,410.4333164331078,413.67775658772473,409.94849410047595,413.3514404296875,72008700,0.0,0.0,0.0
2021-08-23 00:00:00-04:00,415.02958895216034,417.89180448672965,413.4260050862399,416.9874572753906,54973000,0.0,0.0,0.0
2021-08-24 00:00:00-04:00,417.6493835449219,418.18081021842085,417.1366213910618,417.6493835449219,38744700,0.0,0.0,0.0
2021-08-25 00:00:00-04:00,417.8359134013071,419.03858009290565,417.46296438324526,418.52581787109375,40529700,0.0,0.0,0.0
2021-08-26 00:00:00-04:00,418.24606403832706,418.4791429251638,415.9619080185347,416.0551452636719,57829600,0.0,0.0,0.0
2021-08-27 00:00:00-04:00,416.8569937732602,420.1480670762453,416.80105710708057,419.775146484375,77235100,0.0,0.0,0.0
2021-08-30 00:00:00-04:00,420.44642785523683,422.4042965877631,420.20401665966153,421.62115478515625,48357400,0.0,0.0,0.0
2021-08-31 00:00:00-04:00,421.5278867191652,421.8635067020357,420.3997927296068,420.9964599609375,59300200,0.0,0.0,0.0
2021-09-01 00:00:00-04:00,421.92875329964636,422.44151550812524,420.9871054219515,421.2201843261719,48721400,0.0,0.0,0.0
2021-09-02 00:00:00-04:00,422.63728833645627,423.3178604728421,421.32272000796826,422.5160827636719,42501000,0.0,0.0,0.0
2021-09-03 00:00:00-04:00,421.3880192926544,422.92633435744506,420.98710195716393,422.4135437011719,47170500,0.0,0.0,0.0
2021-09-07 00:00:00-04:00,422.0686233593047,422.16186061767115,420.23196033235047,420.9032287597656,51671500,0.0,0.0,0.0
2021-09-08 00:00:00-04:00,420.3718058247561,421.09901087419547,418.47917779201987,420.39044189453125,56181900,0.0,0.0,0.0
2021-09-09 00:00:00-04:00,420.194679042839,421.9381047734719,418.3486837946311,418.5910949707031,57970400,0.0,0.0,0.0
2021-09-10 00:00:00-04:00,420.51165319314345,420.93117815889764,415.16947434641764,415.2906799316406,89948200,0.0,0.0,0.0
2021-09-13 00:00:00-04:00,418.274173380394,418.53522066582104,414.050755500417,416.35357666015625,83738600,0.0,0.0,0.0
2021-09-14 00:00:00-04:00,417.7891963518897,417.9943068896821,413.2208563214342,414.1065673828125,78197100,0.0,0.0,0.0
2021-09-15 00:00:00-04:00,414.5261935331129,418.05967793066094,413.426067858019,417.5655517578125,78792200,0.0,0.0,0.0
2021-09-16 00:00:00-04:00,417.04340609771833,418.01299380157405,413.9667476565997,416.903564453125,77786700,0.0,0.0,0.0
2021-09-17 00:00:00-04:00,416.13481245625456,416.5556814670835,412.48710977006306,412.842529296875,118425000,1.428,0.0,0.0
2021-09-20 00:00:00-04:00,406.7442992472896,408.31560037858753,401.1137607120605,405.9586486816406,166445500,0.0,0.0,0.0
2021-09-21 00:00:00-04:00,408.28750519431475,409.5782269140936,405.0513672813698,405.57513427734375,92526100,0.0,0.0,0.0
2021-09-22 00:00:00-04:00,407.83859908430554,411.561112902549,405.68741498694294,409.531494140625,102350100,0.0,0.0,0.0
2021-09-23 00:00:00-04:00,411.3927493965041,416.1066812903445,411.1589238061392,414.5072937011719,76396000,0.0,0.0,0.0
2021-09-24 00:00:00-04:00,412.8799566078013,415.9009940953473,412.6648267475049,415.1901550292969,62094800,0.0,0.0,0.0
2021-09-27 00:00:00-04:00,414.16127425016805,415.32104015057223,413.31014559826434,414.0022888183594,61371100,0.0,0.0,0.0
2021-09-28 00:00:00-04:00,411.2431502653508,411.57051184242243,404.9298585168966,405.6593933105469,130436300,0.0,0.0,0.0
2021-09-29 00:00:00-04:00,407.03427776898445,408.7645930197675,405.7809759041746,406.3421630859375,82329200,0.0,0.0,0.0
2021-09-30 00:00:00-04:00,407.81062071451305,408.5120976496136,401.0390391681567,401.3757629394531,140506000,0.0,0.0,0.0
2021-10-01 00:00:00-04:00,403.0966548978282,407.819920791209,399.5892707562588,406.1457214355469,129240100,0.0,0.0,0.0
2021-10-04 00:00:00-04:00,404.9860171201443,405.8838996048128,398.77559428852743,400.9081115722656,128570000,0.0,0.0,0.0
2021-10-05 00:00:00-04:00,402.40454874779994,407.3148869982612,401.60956443702145,405.07952880859375,90682500,0.0,0.0,0.0
2021-10-06 00:00:00-04:00,401.49724350728303,406.96876815418193,399.8791886529931,406.76300048828125,113032200,0.0,0.0,0.0
2021-10-07 00:00:00-04:00,410.0272332659466,413.1043576140897,409.84952352630745,410.2797546386719,72437500,0.0,0.0,0.0
2021-10-08 00:00:00-04:00,411.04670800109915,411.4301854093212,408.90485751836167,409.531494140625,74557400,0.0,0.0,0.0
2021-10-11 00:00:00-04:00,408.8768180412666,411.7762613135145,406.5011418518959,406.5666198730469,65233300,0.0,0.0,0.0
2021-10-12 00:00:00-04:00,407.48324414407466,407.8854173602366,404.7802062753356,405.56585693359375,71181200,0.0,0.0,0.0
2021-10-13 00:00:00-04:00,406.5854005162562,407.838702622122,403.6205071471357,407.0249938964844,72974000,0.0,0.0,0.0
2021-10-14 00:00:00-04:00,410.6725909235282,414.0209897091665,410.20493969427326,413.871337890625,70236800,0.0,0.0,0.0
2021-10-15 00:00:00-04:00,415.9758116517781,417.3881276447134,415.3585085398296,417.0233459472656,66260200,0.0,0.0,0.0
2021-10-18 00:00:00-04:00,415.24622902810097,418.59459923333367,414.5915058971594,418.2579040527344,62213200,0.0,0.0,0.0
2021-10-19 00:00:00-04:00,419.87598933410356,421.5501601721971,419.26801990573733,421.4847106933594,46996800,0.0,0.0,0.0
2021-10-20 00:00:00-04:00,421.9430117230665,423.4395013974078,421.830779992545,423.14019775390625,49571600,0.0,0.0,0.0
2021-10-21 00:00:00-04:00,422.5415781375362,424.468298903712,422.1113470020355,424.24383544921875,41305400,0.0,0.0,0.0
2021-10-22 00:00:00-04:00,423.8135918943795,425.2539656192229,421.86814686856104,423.8042297363281,58845100,0.0,0.0,0.0
2021-10-25 00:00:00-04:00,424.8891720800844,426.40435739743305,423.1214653908989,426.0769958496094,45214500,0.0,0.0,0.0
2021-10-26 00:00:00-04:00,427.62030473700503,428.82682438361206,426.0863949710087,426.46051025390625,56075100,0.0,0.0,0.0
2021-10-27 00:00:00-04:00,426.9188157990134,427.58287254810574,424.4963573294037,424.5711975097656,72438000,0.0,0.0,0.0
2021-10-28 00:00:00-04:00,425.9928970266798,428.74268884325414,425.98356341041193,428.6678771972656,51437900,0.0,0.0,0.0
2021-10-29 00:00:00-04:00,426.37633178072844,429.8276001732101,426.0863902989246,429.53765869140625,70162400,0.0,0.0,0.0
2021-11-01 00:00:00-04:00,430.5197095224262,430.8938533397437,428.5555971973382,430.27655029296875,48433600,0.0,0.0,0.0
2021-11-02 00:00:00-04:00,430.4448731294371,432.32484009362486,430.31391709227427,432.01617431640625,48908400,0.0,0.0,0.0
2021-11-03 00:00:00-04:00,431.45500068055804,435.05592075419565,431.0154073955712,434.65374755859375,52509800,0.0,0.0,0.0
2021-11-04 00:00:00-04:00,435.2523210060828,436.7862306774894,434.90626367716334,436.7020568847656,52847100,0.0,0.0,0.0
2021-11-05 00:00:00-04:00,438.91873147438207,440.20009126070624,436.71143139873345,438.2172546386719,66390600,0.0,0.0,0.0
2021-11-08 00:00:00-05:00,439.3115707807346,439.8072799359265,437.9086171102104,438.59136962890625,50405200,0.0,0.0,0.0
2021-11-09 00:00:00-05:00,438.9560903412489,439.18991592053965,435.73864808675563,437.1416015625,51149100,0.0,0.0,0.0
2021-11-10 00:00:00-05:00,435.45809321974474,437.14165472126496,432.1471431654352,433.6249084472656,69429700,0.0,0.0,0.0
2021-11-11 00:00:00-05:00,435.1119743121017,435.1868144801551,433.7464409483171,433.76513671875,34848500,0.0,0.0,0.0
2021-11-12 00:00:00-05:00,435.0278628031356,437.59058233417034,434.08319821257237,437.03875732421875,53466700,0.0,0.0,0.0
2021-11-15 00:00:00-05:00,438.32012144161854,438.47910686218404,436.06603927869656,437.1883850097656,46980500,0.0,0.0,0.0
2021-11-16 00:00:00-05:00,436.92653290815355,440.0504396595338,436.8517212713006,438.9187316894531,48857500,0.0,0.0,0.0
2021-11-17 00:00:00-05:00,438.65685496204304,438.83456471339144,437.23520549442225,437.8525085449219,47858300,0.0,0.0,0.0
2021-11-18 00:00:00-05:00,438.88131251708705,439.6015136712342,436.16894112064045,439.3396301269531,50625600,0.0,0.0,0.0
2021-11-19 00:00:00-05:00,439.2274065320901,440.4713748786704,438.18923442659184,438.55401611328125,57315600,0.0,0.0,0.0
2021-11-22 00:00:00-05:00,440.4246388586872,442.903184949133,437.1136597840557,437.3194274902344,72762000,0.0,0.0,0.0
2021-11-23 00:00:00-05:00,436.99207785446634,438.7504512930399,434.40129995207354,437.8993225097656,73206500,0.0,0.0,0.0
2021-11-24 00:00:00-05:00,435.90706300520714,439.18998377950254,435.09335443045563,439.0683898925781,61858800,0.0,0.0,0.0
2021-11-26 00:00:00-05:00,432.4277521953583,433.88682180438246,428.1534129420354,429.2757873535156,112669600,0.0,0.0,0.0
2021-11-29 00:00:00-05:00,434.04579477237445,436.37468863148496,431.8571905656505,434.54150390625,86268800,0.0,0.0,0.0
2021-11-30 00:00:00-05:00,432.1097764638972,434.0084394914815,425.84323798535684,426.08642578125,148559600,0.0,0.0,0.0
2021-12-01 00:00:00-05:00,431.77301163649753,434.6069767536424,421.1573237370427,421.3537292480469,131939200,0.0,0.0,0.0
2021-12-02 00:00:00-05:00,421.5689512061459,429.3693714655688,421.17611155512066,427.8074035644531,127637800,0.0,0.0,0.0
2021-12-03 00:00:00-05:00,429.46279691605116,430.5196646058951,419.875947732394,424.0848083496094,137331600,0.0,0.0,0.0
2021-12-06 00:00:00-05:00,426.6194835756699,430.9779961367995,424.21574958381035,429.1073913574219,98977500,0.0,0.0,0.0
2021-12-07 00:00:00-05:00,434.36381305031244,438.5446161321875,428.976461819127,437.9834289550781,95484700,0.0,0.0,0.0
2021-12-08 00:00:00-05:00,438.37629263787375,439.59217446913857,436.62725298872556,439.1432189941406,72238800,0.0,0.0,0.0
2021-12-09 00:00:00-05:00,437.8618472439546,439.24610518022257,435.9819086816433,436.1783142089844,61272600,0.0,0.0,0.0
2021-12-10 00:00:00-05:00,438.871953514165,440.43389253118346,436.32792985552976,440.28424072265625,77159800,0.0,0.0,0.0
2021-12-13 00:00:00-05:00,439.76988472108684,440.11594207915067,436.1034863624048,436.38409423828125,87724700,0.0,0.0,0.0
2021-12-14 00:00:00-05:00,433.1292229901505,435.60776885896564,430.4729673662913,433.3817443847656,97264100,0.0,0.0,0.0
2021-12-15 00:00:00-05:00,433.43782580010543,440.39644899556384,430.9311938196878,440.1532897949219,116899300,0.0,0.0,0.0
2021-12-16 00:00:00-05:00,441.99592808013927,442.2765074248097,434.7286090783232,436.2718811035156,116568600,0.0,0.0,0.0
2021-12-17 00:00:00-05:00,433.20551444609686,436.19961407834205,429.9298497188075,431.6286926269531,135511600,1.633,0.0,0.0
2021-12-20 00:00:00-05:00,426.56967673583256,427.4331620445399,423.4347948406732,427.0389709472656,107134800,0.0,0.0,0.0
2021-12-21 00:00:00-05:00,430.4460118667737,434.76352423036354,428.2872700067012,434.62274169921875,69806300,0.0,0.0,0.0
2021-12-22 00:00:00-05:00,434.3693368416024,439.0810403325154,434.17221265287645,438.9684143066406,58890200,0.0,0.0,0.0
2021-12-23 00:00:00-05:00,439.9632519663119,443.1919979095506,439.86002100536876,441.69964599609375,56439700,0.0,0.0,0.0
2021-12-27 00:00:00-05:00,443.0699825475692,447.9975710329418,443.0230645907993,447.9506530761719,56808600,0.0,0.0,0.0
2021-12-28 00:00:00-05:00,448.3824616482978,449.4055195900255,446.8244014321464,447.58465576171875,47274600,0.0,0.0,0.0
2021-12-29 00:00:00-05:00,447.6879323342068,449.17088949249677,446.69303086170095,448.1572265625,54503000,0.0,0.0,0.0
2021-12-30 00:00:00-05:00,448.57950388680786,449.5838002524032,446.4583137848695,446.918212890625,55329000,0.0,0.0,0.0
2021-12-31 00:00:00-05:00,446.43022358419387,447.57527399414477,445.5197916430219,445.7919616699219,65237400,0.0,0.0,0.0
2022-01-03 00:00:00-05:00,447.0496946773306,448.504524050065,444.75017001996036,448.37310791015625,72668200,0.0,0.0,0.0
2022-01-04 00:00:00-05:00,449.79032507237594,450.50366140781244,446.3738496168056,448.2228698730469,71178700,0.0,0.0,0.0
2022-01-05 00:00:00-05:00,447.8568326219161,448.62648196413437,439.5221632658069,439.61602783203125,104538900,0.0,0.0,0.0
2022-01-06 00:00:00-05:00,439.1561460016045,441.9062031753526,436.8471978839519,439.20306396484375,86858900,0.0,0.0,0.0
2022-01-07 00:00:00-05:00,439.21240288799294,440.38563825349837,436.11504433699366,437.46661376953125,85111600,0.0,0.0,0.0
2022-01-10 00:00:00-05:00,434.2848710913376,437.13815924974546,428.55947603097115,436.92230224609375,119362000,0.0,0.0,0.0
2022-01-11 00:00:00-05:00,436.65953732133823,440.99581159999224,433.6748041280958,440.9019470214844,74303100,0.0,0.0,0.0
2022-01-12 00:00:00-05:00,442.6289354105524,444.1400777496304,440.14168168092726,442.09393310546875,67605400,0.0,0.0,0.0
2022-01-13 00:00:00-05:00,443.1920625646944,443.8396908575435,434.9794139965531,436.0024719238281,91173100,0.0,0.0,0.0
2022-01-14 00:00:00-05:00,432.86757035006775,436.52805924491486,431.6567833390416,436.1807861328125,95890900,0.0,0.0,0.0
2022-01-18 00:00:00-05:00,431.5066502940451,431.71314090139424,427.3487102823898,428.45623779296875,109709100,0.0,0.0,0.0
2022-01-19 00:00:00-05:00,429.99558489589515,431.384677643613,423.73518654923856,424.00738525390625,109357600,0.0,0.0,0.0
2022-01-20 00:00:00-05:00,425.8844802762519,430.5680271579056,417.2025377031272,419.3143615722656,122379700,0.0,0.0,0.0
2022-01-21 00:00:00-05:00,418.1974651021742,420.5439362137734,411.0548207873205,411.0829772949219,202271200,0.0,0.0,0.0
2022-01-24 00:00:00-05:00,405.4983019869836,413.33552001842463,394.9204221606559,412.82867431640625,251783900,0.0,0.0,0.0
2022-01-25 00:00:00-05:00,406.4651000702844,412.7161024030997,400.9180390545414,407.78851318359375,167997300,0.0,0.0,0.0
2022-01-26 00:00:00-05:00,413.6546462199283,416.7707663219055,402.52297383173703,406.7654113769531,186391100,0.0,0.0,0.0
2022-01-27 00:00:00-05:00,411.3457755828655,414.4712624598946,403.07681378422694,404.7568664550781,149878300,0.0,0.0,0.0
2022-01-28 00:00:00-05:00,406.10844039096463,414.85609154872685,401.5469143096676,414.8091735839844,164457400,0.0,0.0,0.0
2022-01-31 00:00:00-05:00,414.142700120237,422.627546532085,412.8005257004034,422.2802734375,152251400,0.0,0.0,0.0
2022-02-01 00:00:00-05:00,423.0030224285111,425.77186972605006,419.49271090214194,425.1336364746094,123155400,0.0,0.0,0.0
2022-02-02 00:00:00-05:00,427.5269422134469,429.98603881293167,425.22738957402277,429.2633361816406,117361000,0.0,0.0,0.0
2022-02-03 00:00:00-05:00,423.2564492415284,425.15238749253155,418.33822656188164,419.173583984375,118024400,0.0,0.0,0.0
2022-02-04 00:00:00-05:00,418.9389039958587,424.97402004258834,416.5736430884237,421.14459228515625,118454400,0.0,0.0,0.0
2022-02-07 00:00:00-05:00,421.90479220629885,423.29388441464124,418.46955594684005,419.79296875,84472900,0.0,0.0,0.0
2022-02-08 00:00:00-05:00,419.295621029324,424.16689728857614,417.87834332944396,423.2470703125,81012000,0.0,0.0,0.0
2022-02-09 00:00:00-05:00,427.26417963134577,429.7608280199488,427.0670841027158,429.44171142578125,92589900,0.0,0.0,0.0
2022-02-10 00:00:00-05:00,423.6225314818853,429.6013356626919,419.73678997428686,421.7265930175781,140103700,0.0,0.0,0.0
2022-02-11 00:00:00-05:00,421.81105342594435,423.87593090171083,411.9840308668378,413.4106750488281,153214600,0.0,0.0,0.0
2022-02-14 00:00:00-05:00,412.9038345326054,414.4806562198295,408.6050834849175,412.05908203125,123006300,0.0,0.0,0.0
2022-02-15 00:00:00-05:00,416.47977406549893,418.87316264321703,415.9635333424537,418.7042236328125,88482700,0.0,0.0,0.0
2022-02-16 00:00:00-05:00,416.66754036033973,420.5439150243388,414.79975861551924,419.173583984375,84863600,0.0,0.0,0.0
2022-02-17 00:00:00-05:00,416.00109810416023,419.1453745670453,409.6187092652566,410.2193908691406,102259100,0.0,0.0,0.0
2022-02-18 00:00:00-05:00,410.4728334127503,411.72117196742954,405.3012310451236,407.563232421875,132642900,0.0,0.0,0.0
2022-02-22 00:00:00-05:00,405.36689318747625,408.75518302234633,399.70717854023343,403.1893615722656,124391800,0.0,0.0,0.0
2022-02-23 00:00:00-05:00,406.08965770586263,406.6528164705641,395.47422526850164,396.0373840332031,132578000,0.0,0.0,0.0
2022-02-24 00:00:00-05:00,385.7785993678831,402.42917729930826,385.4219598312815,401.9974060058594,213942900,0.0,0.0,0.0
2022-02-25 00:00:00-05:00,403.2270620292694,410.9516570425115,401.58453186793304,410.8671875,121804500,0.0,0.0,0.0
2022-02-28 00:00:00-05:00,405.49831437664733,411.2894169660434,404.2500045029786,409.8158264160156,145615000,0.0,0.0,0.0
2022-03-01 00:00:00-05:00,408.32347338837735,410.32267110583143,400.88044619372215,403.57421875,137785900,0.0,0.0,0.0
2022-03-02 00:00:00-05:00,405.81744799908034,412.716078231037,405.0665887622246,410.99847412109375,117726500,0.0,0.0,0.0
2022-03-03 00:00:00-05:00,413.4200830615283,414.0207648146663,407.1596850828388,408.952392578125,105501700,0.0,0.0,0.0
2022-03-04 00:00:00-05:00,405.23554101174136,406.7560496342077,401.6032084928617,405.6297607421875,113978200,0.0,0.0,0.0
2022-03-07 00:00:00-05:00,405.0478685738955,405.7518099712387,393.6064721042682,393.67218017578125,137896600,0.0,0.0,0.0
2022-03-08 00:00:00-05:00,393.85047743128945,400.974360268534,389.6268294424803,390.68743896484375,164772700,0.0,0.0,0.0
2022-03-09 00:00:00-05:00,399.0314934618867,403.1331202623526,396.85396145942144,401.1620788574219,116990800,0.0,0.0,0.0
2022-03-10 00:00:00-05:00,396.57234376713836,400.2422276939095,394.620092580412,399.3505859375,93972700,0.0,0.0,0.0
2022-03-11 00:00:00-05:00,401.82845214023683,402.4385288577548,393.76598140373204,394.2728271484375,95636300,0.0,0.0,0.0
2022-03-14 00:00:00-04:00,395.0424799965583,398.4776882871235,390.255673493645,391.391357421875,95729200,0.0,0.0,0.0
2022-03-15 00:00:00-04:00,393.9912112622118,400.627037600933,392.7241399369661,399.9981994628906,106219100,0.0,0.0,0.0
2022-03-16 00:00:00-04:00,403.4898562367624,408.9242634624745,398.7124151839994,408.8679504394531,144954800,0.0,0.0,0.0
2022-03-17 00:00:00-04:00,406.96250340047624,413.983154296875,406.58707380377643,413.983154296875,102676900,0.0,0.0,0.0
2022-03-18 00:00:00-04:00,412.3787985896776,418.83750296780573,411.6444265360067,418.51739501953125,106345500,1.366,0.0,0.0
2022-03-21 00:00:00-04:00,418.34795760108,420.34394183547073,414.9020489062175,418.3950500488281,88349800,0.0,0.0,0.0
2022-03-22 00:00:00-04:00,419.77907234818315,424.2229735705517,419.77907234818315,423.2908935546875,74650400,0.0,0.0,0.0
2022-03-23 00:00:00-04:00,420.7676007482886,422.2551645839134,417.7547761355378,417.8395080566406,79426100,0.0,0.0,0.0
2022-03-24 00:00:00-04:00,419.8543815321978,424.1476383476217,418.7434134818091,424.1382141113281,64736900,0.0,0.0,0.0
2022-03-25 00:00:00-04:00,424.76900301684685,426.48254741421493,422.1986864207948,426.2095031738281,77101300,0.0,0.0,0.0
2022-03-28 00:00:00-04:00,425.61647430710576,429.24127197265625,423.73346551798176,429.24127197265625,68529800,0.0,0.0,0.0
2022-03-29 00:00:00-04:00,433.11070836365906,435.0408090198134,430.43684015134215,434.55120849609375,86581500,0.0,0.0,0.0
2022-03-30 00:00:00-04:00,433.41203287887015,434.221741418466,429.7684162817575,431.86798095703125,79666900,0.0,0.0,0.0
2022-03-31 00:00:00-04:00,431.1053791315065,431.9244832020018,424.7690454159792,425.2209777832031,121699900,0.0,0.0,0.0
2022-04-01 00:00:00-04:00,426.7932886594718,426.9345085502842,422.86723203273846,426.4261169433594,89048800,0.0,0.0,0.0
2022-04-04 00:00:00-04:00,426.6238275552801,430.1827124889648,425.8047234508301,430.0791320800781,59601000,0.0,0.0,0.0
2022-04-05 00:00:00-04:00,428.5916034503726,431.04891596697667,423.5074858006422,424.6466979980469,74214500,0.0,0.0,0.0
2022-04-06 00:00:00-04:00,420.7488018120138,422.6694495834861,417.5288449887846,420.4004211425781,106898000,0.0,0.0,0.0
2022-04-07 00:00:00-04:00,419.5248831878406,424.32656069949695,417.5853866950133,422.51885986328125,78097200,0.0,0.0,0.0
2022-04-08 00:00:00-04:00,421.7656645610829,424.2700693409283,419.8544120623101,421.3890686035156,79272700,0.0,0.0,0.0
2022-04-11 00:00:00-04:00,418.131430249241,418.9693828064198,413.6875578619317,414.1865539550781,89770500,0.0,0.0,0.0
2022-04-12 00:00:00-04:00,417.16173214238097,419.67556138340314,411.1078661055898,412.6519470214844,84363600,0.0,0.0,0.0
2022-04-13 00:00:00-04:00,412.4070937143792,418.1314267488248,412.22820561338756,417.37823486328125,74070400,0.0,0.0,0.0
2022-04-14 00:00:00-04:00,417.6041663493815,418.7151631152427,412.0775414258065,412.1811218261719,97869500,0.0,0.0,0.0
2022-04-18 00:00:00-04:00,411.2584680800119,414.02649286644555,410.1286514899628,412.3506164550781,66002500,0.0,0.0,0.0
2022-04-19 00:00:00-04:00,412.2469673182449,419.7225120961973,412.07750347771895,419.0069885253906,77821000,0.0,0.0,0.0
2022-04-20 00:00:00-04:00,420.77703385456124,421.3890057859334,417.5382573839223,418.6962890625,65224400,0.0,0.0,0.0
2022-04-21 00:00:00-04:00,422.30230774795746,423.68632009037725,411.53149725254485,412.4353332519531,85417300,0.0,0.0,0.0
2022-04-22 00:00:00-04:00,411.3526468930056,412.45419083312686,400.55359142974106,401.1184997558594,132471800,0.0,0.0,0.0
2022-04-25 00:00:00-04:00,398.88709289400344,403.6134335850115,394.33961156529534,403.4439697265625,119647700,0.0,0.0,0.0
2022-04-26 00:00:00-04:00,400.92073603730137,401.1184726141431,391.7316742351174,391.7599182128906,103996300,0.0,0.0,0.0
2022-04-27 00:00:00-04:00,392.83314518762535,398.1809100903439,390.73360952050496,392.86138916015625,122030000,0.0,0.0,0.0
2022-04-28 00:00:00-04:00,397.58781923542455,404.5078808966821,393.17216221026155,402.784912109375,105449100,0.0,0.0,0.0
2022-04-29 00:00:00-04:00,398.81181190653876,400.95844060924014,387.1559838147255,387.8997802734375,145491100,0.0,0.0,0.0
2022-05-02 00:00:00-04:00,387.96565155346553,391.5904485536996,381.328029550651,390.23468017578125,158312500,0.0,0.0,0.0
2022-05-03 00:00:00-04:00,390.7336728773015,394.4243533044233,389.18016793893156,392.0235290527344,100028200,0.0,0.0,0.0
2022-05-04 00:00:00-04:00,392.6825316045225,404.52666970154934,389.50966726982307,403.9617614746094,144247900,0.0,0.0,0.0
2022-05-05 00:00:00-04:00,399.7156285575717,400.13931697439904,385.4895127503543,389.6038818359375,172929100,0.0,0.0,0.0
2022-05-06 00:00:00-04:00,387.0523990067409,390.53594745704976,381.996525832566,387.2783508300781,151770800,0.0,0.0,0.0
2022-05-09 00:00:00-04:00,381.40334006214687,382.63670821024124,373.3063985587751,374.87872314453125,155586100,0.0,0.0,0.0
2022-05-10 00:00:00-04:00,380.82908230261177,382.3260707592916,371.72475140081883,375.7449645996094,132497200,0.0,0.0,0.0
2022-05-11 00:00:00-04:00,374.7845967667288,380.4053781846459,369.03199096468177,369.7757873535156,142361000,0.0,0.0,0.0
2022-05-12 00:00:00-04:00,366.5935017624292,372.6473671369606,362.62035271566276,369.3897705078125,125090800,0.0,0.0,0.0
2022-05-13 00:00:00-04:00,373.5040939505738,379.59562679786654,372.46843366501673,378.2210388183594,104174400,0.0,0.0,0.0
2022-05-16 00:00:00-04:00,376.5828802088455,380.33947297147097,374.3420954969533,376.6864318847656,78622400,0.0,0.0,0.0
2022-05-17 00:00:00-04:00,382.74972739807595,384.6704041422355,379.0307740612988,384.4350280761719,83029700,0.0,0.0,0.0
2022-05-18 00:00:00-04:00,379.89692735498426,380.17936710911766,367.70443702868755,368.93780517578125,117674500,0.0,0.0,0.0
2022-05-19 00:00:00-04:00,365.88736256542336,371.0844842086102,364.4656820097794,366.67822265625,98510700,0.0,0.0,0.0
2022-05-20 00:00:00-04:00,370.24646637027627,373.8053505175582,358.27995798162,366.8382263183594,131432200,0.0,0.0,0.0
2022-05-23 00:00:00-04:00,369.851096171746,374.46448991142154,367.5444280343373,373.7018737792969,76414900,0.0,0.0,0.0
2022-05-24 00:00:00-04:00,369.59693477146396,372.03542752036105,364.3245048157043,370.8491516113281,91448800,0.0,0.0,0.0
2022-05-25 00:00:00-04:00,369.36150985252755,376.08386362206704,368.966094179277,374.1255187988281,91472900,0.0,0.0,0.0
2022-05-26 00:00:00-04:00,375.34953113826674,383.2299175155968,375.1423990434027,381.6011047363281,82168300,0.0,0.0,0.0
2022-05-27 00:00:00-04:00,384.0489933488559,391.08203108602834,383.85128550592344,390.96905517578125,84768700,0.0,0.0,0.0
2022-05-31 00:00:00-04:00,389.359088170834,392.0988691063854,386.04500340916127,388.7753601074219,95937000,0.0,0.0,0.0
2022-06-01 00:00:00-04:00,390.8843473141323,391.8917350641577,383.1263324544133,385.6307373046875,86585800,0.0,0.0,0.0
2022-06-02 00:00:00-04:00,385.47069700399817,393.0215510259649,383.2299122085265,392.9744873046875,79609600,0.0,0.0,0.0
2022-06-03 00:00:00-04:00,388.2763611795485,389.82044199768814,385.55542873821975,386.5251770019531,71874300,0.0,0.0,0.0
2022-06-06 00:00:00-04:00,390.51708401926703,392.2400239442846,386.53451118400045,387.7019958496094,57508900,0.0,0.0,0.0
2022-06-07 00:00:00-04:00,384.22785213796186,391.8728612940174,383.7664955630781,391.4209289550781,59272400,0.0,0.0,0.0
2022-06-08 00:00:00-04:00,389.7168739200945,391.496330865678,386.37454509732197,387.1654052734375,64350000,0.0,0.0,0.0
2022-06-09 00:00:00-04:00,385.3953672474794,387.65497182412037,377.9574890136719,377.9574890136719,86289800,0.0,0.0,0.0
2022-06-10 00:00:00-04:00,371.78117890548924,372.6285269294592,366.9512578167044,366.9983215332031,132893900,0.0,0.0,0.0
2022-06-13 00:00:00-04:00,357.63038818463684,359.47572843382756,351.4635182270805,353.0640869140625,170004900,0.0,0.0,0.0
2022-06-14 00:00:00-04:00,354.8058760643675,355.8321122307695,348.91205036955256,352.00018310546875,104011800,0.0,0.0,0.0
2022-06-15 00:00:00-04:00,355.28600909693944,361.4434545749502,350.3525363114145,357.0184020996094,125666800,0.0,0.0,0.0
2022-06-16 00:00:00-04:00,348.8367050199727,349.24154490080923,342.78281161668144,345.2024841308594,134473300,0.0,0.0,0.0
2022-06-17 00:00:00-04:00,345.61581991349703,349.27517670196266,342.45761482475444,345.9467468261719,111113900,1.577,0.0,0.0
2022-06-21 00:00:00-04:00,351.6484860292675,356.035921374524,351.57282417390246,354.6553955078125,76811900,0.0,0.0,0.0
2022-06-22 00:00:00-04:00,350.4476289196659,358.10676218449237,350.03157524112396,354.012451171875,90059400,0.0,0.0,0.0
2022-06-23 00:00:00-04:00,356.13997099447135,358.2107454929241,352.5940787916053,357.482666015625,79292100,0.0,0.0,0.0
2022-06-24 00:00:00-04:00,360.6408676942553,368.85788413601364,360.6125017111181,368.8484191894531,98050300,0.0,0.0,0.0
2022-06-27 00:00:00-04:00,369.76564197484305,370.05876676666566,366.352143463888,367.4395446777344,66009600,0.0,0.0,0.0
2022-06-28 00:00:00-04:00,368.99025938902804,371.7607760766396,359.8182072157404,359.9316711425781,86548900,0.0,0.0,0.0
2022-06-29 00:00:00-04:00,360.48015261997824,361.4635259830783,357.82309960843037,359.6385803222656,65676000,0.0,0.0,0.0
2022-06-30 00:00:00-04:00,355.7616996920369,359.9411371004125,352.2820045953657,356.71673583984375,112508300,0.0,0.0,0.0
2022-07-01 00:00:00-04:00,356.0643267434046,360.9245770809683,353.4545407189356,360.4895935058594,74839700,0.0,0.0,0.0
2022-07-05 00:00:00-04:00,355.42128921408255,361.18927901231945,352.60347679290015,361.17034912109375,81438000,0.0,0.0,0.0
2022-07-06 00:00:00-04:00,361.31220220280136,364.8675591963436,358.93883808157653,362.3901672363281,70426200,0.0,0.0,0.0
2022-07-07 00:00:00-04:00,364.15836271170366,368.61199482225004,362.4090502838774,367.8177185058594,64525900,0.0,0.0,0.0
2022-07-08 00:00:00-04:00,366.191374892305,369.37797430776754,364.66901900062675,367.51519775390625,72397800,0.0,0.0,0.0
2022-07-11 00:00:00-04:00,364.84865422697527,365.81312646509326,362.62655612996804,363.31683349609375,58366900,0.0,0.0,0.0
2022-07-12 00:00:00-04:00,362.76841613095786,365.14180928001315,358.36205049936086,360.1018981933594,62219200,0.0,0.0,0.0
2022-07-13 00:00:00-04:00,354.6838222143904,361.1326258025633,354.26776850827935,358.2107849121094,84224600,0.0,0.0,0.0
2022-07-14 00:00:00-04:00,353.27490712624945,358.4188177084197,350.8448106264778,357.34088134765625,89704800,0.0,0.0,0.0
2022-07-15 00:00:00-04:00,361.7282870982627,364.2813411355363,359.82770841913714,364.1678771972656,79060400,0.0,0.0,0.0
2022-07-18 00:00:00-04:00,367.24099693727663,367.912344500235,359.94118513181706,361.1609802246094,63203600,0.0,0.0,0.0
2022-07-19 00:00:00-04:00,365.0661316858812,371.48656848607965,364.413714078224,370.9192199707031,78506000,0.0,0.0,0.0
2022-07-20 00:00:00-04:00,371.1084308343836,374.6921547357779,369.74680562795817,373.2832336425781,71843800,0.0,0.0,0.0
2022-07-21 00:00:00-04:00,372.70638143368456,377.1316481251823,370.3140872351293,377.0843811035156,64903900,0.0,0.0,0.0
2022-07-22 00:00:00-04:00,377.2073085647602,378.3987087577949,371.3731210571291,373.58575439453125,72197300,0.0,0.0,0.0
2022-07-25 00:00:00-04:00,374.20983824071493,374.8906507241828,371.8080790828495,374.0396423339844,53631500,0.0,0.0,0.0
2022-07-26 00:00:00-04:00,372.4037671603326,372.61179398374196,368.7255101067166,369.6143493652344,52946400,0.0,0.0,0.0
2022-07-27 00:00:00-04:00,372.8954459743451,380.9517310966384,372.60232120977315,379.2118835449219,82342100,0.0,0.0,0.0
2022-07-28 00:00:00-04:00,380.01568879561586,384.6584187925759,376.4792322767679,383.9681701660156,73966600,0.0,0.0,0.0
2022-07-29 00:00:00-04:00,385.39594499465454,390.5493202190506,384.63003453579483,389.56591796875,87003700,0.0,0.0,0.0
2022-08-01 00:00:00-04:00,386.880471670519,390.90861443486426,386.17129323209457,388.41229248046875,69997500,0.0,0.0,0.0
2022-08-02 00:00:00-04:00,386.85215686600816,390.5209784232061,384.67735424307455,385.849853515625,63435400,0.0,0.0,0.0
2022-08-03 00:00:00-04:00,387.96791512064965,393.0550936237523,387.68425525698314,391.8920593261719,67820600,0.0,0.0,0.0
2022-08-04 00:00:00-04:00,391.81641630196026,392.4972288640502,389.99147042599316,391.6273193359375,45656600,0.0,0.0,0.0
2022-08-05 00:00:00-04:00,387.36270800499386,391.6083135328843,387.3059760405287,390.96533203125,56814900,0.0,0.0,0.0
2022-08-08 00:00:00-04:00,392.64847494128367,394.8894742630945,389.41460845921597,390.511474609375,53886100,0.0,0.0,0.0
2022-08-09 00:00:00-04:00,389.7833356323287,390.2844871811707,387.892193356466,388.960693359375,44931800,0.0,0.0,0.0
2022-08-10 00:00:00-04:00,395.98626864703226,397.2722603631877,394.0383944672068,397.1304016113281,68665700,0.0,0.0,0.0
2022-08-11 00:00:00-04:00,399.9671149438748,401.82045509784757,396.3928572991276,397.1304016113281,59489700,0.0,0.0,0.0
2022-08-12 00:00:00-04:00,399.05943196261893,403.9574840933842,398.11386071622206,403.8534851074219,61694500,0.0,0.0,0.0
2022-08-15 00:00:00-04:00,401.6502867542093,406.03775117563913,401.593554788117,405.5176696777344,54048300,0.0,0.0,0.0
2022-08-16 00:00:00-04:00,404.44920466821014,408.2314897011034,403.6454633274114,406.3119812011719,59289000,0.0,0.0,0.0
2022-08-17 00:00:00-04:00,402.7281736126087,406.1227702550995,401.4327458775024,403.4278869628906,63563400,0.0,0.0,0.0
2022-08-18 00:00:00-04:00,403.62652829890396,405.28127797974213,402.3405652552225,404.6004943847656,49023200,0.0,0.0,0.0
2022-08-19 00:00:00-04:00,401.8489631425742,402.1137219929505,398.2936052747639,399.1635437011719,68016900,0.0,0.0,0.0
2022-08-22 00:00:00-04:00,394.3504330682569,394.52065780471906,389.9535330310516,390.8518371582031,77695600,0.0,0.0,0.0
2022-08-23 00:00:00-04:00,390.42627200562737,392.8091294662985,389.35777212607724,389.9062194824219,49105200,0.0,0.0,0.0
2022-08-24 00:00:00-04:00,389.6794230561428,392.5161373089439,388.99863933775816,391.154541015625,49177800,0.0,0.0,0.0
2022-08-25 00:00:00-04:00,392.63902771668177,396.7239027658137,391.55162646435804,396.6766357421875,50942300,0.0,0.0,0.0
2022-08-26 00:00:00-04:00,396.5631405668187,397.102094248587,383.1927492346699,383.2494812011719,103087000,0.0,0.0,0.0
2022-08-29 00:00:00-04:00,380.3088043159643,383.75066898657906,379.36323297639854,380.71539306640625,65370800,0.0,0.0,0.0
2022-08-30 00:00:00-04:00,381.8689548878579,382.1053477002366,374.44621480785787,376.5359191894531,85652400,0.0,0.0,0.0
2022-08-31 00:00:00-04:00,378.16230081283413,379.4009968343616,373.53847243354284,373.67083740234375,76029700,0.0,0.0,0.0
2022-09-01 00:00:00-04:00,371.50548804103204,375.18374505731157,368.8106043103933,374.8433532714844,78740100,0.0,0.0,0.0
2022-09-02 00:00:00-04:00,378.493270301563,379.70360038409405,369.08482453543763,370.890869140625,99632100,0.0,0.0,0.0
2022-09-06 00:00:00-04:00,371.7324237676469,372.6685300550319,367.2787913361997,369.4914245605469,76637400,0.0,0.0,0.0
2022-09-07 00:00:00-04:00,369.17937898507915,376.89524390582346,368.96191606413413,376.12933349609375,70964200,0.0,0.0,0.0
2022-09-08 00:00:00-04:00,373.86946832524006,379.0417158852862,372.66857424769665,378.5878601074219,80821700,0.0,0.0,0.0
2022-09-09 00:00:00-04:00,380.81934883699086,385.329742082949,380.5545900462263,384.4692687988281,76706900,0.0,0.0,0.0
2022-09-12 00:00:00-04:00,386.53060660794216,389.32005328167793,386.2280168884876,388.6014099121094,69256300,0.0,0.0,0.0
2022-09-13 00:00:00-04:00,379.95888974243803,381.1597837204144,370.5883038747845,371.7040710449219,122947100,0.0,0.0,0.0
2022-09-14 00:00:00-04:00,372.99953814630686,374.63538699892314,369.8318682968079,373.1224670410156,85023700,0.0,0.0,0.0
2022-09-15 00:00:00-04:00,371.57161846360935,374.4083318177175,367.6191381157885,368.8861999511719,87633800,0.0,0.0,0.0
2022-09-16 00:00:00-04:00,364.72387185360486,366.7272091723702,362.7964492553366,366.07208251953125,103084800,1.596,0.0,0.0
2022-09-19 00:00:00-04:00,362.9388349935968,368.910888671875,362.8628623346067,368.910888671875,73278500,0.0,0.0,0.0
2022-09-20 00:00:00-04:00,365.5973034872937,366.60372391938756,361.9324194562877,364.67633056640625,77274900,0.0,0.0,0.0
2022-09-21 00:00:00-04:00,366.5941948401459,369.63246357967904,358.30546809821095,358.3149719238281,106746600,0.0,0.0,0.0
2022-09-22 00:00:00-04:00,357.5459378785754,359.1790024904426,354.5646626886457,355.30523681640625,89472600,0.0,0.0,0.0
2022-09-23 00:00:00-04:00,351.8492165492308,351.8872028833452,344.92770661744225,349.3521728515625,122346900,0.0,0.0,0.0
2022-09-26 00:00:00-04:00,347.88994974224795,351.4978686011886,344.68078591741266,345.8960876464844,92581200,0.0,0.0,0.0
2022-09-27 00:00:00-04:00,349.41861164213634,351.6783204261148,342.6300104380139,345.0131530761719,108294100,0.0,0.0,0.0
2022-09-28 00:00:00-04:00,345.9626120741058,353.48228367645163,344.2725823827886,351.8017578125,110802200,0.0,0.0,0.0
2022-09-29 00:00:00-04:00,348.26980398508965,348.55462907314757,341.51918862235004,344.4530029296875,112952300,0.0,0.0,0.0
2022-09-30 00:00:00-04:00,343.51294405259347,347.4152207218765,338.9935561579165,339.12646484375,153711200,0.0,0.0,0.0
2022-10-03 00:00:00-04:00,342.82943689733025,349.92187183515944,341.0539594494883,348.0799255371094,89756500,0.0,0.0,0.0
2022-10-04 00:00:00-04:00,353.5772481816866,358.8942051643231,348.04193496218414,358.86572265625,103602800,0.0,0.0,0.0
2022-10-05 00:00:00-04:00,354.517213813191,360.2803868520497,352.2005400048697,358.0301818847656,88065700,0.0,0.0,0.0
2022-10-06 00:00:00-04:00,356.63448871251217,359.5778067097025,353.843087080186,354.3368225097656,82333500,0.0,0.0,0.0
2022-10-07 00:00:00-04:00,350.32063154436236,354.4222866629077,342.6965042864364,344.4530029296875,107789500,0.0,0.0,0.0
2022-10-10 00:00:00-04:00,345.5638554657178,345.8012193680551,339.59180054497295,341.822998046875,76042800,0.0,0.0,0.0
2022-10-11 00:00:00-04:00,340.13286975709076,344.6807689223385,337.7307489198241,339.65814208984375,92482800,0.0,0.0,0.0
2022-10-12 00:00:00-04:00,340.0664801784366,341.63307591693376,338.29097410138615,338.537841796875,76991800,0.0,0.0,0.0
2022-10-13 00:00:00-04:00,331.55934562012055,348.934398580659,330.5149387795829,347.47222900390625,147254500,0.0,0.0,0.0
2022-10-14 00:00:00-04:00,349.921841160499,351.545431058521,338.9176545048849,339.5538024902344,123737000,0.0,0.0,0.0
2022-10-17 00:00:00-04:00,345.6113290586685,349.380668806043,339.22148268311986,348.279296875,93168200,0.0,0.0,0.0
2022-10-18 00:00:00-04:00,356.1692206517508,356.4730533438476,348.94384975105197,352.37139892578125,97162900,0.0,0.0,0.0
2022-10-19 00:00:00-04:00,350.33955250549025,353.05501012296355,347.0734234834684,349.87432861328125,79746900,0.0,0.0,0.0
2022-10-20 00:00:00-04:00,349.4280591595853,353.83354599069514,346.18090904052775,346.94049072265625,88283100,0.0,0.0,0.0
2022-10-21 00:00:00-04:00,346.6651844936338,355.8559066992739,345.1650575657833,355.3717041015625,131038400,0.0,0.0,0.0
2022-10-24 00:00:00-04:00,356.89079533106695,360.85000802447814,354.251281568688,359.72015380859375,85436900,0.0,0.0,0.0
2022-10-25 00:00:00-04:00,359.6442798008037,365.77775460734784,359.5303497695806,365.4644470214844,78846300,0.0,0.0,0.0
2022-10-26 00:00:00-04:00,362.3311611391799,367.98990714811197,362.0748186150192,362.7109375,104087300,0.0,0.0,0.0
2022-10-27 00:00:00-04:00,363.70792288491305,365.54036503352893,360.15693963581714,360.77410888671875,81971800,0.0,0.0,0.0
2022-10-28 00:00:00-04:00,360.6696356798568,369.8318749398546,360.4892368270884,369.3571472167969,100302000,0.0,0.0,0.0
2022-10-31 00:00:00-04:00,366.90759418543263,368.7685188952542,365.78724362365824,366.689208984375,96631300,0.0,0.0,0.0
2022-11-01 00:00:00-04:00,370.42055862920466,370.65792248879427,363.91678308143315,365.0845947265625,85407600,0.0,0.0,0.0
2022-11-02 00:00:00-04:00,364.49600742245565,368.98694294470477,355.8179981060472,355.92242431640625,126990400,0.0,0.0,0.0
2022-11-03 00:00:00-04:00,352.6942182018951,355.2862420190042,350.1496845424735,352.2574768066406,87100100,0.0,0.0,0.0
2022-11-04 00:00:00-04:00,357.9447159505611,359.7201930621012,351.29852759073634,357.32757568359375,103505200,0.0,0.0,0.0
2022-11-07 00:00:00-05:00,358.61883592099326,361.3342937720169,356.5490298438672,360.7456359863281,68286900,0.0,0.0,0.0
2022-11-08 00:00:00-05:00,361.8469568156974,365.65428248614427,358.62831787010947,362.6919860839844,84641100,0.0,0.0,0.0
2022-11-09 00:00:00-05:00,360.72655587582796,361.8754176849635,354.7259912478047,355.2197265625,78495500,0.0,0.0,0.0
2022-11-10 00:00:00-05:00,368.4362320447595,375.07294635677823,366.1480695589153,374.7406311035156,141455800,0.0,0.0,0.0
2022-11-11 00:00:00-05:00,375.59513065911824,379.1650929237687,373.7151981734616,378.3675537109375,93839900,0.0,0.0,0.0
2022-11-14 00:00:00-05:00,376.6109731037082,379.95304559781977,374.873453538742,375.1488037109375,71903500,0.0,0.0,0.0
2022-11-15 00:00:00-05:00,380.8740965559295,381.9754684954277,374.55071897532395,378.3485412597656,93194500,0.0,0.0,0.0
2022-11-16 00:00:00-05:00,376.72492116529327,377.6743765872507,374.8355141476234,375.462158203125,68508500,0.0,0.0,0.0
2022-11-17 00:00:00-05:00,370.7243833730803,374.9874582361336,370.42057963663734,374.3133239746094,74496300,0.0,0.0,0.0
2022-11-18 00:00:00-05:00,377.63640863793864,377.7028774747301,373.1739853225882,376.0128479003906,92922500,0.0,0.0,0.0
2022-11-21 00:00:00-05:00,374.69315056273854,375.81350115294237,372.8132181507224,374.6456604003906,51243200,0.0,0.0,0.0
2022-11-22 00:00:00-05:00,376.582607282565,379.84873710757887,375.177402458984,379.68731689453125,60429000,0.0,0.0,0.0
2022-11-23 00:00:00-05:00,379.3548727958851,382.5640365089202,379.12701278433445,382.079833984375,68261600,0.0,0.0,0.0
2022-11-25 00:00:00-05:00,381.51965705763075,382.5450851329431,381.24433584905154,381.994384765625,30545400,0.0,0.0,0.0
2022-11-28 00:00:00-05:00,378.9181872794732,380.5512518780544,375.13934400569946,375.89892578125,67881600,0.0,0.0,0.0
2022-11-29 00:00:00-05:00,376.0318273628986,377.2186467005862,373.4208248199859,375.2532958984375,52310000,0.0,0.0,0.0
2022-11-30 00:00:00-05:00,375.50014044810706,387.0740051269531,373.5917546265289,387.0740051269531,144566700,0.0,0.0,0.0
2022-12-01 00:00:00-05:00,388.10888202091604,389.2767226198042,384.2920816594287,386.7891540527344,76398200,0.0,0.0,0.0
2022-12-02 00:00:00-05:00,381.918429921581,387.24486074159796,381.81400373691196,386.3428955078125,85342700,0.0,0.0,0.0
2022-12-05 00:00:00-05:00,383.5325548004845,384.4630026318405,378.04470325554814,379.3929138183594,77289800,0.0,0.0,0.0
2022-12-06 00:00:00-05:00,379.23152341918535,379.7726910257881,371.8447608883039,373.9240417480469,77972200,0.0,0.0,0.0
2022-12-07 00:00:00-05:00,373.07899097652984,375.6425320351263,372.1580181195607,373.2878723144531,65927900,0.0,0.0,0.0
2022-12-08 00:00:00-05:00,375.16784142056355,377.2756047091014,373.39233538526526,376.21221923828125,60737900,0.0,0.0,0.0
2022-12-09 00:00:00-05:00,374.9779857119684,377.5225196894714,373.27845212602426,373.4018859863281,81447700,0.0,0.0,0.0
2022-12-12 00:00:00-05:00,374.18997870486004,378.7853698730469,373.5253770880383,378.7853698730469,75405800,0.0,0.0,0.0
2022-12-13 00:00:00-05:00,389.48562607620295,389.74196862339903,378.89920332598314,381.6526184082031,123782500,0.0,0.0,0.0
2022-12-14 00:00:00-05:00,381.3108436618965,385.0042397963437,376.27874065040004,379.2125549316406,108111300,0.0,0.0,0.0
2022-12-15 00:00:00-05:00,374.37028116191146,375.27227545068706,368.28429708214924,369.93634033203125,117705900,0.0,0.0,0.0
2022-12-16 00:00:00-05:00,367.39063871161915,368.7259745587609,363.4418577702044,365.56884765625,119858000,1.781,0.0,0.0
2022-12-19 00:00:00-05:00,365.759638812042,366.09348006584634,360.8093339319744,362.4689636230469,79878100,0.0,0.0,0.0
2022-12-20 00:00:00-05:00,361.71546981883347,364.57691637638356,360.3991997450581,362.9649658203125,74427200,0.0,0.0,0.0
2022-12-21 00:00:00-05:00,365.5497400834467,369.5176155105315,365.0156058055829,368.3921203613281,78167400,0.0,0.0,0.0
2022-12-22 00:00:00-05:00,365.35897373224327,368.3730338595665,357.4613834622674,363.1365966796875,100120900,0.0,0.0,0.0
2022-12-23 00:00:00-05:00,362.1160163012456,365.36853035773834,360.57083998702353,365.2254638671875,59857300,0.0,0.0,0.0
2022-12-27 00:00:00-05:00,365.11091225554645,365.4542717403126,362.1159186893749,363.78509521484375,51638200,0.0,0.0,0.0
2022-12-28 00:00:00-05:00,363.7183696822059,365.6832559480354,359.03516224980564,359.2640686035156,70911500,0.0,0.0,0.0
2022-12-29 00:00:00-05:00,362.09698333590643,366.5989936653744,361.57236734542374,365.73101806640625,66970900,0.0,0.0,0.0
2022-12-30 00:00:00-05:00,363.0603000709137,364.91067512789425,360.9523471240934,364.7676086425781,84022200,0.0,0.0,0.0
2023-01-03 00:00:00-05:00,366.61805852310664,368.5829161214832,360.380097012264,363.2320251464844,74850700,0.0,0.0,0.0
2023-01-04 00:00:00-05:00,365.48302557821637,368.05833913682085,362.4498991972039,366.0362548828125,85934100,0.0,0.0,0.0
2023-01-05 00:00:00-05:00,364.09041452635574,364.2048677167,361.26712910136496,361.8584899902344,76970500,0.0,0.0,0.0
2023-01-06 00:00:00-05:00,364.93930570815047,371.27265410068173,361.8871138136949,370.15667724609375,104189600,0.0,0.0,0.0
2023-01-09 00:00:00-05:00,372.3409551357516,375.5171770773959,369.7656707294841,369.9468688964844,73978100,0.0,0.0,0.0
2023-01-10 00:00:00-05:00,369.3650063190875,372.60797279309605,368.43025676671084,372.54119873046875,65358100,0.0,0.0,0.0
2023-01-11 00:00:00-05:00,374.11508061681747,377.3294343369076,373.3043315842744,377.25311279296875,68881100,0.0,0.0,0.0
2023-01-12 00:00:00-05:00,378.3499708858858,380.08589280712,374.2962553998828,378.6265563964844,90157700,0.0,0.0,0.0
2023-01-13 00:00:00-05:00,375.44083490462947,380.6677540792538,375.1737677414377,380.095458984375,63903900,0.0,0.0,0.0
2023-01-17 00:00:00-05:00,380.07639986503904,381.74557694149377,378.7219690868492,379.399169921875,62677300,0.0,0.0,0.0
2023-01-18 00:00:00-05:00,380.5818900873673,381.6406112039505,373.20888660482075,373.4091796875,99632300,0.0,0.0,0.0
2023-01-19 00:00:00-05:00,371.3775455516614,373.01810918357603,369.37455652309,370.6908264160156,86958900,0.0,0.0,0.0
2023-01-20 00:00:00-05:00,372.0833537682657,377.74901897003355,370.44279029051245,377.5964050292969,91806400,0.0,0.0,0.0
2023-01-23 00:00:00-05:00,378.3976534216192,384.05377185885095,377.443838004556,382.1270751953125,84178800,0.0,0.0,0.0
2023-01-24 00:00:00-05:00,380.4579061003212,382.6230566629975,379.2751842732551,381.7169494628906,59524900,0.0,0.0,0.0
2023-01-25 00:00:00-05:00,377.66320358749766,382.19382654932406,375.383570904274,381.8599853515625,84800300,0.0,0.0,0.0
2023-01-26 00:00:00-05:00,384.5116168819161,386.2189546426973,381.55478324321655,386.0567932128906,72287400,0.0,0.0,0.0
2023-01-27 00:00:00-05:00,385.01715091180836,389.3093204688235,384.80731034691763,386.94384765625,68346200,0.0,0.0,0.0
2023-01-30 00:00:00-05:00,384.19682153424986,386.41922765929314,381.79321726738084,382.0888977050781,74202000,0.0,0.0,0.0
2023-01-31 00:00:00-05:00,382.60399077183433,387.7545883082666,382.260602078399,387.7069091796875,86811800,0.0,0.0,0.0
2023-02-01 00:00:00-05:00,386.49553736704746,394.5648367609675,383.7676392435468,391.8273620605469,101459200,0.0,0.0,0.0
2023-02-02 00:00:00-05:00,395.6998505537126,398.990525390848,393.811314654258,397.53118896484375,101654500,0.0,0.0,0.0
2023-02-03 00:00:00-05:00,392.58090757531625,397.71243948436745,392.10399983816484,393.3058166503906,94736800,0.0,0.0,0.0
2023-02-06 00:00:00-05:00,390.8640289856019,392.294752115139,389.2520785976726,390.90216064453125,60295300,0.0,0.0,0.0
2023-02-07 00:00:00-05:00,389.98652766410515,397.25459690875016,388.746579192855,396.0146484375,90990700,0.0,0.0,0.0
2023-02-08 00:00:00-05:00,394.0497376684334,395.3850733282182,390.99751692481027,391.68426513671875,76227500,0.0,0.0,0.0
2023-02-09 00:00:00-05:00,395.2706317979571,395.42324575045114,387.067813777245,388.2886962890625,78694900,0.0,0.0,0.0
2023-02-10 00:00:00-05:00,387.115514984604,389.57637508525863,386.304795158678,389.1948547363281,70769700,0.0,0.0,0.0
2023-02-13 00:00:00-05:00,389.84338297011766,393.8970979159843,389.38554115612743,393.7635498046875,64913500,0.0,0.0,0.0
2023-02-14 00:00:00-05:00,392.2470630392104,395.88109763709383,389.6431654454688,393.5824279785156,88389300,0.0,0.0,0.0
2023-02-15 00:00:00-05:00,391.3981496403728,394.9367965737248,390.55878744301873,394.8605041503906,61555700,0.0,0.0,0.0
2023-02-16 00:00:00-05:00,389.9102528350607,393.8399681026619,389.290278571449,389.4237976074219,76431500,0.0,0.0,0.0
2023-02-17 00:00:00-05:00,387.3063070107498,388.6893510840452,385.38912860346915,388.4508972167969,89257800,0.0,0.0,0.0
2023-02-21 00:00:00-05:00,384.4448207915137,385.4940235203808,380.40065293639157,380.6581726074219,82655900,0.0,0.0,0.0
2023-02-22 00:00:00-05:00,381.06835703282917,382.6040151198372,378.68381828938857,380.1336364746094,83742300,0.0,0.0,0.0
2023-02-23 00:00:00-05:00,383.0141287647056,383.624584623004,377.9493710671943,382.15570068359375,96242400,0.0,0.0,0.0
2023-02-24 00:00:00-05:00,377.15767915293793,378.9031484388594,375.4598889913447,378.0733337402344,108194400,0.0,0.0,0.0
2023-02-27 00:00:00-05:00,381.4022342047944,382.7566651462307,378.4263342299673,379.361083984375,80444700,0.0,0.0,0.0
2023-02-28 00:00:00-05:00,378.8840949077096,380.8394047987781,377.8539579939496,377.9588928222656,96438600,0.0,0.0,0.0
2023-03-01 00:00:00-05:00,377.1481328157973,378.36901530523187,375.21188881048784,376.5090637207031,99706800,0.0,0.0,0.0
2023-03-02 00:00:00-05:00,374.54423904245056,380.27667913690243,374.2103978176706,379.43731689453125,85127800,0.0,0.0,0.0
2023-03-03 00:00:00-05:00,381.2495104460485,385.7706148212673,380.6009230194376,385.5226135253906,90120000,0.0,0.0,0.0
2023-03-06 00:00:00-05:00,386.34290347544555,388.63208364699216,385.35095644978605,385.7897033691406,72795900,0.0,0.0,0.0
2023-03-07 00:00:00-05:00,385.7419944311332,385.98044825489535,379.26558042747604,379.8760070800781,108310600,0.0,0.0,0.0
2023-03-08 00:00:00-05:00,379.99054222005736,381.24955646245974,378.2736569852848,380.4960632324219,74746600,0.0,0.0,0.0
2023-03-09 00:00:00-05:00,381.2782173706152,382.9378762156149,372.4935843346963,373.47601318359375,111945300,0.0,0.0,0.0
2023-03-10 00:00:00-05:00,372.9322836127058,375.0020758920174,366.5703510301064,368.0869140625,189253000,0.0,0.0,0.0
2023-03-13 00:00:00-04:00,364.17625337042944,372.3600057541109,363.0698240200609,367.5622863769531,157790000,0.0,0.0,0.0
2023-03-14 00:00:00-04:00,372.46485827708165,375.27862493164645,369.1741839934809,373.6380615234375,149752400,0.0,0.0,0.0
2023-03-15 00:00:00-04:00,368.0678201070447,371.501532087288,365.9884805177744,371.3012390136719,172996900,0.0,0.0,0.0
2023-03-16 00:00:00-04:00,368.95481237946797,378.1591234805641,368.4492914744623,377.81573486328125,143254200,0.0,0.0,0.0
2023-03-17 00:00:00-04:00,376.4906939277479,377.620484528316,372.01936339877824,373.3981018066406,140553400,1.506,0.0,0.0
2023-03-20 00:00:00-04:00,374.17360383701083,377.4002534689739,373.47468001087316,376.988525390625,93055800,0.0,0.0,0.0
2023-03-21 00:00:00-04:00,380.33969578047333,382.4173875215719,378.7503158002034,381.93865966796875,91524200,0.0,0.0,0.0
2023-03-22 00:00:00-04:00,381.7662983699507,385.36631171212144,375.3896402926609,375.42791748046875,111746600,0.0,0.0,0.0
2023-03-23 00:00:00-04:00,378.2811083450335,382.3024333278602,373.7427784049594,376.44281005859375,119351300,0.0,0.0,0.0
2023-03-24 00:00:00-04:00,375.1694609327518,378.99928396704195,372.83326654429635,378.9131164550781,107682400,0.0,0.0,0.0
2023-03-27 00:00:00-04:00,381.18223941875726,381.94822147173227,378.7311552876925,379.62158203125,74010400,0.0,0.0,0.0
2023-03-28 00:00:00-04:00,378.9322213165427,379.62159057011246,376.9407263724681,378.76947021484375,62871700,0.0,0.0,0.0
2023-03-29 00:00:00-04:00,382.9152109829554,384.51417469094537,381.7183914833068,384.2748107910156,77497900,0.0,0.0,0.0
2023-03-30 00:00:00-04:00,386.8982643494234,387.14721217774354,384.6674054592339,386.5248718261719,69840000,0.0,0.0,0.0
2023-03-31 00:00:00-04:00,387.44397246110736,392.2695566903632,387.3386371549544,391.9727478027344,112062600,0.0,0.0,0.0
2023-04-03 00:00:00-04:00,391.45576785501316,393.8685456943349,391.0632075126421,393.4664306640625,67391100,0.0,0.0,0.0
2023-04-04 00:00:00-04:00,394.1078626707281,394.3951168773612,389.9142025392246,391.28338623046875,66601500,0.0,0.0,0.0
2023-04-05 00:00:00-04:00,390.555750574138,391.3121487439596,388.612116709327,390.2589416503906,65200200,0.0,0.0,0.0
2023-04-06 00:00:00-04:00,389.4642553207361,392.05898137720516,388.4206320852357,391.78131103515625,63743300,0.0,0.0,0.0
2023-04-10 00:00:00-04:00,389.31104357827485,392.26002346239954,388.69828713147245,392.18341064453125,63681000,0.0,0.0,0.0
2023-04-11 00:00:00-04:00,392.80582215030137,393.6866651152167,391.52283489671987,392.2887878417969,59297900,0.0,0.0,0.0
2023-04-12 00:00:00-04:00,394.3472150182869,394.63446921650785,390.1056939195026,390.6897277832031,86420400,0.0,0.0,0.0
2023-04-13 00:00:00-04:00,391.771718270874,396.2334653614746,390.63234364464273,395.87921142578125,85814800,0.0,0.0,0.0
2023-04-14 00:00:00-04:00,395.2473162929602,397.43031429203455,392.6143129106926,394.9122009277344,78161500,0.0,0.0,0.0
2023-04-17 00:00:00-04:00,394.82601113767913,396.3483622283168,393.6004689831214,396.3292236328125,66436400,0.0,0.0,0.0
2023-04-18 00:00:00-04:00,397.89938650253947,398.0334443121423,395.2185225027445,396.5876770019531,63560000,0.0,0.0,0.0
2023-04-19 00:00:00-04:00,394.6823936174116,397.4207029205089,394.62494861239765,396.5207214355469,55227300,0.0,0.0,0.0
2023-04-20 00:00:00-04:00,393.71527295628266,396.0993570505261,392.8152624373547,394.3567810058594,75840400,0.0,0.0,0.0
2023-04-21 00:00:00-04:00,394.6536546185458,395.122798546293,392.719604685716,394.6632385253906,73457400,0.0,0.0,0.0
2023-04-24 00:00:00-04:00,394.46213502684145,395.4962034683657,393.1312868972539,395.0749206542969,64332100,0.0,0.0,0.0
2023-04-25 00:00:00-04:00,393.11213941820307,393.667480074213,388.74614386404556,388.8035888671875,97766700,0.0,0.0,0.0
2023-04-26 00:00:00-04:00,389.4163794213185,390.48872511908525,386.6014573550663,387.1567687988281,80447000,0.0,0.0,0.0
2023-04-27 00:00:00-04:00,389.6844497545518,395.1323747434497,389.4355019352683,394.8642883300781,92968400,0.0,0.0,0.0
2023-04-28 00:00:00-04:00,393.9834220992783,398.2441114946902,393.9259770969372,398.2345275878906,89433100,0.0,0.0,0.0
2023-05-01 00:00:00-04:00,397.7940910544224,399.85261481140054,397.6025882410736,397.8323974609375,62122300,0.0,0.0,0.0
2023-05-02 00:00:00-04:00,397.1238469456253,397.1717372569502,390.4695480864417,393.3610534667969,103998500,0.0,0.0,0.0
2023-05-03 00:00:00-04:00,393.8589703711037,396.26219357490066,390.421707847698,390.66107177734375,91531800,0.0,0.0,0.0
2023-05-04 00:00:00-04:00,389.617390281609,389.9429216709352,386.56310465857086,387.89398193359375,94901900,0.0,0.0,0.0
2023-05-05 00:00:00-04:00,391.51318454758655,396.11854378303155,391.25468204681897,395.0749206542969,87891800,0.0,0.0,0.0
2023-05-08 00:00:00-04:00,395.40043160090397,395.6589340882948,393.78232933496844,395.1802062988281,50046800,0.0,0.0,0.0
2023-05-09 00:00:00-04:00,393.6387379211536,394.55788714476665,393.21745510632536,393.4472351074219,49220100,0.0,0.0,0.0
2023-05-10 00:00:00-04:00,396.2717004907046,396.90362464850057,391.47483892243093,395.2855224609375,96142900,0.0,0.0,0.0
2023-05-11 00:00:00-04:00,394.4239174148644,394.8834774856427,392.52814446520966,394.59625244140625,70157100,0.0,0.0,0.0
2023-05-12 00:00:00-04:00,395.83135343149405,396.0419948569671,391.6664152391856,394.0791931152344,70481500,0.0,0.0,0.0
2023-05-15 00:00:00-04:00,394.68238356588824,395.84089676313823,392.77705610324665,395.43878173828125,54289400,0.0,0.0,0.0
2023-05-16 00:00:00-04:00,394.3376626382598,395.25684108298174,392.78658918922883,392.7961730957031,57705500,0.0,0.0,0.0
2023-05-17 00:00:00-04:00,394.80682372550075,398.1674730228259,393.1695828258179,397.5643005371094,87287000,0.0,0.0,0.0
2023-05-18 00:00:00-04:00,397.2483654807399,401.8154478860798,397.02816936927354,401.3941650390625,97177200,0.0,0.0,0.0
2023-05-19 00:00:00-04:00,402.29416293584904,402.82075186824875,399.5941309256764,400.8100891113281,103793300,0.0,0.0,0.0
2023-05-22 00:00:00-04:00,400.8292573658007,402.5048047952054,399.59413136502695,400.9728698730469,60745400,0.0,0.0,0.0
2023-05-23 00:00:00-04:00,399.3355304215125,400.9057714798649,396.0801875381463,396.4727478027344,86383500,0.0,0.0,0.0
2023-05-24 00:00:00-04:00,394.8738657064858,395.2568421165078,392.44192021304394,393.6004333496094,89213700,0.0,0.0,0.0
2023-05-25 00:00:00-04:00,397.09513966858555,398.4547395231807,394.86428090134467,397.00897216796875,90961600,0.0,0.0,0.0
2023-05-26 00:00:00-04:00,397.6600131701632,402.8685738627077,397.58342958022524,402.1504821777344,93830000,0.0,0.0,0.0
2023-05-30 00:00:00-04:00,404.074979094816,404.60156797851874,400.9249420409186,402.3036804199219,72216000,0.0,0.0,0.0
2023-05-31 00:00:00-04:00,400.4845443720238,401.38455501215435,398.51218808898716,400.0728454589844,110811800,0.0,0.0,0.0
2023-06-01 00:00:00-04:00,400.3026119453019,404.9271388982078,399.05793134165066,403.8739318847656,88865000,0.0,0.0,0.0
2023-06-02 00:00:00-04:00,406.4399357427851,410.4995384716648,405.9133468070171,409.7144470214844,91426200,0.0,0.0,0.0
2023-06-05 00:00:00-04:00,410.0590507599155,411.3420376561127,408.23030720227825,408.92926025390625,65460200,0.0,0.0,0.0
2023-06-06 00:00:00-04:00,408.51760703277364,410.34632157550055,407.8665149969257,409.8197326660156,64022200,0.0,0.0,0.0
2023-06-07 00:00:00-04:00,410.2123458801246,411.34213665805225,407.98145760891026,408.4027404785156,85373300,0.0,0.0,0.0
2023-06-08 00:00:00-04:00,408.4697322463781,411.32296065481773,407.70377939997076,410.8729553222656,61952800,0.0,0.0,0.0
2023-06-09 00:00:00-04:00,411.66764397898567,413.6112778783288,410.6240207738437,411.6101989746094,85742800,0.0,0.0,0.0
2023-06-12 00:00:00-04:00,412.5868209414102,415.4208816171955,411.86872917016797,415.3442687988281,76104300,0.0,0.0,0.0
2023-06-13 00:00:00-04:00,416.7995935234062,418.72405947829276,416.13894679853814,418.08258056640625,95899700,0.0,0.0,0.0
2023-06-14 00:00:00-04:00,418.41766273627127,420.3804349424088,415.1431518715733,418.5804138183594,100612100,0.0,0.0,0.0
2023-06-15 00:00:00-04:00,417.7666315386717,425.0145781797127,417.6709093443267,423.7698974609375,110303100,0.0,0.0,0.0
2023-06-16 00:00:00-04:00,425.7476478890072,426.31464161242656,421.8555599029222,422.3264465332031,114165800,1.638,0.0,0.0
2023-06-20 00:00:00-04:00,420.39477647392715,421.278891227802,418.0691141682308,420.1352844238281,76160400,0.0,0.0,0.0
2023-06-21 00:00:00-04:00,419.15507151836675,419.9526987151209,417.39640282400495,417.9826354980469,76982300,0.0,0.0,0.0
2023-06-22 00:00:00-04:00,417.03123579350665,419.59712182011833,416.69487567418776,419.4914245605469,70637200,0.0,0.0,0.0
2023-06-23 00:00:00-04:00,416.051016626355,418.0979773634387,415.60895921346514,416.3200988769531,92074500,0.0,0.0,0.0
2023-06-26 00:00:00-04:00,415.75309747622674,417.66550238868285,414.3788570549921,414.6191101074219,72823600,0.0,0.0,0.0
2023-06-27 00:00:00-04:00,415.493629733563,419.77973592551575,415.0419528273242,419.1647033691406,72813700,0.0,0.0,0.0
2023-06-28 00:00:00-04:00,418.0883469905335,420.3851802319676,417.47331443133595,419.3761291503906,75636000,0.0,0.0,0.0
2023-06-29 00:00:00-04:00,418.96288231167824,421.1924377171977,418.559273599848,421.029052734375,67882300,0.0,0.0,0.0
2023-06-30 00:00:00-04:00,424.22920819454237,426.97768888145606,423.9120577597363,425.9974670410156,104964000,0.0,0.0,0.0
2023-07-03 00:00:00-04:00,425.65153394679413,426.7662822836005,425.37283219871017,426.48760986328125,32793400,0.0,0.0,0.0
2023-07-05 00:00:00-04:00,424.6809269189928,426.5837417319984,424.6713074116075,425.8533630371094,58418400,0.0,0.0,0.0
2023-07-06 00:00:00-04:00,422.2879821858995,422.9414634252197,420.0199782059898,422.51861572265625,80658300,0.0,0.0,0.0
2023-07-07 00:00:00-04:00,421.5287711761449,425.38243934770526,421.21162073773354,421.4518737792969,86134200,0.0,0.0,0.0
2023-07-10 00:00:00-04:00,421.0963071478734,422.6915908752238,420.52931348483696,422.51861572265625,62443500,0.0,0.0,0.0
2023-07-11 00:00:00-04:00,423.27782759435644,425.69956773672544,422.3071959049608,425.2094421386719,64463800,0.0,0.0,0.0
2023-07-12 00:00:00-04:00,428.98627543991233,430.03377528061355,427.5639667416878,428.63067626953125,91924500,0.0,0.0,0.0
2023-07-13 00:00:00-04:00,430.43733958982216,432.82066029903234,430.0049017154937,432.0326232910156,72425200,0.0,0.0,0.0
2023-07-14 00:00:00-04:00,432.9167455493579,433.76241157020985,431.00431150899965,431.7635192871094,69815800,0.0,0.0,0.0
2023-07-17 00:00:00-04:00,431.6194032211896,434.3102255823968,431.5713350157398,433.2627258300781,52680200,0.0,0.0,0.0
2023-07-18 00:00:00-04:00,432.9359794712025,437.1259784249401,432.5035122667073,436.48211669921875,80668200,0.0,0.0,0.0
2023-07-19 00:00:00-04:00,437.2701946323452,438.6348156080869,436.4052601424123,437.4527893066406,65891700,0.0,0.0,0.0
2023-07-20 00:00:00-04:00,436.462879583876,437.35661380071673,433.8393059855323,434.5504455566406,70591600,0.0,0.0,0.0
2023-07-21 00:00:00-04:00,436.2610459263221,436.462879583876,434.5408553784918,434.5504455566406,71275600,0.0,0.0,0.0
2023-07-24 00:00:00-04:00,435.6941036910491,437.29900699604326,434.6658135812287,436.49176025390625,54023400,0.0,0.0,0.0
2023-07-25 00:00:00-04:00,436.2226826187103,438.93271480747865,436.1746144107411,437.68341064453125,55191200,0.0,0.0,0.0
2023-07-26 00:00:00-04:00,436.7511800509619,439.17292003925695,435.7036803578111,437.7506408691406,71052900,0.0,0.0,0.0
2023-07-27 00:00:00-04:00,441.1238279449385,441.5274659900454,433.94506533743083,434.8484191894531,92194400,0.0,0.0,0.0
2023-07-28 00:00:00-04:00,438.10622153007387,439.93213874075076,434.84837627989594,439.1056823730469,80011800,0.0,0.0,0.0
2023-07-31 00:00:00-04:00,439.5766136336967,440.2973728160184,438.26962173264826,439.9418029785156,62040400,0.0,0.0,0.0
2023-08-01 00:00:00-04:00,438.48102764934566,439.42283016702106,437.7314393035273,438.682861328125,55291500,0.0,0.0,0.0
2023-08-02 00:00:00-04:00,435.57876710355214,435.8382298320832,431.83082549706114,432.5804138183594,93933400,0.0,0.0,0.0
2023-08-03 00:00:00-04:00,430.5719611647709,433.214745002421,429.92807001647094,431.34075927734375,64276100,0.0,0.0,0.0
2023-08-04 00:00:00-04:00,433.14751566487956,435.2425156851248,428.8709986988394,429.38995361328125,100128900,0.0,0.0,0.0
2023-08-07 00:00:00-04:00,431.2157929076751,433.2915828601554,430.523862923515,433.1378173828125,58357500,0.0,0.0,0.0
2023-08-08 00:00:00-04:00,430.61032036745866,433.12819688898776,427.90987851511386,431.25421142578125,71361300,0.0,0.0,0.0
2023-08-09 00:00:00-04:00,431.5233041246725,431.6866891018031,427.61197745800644,428.3711853027344,78789600,0.0,0.0,0.0
2023-08-10 00:00:00-04:00,430.7160393980688,434.08920144153984,427.36211636743525,428.5249328613281,93005500,0.0,0.0,0.0
2023-08-11 00:00:00-04:00,426.660622377887,429.284196455691,426.0647994577727,428.2751159667969,68690900,0.0,0.0,0.0
2023-08-14 00:00:00-04:00,427.36210409794415,430.6391296386719,427.0545731790082,430.6391296386719,47867400,0.0,0.0,0.0
2023-08-15 00:00:00-04:00,428.87093856214887,429.2265377401817,425.0557186470054,425.62274169921875,75707500,0.0,0.0,0.0
2023-08-16 00:00:00-04:00,425.20945229682616,426.8623944636419,422.3936935729571,422.4994201660156,80107200,0.0,0.0,0.0
2023-08-17 00:00:00-04:00,423.9601849698295,424.21964772988474,418.76110496657503,419.2800598144531,95711300,0.0,0.0,0.0
2023-08-18 00:00:00-04:00,416.4738690425287,420.510132174717,416.1279187140494,419.4818420410156,98852000,0.0,0.0,0.0
2023-08-21 00:00:00-04:00,420.4909004571907,422.95108948384575,418.34786189824484,422.21112060546875,68719000,0.0,0.0,0.0
2023-08-22 00:00:00-04:00,423.9793707816351,423.9793707816351,420.5101306907519,421.0675048828125,64994200,0.0,0.0,0.0
2023-08-23 00:00:00-04:00,422.12457747554333,426.37226398805007,421.98043152181,425.7572021484375,68441000,0.0,0.0,0.0
2023-08-24 00:00:00-04:00,427.3525738696318,427.86190922962817,419.8278309286685,419.856689453125,88517300,0.0,0.0,0.0
2023-08-25 00:00:00-04:00,421.57687525748486,424.09472283005493,418.04035697735236,422.81658935546875,102325100,0.0,0.0,0.0
2023-08-28 00:00:00-04:00,424.99802710166506,426.1128047760357,422.8165399597136,425.4977722167969,61595400,0.0,0.0,0.0
2023-08-29 00:00:00-04:00,425.3920554264297,431.92695615148733,425.2094607575032,431.64825439453125,83081900,0.0,0.0,0.0
2023-08-30 00:00:00-04:00,431.9846290752829,434.0604190699575,431.2830795696017,433.4261474609375,69053900,0.0,0.0,0.0
2023-08-31 00:00:00-04:00,434.04111309241955,435.17510034218884,432.6092144351305,432.79180908203125,66084600,0.0,0.0,0.0
2023-09-01 00:00:00-04:00,435.5019052625726,435.9824113556043,432.1479527903315,433.5990905761719,58944100,0.0,0.0,0.0
2023-09-05 00:00:00-04:00,433.1570257317341,433.4741468434639,431.65784909348326,431.72509765625,55166200,0.0,0.0,0.0
2023-09-06 00:00:00-04:00,430.9179062539162,431.0236328565703,426.50686334901025,428.8229064941406,70758500,0.0,0.0,0.0
2023-09-07 00:00:00-04:00,425.8341358343982,428.17900813567496,425.4881854921281,427.5063171386719,70355400,0.0,0.0,0.0
2023-09-08 00:00:00-04:00,427.5543236104539,429.67815236910445,427.19875378748577,428.150146484375,61659700,0.0,0.0,0.0
2023-09-11 00:00:00-04:00,430.76410870034374,431.27344400453364,429.06312762659996,430.9659423828125,60180100,0.0,0.0,0.0
2023-09-12 00:00:00-04:00,429.5243994362143,431.042785754672,428.02522280308654,428.601806640625,67565400,0.0,0.0,0.0
2023-09-13 00:00:00-04:00,428.8227997575093,430.2546983325801,427.7272319390113,429.10150146484375,60199300,0.0,0.0,0.0
2023-09-14 00:00:00-04:00,431.56176797941515,433.4933826135289,430.2643956069254,432.80145263671875,83430800,0.0,0.0,0.0
2023-09-15 00:00:00-04:00,431.22279002690107,431.5506832250515,427.1530117903473,427.58697509765625,111848900,1.583,0.0,0.0
2023-09-18 00:00:00-04:00,427.2783378211123,429.1300027993312,426.8057902109989,427.83770751953125,55752200,0.0,0.0,0.0
2023-09-19 00:00:00-04:00,426.92147805226983,427.5097785871883,424.27902594225344,426.9504089355469,66514600,0.0,0.0,0.0
2023-09-20 00:00:00-04:00,428.20413300123477,428.61881878957314,422.8227534657827,423.0252990722656,82562600,0.0,0.0,0.0
2023-09-21 00:00:00-04:00,420.1899872517448,420.45036521142913,415.8791088874586,416.0334167480469,104095800,0.0,0.0,0.0
2023-09-22 00:00:00-04:00,417.0557271569778,418.6469848396656,414.68327664554823,415.0979919433594,100829700,0.0,0.0,0.0
2023-09-25 00:00:00-04:00,413.89240765921994,416.8820302302398,413.4584149989299,416.8434753417969,70874500,0.0,0.0,0.0
2023-09-26 00:00:00-04:00,413.81523500166236,414.5192590302796,409.8901119465823,410.7195129394531,96168400,0.0,0.0,0.0
2023-09-27 00:00:00-04:00,411.88650085704063,412.4458705721393,407.2573824202832,410.8835144042969,104705800,0.0,0.0,0.0
2023-09-28 00:00:00-04:00,410.33377256481566,414.93395949847536,409.7454720420047,413.2655334472656,92258300,0.0,0.0,0.0
2023-09-29 00:00:00-04:00,416.30348156781014,416.47706688820205,410.74851586552904,412.26263427734375,115111300,0.0,0.0,0.0
2023-10-02 00:00:00-04:00,411.4331930512835,413.34271968319354,409.35008111589474,412.0986328125,83798600,0.0,0.0,0.0
2023-10-03 00:00:00-04:00,409.92869029746174,412.15645644629615,405.22240407493666,406.58221435546875,103760600,0.0,0.0,0.0
2023-10-04 00:00:00-04:00,407.0452013606301,410.28557828924926,405.58894477181923,409.5429992675781,87453000,0.0,0.0,0.0
2023-10-05 00:00:00-04:00,409.25364146047264,410.22769695288724,406.17722598529116,409.388671875,70142700,0.0,0.0,0.0
2023-10-06 00:00:00-04:00,406.9487369471333,415.7826633161712,405.62751083875975,414.249267578125,113273300,0.0,0.0,0.0
2023-10-09 00:00:00-04:00,412.3590123769111,417.47036086082164,411.80932558041656,416.9013671875,80374400,0.0,0.0,0.0
2023-10-10 00:00:00-04:00,417.528270249864,421.6559102852364,417.13286183560047,419.0713195800781,78607300,0.0,0.0,0.0
2023-10-11 00:00:00-04:00,420.1320860419277,421.03859681205853,417.7596360182193,420.7878723144531,62451700,0.0,0.0,0.0
2023-10-12 00:00:00-04:00,421.39545544096734,421.7715569076046,415.879074957657,418.2225646972656,81154200,0.0,0.0,0.0
2023-10-13 00:00:00-04:00,419.717357751377,420.91323616360404,414.5771083892652,416.1394348144531,95143100,0.0,0.0,0.0
2023-10-16 00:00:00-04:00,418.3768791839652,421.5787008605216,418.1357786859934,420.5178527832031,75433200,0.0,0.0,0.0
2023-10-17 00:00:00-04:00,417.40278278927536,422.543061383034,417.05561223325043,420.4985046386719,75324700,0.0,0.0,0.0
2023-10-18 00:00:00-04:00,418.7337471858001,419.6884958400442,413.8152906244154,414.8954162597656,93559800,0.0,0.0,0.0
2023-10-19 00:00:00-04:00,415.60905485320427,417.41248188933355,410.57487522165394,411.24993896484375,121323000,0.0,0.0,0.0
2023-10-20 00:00:00-04:00,410.8159967559263,411.3560595506144,406.09040315558224,406.1965026855469,123919900,0.0,0.0,0.0
2023-10-23 00:00:00-04:00,404.6727145608842,409.3404462034215,402.9271492717955,405.4924621582031,92035100,0.0,0.0,0.0
2023-10-24 00:00:00-04:00,407.60455792627596,409.6973235164309,405.7625463101056,408.5496826171875,78564200,0.0,0.0,0.0
2023-10-25 00:00:00-04:00,406.8715656507854,406.9004965329498,402.1749032838704,402.68603515625,94223200,0.0,0.0,0.0
2023-10-26 00:00:00-04:00,401.62526644318154,402.4739155692253,396.9479103704744,397.86407470703125,115156800,0.0,0.0,0.0
2023-10-27 00:00:00-04:00,399.4456683619361,399.8410767152927,394.64293578713176,396.06060791015625,107367700,0.0,0.0,0.0
2023-10-30 00:00:00-04:00,398.8381024524088,401.84703208667196,397.5458072598068,400.79583740234375,86562700,0.0,0.0,0.0
2023-10-31 00:00:00-04:00,401.36484674476185,403.63119749728736,399.4649734881191,403.3129577636719,79665200,0.0,0.0,0.0
2023-11-01 00:00:00-04:00,404.27731320299,408.4242298564383,403.7468744665271,407.6141357421875,98068100,0.0,0.0,0.0
2023-11-02 00:00:00-04:00,411.39455884918044,415.5800890892324,411.37528140598056,415.42578125,94938900,0.0,0.0,0.0
2023-11-03 00:00:00-04:00,417.72110052299064,420.75896096668146,417.59572355276106,419.2159118652344,100167800,0.0,0.0,0.0
2023-11-06 00:00:00-05:00,419.96812824031423,420.62391451827705,418.24184046839486,420.1802978515625,67831700,0.0,0.0,0.0
2023-11-07 00:00:00-05:00,420.18031060348386,422.0126685210308,419.04232330462156,421.37615966796875,64256100,0.0,0.0,0.0
2023-11-08 00:00:00-05:00,421.97409276953505,422.4948781019278,419.38950241519393,421.6847839355469,61746000,0.0,0.0,0.0
2023-11-09 00:00:00-05:00,422.822781049031,422.86136537152765,417.9718399454001,418.39617919921875,83174400,0.0,0.0,0.0
2023-11-10 00:00:00-05:00,420.4600141525394,425.23378661631307,418.38652621092507,424.9251708984375,89462200,0.0,0.0,0.0
2023-11-13 00:00:00-05:00,423.5943238724324,425.6195446365516,422.8131605648516,424.5201416015625,52236100,0.0,0.0,0.0
2023-11-14 00:00:00-05:00,430.43192160638574,434.0387757848984,430.2100985439841,432.7561340332031,97176900,0.0,0.0,0.0
2023-11-15 00:00:00-05:00,434.08698805976627,435.3117974864374,432.82362374197305,433.67230224609375,77327600,0.0,0.0,0.0
2023-11-16 00:00:00-05:00,433.22867282179436,434.52096798557363,432.1678247228073,434.2027282714844,66665800,0.0,0.0,0.0
2023-11-17 00:00:00-05:00,434.2123590781554,435.3503758373704,433.29619481153003,434.7427978515625,83133200,0.0,0.0,0.0
2023-11-20 00:00:00-05:00,434.4920338445369,438.92828895080976,434.482380406505,438.0892639160156,69936200,0.0,0.0,0.0
2023-11-21 00:00:00-05:00,437.0476983171483,437.9638920043512,435.87112668099957,437.1344909667969,49244600,0.0,0.0,0.0
2023-11-22 00:00:00-05:00,438.783649698811,440.1338066653199,437.73245500948576,438.82220458984375,59394900,0.0,0.0,0.0
2023-11-24 00:00:00-05:00,438.87043049439643,439.2851162959046,438.54253734218906,439.09222412109375,29737400,0.0,0.0,0.0
2023-11-27 00:00:00-05:00,438.4653845031241,439.2754786903425,437.9156682731926,438.30145263671875,50506000,0.0,0.0,0.0
2023-11-28 00:00:00-05:00,437.91566497815336,440.02770779834395,437.3563247451927,438.73541259765625,62115000,0.0,0.0,0.0
2023-11-29 00:00:00-05:00,440.8763777024274,442.0047410159344,438.0314094012158,438.4267883300781,63146000,0.0,0.0,0.0
2023-11-30 00:00:00-05:00,439.26581233862987,440.500245661758,437.201978031331,440.1530456542969,79752700,0.0,0.0,0.0
2023-12-01 00:00:00-05:00,439.5455132066452,443.28739788218263,438.95724208115644,442.7569885253906,89183400,0.0,0.0,0.0
2023-12-04 00:00:00-05:00,439.3816359735592,442.77632102780984,438.16647981739976,440.4328308105469,72430900,0.0,0.0,0.0
2023-12-05 00:00:00-05:00,439.0535912960261,441.30063463451614,438.67746045127507,440.34588623046875,69793500,0.0,0.0,0.0
2023-12-06 00:00:00-05:00,442.47728857768345,442.50621946104377,438.1374794863498,438.57147216796875,69124700,0.0,0.0,0.0
2023-12-07 00:00:00-05:00,440.64485967196657,442.56400996534296,440.04693522465584,441.9178771972656,66995400,0.0,0.0,0.0
2023-12-08 00:00:00-05:00,441.175389249709,444.3482804916818,440.93428871770044,443.81787109375,83194400,0.0,0.0,0.0
2023-12-11 00:00:00-05:00,443.32598493677364,445.7177126387657,443.11381530650647,445.5440979003906,65002200,0.0,0.0,0.0
2023-12-12 00:00:00-05:00,445.1969357013274,447.67545610374924,444.20360273884916,447.5790100097656,68327600,0.0,0.0,0.0
2023-12-13 00:00:00-05:00,447.9550337360085,454.0018525473876,447.59820973831967,453.7510986328125,93278000,0.0,0.0,0.0
2023-12-14 00:00:00-05:00,455.6799144737148,456.8661394494857,452.545608183684,455.2073669433594,119026000,0.0,0.0,0.0
2023-12-15 00:00:00-05:00,454.61284974570634,455.7845286924067,452.6181291338484,454.4579162597656,141553700,1.906,0.0,0.0
2023-12-18 00:00:00-05:00,456.05563220988086,457.9922563619539,455.00017559306576,457.0142517089844,70375300,0.0,0.0,0.0
2023-12-19 00:00:00-05:00,457.5565059029809,459.87078595804843,457.47905393883144,459.7933044433594,55761800,0.0,0.0,0.0
2023-12-20 00:00:00-05:00,458.9412058569742,460.8197337409229,452.9957847839671,453.4218444824219,102921000,0.0,0.0,0.0
2023-12-21 00:00:00-05:00,456.39454843299563,457.99228710614074,453.98346065798535,457.7211608886719,86667500,0.0,0.0,0.0
2023-12-22 00:00:00-05:00,458.84435899601766,460.3162123050925,456.7528308577729,458.6410217285156,67160400,0.0,0.0,0.0
2023-12-26 00:00:00-05:00,459.0477470448917,461.4781904417408,458.97026552475677,460.5776672363281,55387000,0.0,0.0,0.0
2023-12-27 00:00:00-05:00,460.3742993690924,461.5556412930502,459.8417395433534,461.410400390625,68000300,0.0,0.0,0.0
2023-12-28 00:00:00-05:00,461.76866793794215,462.4174204811319,461.16831917837936,461.5846862792969,77158100,0.0,0.0,0.0
2023-12-29 00:00:00-05:00,461.39104484329897,461.91394167612276,458.3021267345069,460.2484436035156,122283100,0.0,0.0,0.0
2024-01-02 00:00:00-05:00,457.19826599724024,458.66042679258095,455.58117171261154,457.6727294921875,123623700,0.0,0.0,0.0
2024-01-03 00:00:00-05:00,455.5231057691351,456.25903250476523,453.3347402693324,453.9350891113281,103585900,0.0,0.0,0.0
2024-01-04 00:00:00-05:00,453.4605069773082,456.0362204956158,452.25011695275793,452.47283935546875,84232200,0.0,0.0,0.0
2024-01-05 00:00:00-05:00,452.6761631999303,455.532695393491,451.64975485355063,453.0925598144531,86118900,0.0,0.0,0.0
2024-01-08 00:00:00-05:00,453.58641462800097,459.70615398593577,453.46052933115607,459.5609130859375,74879100,0.0,0.0,0.0
2024-01-09 00:00:00-05:00,456.9173918638988,459.88042430514423,456.41388024759897,458.86370849609375,65931400,0.0,0.0,0.0
2024-01-10 00:00:00-05:00,459.134858193739,462.32061320272817,458.854039417125,461.45880126953125,67310600,0.0,0.0,0.0
2024-01-11 00:00:00-05:00,462.4562213568548,462.9694256422812,457.2951303185307,461.2555236816406,77940700,0.0,0.0,0.0
2024-01-12 00:00:00-05:00,462.69825780727723,463.43418447136196,460.1709773696293,461.57501220703125,58026400,0.0,0.0,0.0
2024-01-16 00:00:00-05:00,460.1999611130578,461.5071586457482,458.0696629366484,459.8804016113281,85014900,0.0,0.0,0.0
2024-01-17 00:00:00-05:00,456.8690803054333,457.8083443440887,454.980859649715,457.3241882324219,68843900,0.0,0.0,0.0
2024-01-18 00:00:00-05:00,458.98962663985805,461.9429667160371,457.4500139514087,461.3910217285156,91856200,0.0,0.0,0.0
2024-01-19 00:00:00-05:00,462.51426116700225,467.4236105266518,461.43944893766223,467.1427917480469,110834500,0.0,0.0,0.0
2024-01-22 00:00:00-05:00,468.67280667793506,469.84445618903175,467.4817720101061,468.13055419921875,75844900,0.0,0.0,0.0
2024-01-23 00:00:00-05:00,468.6727773973201,469.7378971314764,467.5882725076425,469.4958190917969,49945300,0.0,0.0,0.0
2024-01-24 00:00:00-05:00,472.35230131096756,473.2818726098636,469.5151540811933,470.0090026855469,81765000,0.0,0.0,0.0
2024-01-25 00:00:00-05:00,472.1296163726771,472.8364948673133,470.0090399898508,472.56536865234375,72525000,0.0,0.0,0.0
2024-01-26 00:00:00-05:00,472.13928542085506,473.6208017271318,471.122569553023,471.9649963378906,76641600,0.0,0.0,0.0
2024-01-29 00:00:00-05:00,472.27486373270614,475.8479376894722,471.73261132928997,475.7026672363281,61322800,0.0,0.0,0.0
2024-01-30 00:00:00-05:00,475.0151572718124,476.04156568160744,474.5794050287412,475.334716796875,58618400,0.0,0.0,0.0
2024-01-31 00:00:00-05:00,473.13665425188526,473.58206954437225,467.55916709172027,467.57855224609375,126011100,0.0,0.0,0.0
2024-02-01 00:00:00-05:00,469.27310972065493,473.72735140437555,468.4693941088524,473.69830322265625,91891600,0.0,0.0,0.0
2024-02-02 00:00:00-05:00,474.1340709086256,480.33126318424115,473.79515572273505,478.6851501464844,99228200,0.0,0.0,0.0
2024-02-05 00:00:00-05:00,478.05572128716557,478.71416645842936,474.6956769375314,476.942138671875,75757100,0.0,0.0,0.0
2024-02-06 00:00:00-05:00,477.88139839933996,478.6560658444282,476.45797836644056,478.32684326171875,55918600,0.0,0.0,0.0
2024-02-07 00:00:00-05:00,480.5636415654776,482.73265130891053,479.66308881437243,482.3162841796875,70556500,0.0,0.0,0.0
2024-02-08 00:00:00-05:00,482.3162670291635,482.9069232309363,481.5028884042988,482.529296875,52343600,0.0,0.0,0.0
2024-02-09 00:00:00-05:00,483.0327614450865,485.75371583997446,482.69384633012993,485.3179931640625,63979400,0.0,0.0,0.0
2024-02-12 00:00:00-05:00,485.2889926510743,487.5451468627196,484.38843993132826,485.1050109863281,56502300,0.0,0.0,0.0
2024-02-13 00:00:00-05:00,478.8593667536311,481.33824328857344,475.17010013129357,478.4236145019531,113099200,0.0,0.0,0.0
2024-02-14 00:00:00-05:00,481.0477983876243,483.25554889436194,478.73351817874396,482.7713928222656,68387800,0.0,0.0,0.0
2024-02-15 00:00:00-05:00,483.4685762738627,486.28636814510776,482.9940832312684,486.1023864746094,61683000,0.0,0.0,0.0
2024-02-16 00:00:00-05:00,485.8022467252244,486.9351554606331,482.9457138905167,483.681640625,75532900,0.0,0.0,0.0
2024-02-20 00:00:00-05:00,481.94837030636216,482.6165081174358,478.781999912981,481.018798828125,71736700,0.0,0.0,0.0
2024-02-21 00:00:00-05:00,479.7211799226085,481.609370733512,477.92010410161913,481.4544372558594,59293400,0.0,0.0,0.0
2024-02-22 00:00:00-05:00,488.0389961871901,492.3770155291545,487.0803471035888,491.41839599609375,76402500,0.0,0.0,0.0
2024-02-23 00:00:00-05:00,493.1322190949597,493.96498274323113,491.0309986991614,491.7572326660156,61321800,0.0,0.0,0.0
2024-02-26 00:00:00-05:00,492.1930057584985,492.62875800348365,489.83032198014877,489.9562072753906,50386700,0.0,0.0,0.0
2024-02-27 00:00:00-05:00,490.6437622032437,491.089177503547,488.75554175218684,490.866455078125,48854500,0.0,0.0,0.0
2024-02-28 00:00:00-05:00,489.3171901171775,490.7987065984109,488.9589193319282,490.2177429199219,56506600,0.0,0.0,0.0
2024-02-29 00:00:00-05:00,491.9703174424767,493.5873820410347,489.33650744640795,491.97998046875,83924800,0.0,0.0,0.0
2024-03-01 00:00:00-05:00,492.85151281479995,497.02490613181874,492.4448087227075,496.5988464355469,76844800,0.0,0.0,0.0
2024-03-04 00:00:00-05:00,495.80488009764395,497.90610083671146,495.7758023657051,496.0662841796875,49799300,0.0,0.0,0.0
2024-03-05 00:00:00-05:00,494.0715531499916,494.5169979894073,488.9104626936786,491.1085205078125,72855600,0.0,0.0,0.0
2024-03-06 00:00:00-05:00,494.3716836843407,495.8435368483092,492.3092039305024,493.5970458984375,68382400,0.0,0.0,0.0
2024-03-07 00:00:00-05:00,496.8797308469733,499.5425893667193,493.6552347093042,498.4967956542969,58652100,0.0,0.0,0.0
2024-03-08 00:00:00-05:00,499.1262072798715,501.7986991966138,494.93339907868494,495.50469970703125,86532500,0.0,0.0,0.0
2024-03-11 00:00:00-04:00,494.3039754152461,495.6596064560232,492.38670680365675,495.07861328125,62557200,0.0,0.0,0.0
2024-03-12 00:00:00-04:00,497.17986205272086,500.98532153263085,494.6719076966977,500.40435791015625,73114400,0.0,0.0,0.0
2024-03-13 00:00:00-04:00,500.72391574507606,500.8982048517955,498.1869424676809,499.6200256347656,55104100,0.0,0.0,0.0
2024-03-14 00:00:00-04:00,500.5882744583001,500.7432374898184,495.60150263891603,498.63232421875,110171800,0.0,0.0,0.0
2024-03-15 00:00:00-04:00,495.57751113868864,497.0247990949515,493.5474544938414,495.2084045410156,107646300,1.595,0.0,0.0
2024-03-18 00:00:00-04:00,499.25883960128044,500.69637526560086,497.74358168127196,498.1515197753906,88893300,0.0,0.0,0.0
2024-03-19 00:00:00-04:00,497.4619309272195,501.2014919888328,496.46144212802193,500.9198303222656,60755300,0.0,0.0,0.0
2024-03-20 00:00:00-04:00,500.9781564477384,505.68903869341005,500.30794271303097,505.55303955078125,69594600,0.0,0.0,0.0
2024-03-21 00:00:00-04:00,508.37950670617295,509.0788290865272,506.9419118942698,507.2236328125,60256100,0.0,0.0,0.0
2024-03-22 00:00:00-04:00,507.13617688228,507.62183717523607,506.0288571860112,506.26202392578125,79070800,0.0,0.0,0.0
2024-03-25 00:00:00-04:00,504.8924815953154,506.00952410002293,504.70792829326916,504.8633728027344,48512100,0.0,0.0,0.0
2024-03-26 00:00:00-04:00,506.28145712240774,506.62145492992863,503.5326622935472,503.9308776855469,65463700,0.0,0.0,0.0
2024-03-27 00:00:00-04:00,506.7478335411781,508.2048148493724,504.59147037699563,508.1659240722656,82999800,0.0,0.0,0.0
2024-03-28 00:00:00-04:00,508.2046941865004,509.5645075137889,507.7870334248163,508.0686950683594,96294900,0.0,0.0,0.0
2024-04-01 00:00:00-04:00,508.8069321681379,509.341146689148,506.0289099464076,507.1847839355469,62477500,0.0,0.0,0.0
2024-04-02 00:00:00-04:00,503.3772245058647,504.0959923303483,501.6676906072498,503.9600524902344,74230300,0.0,0.0,0.0
2024-04-03 00:00:00-04:00,502.8721374777498,506.00954373427334,502.8235832984241,504.513671875,59155800,0.0,0.0,0.0
2024-04-04 00:00:00-04:00,508.50584318362684,508.8457817223291,498.0544227328248,498.35552978515625,96858100,0.0,0.0,0.0
2024-04-05 00:00:00-04:00,499.70571354461276,505.51419288118285,499.2686073334128,503.56182861328125,74546500,0.0,0.0,0.0
2024-04-08 00:00:00-04:00,504.26119543845846,505.2616249915614,503.0373217973172,503.8434753417969,48401800,0.0,0.0,0.0
2024-04-09 00:00:00-04:00,505.57248200895594,505.81531221165,499.59883530879597,504.42633056640625,68049200,0.0,0.0,0.0
2024-04-10 00:00:00-04:00,498.75376772780487,501.3569002653356,497.4036769200619,499.37542724609375,82652800,0.0,0.0,0.0
2024-04-11 00:00:00-04:00,500.89063294902877,504.5816396156678,497.3939022721514,503.14410400390625,70099000,0.0,0.0,0.0
2024-04-12 00:00:00-04:00,499.61822644383983,501.0266533234711,494.47993161292834,496.1991882324219,92561100,0.0,0.0,0.0
2024-04-15 00:00:00-04:00,500.3564247602264,500.5215326754904,489.13765316276323,489.98272705078125,92101400,0.0,0.0,0.0
2024-04-16 00:00:00-04:00,490.45864647041304,491.97390429784934,487.8069304512228,489.0890808105469,73484000,0.0,0.0,0.0
2024-04-17 00:00:00-04:00,491.53678239318253,491.7019199393697,484.8055376860778,486.19451904296875,75910300,0.0,0.0,0.0
2024-04-18 00:00:00-04:00,487.5835926622845,489.6719263116465,484.26166270979206,485.1941223144531,74548100,0.0,0.0,0.0
2024-04-19 00:00:00-04:00,485.11641894359934,486.10715539894034,479.6964327690104,480.95916748046875,102212600,0.0,0.0,0.0
2024-04-22 00:00:00-04:00,483.55258680560587,487.972113920127,481.2214229780645,485.3883972167969,67961000,0.0,0.0,0.0
2024-04-23 00:00:00-04:00,487.38924842347393,491.575637828991,485.2037770782218,491.14825439453125,64633600,0.0,0.0,0.0
2024-04-24 00:00:00-04:00,492.0322045112339,492.81897189579723,488.7005816711836,490.9151916503906,55928100,0.0,0.0,0.0
2024-04-25 00:00:00-04:00,484.8638119842185,489.8078303014316,483.22227779209175,489.0502014160156,69122400,0.0,0.0,0.0
2024-04-26 00:00:00-04:00,491.82824557353393,495.2570064811488,491.1968930428971,493.6834716796875,64306100,0.0,0.0,0.0
2024-04-29 00:00:00-04:00,495.4610232039241,496.10209848886353,492.70247568962515,495.431884765625,46415400,0.0,0.0,0.0
2024-04-30 00:00:00-04:00,493.97486496700367,494.9461856908876,487.5835876464844,487.5835876464844,77483600,0.0,0.0,0.0
2024-05-01 00:00:00-04:00,487.0007337039303,493.6154247072787,485.5340300927016,486.0002746582031,80242800,0.0,0.0,0.0
2024-05-02 00:00:00-04:00,489.69131460230034,491.3814327412964,485.22323354848663,490.54608154296875,62550200,0.0,0.0,0.0
2024-05-03 00:00:00-04:00,496.5002799659129,497.8504002906167,493.97484028154764,496.6265563964844,72756700,0.0,0.0,0.0
2024-05-06 00:00:00-04:00,499.0159955422608,501.7939584375333,498.57888938265427,501.755126953125,47264700,0.0,0.0,0.0
2024-05-07 00:00:00-04:00,502.71677601484447,503.6978194793967,501.6386241870498,502.308837890625,52561300,0.0,0.0,0.0
2024-05-08 00:00:00-04:00,500.4826277708913,502.8914837238015,500.36607404960216,502.3572692871094,42047200,0.0,0.0,0.0
2024-05-09 00:00:00-04:00,502.541928571153,505.2907828616112,501.89116027589216,505.25189208984375,43643700,0.0,0.0,0.0
2024-05-10 00:00:00-04:00,506.8448626028078,507.65107540024,504.68855906076743,505.9027099609375,52233200,0.0,0.0,0.0
2024-05-13 00:00:00-04:00,507.57337558037926,507.6802066359858,504.8342439143458,505.9706726074219,36716400,0.0,0.0,0.0
2024-05-14 00:00:00-04:00,506.16491953750125,508.80694268932734,505.6307050054446,508.2921142578125,57535900,0.0,0.0,0.0
2024-05-15 00:00:00-04:00,510.7495145476232,514.8776269913382,510.1181324599974,514.5862426757812,59504900,0.0,0.0,0.0
2024-05-16 00:00:00-04:00,514.6833396504084,516.2763195865357,513.3817440234014,513.5274658203125,50244800,0.0,0.0,0.0
2024-05-17 00:00:00-04:00,513.6440266439718,514.3336855890079,512.1967684847502,514.2656860351562,59187600,0.0,0.0,0.0
2024-05-20 00:00:00-04:00,514.3822777046638,516.3151962899514,513.9937257353356,514.8582153320312,37764200,0.0,0.0,0.0
2024-05-21 00:00:00-04:00,514.1006672352606,516.2764161967744,513.8966685383514,516.1209716796875,33437000,0.0,0.0,0.0
2024-05-22 00:00:00-04:00,515.4313778215733,516.1404229953789,512.468802117107,514.6348876953125,48390000,0.0,0.0,0.0
2024-05-23 00:00:00-04:00,517.6750684388743,517.7818994806975,509.6713365846429,510.8758239746094,57211200,0.0,0.0,0.0
2024-05-24 00:00:00-04:00,512.7115556042107,515.062194143986,511.7694030777515,514.2559814453125,41291100,0.0,0.0,0.0
2024-05-28 00:00:00-04:00,515.0623074329295,515.2954149429256,511.9929004587325,514.615478515625,36269600,0.0,0.0,0.0
2024-05-29 00:00:00-04:00,510.6038721974795,512.1871297238472,510.30276514376794,511.0118103027344,45190300,0.0,0.0,0.0
2024-05-30 00:00:00-04:00,509.4770816501863,510.1375725201251,506.3785666769026,507.621826171875,46377600,0.0,0.0,0.0
2024-05-31 00:00:00-04:00,508.57373953818643,512.3715767039372,503.49369288115616,512.2453002929688,90785800,0.0,0.0,0.0
2024-06-03 00:00:00-04:00,513.8480669180504,514.1297285627861,507.61214568816797,512.6630249023438,46835700,0.0,0.0,0.0
2024-06-04 00:00:00-04:00,511.36156404562087,513.9744193400643,509.90458286176136,513.2362060546875,34632700,0.0,0.0,0.0
2024-06-05 00:00:00-04:00,515.5479441376007,519.355504956824,513.5664118243003,519.3360595703125,47610400,0.0,0.0,0.0
2024-06-06 00:00:00-04:00,519.6371847519142,520.0645682770622,517.4031587596616,519.3263549804688,30808500,0.0,0.0,0.0
2024-06-07 00:00:00-04:00,518.3548874978856,521.4922931206179,517.26701324802,518.6948852539062,43224500,0.0,0.0,0.0
2024-06-10 00:00:00-04:00,517.8888118681492,520.6182209175571,517.2963204143864,520.2976684570312,35686100,0.0,0.0,0.0
2024-06-11 00:00:00-04:00,518.7533115423322,521.6089970919911,516.791224537173,521.5507202148438,36383400,0.0,0.0,0.0
2024-06-12 00:00:00-04:00,526.0964430443454,528.5150221365492,524.8045698950608,525.8341674804688,63251300,0.0,0.0,0.0
2024-06-13 00:00:00-04:00,527.5728807070939,527.7477113251548,524.1149812633378,526.8929443359375,44760900,0.0,0.0,0.0
2024-06-14 00:00:00-04:00,525.367907030757,527.2425487322553,524.3674183253244,527.2134399414062,40089900,0.0,0.0,0.0
2024-06-17 00:00:00-04:00,526.533556163689,532.7985867082562,526.0770045940598,531.4095458984375,55839500,0.0,0.0,0.0
2024-06-18 00:00:00-04:00,531.4678922897006,532.8860420787739,531.0502314367253,532.759765625,41376400,0.0,0.0,0.0
2024-06-20 00:00:00-04:00,533.6824026084769,534.3428935144076,529.5445672911499,531.3123779296875,70328200,0.0,0.0,0.0
2024-06-21 00:00:00-04:00,530.4929829849066,531.7110509477889,529.1482311958065,530.6001586914062,64338600,1.759,0.0,0.0
2024-06-24 00:00:00-04:00,530.4247748607555,532.9778406049528,528.7584364421938,528.8753662109375,45528700,0.0,0.0,0.0
2024-06-25 00:00:00-04:00,530.0932975881465,531.2724085077483,528.582905567804,530.911865234375,37936200,0.0,0.0,0.0
2024-06-26 00:00:00-04:00,529.8010709636176,532.2859175813455,529.1579572826417,531.5745849609375,38550600,0.0,0.0,0.0
2024-06-27 00:00:00-04:00,531.4382042677565,532.9876129707899,530.6976093896263,532.4126586914062,35041500,0.0,0.0,0.0
2024-06-28 00:00:00-04:00,533.1823416161415,536.2226934820135,529.0799274394088,530.3174438476562,76144500,0.0,0.0,0.0
2024-07-01 00:00:00-04:00,531.6913837480563,531.9349972677446,528.6608458373643,531.4088134765625,40297800,0.0,0.0,0.0
2024-07-02 00:00:00-04:00,529.8108789121317,534.9852294921875,529.7621680864318,534.9852294921875,40434800,0.0,0.0,0.0
2024-07-03 00:00:00-04:00,534.6734227637801,537.7332240580232,534.6344659965342,537.3726806640625,32789900,0.0,0.0,0.0
2024-07-05 00:00:00-04:00,537.6746345682784,540.8708135451888,537.0412155224441,540.4713134765625,41488400,0.0,0.0,0.0
2024-07-08 00:00:00-04:00,541.250918262468,542.0402238948535,540.0328503436032,541.0950317382812,36110500,0.0,0.0,0.0
2024-07-09 00:00:00-04:00,542.0499781069125,542.946459442177,541.3288914148972,541.6212158203125,27289700,0.0,0.0,0.0
2024-07-10 00:00:00-04:00,542.8392819787523,547.3217481165079,542.5469575742852,546.980712890625,38701200,0.0,0.0,0.0
2024-07-11 00:00:00-04:00,547.097658299037,547.9649369537367,541.6309836132551,542.2643432617188,53054200,0.0,0.0,0.0
2024-07-12 00:00:00-04:00,543.3849943470381,549.2706773223186,542.9172752823991,545.6846923828125,53084400,0.0,0.0,0.0
2024-07-15 00:00:00-04:00,547.6725298408394,550.4107438001307,545.3338159394242,547.185302734375,40584300,0.0,0.0,0.0
2024-07-16 00:00:00-04:00,548.4910822924977,550.722561208659,547.7407334557406,550.4302368164062,36475300,0.0,0.0,0.0
2024-07-17 00:00:00-04:00,544.5250561904461,546.1913944708481,542.3909988738491,542.7125854492188,57119000,0.0,0.0,0.0
2024-07-18 00:00:00-04:00,544.2425249574461,545.2267333968008,536.3689169185834,538.5419311523438,56270400,0.0,0.0,0.0
2024-07-19 00:00:00-04:00,538.3081310304821,539.9257587853774,533.9133317781573,534.9657592773438,65509100,0.0,0.0,0.0
2024-07-22 00:00:00-04:00,538.8732057821688,541.0852359846874,536.9438053796708,540.4810791015625,43346700,0.0,0.0,0.0
2024-07-23 00:00:00-04:00,540.3738360482369,542.5176472841652,539.1460736583557,539.63330078125,34439600,0.0,0.0,0.0
2024-07-24 00:00:00-04:00,534.8388986294111,535.1409770414671,526.4878192997799,527.40380859375,74515300,0.0,0.0,0.0
2024-07-25 00:00:00-04:00,527.520781647899,533.4747422855404,523.7204457786454,524.6558837890625,61158300,0.0,0.0,0.0
2024-07-26 00:00:00-04:00,528.4271261891337,533.2116708123141,527.6572691986129,530.5319213867188,53763800,0.0,0.0,0.0
2024-07-29 00:00:00-04:00,532.0715719711993,533.0752290029756,528.8558251034021,530.84375,39515800,0.0,0.0,0.0
2024-07-30 00:00:00-04:00,532.3054822300633,533.357909659398,524.7632145177835,528.154296875,46853600,0.0,0.0,0.0
2024-07-31 00:00:00-04:00,534.9558678357408,539.3604200179711,533.5916675899294,536.7391357421875,65663400,0.0,0.0,0.0
2024-08-01 00:00:00-04:00,538.4542082657176,540.6954412129795,525.6498647611072,529.138427734375,76428700,0.0,0.0,0.0
2024-08-02 00:00:00-04:00,522.0639756127396,523.2722896238993,515.0966024511276,519.2868041992188,82789100,0.0,0.0,0.0
2024-08-05 00:00:00-04:00,498.56978906774395,510.20477524600585,497.234761759116,504.16314697265625,146267400,0.0,0.0,0.0
2024-08-06 00:00:00-04:00,505.95616721920055,516.2172002386701,504.64067761587216,508.8113708496094,84826300,0.0,0.0,0.0
2024-08-07 00:00:00-04:00,514.9698250199898,518.0101770927619,504.8160280713854,505.4104309082031,70698300,0.0,0.0,0.0
2024-08-08 00:00:00-04:00,510.5264260888053,517.7179049887513,508.5093576317799,517.0942993164062,63276600,0.0,0.0,0.0
2024-08-09 00:00:00-04:00,516.2755107587682,520.8554568034616,515.0574431658156,519.374267578125,45619600,0.0,0.0,0.0
2024-08-12 00:00:00-04:00,520.5633284209126,522.0444587278029,517.3865974265898,519.6473388671875,42542100,0.0,0.0,0.0
2024-08-13 00:00:00-04:00,522.8239831490899,528.4270952564345,522.5803695792055,528.1931762695312,52333100,0.0,0.0,0.0
2024-08-14 00:00:00-04:00,528.9825253913183,531.0386692920978,526.3222840215557,529.8595581054688,42446900,0.0,0.0,0.0
2024-08-15 00:00:00-04:00,535.4625975238755,539.22397656437,534.8584406614526,538.94140625,60846800,0.0,0.0,0.0
2024-08-16 00:00:00-04:00,537.3335929699142,540.8416642629177,537.1777064456791,540.1497802734375,44430700,0.0,0.0,0.0
2024-08-19 00:00:00-04:00,540.5589895349276,545.3143310546875,539.7112190916396,545.3143310546875,39121800,0.0,0.0,0.0
2024-08-20 00:00:00-04:00,544.8660675368706,546.5128974468605,543.0925538279611,544.4275512695312,33732300,0.0,0.0,0.0
2024-08-21 00:00:00-04:00,545.4703215908407,547.7505114259203,540.55903368272,546.298583984375,41514600,0.0,0.0,0.0
2024-08-22 00:00:00-04:00,548.1890532625708,548.7932102196837,540.8026724138992,542.010986328125,56121500,0.0,0.0,0.0
2024-08-23 00:00:00-04:00,545.236462053231,548.7055171032431,543.053634385247,547.77001953125,50639400,0.0,0.0,0.0
2024-08-26 00:00:00-04:00,548.7931935686311,549.5045262116546,544.7686923459864,546.4642333984375,35788600,0.0,0.0,0.0
2024-08-27 00:00:00-04:00,545.1974719043471,547.7018267996916,544.0573769322793,547.214599609375,32693900,0.0,0.0,0.0
2024-08-28 00:00:00-04:00,546.8734758569603,547.3022380940843,540.8610504788411,544.0377807617188,41066000,0.0,0.0,0.0
2024-08-29 00:00:00-04:00,545.9964384879656,549.2803444323956,542.9463920388357,544.0864868164062,38715200,0.0,0.0,0.0
2024-08-30 00:00:00-04:00,546.4446989296116,549.7870696872616,542.9074254374239,549.2803344726562,62700100,0.0,0.0,0.0
2024-09-03 00:00:00-04:00,546.1523100029519,546.4836505961764,535.4723301709399,537.9766845703125,60600100,0.0,0.0,0.0
2024-09-04 00:00:00-04:00,536.144830576085,540.2667537157464,535.4237438257495,536.8756713867188,47224900,0.0,0.0,0.0
2024-09-05 00:00:00-04:00,536.817154296066,539.6527901961324,533.1239343608661,535.56982421875,44264300,0.0,0.0,0.0
2024-09-06 00:00:00-04:00,535.8913798019039,537.5089477091443,525.659610039857,526.5560913085938,68493800,0.0,0.0,0.0
2024-09-09 00:00:00-04:00,530.7365485093424,533.718376233379,528.8168426461983,532.4515380859375,40445800,0.0,0.0,0.0
2024-09-10 00:00:00-04:00,534.351804730089,535.1216617767944,529.4990408120743,534.7708129882812,36394600,0.0,0.0,0.0
2024-09-11 00:00:00-04:00,534.683107736862,541.1729474655668,526.1663863296421,540.2569580078125,75248600,0.0,0.0,0.0
2024-09-12 00:00:00-04:00,540.831888043875,545.1097566752126,538.619857760852,544.8076782226562,51819600,0.0,0.0,0.0
2024-09-13 00:00:00-04:00,545.4117823691347,548.646977454259,545.1584147606665,547.6530151367188,39310500,0.0,0.0,0.0
2024-09-16 00:00:00-04:00,547.389917673041,548.7249152296453,545.5969551700833,548.4618530273438,36656100,0.0,0.0,0.0
2024-09-17 00:00:00-04:00,550.6640853659264,552.1063181322738,546.4641898322706,548.6859741210938,49321000,0.0,0.0,0.0
2024-09-18 00:00:00-04:00,549.3388444863224,554.1624050516696,546.5032087102647,547.0586547851562,59044900,0.0,0.0,0.0
2024-09-19 00:00:00-04:00,556.4231220387844,558.2453466994866,553.5679782684008,556.3938598632812,75315500,0.0,0.0,0.0
2024-09-20 00:00:00-04:00,555.0312814396932,556.4680940708006,552.4214655718796,555.4320068359375,77503100,1.746,0.0,0.0
2024-09-23 00:00:00-04:00,556.4974940475859,557.465153194272,555.2854144616904,556.8200073242188,44116900,0.0,0.0,0.0
2024-09-24 00:00:00-04:00,557.6117584874984,558.471913246618,554.7967173955426,558.4132690429688,46805700,0.0,0.0,0.0
2024-09-25 00:00:00-04:00,558.2568638249757,558.9899461465259,556.0771251545262,557.181640625,38428600,0.0,0.0,0.0
2024-09-26 00:00:00-04:00,561.4238456875147,561.7464186568862,557.0449191197562,559.3907470703125,48336000,0.0,0.0,0.0
2024-09-27 00:00:00-04:00,560.4562017753216,561.2674367221593,557.5531642883332,558.5794677734375,42100900,0.0,0.0,0.0
2024-09-30 00:00:00-04:00,557.5531235786384,561.4238200592039,555.2659399397932,560.8178100585938,63557400,0.0,0.0,0.0
2024-10-01 00:00:00-04:00,560.4660310099997,561.1111173600859,553.2329264823798,555.7938232421875,72668800,0.0,0.0,0.0
2024-10-02 00:00:00-04:00,554.9042964358707,557.0448994143397,552.519332659213,556.0283203125,38097800,0.0,0.0,0.0
2024-10-03 00:00:00-04:00,554.562134456547,556.9470981426042,552.7343205282026,555.0117797851562,40846500,0.0,0.0,0.0
2024-10-04 00:00:00-04:00,559.4395649274686,560.4267920576441,555.2854315259468,560.0553588867188,42939100,0.0,0.0,0.0
2024-10-07 00:00:00-04:00,558.4132383947003,559.0583842578297,553.8485957624074,554.9921875,49964700,0.0,0.0,0.0
2024-10-08 00:00:00-04:00,557.553120131347,560.8373745453375,556.683241044493,560.2410888671875,37398700,0.0,0.0,0.0
2024-10-09 00:00:00-04:00,560.2312569183572,564.6786707180951,559.6350309496581,564.1215209960938,37912200,0.0,0.0,0.0
2024-10-10 00:00:00-04:00,562.7825341526946,564.5517040960426,561.5313781232933,563.1343994140625,44138100,0.0,0.0,0.0
2024-10-11 00:00:00-04:00,563.0561277259117,567.2396131412746,562.9192713637127,566.5065307617188,42268000,0.0,0.0,0.0
2024-10-14 00:00:00-04:00,568.1095992711693,572.0682925934088,567.6306615716253,571.1397094726562,36217200,0.0,0.0,0.0
2024-10-15 00:00:00-04:00,571.4034640590625,571.7064690209895,565.4898858259329,566.7019653320312,54203600,0.0,0.0,0.0
2024-10-16 00:00:00-04:00,566.7020448464575,569.6832346627543,565.9005342666823,569.1651611328125,30725400,0.0,0.0,0.0
2024-10-17 00:00:00-04:00,572.6937458614649,572.8990304200946,569.0283336899422,569.2140502929688,34393700,0.0,0.0,0.0
2024-10-18 00:00:00-04:00,570.8952139016382,572.1854459872815,569.4388331888846,571.4035034179688,37416800,0.0,0.0,0.0
2024-10-21 00:00:00-04:00,570.6802188403536,571.6576620923939,567.5035282712228,570.4652099609375,36439000,0.0,0.0,0.0
2024-10-22 00:00:00-04:00,567.9434768669773,571.3156685359546,567.2886064919155,570.1622924804688,34183800,0.0,0.0,0.0
2024-10-23 00:00:00-04:00,568.1485895916966,568.5884509212708,561.462852493989,564.9523315429688,49314600,0.0,0.0,0.0
2024-10-24 00:00:00-04:00,566.897492764615,566.9757049256177,563.5644376745634,566.1741943359375,34979900,0.0,0.0,0.0
2024-10-25 00:00:00-04:00,568.3930757936422,571.2765455255891,565.0404523577657,565.978759765625,47268200,0.0,0.0,0.0
2024-10-28 00:00:00-04:00,569.4389805032773,569.5660529152336,567.4254495286576,567.7284545898438,30174700,0.0,0.0,0.0
2024-10-29 00:00:00-04:00,566.7703610094676,569.7613345267463,565.3824085036434,568.6470947265625,42899700,0.0,0.0,0.0
2024-10-30 00:00:00-04:00,568.1779762445088,570.1622147162088,566.2230897069062,566.9268798828125,41435800,0.0,0.0,0.0
2024-10-31 00:00:00-04:00,562.5772452055423,562.6456733933426,555.617853906816,555.8133544921875,60182500,0.0,0.0,0.0
2024-11-01 00:00:00-04:00,558.4328313722141,562.5673968338307,557.748609230934,558.1591186523438,45667500,0.0,0.0,0.0
2024-11-04 00:00:00-05:00,558.2960015952809,559.5862337823984,555.0802349340614,556.9569091796875,38217000,0.0,0.0,0.0
2024-11-05 00:00:00-05:00,557.866005538498,563.7306656122672,557.6509966384954,563.6915893554688,39478300,0.0,0.0,0.0
2024-11-06 00:00:00-05:00,575.9095457320777,578.57794657906,572.1854895240832,577.7080078125,68182000,0.0,0.0,0.0
2024-11-07 00:00:00-05:00,579.7020264980958,583.1915058614667,579.6238143381844,582.1749267578125,47233200,0.0,0.0,0.0
2024-11-08 00:00:00-05:00,582.7222012392871,586.113959615029,582.7222012392871,584.6966552734375,46444900,0.0,0.0,0.0
2024-11-11 00:00:00-05:00,586.2802096893201,586.6320749270757,583.5335966542183,585.25390625,37586800,0.0,0.0,0.0
2024-11-12 00:00:00-05:00,585.175669871058,585.7718958867575,580.9628921945897,583.4358520507812,43006100,0.0,0.0,0.0
2024-11-13 00:00:00-05:00,583.8952929846365,585.7133231848053,581.5396809070076,583.7193603515625,47388600,0.0,0.0,0.0
2024-11-14 00:00:00-05:00,583.846484643943,584.3254223529462,579.2818407813407,579.9660034179688,38904100,0.0,0.0,0.0
2024-11-15 00:00:00-05:00,576.4177743775998,576.886987680586,570.689971552463,572.537353515625,75988800,0.0,0.0,0.0
2024-11-18 00:00:00-05:00,572.9966610430482,576.1929190461736,572.1365660073782,574.8831787109375,37001700,0.0,0.0,0.0
2024-11-19 00:00:00-05:00,571.520745912538,577.7079174505996,570.8560917990914,576.984619140625,49412000,0.0,0.0,0.0
2024-11-20 00:00:00-05:00,577.0628873767942,577.4636128156191,571.4425893061045,577.18017578125,50032600,0.0,0.0,0.0
2024-11-21 00:00:00-05:00,580.014817427747,581.6959910919024,574.1990184692589,580.2786865234375,46750300,0.0,0.0,0.0
2024-11-22 00:00:00-05:00,580.2689646034843,582.7028485393122,579.7705186323628,582.0772705078125,38226400,0.0,0.0,0.0
2024-11-25 00:00:00-05:00,585.9966768325361,587.3064171117452,581.7741156946049,584.0515747070312,42441400,0.0,0.0,0.0
2024-11-26 00:00:00-05:00,585.2929516850081,587.7659115133398,584.5794372696156,587.1012573242188,45621300,0.0,0.0,0.0
2024-11-27 00:00:00-05:00,586.9155638447446,587.2967213513849,583.807301635719,585.3223266601562,34000200,0.0,0.0,0.0
2024-11-29 00:00:00-05:00,586.1335489255529,589.7403166328984,585.8598958585202,588.9583740234375,30177400,0.0,0.0,0.0
2024-12-02 00:00:00-05:00,589.3689531396692,590.6885373789082,588.8802314936704,590.0140991210938,31746000,0.0,0.0,0.0
2024-12-03 00:00:00-05:00,589.7794288278096,590.5320194756874,588.7531254655074,590.2876586914062,26906600,0.0,0.0,0.0
2024-12-04 00:00:00-05:00,591.9688246092684,594.1973636861876,591.3041705105946,593.9530029296875,42787600,0.0,0.0,0.0
2024-12-05 00:00:00-05:00,593.9531512779432,594.7546619184587,592.6238427485821,592.9757080078125,28762200,0.0,0.0,0.0
2024-12-06 00:00:00-05:00,593.738143242676,595.3313805479372,593.3276337729875,594.0997924804688,31241500,0.0,0.0,0.0
2024-12-09 00:00:00-05:00,593.982457801793,594.1486064406603,590.4539021843977,591.0403442382812,34742700,0.0,0.0,0.0
2024-12-10 00:00:00-05:00,591.7146724229316,592.1349657598105,588.5477666039282,589.20263671875,37234500,0.0,0.0,0.0
2024-12-11 00:00:00-05:00,592.1155929499696,594.7057817338718,591.841880207483,593.7576904296875,28677700,0.0,0.0,0.0
2024-12-12 00:00:00-05:00,592.8975505621333,593.4644247000379,590.6983032226562,590.6983032226562,31543800,0.0,0.0,0.0
2024-12-13 00:00:00-05:00,592.7215967057723,593.4351111707817,589.2125492712078,590.5809936523438,35904700,0.0,0.0,0.0
2024-12-16 00:00:00-05:00,592.3306244931046,594.0705021581772,591.5584657830842,593.102783203125,43695200,0.0,0.0,0.0
2024-12-17 00:00:00-05:00,590.5613981975558,591.5192734247074,589.2907339933267,590.6591186523438,55773500,0.0,0.0,0.0
2024-12-18 00:00:00-05:00,590.3561165933274,592.7312963771194,572.674202761188,573.055419921875,108248700,0.0,0.0,0.0
2024-12-19 00:00:00-05:00,578.020816522432,579.6238377441589,572.6350947579137,572.8794555664062,85919500,0.0,0.0,0.0
2024-12-20 00:00:00-05:00,570.5611550943719,584.2717856471006,569.7176790757273,579.7604370117188,125716700,1.966,0.0,0.0
2024-12-23 00:00:00-05:00,579.5053432293004,583.8303494697157,576.337534899556,583.2321166992188,57635800,0.0,0.0,0.0
2024-12-24 00:00:00-05:00,584.5756300016285,589.7539282690682,583.9969712723625,589.7146606445312,33160100,0.0,0.0,0.0
2024-12-26 00:00:00-05:00,587.9493923534018,590.8719573339298,586.5567683514358,589.7539672851562,41219100,0.0,0.0,0.0
2024-12-27 00:00:00-05:00,586.0271215733671,586.2625477535164,579.3777835694219,583.5458984375,64969300,0.0,0.0,0.0
2024-12-30 00:00:00-05:00,576.5631199685903,580.338917958557,573.150128529516,576.88671875,56578800,0.0,0.0,0.0
2024-12-31 00:00:00-05:00,578.5441892688881,579.2601650774656,573.1599745686183,574.7880249023438,57052700,0.0,0.0,0.0
2025-01-02 00:00:00-05:00,578.0341524534392,579.7406180456738,569.3154229960469,573.3756713867188,50204000,0.0,0.0,0.0
2025-01-03 00:00:00-05:00,576.2100381173573,581.1823013188991,575.1311959956543,580.5448608398438,37888500,0.0,0.0,0.0
2025-01-06 00:00:00-05:00,584.7816606701658,588.145567536734,582.1630605707853,583.88916015625,47679400,0.0,0.0,0.0
2025-01-07 00:00:00-05:00,585.9094391002772,586.2330977215739,575.4744864171694,577.288818359375,60393100,0.0,0.0,0.0
2025-01-08 00:00:00-05:00,577.3574447409104,579.2012273003362,573.9248797422833,578.1322021484375,47304700,0.0,0.0,0.0
2025-01-10 00:00:00-05:00,574.5918906635376,574.6605491609225,567.4031005646302,569.3057250976562,73105000,0.0,0.0,0.0
2025-01-13 00:00:00-05:00,564.6765795569504,570.5413429214275,564.2646286559713,570.1882934570312,47910100,0.0,0.0,0.0
2025-01-14 00:00:00-05:00,573.101074063849,573.7287574980859,567.2068596443902,570.972900390625,48420600,0.0,0.0,0.0
2025-01-15 00:00:00-05:00,578.956079102548,582.4965105633459,577.847846118657,581.35888671875,56900200,0.0,0.0,0.0
2025-01-16 00:00:00-05:00,582.7220679112103,582.8985926554029,579.5445027973688,580.2408447265625,43319700,0.0,0.0,0.0
2025-01-17 00:00:00-05:00,585.4583566167607,587.8120797540519,584.1343312340456,586.06640625,58070600,0.0,0.0,0.0
2025-01-21 00:00:00-05:00,589.0968201243991,591.4407861448484,587.1353543049476,591.4309692382812,42532900,0.0,0.0,0.0
2025-01-22 00:00:00-05:00,594.2456759945876,596.1090924921224,593.6964679520279,594.7556762695312,48196000,0.0,0.0,0.0
2025-01-23 00:00:00-05:00,594.1280457618639,598.001953125,593.8534716457165,598.001953125,41152100,0.0,0.0,0.0
2025-01-24 00:00:00-05:00,598.0608006812332,599.0121428376514,595.1087847128249,596.2562255859375,34604700,0.0,0.0,0.0
2025-01-27 00:00:00-05:00,583.3497595871564,588.1357411390088,583.1830517473746,587.8218994140625,70361100,0.0,0.0,0.0
2025-01-28 00:00:00-05:00,589.0477983536082,593.7062796977629,585.7427332202798,592.8726806640625,44433300,0.0,0.0,0.0
2025-01-29 00:00:00-05:00,592.0880784150642,592.4902124528912,587.6747800612517,590.2149047851562,37177400,0.0,0.0,0.0
2025-01-30 00:00:00-05:00,592.3234809305729,594.9125703683252,589.1458559611356,593.3826293945312,39281300,0.0,0.0,0.0
2025-01-31 00:00:00-05:00,595.7952259985301,598.2078504382997,589.4694869358445,590.2246704101562,66566900,0.0,0.0,0.0
2025-02-03 00:00:00-05:00,581.2509726905776,588.7241528776601,579.1129820721995,586.2527465820312,65857200,0.0,0.0,0.0
2025-02-04 00:00:00-05:00,586.3116394651887,590.6954873423298,585.7722482747779,590.185546875,33457800,0.0,0.0,0.0
2025-02-05 00:00:00-05:00,589.0674493379312,592.7255640609287,587.0471418694162,592.5784301757812,30653100,0.0,0.0,0.0
2025-02-06 00:00:00-05:00,594.3142808571387,594.7654395103566,591.0190328991121,594.637939453125,35771500,0.0,0.0,0.0
2025-02-07 00:00:00-05:00,595.1970270806008,596.4131263461926,588.4887874469584,589.1949462890625,50788500,0.0,0.0,0.0
2025-02-10 00:00:00-05:00,592.3922016880001,593.8338505117428,591.1270177676121,593.1963500976562,26048700,0.0,0.0,0.0
2025-02-11 00:00:00-05:00,590.9405676549386,594.1867909987916,590.8228845015021,593.6473999023438,30056700,0.0,0.0,0.0
2025-02-12 00:00:00-05:00,587.6552234594287,592.9021210468912,586.9785152974936,591.7350463867188,45076100,0.0,0.0,0.0
2025-02-13 00:00:00-05:00,592.8335121773658,598.1883363356536,591.5782049635822,597.9823608398438,40921300,0.0,0.0,0.0
2025-02-14 00:00:00-05:00,598.1882471856823,599.2180047928703,597.3350143232245,597.952880859375,26910400,0.0,0.0,0.0
2025-02-18 00:00:00-05:00,599.1100803238464,599.7083129882812,596.658248231066,599.7083129882812,26749000,0.0,0.0,0.0
2025-02-19 00:00:00-05:00,598.3255406648384,601.4148133650798,597.8155404050764,601.12060546875,31011100,0.0,0.0,0.0
2025-02-20 00:00:00-05:00,599.7573748000233,599.8946917719264,595.3245028060013,598.6197509765625,36554000,0.0,0.0,0.0
2025-02-21 00:00:00-05:00,598.4040443652323,598.5413613568134,587.9200057904889,588.3809814453125,76519800,0.0,0.0,0.0
2025-02-24 00:00:00-05:00,590.4209369132893,591.4114868830001,584.9974543500997,585.70361328125,50737200,0.0,0.0,0.0
2025-02-25 00:00:00-05:00,585.6446767168586,586.3704094872951,578.200887648266,582.7907104492188,58266500,0.0,0.0,0.0
2025-02-26 00:00:00-05:00,584.4481941378576,588.0278934374002,580.4566037497201,583.0849609375,43321600,0.0,0.0,0.0
2025-02-27 00:00:00-05:00,585.3504072406853,586.4979078319449,573.3855137517263,573.7777709960938,74196700,0.0,0.0,0.0
2025-02-28 00:00:00-05:00,574.2779596736045,583.2614467800305,571.2180777869312,582.7318725585938,88744100,0.0,0.0,0.0
2025-03-03 00:00:00-05:00,584.6933298193593,585.8310134980443,568.727029424783,572.5224609375,74249200,0.0,0.0,0.0
2025-03-04 00:00:00-05:00,568.5406690059347,574.1112244792533,561.2243803057662,565.7455444335938,109648200,0.0,0.0,0.0
2025-03-05 00:00:00-05:00,565.5788471805596,573.611051865237,562.038415848593,571.8261108398438,71230500,0.0,0.0,0.0
2025-03-06 00:00:00-05:00,564.3921877543482,568.9918277562862,559.1354734261878,561.6755981445312,80094900,0.0,0.0,0.0
2025-03-07 00:00:00-05:00,559.9004310284239,566.2653779091431,554.7319495414885,564.8236694335938,81158800,0.0,0.0,0.0
2025-03-10 00:00:00-04:00,556.6542444695278,558.5666258451241,544.8854490052353,549.779296875,99326600,0.0,0.0,0.0
2025-03-11 00:00:00-04:00,548.6220367842027,553.1530182295099,541.3842228164132,545.2090454101562,88102100,0.0,0.0,0.0
2025-03-12 00:00:00-04:00,551.3385793423611,552.2604706321457,543.0219837811946,548.1021728515625,69588200,0.0,0.0,0.0
2025-03-13 00:00:00-04:00,547.7295040716507,548.3375536768395,539.0892496749408,540.7957153320312,74079400,0.0,0.0,0.0
2025-03-14 00:00:00-04:00,545.3953858640715,552.9666753566005,540.8644044287432,551.96630859375,62660300,0.0,0.0,0.0
2025-03-17 00:00:00-04:00,551.9466761244148,558.7333912461695,551.5151512314662,556.2227172851562,49008700,0.0,0.0,0.0
2025-03-18 00:00:00-04:00,553.9178933850532,554.1336857355857,548.2884964881091,550.2107543945312,66041400,0.0,0.0,0.0
2025-03-19 00:00:00-04:00,551.9858638215135,559.9494094443329,550.8089724785119,556.2030029296875,66556000,0.0,0.0,0.0
2025-03-20 00:00:00-04:00,552.4763694984304,559.5768672502725,551.760393662907,554.5947265625,62958200,0.0,0.0,0.0
2025-03-21 00:00:00-04:00,550.1543252489805,555.6727731535583,548.9247213465745,554.777587890625,83763000,1.696,0.0,0.0
2025-03-24 00:00:00-04:00,561.4863200959835,565.7653777464658,560.8961342321084,564.7128295898438,58766800,0.0,0.0,0.0
2025-03-25 00:00:00-04:00,565.9130116144462,567.0048857087957,564.3292958517305,566.0704345703125,38355700,0.0,0.0,0.0
2025-03-26 00:00:00-04:00,565.8047238585734,566.926137079624,557.9352585138073,559.3124389648438,51848300,0.0,0.0,0.0
2025-03-27 00:00:00-04:00,557.9254317069114,561.5847644413973,555.7219909391279,557.8270874023438,42164200,0.0,0.0,0.0
2025-03-28 00:00:00-04:00,556.3023922676962,557.0303082338021,546.0130443195492,546.5933837890625,71662700,0.0,0.0,0.0
2025-03-31 00:00:00-04:00,540.8585640195936,551.5610423029548,537.9468400615768,550.2625732421875,95328200,0.0,0.0,0.0
2025-04-01 00:00:00-04:00,548.3542481941281,553.7546597137996,544.6457430717568,551.8167724609375,54609600,0.0,0.0,0.0
2025-04-02 00:00:00-04:00,545.9933271249679,558.1614830372098,545.7572527723408,555.308837890625,76014500,0.0,0.0,0.0
2025-04-03 00:00:00-04:00,536.2155597389653,539.02887941269,527.9428100585938,527.9428100585938,125986000,0.0,0.0,0.0
2025-04-04 00:00:00-04:00,515.1253804215398,517.2894955361414,496.81904991432106,497.03546142578125,217965100,0.0,0.0,0.0
2025-04-07 00:00:00-04:00,481.20799599577117,514.6335325434056,473.93856260259804,496.150146484375,256611400,0.0,0.0,0.0
2025-04-08 00:00:00-04:00,513.344881818952,516.413968489066,481.1784603514281,488.3790283203125,165816600,0.0,0.0,0.0
2025-04-09 00:00:00-04:00,485.38869689536773,539.6683349609375,485.0050459934576,539.6683349609375,241867300,0.0,0.0,0.0
2025-04-10 00:00:00-04:00,523.4867529065492,524.795068576413,501.0096123168745,516.0206298828125,162331200,0.0,0.0,0.0
2025-04-11 00:00:00-04:00,514.4761933704091,527.6772059586904,511.5841621734685,525.2278442382812,97866300,0.0,0.0,0.0
2025-04-14 00:00:00-04:00,535.172792794898,535.3990807406135,525.149059337469,530.3232421875,68034000,0.0,0.0,0.0
2025-04-15 00:00:00-04:00,530.8642755383438,534.3661851955569,528.0509561027874,528.837890625,56892900,0.0,0.0,0.0
2025-04-16 00:00:00-04:00,523.0046778330362,529.1133721339063,511.80051174858437,517.0828857421875,83484800,0.0,0.0,0.0
2025-04-17 00:00:00-04:00,519.0305887702018,522.5029590498531,515.3614098145464,517.8206176757812,79868100,0.0,0.0,0.0
2025-04-21 00:00:00-04:00,512.656330465215,513.1875578394483,500.1635713405903,505.4951477050781,69368100,0.0,0.0,0.0
2025-04-22 00:00:00-04:00,511.6530596521891,520.6635725020783,510.71854848453165,518.6470336914062,75948100,0.0,0.0,0.0
2025-04-23 00:00:00-04:00,531.6119173418257,536.5303334599773,525.1688042348989,526.6836547851562,90590700,0.0,0.0,0.0
2025-04-24 00:00:00-04:00,527.9624225863133,538.4976913582739,526.7131857388315,537.769775390625,64150400,0.0,0.0,0.0
2025-04-25 00:00:00-04:00,537.7304480905381,542.0586181694788,534.8187241892716,541.6553344726562,61119600,0.0,0.0,0.0
2025-04-28 00:00:00-04:00,542.3931048050576,544.5178341418862,536.127047500035,541.8618774414062,47613800,0.0,0.0,0.0
2025-04-29 00:00:00-04:00,539.9535089190233,546.3868353532918,539.5993973829874,545.2752685546875,47775100,0.0,0.0,0.0
2025-04-30 00:00:00-04:00,538.6354556420874,547.4394329210733,532.6841838633078,545.49169921875,93101500,0.0,0.0,0.0
2025-05-01 00:00:00-04:00,551.2265660956555,554.8662060499098,548.7575115851928,549.3575439453125,63186100,0.0,0.0,0.0
2025-05-02 00:00:00-04:00,555.5154232826195,559.1058911654948,553.2037916578166,557.5123291015625,60717300,0.0,0.0,0.0
2025-05-05 00:00:00-04:00,553.390643044351,557.4040871519024,552.5348434974896,554.3153076171875,38659200,0.0,0.0,0.0
2025-05-06 00:00:00-04:00,548.8263293740373,554.157875203981,547.872185543118,549.68212890625,48264700,0.0,0.0,0.0
2025-05-07 00:00:00-04:00,551.0101522781708,554.6202527049248,546.9671688153295,551.9938354492188,55588000,0.0,0.0,0.0
2025-05-08 00:00:00-04:00,556.0170826268422,561.0043636579312,552.5348657113146,555.8400268554688,65130800,0.0,0.0,0.0
2025-05-09 00:00:00-04:00,557.2368724786456,558.2402486138279,553.5775995797053,555.1318359375,37603400,0.0,0.0,0.0
2025-05-12 00:00:00-04:00,571.9822603015932,573.487324465949,567.6245507869492,573.4774780273438,78993600,0.0,0.0,0.0
2025-05-13 00:00:00-04:00,573.8906230635715,579.4681503640297,573.3299764411289,577.2647094726562,67947200,0.0,0.0,0.0
2025-05-14 00:00:00-04:00,578.2188228927168,579.3697154326957,575.9858428026291,578.00244140625,66283500,0.0,0.0,0.0
2025-05-15 00:00:00-04:00,576.0054296506413,581.3271283980055,575.5529138450648,580.8255004882812,71268100,0.0,0.0,0.0
2025-05-16 00:00:00-04:00,581.6026394160758,584.799609527031,579.6648125061226,584.5045166015625,76052100,0.0,0.0,0.0
2025-05-19 00:00:00-04:00,578.5039990308309,585.8226035943907,578.5039990308309,585.1438598632812,68168500,0.0,0.0,0.0
2025-05-20 00:00:00-04:00,583.4127091135157,584.3570065824167,579.9796042324612,583.1765747070312,60614500,0.0,0.0,0.0
2025-05-21 00:00:00-04:00,578.8385171464103,582.910979810613,572.3265394745135,573.3495483398438,95197700,0.0,0.0,0.0
2025-05-22 00:00:00-04:00,573.1527690961759,577.0481757894836,571.9231652201731,573.5758056640625,70860400,0.0,0.0,0.0
2025-05-23 00:00:00-04:00,566.5818333658885,572.3167232636762,566.2080289447406,569.6607666015625,76029000,0.0,0.0,0.0
2025-05-27 00:00:00-04:00,576.5073271724327,581.6618184903241,568.9919717208915,581.5044555664062,72588500,0.0,0.0,0.0
2025-05-28 00:00:00-04:00,581.9075375075913,583.097815601689,577.4120988041581,578.1400146484375,68445500,0.0,0.0,0.0
2025-05-29 00:00:00-04:00,583.383198499108,583.5209285665185,576.5072620387259,580.4223022460938,69973300,0.0,0.0,0.0
2025-05-30 00:00:00-04:00,579.3204944032111,581.4846092815853,573.7233350319688,579.7730102539062,90601200,0.0,0.0,0.0
2025-06-02 00:00:00-04:00,578.1695751189003,583.1174697772985,575.5136188023458,583.038818359375,61630500,0.0,0.0,0.0
2025-06-03 00:00:00-04:00,582.6748360752176,587.3374840604879,582.1927809545153,586.3636474609375,63606200,0.0,0.0,0.0
2025-06-04 00:00:00-04:00,587.2195213026215,588.1933580255613,585.77347583579,586.206298828125,57314200,0.0,0.0,0.0
2025-06-05 00:00:00-04:00,587.8785152313988,589.2261562279789,581.4058638494905,583.3732299804688,92278700,0.0,0.0,0.0
2025-06-06 00:00:00-04:00,588.8917438854173,591.0263796061765,587.1211261759919,589.3639526367188,66588700,0.0,0.0,0.0
2025-06-09 00:00:00-04:00,589.9344673159251,591.4395314497265,588.7245561772476,589.8951416015625,53016400,0.0,0.0,0.0
2025-06-10 00:00:00-04:00,590.426305457828,593.6232758793388,589.3147986704665,593.2396850585938,66247000,0.0,0.0,0.0
2025-06-11 00:00:00-04:00,594.3315698285918,595.1873694307895,589.491865174911,591.5477294921875,73658200,0.0,0.0,0.0
2025-06-12 00:00:00-04:00,590.2197770479303,593.8987426757812,589.7377818775473,593.8987426757812,64129000,0.0,0.0,0.0
2025-06-13 00:00:00-04:00,588.7343748466453,592.0296894370186,585.7636324727854,587.2588500976562,89506000,0.0,0.0,0.0
2025-06-16 00:00:00-04:00,590.6033640975234,594.5872686908244,590.42624830293,592.8461303710938,79984100,0.0,0.0,0.0
2025-06-17 00:00:00-04:00,590.4164759991057,591.9313264126861,587.0227571759267,587.7802124023438,82209400,0.0,0.0,0.0
2025-06-18 00:00:00-04:00,588.6753335186196,591.4099413940326,586.7374465360585,587.691650390625,76605000,0.0,0.0,0.0
2025-06-20 00:00:00-04:00,590.3565237964918,591.4220592916591,584.910520395366,586.3115234375,94051400,1.761,0.0,0.0
2025-06-23 00:00:00-04:00,587.0611954614843,592.4874469643536,583.9534693671619,592.1027221679688,87426000,0.0,0.0,0.0
2025-06-24 00:00:00-04:00,596.2266384998721,599.6993983536543,595.3189312980566,598.643798828125,67735300,0.0,0.0,0.0
2025-06-25 00:00:00-04:00,599.7586945360007,600.4493204937829,597.4204779573378,598.9793090820312,62114800,0.0,0.0,0.0
2025-06-26 00:00:00-04:00,600.8242007377552,604.0996909412141,600.2125189749694,603.6655883789062,78548400,0.0,0.0,0.0
2025-06-27 00:00:00-04:00,604.6620460106875,608.1249909093486,602.6395460052738,606.664794921875,86258400,0.0,0.0,0.0
2025-06-30 00:00:00-04:00,609.1017606660369,610.9170549934429,606.793110456443,609.5654296875,92502500,0.0,0.0,0.0
2025-07-01 00:00:00-04:00,608.0954226976304,610.532334615444,607.2667196950123,609.3681640625,70030100,0.0,0.0,0.0
2025-07-02 00:00:00-04:00,608.9635746030316,612.1699961712587,608.3420172970813,612.1305541992188,66510400,0.0,0.0,0.0
2025-07-03 00:00:00-04:00,614.1036930875782,617.882354174148,614.0839419945853,616.9549560546875,51065800,0.0,0.0,0.0
2025-07-07 00:00:00-04:00,615.0015403770067,615.6625999062851,609.5851637565357,612.3574829101562,74814500,0.0,0.0,0.0
2025-07-08 00:00:00-04:00,613.0183791229364,613.7681980220225,611.212960697591,612.02197265625,59024600,0.0,0.0,0.0
2025-07-09 00:00:00-04:00,614.4194576258184,616.3432624074327,612.5843521193799,615.692138671875,66113300,0.0,0.0,0.0
2025-07-10 00:00:00-04:00,615.8302548644143,618.4644365752275,614.6562088976586,617.4285278320312,57529000,0.0,0.0,0.0
2025-07-11 00:00:00-04:00,614.3897295883519,616.4812978948729,613.1959929007123,615.2579345703125,63670200,0.0,0.0,0.0
2025-07-14 00:00:00-04:00,614.804168244691,616.7773507170579,613.4624186155016,616.4320678710938,51898500,0.0,0.0,0.0
2025-07-15 00:00:00-04:00,619.1057169315715,619.4411242116038,613.7189074073614,613.7978515625,74317300,0.0,0.0,0.0
2025-07-16 00:00:00-04:00,615.3763700559891,616.3530856848711,609.7626638597798,615.8499145507812,88987500,0.0,0.0,0.0
2025-07-17 00:00:00-04:00,616.027506506921,619.9738709042318,615.8104251523631,619.61865234375,68885700,0.0,0.0,0.0
2025-07-18 00:00:00-04:00,620.8618249379944,621.0295285799061,618.0599396747441,619.1649169921875,65621600,0.0,0.0,0.0
2025-07-21 00:00:00-04:00,620.3389282226562,623.0717447236228,619.9147012599321,620.3389282226562,63375000,0.0,0.0,0.0
2025-07-22 00:00:00-04:00,620.6645066309135,621.2860639110608,617.7935527028395,620.427734375,60046300,0.0,0.0,0.0
2025-07-23 00:00:00-04:00,623.0817490356008,625.7061157226562,621.2861455699198,625.7061157226562,70511000,0.0,0.0,0.0
2025-07-24 00:00:00-04:00,626.0908482604223,627.6201130303268,625.4890419873703,625.9132690429688,71307100,0.0,0.0,0.0
2025-07-25 00:00:00-04:00,626.5743140212653,629.0309167973285,626.3276661888614,628.5573120117188,56865400,0.0,0.0,0.0
2025-07-28 00:00:00-04:00,628.9320905563593,629.4845791772158,627.0181013668307,628.3993530273438,54917100,0.0,0.0,0.0
2025-07-29 00:00:00-04:00,629.7904764849706,630.1061928990167,625.8342963044605,626.741943359375,60556300,0.0,0.0,0.0
2025-07-30 00:00:00-04:00,627.3930824208583,629.129492632239,623.0718079865017,625.9526977539062,80418900,0.0,0.0,0.0
2025-07-31 00:00:00-04:00,630.8856625012866,631.2703873241156,622.3121821287813,623.6046142578125,103385200,0.0,0.0,0.0
2025-08-01 00:00:00-04:00,617.9020886786027,617.9415908673775,610.9860743719428,613.3834838867188,140103600,0.0,0.0,0.0
2025-08-04 00:00:00-04:00,617.280474690056,622.7560435889075,617.1917152069655,622.7067260742188,73218000,0.0,0.0,0.0
2025-08-05 00:00:00-04:00,623.3184684441039,624.1274805006751,618.6321599743907,619.5496826171875,68051400,0.0,0.0,0.0
2025-08-06 00:00:00-04:00,620.615200817688,624.9463507668227,619.7075537473198,624.2952270507812,64357500,0.0,0.0,0.0
2025-08-07 00:00:00-04:00,627.7087670325432,628.4388348760696,620.6743670535704,623.7722778320312,74205800,0.0,0.0,0.0
2025-08-08 00:00:00-04:00,625.5580704635792,629.099959687417,625.2423540250035,628.63623046875,64051600,0.0,0.0,0.0
2025-08-11 00:00:00-04:00,628.9124554108,630.382466681372,626.1499518449814,627.39306640625,58742300,0.0,0.0,0.0
2025-08-12 00:00:00-04:00,629.7314223505651,634.230276863937,628.2515352051564,634.0724487304688,64730800,0.0,0.0,0.0
2025-08-13 00:00:00-04:00,636.2625497647373,637.5254154950222,634.0624705008762,636.2428588867188,60092800,0.0,0.0,0.0
2025-08-14 00:00:00-04:00,634.1709920856589,636.9630622902898,633.7270741796365,636.3020629882812,59327500,0.0,0.0,0.0
2025-08-15 00:00:00-04:00,637.3280514224831,637.4267466743545,633.9046087993034,634.812255859375,68592500,0.0,0.0,0.0
2025-08-18 00:00:00-04:00,634.2399697526556,635.3646981112688,633.5690949992928,634.674072265625,43804900,0.0,0.0,0.0
2025-08-19 00:00:00-04:00,634.4965717210093,635.4732874420525,629.9187737835771,631.23095703125,69750700,0.0,0.0,0.0
2025-08-20 00:00:00-04:00,630.8263909955051,631.0828541065845,624.4628661799295,629.5536499023438,88890300,0.0,0.0,0.0
2025-08-21 00:00:00-04:00,627.7483287539096,629.4156102095885,625.3114169787772,627.028076171875,54805800,0.0,0.0,0.0
2025-08-22 00:00:00-04:00,629.2084140029245,637.8312114652382,628.70524285572,636.6571655273438,84083200,0.0,0.0,0.0
2025-08-25 00:00:00-04:00,635.4041800322128,636.6374190424261,633.7368384817344,633.855224609375,51274300,0.0,0.0,0.0
2025-08-26 00:00:00-04:00,633.5889446007113,636.8545593934813,632.9673872646679,636.5092163085938,51581600,0.0,0.0,0.0
2025-08-27 00:00:00-04:00,635.9270971923372,638.6895405097797,635.7790844255956,637.95947265625,48341100,0.0,0.0,0.0
2025-08-28 00:00:00-04:00,638.5612839961418,640.7712386679527,636.6867968305069,640.21875,61519500,0.0,0.0,0.0
2025-08-29 00:00:00-04:00,638.7882298477452,639.1533240222955,634.5163329434167,636.4006958007812,74522200,0.0,0.0,0.0
2025-09-02 00:00:00-04:00,628.9518765829083,631.9017745733,626.406454480519,631.6847534179688,81983500,0.0,0.0,0.0
2025-09-03 00:00:00-04:00,634.05255551225,635.5719445130327,631.8722274787872,635.1082153320312,70820900,0.0,0.0,0.0
2025-09-04 00:00:00-04:00,635.7790253710294,640.4456422622957,634.881253957531,640.416015625,65219200,0.0,0.0,0.0
2025-09-05 00:00:00-04:00,642.7444163544111,643.4646688785257,634.7037341963564,638.561279296875,85178900,0.0,0.0,0.0
2025-09-08 00:00:00-04:00,639.922799046398,641.1264716601992,638.5514227841185,640.1300048828125,63133100,0.0,0.0,0.0
2025-09-09 00:00:00-04:00,640.268114410177,642.1327863823664,638.54157966928,641.6099243164062,66133900,0.0,0.0,0.0
2025-09-10 00:00:00-04:00,644.8557277247635,645.7732503039375,641.9058297062181,643.4646606445312,78034500,0.0,0.0,0.0
2025-09-11 00:00:00-04:00,645.4082598463015,649.502637640468,644.8262047273438,648.81201171875,69934400,0.0,0.0,0.0
2025-09-12 00:00:00-04:00,648.7823033562848,650.2720655980789,648.091737738302,648.5948486328125,72780100,0.0,0.0,0.0
2025-09-15 00:00:00-04:00,650.7950437367242,652.1762353081463,650.499078415473,652.0479736328125,63772400,0.0,0.0,0.0
2025-09-16 00:00:00-04:00,652.6004677140577,652.9063688014267,650.3708221309846,651.1502075195312,61169000,0.0,0.0,0.0
2025-09-17 00:00:00-04:00,651.1601352003632,652.8471677889224,645.5266771850337,650.3412475585938,101952200,0.0,0.0,0.0
2025-09-18 00:00:00-04:00,653.0149098952402,655.9746837040749,651.4166368558095,653.3799438476562,90459200,0.0,0.0,0.0
2025-09-19 00:00:00-04:00,655.2606553211801,657.4569312262267,653.3215535907623,656.6160278320312,97945600,1.831,0.0,0.0
2025-09-22 00:00:00-04:00,655.1320445581616,660.1676828141602,655.1023357778903,659.7225341796875,69452200,0.0,0.0,0.0
2025-09-23 00:00:00-04:00,659.6038334668184,660.2172715413061,654.9144348188496,656.13134765625,81708900,0.0,0.0,0.0
2025-09-24 00:00:00-04:00,657.4173995788382,657.5163080809864,652.6290324775867,654.0437622070312,68082200,0.0,0.0,0.0
2025-09-25 00:00:00-04:00,650.91749472694,652.3717757310584,647.4251431178142,651.0263061523438,89622100,0.0,0.0,0.0
2025-09-26 00:00:00-04:00,652.4707616041429,655.3002210405111,650.8581544995363,654.756103515625,69179200,0.0,0.0,0.0
2025-09-29 00:00:00-04:00,657.2689872647139,658.1792111877495,654.7956708332731,656.5962524414062,73499000,0.0,0.0,0.0
2025-09-30 00:00:00-04:00,655.8542079251938,659.5345338964465,654.5482897020846,659.0695190429688,86288000,0.0,0.0,0.0
2025-10-01 00:00:00-04:00,656.0916952927918,662.2255322042525,655.9828838603935,661.3153686523438,72545400,0.0,0.0,0.0
2025-10-02 00:00:00-04:00,663.2939389771905,663.4126533220159,659.6631277666079,662.0770263671875,56896000,0.0,0.0,0.0
2025-10-03 00:00:00-04:00,662.838842966907,665.5001336306916,661.0283585893458,662.0671997070312,70494400,0.0,0.0,0.0
2025-10-06 00:00:00-04:00,664.451431246289,665.3319462864663,662.314512664693,664.4415283203125,54623300,0.0,0.0,0.0
2025-10-07 00:00:00-04:00,665.3616291701808,665.8068381763353,660.5436138980969,661.9781494140625,72020100,0.0,0.0,0.0
2025-10-08 00:00:00-04:00,663.0960778489103,666.0245059882836,662.2749199573431,665.925537109375,60702200,0.0,0.0,0.0
2025-10-09 00:00:00-04:00,666.3411584665431,666.7467557943302,662.0672604073742,663.9963989257812,66501900,0.0,0.0,0.0
2025-10-10 00:00:00-04:00,664.9560020556908,666.7565834688588,645.8719162752307,646.0499877929688,159422600,0.0,0.0,0.0
2025-10-13 00:00:00-04:00,653.5985682812151,658.030731623523,652.7279561413051,655.9630126953125,79560500,0.0,0.0,0.0
2025-10-14 00:00:00-04:00,650.1556923521978,658.7232938317348,646.1983862715207,655.1616821289062,88779600,0.0,0.0,0.0
2025-10-15 00:00:00-04:00,659.7026642450096,663.0762408380068,651.8968641380318,658.0702514648438,81702600,0.0,0.0,0.0
2025-10-16 00:00:00-04:00,659.702653099313,661.572494532197,650.0962717870328,653.588623046875,110563300,0.0,0.0,0.0
2025-10-17 00:00:00-04:00,652.4608239631079,658.6540174880462,651.1153544209424,657.2986450195312,96500900,0.0,0.0,0.0
2025-10-20 00:00:00-04:00,660.197387427611,665.0352086527322,660.1479331778372,664.1348876953125,60493400,0.0,0.0,0.0
2025-10-21 00:00:00-04:00,664.2733620876278,665.8068060270512,662.8289237149189,664.1249389648438,56249000,0.0,0.0,0.0
2025-10-22 00:00:00-04:00,664.8274246920023,664.8274246920023,656.2202718491607,660.6722412109375,80564000,0.0,0.0,0.0
2025-10-23 00:00:00-04:00,660.988802941274,665.5298380529869,660.6722112216523,664.5899658203125,65604500,0.0,0.0,0.0
2025-10-24 00:00:00-04:00,669.2398161192735,671.2283116328227,668.4384640813665,670.0213623046875,74356500,0.0,0.0,0.0
2025-10-27 00:00:00-04:00,675.4428672302427,678.2228723013301,674.8393925526769,677.9260864257812,63339800,0.0,0.0,0.0
2025-10-28 00:00:00-04:00,679.7167206093349,681.5568533012904,677.520444889974,679.7266235351562,61738100,0.0,0.0,0.0
2025-10-29 00:00:00-04:00,681.3688612448931,682.338442194909,675.5813258562629,680.0531005859375,85657100,0.0,0.0,0.0
2025-10-30 00:00:00-04:00,676.6004800474726,678.6186845559015,672.5739135742188,672.5739135742188,76335800,0.0,0.0,0.0
2025-10-31 00:00:00-04:00,677.7282029402567,677.7678146457715,671.9901213244605,674.780029296875,87164100,0.0,0.0,0.0
2025-11-03 00:00:00-05:00,678.3514127088982,678.480029971011,672.6825917853487,676.0463256835938,57315000,0.0,0.0,0.0
2025-11-04 00:00:00-05:00,668.8934850512616,672.702428076588,667.3798469971412,668.0327758789062,78427000,0.0,0.0,0.0
2025-11-05 00:00:00-05:00,667.7754935295252,673.5927374125945,666.9741415856171,670.3477783203125,74402400,0.0,0.0,0.0
2025-11-06 00:00:00-05:00,669.2496813312496,670.150002278421,661.5824008089137,663.1554565429688,85035300,0.0,0.0,0.0
2025-11-07 00:00:00-05:00,660.781013040124,663.9172214121945,654.1525740278607,663.808349609375,100592400,0.0,0.0,0.0
2025-11-10 00:00:00-05:00,670.011442763763,674.8987178962867,667.8250699305912,674.1666259765625,75842900,0.0,0.0,0.0
2025-11-11 00:00:00-05:00,672.6925881240425,676.2739453424548,671.4855783543771,675.7100219726562,58953400,0.0,0.0,0.0
2025-11-12 00:00:00-05:00,677.4809224347684,677.6491514285055,673.6819422079296,676.0859985351562,62312500,0.0,0.0,0.0
2025-11-13 00:00:00-05:00,673.2367288900627,673.5928719621189,663.3632690735044,664.8670043945312,103457800,0.0,0.0,0.0
2025-11-14 00:00:00-05:00,658.2780414721369,668.4482860302248,656.1905771441307,664.7581176757812,96846700,0.0,0.0,0.0
2025-11-17 00:00:00-05:00,662.5519561070769,666.5191649555097,655.1022987242936,658.56494140625,90456100,0.0,0.0,0.0
2025-11-18 00:00:00-05:00,655.0330664835586,658.0208519047019,648.8596786437042,653.03466796875,114467500,0.0,0.0,0.0
2025-11-19 00:00:00-05:00,653.7271433162842,660.217122241199,651.718781691756,655.557373046875,94703000,0.0,0.0,0.0
2025-11-20 00:00:00-05:00,665.7276649913678,668.3494043558474,644.9320631333248,645.5652465820312,165293500,0.0,0.0,0.0
2025-11-21 00:00:00-05:00,648.0582892153691,657.4568906385811,643.9031059831046,651.995849609375,123956200,0.0,0.0,0.0
2025-11-24 00:00:00-05:00,655.6167748873626,662.9081062970187,654.5285399004904,661.59228515625,80437900,0.0,0.0,0.0
2025-11-25 00:00:00-05:00,661.4934352510542,668.9925476262177,657.3877057953216,667.8152465820312,81077100,0.0,0.0,0.0
2025-11-26 00:00:00-05:00,670.3973686817876,674.4239350690651,669.4970476879164,672.4254760742188,71879600,0.0,0.0,0.0
2025-11-28 00:00:00-05:00,673.5928002628821,676.3728052050843,673.2366572287348,676.0958251953125,49212000,0.0,0.0,0.0
2025-12-01 00:00:00-05:00,671.5647168500374,675.7000943604489,671.4954567492206,673.0091552734375,61201200,0.0,0.0,0.0
2025-12-02 00:00:00-05:00,674.6414676887413,676.5212120744054,672.0791460292079,674.2556762695312,62953800,0.0,0.0,0.0
2025-12-03 00:00:00-05:00,673.3059439079583,677.5995871066391,672.4353317565424,676.5905151367188,57238500,0.0,0.0,0.0
2025-12-04 00:00:00-05:00,677.9854045442221,678.05466464181,674.0677104452674,677.0851440429688,61970300,0.0,0.0,0.0
2025-12-05 00:00:00-05:00,678.1535936302283,681.0424704296607,677.2731389541586,678.3712768554688,79241000,0.0,0.0,0.0
2025-12-08 00:00:00-05:00,679.2616800097057,679.3111342559135,674.2952418630646,676.333251953125,55231500,0.0,0.0,0.0
2025-12-09 00:00:00-05:00,675.8584445640498,678.0745263345831,675.3044241214166,675.7495727539062,58310100,0.0,0.0,0.0
2025-12-10 00:00:00-05:00,675.2747265375898,681.616283144729,674.0380683519487,680.2312622070312,85671300,0.0,0.0,0.0
2025-12-11 00:00:00-05:00,677.82719343181,681.8933109790751,674.8888622374254,681.8141479492188,86173700,0.0,0.0,0.0
2025-12-12 00:00:00-05:00,680.8248329648462,681.5272765513724,671.9208940415416,674.4832763671875,113160300,0.0,0.0,0.0
2025-12-15 00:00:00-05:00,678.4207075198718,678.4405133715769,671.999988545765,673.4641723632812,90811000,0.0,0.0,0.0
2025-12-16 00:00:00-05:00,671.9802275249427,673.8105178026394,667.7755898483048,671.6240844726562,122030600,0.0,0.0,0.0
2025-12-17 00:00:00-05:00,672.6331978735437,673.1773153631458,664.035948310003,664.2338256835938,110625200,0.0,0.0,0.0
2025-12-18 00:00:00-05:00,670.3676386439364,673.47413846835,667.6965052957117,669.2496948242188,108650100,0.0,0.0,0.0
2025-12-19 00:00:00-05:00,671.3463691548195,675.8114935895343,671.2272434527378,675.3153686523438,103599500,1.993,0.0,0.0
2025-12-22 00:00:00-05:00,678.6394050189502,680.0483829319917,675.3153920494597,679.5225219726562,69556700,0.0,0.0,0.0
2025-12-23 00:00:00-05:00,678.6194459960617,682.8663040830753,678.569845619967,682.628173828125,64840000,0.0,0.0,0.0
2025-12-24 00:00:00-05:00,682.6183200290311,685.4760045408373,682.4694583215327,685.0294799804688,39445600,0.0,0.0,0.0
2025-12-26 00:00:00-05:00,685.2874813951044,686.2995351048382,683.9281038851597,684.9600219726562,41613300,0.0,0.0,0.0
2025-12-29 00:00:00-05:00,682.2114479341877,683.8586166189733,680.7528697076866,682.51904296875,62559500,0.0,0.0,0.0
2025-12-30 00:00:00-05:00,682.1222002850684,683.2235831301442,681.2589477241032,681.6856079101562,47160700,0.0,0.0,0.0
2025-12-31 00:00:00-05:00,681.8145855439083,682.0328514439952,676.4266760541103,676.635009765625,74144800,0.0,0.0,0.0
2026-01-02 00:00:00-05:00,680.3956585252009,681.5466416904673,674.5512924418268,677.8753051757812,89377200,0.0,0.0,0.0
2026-01-05 00:00:00-05:00,681.2191671325683,684.086783636805,681.060433809282,682.3900146484375,71927200,0.0,0.0,0.0
2026-01-06 00:00:00-05:00,682.5984300063299,686.9544213697425,682.4496288665487,686.4483642578125,69273800,0.0,0.0,0.0
2026-01-07 00:00:00-05:00,686.8254142672773,688.5817158514149,683.9776620917838,684.2356567382812,75588300,0.0,0.0,0.0
2026-01-08 00:00:00-05:00,683.4815439165204,685.2675815209567,682.1618346683338,684.1661987304688,64019200,0.0,0.0,0.0
2026-01-09 00:00:00-05:00,685.2775150455628,689.9212370510019,683.8387406584166,688.6908569335938,80125500,0.0,0.0,0.0
2026-01-12 00:00:00-05:00,685.3271398200249,690.6952455853734,685.2775394384523,689.7723999023438,63976000,0.0,0.0,0.0
2026-01-13 00:00:00-05:00,690.0998291255927,690.6952153647912,685.9919002674054,688.3931884765625,78309700,0.0,0.0,0.0
2026-01-14 00:00:00-05:00,685.6446980414748,686.3590889175136,680.7231166120667,685.0096435546875,94676700,0.0,0.0,0.0
2026-01-15 00:00:00-05:00,689.1870202593807,690.0602050162862,685.8927433241695,686.8750610351562,77862000,0.0,0.0,0.0
2026-01-16 00:00:00-05:00,688.2839991969948,688.869453251486,684.7515921796883,686.2994995117188,79289200,0.0,0.0,0.0
2026-01-20 00:00:00-05:00,676.2082832182709,679.4628915199756,671.3264313278333,672.32861328125,111623300,0.0,0.0,0.0
2026-01-21 00:00:00-05:00,674.3826370735425,683.402154325963,672.8743979165272,680.0880737304688,127844500,0.0,0.0,0.0
2026-01-22 00:00:00-05:00,684.5035723961656,685.7736813437502,681.5962874434288,683.6403198242188,77112200,0.0,0.0,0.0
2026-01-23 00:00:00-05:00,682.8167194920136,685.6049389887335,681.8343413244536,683.8883056640625,63059600,0.0,0.0,0.0
2026-01-26 00:00:00-05:00,685.138576123168,688.7503800429489,684.5729864520383,687.3612060546875,60473800,0.0,0.0,0.0
2026-01-27 00:00:00-05:00,688.799947686109,691.1317710154308,688.1946898528689,690.0997924804688,55506100,0.0,0.0,0.0
2026-01-28 00:00:00-05:00,691.6477064811113,692.4316225777728,688.5618241580821,690.0303344726562,61172200,0.0,0.0,0.0
2026-01-29 00:00:00-05:00,690.9928952881424,691.657685737667,679.5224893166136,688.6610717773438,97486200,0.0,0.0,0.0
2026-01-30 00:00:00-05:00,686.4285189892349,688.8298072906449,681.7947290319643,686.6071166992188,101835100,0.0,0.0,0.0
2026-02-02 00:00:00-05:00,684.2357342361453,691.528747109235,684.0769403301045,690.0205078125,79286500,0.0,0.0,0.0
2026-02-03 00:00:00-05:00,690.8142565672537,691.5584439188771,678.7286612443456,684.18603515625,107904600,0.0,0.0,0.0
2026-02-04 00:00:00-05:00,684.9996810996682,686.0911923060062,676.4762885369656,680.8719482421875,105204600,0.0,0.0,0.0
2026-02-05 00:00:00-05:00,675.6626239798336,678.3913111024622,670.5525129616972,672.3683471679688,113610800,0.0,0.0,0.0
2026-02-06 00:00:00-05:00,676.1785962582386,686.9444827733389,675.5732778299765,685.267578125,89127600,0.0,0.0,0.0
2026-02-09 00:00:00-05:00,684.0769172088077,690.4769412520913,683.0053309088385,688.5718383789062,73885200,0.0,0.0,0.0
2026-02-10 00:00:00-05:00,689.5640042757049,691.1416475283962,686.2994637039938,686.7559204101562,65185700,0.0,0.0,0.0
2026-02-11 00:00:00-05:00,690.9928885783248,691.7370759669038,683.8387453470867,686.5972290039062,76353900,0.0,0.0,0.0
2026-02-12 00:00:00-05:00,688.8595645054852,689.9609473653614,675.097063165144,675.9901123046875,118829000,0.0,0.0,0.0
2026-02-13 00:00:00-05:00,676.4067760275798,680.96122930703,672.2691112734435,676.46630859375,96267500,0.0,0.0,0.0
2026-02-17 00:00:00-05:00,674.8688419019007,679.6316291710169,670.5426469985775,677.5578002929688,81354700,0.0,0.0,0.0
2026-02-18 00:00:00-05:00,678.7187643851827,683.8090109802145,677.53798463666,680.9711303710938,73570300,0.0,0.0,0.0
2026-02-19 00:00:00-05:00,678.5401160314528,680.86194660128,676.2678252760687,679.1751098632812,58649400,0.0,0.0,0.0
2026-02-20 00:00:00-05:00,677.0319706522042,684.71197532004,676.4465165538227,684.0868530273438,100034000,0.0,0.0,0.0
2026-02-23 00:00:00-05:00,682.4992209190492,684.6523861034582,675.0970153480879,677.1013793945312,90558100,0.0,0.0,0.0
2026-02-24 00:00:00-05:00,676.6151751251432,683.0151380016027,674.7298762460771,682.0228881835938,73798700,0.0,0.0,0.0
2026-02-25 00:00:00-05:00,684.8310015582731,688.3038760705598,684.7516046120257,687.7780151367188,56369500,0.0,0.0,0.0
2026-02-26 00:00:00-05:00,687.9069589925494,687.926762805978,679.0461151309984,683.957763671875,71671000,0.0,0.0,0.0
2026-02-27 00:00:00-05:00,677.795973699009,681.5367144347911,676.35719931042,680.6734619140625,83308900,0.0,0.0,0.0
2026-03-02 00:00:00-05:00,673.4400139353526,683.2831159083878,672.765291276125,681.0604858398438,87477200,0.0,0.0,0.0
2026-03-03 00:00:00-05:00,669.8281968363514,677.3196712649806,664.4700232973693,675.057373046875,105003100,0.0,0.0,0.0
2026-03-04 00:00:00-05:00,676.3472549970834,681.7649608594664,674.3528231531807,679.8201293945312,79182200,0.0,0.0,0.0
2026-03-05 00:00:00-05:00,676.7938369684096,680.2171112774074,670.3739485451397,676.02978515625,106606500,0.0,0.0,0.0
2026-03-06 00:00:00-05:00,668.1909311447467,670.8700177972564,664.5692556037578,667.1689453125,100687000,0.0,0.0,0.0
2026-03-09 00:00:00-04:00,661.2254329083217,674.6505427155427,657.2564332632285,673.0133666992188,102667700,0.0,0.0,0.0
2026-03-10 00:00:00-04:00,672.4675558251363,678.0638596518006,669.5305349566006,671.9317626953125,81505300,0.0,0.0,0.0
2026-03-11 00:00:00-04:00,672.3286912573745,674.8093159596237,668.1215614523004,671.08837890625,68441700,0.0,0.0,0.0
2026-03-12 00:00:00-04:00,665.9583993556241,666.4446526664856,660.7094193200438,660.89794921875,108882200,0.0,0.0,0.0
2026-03-13 00:00:00-04:00,664.0831110227487,667.1293254881115,656.2343803863124,657.1571655273438,97200200,0.0,0.0,0.0
2026-03-16 00:00:00-04:00,663.1999840519829,666.8613885560293,661.9497395049242,663.844970703125,82023100,0.0,0.0,0.0
2026-03-17 00:00:00-04:00,667.1788836379297,669.2129836950214,664.5097291491037,665.5912475585938,87128000,0.0,0.0,0.0
2026-03-18 00:00:00-04:00,663.1800557566115,664.5295009374192,656.0656417127632,656.3037719726562,82062600,0.0,0.0,0.0
2026-03-19 00:00:00-04:00,651.8783782687178,657.8418097710767,650.0923405870744,654.6864624023438,111272500,0.0,0.0,0.0
2026-03-20 00:00:00-04:00,653.2010079047443,653.380093364961,641.4703940766159,645.301025390625,163617500,1.797,0.0,0.0
2026-03-23 00:00:00-04:00,654.7531040433624,659.2801583045331,650.6439158314106,652.07666015625,134802700,0.0,0.0,0.0
2026-03-24 00:00:00-04:00,648.0371459178807,653.7183875512989,646.604401549905,649.8877563476562,96457500,0.0,0.0,0.0
2026-03-25 00:00:00-04:00,655.3500504609481,657.5588924447279,650.9423865337293,653.5093994140625,90653800,0.0,0.0,0.0
2026-03-26 00:00:00-04:00,648.773401781548,651.5493174066021,641.5699034672713,641.8385620117188,96494400,0.0,0.0,0.0
2026-03-27 00:00:00-04:00,639.2615657472361,639.4207325687934,629.9188801961861,630.8939819335938,103649400,0.0,0.0,0.0
2026-03-30 00:00:00-04:00,636.8836547011163,637.1423539459004,626.108284608157,628.78466796875,99275900,0.0,0.0,0.0
2026-03-31 00:00:00-04:00,635.719508676349,648.255975728372,634.7643255692599,647.0620727539062,152534100,0.0,0.0,0.0
2026-04-01 00:00:00-04:00,650.6041659517412,655.2008748639518,649.7086779392242,651.9373779296875,97841500,0.0,0.0,0.0
2026-04-02 00:00:00-04:00,643.161809607987,654.8824636102106,641.858414876014,652.5244140625,68358700,0.0,0.0,0.0
2026-04-06 00:00:00-04:00,652.5542919409455,656.3948220300638,652.2160396308291,655.6088256835938,39105800,0.0,0.0,0.0
2026-04-07 00:00:00-04:00,653.3402849463747,656.285326673986,647.7784337275787,655.8972778320312,69980400,0.0,0.0,0.0
2026-04-08 00:00:00-04:00,672.980811715349,673.6673363432215,668.0756676404139,672.6027221679688,93606100,0.0,0.0,0.0
2026-04-09 00:00:00-04:00,671.438579338256,677.7266707213284,670.3739652533407,676.4829711914062,57134400,0.0,0.0,0.0
2026-04-10 00:00:00-04:00,677.885949822129,678.5923930707559,675.0304203424645,676.0353393554688,42253500,0.0,0.0,0.0
2026-04-13 00:00:00-04:00,673.9956432299357,682.8408497944083,673.1698703787699,682.641845703125,54185800,0.0,0.0,0.0
2026-04-14 00:00:00-04:00,684.2238203737314,691.0791070995066,684.193942434314,690.959716796875,63480500,0.0,0.0,0.0
2026-04-15 00:00:00-04:00,691.7557051691649,696.7504224001667,690.7010502942645,696.412109375,58240400,0.0,0.0,0.0
2026-04-16 00:00:00-04:00,697.5264615426626,699.2378238459212,695.0092450197437,698.1234130859375,49972400,0.0,0.0,0.0
2026-04-17 00:00:00-04:00,702.5808909886877,708.7993894133457,702.2028014262665,706.5607299804688,70661900,0.0,0.0,0.0
2026-04-20 00:00:00-04:00,705.20752199003,706.3317705126415,702.5808139687996,705.1477661132812,43546800,0.0,0.0,0.0
2026-04-21 00:00:00-04:00,706.7000123508461,707.6949720613851,699.098505587723,700.53125,58941400,0.0,0.0,0.0
2026-04-22 00:00:00-04:00,705.5756906371417,707.8640857857167,704.6503246823615,707.6253051757812,42518500,0.0,0.0,0.0
2026-04-23 00:00:00-04:00,705.9239069650033,708.7694771316526,698.7403270820959,704.8792114257812,56174000,0.0,0.0,0.0
2026-04-24 00:00:00-04:00,707.1676287635845,710.8688498134599,705.4364085481575,710.341552734375,45182000,0.0,0.0,0.0
2026-04-27 00:00:00-04:00,709.5753882284523,712.023010938504,708.7097781525541,711.5653076171875,33135900,0.0,0.0,0.0
2026-04-28 00:00:00-04:00,708.2321938525355,709.2868486650957,705.6751402340362,708.1028442382812,43117400,0.0,0.0,0.0
2026-04-29 00:00:00-04:00,707.4163145996059,708.6102783309316,704.7995658491443,707.993408203125,41859200,0.0,0.0,0.0
2026-04-30 00:00:00-04:00,711.0280636665188,716.1620290590424,706.8691393587039,715.0377197265625,67240900,0.0,0.0,0.0
2026-05-01 00:00:00-04:00,717.6146516977453,721.216400793299,716.8385540170647,717.0177001953125,43049800,0.0,0.0,0.0
2026-05-04 00:00:00-04:00,716.4406056700121,718.4802608161392,711.3861936216806,714.3909912109375,51950600,0.0,0.0,0.0
2026-05-05 00:00:00-04:00,718.1320898558575,721.3855668152729,717.8534719876392,720.1220092773438,36933200,0.0,0.0,0.0
2026-05-06 00:00:00-04:00,724.489821452625,730.8874657022126,724.1515691652952,730.1312866210938,53288900,0.0,0.0,0.0
2026-05-07 00:00:00-04:00,731.3451201928577,732.4196936796947,726.0718458933673,727.8926391601562,51724600,0.0,0.0,0.0
2026-05-08 00:00:00-04:00,731.2257166531052,734.359863963193,730.8675457398152,733.9021606445312,47227100,0.0,0.0,0.0
2026-05-11 00:00:00-04:00,732.7380586745534,737.0561496205491,732.7380586745534,735.5736694335938,44024000,0.0,0.0,0.0
2026-05-12 00:00:00-04:00,733.1758744234386,735.1160580011854,728.1413807257971,734.4593505859375,54185300,0.0,0.0,0.0
2026-05-13 00:00:00-04:00,734.7478704606156,740.1604537310201,731.7629913201908,738.5685424804688,44200200,0.0,0.0,0.0
2026-05-14 00:00:00-04:00,739.9018102364839,745.7521781705404,739.8122371427646,744.3989868164062,45307600,0.0,0.0,0.0
2026-05-15 00:00:00-04:00,738.0511867146383,739.712813256131,734.2405345152865,735.4443969726562,60410800,0.0,0.0,0.0
2026-05-18 00:00:00-04:00,736.1010471042457,737.682999009625,729.6935042484962,734.927001953125,47843900,0.0,0.0,0.0
2026-05-19 00:00:00-04:00,731.0765556379026,733.9320852676053,727.8429364442825,730.0317993164062,54255900,0.0,0.0,0.0
2026-05-20 00:00:00-04:00,732.0018002736176,738.1307251173267,730.1909663879147,737.5138549804688,45768000,0.0,0.0,0.0
2026-05-21 00:00:00-04:00,734.9170485709385,741.1156280791548,733.3151780259534,738.9764404296875,43332200,0.0,0.0,0.0
2026-05-22 00:00:00-04:00,742.4787264390759,745.1651298094138,740.7275876279662,741.8817749023438,41762000,0.0,0.0,0.0
2026-05-26 00:00:00-04:00,746.2297301040182,748.3390397979183,744.5979816306177,746.8068237304688,41123600,0.0,0.0,0.0
2026-05-27 00:00:00-04:00,747.0953563113346,747.5928361692701,744.4487294597059,746.677490234375,42106300,0.0,0.0,0.0
2026-05-28 00:00:00-04:00,746.4685193943138,751.3438462445121,745.4536410614309,750.7965698242188,41562600,0.0,0.0,0.0
2026-05-29 00:00:00-04:00,752.0900813404212,754.2590862562773,750.8861582097875,752.6671142578125,55075700,0.0,0.0,0.0
2026-06-01 00:00:00-04:00,751.5527711685265,756.4480167905853,750.8861651495049,754.7167358398438,43634900,0.0,0.0,0.0
2026-06-02 00:00:00-04:00,753.2144012702464,756.5674107365072,752.9357833937803,755.7415771484375,31581900,0.0,0.0,0.0
2026-06-03 00:00:00-04:00,754.3287420712209,754.9754294579049,749.7718095132926,750.4384155273438,51402500,0.0,0.0,0.0
2026-06-04 00:00:00-04:00,748.3091480570178,754.4878695071194,747.6823186029123,753.2740478515625,49923000,0.0,0.0,0.0
2026-06-05 00:00:00-04:00,748.5181345185488,749.0255736853693,731.82274221843,733.83251953125,93989400,0.0,0.0,0.0
2026-06-08 00:00:00-04:00,739.6132273185567,741.5832888174093,734.4693026781229,735.4940795898438,49319100,0.0,0.0,0.0
2026-06-09 00:00:00-04:00,739.881873688386,743.1354112835509,718.9479438267383,733.3350219726562,87683500,0.0,0.0,0.0
2026-06-10 00:00:00-04:00,729.69352181897,734.6583610930755,721.6741489247238,721.7736206054688,60341300,0.0,0.0,0.0
2026-06-11 00:00:00-04:00,725.0868662900759,736.2702039965386,720.7587550057447,734.04150390625,86330500,0.0,0.0,0.0
2026-06-12 00:00:00-04:00,736.9766163198905,740.6877965432628,731.3252525489901,738.0113525390625,57079500,0.0,0.0,0.0
2026-06-15 00:00:00-04:00,748.0604304424444,752.8661028247,747.9709180763429,751.0254516601562,60176400,0.0,0.0,0.0
2026-06-16 00:00:00-04:00,750.7468576807364,751.6323864215939,746.100412710964,746.5481567382812,67093100,0.0,0.0,0.0
2026-06-17 00:00:00-04:00,747.5032315039188,748.3589429763433,735.4940609532621,737.225341796875,85945200,0.0,0.0,0.0
2026-06-18 00:00:00-04:00,745.907751654771,746.3765582049119,742.0173878962117,744.8902587890625,80875700,1.904,0.0,0.0
2026-06-22 00:00:00-04:00,745.8479411927095,748.321778689857,741.2892538871644,742.546142578125,46628100,0.0,0.0,0.0
2026-06-23 00:00:00-04:00,731.9922892059834,737.7978798883457,730.4860198600484,731.7628784179688,66846800,0.0,0.0,0.0
2026-06-24 00:00:00-04:00,733.3489180103626,738.1171068570358,729.0296875445486,731.4237060546875,57439500,0.0,0.0,0.0
2026-06-25 00:00:00-04:00,737.0796452204372,737.5385276888334,727.7927091295785,732.4810791015625,53934400,0.0,0.0,0.0
2026-06-26 00:00:00-04:00,727.144386135875,734.7056273477464,714.8050317832251,727.1842651367188,71034000,0.0,0.0,0.0
2026-06-29 00:00:00-04:00,734.7055914816465,739.7231001504891,730.27658724538,739.1644897460938,58035200,0.0,0.0,0.0
2026-06-30 00:00:00-04:00,739.4537599262709,746.1671307285668,739.0547872797607,744.9202270507812,55626000,0.0,0.0,0.0
2026-07-01 00:00:00-04:00,743.1545925484338,747.5835968507926,740.541087308444,743.9127197265625,47100900,0.0,0.0,0.0
2026-07-02 00:00:00-04:00,745.5486859530862,749.4489739445169,738.1969465958291,742.9351806640625,57447800,0.0,0.0,0.0
2026-07-06 00:00:00-04:00,746.885320136641,750.5462122974698,745.5585975722108,749.4190673828125,50673300,0.0,0.0,0.0
2026-07-07 00:00:00-04:00,748.3616416292718,749.0998597580657,743.364102770238,745.85791015625,43721500,0.0,0.0,0.0
2026-07-08 00:00:00-04:00,741.3191472958572,744.3017921335774,737.6782249675691,743.5536499023438,43767400,0.0,0.0,0.0
2026-07-09 00:00:00-04:00,745.4987759890873,750.1073272936331,743.7431866839036,749.8480224609375,41441700,0.0,0.0,0.0
2026-07-10 00:00:00-04:00,750.187115173852,753.5487626123848,746.2468873823584,753.0799560546875,42191300,0.0,0.0,0.0
2026-07-13 00:00:00-04:00,750.6060836597362,752.0425191788765,746.1471851864706,747.3142700195312,44013600,0.0,0.0,0.0
2026-07-14 00:00:00-04:00,749.0499474324819,751.4739818301254,746.8055207475287,749.9677124023438,35143100,0.0,0.0,0.0
2026-07-15 00:00:00-04:00,752.3717122204262,753.7084197839658,748.3417413555546,752.9403076171875,43844800,0.0,0.0,0.0
2026-07-16 00:00:00-04:00,750.8953984161742,752.7009125511715,746.0274814662645,748.8604125976562,46409800,0.0,0.0,0.0
2026-07-17 00:00:00-04:00,740.241827732839,745.438883195828,738.9649691671198,741.4487915039062,62651000,0.0,0.0,0.0
2026-07-20 00:00:00-04:00,745.2094908804986,746.8753371556621,739.6732506975046,740.2518310546875,50422300,0.0,0.0,0.0
2026-07-21 00:00:00-04:00,744.4413918284653,747.1845799829406,742.3366329839115,746.426513671875,34324300,0.0,0.0,0.0
2026-07-22 00:00:00-04:00,744.7705725456777,748.1621748950539,744.5211918106933,745.55859375,32836200,0.0,0.0,0.0
2026-07-23 00:00:00-04:00,737.5385562389782,740.7206569606348,733.3888874570794,736.3515014648438,55437300,0.0,0.0,0.0
2026-07-24 00:00:00-04:00,736.6806667930385,741.8777222786117,735.4636571620507,737.099609375,44782000,0.0,0.0,0.0
2026-07-27 00:00:00-04:00,743.0648074406847,743.6833276942111,734.0472217265344,737.25927734375,41461200,0.0,0.0,0.0
2026-07-28 00:00:00-04:00,737.3589950224286,740.9500533043114,734.156924420905,739.0248413085938,47322200,0.0,0.0,0.0
2026-07-29 00:00:00-04:00,738.1370526174048,740.8403618199718,727.2939826612791,727.6531372070312,70697200,0.0,0.0,0.0
2026-07-30 00:00:00-04:00,734.2267392747757,740.6109103701467,732.7703947650456,739.852783203125,66811300,0.0,0.0,0.0
2026-07-31 00:00:00-04:00,742.835410914187,747.0449895804718,735.8527500027326,745.1796264648438,62445900,0.0,0.0,0.0
2026-08-03 00:00:00-04:00,747.5836183167282,756.7009928898597,746.9451890027125,755.793212890625,59927500,0.0,0.0,0.0
2026-08-04 00:00:00-04:00,758.7458651152236,771.494176400126,758.6361522059436,769.4193725585938,69154800,0.0,0.0,0.0
2026-08-05 00:00:00-04:00,773.928165423025,774.9256883846499,767.6039039413469,767.8831787109375,44689100,0.0,0.0,0.0
2026-08-06 00:00:00-04:00,768.3021872511085,769.9081846177485,765.5589990885744,766.65625,38416900,0.0,0.0,0.0
2026-08-07 00:00:00-04:00,769.1101628301597,772.0029428489042,767.703621378493,771.3446044921875,43586300,0.0,0.0,0.0
2026-08-10 00:00:00-04:00,770.6861849056471,773.1301282404592,769.7086319253093,771.1151733398438,39249500,0.0,0.0,0.0
2026-08-11 00:00:00-04:00,772.6115040483734,772.6912620504304,767.2946895097219,768.6513061523438,36740600,0.0,0.0,0.0
2026-08-12 00:00:00-04:00,772.7910096110111,772.9805414027246,769.369513273419,770.5764770507812,33179100,0.0,0.0,0.0
2026-08-13 00:00:00-04:00,772.9506321027081,777.4394855444215,772.1925048911166,775.9531860351562,35634500,0.0,0.0,0.0
2026-08-14 00:00:00-04:00,776.6114939657781,776.8708596736758,773.509212209858,774.4169921875,31367900,0.0,0.0,0.0
2026-08-17 00:00:00-04:00,774.2573577843602,774.8559080861019,770.5964655970525,770.7560424804688,34356600,0.0,0.0,0.0
2026-08-18 00:00:00-04:00,766.7959149360092,767.5939211307613,765.0202948350139,765.5490112304688,43920900,0.0,0.0,0.0
2026-08-19 00:00:00-04:00,768.4517358705159,770.5564946026684,766.1973243479778,767.1549682617188,40306000,0.0,0.0,0.0
2026-08-20 00:00:00-04:00,764.0627220124634,766.2472997692572,760.1523881029335,760.7109985351562,45520300,0.0,0.0,0.0
2026-08-21 00:00:00-04:00,764.1524418077088,765.9479709365374,762.2770937955632,763.8232421875,39188700,0.0,0.0,0.0
2026-08-24 00:00:00-04:00,762.8856098637509,763.3244615010249,760.1922857963137,761.5787963867188,32430900,0.0,0.0,0.0
2026-08-25 00:00:00-04:00,764.262137078792,764.8806573052586,761.159855395616,764.0127563476562,27422300,0.0,0.0,0.0
2026-08-26 00:00:00-04:00,762.8356805789958,765.449185749943,762.0376744224566,764.182373046875,28751600,0.0,0.0,0.0
2026-08-27 00:00:00-04:00,766.5964060257239,770.4468300957561,765.2596984507333,769.18994140625,34557100,0.0,0.0,0.0
2026-08-28 00:00:00-04:00,769.8483393622295,773.3795487683207,766.4068729286823,767.4442749023438,36744300,0.0,0.0,0.0
2026-08-31 00:00:00-04:00,765.4292990280279,766.097622354185,762.8257178677422,765.1499633789062,38810800,0.0,0.0,0.0
2026-09-01 00:00:00-04:00,760.1224772031874,762.7758614763637,757.5987149009983,759.89306640625,41126300,0.0,0.0,0.0
2026-09-02 00:00:00-04:00,760.5614001563074,764.5315220914426,759.8431519587122,763.2646484375,29566200,0.0,0.0,0.0
2026-09-03 00:00:00-04:00,765.99791709853,772.112737807933,765.5490195828438,771.2548217773438,43531600,0.0,0.0,0.0
2026-09-04 00:00:00-04:00,770.0977256925568,770.9555808433835,767.0951717806925,768.2822265625,34054200,0.0,0.0,0.0
2026-09-08 00:00:00-04:00,767.1649647963771,767.7934091111229,763.2447069992287,764.0626831054688,44746100,0.0,0.0,0.0
2026-09-09 00:00:00-04:00,762.1873669257697,762.5763546117217,759.055130192088,760.5115356445312,32812400,0.0,0.0,0.0
2026-09-10 00:00:00-04:00,756.1523365872063,758.2271404471661,754.7657651010062,755.9528198242188,42740400,0.0,0.0,0.0
2026-09-11 00:00:00-04:00,762.8257171109622,764.4816392943262,761.7084962835214,762.3967895507812,45512700,0.0,0.0,0.0
2026-09-14 00:00:00-04:00,757.119891309806,761.6287143614769,756.0525344863368,758.9952392578125,43992400,0.0,0.0,0.0
2026-09-15 00:00:00-04:00,758.2371341657202,758.4665449596201,754.2769973083872,755.513916015625,46195000,0.0,0.0,0.0
2026-09-16 00:00:00-04:00,757.6187023523285,759.7833101686804,747.7432005092232,752.1821899414062,59217700,0.0,0.0,0.0
2026-09-17 00:00:00-04:00,761.2596848801362,761.6786274833105,758.0775841455181,760.7109985351562,49652800,0.0,0.0,0.0
2026-09-18 00:00:00-04:00,761.3099975585938,762.0,757.969970703125,761.6900024414062,65308100,1.889,0.0,0.0
