Date,open,high,low,close,volume,dividends,stock splits
2016-09-19 00:00:00-04:00,145.98780397642403,147.05710403798147,145.72535155182703,145.81283569335938,1058900,0.0,0.0
2016-09-20 00:00:00-04:00,147.14459761015695,148.2722205050064,146.26001095655485,147.3876190185547,1488200,0.0,0.0
2016-09-21 00:00:00-04:00,148.20414794760504,151.27592656635673,147.87362763565994,151.08151245117188,1791200,0.0,0.0
2016-09-22 00:00:00-04:00,152.04391095473449,153.69645349402268,151.33427779315596,153.25901794433594,1599000,0.0,0.0
2016-09-23 00:00:00-04:00,152.47163098833005,153.73533039123635,152.33553959880862,153.25901794433594,1626200,0.0,0.0
2016-09-26 00:00:00-04:00,152.59795984794366,152.59795984794366,151.26620761470173,151.8008575439453,1650500,0.0,0.0
2016-09-27 00:00:00-04:00,152.08275582682637,154.58102239113714,151.48006763340797,154.44493103027344,1874200,0.0,0.0
2016-09-28 00:00:00-04:00,154.64912080838454,154.64912080838454,152.7535565330281,154.21168518066406,946700,0.0,0.0
2016-09-29 00:00:00-04:00,154.20197241461838,154.8241067220645,151.003801884001,151.70370483398438,1473900,0.0,0.0
2016-09-30 00:00:00-04:00,152.32581145907767,155.07681550337554,152.32581145907767,154.61993408203125,1985900,0.0,0.0
2016-10-03 00:00:00-04:00,153.54089967541051,154.77545239685924,153.17151727675812,154.67823791503906,1304500,0.0,0.0
2016-10-04 00:00:00-04:00,154.54218416254216,154.9893501217884,152.10225433648282,153.1715545654297,1124700,0.0,0.0
2016-10-05 00:00:00-04:00,153.98808547089197,154.36719826653888,153.2784522939547,153.86170959472656,1171500,0.0,0.0
2016-10-06 00:00:00-04:00,154.08531124055588,154.08531124055588,152.82161159617874,154.01727294921875,998100,0.0,0.0
2016-10-07 00:00:00-04:00,154.56161175859344,154.56161175859344,152.61744054150424,153.79367065429688,1087000,0.0,0.0
2016-10-10 00:00:00-04:00,154.79493973643204,155.6309340724055,154.12419819755377,154.66856384277344,927800,0.0,0.0
2016-10-11 00:00:00-04:00,151.64534987153655,152.21887680155163,149.497034221903,150.5760498046875,2697500,0.0,0.0
2016-10-12 00:00:00-04:00,150.66357456794904,150.9260270387677,149.3026456287559,149.5067901611328,1088600,0.0,0.0
2016-10-13 00:00:00-04:00,148.4861120980529,148.86522498243593,146.89189191335845,147.7862091064453,2191800,0.0,0.0
2016-10-14 00:00:00-04:00,148.62215142589824,148.66102831942547,147.27095317490117,147.47509765625,1477900,0.0,0.0
2016-10-17 00:00:00-04:00,147.6111681199601,147.6111681199601,146.1044328426266,146.57102966308594,1614000,0.0,0.0
2016-10-18 00:00:00-04:00,147.94170691693833,148.06808278895542,146.84324546410986,147.43621826171875,1727300,0.0,0.0
2016-10-19 00:00:00-04:00,146.8918349510199,147.78615179730477,146.79462047155212,147.5625762939453,1859500,0.0,0.0
2016-10-20 00:00:00-04:00,147.57235113442374,147.87369537593165,146.87244813285886,147.42654418945312,2005200,0.0,0.0
2016-10-21 00:00:00-04:00,146.49328363229242,146.5807677684534,145.57952087812814,146.45440673828125,1589500,0.0,0.0
2016-10-24 00:00:00-04:00,147.49457640052066,149.11795792990884,146.74608100341723,148.8360595703125,2098500,0.0,0.0
2016-10-25 00:00:00-04:00,145.1809755360063,146.4544051693108,143.62563280096174,143.83949279785156,2431300,0.0,0.0
2016-10-26 00:00:00-04:00,143.06185243306192,144.00477676018474,142.0703208537764,143.90756225585938,3958100,0.0,0.0
2016-10-27 00:00:00-04:00,147.74727686957536,149.0012606074385,144.3838545954225,145.05459594726562,2999800,0.0,0.0
2016-10-28 00:00:00-04:00,145.32682368745242,145.56012961380074,142.93548614915056,143.1007537841797,1805900,0.0,0.0
2016-10-31 00:00:00-04:00,143.33400961967422,144.26721826266044,142.85769719905,142.9257354736328,1345800,0.0,0.0
2016-11-01 00:00:00-04:00,143.86867995176792,143.86867995176792,140.31084282010366,141.94395446777344,1900600,0.0,0.0
2016-11-02 00:00:00-04:00,141.69118029422398,142.8576947864687,141.45788926205338,141.73007202148438,1791000,0.0,0.0
2016-11-03 00:00:00-04:00,141.75925214702303,142.75078366341393,141.63287626598648,142.0022735595703,1821200,0.0,0.0
2016-11-04 00:00:00-04:00,142.1286709561654,143.55762343203756,142.1286709561654,142.47862243652344,1365700,0.0,0.0
2016-11-07 00:00:00-05:00,144.72409277126138,148.1361075077855,144.03390554560394,147.57229614257812,2027200,0.0,0.0
2016-11-08 00:00:00-05:00,147.1835141266161,149.7400896871329,146.37668113492833,148.30140686035156,1620000,0.0,0.0
2016-11-09 00:00:00-05:00,150.32330090881123,152.63686914196924,145.2781747978679,147.80560302734375,2441500,0.0,0.0
2016-11-10 00:00:00-05:00,149.50676232811077,151.25651930541372,148.60271504281735,150.04141235351562,2247900,0.0,0.0
2016-11-11 00:00:00-05:00,149.1082477420907,149.30266194526445,146.4544575282796,147.02798461914062,1766300,0.0,0.0
2016-11-14 00:00:00-05:00,148.26252372123923,148.77772798550978,143.60622464162634,143.8881378173828,2517100,0.0,0.0
2016-11-15 00:00:00-05:00,144.34498588707652,144.88935141136585,142.95489586419305,144.51023864746094,2114300,0.0,0.0
2016-11-16 00:00:00-05:00,144.72410484391918,145.9294814613258,144.48108345068738,145.31707763671875,1591500,0.0,0.0
2016-11-17 00:00:00-05:00,145.41424762695726,145.6864303452184,144.2769095186134,144.7240753173828,1552100,0.0,0.0
2016-11-18 00:00:00-05:00,144.61717162858739,145.0351612959037,141.56482359064015,141.7397918701172,2631700,0.0,0.0
2016-11-21 00:00:00-05:00,142.40078083644454,142.41049634961365,140.6996315626437,142.08970642089844,2975500,0.0,0.0
2016-11-22 00:00:00-05:00,142.45916220409163,142.45916220409163,137.79314788071426,139.0082550048828,3277500,0.0,0.0
2016-11-23 00:00:00-05:00,138.13338350147546,139.60122756438102,137.51124924859852,139.50401306152344,2582700,0.0,0.0
2016-11-25 00:00:00-05:00,139.46511625619095,140.1844649092629,138.73605208736,140.15528869628906,803900,0.0,0.0
2016-11-28 00:00:00-05:00,138.94993602710525,139.37765611973802,135.63512014205222,136.403076171875,3667300,0.0,0.0
2016-11-29 00:00:00-05:00,136.77247256368778,138.0361871023218,135.83927847840755,137.32656860351562,2576600,0.0,0.0
2016-11-30 00:00:00-05:00,138.0652542687627,138.44436688834486,136.03359984158743,136.1988525390625,2166600,0.0,0.0
2016-12-01 00:00:00-05:00,136.54890944724661,136.73360814405646,135.18799510157515,135.73236083984375,2703400,0.0,0.0
2016-12-02 00:00:00-05:00,135.70316910766505,139.16379181249854,135.43098629938717,137.9486846923828,3166100,0.0,0.0
2016-12-05 00:00:00-05:00,139.05683746947716,140.80659438295507,137.20015055481872,137.43345642089844,2920800,0.0,0.0
2016-12-06 00:00:00-05:00,137.61818460460063,140.38862004925505,137.33627143509312,139.581787109375,3759200,0.0,0.0
2016-12-07 00:00:00-05:00,138.89162807721647,138.9305049839446,136.1503389180254,137.890380859375,2413500,0.0,0.0
2016-12-08 00:00:00-05:00,137.82231033582082,139.76648174959496,137.05436915383436,139.07630920410156,1819400,0.0,0.0
2016-12-09 00:00:00-05:00,139.79565473161387,141.5842890207869,139.73733195761832,141.3509979248047,1620400,0.0,0.0
2016-12-12 00:00:00-05:00,140.24277858439277,141.97308957969832,140.24277858439277,141.1273651123047,1390800,0.0,0.0
2016-12-13 00:00:00-05:00,141.64312113514572,142.5383630578833,141.30254819994872,141.97396850585938,1254300,0.15,0.0
2016-12-14 00:00:00-05:00,141.65287153496712,142.1004851037996,139.37582718917312,139.9304962158203,1657300,0.0,0.0
2016-12-15 00:00:00-05:00,140.12511058634584,140.44623241322245,139.0255129532402,139.63856506347656,1849300,0.0,0.0
2016-12-16 00:00:00-05:00,139.61906872169462,141.3998267299123,138.4221711532226,138.70436096191406,2710500,0.0,0.0
2016-12-19 00:00:00-05:00,138.5097314984859,139.55094571087872,136.93332926100203,137.44906616210938,1591400,0.0,0.0
2016-12-20 00:00:00-05:00,137.77024798094044,138.7530647055243,136.92366342459783,137.9843292236328,1871300,0.0,0.0
2016-12-21 00:00:00-05:00,137.92592461067207,137.98430769535332,136.6414373549233,136.98202514648438,1502600,0.0,0.0
2016-12-22 00:00:00-05:00,137.15713036743887,137.2933624706891,136.11593104578046,136.73870849609375,1191100,0.0,0.0
2016-12-23 00:00:00-05:00,137.0598429852145,138.16916588601453,136.11594373605627,138.023193359375,1047700,0.0,0.0
2016-12-27 00:00:00-05:00,138.3443641604206,139.33692127044344,138.05243385180302,138.57791137695312,879500,0.0,0.0
2016-12-28 00:00:00-05:00,138.7238603431631,138.9379415660784,137.31288126354235,137.419921875,1015300,0.0,0.0
2016-12-29 00:00:00-05:00,137.21552821670957,138.54867270805897,137.20580265406733,137.67288208007812,771600,0.0,0.0
2016-12-30 00:00:00-05:00,138.33460507560198,138.509754309418,136.6706131134064,137.30313110351562,1063200,0.0,0.0
2017-01-03 00:00:00-05:00,138.55843027320003,139.95968372306368,138.40273214583948,139.80398559570312,1966400,0.0,0.0
2017-01-04 00:00:00-05:00,140.07641410258833,142.1296362319267,139.43417062747315,141.2538604736328,2167200,0.0,0.0
2017-01-05 00:00:00-05:00,141.468017578125,141.8475225902119,140.88415686036294,141.468017578125,1683500,0.0,0.0
2017-01-06 00:00:00-05:00,141.37065724021915,143.52119485220888,141.2344250961241,143.30711364746094,2016200,0.0,0.0
2017-01-09 00:00:00-05:00,143.0540696771157,144.640212393889,143.0540696771157,143.5211639404297,1967200,0.0,0.0
2017-01-10 00:00:00-05:00,143.82285648092528,145.30195899658617,143.33631096837019,143.8033905029297,1806600,0.0,0.0
2017-01-11 00:00:00-05:00,143.81311505060458,144.33859251543404,139.99860004093654,142.28536987304688,2764300,0.0,0.0
2017-01-12 00:00:00-05:00,142.24640923908927,143.03462527742153,141.22467575449437,142.0420684814453,2239600,0.0,0.0
2017-01-13 00:00:00-05:00,142.1589003402699,143.0736085115153,141.60424603637935,142.353515625,1839600,0.0,0.0
2017-01-17 00:00:00-05:00,141.75017757026183,141.94479281899658,140.6603202987938,141.14686584472656,1651500,0.0,0.0
2017-01-18 00:00:00-05:00,141.91555874273357,142.07125683433614,139.69691290605235,140.76731872558594,1377100,0.0,0.0
2017-01-19 00:00:00-05:00,140.49484547090023,140.82569275817792,139.58013780168503,140.43646240234375,1435900,0.0,0.0
2017-01-20 00:00:00-05:00,141.01062122929093,141.2344280031558,139.46341009346733,139.64828491210938,1750000,0.0,0.0
2017-01-23 00:00:00-05:00,139.307716133233,140.53380549197607,138.73359598615264,138.94766235351562,1508600,0.0,0.0
2017-01-24 00:00:00-05:00,139.3758411949232,139.79427811029694,136.23276093931716,137.18638610839844,2988500,0.0,0.0
2017-01-25 00:00:00-05:00,137.69238352517792,139.17148607813624,136.98203121642845,138.59735107421875,2224900,0.0,0.0
2017-01-26 00:00:00-05:00,138.68491885222858,139.60935223510276,138.14971588903128,139.2493133544922,2934000,0.0,0.0
2017-01-27 00:00:00-05:00,140.13484868799097,141.93507322293266,139.89157590479303,141.53610229492188,2107800,0.0,0.0
2017-01-30 00:00:00-05:00,141.61391780904532,141.64310934825616,138.821151671157,139.43418884277344,3158600,0.0,0.0
2017-01-31 00:00:00-05:00,142.70378946298106,148.39637776231996,142.14913531305956,148.28933715820312,5340700,0.0,0.0
2017-02-01 00:00:00-05:00,148.1725548076126,150.9264038235178,147.4038046852217,148.82452392578125,3601900,0.0,0.0
2017-02-02 00:00:00-05:00,148.3088073064813,148.3088073064813,146.1874611420158,147.58871459960938,1751200,0.0,0.0
2017-02-03 00:00:00-05:00,148.05582094747,148.269902200492,146.34318577148758,147.35519409179688,1817100,0.0,0.0
2017-02-06 00:00:00-05:00,146.99512914555802,148.0557948085127,146.37235147804242,147.98768615722656,1624900,0.0,0.0
2017-02-07 00:00:00-05:00,148.02663432889005,149.0775746473992,147.7055124386628,148.89268493652344,1479300,0.0,0.0
2017-02-08 00:00:00-05:00,148.27961909273452,150.07982862804766,147.60818389187952,149.36947631835938,1467100,0.0,0.0
2017-02-09 00:00:00-05:00,149.36945748469017,151.09183258516623,149.25269132472204,150.5760955810547,1505000,0.0,0.0
2017-02-10 00:00:00-05:00,150.51769028031367,151.30590636605828,150.1187343039009,150.7220458984375,1482900,0.0,0.0
2017-02-13 00:00:00-05:00,150.82914314412434,152.5807103567272,150.33287195396775,152.142822265625,1635900,0.0,0.0
2017-02-14 00:00:00-05:00,151.74380643027177,153.09640226853503,151.23779497440512,153.04774475097656,1429700,0.0,0.0
2017-02-15 00:00:00-05:00,152.2790129455292,154.10841389284164,152.26927253287863,154.00137329101562,1423300,0.0,0.0
2017-02-16 00:00:00-05:00,153.75816309305836,154.28364075148681,153.2035087293795,153.46624755859375,1252700,0.0,0.0
2017-02-17 00:00:00-05:00,153.37858265251845,155.01338308286867,153.15477590338202,154.3711395263672,1207400,0.0,0.0
2017-02-21 00:00:00-05:00,154.37117576123126,155.12046008635917,153.70948092214124,154.3614501953125,1242200,0.0,0.0
2017-02-22 00:00:00-05:00,154.07918833091102,154.8187468159395,153.44668527226094,153.76780700683594,1283000,0.0,0.0
2017-02-23 00:00:00-05:00,154.32255381550885,154.83829104376335,153.45650310691207,154.4587860107422,1124900,0.0,0.0
2017-02-24 00:00:00-05:00,154.07921823241264,154.70199584960938,153.33967445205076,154.70199584960938,832800,0.0,0.0
2017-02-27 00:00:00-05:00,154.09867268833793,155.00364008159013,153.76782535197833,154.21543884277344,1220200,0.0,0.0
2017-02-28 00:00:00-05:00,153.94300798595594,154.96475660352965,153.28131316966318,153.43699645996094,1674200,0.0,0.0
2017-03-01 00:00:00-05:00,155.17888229533324,156.56067026192005,154.6339535026732,155.51947021484375,1722600,0.0,0.0
2017-03-02 00:00:00-05:00,155.69458306268632,155.69458306268632,154.7020259381678,154.91610717773438,1414300,0.0,0.0
2017-03-03 00:00:00-05:00,154.4490120208712,156.1032638295604,154.39062893381728,155.8502655029297,1204000,0.0,0.0
2017-03-06 00:00:00-05:00,154.439338935332,155.00371886742764,153.31054937474858,153.46624755859375,1413400,0.0,0.0
2017-03-07 00:00:00-05:00,152.76556590792703,153.68999941535398,152.37632058761676,153.02828979492188,1166700,0.0,0.0
2017-03-08 00:00:00-05:00,153.15480021057385,153.7094692378172,152.42498192095331,153.2618408203125,1105400,0.0,0.0
2017-03-09 00:00:00-05:00,153.4759186716347,153.9819301654936,152.85314100542018,153.5343017578125,1102500,0.0,0.0
2017-03-10 00:00:00-05:00,153.92350859819445,155.1788041510462,153.89431705958754,155.04257202148438,1206300,0.0,0.0
2017-03-13 00:00:00-04:00,155.16920579314043,155.16920579314043,153.56209860335568,154.90621948242188,1324300,0.15,0.0
2017-03-14 00:00:00-04:00,154.3705363897933,154.5750697511041,153.85431332833645,154.22442626953125,1036500,0.0,0.0
2017-03-15 00:00:00-04:00,154.46791706046696,157.45812859765675,154.24389939361444,156.86398315429688,2548200,0.0,0.0
2017-03-16 00:00:00-04:00,153.92246971412234,155.35426253903654,152.77314750755517,153.91273498535156,3208700,0.0,0.0
2017-03-17 00:00:00-04:00,154.41923210997592,154.95493951824673,152.31538598450527,153.7861328125,2654100,0.0,0.0
2017-03-20 00:00:00-04:00,154.02960545248675,154.28284215074345,152.29587261614432,152.66600036621094,1280600,0.0,0.0
2017-03-21 00:00:00-04:00,153.37705093229562,153.6010686254658,150.34788526063974,151.49720764160156,1593400,0.0,0.0
2017-03-22 00:00:00-04:00,151.74071423285773,152.43226651808348,150.31867074024052,151.2926788330078,1309600,0.0,0.0
2017-03-23 00:00:00-04:00,151.26347005558196,151.89656941401796,150.01674080111553,150.63035583496094,1643400,0.0,0.0
2017-03-24 00:00:00-04:00,150.41607169101442,151.62384714917042,149.69531517075686,150.0362091064453,1939000,0.0,0.0
2017-03-27 00:00:00-04:00,149.45176582180204,151.31212436902874,148.64333752857505,150.57186889648438,1418600,0.0,0.0
2017-03-28 00:00:00-04:00,150.6205596923828,151.3413307865094,149.54914520951615,150.6205596923828,1113900,0.0,0.0
2017-03-29 00:00:00-04:00,150.33814576386266,150.57189817986952,148.96479087108983,149.97775268554688,1075000,0.0,0.0
2017-03-30 00:00:00-04:00,150.09460976064972,150.68875512040378,149.46149576559847,149.9095458984375,1054200,0.0,0.0
2017-03-31 00:00:00-04:00,149.4031177535103,150.1433586378485,149.23753814236304,149.607666015625,1219100,0.0,0.0
2017-04-03 00:00:00-04:00,149.6076557528064,151.17580944749415,149.5102489942555,150.5621795654297,2084800,0.0,0.0
2017-04-04 00:00:00-04:00,150.455017546812,150.93228681909417,148.54595531986593,148.75050354003906,2701200,0.0,0.0
2017-04-05 00:00:00-04:00,149.286228138388,150.08490706537359,148.66286353847815,148.7894744873047,2013000,0.0,0.0
2017-04-06 00:00:00-04:00,148.80896873250452,149.52974013696831,148.24404220395482,148.97454833984375,2431000,0.0,0.0
2017-04-07 00:00:00-04:00,149.0914020568392,149.7147665420587,148.60439808831828,149.13035583496094,1323700,0.0,0.0
2017-04-10 00:00:00-04:00,149.23751490224606,150.73748076282297,149.23751490224606,149.46153259277344,1019600,0.0,0.0
2017-04-11 00:00:00-04:00,148.91607550701627,149.69528484272823,147.96155187341463,148.89659118652344,986000,0.0,0.0
2017-04-12 00:00:00-04:00,148.886865938332,148.97452309285876,147.795981716178,148.4972686767578,1253700,0.0,0.0
2017-04-13 00:00:00-04:00,147.99078066847548,148.98427300848573,147.82520108883762,148.2245330810547,934600,0.0,0.0
2017-04-17 00:00:00-04:00,148.7991968414013,149.9193000251664,148.37063097075605,149.70501708984375,1274500,0.0,0.0
2017-04-18 00:00:00-04:00,149.06217656749712,149.88035457609718,148.34142016515986,149.2862091064453,886600,0.0,0.0
2017-04-19 00:00:00-04:00,149.9680279231702,150.64009588822492,148.94531644861672,150.44529724121094,1291100,0.0,0.0
2017-04-20 00:00:00-04:00,150.74722299961192,151.80888815746445,149.82191836788556,151.32188415527344,1592700,0.0,0.0
2017-04-21 00:00:00-04:00,151.2342101290895,151.77965217274098,150.57187703166912,151.0101776123047,1992300,0.0,0.0
2017-04-24 00:00:00-04:00,152.46148308178726,153.54263264158826,151.9744790433577,153.25042724609375,1198300,0.0,0.0
2017-04-25 00:00:00-04:00,154.31209263351795,155.2861007113275,154.0101525073464,154.68222045898438,2171300,0.0,0.0
2017-04-26 00:00:00-04:00,157.91592462858966,163.75022314144826,156.80555608315922,163.64308166503906,4182900,0.0,0.0
2017-04-27 00:00:00-04:00,164.29570441407003,164.37362685750296,161.68536943890587,162.36717224121094,2287900,0.0,0.0
2017-04-28 00:00:00-04:00,162.2015673652391,162.26975506594508,160.4873184632059,161.0327606201172,1507000,0.0,0.0
2017-05-01 00:00:00-04:00,162.04566736987863,163.18525467331477,161.70477356888335,162.28916931152344,1431200,0.0,0.0
2017-05-02 00:00:00-04:00,162.26974799880767,163.14634930392552,161.44183520672033,162.90284729003906,1561700,0.0,0.0
2017-05-03 00:00:00-04:00,162.9028724451592,164.2275241997388,162.57171322206074,163.945068359375,1785200,0.0,0.0
2017-05-04 00:00:00-04:00,163.98399339598384,165.81513325800515,163.74049138719096,165.6982421875,1247400,0.0,0.0
2017-05-05 00:00:00-04:00,165.6593067476621,166.70148773235337,165.2307407867854,166.61383056640625,1681300,0.0,0.0
2017-05-08 00:00:00-04:00,166.9741892274875,167.20795650476322,165.37681665489444,165.9612274169922,3636100,0.0,0.0
2017-05-09 00:00:00-04:00,167.2079092003138,168.70788946298956,166.55532578916274,167.64620971679688,1806500,0.0,0.0
2017-05-10 00:00:00-04:00,166.49690400039444,168.1819334168875,165.77613284212015,166.526123046875,1860100,0.0,0.0
2017-05-11 00:00:00-04:00,165.46447511814654,166.62354695530846,165.05539356306267,166.56509399414062,1126900,0.0,0.0
2017-05-12 00:00:00-04:00,166.2631502377408,167.58780161351595,165.98069447814956,167.0618438720703,1107400,0.0,0.0
2017-05-15 00:00:00-04:00,167.04233694039922,169.01957157643366,166.92546076082817,167.78257751464844,2280300,0.0,0.0
2017-05-16 00:00:00-04:00,167.86059228846307,168.26967400424195,167.31515000075788,167.79241943359375,1482300,0.0,0.0
2017-05-17 00:00:00-04:00,167.79233622235995,168.50335779035385,166.3994972706724,166.526123046875,1368000,0.0,0.0
2017-05-18 00:00:00-04:00,166.58454050317332,168.75657357484226,166.42869569979638,167.27609252929688,1553200,0.0,0.0
2017-05-19 00:00:00-04:00,167.6462707135937,168.21119719942803,166.77940409237198,167.0716094970703,1130900,0.0,0.0
2017-05-22 00:00:00-04:00,166.89627926727974,167.8995063334675,166.36057188674673,167.6267852783203,1044400,0.0,0.0
2017-05-23 00:00:00-04:00,168.88320399183434,169.1267059305077,167.285831868624,167.36375427246094,1078700,0.0,0.0
2017-05-24 00:00:00-04:00,167.34434166723116,167.9579715715413,166.82811852500325,167.850830078125,827900,0.0,0.0
2017-05-25 00:00:00-04:00,167.9871438195616,168.5715545048431,167.49040514059908,168.4059600830078,764200,0.0,0.0
2017-05-26 00:00:00-04:00,168.80527310865966,169.0487750351016,168.38645692902503,168.91241455078125,683300,0.0,0.0
2017-05-30 00:00:00-04:00,168.66896478301194,169.06831163279227,167.9384587777867,168.74688720703125,1114200,0.0,0.0
2017-05-31 00:00:00-04:00,169.26310135152252,169.84751206981167,168.28909339582856,168.298828125,1836500,0.0,0.0
2017-06-01 00:00:00-04:00,168.29881237350818,170.27606201171875,167.85077707864355,170.27606201171875,1014500,0.0,0.0
2017-06-02 00:00:00-04:00,170.45138169507595,171.8052520751953,169.64295335843187,171.8052520751953,1074500,0.0,0.0
2017-06-05 00:00:00-04:00,171.67861373441306,172.2532896459187,170.7533092739059,171.85394287109375,874300,0.0,0.0
2017-06-06 00:00:00-04:00,171.42540361648972,171.99033002550593,171.17216689335095,171.49359130859375,1443000,0.0,0.0
2017-06-07 00:00:00-04:00,171.51302881331137,171.92211030317424,170.9578520992758,171.75653076171875,897800,0.0,0.0
2017-06-08 00:00:00-04:00,171.7565424824809,171.77602680109337,169.33127242263632,170.2663116455078,2016400,0.0,0.0
2017-06-09 00:00:00-04:00,170.74360228829002,171.39618585304046,169.54557663134113,170.38320922851562,1238400,0.0,0.0
2017-06-12 00:00:00-04:00,170.44167344717908,170.63647208408784,167.56833781958716,168.87351989746094,1695200,0.0,0.0
2017-06-13 00:00:00-04:00,169.15621730552513,170.6964842862552,168.97099316147413,170.53074645996094,912100,0.15,0.0
2017-06-14 00:00:00-04:00,170.93041908365538,170.93041908365538,169.40965347381666,170.17979431152344,1337300,0.0,0.0
2017-06-15 00:00:00-04:00,169.44874437164725,169.8581803362507,168.23992280349097,169.75094604492188,1150400,0.0,0.0
2017-06-16 00:00:00-04:00,170.1700660053009,170.90120458967866,169.62415157564058,170.4625244140625,1944700,0.0,0.0
2017-06-19 00:00:00-04:00,171.20338954787096,172.26598882578077,170.68671952170843,171.8175506591797,1154800,0.0,0.0
2017-06-20 00:00:00-04:00,171.61282647281888,172.47070042765293,170.85244360378005,171.25213623046875,1299600,0.0,0.0
2017-06-21 00:00:00-04:00,172.0515006754532,172.43169206399122,170.68670001463906,171.1838836669922,1348000,0.0,0.0
2017-06-22 00:00:00-04:00,171.6031350037525,171.93458099521092,169.91664581186757,171.05722045898438,964500,0.0,0.0
2017-06-23 00:00:00-04:00,171.33018443680513,171.33018443680513,168.84430965346468,170.05313110351562,1633700,0.0,0.0
2017-06-26 00:00:00-04:00,170.58926804446472,170.5990112043715,168.59081950963142,168.87351989746094,1297100,0.0,0.0
2017-06-27 00:00:00-04:00,168.6199821828405,169.9165358249338,167.80111089574348,169.3316192626953,1207800,0.0,0.0
2017-06-28 00:00:00-04:00,170.22855182385499,171.8370656072267,169.39993703398378,171.34963989257812,1009900,0.0,0.0
2017-06-29 00:00:00-04:00,171.18390915161103,171.67133484409848,168.8442569026403,169.51690673828125,1252100,0.0,0.0
2017-06-30 00:00:00-04:00,170.03352985981775,170.8036705714486,169.60459298879007,170.082275390625,819700,0.0,0.0
2017-07-03 00:00:00-04:00,170.92064970304412,171.76876542263128,170.02378845214844,170.02378845214844,612300,0.0,0.0
2017-07-05 00:00:00-04:00,170.20905880330736,172.00278179257356,169.84835367363462,171.3203887939453,1186800,0.0,0.0
2017-07-06 00:00:00-04:00,170.38454445259745,171.36913911530922,169.90686186125325,170.63800048828125,2290600,0.0,0.0
2017-07-07 00:00:00-04:00,171.37886606673524,173.51379285044575,170.9889166113482,173.0263671875,1345700,0.0,0.0
2017-07-10 00:00:00-04:00,173.32856343144599,173.80623104652994,172.29522343752927,173.2018280029297,1492500,0.0,0.0
2017-07-11 00:00:00-04:00,173.18230713258993,174.6348407538224,172.44142558671928,174.1474151611328,2127100,0.0,0.0
2017-07-12 00:00:00-04:00,174.70311955989771,176.17513976512956,174.55688293020629,175.668212890625,1101600,0.0,0.0
2017-07-13 00:00:00-04:00,176.02891524114224,176.15563580148628,174.8005930212845,175.5024871826172,927400,0.0,0.0
2017-07-14 00:00:00-04:00,175.3367230998146,176.71126674950904,174.8590406958296,176.39930725097656,871900,0.0,0.0
2017-07-17 00:00:00-04:00,176.52610820423965,177.81290442587974,175.70723652910021,176.24339294433594,1297300,0.0,0.0
2017-07-18 00:00:00-04:00,176.05820992042104,176.40915710141076,174.35221957187065,174.8396453857422,1433300,0.0,0.0
2017-07-19 00:00:00-04:00,175.53172800992743,176.09714356604405,174.74210081303983,175.6194610595703,932300,0.0,0.0
2017-07-20 00:00:00-04:00,176.55533120811623,178.17358804309333,176.55533120811623,176.98426818847656,1109800,0.0,0.0
2017-07-21 00:00:00-04:00,176.7308020468702,178.26132587005057,176.50659039205934,177.59841918945312,786800,0.0,0.0
2017-07-24 00:00:00-04:00,177.55943252290223,178.2710698763684,177.0427624734615,177.5789337158203,805600,0.0,0.0
2017-07-25 00:00:00-04:00,177.19876197441775,177.6959308862346,174.9858448962304,175.60000610351562,1440700,0.0,0.0
2017-07-26 00:00:00-04:00,170.7647202123349,172.29524407060975,165.9002063069552,170.65748596191406,3944000,0.0,0.0
2017-07-27 00:00:00-04:00,171.42764405459553,172.54871734153892,169.9458655937662,170.8622283935547,2479100,0.0,0.0
2017-07-28 00:00:00-04:00,170.8914679904411,172.06128679534214,169.16597670005652,171.54461669921875,1326900,0.0,0.0
2017-07-31 00:00:00-04:00,172.1685028969903,172.59743988439834,170.89144996860375,171.11566162109375,1266500,0.0,0.0
2017-08-01 00:00:00-04:00,171.72987047845072,172.06131646990912,170.71601643097642,171.05722045898438,1382400,0.0,0.0
2017-08-02 00:00:00-04:00,171.44711989141962,172.14901412599673,171.09617277413108,172.00279235839844,1370000,0.0,0.0
2017-08-03 00:00:00-04:00,171.57384480056388,171.78831329656873,170.48201600275866,171.3203887939453,933100,0.0,0.0
2017-08-04 00:00:00-04:00,171.50557364541137,172.4609385825245,170.75494889131485,171.89552307128906,752100,0.0,0.0
2017-08-07 00:00:00-04:00,171.91499571153093,172.96782179893447,171.26183239103742,172.8898468017578,791800,0.0,0.0
2017-08-08 00:00:00-04:00,172.07100988280996,172.40247065349325,169.55589156438586,169.61439514160156,1648700,0.0,0.0
2017-08-09 00:00:00-04:00,165.97820140695163,169.63389431989296,165.97820140695163,168.9027557373047,4284600,0.0,0.0
2017-08-10 00:00:00-04:00,167.60616871560427,169.02945808938907,167.00176569902217,167.42095947265625,2266700,0.0,0.0
2017-08-11 00:00:00-04:00,167.32350959424542,169.72165081105604,165.79300048589678,168.87351989746094,2202600,0.0,0.0
2017-08-14 00:00:00-04:00,170.55024281573662,170.84270119936204,169.35117980542879,169.65338134765625,1182400,0.0,0.0
2017-08-15 00:00:00-04:00,170.35526586479776,170.85243467625196,169.00022314333586,169.1951904296875,992500,0.0,0.0
2017-08-16 00:00:00-04:00,169.57545023119562,171.57389919110327,169.4682159491989,171.02798461914062,1268500,0.0,0.0
2017-08-17 00:00:00-04:00,170.7939729761352,171.30089990082232,168.52256728721235,168.5420684814453,1159800,0.0,0.0
2017-08-18 00:00:00-04:00,168.2203292477459,169.9750644720022,167.82063666540563,168.23008728027344,1182700,0.0,0.0
2017-08-21 00:00:00-04:00,168.444591063921,169.76064659303907,168.17163382270533,169.6339111328125,1184900,0.0,0.0
2017-08-22 00:00:00-04:00,170.16032118451463,172.41222562240344,169.7801297193523,172.34397888183594,1271600,0.0,0.0
2017-08-23 00:00:00-04:00,171.87606711175164,172.82167426515565,170.7549938268146,171.38864135742188,2168700,0.0,0.0
2017-08-24 00:00:00-04:00,171.39838772608724,172.19775817375,171.1254156371935,171.5348663330078,1177000,0.0,0.0
2017-08-25 00:00:00-04:00,172.10029204059762,174.10849879805647,172.0223170039501,172.76319885253906,1537700,0.0,0.0
2017-08-28 00:00:00-04:00,173.32858747790215,174.24495020342636,172.7729150219791,173.94273376464844,1462200,0.0,0.0
2017-08-29 00:00:00-04:00,173.2213776260981,176.13617429653996,172.83142807357692,175.98020935058594,1549500,0.0,0.0
2017-08-30 00:00:00-04:00,176.41884336441362,178.70974990077337,175.8924153251839,178.3490447998047,1445300,0.0,0.0
2017-08-31 00:00:00-04:00,178.8754687810117,182.8236046104133,178.358798786669,182.4336700439453,2035500,0.0,0.0
2017-09-01 00:00:00-04:00,183.48657476000977,184.0129880945296,180.75698722439932,181.32240295410156,1404800,0.0,0.0
2017-09-05 00:00:00-04:00,181.19565177106335,181.8098130039627,180.23055826228338,181.34188842773438,1190400,0.0,0.0
2017-09-06 00:00:00-04:00,182.67741755687425,184.72461160721534,182.32647043038872,184.64662170410156,1516600,0.0,0.0
2017-09-07 00:00:00-04:00,185.2217316095921,186.14783729263024,184.10065865776423,185.79689025878906,1619100,0.0,0.0
2017-09-08 00:00:00-04:00,185.79693716189956,187.44443851791374,185.00730985518337,186.810791015625,1545800,0.0,0.0
2017-09-11 00:00:00-04:00,187.38591018244938,188.7994415328949,187.23968844362906,188.70196533203125,1521000,0.0,0.0
2017-09-12 00:00:00-04:00,189.14070044676643,189.41365768867064,187.75641304137974,189.16018676757812,1000900,0.0,0.0
2017-09-13 00:00:00-04:00,188.77996934599426,189.00419588003422,186.29411015383428,186.65480041503906,1302100,0.0,0.0
2017-09-14 00:00:00-04:00,187.1425665863609,187.31817022532604,185.015717120838,187.01573181152344,1287300,0.15,0.0
2017-09-15 00:00:00-04:00,186.10838726111152,188.12791827297278,185.93278363575465,185.9815673828125,3274900,0.0,0.0
2017-09-18 00:00:00-04:00,186.4889468840762,187.29870975264876,186.12797381601578,187.181640625,1750700,0.0,0.0
2017-09-19 00:00:00-04:00,187.3572963859816,187.5914495930691,184.68411798364951,184.99630737304688,1215500,0.0,0.0
2017-09-20 00:00:00-04:00,184.9084446164963,185.53283807641083,182.84989486968658,184.00112915039062,1194400,0.0,0.0
2017-09-21 00:00:00-04:00,183.31816095247692,184.65476441585005,183.12304081443122,183.3279266357422,921600,0.0,0.0
2017-09-22 00:00:00-04:00,183.54255168979049,184.4986507266754,182.7425398214807,183.70840454101562,912200,0.0,0.0
2017-09-25 00:00:00-04:00,184.11819057912257,184.49868009525528,181.44499828198897,182.75233459472656,1916100,0.0,0.0
2017-09-26 00:00:00-04:00,184.69380492141627,185.22064573351247,182.9962431388519,183.0937957763672,1384200,0.0,0.0
2017-09-27 00:00:00-04:00,183.65966144384885,184.49869156835706,182.68404571240742,183.87429809570312,1410200,0.0,0.0
2017-09-28 00:00:00-04:00,183.21087069478833,183.84502984892268,181.51330885849524,181.90354919433594,1002200,0.0,0.0
2017-09-29 00:00:00-04:00,182.1572132594084,184.94747474710806,181.8059910131695,184.58648681640625,1703200,0.0,0.0
2017-10-02 00:00:00-04:00,185.18163461682656,186.86944580078125,184.61577566030712,186.86944580078125,1414300,0.0,0.0
2017-10-03 00:00:00-04:00,186.8694056076691,187.6108829916962,184.9181744062718,185.6889190673828,1023100,0.0,0.0
2017-10-04 00:00:00-04:00,186.05973003732927,188.79144287109375,186.05973003732927,188.79144287109375,1114400,0.0,0.0
2017-10-05 00:00:00-04:00,188.64507828016522,188.75239661738667,187.25970558212626,188.71336364746094,1021800,0.0,0.0
2017-10-06 00:00:00-04:00,188.66457114634954,189.38651724571722,187.25968213922474,188.49871826171875,974900,0.0,0.0
2017-10-09 00:00:00-04:00,188.68410149416235,189.24996047974275,187.67921834863475,188.54751586914062,593500,0.0,0.0
2017-10-10 00:00:00-04:00,188.94752537568812,189.1231439748858,186.8401915056172,187.94264221191406,894900,0.0,0.0
2017-10-11 00:00:00-04:00,187.90359986237056,188.801164568151,187.66944672258285,188.7426300048828,762900,0.0,0.0
2017-10-12 00:00:00-04:00,188.7816347268863,188.94748760664896,188.1962593621949,188.67431640625,876500,0.0,0.0
2017-10-13 00:00:00-04:00,188.9572213405914,189.38649458437132,187.23039245544845,187.7279510498047,852100,0.0,0.0
2017-10-16 00:00:00-04:00,188.08892738953202,188.67430271173524,186.10842888703286,186.61575317382812,1244100,0.0,0.0
2017-10-17 00:00:00-04:00,185.8645078933454,186.15719552753387,182.08888058377715,184.1669464111328,1893900,0.0,0.0
2017-10-18 00:00:00-04:00,184.3913509229543,184.9279424876388,183.12304764825808,184.60598754882812,1372500,0.0,0.0
2017-10-19 00:00:00-04:00,185.015770477661,187.7572483568892,184.6547974134354,187.74749755859375,1691700,0.0,0.0
2017-10-20 00:00:00-04:00,188.4596962728094,189.6889667822807,188.13774128269935,189.13287353515625,1258500,0.0,0.0
2017-10-23 00:00:00-04:00,189.93284006896775,191.14260878623907,189.31821235679175,189.63040161132812,1313400,0.0,0.0
2017-10-24 00:00:00-04:00,189.83530265568092,190.58653090490102,188.47919744269902,189.6401824951172,2176900,0.0,0.0
2017-10-25 00:00:00-04:00,193.54264032124362,196.08899780150432,192.18653514281905,194.80117797851562,2120000,0.0,0.0
2017-10-26 00:00:00-04:00,194.84998655127222,196.29389375057298,192.84997120667154,195.484130859375,2942500,0.0,0.0
2017-10-27 00:00:00-04:00,195.1231190481345,196.15726919721558,186.5767317930427,187.7279510498047,3777100,0.0,0.0
2017-10-30 00:00:00-04:00,187.03529954043287,188.16700248175226,185.66942857623883,187.33773803710938,1741800,0.0,0.0
2017-10-31 00:00:00-04:00,187.3767782096827,190.7328991234482,187.12312344730424,189.10362243652344,1543000,0.0,0.0
2017-11-01 00:00:00-04:00,190.38162001378927,190.54747287278494,188.50843992272328,189.4547882080078,1056600,0.0,0.0
2017-11-02 00:00:00-04:00,189.24991235031692,189.49381625344947,186.35233279016538,186.61575317382812,1797700,0.0,0.0
2017-11-03 00:00:00-04:00,186.95721382805587,189.7669765073941,186.68404266321343,188.9864959716797,816200,0.0,0.0
2017-11-06 00:00:00-05:00,189.28897015804517,189.79627962471864,188.18651960742687,188.8109130859375,1066000,0.0,0.0
2017-11-07 00:00:00-05:00,188.7816402680385,189.33774836948973,188.03041200153424,188.49871826171875,796600,0.0,0.0
2017-11-08 00:00:00-05:00,188.01092135572162,189.44506284008054,188.01092135572162,189.13287353515625,981900,0.0,0.0
2017-11-09 00:00:00-05:00,188.70362866033713,189.23046959146637,185.56214422031218,187.2109375,1052400,0.0,0.0
2017-11-10 00:00:00-05:00,186.99630406700916,187.23045725011664,180.00113961472908,181.64016723632812,3009200,0.0,0.0
2017-11-13 00:00:00-05:00,181.00596314852592,184.20598116221043,180.7327919683367,183.62062072753906,1786900,0.0,0.0
2017-11-14 00:00:00-05:00,183.23040041529038,185.59138885714253,182.8011270828235,184.4694366455078,1421300,0.0,0.0
2017-11-15 00:00:00-05:00,184.5084563147627,185.24993385420913,183.32796952703737,183.913330078125,1090800,0.0,0.0
2017-11-16 00:00:00-05:00,184.4401088882757,186.3328052953661,184.41084161490508,185.96206665039062,982800,0.0,0.0
2017-11-17 00:00:00-05:00,184.92794473140611,186.90844325959725,184.92794473140611,185.53282165527344,1151900,0.0,0.0
2017-11-20 00:00:00-05:00,185.3279414240439,187.220623137227,185.21085743192359,186.3425750732422,1373800,0.0,0.0
2017-11-21 00:00:00-05:00,186.68408037104302,188.3328584894773,185.64016436926357,188.2255401611328,1757100,0.0,0.0
2017-11-22 00:00:00-05:00,188.29381540498844,188.52796851393154,187.48405265077903,188.04991149902344,1005500,0.0,0.0
2017-11-24 00:00:00-05:00,188.2938840806692,189.0353468660169,187.61095587222806,188.79144287109375,374500,0.0,0.0
2017-11-27 00:00:00-05:00,188.31331245743232,189.21087695237614,187.66940263930584,189.1913604736328,1731600,0.0,0.0
2017-11-28 00:00:00-05:00,190.18651358612368,191.57188599644547,189.6889400865632,191.5133514404297,1650500,0.0,0.0
2017-11-29 00:00:00-05:00,191.57187275434873,192.3718697757879,187.08403520498652,187.92306518554688,2183000,0.0,0.0
2017-11-30 00:00:00-05:00,188.9670074668445,190.04017580567907,187.17187815021222,188.05967712402344,2497500,0.0,0.0
2017-12-01 00:00:00-05:00,188.07919507893195,188.77188878206687,184.57673825850324,187.51333618164062,1335400,0.0,0.0
2017-12-04 00:00:00-05:00,186.34262985310892,186.59628461829828,177.1132972379776,177.5913543701172,3926800,0.0,0.0
2017-12-05 00:00:00-05:00,178.13766897800232,179.8840294360693,177.0840022244304,178.00108337402344,2229200,0.0,0.0
2017-12-06 00:00:00-05:00,178.18644101532587,179.54254616799028,177.16204160953743,179.38644409179688,2262900,0.0,0.0
2017-12-07 00:00:00-05:00,179.40592412756686,181.23032025148106,179.17177106084378,181.10350036621094,1550100,0.0,0.0
2017-12-08 00:00:00-05:00,181.67916276937913,184.29380578501818,181.32794051045744,183.37673950195312,2437700,0.0,0.0
2017-12-11 00:00:00-05:00,183.97188103905145,184.99626573352927,182.6157607674687,184.86944580078125,1423700,0.0,0.0
2017-12-12 00:00:00-05:00,184.79139474932006,185.26943697028548,183.04503410714727,184.86944580078125,1301100,0.0,0.0
2017-12-13 00:00:00-05:00,185.23040551959383,187.28895533232728,184.91820133628124,186.8011474609375,1447300,0.0,0.0
2017-12-14 00:00:00-05:00,186.7717995733451,188.519528826943,183.75478772244492,183.87196350097656,2158700,0.15,0.0
2017-12-15 00:00:00-05:00,185.00455848801354,188.1289728637866,184.9362196055222,187.72866821289062,3851200,0.0,0.0
2017-12-18 00:00:00-05:00,188.7441478443398,189.92557502854723,188.32431130099167,188.99801635742188,1305300,0.0,0.0
2017-12-19 00:00:00-05:00,189.66190711254427,190.73593159351321,188.14851439786398,189.31040954589844,1552700,0.0,0.0
2017-12-20 00:00:00-05:00,190.17939226707682,190.17939226707682,186.43009472921557,187.74819946289062,1492000,0.0,0.0
2017-12-21 00:00:00-05:00,188.29500694770678,188.98822883899874,186.44964818731353,186.61563110351562,1185800,0.0,0.0
2017-12-22 00:00:00-05:00,186.40087155487362,186.6059031901719,184.6238512575451,185.9224395751953,1093600,0.0,0.0
2017-12-26 00:00:00-05:00,186.2152981722915,186.6351346541498,185.4439492009739,185.84426879882812,467400,0.0,0.0
2017-12-27 00:00:00-05:00,186.1860046057124,186.7132435336676,185.6880410032378,186.6546630859375,671600,0.0,0.0
2017-12-28 00:00:00-05:00,186.43009973684406,187.4455289270625,185.76615323300607,186.6546630859375,675500,0.0,0.0
2017-12-29 00:00:00-05:00,187.40646770479307,187.4162261459661,185.39512634277344,185.39512634277344,856600,0.0,0.0
2018-01-02 00:00:00-05:00,186.29344842903103,188.91991500700138,185.88337030547106,188.4219512939453,1140900,0.0,0.0
2018-01-03 00:00:00-05:00,187.670143190243,192.02479282223527,186.66445735046617,191.8783416748047,1458300,0.0,0.0
2018-01-04 00:00:00-05:00,192.49340383561145,194.88554790748938,192.0247453812315,194.28018188476562,1566400,0.0,0.0
2018-01-05 00:00:00-05:00,195.27607069179334,197.86347266910684,194.50473676784878,197.609619140625,1469500,0.0,0.0
2018-01-08 00:00:00-05:00,197.60967736623942,198.43960687057069,195.47140137838102,197.931884765625,1974600,0.0,0.0
2018-01-09 00:00:00-05:00,199.91393584201344,202.03268004090876,198.59581601996436,201.2320556640625,1845200,0.0,0.0
2018-01-10 00:00:00-05:00,199.9627742847504,201.73977944664767,197.18985661765632,201.41757202148438,1421200,0.0,0.0
2018-01-11 00:00:00-05:00,202.06198036889327,203.79017835791913,201.09537302289894,203.73159790039062,1520600,0.0,0.0
2018-01-12 00:00:00-05:00,203.95615133084155,206.54355406795867,202.88212666729126,205.20591735839844,1486500,0.0,0.0
2018-01-16 00:00:00-05:00,206.80715756095682,206.80715756095682,202.60871830460647,203.09690856933594,2264300,0.0,0.0
2018-01-17 00:00:00-05:00,204.61032108340035,206.67048479498607,203.38008686117033,206.48497009277344,1461700,0.0,0.0
2018-01-18 00:00:00-05:00,206.40691218195818,208.02770801923015,205.54770713800826,207.39306640625,1458500,0.0,0.0
2018-01-19 00:00:00-05:00,208.89662033333195,209.5019864186815,207.3441787999578,208.46701049804688,1439900,0.0,0.0
2018-01-22 00:00:00-05:00,208.95518198122662,210.24401137110763,207.744479716242,210.2342529296875,1230300,0.0,0.0
2018-01-23 00:00:00-05:00,210.48813851082159,212.08940215194778,209.18955048198356,209.4824676513672,1267000,0.0,0.0
2018-01-24 00:00:00-05:00,209.94133580486147,211.55235764382886,207.96904305597562,210.2342529296875,1227400,0.0,0.0
2018-01-25 00:00:00-05:00,211.2594510271309,213.57348301981193,209.93157290713637,212.73379516601562,1668400,0.0,0.0
2018-01-26 00:00:00-05:00,213.0169699993326,214.5889434814453,211.61097944410295,214.5889434814453,1162000,0.0,0.0
2018-01-29 00:00:00-05:00,214.2178914058496,214.9013697245379,213.42702552675706,213.64183044433594,1042800,0.0,0.0
2018-01-30 00:00:00-05:00,210.88843268573757,211.17157647964737,207.51990799207755,209.55078125,1921700,0.0,0.0
2018-01-31 00:00:00-05:00,218.18197854968128,220.66197829917098,214.51077857929624,218.81661987304688,3414200,0.0,0.0
2018-02-01 00:00:00-05:00,218.86547447456417,221.0916210059696,214.4229398541384,217.1079864501953,1912800,0.0,0.0
2018-02-02 00:00:00-05:00,214.91111789059394,215.56529105434578,212.421344572898,212.54827880859375,1992400,0.0,0.0
2018-02-05 00:00:00-05:00,211.5914530388462,214.08121172847598,202.9016564863973,203.3898468017578,2387600,0.0,0.0
2018-02-06 00:00:00-05:00,200.15800036435203,206.11392731015707,196.8578295420813,204.5321807861328,2415300,0.0,0.0
2018-02-07 00:00:00-05:00,203.41913075003094,206.21157986363625,201.26133796583656,202.64779663085938,1653000,0.0,0.0
2018-02-08 00:00:00-05:00,202.42322253203528,205.0301568095714,193.99705362825853,194.03610229492188,2196600,0.0,0.0
2018-02-09 00:00:00-05:00,195.8033255548821,197.60963531598966,189.91575273346695,195.4518280029297,2074300,0.0,0.0
2018-02-12 00:00:00-05:00,197.22885580268613,201.261311928907,196.76019734658362,199.6795654296875,1528200,0.0,0.0
2018-02-13 00:00:00-05:00,198.70317885118104,199.64051063297458,196.11577663320307,198.69342041015625,1222700,0.0,0.0
2018-02-14 00:00:00-05:00,197.09219471328433,203.87803711711834,196.95550202091883,203.3898468017578,1412300,0.0,0.0
2018-02-15 00:00:00-05:00,205.3719209912834,205.7722406697415,201.73978345164755,205.74295043945312,1080800,0.0,0.0
2018-02-16 00:00:00-05:00,205.29380461223934,207.666417506556,204.40530948072933,205.6355438232422,895800,0.0,0.0
2018-02-20 00:00:00-05:00,203.96593043798188,205.96751393280803,202.40373019445954,202.93096923828125,1127700,0.0,0.0
2018-02-21 00:00:00-05:00,203.3801324993733,208.59400262340063,203.3801324993733,204.83493041992188,1021300,0.0,0.0
2018-02-22 00:00:00-05:00,205.82104462530623,208.58420366101168,203.7706392947191,204.19049072265625,1230600,0.0,0.0
2018-02-23 00:00:00-05:00,205.0106261636268,206.83645303255446,203.47770154226032,206.70953369140625,827300,0.0,0.0
2018-02-26 00:00:00-05:00,207.16842038168278,209.15048662798304,206.22134494357016,209.0137939453125,990600,0.0,0.0
2018-02-27 00:00:00-05:00,208.86733592568135,209.794894514945,205.48906739663505,205.703857421875,1067000,0.0,0.0
2018-02-28 00:00:00-05:00,206.4166163958774,208.43771639450955,203.57534540951355,203.65345764160156,1099300,0.0,0.0
2018-03-01 00:00:00-05:00,203.71206141656646,203.86828589863055,198.02953369156128,200.3630828857422,1419500,0.0,0.0
2018-03-02 00:00:00-05:00,198.85947738665178,202.1010688205867,197.0531818308024,201.56405639648438,1228600,0.0,0.0
2018-03-05 00:00:00-05:00,199.67957811945115,203.01879776586048,197.29722212547264,201.87643432617188,1228500,0.0,0.0
2018-03-06 00:00:00-05:00,203.15546045970507,205.36207462085724,201.77876063203914,205.1570281982422,1007100,0.0,0.0
2018-03-07 00:00:00-05:00,202.44273399321446,207.44181240014748,202.44273399321446,207.14889526367188,1225500,0.0,0.0
2018-03-08 00:00:00-05:00,207.67613332621565,207.70542354990286,205.04966734744428,206.6997528076172,868700,0.0,0.0
2018-03-09 00:00:00-05:00,208.21312569596472,212.92904493798642,207.34414771337995,212.7435302734375,1594600,0.0,0.0
2018-03-12 00:00:00-04:00,213.53445489974456,214.74517232430009,211.80625689899372,212.35304260253906,2268400,0.0,0.0
2018-03-13 00:00:00-04:00,213.95432850775467,214.4815675820888,209.82422701551835,210.03903198242188,1483000,0.0,0.0
2018-03-14 00:00:00-04:00,210.4982032265369,211.7000967035772,207.99669505213942,208.58299255371094,1252500,0.17,0.0
2018-03-15 00:00:00-04:00,207.66447717562357,210.27347285916898,207.31270163906882,207.5960693359375,1401100,0.0,0.0
2018-03-16 00:00:00-04:00,207.75242322207848,208.51460108786085,205.45610855583283,205.6320037841797,2564100,0.0,0.0
2018-03-19 00:00:00-04:00,205.9642863913955,207.6938511935514,204.33244284298598,206.8828125,1819300,0.0,0.0
2018-03-20 00:00:00-04:00,208.02610869665895,210.6253393441009,207.06850289871738,209.81430053710938,1523200,0.0,0.0
2018-03-21 00:00:00-04:00,209.87287750848708,210.44939408291825,207.9771986879941,208.09446716308594,1029200,0.0,0.0
2018-03-22 00:00:00-04:00,206.1792118375172,207.5472196012825,201.80157208330178,202.5930633544922,1665000,0.0,0.0
2018-03-23 00:00:00-04:00,203.04254774299747,203.57021853710035,199.60298106290654,199.9742889404297,1703900,0.0,0.0
2018-03-26 00:00:00-04:00,202.82758076263764,205.348621454395,200.27721177431005,204.8893585205078,1058600,0.0,0.0
2018-03-27 00:00:00-04:00,205.5538796344251,206.10108285947152,200.54108060825052,201.89932250976562,1359200,0.0,0.0
2018-03-28 00:00:00-04:00,202.7494078065911,203.66791876893095,200.6289883548236,201.21527099609375,1402000,0.0,0.0
2018-03-29 00:00:00-04:00,202.28040308836572,203.67773939627472,199.8473020707294,201.74298095703125,1787700,0.0,0.0
2018-04-02 00:00:00-04:00,201.0198193507722,202.0555986453298,195.28393877987418,198.49876403808594,1619700,0.0,0.0
2018-04-03 00:00:00-04:00,200.023142943616,202.76893948349542,198.38153366104729,201.95790100097656,1316300,0.0,0.0
2018-04-04 00:00:00-04:00,198.92875097824154,205.0261892712357,197.7659368648668,204.53761291503906,1318500,0.0,0.0
2018-04-05 00:00:00-04:00,205.31935618322888,207.75247219612436,204.70376001431376,207.0196075439453,1159700,0.0,0.0
2018-04-06 00:00:00-04:00,204.7036969621123,206.29644551000598,199.10460200875823,200.8634796142578,1649700,0.0,0.0
2018-04-09 00:00:00-04:00,202.51490533543523,207.55701705153936,202.51490533543523,204.76235961914062,1399100,0.0,0.0
2018-04-10 00:00:00-04:00,207.49838835800992,211.38745205190753,207.00003092277422,210.27349853515625,2050200,0.0,0.0
2018-04-11 00:00:00-04:00,208.49507985841464,209.0422830189874,206.85347037669632,207.92832946777344,1067200,0.0,0.0
2018-04-12 00:00:00-04:00,209.19865498568245,209.93151964037483,208.3680839897995,208.45602416992188,748700,0.0,0.0
2018-04-13 00:00:00-04:00,209.76537888036128,210.4005371134383,207.9967347899461,209.45269775390625,676400,0.0,0.0
2018-04-16 00:00:00-04:00,210.78162321610847,212.55026728241575,207.78175716009127,210.97705078125,817200,0.0,0.0
2018-04-17 00:00:00-04:00,212.2766469740566,214.084370429779,211.16269354988097,213.2440185546875,1611600,0.0,0.0
2018-04-18 00:00:00-04:00,214.0745818211622,215.98002630609244,213.41989140378436,214.51429748535156,1564400,0.0,0.0
2018-04-19 00:00:00-04:00,215.20812556632626,216.81065546903784,210.5568689654025,212.03237915039062,1610100,0.0,0.0
2018-04-20 00:00:00-04:00,212.88248096349966,213.45899745949552,210.6741213002699,210.95748901367188,1377900,0.0,0.0
2018-04-23 00:00:00-04:00,211.87601152042689,213.0681389497945,210.86954548073942,211.406982421875,1244700,0.0,0.0
2018-04-24 00:00:00-04:00,209.54060958049956,211.35811404457297,205.68085972528337,208.29962158203125,2051100,0.0,0.0
2018-04-25 00:00:00-04:00,212.87269627489513,213.01926319835087,203.23797120538882,209.56991577148438,2246500,0.0,0.0
2018-04-26 00:00:00-04:00,209.79469768553128,210.96727803279938,207.19546772713883,208.954345703125,1475200,0.0,0.0
2018-04-27 00:00:00-04:00,208.78824200184187,209.5699672426525,207.3518261585259,207.97720336914062,1668300,0.0,0.0
2018-04-30 00:00:00-04:00,208.22150249337477,208.95436714940678,205.53433208792407,205.5441131591797,1375400,0.0,0.0
2018-05-01 00:00:00-04:00,205.63203805666683,207.43976179442538,203.62887183035622,205.9056396484375,1100600,0.0,0.0
2018-05-02 00:00:00-04:00,205.2020737457493,206.5212358981818,203.2673155109934,204.06857299804688,1514700,0.0,0.0
2018-05-03 00:00:00-04:00,203.40410731359106,203.84382304159237,200.17950045797008,203.56045532226562,2291700,0.0,0.0
2018-05-04 00:00:00-04:00,203.3748137665519,205.82746188747154,200.53129558581338,205.27049255371094,996700,0.0,0.0
2018-05-07 00:00:00-04:00,205.52453015733056,207.14660722548234,203.40411057746962,204.2053680419922,1204600,0.0,0.0
2018-05-08 00:00:00-04:00,203.5116202072014,204.24448481575888,201.86999573074496,203.31619262695312,1105900,0.0,0.0
2018-05-09 00:00:00-04:00,203.89272945224027,204.74284771132326,202.59311429480292,203.9220428466797,1237100,0.0,0.0
2018-05-10 00:00:00-04:00,205.20209866503083,209.2377447100306,204.31288599237507,208.93482971191406,1272700,0.0,0.0
2018-05-11 00:00:00-04:00,209.37454025869445,211.73924830903601,208.48532760835258,211.60244750976562,1209800,0.0,0.0
2018-05-14 00:00:00-04:00,211.6512578079856,214.3970542112853,210.8695327508134,212.4427490234375,1447300,0.0,0.0
2018-05-15 00:00:00-04:00,208.3876386521199,209.7458806946866,204.146798307435,204.3031463623047,1731400,0.0,0.0
2018-05-16 00:00:00-04:00,204.71346848350584,207.30291689405206,204.32261340989461,205.8567352294922,1813500,0.0,0.0
2018-05-17 00:00:00-04:00,206.29651329317534,207.66453628479732,205.22165406065432,206.18902587890625,1364300,0.0,0.0
2018-05-18 00:00:00-04:00,206.6677675938933,210.54706447156588,206.3941660683789,210.0291748046875,1072800,0.0,0.0
2018-05-21 00:00:00-04:00,210.8109789696671,212.1692209490774,210.02925364183898,211.77835083007812,894400,0.0,0.0
2018-05-22 00:00:00-04:00,212.9020392946664,214.04530618725465,212.53071649000506,212.8824920654297,1587200,0.0,0.0
2018-05-23 00:00:00-04:00,212.04213397529432,213.7716984134418,210.77183249479145,211.57310485839844,1446900,0.0,0.0
2018-05-24 00:00:00-04:00,212.17892660552695,213.86939652140228,210.88909285606607,211.03565979003906,955000,0.0,0.0
2018-05-25 00:00:00-04:00,210.89886206798766,211.43629901727908,207.7328820568435,208.76866149902344,929200,0.0,0.0
2018-05-29 00:00:00-04:00,206.64826578647765,207.79153275011709,202.36834674802014,204.19561767578125,1854100,0.0,0.0
2018-05-30 00:00:00-04:00,205.53432253027742,207.15639980530668,204.91872638675198,206.13038635253906,1189500,0.0,0.0
2018-05-31 00:00:00-04:00,206.1303896649107,206.34536448361817,203.27710514681135,203.51162719726562,1659400,0.0,0.0
2018-06-01 00:00:00-04:00,205.20204335086547,207.13680129904168,204.8209544381919,206.990234375,833800,0.0,0.0
2018-06-04 00:00:00-04:00,207.15638994303512,209.89242071676924,207.15638994303512,209.2768096923828,1554200,0.0,0.0
2018-06-05 00:00:00-04:00,208.94460256731415,211.0454752997477,208.85666238636645,209.86312866210938,1096500,0.0,0.0
2018-06-06 00:00:00-04:00,210.30277798337548,213.3026286296205,209.43311278969006,213.28309631347656,1204200,0.0,0.0
2018-06-07 00:00:00-04:00,213.28315536987358,213.9573932176556,210.6546118346858,211.51451110839844,1053400,0.0,0.0
2018-06-08 00:00:00-04:00,211.79787110999146,212.90205855416025,211.10408605591593,212.06170654296875,1087400,0.0,0.0
2018-06-11 00:00:00-04:00,212.6577570358857,213.31244758695556,211.51449011146516,212.37437438964844,1154800,0.0,0.0
2018-06-12 00:00:00-04:00,212.4916484097006,213.46880118193098,211.8271767712965,212.97044372558594,1247300,0.0,0.0
2018-06-13 00:00:00-04:00,213.5371680483464,213.6935160512524,211.2799478057431,211.406982421875,1214000,0.0,0.0
2018-06-14 00:00:00-04:00,211.99374703348454,212.20889088158594,210.42906721490934,211.76882934570312,1001600,0.17,0.0
2018-06-15 00:00:00-04:00,211.47544666073992,211.79816242777414,209.13821573151543,211.03538513183594,2190000,0.0,0.0
2018-06-18 00:00:00-04:00,209.00132368805365,209.00132368805365,206.90857288057882,208.12120056152344,1363000,0.0,0.0
2018-06-19 00:00:00-04:00,206.20442669979255,206.97697773930773,203.6129419677391,205.29495239257812,1381400,0.0,0.0
2018-06-20 00:00:00-04:00,205.36341312213455,205.85237362956818,203.73028681793298,204.18991088867188,928000,0.0,0.0
2018-06-21 00:00:00-04:00,204.38553591751653,204.61045362101802,201.25619098354096,201.97984313964844,1212700,0.0,0.0
2018-06-22 00:00:00-04:00,203.57382572182863,205.44165853183205,202.53723178342833,204.14102172851562,2327800,0.0,0.0
2018-06-25 00:00:00-04:00,203.12403032327026,203.55430314082835,198.9580762293866,200.4053955078125,1534600,0.0,0.0
2018-06-26 00:00:00-04:00,200.47383909073207,201.90161055915743,199.96531590612804,200.63031005859375,951900,0.0,0.0
2018-06-27 00:00:00-04:00,201.34417930662886,202.86973387016536,198.8700400605538,198.8896026611328,1177700,0.0,0.0
2018-06-28 00:00:00-04:00,198.6646808772702,201.71580509238092,198.35175386042647,201.07037353515625,1116300,0.0,0.0
2018-06-29 00:00:00-04:00,201.68649666142963,203.9259298991951,200.72812303236773,202.56661987304688,1591000,0.0,0.0
2018-07-02 00:00:00-04:00,201.19749479828369,201.75490207230635,199.39810861296522,201.03125,942500,0.0,0.0
2018-07-03 00:00:00-04:00,202.07758037965132,202.73278561212894,200.93341468217054,201.33436584472656,490100,0.0,0.0
2018-07-05 00:00:00-04:00,202.7914287754922,203.46619650585876,201.2463121417844,202.77188110351562,1184000,0.0,0.0
2018-07-06 00:00:00-04:00,203.1240546252236,203.3783088099127,201.61804735696072,202.62530517578125,818800,0.0,0.0
2018-07-09 00:00:00-04:00,204.37573802605675,207.3192751934793,202.96752924101344,207.1530303955078,1237700,0.0,0.0
2018-07-10 00:00:00-04:00,206.53692666174695,209.97921300064527,205.72525038434782,209.43157958984375,1452300,0.0,0.0
2018-07-11 00:00:00-04:00,207.60290524464878,207.94518366681285,204.87451139598747,205.04075622558594,1236500,0.0,0.0
2018-07-12 00:00:00-04:00,206.00889902973657,207.49532862149755,205.26566931196163,207.3877716064453,883500,0.0,0.0
2018-07-13 00:00:00-04:00,207.31926610714402,207.91579855461097,206.08709093518053,206.53692626953125,863800,0.0,0.0
2018-07-16 00:00:00-04:00,206.21419963006414,206.21419963006414,203.9747670716498,204.18991088867188,1135900,0.0,0.0
2018-07-17 00:00:00-04:00,203.84763550392296,206.87919666247885,203.37823758814787,206.3804473876953,914300,0.0,0.0
2018-07-18 00:00:00-04:00,206.33159854597827,207.04547684103215,205.6666043732169,206.76187133789062,827600,0.0,0.0
2018-07-19 00:00:00-04:00,207.5050614528141,211.90570599682607,207.5050614528141,211.30917358398438,2246800,0.0,0.0
2018-07-20 00:00:00-04:00,210.20416604598697,212.54139719594804,209.0013271075443,212.06222534179688,2455100,0.0,0.0
2018-07-23 00:00:00-04:00,211.99375642769886,214.70260232836526,211.23097908586246,213.65621948242188,2510000,0.0,0.0
2018-07-24 00:00:00-04:00,214.52655529217722,218.15464928019784,213.6953312779192,216.51173400878906,2333000,0.0,0.0
2018-07-25 00:00:00-04:00,221.01016298713424,224.7751650952734,218.0763997616413,224.21774291992188,2296700,0.0,0.0
2018-07-26 00:00:00-04:00,225.09786102294316,229.25402550199507,224.94140499495725,228.83352661132812,2445600,0.0,0.0
2018-07-27 00:00:00-04:00,228.3446093756706,228.5988635260058,223.79728158170067,225.9976043701172,2735000,0.0,0.0
2018-07-30 00:00:00-04:00,225.82152727071286,226.8776837962534,224.56978951938137,225.62594604492188,1598600,0.0,0.0
2018-07-31 00:00:00-04:00,226.6625842604774,230.3395627582474,226.6625842604774,229.35186767578125,2428900,0.0,0.0
2018-08-01 00:00:00-04:00,228.98999417587493,229.7918816688302,227.91427506373762,228.74551391601562,1736800,0.0,0.0
2018-08-02 00:00:00-04:00,227.806706760103,228.42280179971007,226.44739709063467,228.0218505859375,1562400,0.0,0.0
2018-08-03 00:00:00-04:00,227.80672287996143,229.44963812787117,226.73101859656197,228.16856384277344,1215900,0.0,0.0
2018-08-06 00:00:00-04:00,228.37395083592253,230.0070775507958,227.0048670395899,229.89950561523438,1412400,0.0,0.0
2018-08-07 00:00:00-04:00,229.97771452846314,230.8089534728175,229.18560078627908,230.30043029785156,902900,0.0,0.0
2018-08-08 00:00:00-04:00,229.95813356869883,231.07296299126904,228.56948744036688,229.40072631835938,792600,0.0,0.0
2018-08-09 00:00:00-04:00,229.72345854417782,229.72345854417782,227.95342366854626,228.09033203125,856800,0.0,0.0
2018-08-10 00:00:00-04:00,226.1442563008441,227.83605564012174,225.51838738838987,226.3105010986328,1151300,0.0,0.0
2018-08-13 00:00:00-04:00,226.34962913779347,227.4742324577171,225.37170801720174,225.6063995361328,1158400,0.0,0.0
2018-08-14 00:00:00-04:00,225.70420887215897,226.85814868949262,225.4010556971609,226.49632263183594,686100,0.0,0.0
2018-08-15 00:00:00-04:00,224.68718451621848,225.54776000458438,222.74113074851965,223.9439697265625,975600,0.0,0.0
2018-08-16 00:00:00-04:00,225.2054668895674,226.6821374535934,224.24710829039023,225.69442749023438,817200,0.0,0.0
2018-08-17 00:00:00-04:00,226.43765583763954,227.66005733220473,224.81430307160255,224.921875,1051000,0.0,0.0
2018-08-20 00:00:00-04:00,225.0783394569456,225.84111677372178,224.82407040342497,225.05877685546875,820000,0.0,0.0
2018-08-21 00:00:00-04:00,225.41086807829316,226.9168603709697,224.95124385635586,226.32032775878906,1121000,0.0,0.0
2018-08-22 00:00:00-04:00,226.15402089260925,229.30292792641788,225.42058009135366,228.92153930664062,1136500,0.0,0.0
2018-08-23 00:00:00-04:00,229.09759888830362,229.713679084471,228.35436924190873,229.0193634033203,1054600,0.0,0.0
2018-08-24 00:00:00-04:00,229.48876786186494,230.22220876713348,228.7553269565964,229.52789306640625,934400,0.0,0.0
2018-08-27 00:00:00-04:00,230.39820782768385,232.8918945945014,230.35908262900392,232.66697692871094,1059400,0.0,0.0
2018-08-28 00:00:00-04:00,233.92854779761063,234.5544167981115,232.43231456323963,232.70614624023438,886100,0.0,0.0
2018-08-29 00:00:00-04:00,232.7452579077834,235.42476750935992,232.45187854789057,234.4370574951172,781700,0.0,0.0
2018-08-30 00:00:00-04:00,234.6913519110419,235.5617013221658,233.21468111150102,233.9090118408203,660500,0.0,0.0
2018-08-31 00:00:00-04:00,233.10709060895172,234.05567544377573,232.63769257294322,233.82098388671875,816200,0.0,0.0
2018-09-04 00:00:00-04:00,233.61556435873163,233.66446339672362,229.60608199365046,230.83827209472656,1368300,0.0,0.0
2018-09-05 00:00:00-04:00,230.82852930843427,231.45439832246936,229.62569032809535,231.1512451171875,1312500,0.0,0.0
2018-09-06 00:00:00-04:00,230.6915896508643,231.38592022196502,229.11713602750453,230.5253448486328,1078100,0.0,0.0
2018-09-07 00:00:00-04:00,229.8115094049842,232.9017443467486,229.1367413090153,230.7503204345703,1149100,0.0,0.0
2018-09-10 00:00:00-04:00,231.76731758995666,232.891920968155,231.3174672855416,231.953125,956600,0.0,0.0
2018-09-11 00:00:00-04:00,231.52278072803844,232.14864952785115,230.31015340007482,231.2098388671875,1122000,0.0,0.0
2018-09-12 00:00:00-04:00,231.24902574000754,234.21212576152718,230.64271937525493,233.77206420898438,1081700,0.0,0.0
2018-09-13 00:00:00-04:00,234.3392667530303,238.79858512928723,233.78184449505136,238.61277770996094,1659400,0.0,0.0
2018-09-14 00:00:00-04:00,238.26047677027387,239.14121350905725,236.40113701848813,236.80235290527344,786800,0.17,0.0
2018-09-17 00:00:00-04:00,231.8604049253722,233.88612033173115,230.61758984892182,233.35768127441406,1613800,0.0,0.0
2018-09-18 00:00:00-04:00,234.27756249730547,235.3050986788098,232.9858142454723,233.98399353027344,1122000,0.0,0.0
2018-09-19 00:00:00-04:00,234.30691089382486,236.1271130848772,233.86654252695507,235.90203857421875,816000,0.0,0.0
2018-09-20 00:00:00-04:00,236.66535194037078,237.73202565368072,235.84332898326755,237.3112335205078,1016800,0.0,0.0
2018-09-21 00:00:00-04:00,237.5852298708788,238.90634986446784,237.34057912631022,238.28004455566406,2225700,0.0,0.0
2018-09-24 00:00:00-04:00,239.043352682846,239.757728672951,234.53199237460595,236.9687042236328,1014000,0.0,0.0
2018-09-25 00:00:00-04:00,238.08428264853208,238.10385888672602,236.38152323302498,237.88856506347656,1207700,0.0,0.0
2018-09-26 00:00:00-04:00,238.27024200413427,239.7185851208961,237.16443082497065,237.6537322998047,1234900,0.0,0.0
2018-09-27 00:00:00-04:00,237.95707175291338,239.72834051601714,237.3699040720605,239.09225463867188,906300,0.0,0.0
2018-09-28 00:00:00-04:00,238.71062246571836,239.39565651110584,237.60481123040643,238.857421875,1538900,0.0,0.0
2018-10-01 00:00:00-04:00,240.6580789580724,244.49420142018076,239.963279100688,243.19265747070312,1850800,0.0,0.0
2018-10-02 00:00:00-04:00,242.6935337963547,243.81892122612095,242.1650947687826,242.44888305664062,1417900,0.0,0.0
2018-10-03 00:00:00-04:00,243.44706375910212,244.6018080901814,241.63664230111948,242.0574493408203,1401200,0.0,0.0
2018-10-04 00:00:00-04:00,241.0788457921252,241.20605402329267,236.83169758620093,238.17239379882812,1593500,0.0,0.0
2018-10-05 00:00:00-04:00,238.02563870345,238.4170889207079,233.27942241105205,235.5399932861328,1858200,0.0,0.0
2018-10-08 00:00:00-04:00,234.1698891828346,235.3442246478473,230.84264518475388,234.531982421875,1274800,0.0,0.0
2018-10-09 00:00:00-04:00,234.590661193004,236.10749849865823,233.3184745839942,234.83531188964844,1397600,0.0,0.0
2018-10-10 00:00:00-04:00,234.19930052668192,237.67332957793963,225.4505864434182,225.72459411621094,1759800,0.0,0.0
2018-10-11 00:00:00-04:00,226.0083610558989,228.454868568806,219.29514384318995,221.25234985351562,2316700,0.0,0.0
2018-10-12 00:00:00-04:00,225.51906114951177,228.7093165255928,223.79672522386156,226.45852661132812,1664900,0.0,0.0
2018-10-15 00:00:00-04:00,225.04931249808823,226.2627854826042,223.20953424821138,223.21932983398438,1246100,0.0,0.0
2018-10-16 00:00:00-04:00,225.76371919780235,230.61759686482264,225.04934315693615,230.11849975585938,2034400,0.0,0.0
2018-10-17 00:00:00-04:00,229.36496885759024,230.96987713089308,227.6230567657968,229.62918090820312,1713100,0.0,0.0
2018-10-18 00:00:00-04:00,226.73249024660288,228.4450451853163,222.7495695930654,224.79486083984375,2235200,0.0,0.0
2018-10-19 00:00:00-04:00,224.57956904813943,226.89885297913403,220.99787910314694,222.2896270751953,1792700,0.0,0.0
2018-10-22 00:00:00-04:00,222.9061802930188,223.31719174297658,217.75873411616146,220.93919372558594,1872800,0.0,0.0
2018-10-23 00:00:00-04:00,217.1128441166451,219.92142971467646,213.21800868168214,218.5513916015625,2668200,0.0,0.0
2018-10-24 00:00:00-04:00,229.86405001489996,233.87632814716957,215.49816564599374,215.84066772460938,4875800,0.0,0.0
2018-10-25 00:00:00-04:00,218.47312578203034,227.71114074625885,217.79788730421956,225.26463317871094,3652600,0.0,0.0
2018-10-26 00:00:00-04:00,221.65356405506964,226.370437353898,220.66518046956753,225.07867431640625,2096600,0.0,0.0
2018-10-29 00:00:00-04:00,228.80716861805152,229.97170859542567,219.87251831003036,223.46400451660156,2161500,0.0,0.0
2018-10-30 00:00:00-04:00,223.3759010428169,228.1808450476428,223.33676349554375,227.69154357910156,1848800,0.0,0.0
2018-10-31 00:00:00-04:00,229.63897226852242,230.9894341881356,227.17288864877833,228.65057373046875,1982900,0.0,0.0
2018-11-01 00:00:00-04:00,229.50196901099093,231.1558103928353,227.1435323075052,228.66036987304688,1794100,0.0,0.0
2018-11-02 00:00:00-04:00,230.87194963591065,232.89766441385314,228.17101153094632,229.19854736328125,1781300,0.0,0.0
2018-11-05 00:00:00-05:00,230.2848469595741,232.56497862926588,228.69950007068553,231.45916748046875,1118500,0.0,0.0
2018-11-06 00:00:00-05:00,231.09713300568097,233.73937351490062,230.34361931478736,233.13262939453125,1271900,0.0,0.0
2018-11-07 00:00:00-05:00,234.86473912771655,240.62871066985068,234.86473912771655,240.2764129638672,1830600,0.0,0.0
2018-11-08 00:00:00-05:00,238.98463587367087,241.33327700909484,238.7791226814806,240.31553649902344,1061900,0.0,0.0
2018-11-09 00:00:00-05:00,239.51304667221444,239.7576973838306,235.84328599797215,238.24085998535156,1358400,0.0,0.0
2018-11-12 00:00:00-05:00,237.30142152801739,238.09408748428064,231.04814962246874,231.2830047607422,1689200,0.0,0.0
2018-11-13 00:00:00-05:00,231.67448562987,233.68060988628454,228.99310796440344,229.9912872314453,1300100,0.0,0.0
2018-11-14 00:00:00-05:00,232.56497423343126,233.9741648047872,229.37473414104704,230.0499725341797,1318900,0.0,0.0
2018-11-15 00:00:00-05:00,228.8364988340055,232.89770983338303,223.95327991366196,232.6041259765625,1398500,0.0,0.0
2018-11-16 00:00:00-05:00,232.89773510630096,238.03540089514098,232.60415121762216,235.90203857421875,1620200,0.0,0.0
2018-11-19 00:00:00-05:00,235.70631172090165,236.39133081277225,226.6248773627697,227.89706420898438,1729200,0.0,0.0
2018-11-20 00:00:00-05:00,226.57590136150566,230.32395181571326,226.22360376201036,228.4058837890625,1463500,0.0,0.0
2018-11-21 00:00:00-05:00,229.87379019724577,232.55516722679332,227.74044327513002,228.03402709960938,1904800,0.0,0.0
2018-11-23 00:00:00-05:00,225.372249306082,230.6762751957192,225.372249306082,229.98146057128906,772200,0.0,0.0
2018-11-26 00:00:00-05:00,232.08547818996004,236.19560757551164,230.76435824032393,235.05064392089844,2123500,0.0,0.0
2018-11-27 00:00:00-05:00,233.7001686361338,237.11549831509066,232.08547973785025,236.8121337890625,1124400,0.0,0.0
2018-11-28 00:00:00-05:00,237.3992911178717,242.49781916627762,235.81395908340866,242.1063690185547,1901700,0.0,0.0
2018-11-29 00:00:00-05:00,241.61704754806416,245.38467464717004,240.58952645948534,243.25132751464844,1378300,0.0,0.0
2018-11-30 00:00:00-05:00,243.18283682500038,245.0911096204677,242.42930836083772,244.2103729248047,2201700,0.0,0.0
2018-12-03 00:00:00-05:00,248.22264411872308,248.47709045451313,246.05014427165187,246.58837890625,2266900,0.0,0.0
2018-12-04 00:00:00-05:00,247.07769001440428,247.58656777347997,238.0941213235649,238.67149353027344,2185600,0.0,0.0
2018-12-06 00:00:00-05:00,234.45368344765708,237.08612762517916,229.19859067823484,236.8610382080078,2023500,0.0,0.0
2018-12-07 00:00:00-05:00,236.28366476877488,237.7907215812352,229.04200935677378,230.8132781982422,1564800,0.0,0.0
2018-12-10 00:00:00-05:00,231.8799637290685,233.11301299057666,226.60529447788304,232.00718688964844,1130700,0.0,0.0
2018-12-11 00:00:00-05:00,236.1760293276902,236.8610483974091,231.61573605566824,232.41819763183594,1597700,0.0,0.0
2018-12-12 00:00:00-05:00,236.80231308805241,239.91427791093182,234.97233053977615,236.10751342773438,2087300,0.0,0.0
2018-12-13 00:00:00-05:00,236.42069781510793,240.1198160016562,234.60049561757648,236.35220336914062,1197000,0.0,0.0
2018-12-14 00:00:00-05:00,233.30657517447744,233.60035087527467,227.03909623444278,229.34043884277344,1752500,0.17,0.0
2018-12-17 00:00:00-05:00,227.19578932883462,230.19242105585622,222.4658062319976,224.13059997558594,2030200,0.0,0.0
2018-12-18 00:00:00-05:00,225.3449836815265,228.56684923021822,222.7302746631666,225.5310516357422,1592400,0.0,0.0
2018-12-19 00:00:00-05:00,226.2556913166408,231.09339777424978,220.7912533139874,223.63119506835938,1674300,0.0,0.0
2018-12-20 00:00:00-05:00,222.1915907822597,223.28839318618094,213.2996164485513,215.11131286621094,3775900,0.0,0.0
2018-12-21 00:00:00-05:00,213.93621112365366,216.6488401460233,210.47929541683254,211.3214874267578,4062800,0.0,0.0
2018-12-24 00:00:00-05:00,209.80358150025376,210.53805070344004,204.15306091308594,204.15306091308594,1715000,0.0,0.0
2018-12-26 00:00:00-05:00,205.9941420329925,213.4955097217965,204.02575493941617,213.4563446044922,2067200,0.0,0.0
2018-12-27 00:00:00-05:00,210.1267440746927,216.51171875,208.67738079400831,216.51171875,2067600,0.0,0.0
2018-12-28 00:00:00-05:00,217.95125911146133,220.76182280797684,215.46386361847047,217.84353637695312,1728600,0.0,0.0
2018-12-31 00:00:00-05:00,219.7825539415298,221.30045992758323,216.443178703589,219.1558074951172,1640000,0.0,0.0
2019-01-02 00:00:00-05:00,215.30723383263788,216.70761483222245,211.60550964996796,214.8763427734375,2725100,0.0,0.0
2019-01-03 00:00:00-05:00,214.2299918222667,214.46502736865966,205.7199537448544,207.77645874023438,3125000,0.0,0.0
2019-01-04 00:00:00-05:00,211.53693103534764,219.8707183353801,211.17459765458628,217.16786193847656,2865400,0.0,0.0
2019-01-07 00:00:00-05:00,217.40284818961172,223.72908178834479,217.40284818961172,220.0959014892578,2931400,0.0,0.0
2019-01-08 00:00:00-05:00,221.97616598825843,226.2752582416525,220.96749619583846,225.21762084960938,2876600,0.0,0.0
2019-01-09 00:00:00-05:00,226.37319415653852,233.16948458406296,226.37319415653852,231.49488830566406,2989000,0.0,0.0
2019-01-10 00:00:00-05:00,229.55590961600132,234.5405037930094,229.55590961600132,233.91375732421875,1885700,0.0,0.0
2019-01-11 00:00:00-05:00,232.81697126966222,235.04975665718376,231.62223339388825,235.03016662597656,1369200,0.0,0.0
2019-01-14 00:00:00-05:00,233.02256479616238,233.72765634168195,229.93780049162362,230.17282104492188,1613800,0.0,0.0
2019-01-15 00:00:00-05:00,230.1336341242173,231.88656033696495,229.0368317986014,230.59390258789062,2375800,0.0,0.0
2019-01-16 00:00:00-05:00,232.09223408749543,234.05081834139835,229.6146262017332,229.7713165283203,1671800,0.0,0.0
2019-01-17 00:00:00-05:00,229.28170293111185,233.83540598911526,228.8704019726895,233.238037109375,1799000,0.0,0.0
2019-01-18 00:00:00-05:00,235.35333014736085,236.969156533171,233.29681025377045,235.67649841308594,3125300,0.0,0.0
2019-01-22 00:00:00-05:00,233.63954245730386,235.80376992161848,232.63087265396922,235.71563720703125,2007300,0.0,0.0
2019-01-23 00:00:00-05:00,237.40981490388188,239.45654707937751,233.74727142283348,236.4599151611328,1945700,0.0,0.0
2019-01-24 00:00:00-05:00,235.79401527516194,236.44035182460152,233.37516192971447,235.59815979003906,1672500,0.0,0.0
2019-01-25 00:00:00-05:00,237.47837261368431,239.26069169616042,235.59813327107653,235.9114990234375,2003300,0.0,0.0
2019-01-28 00:00:00-05:00,233.15969879999176,235.0301506686721,231.7005628446584,232.9540557861328,1799200,0.0,0.0
2019-01-29 00:00:00-05:00,233.13030630560348,234.96157799732316,231.54385767182768,231.99432373046875,1736800,0.0,0.0
2019-01-30 00:00:00-05:00,233.82562487599216,240.8177712470818,231.0150458352617,239.98536682128906,2539400,0.0,0.0
2019-01-31 00:00:00-05:00,238.54578828475968,240.85691852168418,236.14652533430993,240.5827178955078,2218000,0.0,0.0
2019-02-01 00:00:00-05:00,240.2889899497129,240.58278068094836,237.51759045070247,238.38916015625,1622500,0.0,0.0
2019-02-04 00:00:00-05:00,238.48706699286492,239.0060907477119,235.60794506654213,238.5458221435547,1200500,0.0,0.0
2019-02-05 00:00:00-05:00,238.54577938202308,241.55221355778633,237.88965541224442,240.91566467285156,1626100,0.0,0.0
2019-02-06 00:00:00-05:00,240.11274092969524,242.73723777151537,240.11274092969524,242.1300811767578,1033100,0.0,0.0
2019-02-07 00:00:00-05:00,240.0343843508182,240.76885372299733,235.9311464007266,237.87994384765625,1147600,0.0,0.0
2019-02-08 00:00:00-05:00,236.48929339531364,238.53601063372346,235.91149960501215,238.4674530029297,794600,0.0,0.0
2019-02-11 00:00:00-05:00,238.46746129731906,241.04300481401953,238.34016346012498,239.50552368164062,1233000,0.0,0.0
2019-02-12 00:00:00-05:00,241.31720075525763,244.14735483397092,240.18121812930954,243.18765258789062,1189200,0.0,0.0
2019-02-13 00:00:00-05:00,244.05924242671003,244.49992099883258,241.34659841361224,242.2671356201172,1014500,0.0,0.0
2019-02-14 00:00:00-05:00,241.74809089894626,242.26711460775692,240.65128833584657,241.04299926757812,996300,0.0,0.0
2019-02-15 00:00:00-05:00,243.65767181053238,247.281049693097,242.5510669249478,247.261474609375,1718200,0.0,0.0
2019-02-19 00:00:00-05:00,246.45845080944326,246.98727693243615,245.4987486972868,245.63584899902344,1099900,0.0,0.0
2019-02-20 00:00:00-05:00,245.75338026464115,247.3790089403777,244.6467902142535,246.99708557128906,1091100,0.0,0.0
2019-02-21 00:00:00-05:00,245.67503545034737,246.36055196139023,244.52926534141818,246.24302673339844,840300,0.0,0.0
2019-02-22 00:00:00-05:00,246.24302872030177,247.14397578050338,245.96882809079753,246.87957763671875,1118000,0.0,0.0
2019-02-25 00:00:00-05:00,247.290899046097,250.43441900263903,247.28109655956615,248.58355712890625,1194700,0.0,0.0
2019-02-26 00:00:00-05:00,248.47584317621843,249.90561657857424,247.59448604049157,248.73046875,1198300,0.0,0.0
2019-02-27 00:00:00-05:00,247.81973489820317,254.2047106529478,247.81973489820317,253.7738494873047,1759100,0.0,0.0
2019-02-28 00:00:00-05:00,252.5105469360722,254.72372739944356,251.2766289700783,254.19493103027344,2061300,0.0,0.0
2019-03-01 00:00:00-05:00,255.59528693758423,258.97385728239004,254.31241643231104,258.5919189453125,1433700,0.0,0.0
2019-03-04 00:00:00-05:00,260.49179195399296,260.6680574226127,252.9708331032118,254.0774383544922,1342800,0.0,0.0
2019-03-05 00:00:00-05:00,254.3319423997352,254.90972115127164,248.16241413667834,249.190673828125,2900200,0.0,0.0
2019-03-06 00:00:00-05:00,248.74022519528233,249.2004937365412,245.70441332010427,246.03738403320312,1533100,0.0,0.0
2019-03-07 00:00:00-05:00,246.02758818397714,246.50744676667122,243.1190890013178,245.6162872314453,1227500,0.0,0.0
2019-03-08 00:00:00-05:00,244.0983841865924,244.9307885875771,241.5620208107561,244.67617797851562,1169200,0.0,0.0
2019-03-11 00:00:00-04:00,245.67503401865366,249.16131192488672,244.4607212313848,249.05360412597656,1589300,0.0,0.0
2019-03-12 00:00:00-04:00,250.2483613111443,250.8751078193526,249.38659420161756,249.64120483398438,1297200,0.0,0.0
2019-03-13 00:00:00-04:00,251.36471657186354,253.63668166512076,249.44531221372452,253.50936889648438,1569100,0.0,0.0
2019-03-14 00:00:00-04:00,254.63644297264943,256.6454850293917,253.65643121060506,256.2044677734375,1513900,0.19,0.0
2019-03-15 00:00:00-04:00,257.2138257248088,259.10527076582014,256.7728384672513,257.83123779296875,2371800,0.0,0.0
2019-03-18 00:00:00-04:00,257.7920653074794,258.7230883840159,255.88106044010212,258.2624816894531,1449200,0.0,0.0
2019-03-19 00:00:00-04:00,259.1737818676671,262.0648271862629,258.7817833263927,260.643798828125,1551300,0.0,0.0
2019-03-20 00:00:00-04:00,260.5163883664212,262.49603031538476,257.6351826854129,260.3204040527344,1524200,0.0,0.0
2019-03-21 00:00:00-04:00,259.3306436984337,266.26914200991604,258.85044762394523,265.6321105957031,1424100,0.0,0.0
2019-03-22 00:00:00-04:00,263.47613221446414,264.4561438426321,258.34085094570884,258.536865234375,1736500,0.0,0.0
2019-03-25 00:00:00-04:00,261.5357389831487,264.10336506192533,258.7329196475639,263.4271545410156,1638400,0.0,0.0
2019-03-26 00:00:00-04:00,266.34757416279876,266.504379621079,263.6231428787934,266.0143737792969,1459000,0.0,0.0
2019-03-27 00:00:00-04:00,265.24017496382294,266.02420231076195,260.75173429449,263.4761657714844,1051200,0.0,0.0
2019-03-28 00:00:00-04:00,264.7012323524101,266.102642256078,262.79019709643313,264.897216796875,771700,0.0,0.0
2019-03-29 00:00:00-04:00,267.053103172314,268.4643219633351,264.66187299350463,268.24871826171875,1193800,0.0,0.0
2019-04-01 00:00:00-04:00,269.64043327262686,271.1300402886758,268.70941019535655,270.66943359375,1143700,0.0,0.0
2019-04-02 00:00:00-04:00,270.21857929785295,271.0123862133025,267.5627266226306,269.31695556640625,900900,0.0,0.0
2019-04-03 00:00:00-04:00,271.3358142670352,273.2860278335108,270.0715908946193,271.22802734375,1184300,0.0,0.0
2019-04-04 00:00:00-04:00,271.4730908440514,271.4730908440514,267.31782028271135,269.55224609375,937500,0.0,0.0
2019-04-05 00:00:00-04:00,269.65007593328033,271.6394974747099,269.11108173583835,270.9632873535156,839800,0.0,0.0
2019-04-08 00:00:00-04:00,271.16920682491605,272.9626147953148,268.50357422267024,272.8548278808594,1062600,0.0,0.0
2019-04-09 00:00:00-04:00,271.44363608159995,274.021041584468,269.9539992409908,272.2472229003906,1242800,0.0,0.0
2019-04-10 00:00:00-04:00,272.6294034163377,274.51100876078465,272.4431988374757,273.2762145996094,980800,0.0,0.0
2019-04-11 00:00:00-04:00,273.0018208810171,275.41264088651195,271.9238022094288,274.9030456542969,1027600,0.0,0.0
2019-04-12 00:00:00-04:00,276.9709074875942,277.3237272586952,274.0798908584954,275.040283203125,1635000,0.0,0.0
2019-04-15 00:00:00-04:00,274.7657925431476,275.53020024193364,269.5325352349083,272.011962890625,1801000,0.0,0.0
2019-04-16 00:00:00-04:00,273.7270464065851,274.1778433829604,260.43809107581245,261.4964904785156,2443000,0.0,0.0
2019-04-17 00:00:00-04:00,263.5740960268612,264.2012878138351,248.15850488339424,252.36276245117188,5077300,0.0,0.0
2019-04-18 00:00:00-04:00,252.9899635496582,256.14560178601704,250.64773665534605,254.58738708496094,2960100,0.0,0.0
2019-04-22 00:00:00-04:00,254.80300796444135,258.4780513485439,252.69598907240518,253.91119384765625,1989800,0.0,0.0
2019-04-23 00:00:00-04:00,249.9029963815303,262.1139344188334,249.060185677935,258.64471435546875,3099800,0.0,0.0
2019-04-24 00:00:00-04:00,259.68353210745096,261.271146405081,254.45027279365374,256.3318786621094,2770000,0.0,0.0
2019-04-25 00:00:00-04:00,255.78305188022483,265.05395412214335,255.44985149350543,264.1621398925781,2053700,0.0,0.0
2019-04-26 00:00:00-04:00,264.60308998016615,268.01354057330445,262.65287677629215,267.75872802734375,1550100,0.0,0.0
2019-04-29 00:00:00-04:00,268.4839423422049,269.7089567180094,266.2593270024718,267.0727233886719,940400,0.0,0.0
2019-04-30 00:00:00-04:00,267.81751410868253,272.34516198999955,265.24007934230804,271.9041748046875,1380700,0.0,0.0
2019-05-01 00:00:00-04:00,271.6394974747099,272.5607103961175,268.41528215735167,270.9632873535156,1491900,0.0,0.0
2019-05-02 00:00:00-04:00,269.9638257581809,272.4922427994817,268.1409884336847,272.2570495605469,1353800,0.0,0.0
2019-05-03 00:00:00-04:00,273.42325493216345,274.4130762856776,272.18843066204334,273.0704650878906,1254200,0.0,0.0
2019-05-06 00:00:00-04:00,267.3275387264687,274.00141472257894,265.2891279432875,273.3840026855469,1320300,0.0,0.0
2019-05-07 00:00:00-04:00,270.9731777232697,271.84540230738315,264.3188913139184,266.2691345214844,1480900,0.0,0.0
2019-05-08 00:00:00-04:00,266.7493787356688,268.4448096907725,264.69134824803365,265.10296630859375,1691100,0.0,0.0
2019-05-09 00:00:00-04:00,262.4176525545019,264.28947799404233,258.57602445746954,263.6230773925781,1550700,0.0,0.0
2019-05-10 00:00:00-04:00,262.8684456722697,263.96605355937004,255.5869388753034,263.7994384765625,1548500,0.0,0.0
2019-05-13 00:00:00-04:00,257.66468273710376,258.2036771952929,252.8724112909601,255.86143493652344,1628800,0.0,0.0
2019-05-14 00:00:00-04:00,257.76267276672087,264.0249620359753,257.4392820572798,262.04534912109375,1845200,0.0,0.0
2019-05-15 00:00:00-04:00,257.2531033570611,260.54592872438957,253.84265144868178,257.7823181152344,1834200,0.0,0.0
2019-05-16 00:00:00-04:00,261.5944807704114,263.1037069598421,259.6540770058658,261.68267822265625,1340000,0.0,0.0
2019-05-17 00:00:00-04:00,258.0860268838342,261.67287245680455,256.0475862757971,256.4984130859375,1320500,0.0,0.0
2019-05-20 00:00:00-04:00,256.9393965436988,259.85003176644517,255.04798161005732,257.6548156738281,1525300,0.0,0.0
2019-05-21 00:00:00-04:00,260.663540621195,262.64315362431915,259.8109052613113,260.055908203125,1420800,0.0,0.0
2019-05-22 00:00:00-04:00,262.2805044720723,267.8077542425306,260.8790950876518,266.2299499511719,1740200,0.0,0.0
2019-05-23 00:00:00-04:00,263.56437184966944,265.91639415214473,260.06572259940987,265.602783203125,1567500,0.0,0.0
2019-05-24 00:00:00-04:00,266.9649796464204,271.13002919762783,266.21038143563715,266.3671569824219,991500,0.0,0.0
2019-05-28 00:00:00-04:00,268.3468947469331,269.3366865361478,260.7027831531221,261.05560302734375,1676800,0.0,0.0
2019-05-29 00:00:00-04:00,257.586259969719,260.5556940898921,256.87084069439936,259.4678955078125,1232700,0.0,0.0
2019-05-30 00:00:00-04:00,260.4087294966015,263.0743627152473,259.54631435121814,262.6235656738281,771400,0.0,0.0
2019-05-31 00:00:00-04:00,260.2323049846694,263.907348715518,259.7129000003461,261.6435241699219,1266700,0.0,0.0
2019-06-03 00:00:00-04:00,262.92729167233927,266.0143218919099,259.42864346662316,259.9774475097656,1659900,0.0,0.0
2019-06-04 00:00:00-04:00,262.49608138591003,263.1134934046664,259.0170226809173,262.6136779785156,1575800,0.0,0.0
2019-06-05 00:00:00-04:00,266.3769786739237,270.228417489965,264.60315988360696,269.29742431640625,2198200,0.0,0.0
2019-06-06 00:00:00-04:00,270.25778058411316,272.60002259804827,269.1307732572436,270.7380065917969,1940600,0.0,0.0
2019-06-07 00:00:00-04:00,273.34482709083784,276.86306486867915,271.98259671854754,276.0594482421875,1334500,0.0,0.0
2019-06-10 00:00:00-04:00,277.21575787136703,279.0777731329952,276.8923673410986,278.0879821777344,997600,0.0,0.0
2019-06-11 00:00:00-04:00,280.8516807938279,282.3119182570542,276.78463907520506,279.3522644042969,1214800,0.0,0.0
2019-06-12 00:00:00-04:00,279.15619946522656,280.0774123962722,277.0687708003585,279.518798828125,882100,0.0,0.0
2019-06-13 00:00:00-04:00,279.342366382291,280.85259851137545,278.0674842217602,280.7054748535156,1301500,0.19,0.0
2019-06-14 00:00:00-04:00,280.91146993257917,281.51947737645486,278.86185397465084,279.7444763183594,1381100,0.0,0.0
2019-06-17 00:00:00-04:00,280.34268227305284,281.58814590341336,279.2933636021642,280.4015197753906,681600,0.0,0.0
2019-06-18 00:00:00-04:00,282.37253797007617,284.3927044419114,280.4798626713917,283.6081848144531,1360500,0.0,0.0
2019-06-19 00:00:00-04:00,283.0786846540487,287.65837218537484,281.872456261814,287.1190185546875,1534700,0.0,0.0
2019-06-20 00:00:00-04:00,290.7573010686117,291.6595258654201,284.8046883937192,287.668212890625,1590300,0.0,0.0
2019-06-21 00:00:00-04:00,287.7173431857512,289.71787840808304,284.7458992526081,288.7666320800781,1701600,0.0,0.0
2019-06-24 00:00:00-04:00,289.4922709864186,290.306209630584,286.3541315464106,289.8354797363281,942100,0.0,0.0
2019-06-25 00:00:00-04:00,289.7668923781171,292.61081476899136,287.43290499116915,287.8545837402344,1191600,0.0,0.0
2019-06-26 00:00:00-04:00,287.67799053466695,288.3840703030147,284.2848991136538,286.57965087890625,1172300,0.0,0.0
2019-06-27 00:00:00-04:00,287.0994536285159,288.68812591131075,285.16754265965045,288.08990478515625,850100,0.0,0.0
2019-06-28 00:00:00-04:00,286.9032776968612,288.4429285414242,283.10810989176997,288.0016174316406,5248000,0.0,0.0
2019-07-01 00:00:00-04:00,293.346234175073,293.9738440157941,289.30590043148845,293.6208190917969,1640100,0.0,0.0
2019-07-02 00:00:00-04:00,293.39534862778567,295.3664948620523,289.80611112289927,295.28802490234375,946400,0.0,0.0
2019-07-03 00:00:00-04:00,296.90614680849274,299.5441380689688,295.6803155509303,299.5245056152344,883000,0.0,0.0
2019-07-05 00:00:00-04:00,296.65111951755733,297.9259718618328,292.9246050285086,294.8368835449219,1046800,0.0,0.0
2019-07-08 00:00:00-04:00,293.5129693384758,293.77776799410213,289.1686313583631,292.0517883300781,1223200,0.0,0.0
2019-07-09 00:00:00-04:00,290.5023646084259,291.83605446363765,290.05123722135426,291.1593933105469,886500,0.0,0.0
2019-07-10 00:00:00-04:00,292.7676746751414,293.3854982810091,290.4532902093127,290.7867126464844,842900,0.0,0.0
2019-07-11 00:00:00-04:00,292.37542799276525,293.1011103931669,288.8156098567139,289.8354797363281,804700,0.0,0.0
2019-07-12 00:00:00-04:00,285.32442193722767,285.8539593561882,282.72563639903046,285.3146057128906,1640600,0.0,0.0
2019-07-15 00:00:00-04:00,285.1871803143136,285.9128628223884,282.666864134216,283.2454528808594,1629000,0.0,0.0
2019-07-16 00:00:00-04:00,280.03859934387555,282.4216072972288,279.53845078792097,280.676025390625,1959800,0.0,0.0
2019-07-17 00:00:00-04:00,281.0389742139883,282.81400547109104,279.0384390786459,281.45086669921875,1671500,0.0,0.0
2019-07-18 00:00:00-04:00,281.46059105960717,288.2173554227965,281.46059105960717,288.0506591796875,1543000,0.0,0.0
2019-07-19 00:00:00-04:00,289.81592791371116,289.8845816467096,284.0790316453313,284.2163391113281,1593100,0.0,0.0
2019-07-22 00:00:00-04:00,285.3735202667864,288.8352665835747,284.38303902169963,286.08941650390625,1106100,0.0,0.0
2019-07-23 00:00:00-04:00,286.75618357142906,288.6979105532633,285.36362645622233,287.9427795410156,1025100,0.0,0.0
2019-07-24 00:00:00-04:00,283.42194091965854,283.45135966629795,273.1347469078764,282.78448486328125,2538300,0.0,0.0
2019-07-25 00:00:00-04:00,283.7063085672229,286.1972054853544,282.55894753530777,284.97137451171875,1214300,0.0,0.0
2019-07-26 00:00:00-04:00,286.50122495004166,286.50122495004166,280.9604746295861,281.65673828125,1274000,0.0,0.0
2019-07-29 00:00:00-04:00,282.9216954070793,283.5983562755635,280.22486815449884,283.3335876464844,1060000,0.0,0.0
2019-07-30 00:00:00-04:00,280.4211581661245,280.9997469030443,277.9498633055293,278.42059326171875,1343300,0.0,0.0
2019-07-31 00:00:00-04:00,278.5088448006147,278.97957474883253,270.251632783136,272.31103515625,1903700,0.0,0.0
2019-08-01 00:00:00-04:00,274.0468732390055,278.7442375042988,270.4380029382949,272.4385681152344,1552000,0.0,0.0
2019-08-02 00:00:00-04:00,272.45815964497285,272.45815964497285,265.76023047311463,269.5063781738281,2096300,0.0,0.0
2019-08-05 00:00:00-04:00,263.4359216975112,266.4955902916676,261.3372852045281,263.2691955566406,2569400,0.0,0.0
2019-08-06 00:00:00-04:00,266.1524682043276,271.9580180238874,264.7893594515169,270.6242980957031,2287500,0.0,0.0
2019-08-07 00:00:00-04:00,267.09385990113066,271.0165192382777,263.9557503879225,269.4768981933594,1664300,0.0,0.0
2019-08-08 00:00:00-04:00,272.0756753345423,275.56684002391796,271.693201653998,275.0765075683594,1348200,0.0,0.0
2019-08-09 00:00:00-04:00,273.389711738678,275.527553663615,270.3202263509181,271.02630615234375,921900,0.0,0.0
2019-08-12 00:00:00-04:00,269.41803977256023,270.94787440102834,265.7405469296055,266.7408142089844,1183900,0.0,0.0
2019-08-13 00:00:00-04:00,266.8094512762811,272.6836232340866,265.0442368653006,269.8495178222656,1905600,0.0,0.0
2019-08-14 00:00:00-04:00,267.36840438409433,269.9769458202255,264.1616120667504,264.2695007324219,1856200,0.0,0.0
2019-08-15 00:00:00-04:00,269.34941625269704,270.65368735910965,265.52482925276587,268.0255126953125,1603700,0.0,0.0
2019-08-16 00:00:00-04:00,271.242102863163,271.9874177688143,268.9473505735459,270.81060791015625,1035100,0.0,0.0
2019-08-19 00:00:00-04:00,273.2133138642308,274.7823840730164,270.6831810447769,274.1155090332031,1089100,0.0,0.0
2019-08-20 00:00:00-04:00,272.6248853891972,274.007626708553,270.6635552784835,270.8498840332031,1031000,0.0,0.0
2019-08-21 00:00:00-04:00,272.88958740234375,274.30174713069454,271.64415386071454,272.88958740234375,749600,0.0,0.0
2019-08-22 00:00:00-04:00,274.02712103740663,275.47851552016635,270.8301745699582,272.79150390625,845700,0.0,0.0
2019-08-23 00:00:00-04:00,272.7229176567331,274.8019224790566,262.28862864146373,264.1518859863281,1758500,0.0,0.0
2019-08-26 00:00:00-04:00,265.2894422988995,267.09386201697936,263.6909837454627,265.6817321777344,1052000,0.0,0.0
2019-08-27 00:00:00-04:00,267.6136575008497,268.7708348940821,266.3289589553759,267.6528625488281,1002600,0.0,0.0
2019-08-28 00:00:00-04:00,266.7604564813267,272.6542621327003,265.7601890528938,270.72235107421875,1316600,0.0,0.0
2019-08-29 00:00:00-04:00,273.7918364989018,281.1958445411132,273.42899527341183,280.2445983886719,1858500,0.0,0.0
2019-08-30 00:00:00-04:00,283.039601028157,284.569436431314,279.1169400092871,281.509765625,2165900,0.0,0.0
2019-09-03 00:00:00-04:00,278.93044377642525,280.7152606512031,275.8119373210511,278.0478515625,1590000,0.0,0.0
2019-09-04 00:00:00-04:00,279.5581925256068,283.65736524524914,277.99893868997793,280.37213134765625,1288300,0.0,0.0
2019-09-05 00:00:00-04:00,282.82378099469304,289.01177477193744,280.93110472073846,288.3351135253906,1470500,0.0,0.0
2019-09-06 00:00:00-04:00,290.1297342502747,291.17905293953237,287.8349818363731,289.3451843261719,2337300,0.0,0.0
2019-09-09 00:00:00-04:00,290.4827989501975,290.94371274121846,285.4519822324112,286.3738098144531,1568400,0.0,0.0
2019-09-10 00:00:00-04:00,284.40267559875684,285.52061817328575,279.5189529639156,283.90252685546875,2428400,0.0,0.0
2019-09-11 00:00:00-04:00,283.92202790873495,289.38433736911566,280.71526517306364,289.23724365234375,1293700,0.0,0.0
2019-09-12 00:00:00-04:00,290.2768072718266,291.98315460263245,288.70773746323215,289.2667236328125,1108200,0.0,0.0
2019-09-13 00:00:00-04:00,288.40367255428697,292.2773100167228,288.080066377538,291.89483642578125,1083000,0.0,0.0
2019-09-16 00:00:00-04:00,289.8832075581423,291.3845817438653,288.1757706263944,289.8046875,1062900,0.19,0.0
2019-09-17 00:00:00-04:00,289.2453990263687,290.3837003935917,285.93845252720524,287.2337341308594,1514500,0.0,0.0
2019-09-18 00:00:00-04:00,287.2239828768687,289.60851361001346,285.57539069102046,289.4416809082031,1221700,0.0,0.0
2019-09-19 00:00:00-04:00,288.46038315779543,291.20801677525196,288.40150807532314,289.72625732421875,1003800,0.0,0.0
2019-09-20 00:00:00-04:00,291.7280718642585,293.48456156652674,290.03042729215974,290.7860107421875,1775000,0.0,0.0
2019-09-23 00:00:00-04:00,287.0767091517418,290.0794576247826,284.7020013785774,285.0160217285156,1032300,0.0,0.0
2019-09-24 00:00:00-04:00,287.0276549762883,288.1855713202838,279.0595758073815,279.8249816894531,1465200,0.0,0.0
2019-09-25 00:00:00-04:00,280.78662843849537,281.9641597012356,275.7918307651799,277.0478820800781,1952000,0.0,0.0
2019-09-26 00:00:00-04:00,278.5492568645929,282.7197437340555,276.3708195309519,281.48333740234375,1693700,0.0,0.0
2019-09-27 00:00:00-04:00,282.9553098627542,284.7412669478112,279.874041268977,282.0230712890625,1144000,0.0,0.0
2019-09-30 00:00:00-04:00,281.54220330682796,287.99908488515985,281.42445317874666,285.82061767578125,1519400,0.0,0.0
2019-10-01 00:00:00-04:00,286.32113132923354,288.1365259510055,281.73848846973095,282.0230712890625,1822000,0.0,0.0
2019-10-02 00:00:00-04:00,279.67780995584036,281.3656319903128,271.8274804832487,274.3003234863281,1964800,0.0,0.0
2019-10-03 00:00:00-04:00,272.94608026158465,278.6572009558041,269.1681039969911,277.6170349121094,1848800,0.0,0.0
2019-10-04 00:00:00-04:00,277.55826606863735,286.96884658025795,277.4797459900316,286.8314514160156,1742000,0.0,0.0
2019-10-07 00:00:00-04:00,285.05528729909423,288.5388892249765,283.6520479905675,283.75018310546875,1915300,0.0,0.0
2019-10-08 00:00:00-04:00,276.8320989519643,279.4815976768567,265.27248760513305,266.8425598144531,3933200,0.0,0.0
2019-10-09 00:00:00-04:00,273.4859755376835,273.5939032371792,270.03181000754176,271.3369445800781,1733800,0.0,0.0
2019-10-10 00:00:00-04:00,271.1209421233334,277.2736268962729,271.1012971343526,275.4091796875,1129400,0.0,0.0
2019-10-11 00:00:00-04:00,280.31560165804655,282.5333289880286,278.0389992614832,278.3334045410156,1283600,0.0,0.0
2019-10-14 00:00:00-04:00,278.77499665977825,281.3557971521308,278.1862159858383,278.9320068359375,749100,0.0,0.0
2019-10-15 00:00:00-04:00,280.71808889453973,282.5825369033374,279.8839850639443,280.66900634765625,1183200,0.0,0.0
2019-10-16 00:00:00-04:00,278.64748076094816,279.66803214048355,274.09430451168316,275.31109619140625,2103500,0.0,0.0
2019-10-17 00:00:00-04:00,276.7241408796072,279.13810904264864,275.8017246809445,276.3218078613281,1028100,0.0,0.0
2019-10-18 00:00:00-04:00,275.79180442660333,278.62774959411934,275.1441787645896,276.1549072265625,1186400,0.0,0.0
2019-10-21 00:00:00-04:00,279.2362579364022,279.2362579364022,276.2923839520179,278.2353515625,1053200,0.0,0.0
2019-10-22 00:00:00-04:00,278.0587185862071,281.81708144341826,275.44850979781927,275.7330627441406,1047100,0.0,0.0
2019-10-23 00:00:00-04:00,292.9742651258494,294.3873266896901,284.61367582864807,291.374755859375,2094500,0.0,0.0
2019-10-24 00:00:00-04:00,289.7949053686786,290.74675896812863,285.21226258865534,287.9500732421875,1230900,0.0,0.0
2019-10-25 00:00:00-04:00,286.5173750260083,292.62100662871376,285.14354358208703,291.1294250488281,1061300,0.0,0.0
2019-10-28 00:00:00-04:00,291.04114371981444,296.67374543727044,291.04114371981444,294.2892150878906,1399600,0.0,0.0
2019-10-29 00:00:00-04:00,291.44346335934455,295.0349924610046,291.1196504654618,292.3757019042969,1225900,0.0,0.0
2019-10-30 00:00:00-04:00,292.68975318060484,296.7817511887163,290.1285971927699,296.21258544921875,1395400,0.0,0.0
2019-10-31 00:00:00-04:00,296.2125421684786,297.9200091908521,294.6719377703867,296.330322265625,1505900,0.0,0.0
2019-11-01 00:00:00-04:00,299.2937231394304,299.5684833923165,297.4488914643575,297.919921875,990500,0.0,0.0
2019-11-04 00:00:00-05:00,299.9218886612768,300.2751391564883,294.9957871471775,295.1429748535156,1052000,0.0,0.0
2019-11-05 00:00:00-05:00,294.2891564693514,294.2891564693514,286.4879112110954,287.1551818847656,1876800,0.0,0.0
2019-11-06 00:00:00-05:00,287.7832937982468,289.6968238453328,285.2025227893291,289.0589904785156,1017000,0.0,0.0
2019-11-07 00:00:00-05:00,290.3640197920703,290.4032798196782,286.3112829070745,288.0481872558594,1210200,0.0,0.0
2019-11-08 00:00:00-05:00,290.0990967264822,290.4621696470805,287.05708828477157,289.1374206542969,788800,0.0,0.0
2019-11-11 00:00:00-05:00,287.1650271337912,290.7663485157685,286.77248675664407,288.0383605957031,773100,0.0,0.0
2019-11-12 00:00:00-05:00,289.00985512932505,293.141112381111,288.8037923754394,290.4327392578125,791000,0.0,0.0
2019-11-13 00:00:00-05:00,289.29437356392054,295.4961393619609,288.9901757746244,294.4068908691406,1286600,0.0,0.0
2019-11-14 00:00:00-05:00,294.53457653184273,295.54530536894924,290.26595340452803,295.211669921875,860800,0.0,0.0
2019-11-15 00:00:00-05:00,297.2625015654391,301.20731089793816,296.8405535855494,301.0699157714844,1626900,0.0,0.0
2019-11-18 00:00:00-05:00,300.2751661793155,300.79524941960375,294.27949014404226,295.35888671875,1233600,0.0,0.0
2019-11-19 00:00:00-05:00,296.5756735291964,301.27603718604644,295.93781024162325,300.6872863769531,1767500,0.0,0.0
2019-11-20 00:00:00-05:00,301.275971843468,304.8577081862118,298.950316812052,301.5801696777344,2329700,0.0,0.0
2019-11-21 00:00:00-05:00,300.8148140008815,301.1975319542307,296.82098146188184,299.5980224609375,1058600,0.0,0.0
2019-11-22 00:00:00-05:00,300.3829553012989,302.3553596738302,298.2339556933611,302.01190185546875,841900,0.0,0.0
2019-11-25 00:00:00-05:00,303.1797608623617,304.9264582314966,301.8746565702797,304.7890930175781,1257600,0.0,0.0
2019-11-26 00:00:00-05:00,304.21004973234903,308.03707885989985,303.75863428519773,307.585693359375,1709600,0.0,0.0
2019-11-27 00:00:00-05:00,307.79183859472766,310.1174942284166,306.427829287449,309.5189208984375,864000,0.0,0.0
2019-11-29 00:00:00-05:00,308.9301652584237,309.9506867512701,307.18346776698485,308.0764465332031,667100,0.0,0.0
2019-12-02 00:00:00-05:00,309.7543580660183,309.94080577426763,303.4250183729048,307.1833801269531,955500,0.0,0.0
2019-12-03 00:00:00-05:00,303.3661446839551,307.27169413425344,302.93437419410793,307.03619384765625,922700,0.0,0.0
2019-12-04 00:00:00-05:00,306.3394523991609,310.1763042437097,306.0548995380282,309.7347412109375,985700,0.0,0.0
2019-12-05 00:00:00-05:00,309.9506175558118,310.81415858515834,305.9077026880806,310.0880126953125,844300,0.0,0.0
2019-12-06 00:00:00-05:00,312.678659040023,315.58327276207825,311.9721281404276,314.1309509277344,1199400,0.0,0.0
2019-12-09 00:00:00-05:00,313.43417630806545,314.7392802215291,309.9015225563906,310.5099182128906,889900,0.0,0.0
2019-12-10 00:00:00-05:00,311.2950489645741,312.1291226098148,309.2735912882479,311.15765380859375,1301500,0.0,0.0
2019-12-11 00:00:00-05:00,310.92212035445385,313.07115046190796,310.1567144221162,312.12908935546875,1355600,0.0,0.0
2019-12-12 00:00:00-05:00,312.7178001262503,316.1425259861386,312.1781020696847,313.38507080078125,1187200,0.0,0.0
2019-12-13 00:00:00-05:00,313.2968765985883,315.4066769453652,311.55017920424245,314.5038757324219,735200,0.0,0.0
2019-12-16 00:00:00-05:00,316.811194336671,318.3036307382533,314.96526801942497,315.6329345703125,915700,0.19,0.0
2019-12-17 00:00:00-05:00,316.84065125854187,316.94864292284603,313.9146584650798,313.99322509765625,1375900,0.0,0.0
2019-12-18 00:00:00-05:00,313.5219500231187,315.40715987729305,310.9298201835723,313.80670166015625,2424400,0.0,0.0
2019-12-19 00:00:00-05:00,313.87541015736605,318.25455611556976,313.335361933994,317.3905029296875,1546600,0.0,0.0
2019-12-20 00:00:00-05:00,322.4569754976422,324.1556268907436,318.1858211603976,320.797607421875,2275300,0.0,0.0
2019-12-23 00:00:00-05:00,320.9841370557049,322.7907799546292,319.6978856985121,322.0936584472656,1319000,0.0,0.0
2019-12-24 00:00:00-05:00,322.32933545466926,323.0755686811951,320.47361067343047,320.5914306640625,489200,0.0,0.0
2019-12-26 00:00:00-05:00,320.63070868296603,320.8663786467516,317.8618487969386,319.8059387207031,680700,0.0,0.0
2019-12-27 00:00:00-05:00,321.2100689622298,321.7108040056346,319.2463222202886,320.6307373046875,628800,0.0,0.0
2019-12-30 00:00:00-05:00,320.65042806061933,321.4751981842473,317.6164426172877,319.1481628417969,606600,0.0,0.0
2019-12-31 00:00:00-05:00,318.97143388271246,319.34455063398593,317.0862534065141,318.98126220703125,875800,0.0,0.0
2020-01-02 00:00:00-05:00,320.0906606877634,321.0136238856709,316.72284282964984,320.4539489746094,1173300,0.0,0.0
2020-01-03 00:00:00-05:00,315.6526466146029,319.3935815774813,315.50534164465984,316.9683532714844,819600,0.0,0.0
2020-01-06 00:00:00-05:00,314.04227070992687,319.4327441313843,312.8738393907407,319.2462158203125,1010000,0.0,0.0
2020-01-07 00:00:00-05:00,319.5310263779732,323.2719613188037,319.08920136393556,321.0529479980469,917700,0.0,0.0
2020-01-08 00:00:00-05:00,320.26736633811174,324.59743038287087,319.32477653515423,321.5634460449219,939100,0.0,0.0
2020-01-09 00:00:00-05:00,323.40941172128703,324.8625649353922,321.33764360893866,323.6352233886719,901900,0.0,0.0
2020-01-10 00:00:00-05:00,325.37316788040965,325.96229783324884,321.759881450774,322.7712097167969,801400,0.0,0.0
2020-01-13 00:00:00-05:00,322.9282879631425,326.07026419368606,320.78778163520184,326.00152587890625,1379100,0.0,0.0
2020-01-14 00:00:00-05:00,324.47970421337897,329.0159545343002,322.0937590390344,326.7674560546875,1069800,0.0,0.0
2020-01-15 00:00:00-05:00,326.9637987063534,330.78330010718366,326.9637987063534,329.1239318847656,1350600,0.0,0.0
2020-01-16 00:00:00-05:00,331.08763903509407,332.0793105434123,328.78023113365737,330.6359558105469,842000,0.0,0.0
2020-01-17 00:00:00-05:00,331.25457892358526,333.1888704559911,329.19263907230896,333.0415954589844,1100300,0.0,0.0
2020-01-21 00:00:00-05:00,333.44412496636687,335.5158629127707,330.67523551488597,331.14654541015625,1340700,0.0,0.0
2020-01-22 00:00:00-05:00,331.6572660955713,336.0560706463835,331.4117976935832,333.8861083984375,922500,0.0,0.0
2020-01-23 00:00:00-05:00,333.3656606886993,333.72897903282313,326.8362082835036,329.30072021484375,1213800,0.0,0.0
2020-01-24 00:00:00-05:00,331.0090853834598,331.5883869704715,325.510589520519,327.6314392089844,945800,0.0,0.0
2020-01-27 00:00:00-05:00,321.42603497468195,326.5906982156008,320.7878233109065,324.9607849121094,1236100,0.0,0.0
2020-01-28 00:00:00-05:00,326.2077878775533,328.3777195512425,323.2523395596265,327.2191162109375,1667000,0.0,0.0
2020-01-29 00:00:00-05:00,329.5461575615144,331.51973258545814,327.34677084407434,327.83770751953125,1434400,0.0,0.0
2020-01-30 00:00:00-05:00,316.1632351801879,319.10885538373,311.2538681742843,314.06201171875,3670000,0.0,0.0
2020-01-31 00:00:00-05:00,316.3889893832685,317.1253942305734,305.2840066830614,307.5128479003906,2623700,0.0,0.0
2020-02-03 00:00:00-05:00,311.0673453190863,315.73124450677653,309.3981483608892,312.5696105957031,2693900,0.0,0.0
2020-02-04 00:00:00-05:00,316.00604853188565,322.6828038783665,315.1911070080832,320.0513610839844,2019700,0.0,0.0
2020-02-05 00:00:00-05:00,324.27345462300286,327.60198921007276,323.17376142651494,326.4630126953125,1786600,0.0,0.0
2020-02-06 00:00:00-05:00,327.20936710863225,328.38762737805564,325.4518050288035,325.9820251464844,1636200,0.0,0.0
2020-02-07 00:00:00-05:00,324.0181522574691,324.4501788576304,318.94185468776976,320.2968444824219,1577300,0.0,0.0
2020-02-10 00:00:00-05:00,318.6866018843165,328.6722358668851,318.6866018843165,327.8867492675781,1781600,0.0,0.0
2020-02-11 00:00:00-05:00,330.4592484829462,332.0400799484242,328.93735697790174,331.6571350097656,1808400,0.0,0.0
2020-02-12 00:00:00-05:00,332.825576885032,334.7696967079961,327.8081889940279,328.5053405761719,1948400,0.0,0.0
2020-02-13 00:00:00-05:00,327.4547244683431,331.29385241990605,325.4909779947699,329.5068359375,1560100,0.0,0.0
2020-02-14 00:00:00-05:00,330.45926397535493,333.24778045479377,328.9766257552344,333.0415954589844,1467700,0.0,0.0
2020-02-18 00:00:00-05:00,332.000780318186,332.21679361452067,328.44640423118125,331.2545471191406,1462400,0.0,0.0
2020-02-19 00:00:00-05:00,331.96148878610666,334.1216216959956,329.2318826350964,333.5815734863281,1189400,0.0,0.0
2020-02-20 00:00:00-05:00,333.8370292663994,335.1625646401911,327.16030066683334,329.96844482421875,1505700,0.0,0.0
2020-02-21 00:00:00-05:00,327.85726317481493,329.51663117553795,327.0619483300176,328.86859130859375,1540100,0.0,0.0
2020-02-24 00:00:00-05:00,318.3822533686727,320.2576350117077,314.7100267641244,317.2923583984375,2638300,0.0,0.0
2020-02-25 00:00:00-05:00,318.8927675814191,321.0626989013587,301.7983520623603,304.01739501953125,2378300,0.0,0.0
2020-02-26 00:00:00-05:00,303.14353876980084,312.86410795330073,302.7213404621489,303.5559387207031,1944800,0.0,0.0
2020-02-27 00:00:00-05:00,298.4895548581433,306.05979142849316,291.6262684320862,291.6949768066406,2231900,0.0,0.0
2020-02-28 00:00:00-05:00,283.3784123172871,290.4380830834292,279.66693278779815,285.5287170410156,3961600,0.0,0.0
2020-03-02 00:00:00-05:00,285.75460935954976,299.4320983886719,283.6239309348233,299.4320983886719,2741000,0.0,0.0
2020-03-03 00:00:00-05:00,309.90859040635854,319.09890761844963,301.87687618252573,304.7341003417969,3895900,0.0,0.0
2020-03-04 00:00:00-05:00,312.7659363115955,321.9464578631694,309.1231647134062,320.7191162109375,3043500,0.0,0.0
2020-03-05 00:00:00-05:00,312.8935797848072,317.82257299654026,304.47891835616,307.2183532714844,2192400,0.0,0.0
2020-03-06 00:00:00-05:00,299.5302793144963,307.0514327099722,297.2425276119621,305.529541015625,1922800,0.0,0.0
2020-03-09 00:00:00-04:00,288.55292194716554,293.0204333486595,282.8089573135345,289.99627685546875,2520100,0.0,0.0
2020-03-10 00:00:00-04:00,300.217569535263,302.38750099178617,287.76739415857094,302.1224060058594,2707500,0.0,0.0
2020-03-11 00:00:00-04:00,293.98267864205525,294.78782191292595,280.0891778986676,284.1344909667969,2566400,0.0,0.0
2020-03-12 00:00:00-04:00,269.29838441351205,290.4184890936961,263.68206783028614,279.1662292480469,4519200,0.0,0.0
2020-03-13 00:00:00-04:00,292.4809438575381,295.9201621491312,267.4827376476354,294.9080505371094,4534400,0.22,0.0
2020-03-16 00:00:00-04:00,266.8144861985993,288.3931105250214,260.63371278261206,274.4986877441406,3766500,0.0,0.0
2020-03-17 00:00:00-04:00,292.80519601749324,308.70420183104466,281.6031480273785,291.1641845703125,5253500,0.0,0.0
2020-03-18 00:00:00-04:00,279.42171821021185,297.73802566848735,275.3929438331623,297.7183837890625,4570700,0.0,0.0
2020-03-19 00:00:00-04:00,292.8444360494484,294.7704193740123,272.9068231646946,275.9627990722656,3511100,0.0,0.0
2020-03-20 00:00:00-04:00,272.6414445721772,280.4927055361453,263.4931303592814,273.53564453125,3715600,0.0,0.0
2020-03-23 00:00:00-04:00,267.5121968194604,270.2242755078628,245.8647919602627,250.86639404296875,3477200,0.0,0.0
2020-03-24 00:00:00-04:00,258.97306216917985,279.0679304216962,256.7621366640784,277.13214111328125,2691600,0.0,0.0
2020-03-25 00:00:00-04:00,273.18200212165164,280.78757729648487,265.4388438359844,266.9619140625,3075700,0.0,0.0
2020-03-26 00:00:00-04:00,269.9884458748643,280.15868071243654,265.605877967721,278.23272705078125,2856100,0.0,0.0
2020-03-27 00:00:00-04:00,268.8779612949469,278.25229160420344,267.37453350844635,269.57562255859375,2314600,0.0,0.0
2020-03-30 00:00:00-04:00,273.45708189392167,281.21004452414803,271.6392039427926,280.01123046875,1990000,0.0,0.0
2020-03-31 00:00:00-04:00,278.8811798203071,281.35740516582877,275.44196295773145,278.6748352050781,3275100,0.0,0.0
2020-04-01 00:00:00-04:00,271.7079013216162,278.0753449279489,265.7039971944089,270.420654296875,1927400,0.0,0.0
2020-04-02 00:00:00-04:00,267.31567682544215,282.9886661532803,267.30584089253205,282.5563049316406,1666600,0.0,0.0
2020-04-03 00:00:00-04:00,278.03628204744774,282.50725442681164,273.9485213066199,277.3091125488281,1320400,0.0,0.0
2020-04-06 00:00:00-04:00,289.4936677615624,301.4032120704069,287.0862334569101,298.7206115722656,2437800,0.0,0.0
2020-04-07 00:00:00-04:00,306.71921677782785,312.02543136361305,290.9282901782702,291.4294128417969,2126500,0.0,0.0
2020-04-08 00:00:00-04:00,292.4808096231504,303.7123015779656,285.4746290637539,301.8158264160156,1997900,0.0,0.0
2020-04-09 00:00:00-04:00,302.2089505698221,312.6740223612845,299.75236657888684,311.8682556152344,2445300,0.0,0.0
2020-04-13 00:00:00-04:00,308.9204075560962,311.3769919663488,303.81069998772983,309.8440856933594,1547900,0.0,0.0
2020-04-14 00:00:00-04:00,315.9658168493794,321.7240652435155,314.2756858858811,320.7021179199219,1513100,0.0,0.0
2020-04-15 00:00:00-04:00,317.01723295409323,321.4685617620813,315.15023519571076,320.1714782714844,1652300,0.0,0.0
2020-04-16 00:00:00-04:00,322.79508913287816,324.99617847035717,318.55994135178605,323.1291809082031,1830000,0.0,0.0
2020-04-17 00:00:00-04:00,328.41582252578627,328.5140918891509,321.42928162067375,325.8216552734375,2057200,0.0,0.0
2020-04-20 00:00:00-04:00,323.6009470443936,325.9887398104116,319.89639869155917,321.47845458984375,1717900,0.0,0.0
2020-04-21 00:00:00-04:00,319.1692685763131,319.1692685763131,310.8660013251486,314.06939697265625,2183500,0.0,0.0
2020-04-22 00:00:00-04:00,317.9310769275233,331.6781408487648,315.8478985745085,329.7619934082031,2321700,0.0,0.0
2020-04-23 00:00:00-04:00,329.5752756504587,331.4521092667031,314.31497832881433,314.9438781738281,2668100,0.0,0.0
2020-04-24 00:00:00-04:00,317.0073738769925,324.21993003858523,314.6785373179437,322.99163818359375,1987900,0.0,0.0
2020-04-27 00:00:00-04:00,324.75063655722107,337.47575632461474,324.337947152257,336.7584228515625,1878500,0.0,0.0
2020-04-28 00:00:00-04:00,336.75836563777307,340.8657970346432,322.40210258254524,326.6863708496094,2361400,0.0,0.0
2020-04-29 00:00:00-04:00,327.6788172143857,331.5209180648785,322.9719940257895,329.7914733886719,1936600,0.0,0.0
2020-04-30 00:00:00-04:00,326.0082700438811,331.9335482049636,325.6447004864369,328.86773681640625,2215000,0.0,0.0
2020-05-01 00:00:00-04:00,324.6425975420861,328.6320888368269,320.87909285566144,324.0824890136719,1603100,0.0,0.0
2020-05-04 00:00:00-04:00,323.4436486631627,325.1534213687866,319.68014553945704,321.0460205078125,1189000,0.0,0.0
2020-05-05 00:00:00-04:00,326.1754598732105,334.07584387404313,323.227558528321,330.4794006347656,1139900,0.0,0.0
2020-05-06 00:00:00-04:00,331.6683236863682,333.1029603712657,329.2706952608693,329.32965087890625,1215600,0.0,0.0
2020-05-07 00:00:00-04:00,333.4075563160355,336.3751288717856,329.4377383079988,333.1913757324219,1795100,0.0,0.0
2020-05-08 00:00:00-04:00,337.8884196448762,337.8884196448762,324.6228643039657,327.22686767578125,1616000,0.0,0.0
2020-05-11 00:00:00-04:00,325.5858754805541,335.42204928731167,325.35005296763876,334.4787292480469,1313900,0.0,0.0
2020-05-12 00:00:00-04:00,334.46880802449573,335.67742808259186,325.9591979980469,325.9591979980469,1510000,0.0,0.0
2020-05-13 00:00:00-04:00,329.3590305926542,334.2918690749559,325.07476369078745,328.2879638671875,1791200,0.0,0.0
2020-05-14 00:00:00-04:00,324.8390020745603,331.93361786128344,322.67722614857564,331.4324951171875,1147600,0.0,0.0
2020-05-15 00:00:00-04:00,331.63886449731297,337.2398884260853,329.5458499766917,336.9647521972656,1614500,0.0,0.0
2020-05-18 00:00:00-04:00,341.95656964374814,345.74952179804535,340.7086354868502,340.9444580078125,1396000,0.0,0.0
2020-05-19 00:00:00-04:00,339.99129147723755,341.21958371523334,335.4810059778294,336.82720947265625,1201200,0.0,0.0
2020-05-20 00:00:00-04:00,339.04783056496336,339.8535671477368,334.8912805630415,335.2253723144531,1352300,0.0,0.0
2020-05-21 00:00:00-04:00,334.36071289599505,336.03120195417654,328.9365864041485,329.9192199707031,1175900,0.0,0.0
2020-05-22 00:00:00-04:00,331.5603063035607,334.89141925496443,329.69327811423926,334.3509826660156,1098200,0.0,0.0
2020-05-26 00:00:00-04:00,340.23685281254114,341.190008516675,326.244161227198,326.79443359375,1647700,0.0,0.0
2020-05-27 00:00:00-04:00,330.6659855591968,331.58966338361614,318.7171594362076,331.49139404296875,1744400,0.0,0.0
2020-05-28 00:00:00-04:00,335.0190525378031,339.8732642043815,333.7907607190857,336.78778076171875,1290400,0.0,0.0
2020-05-29 00:00:00-04:00,339.09699011898743,343.67606581672953,334.64566157396,343.12579345703125,1548800,0.0,0.0
2020-06-01 00:00:00-04:00,341.95644686374277,345.0419303473054,341.5633994740618,343.2633361816406,845700,0.0,0.0
2020-06-02 00:00:00-04:00,343.25354534539053,344.7078237499735,340.6593784816562,344.0101623535156,1166500,0.0,0.0
2020-06-03 00:00:00-04:00,345.31707290295304,346.4667372887144,339.3917941808766,341.1605224609375,1209700,0.0,0.0
2020-06-04 00:00:00-04:00,337.9473307532863,343.71538467261763,337.9473307532863,342.1038513183594,1763500,0.0,0.0
2020-06-05 00:00:00-04:00,342.103966926616,350.23036801178284,339.5687848026379,348.0489196777344,1712100,0.0,0.0
2020-06-08 00:00:00-04:00,344.28534441402917,347.6557706096969,342.0252990320453,343.8038635253906,1314800,0.0,0.0
2020-06-09 00:00:00-04:00,344.0004640893226,346.0836731564313,340.79709795225784,341.6126708984375,1672300,0.0,0.0
2020-06-10 00:00:00-04:00,343.3125360616666,348.4516906589132,341.80910783523495,346.6731262207031,1140600,0.0,0.0
2020-06-11 00:00:00-04:00,345.8476906757004,346.45691866955,329.84061197728585,330.59722900390625,1647700,0.0,0.0
2020-06-12 00:00:00-04:00,336.7918561840227,339.564703117456,325.0417200061445,334.0780334472656,1523100,0.22,0.0
2020-06-15 00:00:00-04:00,328.266921749041,337.07707229594325,328.266921749041,335.120361328125,1632100,0.0,0.0
2020-06-16 00:00:00-04:00,341.0789891200491,342.7800384200167,335.7496167868894,341.4132995605469,1549100,0.0,0.0
2020-06-17 00:00:00-04:00,344.1468141035958,347.07698920913447,341.44280342135323,343.99932861328125,1302600,0.0,0.0
2020-06-18 00:00:00-04:00,342.91766740618334,346.2018072006913,341.1969335912419,341.62957763671875,1129900,0.0,0.0
2020-06-19 00:00:00-04:00,348.5518495236091,349.0631424790087,342.3375351092932,346.83111572265625,2328500,0.0,0.0
2020-06-22 00:00:00-04:00,346.6640566608487,347.6571758038123,342.76044667205883,346.270751953125,1138100,0.0,0.0
2020-06-23 00:00:00-04:00,349.0631517656354,352.012981217176,347.1260958921684,350.85272216796875,1680600,0.0,0.0
2020-06-24 00:00:00-04:00,349.535189689936,349.76132411180254,340.45953552869406,342.14093017578125,1892700,0.0,0.0
2020-06-25 00:00:00-04:00,341.9638684243459,346.2902786238012,337.4506333065474,345.8773193359375,1294900,0.0,0.0
2020-06-26 00:00:00-04:00,346.6049993347786,349.75149643801075,342.43591617913313,345.0809326171875,1656400,0.0,0.0
2020-06-29 00:00:00-04:00,347.52930595427506,347.52930595427506,343.2028946412213,344.9334411621094,957300,0.0,0.0
2020-06-30 00:00:00-04:00,344.59912517972026,357.8832022781488,343.7436792982983,356.28045654296875,1710300,0.0,0.0
2020-07-01 00:00:00-04:00,357.67674293455343,357.67674293455343,351.02978282276877,353.7534484863281,1600200,0.0,0.0
2020-07-02 00:00:00-04:00,355.9953093136913,363.6353883073757,355.946157482674,359.7711181640625,1127800,0.0,0.0
2020-07-06 00:00:00-04:00,364.0680046332149,380.10524362774896,363.82218548246215,375.87713623046875,1859200,0.0,0.0
2020-07-07 00:00:00-04:00,374.75624898014337,379.2891401093426,373.33048577934386,373.8909606933594,1368300,0.0,0.0
2020-07-08 00:00:00-04:00,378.1091707113643,388.3942349617478,376.13277525519834,380.1642150878906,1456800,0.0,0.0
2020-07-09 00:00:00-04:00,379.121881177922,384.83471454724827,377.13564368497384,381.186767578125,920200,0.0,0.0
2020-07-10 00:00:00-04:00,382.26841578203454,385.03142050315574,375.3559827952976,376.172119140625,983600,0.0,0.0
2020-07-13 00:00:00-04:00,378.22720364261664,383.88104443770857,372.1407187165399,372.593017578125,1052800,0.0,0.0
2020-07-14 00:00:00-04:00,372.59296855598706,381.84560431023283,368.86637211003557,380.9803161621094,869200,0.0,0.0
2020-07-15 00:00:00-04:00,386.1327819824219,387.6470065340029,381.36388386383743,386.1327819824219,1137200,0.0,0.0
2020-07-16 00:00:00-04:00,386.35896421469164,386.9292815898882,381.4425799806496,385.8575134277344,1002600,0.0,0.0
2020-07-17 00:00:00-04:00,387.2339728962385,391.83569988639647,384.17596726325854,388.78753662109375,1206700,0.0,0.0
2020-07-20 00:00:00-04:00,391.2456773974475,398.43342555139634,390.5475595486176,396.23089599609375,1511200,0.0,0.0
2020-07-21 00:00:00-04:00,398.649862886762,402.8386312059345,395.3657223293386,396.3489990234375,1486900,0.0,0.0
2020-07-22 00:00:00-04:00,402.98608885351456,413.94961723345415,399.70194852309663,403.8907165527344,2283900,0.0,0.0
2020-07-23 00:00:00-04:00,411.1473514452331,412.91723757855397,402.26833365497316,403.6154479980469,1522300,0.0,0.0
2020-07-24 00:00:00-04:00,396.6243725315181,400.4788309317731,392.4847854540303,399.58404541015625,1323400,0.0,0.0
2020-07-27 00:00:00-04:00,397.6370202117563,409.5543268787122,397.587868388455,406.5258483886719,1312700,0.0,0.0
2020-07-28 00:00:00-04:00,404.73637603090344,407.9812073503006,399.8199922202035,400.547607421875,1107000,0.0,0.0
2020-07-29 00:00:00-04:00,403.6350554172242,407.0765236120117,401.37353117782374,402.4158020019531,1099300,0.0,0.0
2020-07-30 00:00:00-04:00,398.53179858327553,405.7982263722244,397.67635282348704,403.6940002441406,1142800,0.0,0.0
2020-07-31 00:00:00-04:00,402.17979766099086,407.44033364942896,400.7638769087737,407.0273742675781,1217900,0.0,0.0
2020-08-03 00:00:00-04:00,411.2554416303344,416.6143111511792,410.2230131939834,412.0813903808594,1049400,0.0,0.0
2020-08-04 00:00:00-04:00,411.92407080616465,411.92407080616465,405.86708317329123,408.76776123046875,911300,0.0,0.0
2020-08-05 00:00:00-04:00,409.9378810047983,413.29085805784274,408.9054224946622,412.87786865234375,906100,0.0,0.0
2020-08-06 00:00:00-04:00,412.002703149765,413.1826169662904,402.1699379759636,408.7775573730469,1229900,0.0,0.0
2020-08-07 00:00:00-04:00,407.0765328854112,409.88868969946225,404.6478383609026,407.4010009765625,1006700,0.0,0.0
2020-08-10 00:00:00-04:00,407.18467546060697,408.2662857673095,401.44234347719356,403.3007507324219,1206100,0.0,0.0
2020-08-11 00:00:00-04:00,402.5239801311456,403.3007771305166,394.5102809827302,400.4295959472656,1337700,0.0,0.0
2020-08-12 00:00:00-04:00,402.0618254975612,411.0489886902208,400.4295826198827,409.21026611328125,1060500,0.0,0.0
2020-08-13 00:00:00-04:00,405.1296026167549,410.66545452132965,405.1296026167549,409.6330261230469,1080500,0.0,0.0
2020-08-14 00:00:00-04:00,407.7745792677157,409.50515546909116,403.87097045476065,406.8404846191406,898100,0.0,0.0
2020-08-17 00:00:00-04:00,409.0431025658636,412.7205477798895,407.6665212029039,409.8297119140625,1225800,0.0,0.0
2020-08-18 00:00:00-04:00,410.7244971407977,412.8877178583316,409.36757050954674,410.32135009765625,1037300,0.0,0.0
2020-08-19 00:00:00-04:00,412.2583251252589,416.3192618494753,408.8660392229155,413.58575439453125,1230100,0.0,0.0
2020-08-20 00:00:00-04:00,412.8089729937484,416.0144640885718,411.57987732944105,415.05084228515625,928700,0.0,0.0
2020-08-21 00:00:00-04:00,415.81785862432383,422.73029196936034,413.9791061636698,421.4028625488281,1301300,0.0,0.0
2020-08-24 00:00:00-04:00,422.3663979090445,425.14908713783444,409.4855000900098,412.7401428222656,1201100,0.0,0.0
2020-08-25 00:00:00-04:00,413.13346047875365,416.36844858643013,411.3143929406953,415.22784423828125,963600,0.0,0.0
2020-08-26 00:00:00-04:00,414.3822488090973,420.48841807779223,413.61529426421265,418.53167724609375,945900,0.0,0.0
2020-08-27 00:00:00-04:00,402.45519635198633,416.7323951933401,395.93609614541924,413.4974060058594,2092000,0.0,0.0
2020-08-28 00:00:00-04:00,412.97619639033024,417.62710578561183,408.2269833350192,417.38128662109375,1325000,0.0,0.0
2020-08-31 00:00:00-04:00,418.37437434250376,426.20127812166953,417.8139294546307,421.8060302734375,1557600,0.0,0.0
2020-09-01 00:00:00-04:00,424.92299910358133,428.4628010517528,423.3497504591472,426.4765930175781,1489700,0.0,0.0
2020-09-02 00:00:00-04:00,427.2336680861522,434.5689028692233,422.9269119243127,433.6839599609375,1221600,0.0,0.0
2020-09-03 00:00:00-04:00,430.7832957323301,431.5895897440224,407.55830730026196,412.6517028808594,1882700,0.0,0.0
2020-09-04 00:00:00-04:00,412.6123931451055,412.9467036114812,394.3627805809198,403.123779296875,2189300,0.0,0.0
2020-09-08 00:00:00-04:00,401.1670504095702,401.97334450365355,394.5299326981552,398.52203369140625,1515200,0.0,0.0
2020-09-09 00:00:00-04:00,403.71369839871113,415.40487172600797,403.03526514265934,411.32427978515625,1665900,0.0,0.0
2020-09-10 00:00:00-04:00,416.6339573458038,422.1599669728979,410.9211227662874,412.710693359375,1540600,0.0,0.0
2020-09-11 00:00:00-04:00,418.48255569187296,426.74207369747637,417.88274132093875,423.9200744628906,1743200,0.0,0.0
2020-09-14 00:00:00-04:00,428.3765482717752,432.7150154223547,425.9957908927292,427.05828857421875,1052300,0.22,0.0
2020-09-15 00:00:00-04:00,428.57333260156145,430.37363426697414,426.1237034214394,428.0420837402344,1292600,0.0,0.0
2020-09-16 00:00:00-04:00,431.6721835095996,433.62004575716077,425.60225685501183,426.8418273925781,1842700,0.0,0.0
2020-09-17 00:00:00-04:00,424.16604057230614,431.14102816107146,422.0705870750697,425.9073181152344,1304300,0.0,0.0
2020-09-18 00:00:00-04:00,419.81759266348735,426.80242543867894,419.168295304635,422.0901184082031,1737800,0.0,0.0
2020-09-21 00:00:00-04:00,417.8599765195329,419.315979711989,408.7305119591602,418.56829833984375,1283200,0.0,0.0
2020-09-22 00:00:00-04:00,417.02371199331674,424.3135144881277,415.27258741446803,423.2608642578125,1168600,0.0,0.0
2020-09-23 00:00:00-04:00,423.78223324344003,424.7561943268959,413.38371781597056,413.93463134765625,966500,0.0,0.0
2020-09-24 00:00:00-04:00,412.685285376326,414.2790019436063,408.8387073537645,411.3572082519531,904700,0.0,0.0
2020-09-25 00:00:00-04:00,409.0256546234381,417.8993576106068,406.10383071687767,415.4399108886719,1112900,0.0,0.0
2020-09-28 00:00:00-04:00,419.5913790613107,424.1265835508313,417.1614449571909,421.4408874511719,1110700,0.0,0.0
2020-09-29 00:00:00-04:00,423.7823364569694,429.2226314242686,423.02483767204427,427.29443359375,911900,0.0,0.0
2020-09-30 00:00:00-04:00,429.51767597436486,437.5846412264249,428.01249615132247,434.35784912109375,1516300,0.0,0.0
2020-10-01 00:00:00-04:00,438.73574583048355,445.3467392593619,429.0356731699752,431.091796875,1452300,0.0,0.0
2020-10-02 00:00:00-04:00,427.16649824847923,434.6333742328633,425.98598193993405,428.0027160644531,949000,0.0,0.0
2020-10-05 00:00:00-04:00,432.86262620995825,444.422025887156,432.86262620995825,443.35955810546875,1149100,0.0,0.0
2020-10-06 00:00:00-04:00,444.53017273134947,444.6679161427436,438.04707552126507,438.65704345703125,1198100,0.0,0.0
2020-10-07 00:00:00-04:00,440.624542344292,448.5537942128319,440.624542344292,445.0220031738281,1012900,0.0,0.0
2020-10-08 00:00:00-04:00,447.3831027696633,447.3831027696633,439.91622784940387,446.1828918457031,832400,0.0,0.0
2020-10-09 00:00:00-04:00,449.970537161093,457.85058383780756,447.904595963914,457.1619567871094,1066000,0.0,0.0
2020-10-12 00:00:00-04:00,458.22435468249745,463.67449605199664,455.00740975241115,459.14910888671875,927200,0.0,0.0
2020-10-13 00:00:00-04:00,459.31641170278186,463.2318313737935,458.45068171847555,459.9460144042969,916400,0.0,0.0
2020-10-14 00:00:00-04:00,459.4344787597656,464.77638964497106,456.76841699149713,459.4344787597656,851900,0.0,0.0
2020-10-15 00:00:00-04:00,454.47624772402224,458.44087468834374,450.934638395741,457.02423095703125,936600,0.0,0.0
2020-10-16 00:00:00-04:00,460.60517250748626,466.15366844042796,459.9165154486001,460.98883056640625,1070300,0.0,0.0
2020-10-19 00:00:00-04:00,461.2643107737743,463.61555625979696,451.3478347627578,453.8072814941406,1248800,0.0,0.0
2020-10-20 00:00:00-04:00,453.7875326587392,462.74977109219765,453.68917881923255,457.71282958984375,1081900,0.0,0.0
2020-10-21 00:00:00-04:00,467.29480483750086,471.22007159092357,454.9188840582477,461.1560363769531,2212800,0.0,0.0
2020-10-22 00:00:00-04:00,464.038510104929,477.1326003010792,462.4841231717387,474.1714172363281,1454600,0.0,0.0
2020-10-23 00:00:00-04:00,473.19753504004746,475.8635667999696,465.80934770279083,472.3810119628906,1164400,0.0,0.0
2020-10-26 00:00:00-04:00,467.3637730048981,474.79129047950613,467.2949012877187,474.6043701171875,1310900,0.0,0.0
2020-10-27 00:00:00-04:00,477.13267855777406,482.7500466351007,476.2374363210738,481.3629150390625,1332000,0.0,0.0
2020-10-28 00:00:00-04:00,474.52557605573344,478.34264152441415,468.0129670441863,468.97705078125,1673300,0.0,0.0
2020-10-29 00:00:00-04:00,471.8694129999984,472.1842293664245,463.4679351090658,464.2254638671875,1330100,0.0,0.0
2020-10-30 00:00:00-04:00,461.4512344167209,467.7572594836455,457.9489846480687,465.44537353515625,1251900,0.0,0.0
2020-11-02 00:00:00-05:00,471.0332395334363,481.3826108911949,469.80351613237514,472.7548522949219,1656000,0.0,0.0
2020-11-03 00:00:00-05:00,483.05487515362756,493.59116378270414,480.9594523111777,483.527099609375,1714300,0.0,0.0
2020-11-04 00:00:00-05:00,491.8892833711541,509.59729757251563,491.12193728999665,502.68133544921875,2300100,0.0,0.0
2020-11-05 00:00:00-05:00,516.4838270948851,521.274824649282,503.4487590777284,506.4099426269531,1526100,0.0,0.0
2020-11-06 00:00:00-05:00,510.1678595610835,523.9309108510352,506.1638739531404,519.1005249023438,1367000,0.0,0.0
2020-11-09 00:00:00-05:00,513.3159924016478,514.5161733917471,476.4537795013652,477.12274169921875,4192000,0.0,0.0
2020-11-10 00:00:00-05:00,472.57774177616665,476.12919828792985,454.50573291391066,460.98883056640625,3377200,0.0,0.0
2020-11-11 00:00:00-05:00,464.40251554429824,480.625014772681,461.4610271879918,476.1488342285156,1917800,0.0,0.0
2020-11-12 00:00:00-05:00,477.1326051999053,489.95123873251873,475.0666642038102,478.66729736328125,1463800,0.0,0.0
2020-11-13 00:00:00-05:00,484.9930489619397,486.34082096970775,478.19513458069366,480.6644287109375,1160800,0.0,0.0
2020-11-16 00:00:00-05:00,487.6886008171753,487.6886008171753,472.34164787755844,473.18768310546875,1737500,0.0,0.0
2020-11-17 00:00:00-05:00,471.328333815795,476.079971249435,469.39028877062657,471.2299499511719,1546600,0.0,0.0
2020-11-18 00:00:00-05:00,472.1251954304604,473.63037549999797,444.41213882951536,446.81256103515625,3527800,0.0,0.0
2020-11-19 00:00:00-05:00,451.4855385153566,452.25288467824066,442.7495791086504,445.7501220703125,2093500,0.0,0.0
2020-11-20 00:00:00-05:00,445.4352759089734,449.86227963483236,442.45442793446324,443.7235107421875,1868600,0.0,0.0
2020-11-23 00:00:00-05:00,447.12737525906556,448.5243540858543,434.5940454585766,438.7947692871094,2251300,0.0,0.0
2020-11-24 00:00:00-05:00,437.09288065694636,438.29309191648525,428.70124923475413,432.4297790527344,2832500,0.0,0.0
2020-11-25 00:00:00-05:00,431.3672033230216,442.39535179522824,431.07205176234913,441.17547607421875,2650200,0.0,0.0
2020-11-27 00:00:00-05:00,446.12397667715885,447.22580402000455,434.83018636790405,446.0452575683594,899700,0.0,0.0
2020-11-30 00:00:00-05:00,449.655715706693,459.021277666277,447.61928669149967,457.4374084472656,2557000,0.0,0.0
2020-12-01 00:00:00-05:00,462.3759064663126,468.07199252887847,457.7521353926343,463.45806884765625,3041900,0.0,0.0
2020-12-02 00:00:00-05:00,468.74097726567436,474.3780392897122,461.98242328160256,471.1217346191406,2003400,0.0,0.0
2020-12-03 00:00:00-05:00,472.21370489911993,473.64019580835156,464.00899537920236,469.4591369628906,1488100,0.0,0.0
2020-12-04 00:00:00-05:00,468.73113899471144,470.9544882172672,461.6282563678027,466.9209899902344,1650000,0.0,0.0
2020-12-07 00:00:00-05:00,466.1536879470578,470.34459474742107,463.35976008766323,465.2191162109375,1263500,0.0,0.0
2020-12-08 00:00:00-05:00,465.2190363397816,471.7709748294346,465.2190363397816,466.2913513183594,1433700,0.0,0.0
2020-12-09 00:00:00-05:00,469.7542573668023,469.7542573668023,451.4264581867698,453.895751953125,2417100,0.0,0.0
2020-12-10 00:00:00-05:00,455.5386802788137,465.3272896061843,454.50572473162185,461.1363830566406,1564300,0.0,0.0
2020-12-11 00:00:00-05:00,460.40838434162595,464.2451148732981,457.49640809483634,463.743408203125,1192500,0.0,0.0
2020-12-14 00:00:00-05:00,463.97965797042684,469.91461214926437,458.69430450227816,459.7671203613281,1745400,0.22,0.0
2020-12-15 00:00:00-05:00,462.3852118120486,466.0170526971735,457.9069105668025,463.55645751953125,1129100,0.0,0.0
2020-12-16 00:00:00-05:00,458.9895951366982,461.08602711010525,450.36765970912984,450.5743713378906,2058300,0.0,0.0
2020-12-17 00:00:00-05:00,451.1353302255045,457.660833187789,450.92864864888617,457.61163330078125,1765800,0.0,0.0
2020-12-18 00:00:00-05:00,455.4462880622083,461.75525732352975,448.2318366503186,459.3241882324219,3379600,0.0,0.0
2020-12-21 00:00:00-05:00,455.02299211659647,458.9304175317735,446.8439780923244,455.5840148925781,1282200,0.0,0.0
2020-12-22 00:00:00-05:00,455.0721698865794,458.05443922353413,452.2572642264588,457.867431640625,1043900,0.0,0.0
2020-12-23 00:00:00-05:00,460.4560710498222,461.9816580404275,451.11566162109375,451.11566162109375,1241000,0.0,0.0
2020-12-24 00:00:00-05:00,450.19038032595154,454.92456191573154,449.2159944796913,450.8695068359375,442100,0.0,0.0
2020-12-28 00:00:00-05:00,454.79668433864566,456.1943155224601,450.1412577963026,453.4679870605469,736500,0.0,0.0
2020-12-29 00:00:00-05:00,458.6549445915328,458.9797299413578,453.4876946792891,455.5644226074219,803200,0.0,0.0
2020-12-30 00:00:00-05:00,457.9856509414221,459.2454744282984,454.2061804807932,454.4522399902344,714800,0.0,0.0
2020-12-31 00:00:00-05:00,454.2946606192262,458.8812124934152,452.2868070436696,458.43829345703125,967200,0.0,0.0
2021-01-04 00:00:00-05:00,461.6568505756838,468.87133238451145,454.8853179455679,464.3832092285156,2220400,0.0,0.0
2021-01-05 00:00:00-05:00,464.56034290177246,475.2885312538445,463.57610488715005,470.190185546875,2046700,0.0,0.0
2021-01-06 00:00:00-05:00,463.8713493249923,482.23723369024776,462.8182375110772,477.5621032714844,2112300,0.0,0.0
2021-01-07 00:00:00-05:00,482.18798369052746,497.52239665423497,480.3080857341892,492.4437255859375,2144400,0.0,0.0
2021-01-08 00:00:00-05:00,501.84328897389213,510.8195349557033,495.12092644292204,504.2251281738281,2221700,0.0,0.0
2021-01-11 00:00:00-05:00,500.9673119887187,510.47508512682856,500.9377860488856,505.2585754394531,1669600,0.0,0.0
2021-01-12 00:00:00-05:00,504.19559818825223,507.5715271768925,488.12297550662004,490.9083557128906,2039000,0.0,0.0
2021-01-13 00:00:00-05:00,492.118933094599,497.040122425545,491.8925475722154,493.8019714355469,1410200,0.0,0.0
2021-01-14 00:00:00-05:00,494.0874038023191,499.3235564059696,488.24102853368595,489.07763671875,1426700,0.0,0.0
2021-01-15 00:00:00-05:00,489.4909926442076,503.44750806865363,489.1662073724993,495.2094421386719,1892600,0.0,0.0
2021-01-19 00:00:00-05:00,501.9613585560972,505.8687544140747,495.17012265353236,499.3826599121094,1758700,0.0,0.0
2021-01-20 00:00:00-05:00,501.6266766833099,511.56748518266903,501.38061721568494,507.70928955078125,1257100,0.0,0.0
2021-01-21 00:00:00-05:00,507.6698994488986,511.8037106650469,503.9396594147957,504.28411865234375,1514200,0.0,0.0
2021-01-22 00:00:00-05:00,503.64436813269276,508.9592467931264,501.9711817221887,506.4888000488281,1936600,0.0,0.0
2021-01-25 00:00:00-05:00,510.3568707925938,513.7721472273843,507.4927050665342,510.6521301269531,1509700,0.0,0.0
2021-01-26 00:00:00-05:00,508.0735106606248,509.99272666833684,499.20551682506516,499.8255615234375,1006300,0.0,0.0
2021-01-27 00:00:00-05:00,492.3355247849374,493.1032292097897,471.6271492238545,474.8751525878906,2504600,0.0,0.0
2021-01-28 00:00:00-05:00,483.5856605878417,495.4063690015383,481.9419998896369,488.6545104980469,1619700,0.0,0.0
2021-01-29 00:00:00-05:00,486.2529369061816,505.5833550894143,482.89668181169014,501.6661071777344,2586400,0.0,0.0
2021-02-01 00:00:00-05:00,508.69361519110475,518.2899360842237,503.92987664378256,507.34515380859375,2083100,0.0,0.0
2021-02-02 00:00:00-05:00,511.79394376249536,517.4434606654744,509.84517160975156,510.35699462890625,1502000,0.0,0.0
2021-02-03 00:00:00-05:00,510.62263821209257,511.3805206596123,491.4299981206875,492.33551025390625,1704900,0.0,0.0
2021-02-04 00:00:00-05:00,492.3356135680473,495.1209943445968,479.973584682091,481.2530822753906,2921900,0.0,0.0
2021-02-05 00:00:00-05:00,483.7824398070354,486.5776717578826,479.3828953196944,484.79620361328125,1678600,0.0,0.0
2021-02-08 00:00:00-05:00,489.166215596319,494.23503455947275,485.4654716372526,487.9457702636719,1418800,0.0,0.0
2021-02-09 00:00:00-05:00,487.48322170048294,492.1091220343882,480.60337801874573,481.5876159667969,1452500,0.0,0.0
2021-02-10 00:00:00-05:00,486.4497886404757,486.4497886404757,476.18419331653297,477.2373352050781,1677800,0.0,0.0
2021-02-11 00:00:00-05:00,480.47540201454854,486.72528830111685,476.4695467765851,486.2626953125,1027100,0.0,0.0
2021-02-12 00:00:00-05:00,486.3710451208061,503.2211945782743,485.95765195199834,499.8255615234375,1762800,0.0,0.0
2021-02-16 00:00:00-05:00,501.9614086394016,505.514493604574,490.46551535227803,492.19775390625,1467300,0.0,0.0
2021-02-17 00:00:00-05:00,489.73707629979884,497.5913054785221,486.30209567392626,490.60321044921875,1006500,0.0,0.0
2021-02-18 00:00:00-05:00,490.0028918976642,491.6760784675001,480.6329269603437,481.09552001953125,1465800,0.0,0.0
2021-02-19 00:00:00-05:00,481.43012796593473,482.178128325099,470.5247555047139,471.3121337890625,1918000,0.0,0.0
2021-02-22 00:00:00-05:00,467.28673085370605,468.7434141138793,454.4818130788395,455.97784423828125,2127200,0.0,0.0
2021-02-23 00:00:00-05:00,453.615565685827,454.1175366237897,445.90896615035297,451.57818603515625,2055400,0.0,0.0
2021-02-24 00:00:00-05:00,463.4087003650261,465.89882095988145,447.43453905315135,449.4620666503906,2426700,0.0,0.0
2021-02-25 00:00:00-05:00,450.53492553182355,450.7809850214641,441.47010234370265,444.3539123535156,2147900,0.0,0.0
2021-02-26 00:00:00-05:00,447.5526878936403,448.7239334729454,441.7555118719908,442.9858093261719,2153100,0.0,0.0
2021-03-01 00:00:00-05:00,447.0310832342653,453.3400527518804,446.7850237212689,452.3164367675781,1309000,0.0,0.0
2021-03-02 00:00:00-05:00,452.74944427641026,459.9442210857912,450.85969424943204,454.826171875,1718700,0.0,0.0
2021-03-03 00:00:00-05:00,454.93445741963893,457.67063766486115,443.59604727387676,443.8519287109375,2001100,0.0,0.0
2021-03-04 00:00:00-05:00,439.04882216837916,444.8066197982674,432.0804311643197,434.50164794921875,2508900,0.0,0.0
2021-03-05 00:00:00-05:00,437.9859262109306,441.7752486584947,426.68686273956297,439.8264465332031,2749200,0.0,0.0
2021-03-08 00:00:00-05:00,438.58627410937555,446.9326230359283,432.5233945535184,432.9170837402344,1572100,0.0,0.0
2021-03-09 00:00:00-05:00,442.907099234333,453.7927690925898,440.6630377996748,441.046875,2863300,0.0,0.0
2021-03-10 00:00:00-05:00,449.50151376812755,452.53295364028435,433.7832314565196,434.1375427246094,2759800,0.0,0.0
2021-03-11 00:00:00-05:00,442.9070883127123,455.9285675222674,440.94846435609503,453.2612609863281,2617100,0.0,0.0
2021-03-12 00:00:00-05:00,447.8085920698981,449.91484565808236,440.4464814110287,443.38934326171875,1577300,0.0,0.0
2021-03-15 00:00:00-04:00,440.6221146624168,448.27404995221093,438.97747466876615,445.9400634765625,1701800,0.26,0.0
2021-03-16 00:00:00-04:00,448.37243243081264,448.7958918925822,435.28434934865345,439.64703369140625,2402400,0.0,0.0
2021-03-17 00:00:00-04:00,436.0821051309737,439.1251531996796,433.5216025650296,435.8851318359375,1876300,0.0,0.0
2021-03-18 00:00:00-04:00,434.2700741766517,446.62938232614385,431.67017088610885,438.9774475097656,2126800,0.0,0.0
2021-03-19 00:00:00-04:00,440.36601540669915,443.5469507679127,438.0123137811589,438.2486877441406,2693100,0.0,0.0
2021-03-22 00:00:00-04:00,438.2486995784327,449.4558010629936,436.3677157741575,447.7520751953125,1431800,0.0,0.0
2021-03-23 00:00:00-04:00,447.21034198589075,451.1692822588479,443.6552059269766,445.14227294921875,1156400,0.0,0.0
2021-03-24 00:00:00-04:00,443.63546318287246,447.8208891119808,438.2288572519154,438.60308837890625,1547700,0.0,0.0
2021-03-25 00:00:00-04:00,438.0320538800676,438.0320538800676,428.0264170940666,435.5700378417969,1680700,0.0,0.0
2021-03-26 00:00:00-04:00,437.84488006457707,453.6313236016975,435.5404369654991,453.0699768066406,1750900,0.0,0.0
2021-03-29 00:00:00-04:00,449.55427744656305,453.9465357615457,443.3894096337085,451.6026916503906,1926900,0.0,0.0
2021-03-30 00:00:00-04:00,448.11638143704835,451.3859453613271,443.8817266336774,444.6104736328125,1448200,0.0,0.0
2021-03-31 00:00:00-04:00,449.15046291682955,453.8381507186716,446.1172726093405,449.4459228515625,1563600,0.0,0.0
2021-04-01 00:00:00-04:00,454.2419916268271,455.09876846094494,449.160386553053,449.3671875,993200,0.0,0.0
2021-04-05 00:00:00-04:00,453.23745668921515,460.3477600428609,453.23745668921515,458.3190612792969,1509600,0.0,0.0
2021-04-06 00:00:00-04:00,460.8401886086673,465.8134491413619,456.5464168743851,461.6181640625,1150700,0.0,0.0
2021-04-07 00:00:00-04:00,459.90452038104115,463.66648748231927,455.42366394921055,459.2939453125,1801800,0.0,0.0
2021-04-08 00:00:00-04:00,464.68086936159796,468.56100867722154,462.65217074121455,464.3460388183594,1339400,0.0,0.0
2021-04-09 00:00:00-04:00,465.29148280417616,471.86015474122166,463.8930444870655,471.6040954589844,1147500,0.0,0.0
2021-04-12 00:00:00-04:00,470.8654354191562,473.89862556331053,467.3496697570956,468.74810791015625,1163100,0.0,0.0
2021-04-13 00:00:00-04:00,471.3184102643799,480.29001065256523,470.78660648479973,477.4833068847656,1837300,0.0,0.0
2021-04-14 00:00:00-04:00,476.64629314276976,485.706523959608,466.25659774148875,470.77685546875,1744500,0.0,0.0
2021-04-15 00:00:00-04:00,477.63113243559627,490.4927023809927,476.6463259769662,486.8686218261719,2380000,0.0,0.0
2021-04-16 00:00:00-04:00,490.5122990585428,491.4183340604877,483.4512548562359,485.43072509765625,2590500,0.0,0.0
2021-04-19 00:00:00-04:00,482.55511613125935,487.23294633865424,478.69466197849107,480.2309875488281,1677200,0.0,0.0
2021-04-20 00:00:00-04:00,480.29005060318104,482.5550931002535,474.5486129714145,475.0311584472656,1464500,0.0,0.0
2021-04-21 00:00:00-04:00,476.89243123921085,478.52721323671074,469.2404974210757,473.11077880859375,1312400,0.0,0.0
2021-04-22 00:00:00-04:00,472.23431383491715,481.4028582326814,471.61391110110833,476.8530578613281,1087200,0.0,0.0
2021-04-23 00:00:00-04:00,478.03488981533576,482.9195212626179,476.81373946699193,480.6741638183594,1210800,0.0,0.0
2021-04-26 00:00:00-04:00,481.6293152192184,488.71007416406366,479.1968427159335,486.5336608886719,1671400,0.0,0.0
2021-04-27 00:00:00-04:00,488.06996017838543,488.97596505488855,482.66335368769745,482.7716979980469,978300,0.0,0.0
2021-04-28 00:00:00-04:00,482.1217655497674,484.12092111888916,477.68027955889136,478.41888427734375,1140500,0.0,0.0
2021-04-29 00:00:00-04:00,470.37302339123244,472.49035086024304,454.5865800905742,457.3341979980469,3359200,0.0,0.0
2021-04-30 00:00:00-04:00,458.39788273206807,467.950517803109,457.93502247493706,463.0855712890625,2094800,0.0,0.0
2021-05-03 00:00:00-04:00,464.61191983033024,465.94141435989906,458.07282155854296,460.2787780761719,1581300,0.0,0.0
2021-05-04 00:00:00-04:00,456.8812900746976,458.6933304985977,452.6466339818117,458.2107849121094,1703100,0.0,0.0
2021-05-05 00:00:00-04:00,461.4803090166688,466.3058546164909,457.75774183350234,460.66290283203125,1586000,0.0,0.0
2021-05-06 00:00:00-04:00,461.91362462141154,463.4302049119808,455.2858664093122,462.9969177246094,1530900,0.0,0.0
2021-05-07 00:00:00-04:00,466.24666246866315,471.7123250064073,460.79082755653536,461.3324890136719,1442000,0.0,0.0
2021-05-10 00:00:00-04:00,460.90904893011026,462.80974799285553,455.3744421499305,456.4281921386719,1502700,0.0,0.0
2021-05-11 00:00:00-04:00,450.7852370726458,457.08802158855997,448.57928052441827,456.95013427734375,1568700,0.0,0.0
2021-05-12 00:00:00-04:00,450.7458256517478,456.95009290890744,447.16111653150364,447.87017822265625,1454500,0.0,0.0
2021-05-13 00:00:00-04:00,450.11560995326255,452.00645146150964,446.668787559591,449.9777526855469,1240300,0.0,0.0
2021-05-14 00:00:00-04:00,450.9231402848119,454.3896478476813,448.00812187844656,452.0950622558594,1009700,0.0,0.0
2021-05-17 00:00:00-04:00,453.86770577273126,454.4290526151331,444.9552201685827,446.03851318359375,1092300,0.0,0.0
2021-05-18 00:00:00-04:00,443.86202039136475,452.0654733555557,441.7052922807533,447.7027587890625,1897200,0.0,0.0
2021-05-19 00:00:00-04:00,445.03391283884457,451.16926624384973,442.7491552569528,450.0072021484375,1136600,0.0,0.0
2021-05-20 00:00:00-04:00,450.7459040397492,460.5644251095509,450.7459040397492,458.2205810546875,1181200,0.0,0.0
2021-05-21 00:00:00-04:00,460.4953979911007,464.6808244579877,455.05924838078846,455.3153076171875,1415300,0.0,0.0
2021-05-24 00:00:00-04:00,458.29938419706156,459.4811639879415,454.70484657617226,455.43359375,1194800,0.0,0.0
2021-05-25 00:00:00-04:00,458.23039960534453,459.3432356306864,454.56691864550055,456.9698486328125,1592500,0.0,0.0
2021-05-26 00:00:00-04:00,455.06915663932915,457.442543517871,450.30269757491175,452.70562744140625,2142600,0.0,0.0
2021-05-27 00:00:00-04:00,452.6858741364723,465.4588116103851,450.0761136924153,465.3012390136719,4059500,0.0,0.0
2021-05-28 00:00:00-04:00,464.5724724089058,473.3865000198459,462.27788716074997,462.36651611328125,1618200,0.0,0.0
2021-06-01 00:00:00-04:00,459.90459326372655,463.75518993156834,439.5289462456528,440.21832275390625,4619100,0.0,0.0
2021-06-02 00:00:00-04:00,440.90755638865147,445.60510099473515,439.74549233565966,442.384765625,2355200,0.0,0.0
2021-06-03 00:00:00-04:00,440.77953459694623,444.6301303477879,437.25394171404866,438.563720703125,2396100,0.0,0.0
2021-06-04 00:00:00-04:00,442.1485123461451,445.61501991154637,438.36685953282415,441.94171142578125,1731200,0.0,0.0
2021-06-07 00:00:00-04:00,442.47339890494834,443.7339495968185,436.7221344949221,437.6971130371094,2782000,0.0,0.0
2021-06-08 00:00:00-04:00,435.05794226005884,437.25407150164756,432.05429455621675,434.2996520996094,2819400,0.0,0.0
2021-06-09 00:00:00-04:00,437.8941769319612,443.0742684164753,435.76699141802277,441.40008544921875,1795700,0.0,0.0
2021-06-10 00:00:00-04:00,441.9713286589072,458.62441059894644,440.99634976274314,457.8464050292969,2679600,0.0,0.0
2021-06-11 00:00:00-04:00,457.01912492130145,458.8213074555635,454.153334617715,458.08270263671875,1935000,0.0,0.0
2021-06-14 00:00:00-04:00,457.89549585916996,464.04411507042266,456.604680352586,463.1868591308594,1452700,0.26,0.0
2021-06-15 00:00:00-04:00,465.82754128731494,466.5074400514874,460.7430953455826,463.1966247558594,1260700,0.0,0.0
2021-06-16 00:00:00-04:00,461.2062604315863,470.33067716841555,459.107444912578,461.5610046386719,1691700,0.0,0.0
2021-06-17 00:00:00-04:00,461.97482483592216,482.1549493175119,461.1963842975511,478.9623718261719,2237300,0.0,0.0
2021-06-18 00:00:00-04:00,476.0655065302851,480.9134472622244,473.40502998103136,475.4053039550781,2321300,0.0,0.0
2021-06-21 00:00:00-04:00,477.12967897971305,479.8689708755167,469.73949975678414,476.4793395996094,1111300,0.0,0.0
2021-06-22 00:00:00-04:00,477.2281723932029,485.18984477206584,475.897934253631,485.00262451171875,1840600,0.0,0.0
2021-06-23 00:00:00-04:00,483.70199016455433,486.9240972486882,481.9874482599892,486.7861328125,1358000,0.0,0.0
2021-06-24 00:00:00-04:00,487.7518227008501,491.13159074016903,486.3230427070764,488.1065368652344,1326600,0.0,0.0
2021-06-25 00:00:00-04:00,487.75176955763965,490.42207890652946,483.99756137336817,485.6529541015625,4676100,0.0,0.0
2021-06-28 00:00:00-04:00,486.45109638407286,498.33450086025954,484.80556683124433,497.7038879394531,1449600,0.0,0.0
2021-06-29 00:00:00-04:00,497.41805382621254,503.12327915055425,493.4273700922506,500.7978210449219,1349900,0.0,0.0
2021-06-30 00:00:00-04:00,500.0686994860946,501.3989375087219,495.92035475350644,497.08306884765625,1010000,0.0,0.0
2021-07-01 00:00:00-04:00,498.43303015191105,502.1084229478053,495.89082207371354,502.0690002441406,1129300,0.0,0.0
2021-07-02 00:00:00-04:00,501.4580992918999,507.0943432632123,499.99975991795435,505.80352783203125,923400,0.0,0.0
2021-07-06 00:00:00-04:00,508.11910864816736,510.8682936085377,505.76415074885807,509.48876953125,1288700,0.0,0.0
2021-07-07 00:00:00-04:00,512.3660486995591,516.5834066393422,509.49868553580563,515.06591796875,1433500,0.0,0.0
2021-07-08 00:00:00-04:00,504.50288610936735,513.2036070199556,503.99051119112005,511.0160827636719,1384000,0.0,0.0
2021-07-09 00:00:00-04:00,511.4792399163315,512.3364958819237,507.05499564434984,509.6858825683594,1184200,0.0,0.0
2021-07-12 00:00:00-04:00,512.0802586402995,513.3020918811684,505.4192346973143,507.1534729003906,1427600,0.0,0.0
2021-07-13 00:00:00-04:00,506.3750277741006,510.32625914848904,504.7787541148513,506.7691345214844,941800,0.0,0.0
2021-07-14 00:00:00-04:00,508.9960524346904,509.3212371117083,502.00987432407624,503.3006896972656,863900,0.0,0.0
2021-07-15 00:00:00-04:00,502.4630794035319,508.2668464705683,501.94084140507994,506.9464416503906,1074800,0.0,0.0
2021-07-16 00:00:00-04:00,507.22233588660254,513.8636318802232,506.3552169888952,512.1786499023438,1080800,0.0,0.0
2021-07-19 00:00:00-04:00,510.9567589168217,515.0460137118322,508.6608607228703,513.9818115234375,1317300,0.0,0.0
2021-07-20 00:00:00-04:00,514.2185510145142,521.7959511289415,512.4350566902791,514.9280395507812,1145400,0.0,0.0
2021-07-21 00:00:00-04:00,515.3121889498564,515.3121889498564,499.7337252147833,506.7297668457031,1113000,0.0,0.0
2021-07-22 00:00:00-04:00,512.0999851298968,518.1007764830944,511.06531201116917,516.81982421875,868400,0.0,0.0
2021-07-23 00:00:00-04:00,519.4901451316853,525.3431687878416,517.7657701841475,524.4661865234375,1005100,0.0,0.0
2021-07-26 00:00:00-04:00,520.9976908473864,525.1953216146263,517.6967686986854,521.3721313476562,874500,0.0,0.0
2021-07-27 00:00:00-04:00,520.6234512412034,526.6735604575817,519.8351773043549,522.515380859375,1091500,0.0,0.0
2021-07-28 00:00:00-04:00,510.4149704177015,521.4312554193984,508.4442562462046,520.5346069335938,1814500,0.0,0.0
2021-07-29 00:00:00-04:00,523.7470935214548,527.5702252378783,522.1902118536127,525.9542846679688,1000800,0.0,0.0
2021-07-30 00:00:00-04:00,527.0576983904936,535.3445255282105,523.599085184535,532.1027221679688,1412800,0.0,0.0
2021-08-02 00:00:00-04:00,534.1425039216111,536.3890873000469,524.09184739761,525.865478515625,1147400,0.0,0.0
2021-08-03 00:00:00-04:00,526.4171601028248,530.5359455061227,524.5055649499618,529.1268920898438,934100,0.0,0.0
2021-08-04 00:00:00-04:00,530.97939461852,533.3738052400154,527.5700372799132,530.9892578125,854600,0.0,0.0
2021-08-05 00:00:00-04:00,533.0485277741207,535.1572061103359,528.8509576276333,534.4083251953125,781100,0.0,0.0
2021-08-06 00:00:00-04:00,531.3932806072602,534.0636203599759,525.7669292965678,530.3192749023438,765800,0.0,0.0
2021-08-09 00:00:00-04:00,535.8667866917316,538.0542506599753,531.2355961365078,533.23583984375,861700,0.0,0.0
2021-08-10 00:00:00-04:00,532.8614275406222,538.5961527889489,531.3242127688536,532.4573974609375,903200,0.0,0.0
2021-08-11 00:00:00-04:00,532.5363585620094,535.9949722670397,526.2103816098703,529.39306640625,898900,0.0,0.0
2021-08-12 00:00:00-04:00,528.7821227700211,535.1869448186656,528.1022238699693,534.073486328125,603200,0.0,0.0
2021-08-13 00:00:00-04:00,534.0242278588312,536.7142338607267,532.7235490937848,536.6649780273438,608300,0.0,0.0
2021-08-16 00:00:00-04:00,538.4088924815372,546.4198497113877,534.7729227420058,546.341064453125,1141400,0.0,0.0
2021-08-17 00:00:00-04:00,545.8584825209406,549.4255321129083,544.0355951453687,548.1642456054688,830300,0.0,0.0
2021-08-18 00:00:00-04:00,545.8582424854292,547.8486830678218,536.3495825785162,536.6845703125,913100,0.0,0.0
2021-08-19 00:00:00-04:00,536.0737230883578,546.1539683972271,534.4380565569346,543.7989501953125,834900,0.0,0.0
2021-08-20 00:00:00-04:00,544.1929658708003,549.8193155715863,542.3601562341122,546.8731079101562,951400,0.0,0.0
2021-08-23 00:00:00-04:00,549.5336827240536,552.48975411026,543.4244564976085,544.5181884765625,1275100,0.0,0.0
2021-08-24 00:00:00-04:00,546.2130582584444,546.2130582584444,540.2614624461723,542.4292602539062,876100,0.0,0.0
2021-08-25 00:00:00-04:00,544.488734155899,545.0799244581325,536.1919826854693,540.0546264648438,963200,0.0,0.0
2021-08-26 00:00:00-04:00,541.946444708071,545.9469924215316,537.1576232851389,544.6759033203125,766000,0.0,0.0
2021-08-27 00:00:00-04:00,546.5579083898059,549.4548608781845,539.453461536027,540.478271484375,846100,0.0,0.0
2021-08-30 00:00:00-04:00,540.9610199196674,550.5682511477489,540.0052524499868,550.3515014648438,873300,0.0,0.0
2021-08-31 00:00:00-04:00,551.6325224198707,551.7211708861472,540.5767836768983,546.823974609375,1287100,0.0,0.0
2021-09-01 00:00:00-04:00,544.6857164033328,555.0812215853289,543.8284004122806,553.4947509765625,1062900,0.0,0.0
2021-09-02 00:00:00-04:00,553.1892721391265,563.2990450428672,551.7506893440195,557.1898193359375,1137200,0.0,0.0
2021-09-03 00:00:00-04:00,554.706661676098,560.461112114402,552.3221148916627,559.7910766601562,825500,0.0,0.0
2021-09-07 00:00:00-04:00,559.6828423722567,561.111622219978,550.2726939345998,560.835693359375,1241900,0.0,0.0
2021-09-08 00:00:00-04:00,560.4712432366578,564.8758218221511,557.8896118159157,564.1959228515625,945100,0.0,0.0
2021-09-09 00:00:00-04:00,565.526030364535,567.2011495729447,558.7467682595425,560.4514770507812,1122600,0.0,0.0
2021-09-10 00:00:00-04:00,563.2103373830007,567.2010209672318,560.8651830512471,563.5847778320312,1054700,0.0,0.0
2021-09-13 00:00:00-04:00,564.9544988522711,566.8759573263092,541.1384333360555,550.9427490234375,1372500,0.0,0.0
2021-09-14 00:00:00-04:00,555.2016244138133,558.1097931708657,552.4314843147934,554.4228515625,785400,0.26,0.0
2021-09-15 00:00:00-04:00,551.5146306232599,558.0604616113033,549.1387809827241,554.974853515625,1241400,0.0,0.0
2021-09-16 00:00:00-04:00,554.1369573153855,554.8073049024658,547.4136857030736,552.4906616210938,1053400,0.0,0.0
2021-09-17 00:00:00-04:00,588.5910995324704,600.6574736653488,567.8298239992735,588.3347778320312,5272300,0.0,0.0
2021-09-20 00:00:00-04:00,584.2829790226177,593.6482260790056,576.7020555775656,581.8283081054688,2674200,0.0,0.0
2021-09-21 00:00:00-04:00,585.0716559250887,594.210185246307,580.6453537721648,588.5712890625,1364400,0.0,0.0
2021-09-22 00:00:00-04:00,592.9877657315803,601.5347693688507,586.9151084858753,598.0252685546875,1696600,0.0,0.0
2021-09-23 00:00:00-04:00,598.4885627399826,605.4188745487518,594.6044472842483,599.6025390625,1179200,0.0,0.0
2021-09-24 00:00:00-04:00,602.7276315594169,608.1791600839352,597.256307300932,601.130615234375,1300900,0.0,0.0
2021-09-27 00:00:00-04:00,594.9496223150127,596.9311214311127,575.5487772251934,586.2349853515625,1708800,0.0,0.0
2021-09-28 00:00:00-04:00,577.0569663960299,580.2411914852423,562.0725582491285,568.2733764648438,1750100,0.0,0.0
2021-09-29 00:00:00-04:00,572.758889113775,577.6288208014844,569.8014421820343,571.3787231445312,1040900,0.0,0.0
2021-09-30 00:00:00-04:00,574.5923728828598,580.3594293081493,562.8907484243222,563.2259521484375,1510800,0.0,0.0
2021-10-01 00:00:00-04:00,562.4768459183598,568.0269928737533,544.1801097545219,564.5963134765625,1657600,0.0,0.0
2021-10-04 00:00:00-04:00,563.4429562065966,566.3708601491836,554.6396291492824,560.9291381835938,1323700,0.0,0.0
2021-10-05 00:00:00-04:00,562.9301474573707,573.6754982749502,561.0964852451707,563.76806640625,1384500,0.0,0.0
2021-10-06 00:00:00-04:00,559.4504630125454,567.8298972603103,557.8829894257711,567.435546875,1133500,0.0,0.0
2021-10-07 00:00:00-04:00,571.7139074182468,580.7636875000615,571.7139074182468,575.2332763671875,1027800,0.0,0.0
2021-10-08 00:00:00-04:00,576.9782061698877,581.1974658174058,572.1674210372256,575.637451171875,851400,0.0,0.0
2021-10-11 00:00:00-04:00,572.955975186643,578.417371343735,570.2548503694277,570.4519653320312,676000,0.0,0.0
2021-10-12 00:00:00-04:00,573.7445478659844,574.7204954594779,561.875352419911,567.7409057617188,1012000,0.0,0.0
2021-10-13 00:00:00-04:00,570.8364953081405,575.2036510746437,562.427519761542,565.4243774414062,1223100,0.0,0.0
2021-10-14 00:00:00-04:00,569.4465085138988,576.2683352697246,567.1002626922889,569.1605834960938,845700,0.0,0.0
2021-10-15 00:00:00-04:00,571.9308015322714,575.5290528515279,569.7620551600551,574.1292114257812,874700,0.0,0.0
2021-10-18 00:00:00-04:00,575.2825211434948,582.5085659874045,572.7588357370407,579.6891479492188,1534000,0.0,0.0
2021-10-19 00:00:00-04:00,582.6169819582916,588.5417429586101,581.2565517046335,583.7013549804688,765700,0.0,0.0
2021-10-20 00:00:00-04:00,601.1307112011787,601.2194009170597,591.4992728019221,597.0099487304688,1062100,0.0,0.0
2021-10-21 00:00:00-04:00,602.2642425195193,603.3190723008964,589.093762179228,599.7799682617188,959200,0.0,0.0
2021-10-22 00:00:00-04:00,600.2926132988176,603.3782205662231,596.4676444210639,603.2796630859375,738700,0.0,0.0
2021-10-25 00:00:00-04:00,603.3191105769231,603.3191105769231,593.9538629454186,599.12939453125,951900,0.0,0.0
2021-10-26 00:00:00-04:00,601.0123443178791,602.3333637669667,595.2946255664123,599.7111206054688,1051500,0.0,0.0
2021-10-27 00:00:00-04:00,608.0509567344088,617.1106031148887,600.4897690901859,603.6049194335938,1771100,0.0,0.0
2021-10-28 00:00:00-04:00,606.2765055845292,618.4611701829378,602.8162837060403,611.2745971679688,1280000,0.0,0.0
2021-10-29 00:00:00-04:00,612.8518894784945,625.10556861207,608.1988693179388,624.0902099609375,1541700,0.0,0.0
2021-11-01 00:00:00-04:00,623.3804986770817,629.6601395184425,618.934520663083,626.0914916992188,1582600,0.0,0.0
2021-11-02 00:00:00-04:00,628.8123919533148,634.2343783377358,623.8142991022548,627.1759643554688,1376600,0.0,0.0
2021-11-03 00:00:00-04:00,627.4715081062541,633.4652826430586,619.4765595763804,633.2582397460938,1216600,0.0,0.0
2021-11-04 00:00:00-04:00,633.5835412522557,634.3919170643974,621.5959928300019,630.6852416992188,1396100,0.0,0.0
2021-11-05 00:00:00-04:00,605.4681934369074,612.9702354080534,590.9471494919234,608.051025390625,2693400,0.0,0.0
2021-11-08 00:00:00-05:00,612.6744109078501,617.4161806338086,606.6905041354021,615.6121215820312,1170900,0.0,0.0
2021-11-09 00:00:00-05:00,614.9024355649314,615.760090260704,606.2864174776674,609.8057861328125,927000,0.0,0.0
2021-11-10 00:00:00-05:00,606.9566599855789,619.9891101329881,606.9566599855789,617.9682006835938,1119100,0.0,0.0
2021-11-11 00:00:00-05:00,619.0626653983401,623.2622499695226,616.5981261119106,622.5228881835938,687600,0.0,0.0
2021-11-12 00:00:00-05:00,623.9326056409884,630.6362007237744,620.9160119215014,626.2394409179688,888100,0.0,0.0
2021-11-15 00:00:00-05:00,627.5604834901997,630.1925947318492,623.0454304450029,623.3904418945312,826100,0.0,0.0
2021-11-16 00:00:00-05:00,621.4383922077388,642.3278254798389,621.4383922077388,632.3809204101562,1346900,0.0,0.0
2021-11-17 00:00:00-05:00,634.204627479424,637.822553089238,624.3661490374485,628.2601318359375,1390300,0.0,0.0
2021-11-18 00:00:00-05:00,629.3742116918302,631.1585354229719,622.2270489847,628.5855712890625,968700,0.0,0.0
2021-11-19 00:00:00-05:00,629.1178169672835,635.8608209921467,626.8701890719283,627.0278930664062,1222300,0.0,0.0
2021-11-22 00:00:00-05:00,630.9218940461071,631.7105343797847,622.0495549110838,624.9675903320312,1318900,0.0,0.0
2021-11-23 00:00:00-05:00,620.2752276478321,625.086012900349,613.4730755003843,623.7847290039062,1022500,0.0,0.0
2021-11-24 00:00:00-05:00,624.2676330614618,624.6915264841916,615.0502826813344,624.0211791992188,1283200,0.0,0.0
2021-11-26 00:00:00-05:00,643.4518087181045,657.1940824422751,627.8660643868614,629.679931640625,1677700,0.0,0.0
2021-11-29 00:00:00-05:00,630.9218841843904,645.3641045073085,629.2263105019566,639.5675048828125,1869900,0.0,0.0
2021-11-30 00:00:00-05:00,632.3414328166401,640.0209131244974,622.1382674906254,623.8535766601562,2562900,0.0,0.0
2021-12-01 00:00:00-05:00,625.6774079967104,628.6348546558946,617.0022431636509,617.2684326171875,1502700,0.0,0.0
2021-12-02 00:00:00-05:00,613.8082302248947,624.5141730362874,610.1310971780075,618.6781616210938,1481700,0.0,0.0
2021-12-03 00:00:00-05:00,625.1550589477408,627.5702593109163,609.5594471357509,627.0872192382812,1698500,0.0,0.0
2021-12-06 00:00:00-05:00,625.9927916229849,626.6434033255696,600.5686336052961,613.4236450195312,2319700,0.0,0.0
2021-12-07 00:00:00-05:00,624.1986808718895,628.7038651423168,615.3362087308574,619.7921142578125,1585300,0.0,0.0
2021-12-08 00:00:00-05:00,622.0497211502136,629.6207786817594,618.9937164769887,629.0983276367188,1267400,0.0,0.0
2021-12-09 00:00:00-05:00,629.0588570628386,633.2190307053017,626.0619989235267,628.0336303710938,1029300,0.0,0.0
2021-12-10 00:00:00-05:00,627.9251585125012,635.6342441210793,627.9251585125012,633.3964233398438,989700,0.0,0.0
2021-12-13 00:00:00-05:00,633.3865183648727,640.1788022398249,631.3656084335436,636.8467407226562,1181900,0.0,0.0
2021-12-14 00:00:00-05:00,631.1759447457584,634.4600489374798,615.7713116597976,623.3947143554688,1491500,0.26,0.0
2021-12-15 00:00:00-05:00,627.9708088801156,647.6753153526241,624.4894498649147,646.698974609375,1422800,0.0,0.0
2021-12-16 00:00:00-05:00,646.4622739045516,655.0127191628479,642.0440613021472,652.1329956054688,1625100,0.0,0.0
2021-12-17 00:00:00-05:00,646.4326827012038,651.225721229649,638.5824696738928,642.0933837890625,2475800,0.0,0.0
2021-12-20 00:00:00-05:00,641.4819787314601,647.3104685398315,631.5508109200218,640.3675537109375,1001300,0.0,0.0
2021-12-21 00:00:00-05:00,639.6968719295676,641.0381064442715,626.9254083855283,636.4423828125,1201000,0.0,0.0
2021-12-22 00:00:00-05:00,639.7758281471156,644.4603381374664,636.5114667510591,642.7147827148438,918400,0.0,0.0
2021-12-23 00:00:00-05:00,644.253094784073,647.1821165951476,640.0912473315555,641.7283935546875,840000,0.0,0.0
2021-12-27 00:00:00-05:00,647.8529804111469,653.6124892611733,643.8194040387477,653.0799560546875,531400,0.0,0.0
2021-12-28 00:00:00-05:00,656.3243365041416,657.4683163755873,644.2234913835698,646.3438720703125,818200,0.0,0.0
2021-12-29 00:00:00-05:00,651.0284011158607,655.9988899779495,645.1900405200316,653.592529296875,644100,0.0,0.0
2021-12-30 00:00:00-05:00,655.5255543578847,659.7169572611751,653.2474060111357,656.2750854492188,555600,0.0,0.0
2021-12-31 00:00:00-05:00,655.8314206105711,663.0702480390551,654.1844623182957,658.04052734375,778700,0.0,0.0
2022-01-03 00:00:00-05:00,653.8489412394653,655.1113219885643,631.3534390855203,636.028076171875,1888800,0.0,0.0
2022-01-04 00:00:00-05:00,628.5131348549211,629.2331108206877,604.1438655807217,609.479248046875,2598000,0.0,0.0
2022-01-05 00:00:00-05:00,609.4793377273276,620.0909940799048,607.2997863871053,609.9921875,1915400,0.0,0.0
2022-01-06 00:00:00-05:00,609.4793183896243,618.177719768518,601.2049811578951,611.8462524414062,1686000,0.0,0.0
2022-01-07 00:00:00-05:00,612.4379447097318,612.9113074340186,597.8321404167507,598.7000122070312,1741800,0.0,0.0
2022-01-10 00:00:00-05:00,591.569792864403,616.7970678498353,590.662433932376,616.4223022460938,2095700,0.0,0.0
2022-01-11 00:00:00-05:00,616.3828417142488,618.6314352137681,603.5522068501431,611.9448852539062,2474800,0.0,0.0
2022-01-12 00:00:00-05:00,610.1498928487824,623.1777805881071,610.1498928487824,616.5800170898438,1554200,0.0,0.0
2022-01-13 00:00:00-05:00,616.0968762855942,617.2704716516612,591.5795860477841,592.6052856445312,2018100,0.0,0.0
2022-01-14 00:00:00-05:00,589.6860320650169,593.93660552624,580.0803319596284,586.5991821289062,2426200,0.0,0.0
2022-01-18 00:00:00-05:00,578.0587474182248,586.5993232251943,576.1257487863102,581.964111328125,1849500,0.0,0.0
2022-01-19 00:00:00-05:00,585.5242425423596,594.2818143204232,584.084350628805,585.1889038085938,1875900,0.0,0.0
2022-01-20 00:00:00-05:00,586.8554870715873,594.1731654614439,578.6896805527417,580.0505981445312,1530300,0.0,0.0
2022-01-21 00:00:00-05:00,579.7844996831549,582.3881152132058,570.3070117003899,572.3287353515625,2095500,0.0,0.0
2022-01-24 00:00:00-05:00,562.9795021305058,568.265648009892,544.7543104888673,567.8612670898438,2586200,0.0,0.0
2022-01-25 00:00:00-05:00,560.750564084789,569.0149690472886,552.989016716095,559.922119140625,1864600,0.0,0.0
2022-01-26 00:00:00-05:00,567.3186759600432,567.6736979731044,550.6812777969225,555.1389770507812,1892900,0.0,0.0
2022-01-27 00:00:00-05:00,560.7408932544469,563.5318321518397,545.1882980650245,546.10546875,1933400,0.0,0.0
2022-01-28 00:00:00-05:00,546.9337676048472,564.4982105446958,536.2037703479289,564.1431884765625,1583900,0.0,0.0
2022-01-31 00:00:00-05:00,566.0859998284337,573.5910628361323,564.2812140200587,573.2853393554688,1886100,0.0,0.0
2022-02-01 00:00:00-05:00,580.1887594376007,587.6346512313518,572.2103346023591,586.1159057617188,2215600,0.0,0.0
2022-02-02 00:00:00-05:00,597.782833781077,600.3174070215529,586.1159235478909,595.800537109375,2087200,0.0,0.0
2022-02-03 00:00:00-05:00,587.0035243314092,593.2067788696662,581.5497406801139,586.7273559570312,1758000,0.0,0.0
2022-02-04 00:00:00-05:00,584.1436539465097,590.918930519402,579.6169110751794,586.2245483398438,1393200,0.0,0.0
2022-02-07 00:00:00-05:00,589.6566210989272,591.481090589773,576.835855483809,578.9561767578125,1243000,0.0,0.0
2022-02-08 00:00:00-05:00,569.9224007035338,584.478907974472,569.9224007035338,579.4295043945312,1143900,0.0,0.0
2022-02-09 00:00:00-05:00,585.9976573590282,590.2186159154379,579.8732555461863,581.7174682617188,1335300,0.0,0.0
2022-02-10 00:00:00-05:00,573.6502697558284,579.1139261177415,569.3602689966011,572.2794799804688,1931100,0.0,0.0
2022-02-11 00:00:00-05:00,570.9874056838743,576.8159550983881,556.785982211636,558.4822387695312,1726000,0.0,0.0
2022-02-14 00:00:00-05:00,556.7368028411722,560.9282067422062,548.3046362500586,553.4526977539062,1387700,0.0,0.0
2022-02-15 00:00:00-05:00,559.6557651073074,563.3540614197498,546.1841308917126,548.9948120117188,1438600,0.0,0.0
2022-02-16 00:00:00-05:00,544.7541924327091,547.0520844061191,531.7361754268838,542.7620239257812,2154700,0.0,0.0
2022-02-17 00:00:00-05:00,543.2058301011419,543.2058301011419,532.1504265582776,533.0872802734375,1667300,0.0,0.0
2022-02-18 00:00:00-05:00,534.3989577152831,537.9690421174303,527.1798750574867,529.7341918945312,1473700,0.0,0.0
2022-02-22 00:00:00-05:00,528.9354403038182,533.2550564681233,519.6354623628285,522.584228515625,1728000,0.0,0.0
2022-02-23 00:00:00-05:00,524.6650663288783,535.1682538582172,520.5624486863936,521.292236328125,1520300,0.0,0.0
2022-02-24 00:00:00-05:00,511.6468790348129,534.9017796429074,506.8539021732287,532.7222290039062,2174500,0.0,0.0
2022-02-25 00:00:00-05:00,529.4481280503082,542.485887899248,527.1798514611237,542.2492065429688,1156900,0.0,0.0
2022-02-28 00:00:00-05:00,537.6040035606883,542.1110006545547,531.4106220850954,536.4994506835938,1772800,0.0,0.0
2022-03-01 00:00:00-05:00,537.1109534961289,540.0597187271662,531.3909340299376,535.5823364257812,1609900,0.0,0.0
2022-03-02 00:00:00-05:00,537.2590591535857,554.0246734094322,534.8723813142147,548.7780151367188,1643900,0.0,0.0
2022-03-03 00:00:00-05:00,550.3165697692077,561.1156110968631,543.1073571904651,546.6478271484375,1355200,0.0,0.0
2022-03-04 00:00:00-05:00,542.6832038324213,543.7285867366948,529.6454425082477,539.7738647460938,1316900,0.0,0.0
2022-03-07 00:00:00-05:00,534.5271768806247,537.3872172181408,516.9331193335246,527.3771362304688,2168400,0.0,0.0
2022-03-08 00:00:00-05:00,519.3394579111193,528.3435824959902,512.7220108214026,516.7753295898438,1785200,0.0,0.0
2022-03-09 00:00:00-05:00,532.2588374325497,536.3417711621969,523.6985211345354,534.2312622070312,1481000,0.0,0.0
2022-03-10 00:00:00-05:00,529.0339435186432,534.0833465062183,526.5092420248558,530.828857421875,1481200,0.0,0.0
2022-03-11 00:00:00-05:00,535.7500758477292,536.0065007320509,521.6373771966419,522.5052490234375,952200,0.0,0.0
2022-03-14 00:00:00-04:00,528.2943836154302,543.7878059722598,523.3534486221008,528.4916381835938,1102400,0.0,0.0
2022-03-15 00:00:00-04:00,533.1489985274998,545.1875408875902,532.5964126598567,543.3521728515625,1253100,0.3,0.0
2022-03-16 00:00:00-04:00,549.4504703295739,558.4398846291162,543.7074910552111,555.1046142578125,1397700,0.0,0.0
2022-03-17 00:00:00-04:00,555.1539632192914,565.0906939663289,551.6115106073931,564.67626953125,1330600,0.0,0.0
2022-03-18 00:00:00-04:00,569.1757738689753,582.7536664851633,565.7517290906023,581.2932739257812,2622100,0.0,0.0
2022-03-21 00:00:00-04:00,574.1096897781676,582.3787845407177,574.1096897781676,581.5005493164062,1690900,0.0,0.0
2022-03-22 00:00:00-04:00,582.4577010507178,586.8093074926287,578.7672101875767,579.586181640625,1499800,0.0,0.0
2022-03-23 00:00:00-04:00,573.9025085833406,575.3629617600168,562.4067322960007,563.7487182617188,1195100,0.0,0.0
2022-03-24 00:00:00-04:00,566.5412853101591,567.814190509217,559.5549720768721,566.0972290039062,971300,0.0,0.0
2022-03-25 00:00:00-04:00,570.2317215769618,573.3597495359747,560.7489250706834,566.689208984375,1037300,0.0,0.0
2022-03-28 00:00:00-04:00,569.3534810033266,575.5799652334057,567.39970573637,575.471435546875,945300,0.0,0.0
2022-03-29 00:00:00-04:00,584.9147247188237,588.7038679027673,577.198216594139,585.0232543945312,1201300,0.0,0.0
2022-03-30 00:00:00-04:00,584.6878739677283,591.3189056273355,583.0695649696025,587.273193359375,1092900,0.0,0.0
2022-03-31 00:00:00-04:00,584.4904604140198,593.1739793449368,582.8327026367188,582.8327026367188,1637400,0.0,0.0
2022-04-01 00:00:00-04:00,584.3818379871706,586.2961641640852,576.7048389375317,584.5003051757812,1028700,0.0,0.0
2022-04-04 00:00:00-04:00,583.4444558057667,586.8685008303254,577.5041123022439,582.3294067382812,1027700,0.0,0.0
2022-04-05 00:00:00-04:00,577.129154606117,585.8718767468645,573.0044847489294,576.5469970703125,1082200,0.0,0.0
2022-04-06 00:00:00-04:00,571.5044451856241,582.2996524824345,565.4457562225117,579.6353759765625,1232700,0.0,0.0
2022-04-07 00:00:00-04:00,575.2740591565564,608.9721045673795,574.2577226282342,604.1073608398438,2140200,0.0,0.0
2022-04-08 00:00:00-04:00,601.9265621325395,610.1759018737598,598.7294536356209,600.8016357421875,1629000,0.0,0.0
2022-04-11 00:00:00-04:00,590.5986065110732,595.6902874061942,576.8134681559583,577.9186401367188,1470100,0.0,0.0
2022-04-12 00:00:00-04:00,576.3497123838176,577.9087577047571,558.0452338596767,563.3836059570312,1411200,0.0,0.0
2022-04-13 00:00:00-04:00,563.9361733940257,570.6856722055487,557.1274710941276,569.166015625,1286300,0.0,0.0
2022-04-14 00:00:00-04:00,570.3797743016673,570.4192232179133,557.1669771354682,561.37060546875,1225600,0.0,0.0
2022-04-18 00:00:00-04:00,561.4297724610939,567.3898107038592,558.4596005112944,564.5578002929688,1161100,0.0,0.0
2022-04-19 00:00:00-04:00,567.153059654906,568.3766386155486,560.8278622929935,566.5511474609375,1139000,0.0,0.0
2022-04-20 00:00:00-04:00,567.4687912315163,590.6676443077415,567.4687912315163,583.3261108398438,1598100,0.0,0.0
2022-04-21 00:00:00-04:00,584.638491714637,587.6185412047511,570.4883157343548,572.7479858398438,1231900,0.0,0.0
2022-04-22 00:00:00-04:00,567.2418498376687,569.0772785547192,553.2791608873825,553.8515014648438,1478000,0.0,0.0
2022-04-25 00:00:00-04:00,539.25712579503,542.592395883869,522.4821229544768,536.9579467773438,2597200,0.0,0.0
2022-04-26 00:00:00-04:00,527.0410085727219,530.9979456254347,507.2169346206882,509.6048889160156,2469900,0.0,0.0
2022-04-27 00:00:00-04:00,513.4532683173728,521.3375101360466,508.91411369620386,513.5913696289062,1895900,0.0,0.0
2022-04-28 00:00:00-04:00,552.3218907697149,559.8213400451783,540.8458103190007,551.4930419921875,2737200,0.0,0.0
2022-04-29 00:00:00-04:00,550.575323005682,558.8345397662465,544.2106778439703,545.6019897460938,2168700,0.0,0.0
2022-05-02 00:00:00-04:00,541.6647680619402,546.0953321618318,528.8170717187711,538.2999267578125,1972000,0.0,0.0
2022-05-03 00:00:00-04:00,537.145336669712,546.4900296328311,534.2344290065485,539.0892944335938,1428000,0.0,0.0
2022-05-04 00:00:00-04:00,535.2015373104275,558.2622276033125,533.6819410859378,555.5288696289062,1251300,0.0,0.0
2022-05-05 00:00:00-04:00,552.5191220369542,554.0881043270446,535.8724072461047,543.2238159179688,1378200,0.0,0.0
2022-05-06 00:00:00-04:00,535.2114412736141,541.8424726499334,526.5279219929029,539.4446411132812,1116300,0.0,0.0
2022-05-09 00:00:00-04:00,531.5309361068856,531.5309361068856,508.0656900872934,510.54248046875,1568600,0.0,0.0
2022-05-10 00:00:00-04:00,520.3112883013202,525.2254188910679,509.71344197756275,519.2653198242188,1682600,0.0,0.0
2022-05-11 00:00:00-04:00,513.5322222861677,525.4721148725886,512.7230677622729,513.1177978515625,1146400,0.0,0.0
2022-05-12 00:00:00-04:00,506.9702522789366,520.6073512401573,505.32231143364464,518.8410034179688,1532700,0.0,0.0
2022-05-13 00:00:00-04:00,527.7316498927453,544.5559767185518,525.935730832871,534.254150390625,1375100,0.0,0.0
2022-05-16 00:00:00-04:00,530.2282932002867,536.5830617491612,525.9753387673848,532.2412719726562,883700,0.0,0.0
2022-05-17 00:00:00-04:00,545.8684536766024,553.5553302311208,536.9382437658345,547.259765625,1554900,0.0,0.0
2022-05-18 00:00:00-04:00,540.1945325412701,543.0659916518708,532.0734773894482,534.9942626953125,1403500,0.0,0.0
2022-05-19 00:00:00-04:00,532.8530816359913,552.519300180941,530.317088446108,543.450927734375,2065500,0.0,0.0
2022-05-20 00:00:00-04:00,551.5226753896529,558.430030370282,537.234337502477,547.8026123046875,2167600,0.0,0.0
2022-05-23 00:00:00-04:00,551.7693057836592,553.3678600846813,543.4706395722385,547.8617553710938,1180600,0.0,0.0
2022-05-24 00:00:00-04:00,545.1975004455708,545.9276968565038,536.0896794255343,541.5563354492188,1012500,0.0,0.0
2022-05-25 00:00:00-04:00,543.549615541193,543.549615541193,522.6893906583191,527.1989135742188,1538300,0.0,0.0
2022-05-26 00:00:00-04:00,531.8563760394659,534.3824916424504,526.7350640668224,532.9615478515625,1855200,0.0,0.0
2022-05-27 00:00:00-04:00,538.3493097799558,565.5247922356195,537.0665275124709,564.7748413085938,1721300,0.0,0.0
2022-05-31 00:00:00-04:00,561.1534610980887,565.7024328730033,555.0552611891064,560.0581665039062,2630800,0.0,0.0
2022-06-01 00:00:00-04:00,562.0118677325391,565.5050535950678,543.0364003085439,548.8582763671875,1309500,0.0,0.0
2022-06-02 00:00:00-04:00,547.2202033739263,562.8505819721992,541.7436715970914,562.5545043945312,842600,0.0,0.0
2022-06-03 00:00:00-04:00,553.6144083027069,555.2228394735153,547.4175577224765,550.7133178710938,736400,0.0,0.0
2022-06-06 00:00:00-04:00,551.5521692619966,554.9565196962241,543.253443984116,545.5625,1114400,0.0,0.0
2022-06-07 00:00:00-04:00,543.2633247181399,554.1177370410891,542.8489003840101,553.239501953125,1113600,0.0,0.0
2022-06-08 00:00:00-04:00,551.7692399990957,553.0323278147855,542.4048519610109,544.7533569335938,837400,0.0,0.0
2022-06-09 00:00:00-04:00,540.6780636154234,544.7139584010889,532.4386011085551,532.6754150390625,832900,0.0,0.0
2022-06-10 00:00:00-04:00,523.2715803681958,526.7943385795035,516.0287591311604,519.90673828125,1177600,0.0,0.0
2022-06-13 00:00:00-04:00,504.82896244747815,511.0159679411579,501.996951814261,505.1348571777344,1463700,0.0,0.0
2022-06-14 00:00:00-04:00,503.683391538333,507.68212037488024,496.4955024462071,501.0274353027344,1009100,0.3,0.0
2022-06-15 00:00:00-04:00,508.274553568891,515.0872480236494,500.71152865277753,508.2449645996094,1320500,0.0,0.0
2022-06-16 00:00:00-04:00,497.19657726835925,499.7735293597135,491.5292050464013,498.4998779296875,1180100,0.0,0.0
2022-06-17 00:00:00-04:00,495.7945431710979,505.9246672098507,494.4418873679941,494.56036376953125,2175200,0.0,0.0
2022-06-21 00:00:00-04:00,499.9018702293194,510.0714959247874,499.16136262630965,507.04034423828125,1463400,0.0,0.0
2022-06-22 00:00:00-04:00,502.004906439001,518.8391002193807,502.004906439001,512.6484375,1214800,0.0,0.0
2022-06-23 00:00:00-04:00,516.3805929420053,534.2218952298571,514.3071959281809,533.7578125,1365300,0.0,0.0
2022-06-24 00:00:00-04:00,534.2711300121144,538.2995070093228,530.4994718804963,537.9144287109375,1292000,0.0,0.0
2022-06-27 00:00:00-04:00,538.9315057412283,540.1853907823668,532.9086753155784,536.7593383789062,767400,0.0,0.0
2022-06-28 00:00:00-04:00,535.7325259720825,538.2206507227658,527.537587479756,528.989013671875,858900,0.0,0.0
2022-06-29 00:00:00-04:00,529.2359165101044,531.5067946549885,521.3964062006856,529.1371459960938,860700,0.0,0.0
2022-06-30 00:00:00-04:00,524.3286207063426,539.3164840054332,522.7982507218209,536.4038696289062,1364600,0.0,0.0
2022-07-01 00:00:00-04:00,537.065419073416,542.0909629009894,527.2018687997526,541.3307495117188,835300,0.0,0.0
2022-07-05 00:00:00-04:00,533.0273652871081,538.270158020663,526.5997480390827,538.1714477539062,641700,0.0,0.0
2022-07-06 00:00:00-04:00,538.1021313678499,552.1026529854983,536.7198265583562,549.0023803710938,1220600,0.0,0.0
2022-07-07 00:00:00-04:00,546.0009520761167,551.7966535637596,541.6072614761358,546.7513427734375,1243600,0.0,0.0
2022-07-08 00:00:00-04:00,542.9105399550201,551.1153616430984,541.9429626546419,546.7019653320312,752500,0.0,0.0
2022-07-11 00:00:00-04:00,543.0387079880876,553.5637589764403,539.9285531009177,550.9671020507812,1089000,0.0,0.0
2022-07-12 00:00:00-04:00,543.9177269798982,546.672393912689,522.9267925287287,524.2103271484375,1639400,0.0,0.0
2022-07-13 00:00:00-04:00,514.9686671905212,518.2268881227569,508.0967359280943,516.5286865234375,1916800,0.0,0.0
2022-07-14 00:00:00-04:00,510.56517025995294,519.7178635638116,503.910484875712,518.9773559570312,1338600,0.0,0.0
2022-07-15 00:00:00-04:00,526.7774239695547,533.4715817852082,520.6163497043748,532.0498046875,1673000,0.0,0.0
2022-07-18 00:00:00-04:00,532.0300163643035,533.1654854847534,510.7527761720282,514.1690063476562,1317700,0.0,0.0
2022-07-19 00:00:00-04:00,521.8801947503213,530.8551139981865,517.3285553842347,530.0751342773438,1993700,0.0,0.0
2022-07-20 00:00:00-04:00,533.1655313248067,541.4295922393277,530.4602195671487,531.8326416015625,921700,0.0,0.0
2022-07-21 00:00:00-04:00,548.5186903188151,567.8903657075504,548.5186903188151,567.7225341796875,2150200,0.0,0.0
2022-07-22 00:00:00-04:00,566.2217454270079,569.3812567595081,551.5399520314253,554.432861328125,1252500,0.0,0.0
2022-07-25 00:00:00-04:00,553.4257788003315,561.1764009027216,547.1956439408963,560.2581787109375,1194400,0.0,0.0
2022-07-26 00:00:00-04:00,562.2428056786099,566.3106563492803,559.3498962619179,566.0144653320312,1012700,0.0,0.0
2022-07-27 00:00:00-04:00,565.7576717279528,577.9513390536858,559.8237280374176,574.5647583007812,1263900,0.0,0.0
2022-07-28 00:00:00-04:00,582.4834352797188,595.3682586761446,566.0540214396098,590.0761108398438,2294700,0.0,0.0
2022-07-29 00:00:00-04:00,595.3385269708987,603.326163014653,590.3030988394131,590.8362426757812,2371200,0.0,0.0
2022-08-01 00:00:00-04:00,586.5906630919133,591.2608390705021,580.8838486991448,582.08837890625,1537800,0.0,0.0
2022-08-02 00:00:00-04:00,579.8667429389656,587.340939401347,575.8680143858173,578.6226806640625,1392700,0.0,0.0
2022-08-03 00:00:00-04:00,582.8683844520322,586.136489004919,576.5197127578604,580.5382080078125,1077700,0.0,0.0
2022-08-04 00:00:00-04:00,583.3522268924168,585.4947455971928,576.174219749186,582.53271484375,999600,0.0,0.0
2022-08-05 00:00:00-04:00,577.8724164671554,583.1941519839038,573.7156787536862,582.7893676757812,982500,0.0,0.0
2022-08-08 00:00:00-04:00,583.3224824462559,585.7908410045616,575.1176610089544,576.5592041015625,921400,0.0,0.0
2022-08-09 00:00:00-04:00,576.5592845534358,578.6227988490281,568.749363238087,573.5182495117188,767900,0.0,0.0
2022-08-10 00:00:00-04:00,581.7231039222257,585.2578109378873,576.5296668646907,584.8529663085938,991800,0.0,0.0
2022-08-11 00:00:00-04:00,587.538658051063,592.2087747482786,584.6753370441528,585.0406494140625,1086700,0.0,0.0
2022-08-12 00:00:00-04:00,587.0350151798121,596.3950133317709,584.9616177009538,595.5755615234375,989000,0.0,0.0
2022-08-15 00:00:00-04:00,595.3681012976218,598.4880800890166,591.5668531141363,596.8392333984375,855500,0.0,0.0
2022-08-16 00:00:00-04:00,592.4061603836606,596.2666473465855,590.2932306152511,594.4894409179688,798000,0.0,0.0
2022-08-17 00:00:00-04:00,589.4046152568684,593.0479152924167,587.0547328348796,588.4962158203125,989400,0.0,0.0
2022-08-18 00:00:00-04:00,590.5399887004778,591.1324309403984,581.8119061680127,587.479248046875,761000,0.0,0.0
2022-08-19 00:00:00-04:00,583.9545117373074,585.7514843532707,578.5635938894175,581.10107421875,851100,0.0,0.0
2022-08-22 00:00:00-04:00,573.3504148818206,576.7468791241384,567.2585220163343,568.8184814453125,723100,0.0,0.0
2022-08-23 00:00:00-04:00,564.7307352837189,569.2034294927106,560.4752879438112,565.7180786132812,913300,0.0,0.0
2022-08-24 00:00:00-04:00,565.727982262195,568.8973761599059,563.7532955312578,565.8958740234375,855300,0.0,0.0
2022-08-25 00:00:00-04:00,571.0299354459991,578.6720227000209,565.8562665403483,578.059814453125,928000,0.0,0.0
2022-08-26 00:00:00-04:00,576.608617854929,577.8427972595842,556.3779586958469,556.575439453125,771900,0.0,0.0
2022-08-29 00:00:00-04:00,554.0082672376305,554.9956106849058,548.3211593392987,549.6442260742188,704500,0.0,0.0
2022-08-30 00:00:00-04:00,550.364987088911,551.8262964214824,543.5227039873607,547.2745971679688,1058300,0.0,0.0
2022-08-31 00:00:00-04:00,549.1309289698938,552.063371096631,537.4309302253956,538.4182739257812,1166600,0.0,0.0
2022-09-01 00:00:00-04:00,535.5745369629986,544.0064275999043,534.6859038300302,543.7793579101562,913900,0.0,0.0
2022-09-02 00:00:00-04:00,546.7612138483692,550.8092979790583,534.715611435787,536.6705322265625,796900,0.0,0.0
2022-09-06 00:00:00-04:00,540.333769203718,546.1393554781966,534.8243740120838,538.25048828125,1043300,0.0,0.0
2022-09-07 00:00:00-04:00,536.5224166585346,547.2745402643387,534.9130421285375,544.737060546875,1139800,0.0,0.0
2022-09-08 00:00:00-04:00,542.9401082244689,560.0013692202832,540.3630963954806,559.3892211914062,1854800,0.0,0.0
2022-09-09 00:00:00-04:00,559.2214460814773,565.0763852464295,558.7573633441625,562.193359375,1146600,0.0,0.0
2022-09-12 00:00:00-04:00,562.0452400608297,572.787541257533,560.2877398527007,571.8594360351562,1097200,0.0,0.0
2022-09-13 00:00:00-04:00,557.8489277962899,562.193262135515,550.1575456898998,552.7344970703125,1642800,0.0,0.0
2022-09-14 00:00:00-04:00,555.7971124684888,563.4235235195359,545.9183822901787,551.361572265625,1139400,0.3,0.0
2022-09-15 00:00:00-04:00,553.2088318420459,554.1572115456813,543.5770709305103,545.2860717773438,890400,0.0,0.0
2022-09-16 00:00:00-04:00,541.0085652506388,541.3542966140645,529.9344894111579,534.7158203125,1835500,0.0,0.0
2022-09-19 00:00:00-04:00,529.2528000318482,533.4611473890485,524.7184378004376,533.125244140625,1072500,0.0,0.0
2022-09-20 00:00:00-04:00,526.7535637705266,528.9960545690949,522.1007209563751,525.7064208984375,1053800,0.0,0.0
2022-09-21 00:00:00-04:00,526.6547684033216,533.6588134320949,517.8429594733689,519.3148803710938,1268900,0.0,0.0
2022-09-22 00:00:00-04:00,515.679580582782,520.5695638609717,512.2812951418867,513.9804077148438,1137500,0.0,0.0
2022-09-23 00:00:00-04:00,510.08808561099005,515.195431293725,506.8182291224249,514.4742431640625,1366300,0.0,0.0
2022-09-26 00:00:00-04:00,509.880730775575,514.6521134486572,505.18833452175295,508.0729064941406,991900,0.0,0.0
2022-09-27 00:00:00-04:00,510.9179790512669,511.9157403108412,499.4487591966421,502.4914245605469,1166500,0.0,0.0
2022-09-28 00:00:00-04:00,504.4868866053014,514.8892163852654,501.4146165929652,511.5502014160156,1866700,0.0,0.0
2022-09-29 00:00:00-04:00,508.665605242164,511.7478241423522,506.21569975981015,510.3450012207031,1074600,0.0,0.0
2022-09-30 00:00:00-04:00,508.5569746847301,515.2646704996042,500.59472124347093,501.0392761230469,1697200,0.0,0.0
2022-10-03 00:00:00-04:00,506.59099006983445,520.4903660075108,503.44956216143106,516.5882568359375,2462900,0.0,0.0
2022-10-04 00:00:00-04:00,524.2838711272884,535.0615981200742,522.871220130287,533.3822021484375,1195300,0.0,0.0
2022-10-05 00:00:00-04:00,529.3022645443191,542.26315160022,527.5241054613094,539.6453247070312,1167400,0.0,0.0
2022-10-06 00:00:00-04:00,537.7388255782773,539.6849064837024,530.6952861307014,534.0343017578125,971700,0.0,0.0
2022-10-07 00:00:00-04:00,528.5119566476811,529.302242841618,514.582974057759,517.2600708007812,976800,0.0,0.0
2022-10-10 00:00:00-04:00,517.7342724781456,517.7342724781456,503.755848504848,504.6449279785156,947900,0.0,0.0
2022-10-11 00:00:00-04:00,500.8615192378011,501.5629006543153,490.7456788163846,494.7366943359375,1667200,0.0,0.0
2022-10-12 00:00:00-04:00,496.3171861754952,497.9866936499374,492.3755832783432,494.5982971191406,1098900,0.0,0.0
2022-10-13 00:00:00-04:00,483.24768148339797,508.5273767533542,482.3388552538019,504.3486633300781,1737600,0.0,0.0
2022-10-14 00:00:00-04:00,507.84573019558667,511.1353036236401,496.05052505861414,496.949462890625,1267500,0.0,0.0
2022-10-17 00:00:00-04:00,504.14123214416145,514.8695489694131,503.1138658950616,510.9575500488281,1071100,0.0,0.0
2022-10-18 00:00:00-04:00,524.3432224930931,526.2498100117452,514.9781461202851,518.0405883789062,970400,0.0,0.0
2022-10-19 00:00:00-04:00,507.76666150807455,509.55470901325924,492.622583487135,499.4783935546875,1947800,0.0,0.0
2022-10-20 00:00:00-04:00,492.70169693309805,496.08023611982225,479.6716486415039,480.95587158203125,3267100,0.0,0.0
2022-10-21 00:00:00-04:00,480.26432078917867,490.91359006852787,472.50951204083066,490.71600341796875,2836900,0.0,0.0
2022-10-24 00:00:00-04:00,493.66974387188094,503.0643948161859,489.7379988074813,498.8857116699219,1818800,0.0,0.0
2022-10-25 00:00:00-04:00,501.4936449212074,511.36251516639663,498.5794381100549,508.3791198730469,2382800,0.0,0.0
2022-10-26 00:00:00-04:00,493.9364059781933,511.3131152702936,489.20448676762624,496.9000244140625,2446900,0.0,0.0
2022-10-27 00:00:00-04:00,492.60274866385447,501.256523739935,484.1761951770149,492.2767639160156,2334800,0.0,0.0
2022-10-28 00:00:00-04:00,495.1712713075344,502.30371456598334,493.5610337213803,497.7298583984375,2017100,0.0,0.0
2022-10-31 00:00:00-04:00,494.32184794457555,510.2068043968046,494.32184794457555,507.73712158203125,2875200,0.0,0.0
2022-11-01 00:00:00-04:00,510.2758787613121,519.5816854880666,506.7788301773921,511.4119567871094,2112100,0.0,0.0
2022-11-02 00:00:00-04:00,509.7424175493039,509.7424175493039,484.186150392281,485.0258483886719,1803300,0.0,0.0
2022-11-03 00:00:00-04:00,478.23909309530245,484.8775996054595,470.0002374514667,481.0347900390625,1471500,0.0,0.0
2022-11-04 00:00:00-04:00,487.2880562593432,489.68861032695423,477.9625336384468,489.5404052734375,1772200,0.0,0.0
2022-11-07 00:00:00-05:00,492.9485492615782,494.02532704407037,483.76134386940515,486.1322326660156,1340900,0.0,0.0
2022-11-08 00:00:00-05:00,488.2660667485553,494.65760558534913,481.8843861404199,486.201416015625,2003100,0.0,0.0
2022-11-09 00:00:00-05:00,485.5197976814722,489.9355908771228,477.8637824867137,478.8318786621094,1061000,0.0,0.0
2022-11-10 00:00:00-05:00,500.87138151824695,514.3558425824899,500.1008417473614,514.2669677734375,1937600,0.0,0.0
2022-11-11 00:00:00-05:00,520.4707342568174,538.8452075258864,520.2336543931488,532.1473999023438,2422500,0.0,0.0
2022-11-14 00:00:00-05:00,534.0143788861495,535.6147279151045,527.7018575525119,528.2847290039062,1458400,0.0,0.0
2022-11-15 00:00:00-05:00,537.1954342077023,546.1752262614236,533.9255770062778,539.4675903320312,1531400,0.0,0.0
2022-11-16 00:00:00-05:00,539.3784197837665,541.531974737252,524.777634350605,529.5095825195312,1133700,0.0,0.0
2022-11-17 00:00:00-05:00,522.8020709976165,524.9161334897819,512.7455320378943,523.4639892578125,1281800,0.0,0.0
2022-11-18 00:00:00-05:00,534.7454185191414,536.5729590659889,522.9601033483267,528.7490234375,1228400,0.0,0.0
2022-11-21 00:00:00-05:00,526.3188129548963,533.4512244588576,526.0816728740364,529.7763671875,1329600,0.0,0.0
2022-11-22 00:00:00-05:00,534.4491635783652,538.8353219640917,531.1200365028342,538.143798828125,1503600,0.0,0.0
2022-11-23 00:00:00-05:00,539.0426555488449,546.1158586936483,536.4149403817349,540.6528930664062,823600,0.0,0.0
2022-11-25 00:00:00-05:00,543.8142092987794,547.7360965427696,540.7320502990362,544.5650024414062,549200,0.0,0.0
2022-11-28 00:00:00-05:00,536.7112599649959,543.3300195346848,531.6335794934611,533.48095703125,1822700,0.0,0.0
2022-11-29 00:00:00-05:00,528.966453632232,533.836659875704,524.1456289755947,533.2044067382812,1195600,0.0,0.0
2022-11-30 00:00:00-05:00,534.7453788144478,555.1646910222983,533.3129513136967,553.426025390625,3132200,0.0,0.0
2022-12-01 00:00:00-05:00,560.7661160214393,562.425735377071,547.7162923703073,557.7135620117188,1423900,0.0,0.0
2022-12-02 00:00:00-05:00,546.827125285112,557.950583418636,543.6067103853393,556.1724243164062,1014400,0.0,0.0
2022-12-05 00:00:00-05:00,549.1189722323916,552.8630488156418,545.2564160291,550.45263671875,1824100,0.0,0.0
2022-12-06 00:00:00-05:00,545.7403257064216,549.7017043645687,539.180837362132,543.853515625,1969700,0.0,0.0
2022-12-07 00:00:00-05:00,543.7648256740515,552.4679845385773,543.7648256740515,551.3714599609375,952000,0.0,0.0
2022-12-08 00:00:00-05:00,553.3373256623945,562.1096430010317,550.0180867491222,561.0625,1160400,0.0,0.0
2022-12-09 00:00:00-05:00,557.1602739702149,564.174146918163,552.5370363790502,553.4359741210938,1157100,0.0,0.0
2022-12-12 00:00:00-05:00,558.5236257483779,561.9712927735561,556.5676565581579,560.7166748046875,1163000,0.0,0.0
2022-12-13 00:00:00-05:00,569.8445516256843,577.6191054535408,559.87688890871,564.4507446289062,1867300,0.0,0.0
2022-12-14 00:00:00-05:00,562.5037506138771,569.462068828375,557.1565764949072,560.6455688476562,2079900,0.3,0.0
2022-12-15 00:00:00-05:00,554.8732018827486,555.120299794808,544.5346035245888,547.3613891601562,1366900,0.0,0.0
2022-12-16 00:00:00-05:00,543.0225323633647,544.4359255369307,525.3895943764783,530.2129516601562,2336400,0.0,0.0
2022-12-19 00:00:00-05:00,527.6529607748894,528.7303344265056,521.1493858890541,524.0156860351562,1053400,0.0,0.0
2022-12-20 00:00:00-05:00,523.6599032636537,524.7668973510149,513.9736748359174,522.3651123046875,988600,0.0,0.0
2022-12-21 00:00:00-05:00,525.2907882107893,534.7793264523372,523.3337311993956,533.6229248046875,1208300,0.0,0.0
2022-12-22 00:00:00-05:00,528.512916957911,533.0793432882643,521.5843400311996,532.8816528320312,1103300,0.0,0.0
2022-12-23 00:00:00-05:00,531.7350772518737,536.7858059199461,529.1158748035417,534.4037475585938,621400,0.0,0.0
2022-12-27 00:00:00-05:00,534.4037045585783,542.4690159331839,530.5885264507141,539.1084594726562,1050000,0.0,0.0
2022-12-28 00:00:00-05:00,541.0259982494176,546.6104369784249,536.7759248682219,537.10205078125,826800,0.0,0.0
2022-12-29 00:00:00-05:00,542.2416732481247,555.0512541661283,539.8003741782981,550.544189453125,1027400,0.0,0.0
2022-12-30 00:00:00-05:00,546.3830388501299,548.5575131296686,538.9206919530662,544.2975463867188,686000,0.0,0.0
2023-01-03 00:00:00-05:00,546.8673145840463,549.6446933183128,540.6206707430183,546.7586059570312,1785800,0.0,0.0
2023-01-04 00:00:00-05:00,552.8075738275447,561.2187984913387,548.5179867937801,555.3971557617188,1935800,0.0,0.0
2023-01-05 00:00:00-05:00,549.3383007942558,557.7693124801843,545.8888227882926,550.4749755859375,2220000,0.0,0.0
2023-01-06 00:00:00-05:00,549.3086985942916,549.3086985942916,516.71155264528,528.7896728515625,2938100,0.0,0.0
2023-01-09 00:00:00-05:00,532.4861994543567,546.5312689341457,530.776300910285,539.7509155273438,1871200,0.0,0.0
2023-01-10 00:00:00-05:00,541.1148251156507,565.9827963717912,541.0753111615852,561.4362182617188,2102800,0.0,0.0
2023-01-11 00:00:00-05:00,564.4903413537174,578.120243073965,561.446077603042,575.7975463867188,2013500,0.0,0.0
2023-01-12 00:00:00-05:00,575.2143078465803,579.7214320622417,570.1636405697894,574.789306640625,1635200,0.0,0.0
2023-01-13 00:00:00-05:00,571.9329273566337,578.0708016984713,565.8246130716792,577.0626831054688,2040500,0.0,0.0
2023-01-17 00:00:00-05:00,578.2092245671441,584.4360810740757,574.9771639560613,581.0360107421875,2086300,0.0,0.0
2023-01-18 00:00:00-05:00,584.2679862033846,589.9215577295325,572.0316922201298,573.3165893554688,1749700,0.0,0.0
2023-01-19 00:00:00-05:00,568.3550017833627,580.3441395777778,567.0404237144671,577.0824584960938,1636000,0.0,0.0
2023-01-20 00:00:00-05:00,580.1859532566873,588.4390001817251,578.1597622484621,586.7686157226562,2394700,0.0,0.0
2023-01-23 00:00:00-05:00,586.3240387546023,602.1481439655814,583.1512787239473,597.7992553710938,2307200,0.0,0.0
2023-01-24 00:00:00-05:00,602.7707410349036,602.7707410349036,570.0846758899626,573.9788818359375,2102600,0.0,0.0
2023-01-25 00:00:00-05:00,564.5200244743887,569.3334879169671,560.3390859621956,568.6416015625,1238300,0.0,0.0
2023-01-26 00:00:00-05:00,569.3433134827163,571.8043992221336,560.7245062833632,570.667724609375,1210800,0.0,0.0
2023-01-27 00:00:00-05:00,568.2266518039808,570.8063407491801,561.5945189858624,566.9713745117188,1110000,0.0,0.0
2023-01-30 00:00:00-05:00,561.1793301488091,564.2433211362697,554.2506927616892,557.7396850585938,1221500,0.0,0.0
2023-01-31 00:00:00-05:00,555.6540559204639,564.0059781101285,551.5225857253743,563.70947265625,1799800,0.0,0.0
2023-02-01 00:00:00-05:00,579.2865924837469,590.6036306426241,569.6398785990705,580.5418090820312,2627500,0.0,0.0
2023-02-02 00:00:00-05:00,584.8018892170927,588.2612612849346,580.2553100585938,580.2553100585938,2312500,0.0,0.0
2023-02-03 00:00:00-05:00,577.7743288856237,585.958242239489,575.8865270237447,580.9371948242188,1283200,0.0,0.0
2023-02-06 00:00:00-05:00,573.8208669563139,577.0529281563221,566.7637334767829,569.4818115234375,1119500,0.0,0.0
2023-02-07 00:00:00-05:00,564.1542153413892,579.5335870131627,562.8000632794271,576.380615234375,1171100,0.0,0.0
2023-02-08 00:00:00-05:00,571.844019899018,578.2982480152735,569.3434197415527,572.5062255859375,907200,0.0,0.0
2023-02-09 00:00:00-05:00,575.8962823531979,576.5486546592217,561.1099811052173,562.32568359375,960800,0.0,0.0
2023-02-10 00:00:00-05:00,560.5268439450518,565.0734822971431,556.8104812260603,564.7769165039062,763700,0.0,0.0
2023-02-13 00:00:00-05:00,567.9991921788908,570.5294731897375,562.4049202150625,568.3253784179688,997600,0.0,0.0
2023-02-14 00:00:00-05:00,569.2049720214304,572.3776711117853,560.0524542394049,564.8461303710938,850100,0.0,0.0
2023-02-15 00:00:00-05:00,561.8612054763386,563.8873965329625,556.2372539101445,560.2501220703125,1038400,0.0,0.0
2023-02-16 00:00:00-05:00,549.6644701284703,558.8367754421258,544.9004141780566,551.1075439453125,1173700,0.0,0.0
2023-02-17 00:00:00-05:00,546.5015557610385,554.9720803944919,546.4818289479317,553.202880859375,1182400,0.0,0.0
2023-02-21 00:00:00-05:00,542.2811402626794,547.8062161839022,537.8135903923708,544.3765258789062,1395200,0.0,0.0
2023-02-22 00:00:00-05:00,543.6155214933001,546.8673089860928,538.3869502859862,542.0341186523438,1705300,0.0,0.0
2023-02-23 00:00:00-05:00,546.9463344881189,551.1964069215002,540.5514688619652,544.554443359375,1160200,0.0,0.0
2023-02-24 00:00:00-05:00,538.2879547248214,540.314145514503,532.9111018087069,536.4890747070312,852600,0.0,0.0
2023-02-27 00:00:00-05:00,542.1229267618086,547.9840820104156,534.7495636577014,535.0657958984375,1110600,0.0,0.0
2023-02-28 00:00:00-05:00,534.1368261801199,538.9008822528501,532.634511553495,535.47119140625,1188800,0.0,0.0
2023-03-01 00:00:00-05:00,533.079287385026,536.3211812859789,530.0350235929236,532.268798828125,1126000,0.0,0.0
2023-03-02 00:00:00-05:00,528.6216078007546,544.4852842609268,525.7453538552639,542.3800048828125,941200,0.0,0.0
2023-03-03 00:00:00-05:00,549.0121427078112,554.0232964803696,543.2498014988955,552.9459228515625,1153600,0.0,0.0
2023-03-06 00:00:00-05:00,553.015119347687,560.7344570835393,548.873755190195,552.03662109375,1163100,0.0,0.0
2023-03-07 00:00:00-05:00,554.3000836642615,556.4745580062465,541.7771746260884,542.4591674804688,1012800,0.0,0.0
2023-03-08 00:00:00-05:00,541.9154373086643,553.3313495273953,539.1973600981739,548.310302734375,1453000,0.0,0.0
2023-03-09 00:00:00-05:00,549.6940207334014,557.8580847977458,544.5740990810017,546.7881469726562,1013200,0.0,0.0
2023-03-10 00:00:00-05:00,545.4637995495935,549.0911807085037,533.6821857161409,537.5171508789062,1081700,0.0,0.0
2023-03-13 00:00:00-04:00,537.1809650991133,545.018903599081,531.8041121411483,535.2733764648438,1405800,0.0,0.0
2023-03-14 00:00:00-04:00,544.5111237245932,555.321227668196,539.0220125506527,549.86181640625,1409800,0.35,0.0
2023-03-15 00:00:00-04:00,541.1680709056881,543.9670455149958,528.6172652045428,536.7471313476562,1918900,0.0,0.0
2023-03-16 00:00:00-04:00,533.8492848332403,552.45295562083,533.8492848332403,550.9793090820312,1135800,0.0,0.0
2023-03-17 00:00:00-04:00,549.2188525278057,549.2188525278057,537.9933737953262,541.3363037109375,1947900,0.0,0.0
2023-03-20 00:00:00-04:00,540.7626775478651,548.7837056319505,539.5956280426976,544.5308837890625,897200,0.0,0.0
2023-03-21 00:00:00-04:00,548.2990077426482,552.6606078689539,545.608812046569,550.5935668945312,1000100,0.0,0.0
2023-03-22 00:00:00-04:00,550.5937063219328,561.7697473204904,548.210107216023,548.2398071289062,928400,0.0,0.0
2023-03-23 00:00:00-04:00,551.8595949694703,554.4311122404255,544.3429821958186,549.1002197265625,951600,0.0,0.0
2023-03-24 00:00:00-04:00,542.5033819685638,552.532111882397,538.3395391241772,552.1365356445312,1012600,0.0,0.0
2023-03-27 00:00:00-04:00,557.6157107195296,561.9377717090133,554.8761356771298,555.5288696289062,865600,0.0,0.0
2023-03-28 00:00:00-04:00,553.8475863537838,556.5278827067475,544.8968658354239,548.1507568359375,828800,0.0,0.0
2023-03-29 00:00:00-04:00,553.2243899689997,554.4211392631972,547.1517248745388,549.0606079101562,1239600,0.0,0.0
2023-03-30 00:00:00-04:00,553.8572850374578,558.0903661200435,550.7517136300268,556.794677734375,1219900,0.0,0.0
2023-03-31 00:00:00-04:00,560.7509350552799,570.3544487895643,557.4772445215284,570.0478515625,1438700,0.0,0.0
2023-04-03 00:00:00-04:00,563.2630396004961,566.8235269602482,559.9102101112393,563.81689453125,1034400,0.0,0.0
2023-04-04 00:00:00-04:00,565.1224871425416,573.8753881139611,562.6993489068848,569.8599243164062,1085600,0.0,0.0
2023-04-05 00:00:00-04:00,570.1862819540852,573.7368695046091,563.6685409833345,573.49951171875,1035600,0.0,0.0
2023-04-06 00:00:00-04:00,574.4786107263204,575.3984626437131,566.0620079381387,569.0389404296875,780700,0.0,0.0
2023-04-10 00:00:00-04:00,566.4478108637842,568.0599365234375,559.0894164380086,568.0599365234375,672600,0.0,0.0
2023-04-11 00:00:00-04:00,570.1565571738962,575.1709514612269,568.0994162090888,570.0576782226562,1158800,0.0,0.0
2023-04-12 00:00:00-04:00,576.8524853377609,580.2152157851865,571.3139343997774,572.9952392578125,847800,0.0,0.0
2023-04-13 00:00:00-04:00,578.8402671392433,585.6250050116633,575.6160165632189,584.6458740234375,1101900,0.0,0.0
2023-04-14 00:00:00-04:00,579.967865200296,583.0733769978822,575.6260041534852,582.381103515625,834900,0.0,0.0
2023-04-17 00:00:00-04:00,583.666884468771,583.9141422677596,577.8315762663657,582.1437377929688,783500,0.0,0.0
2023-04-18 00:00:00-04:00,586.6636098994408,586.6636098994408,578.2667448145401,578.4447631835938,1158700,0.0,0.0
2023-04-19 00:00:00-04:00,569.4741956512762,574.3501117330838,565.063155576872,573.5588989257812,1409400,0.0,0.0
2023-04-20 00:00:00-04:00,559.7915294508949,561.6113729979861,554.2133802880429,559.7222900390625,2100900,0.0,0.0
2023-04-21 00:00:00-04:00,562.6301267334966,566.7049301065363,560.612524986332,565.4093017578125,959200,0.0,0.0
2023-04-24 00:00:00-04:00,565.2510742453609,570.1269903301425,563.7477276546016,568.0005493164062,895100,0.0,0.0
2023-04-25 00:00:00-04:00,557.9619076036001,560.2861064939812,539.5164538260666,542.3648681640625,2495500,0.0,0.0
2023-04-26 00:00:00-04:00,522.2084310554493,537.4197345014315,511.54664661254606,527.2821655273438,4020100,0.0,0.0
2023-04-27 00:00:00-04:00,527.648004797209,539.6844943960094,525.7490823008852,537.0635986328125,2148400,0.0,0.0
2023-04-28 00:00:00-04:00,537.3602982547395,553.066114431361,537.3602982547395,548.8132934570312,2046900,0.0,0.0
2023-05-01 00:00:00-04:00,549.8913532715552,550.7023659608614,539.3285091042709,542.4835205078125,1979800,0.0,0.0
2023-05-02 00:00:00-04:00,538.8735289624121,545.4605093831398,534.9965442530037,537.8548583984375,1060900,0.0,0.0
2023-05-03 00:00:00-04:00,544.0163876464999,552.0770129339562,543.2152751010806,544.38232421875,1430200,0.0,0.0
2023-05-04 00:00:00-04:00,546.5385863945446,547.824375175143,536.7669538560199,539.6549682617188,1243500,0.0,0.0
2023-05-05 00:00:00-04:00,546.9934380499013,548.3187660432253,535.9756191163787,540.38671875,962400,0.0,0.0
2023-05-08 00:00:00-04:00,543.4232410406821,543.9671961637102,535.1549541467564,536.6286010742188,1029100,0.0,0.0
2023-05-09 00:00:00-04:00,529.1710636167868,531.574401426356,523.4148966152679,528.7952270507812,1225100,0.0,0.0
2023-05-10 00:00:00-04:00,533.4735404378276,533.9976955708867,524.1865232086897,527.6481323242188,1586100,0.0,0.0
2023-05-11 00:00:00-04:00,526.2535795665748,529.8635068279216,519.3006620240265,523.978759765625,2326300,0.0,0.0
2023-05-12 00:00:00-04:00,525.9173613222914,529.1020129362502,515.7204516631379,518.895263671875,1518200,0.0,0.0
2023-05-15 00:00:00-04:00,518.4996070791831,519.518338191648,514.4347033311882,517.9358520507812,1383800,0.0,0.0
2023-05-16 00:00:00-04:00,515.5423357068431,516.966542836026,513.4752342477404,514.0488891601562,903500,0.0,0.0
2023-05-17 00:00:00-04:00,516.6303710175831,521.5953274186745,507.3038131812223,515.9479370117188,1284600,0.0,0.0
2023-05-18 00:00:00-04:00,515.0773453871396,518.8851503106287,512.9707048852307,517.7971801757812,1073300,0.0,0.0
2023-05-19 00:00:00-04:00,517.3027934035233,525.9073758568874,516.9368567338472,521.59521484375,1313300,0.0,0.0
2023-05-22 00:00:00-04:00,521.6347382255268,528.7755737793816,521.5753987772971,523.2172241210938,1161000,0.0,0.0
2023-05-23 00:00:00-04:00,520.5764376638122,523.4940911586974,514.0093177652941,519.3401489257812,1629400,0.0,0.0
2023-05-24 00:00:00-04:00,504.40581638554687,508.8564559418899,493.03195974155904,505.117919921875,2482800,0.0,0.0
2023-05-25 00:00:00-04:00,508.3321973914743,516.5807418967973,504.702470785936,514.9290771484375,2262200,0.0,0.0
2023-05-26 00:00:00-04:00,521.8918955114362,526.8667506521675,516.096188065171,516.2940063476562,1603700,0.0,0.0
2023-05-30 00:00:00-04:00,518.074356580022,520.6656136255735,507.4818101616729,508.5796203613281,1793800,0.0,0.0
2023-05-31 00:00:00-04:00,508.03556428415015,508.03556428415015,496.1573218574565,502.8827209472656,4052200,0.0,0.0
2023-06-01 00:00:00-04:00,507.50153895302685,515.9281033380246,502.93222004823275,513.6829833984375,1830100,0.0,0.0
2023-06-02 00:00:00-04:00,518.8260547922032,521.3777120757126,512.9808460209183,514.4347534179688,2564300,0.0,0.0
2023-06-05 00:00:00-04:00,518.3115943094035,518.707230863961,507.78828976107184,512.8917236328125,1477400,0.0,0.0
2023-06-06 00:00:00-04:00,516.2741655517991,517.4511148189287,507.07618961797374,510.5971374511719,1723000,0.0,0.0
2023-06-07 00:00:00-04:00,508.8862431001716,517.4710265168976,506.97735979693135,515.0676879882812,1649400,0.0,0.0
2023-06-08 00:00:00-04:00,514.9390586074089,517.0159997398677,509.50922724300943,509.5982666015625,1580500,0.0,0.0
2023-06-09 00:00:00-04:00,512.2785969073717,516.0665427539254,508.9851062708438,512.4961547851562,1041600,0.0,0.0
2023-06-12 00:00:00-04:00,514.2861911084522,518.9840880942462,511.0026011292392,517.9456176757812,1246100,0.0,0.0
2023-06-13 00:00:00-04:00,519.7159692303546,521.6247917381244,517.2829917042438,520.2797241210938,1328800,0.0,0.0
2023-06-14 00:00:00-04:00,522.3877285200555,522.5856784644019,513.3122340011344,514.7572021484375,1996500,0.35,0.0
2023-06-15 00:00:00-04:00,514.796842895315,530.7605387163516,513.5696376299458,529.5927124023438,1723400,0.0,0.0
2023-06-16 00:00:00-04:00,533.165473947727,536.4908764233826,527.9003792067944,531.7601318359375,3428000,0.0,0.0
2023-06-20 00:00:00-04:00,506.7210966607499,525.3173432862324,501.92109585687336,521.9623413085938,2115400,0.0,0.0
2023-06-21 00:00:00-04:00,519.5770979824159,524.9808245757677,517.3701096548988,520.5272216796875,1617800,0.0,0.0
2023-06-22 00:00:00-04:00,520.7251512760752,524.5354316645045,516.0735985744835,522.8628540039062,945600,0.0,0.0
2023-06-23 00:00:00-04:00,517.8055796803895,524.2583144085875,517.0732190853429,518.80517578125,3779700,0.0,0.0
2023-06-26 00:00:00-04:00,517.6273658422983,520.7547577467269,510.5609690763418,516.6475830078125,956900,0.0,0.0
2023-06-27 00:00:00-04:00,514.9751043294773,516.9247638136776,498.12066173183285,504.3656005859375,2036000,0.0,0.0
2023-06-28 00:00:00-04:00,506.1272181100265,506.13712467023413,501.42619285637886,504.8901062011719,1395200,0.0,0.0
2023-06-29 00:00:00-04:00,504.74164387098546,509.8385689469259,500.8620477503757,509.0863952636719,999200,0.0,0.0
2023-06-30 00:00:00-04:00,511.1547401185006,518.211230071141,510.62032961146394,516.3704223632812,1315500,0.0,0.0
2023-07-03 00:00:00-04:00,513.9854211478117,515.8856082576874,510.0464154814136,513.7577514648438,616200,0.0,0.0
2023-07-05 00:00:00-04:00,514.8661805350653,518.1618636839286,512.7977631816794,515.2323608398438,1432800,0.0,0.0
2023-07-06 00:00:00-04:00,509.48220175780915,513.7181015282666,503.7717045992033,511.98614501953125,1506400,0.0,0.0
2023-07-07 00:00:00-04:00,509.6901220893264,514.1041592616841,508.0175443209932,508.4331970214844,1020700,0.0,0.0
2023-07-10 00:00:00-04:00,507.2060551331798,513.569752535595,505.9194706285899,511.5210876464844,1026600,0.0,0.0
2023-07-11 00:00:00-04:00,510.9765648699564,514.767091738507,509.9572163192275,513.9060668945312,1310900,0.0,0.0
2023-07-12 00:00:00-04:00,520.2897014182967,524.0703226487531,518.587404025939,520.4974975585938,1678200,0.0,0.0
2023-07-13 00:00:00-04:00,529.4838534117915,530.9189151891243,518.6269891880437,521.219970703125,1364200,0.0,0.0
2023-07-14 00:00:00-04:00,524.208962056115,526.435764032217,519.8939291687216,523.9021606445312,953000,0.0,0.0
2023-07-17 00:00:00-04:00,520.8933677356262,521.6950137879937,513.9061625119497,519.8442993164062,1290800,0.0,0.0
2023-07-18 00:00:00-04:00,520.1115403911734,520.3688089145493,514.361386534121,518.2805786132812,1461100,0.0,0.0
2023-07-19 00:00:00-04:00,521.5563985012279,533.8582302883817,521.516832671996,530.0281372070312,1715400,0.0,0.0
2023-07-20 00:00:00-04:00,531.7897823908729,536.0058685840734,524.9906215545174,532.7200927734375,1147400,0.0,0.0
2023-07-21 00:00:00-04:00,533.1060727637185,558.8973764568302,525.4162270987275,556.3934936523438,2755800,0.0,0.0
2023-07-24 00:00:00-04:00,554.2260778334912,566.6565745915227,553.355146307285,565.6273193359375,3196700,0.0,0.0
2023-07-25 00:00:00-04:00,549.7527184708188,574.1090236096188,548.5848920790576,565.0236206054688,3073900,0.0,0.0
2023-07-26 00:00:00-04:00,549.2381353717473,569.07149224222,549.2381353717473,568.487548828125,3559300,0.0,0.0
2023-07-27 00:00:00-04:00,569.4672766583683,571.4466553601272,553.6124339274096,554.245849609375,2260900,0.0,0.0
2023-07-28 00:00:00-04:00,556.6112916211649,559.8575024471946,548.06041953519,556.0570678710938,1642800,0.0,0.0
2023-07-31 00:00:00-04:00,551.6728040474064,551.930133028928,540.7862175765738,543.0031127929688,2144800,0.0,0.0
2023-08-01 00:00:00-04:00,540.8950463932507,545.0220348087818,537.0648923489075,540.212158203125,1517500,0.0,0.0
2023-08-02 00:00:00-04:00,538.2921519433453,550.1585195758792,537.0154138078907,548.0504760742188,1398700,0.0,0.0
2023-08-03 00:00:00-04:00,544.6161713343657,547.0112632324259,539.6875373331923,542.7258911132812,1103200,0.0,0.0
2023-08-04 00:00:00-04:00,541.8648005507787,549.2676572155509,541.132440130682,542.983154296875,1102200,0.0,0.0
2023-08-07 00:00:00-04:00,544.3292465140582,548.7828494400824,541.2216068638272,546.1007690429688,737300,0.0,0.0
2023-08-08 00:00:00-04:00,547.466486255736,551.158068913545,539.9844365650941,550.0496215820312,1002100,0.0,0.0
2023-08-09 00:00:00-04:00,549.0500741643162,550.653366353734,541.7263475563215,541.9342041015625,947100,0.0,0.0
2023-08-10 00:00:00-04:00,544.6954360017529,551.0294733213153,539.964751336,541.6373291015625,1168400,0.0,0.0
2023-08-11 00:00:00-04:00,537.4014140517563,541.6471603835159,535.3131836437302,538.1734008789062,925100,0.0,0.0
2023-08-14 00:00:00-04:00,535.1746670678897,536.708673912201,532.7993877951192,534.7689208984375,1068400,0.0,0.0
2023-08-15 00:00:00-04:00,530.2954828308143,533.4129687926734,526.653432391969,528.9197998046875,894600,0.0,0.0
2023-08-16 00:00:00-04:00,524.6245669355025,525.6637288952953,521.318977217096,523.4171142578125,980700,0.0,0.0
2023-08-17 00:00:00-04:00,525.3766616012506,532.6904817081366,524.3968786337941,530.4340209960938,1257000,0.0,0.0
2023-08-18 00:00:00-04:00,527.6431650248813,530.3549050550425,522.6947166761598,526.8909912109375,1093700,0.0,0.0
2023-08-21 00:00:00-04:00,531.0278086341723,531.0278086341723,524.8818149434115,526.7721557617188,903800,0.0,0.0
2023-08-22 00:00:00-04:00,525.5250688838586,527.8013424117906,520.9229890335538,521.6157836914062,960700,0.0,0.0
2023-08-23 00:00:00-04:00,535.7288136982833,542.0034716233438,532.6310807720454,539.6182861328125,1769100,0.0,0.0
2023-08-24 00:00:00-04:00,539.5787609881179,543.9531719361227,532.3737919858917,532.462890625,1326200,0.0,0.0
2023-08-25 00:00:00-04:00,533.2349238638674,538.4407016646451,530.4341453362407,536.006103515625,749800,0.0,0.0
2023-08-28 00:00:00-04:00,538.707883518814,540.9940642194665,534.9569814497723,539.5689086914062,642700,0.0,0.0
2023-08-29 00:00:00-04:00,540.608095029684,551.7222910917969,539.3413236177826,549.6835327148438,1291400,0.0,0.0
2023-08-30 00:00:00-04:00,552.0190904959903,557.1357679150145,549.0203025402611,553.2363891601562,773500,0.0,0.0
2023-08-31 00:00:00-04:00,554.6221032668033,557.8781604647572,551.2076618977821,551.3560791015625,1192100,0.0,0.0
2023-09-01 00:00:00-04:00,557.640537851936,560.0256628699674,551.078891905154,551.4747314453125,1015500,0.0,0.0
2023-09-05 00:00:00-04:00,553.5135253618184,553.9192714436488,536.114768521611,536.4215698242188,1404900,0.0,0.0
2023-09-06 00:00:00-04:00,535.3427811348297,539.8161966178828,530.4735261295172,531.1663208007812,1217900,0.0,0.0
2023-09-07 00:00:00-04:00,529.7214503985682,533.175457428238,525.1985616901644,526.1783447265625,1079200,0.0,0.0
2023-09-08 00:00:00-04:00,524.5354299959394,527.1679774622495,507.4930059633334,512.9263916015625,1834900,0.0,0.0
2023-09-11 00:00:00-04:00,510.095831851131,512.2830673632293,507.5523830270151,509.6307067871094,1555900,0.0,0.0
2023-09-12 00:00:00-04:00,509.6900386523747,509.6900386523747,504.1081759646813,505.72137451171875,1568000,0.0,0.0
2023-09-13 00:00:00-04:00,494.0431290756537,520.8934114102157,492.87530265489573,505.63238525390625,2359100,0.0,0.0
2023-09-14 00:00:00-04:00,510.16821203464775,513.228414940428,501.66095555269857,510.6733093261719,1598300,0.35,0.0
2023-09-15 00:00:00-04:00,510.6734096236802,529.0447253586929,504.40436277235966,510.5644836425781,5179500,0.0,0.0
2023-09-18 00:00:00-04:00,510.5446311308058,510.5446311308058,502.4136878703417,502.8395690917969,1300100,0.0,0.0
2023-09-19 00:00:00-04:00,500.3536680945229,504.50331198395156,498.4620617921174,503.8397521972656,1181100,0.0,0.0
2023-09-20 00:00:00-04:00,506.4444509233124,506.98917142694467,499.3039065063643,500.0268859863281,1271300,0.0,0.0
2023-09-21 00:00:00-04:00,497.59057246106727,498.95728509695255,494.7482212198201,496.7586669921875,1606900,0.0,0.0
2023-09-22 00:00:00-04:00,498.0560390049213,502.27501616885064,496.7388629218993,497.9471130371094,1198000,0.0,0.0
2023-09-25 00:00:00-04:00,496.40210623094845,501.16577334328497,495.540460782539,500.7894287109375,961500,0.0,0.0
2023-09-26 00:00:00-04:00,498.1550894582602,501.5619576967003,496.01589101387003,496.7586669921875,1190000,0.0,0.0
2023-09-27 00:00:00-04:00,497.77872786866413,499.70995743607926,490.1529128847331,493.4904479980469,1344300,0.0,0.0
2023-09-28 00:00:00-04:00,497.2142380794639,502.51271287910265,495.5207172764922,498.1748962402344,1443300,0.0,0.0
2023-09-29 00:00:00-04:00,504.30525245371615,506.0681061856225,499.9080163631395,501.2945556640625,1380500,0.0,0.0
2023-10-02 00:00:00-04:00,498.2342868436616,502.1066290917016,485.953730509121,491.0145263671875,1652100,0.0,0.0
2023-10-03 00:00:00-04:00,488.15233873471004,497.6598767532291,487.85524044998107,494.7976989746094,1559400,0.0,0.0
2023-10-04 00:00:00-04:00,496.38233572828045,498.3432752444858,491.0640644157304,497.61041259765625,1022100,0.0,0.0
2023-10-05 00:00:00-04:00,492.5991465358556,495.6197568004648,487.9543182686039,493.2230529785156,917500,0.0,0.0
2023-10-06 00:00:00-04:00,491.04423966938185,497.3231687873237,488.3207278321361,493.7479248046875,1108400,0.0,0.0
2023-10-09 00:00:00-04:00,490.232167149694,492.86654969495055,485.66658511045193,491.3512878417969,1182500,0.0,0.0
2023-10-10 00:00:00-04:00,490.81642910289366,494.728394438542,488.1820468343157,491.37103271484375,1304900,0.0,0.0
2023-10-11 00:00:00-04:00,492.43073381417986,493.82715619523566,487.053043312237,487.88494873046875,1207100,0.0,0.0
2023-10-12 00:00:00-04:00,487.10260128271483,491.0838698258739,466.07707742597523,477.9119873046875,2026200,0.0,0.0
2023-10-13 00:00:00-04:00,475.010171793508,479.60546324041644,471.41513139686447,478.19915771484375,2004300,0.0,0.0
2023-10-16 00:00:00-04:00,478.19921504515713,487.31058289586633,475.6539619239669,483.83441162109375,1247700,0.0,0.0
2023-10-17 00:00:00-04:00,474.38629524827377,485.2407205976,473.098828874632,480.1007080078125,1355200,0.0,0.0
2023-10-18 00:00:00-04:00,476.34718787331303,476.34718787331303,462.3730803707374,462.75933837890625,2134800,0.0,0.0
2023-10-19 00:00:00-04:00,467.7507604275354,472.10840349078194,462.92767345269226,465.1461181640625,2014500,0.0,0.0
2023-10-20 00:00:00-04:00,464.98765656813515,466.66138078802175,458.78794365367634,459.8872375488281,1599300,0.0,0.0
2023-10-23 00:00:00-04:00,457.30239674768166,464.9480384609953,455.5494563726536,457.36181640625,1897500,0.0,0.0
2023-10-24 00:00:00-04:00,447.57699259862176,454.43035229796226,442.83315174973603,453.8460388183594,2376600,0.0,0.0
2023-10-25 00:00:00-04:00,418.9256301868013,434.6130544137693,411.5969136230585,429.007568359375,7906700,0.0,0.0
2023-10-26 00:00:00-04:00,426.9772980834544,441.04050348769266,425.046068677108,435.9203186035156,2971200,0.0,0.0
2023-10-27 00:00:00-04:00,435.336075822689,435.72230363244086,423.2535739442555,427.2546691894531,2495600,0.0,0.0
2023-10-30 00:00:00-04:00,428.0172468629779,431.1567268084908,416.16254036508747,429.92864990234375,2946500,0.0,0.0
2023-10-31 00:00:00-04:00,432.28568618131493,442.2983216255979,428.9778609365874,440.4859313964844,2895400,0.0,0.0
2023-11-01 00:00:00-04:00,440.8425354813503,440.8425354813503,429.8197342353399,436.8612365722656,2275400,0.0,0.0
2023-11-02 00:00:00-04:00,440.55528722803683,443.82351968606525,437.6733127883521,443.2590026855469,1713900,0.0,0.0
2023-11-03 00:00:00-04:00,450.3104180069952,456.1337865491783,447.2501845840381,450.35992431640625,1921800,0.0,0.0
2023-11-06 00:00:00-05:00,452.30101750222724,455.0542389669136,447.89386839922884,450.6371765136719,1613800,0.0,0.0
2023-11-07 00:00:00-05:00,449.5081710751143,459.38213989092947,447.75520061221664,454.8165283203125,1708700,0.0,0.0
2023-11-08 00:00:00-05:00,457.06471269362896,459.5406325167209,448.71588808020357,449.9340515136719,1848100,0.0,0.0
2023-11-09 00:00:00-05:00,454.1234174933131,454.42051584724203,438.79250773419955,439.9908447265625,2042400,0.0,0.0
2023-11-10 00:00:00-05:00,439.54507536443117,444.83363616396554,433.04826455442145,444.11065673828125,1896500,0.0,0.0
2023-11-13 00:00:00-05:00,441.23861881583764,442.50628854629434,434.8804434620027,440.8622741699219,1675000,0.0,0.0
2023-11-14 00:00:00-05:00,452.4100424016032,457.78773384841855,450.8353607736005,454.8364562988281,1822400,0.0,0.0
2023-11-15 00:00:00-05:00,460.18432271303317,470.25634668890484,459.5207629639251,466.0076904296875,2184000,0.0,0.0
2023-11-16 00:00:00-05:00,467.51304345626846,470.1276290797981,464.19530512395556,467.9190979003906,1613400,0.0,0.0
2023-11-17 00:00:00-05:00,470.42474177145243,470.42474177145243,459.6990709574601,461.9273986816406,1556300,0.0,0.0
2023-11-20 00:00:00-05:00,462.53150182293524,467.1367063409105,461.41238130202515,464.5122375488281,1183500,0.0,0.0
2023-11-21 00:00:00-05:00,473.6731937338381,485.59723261192534,471.8608336385227,477.7436218261719,2915900,0.0,0.0
2023-11-22 00:00:00-05:00,481.39803033911653,485.84480289894634,481.0315990406276,482.8340759277344,1463800,0.0,0.0
2023-11-24 00:00:00-05:00,483.79475762751355,486.3003874048479,482.1210333255073,486.05279541015625,722800,0.0,0.0
2023-11-27 00:00:00-05:00,484.5078800601451,488.66743814357966,483.44817894610134,485.40911865234375,2427100,0.0,0.0
2023-11-28 00:00:00-05:00,483.71551330854015,484.04232142409666,475.94111908339636,481.2395935058594,1549600,0.0,0.0
2023-11-29 00:00:00-05:00,485.1713665148927,491.024414466189,485.1713665148927,488.17218017578125,1195800,0.0,0.0
2023-11-30 00:00:00-05:00,491.123468562699,492.7080633538901,484.66628030136246,490.9848327636719,1914000,0.0,0.0
2023-12-01 00:00:00-05:00,486.1518557659668,494.3917248998114,484.884185916424,491.3512878417969,1219700,0.0,0.0
2023-12-04 00:00:00-05:00,488.7168644597715,493.51024162231306,485.6368044759291,490.56884765625,1222300,0.0,0.0
2023-12-05 00:00:00-05:00,488.2216673581912,488.87531380235544,482.3685894125491,486.8648681640625,1613600,0.0,0.0
2023-12-06 00:00:00-05:00,490.23212913086735,491.89594001242796,486.91439049505345,489.0535888671875,1241700,0.0,0.0
2023-12-07 00:00:00-05:00,489.7666712861814,493.5003476547925,487.5680531825297,489.3408203125,2101800,0.0,0.0
2023-12-08 00:00:00-05:00,488.0632172044323,490.9055683279787,483.31934635673645,485.052490234375,1871800,0.0,0.0
2023-12-11 00:00:00-05:00,487.81558136867426,492.65849461874,486.5974180436792,490.22216796875,2030900,0.0,0.0
2023-12-12 00:00:00-05:00,491.54932402831184,493.70834918506773,486.73615017426704,492.5793151855469,1420200,0.0,0.0
2023-12-13 00:00:00-05:00,493.78758633657986,513.8722485273379,492.0940654888672,513.54541015625,2776700,0.0,0.0
2023-12-14 00:00:00-05:00,524.7935318765237,529.6397156676727,515.4679035079574,516.845458984375,2763900,0.35,0.0
2023-12-15 00:00:00-05:00,516.1023334289034,518.788004859459,513.0796223314322,513.3869018554688,4354900,0.0,0.0
2023-12-18 00:00:00-05:00,516.4590086097584,519.1645196975946,510.97854611194225,513.9714965820312,1607300,0.0,0.0
2023-12-19 00:00:00-05:00,516.3401519678736,524.1197675434177,515.1508955740845,523.40625,2569400,0.0,0.0
2023-12-20 00:00:00-05:00,523.2675475636053,527.7172941138438,514.7148932255537,514.7743530273438,1497300,0.0,0.0
2023-12-21 00:00:00-05:00,513.4264993760804,522.306211868054,513.4264993760804,521.8403930664062,1016600,0.0,0.0
2023-12-22 00:00:00-05:00,523.356748674349,528.1434137664224,522.1774122412082,524.30810546875,1081500,0.0,0.0
2023-12-26 00:00:00-05:00,522.1573569941445,526.4782619565779,521.0672409537019,524.9520874023438,639100,0.0,0.0
2023-12-27 00:00:00-05:00,526.0522680560398,528.292021015675,524.5458726874874,526.884765625,806000,0.0,0.0
2023-12-28 00:00:00-05:00,528.2225457182453,531.1956557316688,526.7359907115335,528.1630859375,763400,0.0,0.0
2023-12-29 00:00:00-05:00,526.4486886820156,529.1838994835537,524.7738340438373,526.0324096679688,804300,0.0,0.0
2024-01-02 00:00:00-05:00,524.8134513861246,541.2051784697409,522.6430783497979,539.272705078125,2310800,0.0,0.0
2024-01-03 00:00:00-05:00,537.9446730220385,538.7969501371078,523.2376605677558,524.080078125,2170300,0.0,0.0
2024-01-04 00:00:00-05:00,522.5935903072077,535.0013917687014,522.5935903072077,532.5435791015625,1831300,0.0,0.0
2024-01-05 00:00:00-05:00,529.1838759003265,535.9229743377166,525.7152471997045,526.4684448242188,1817200,0.0,0.0
2024-01-08 00:00:00-05:00,524.8828440380522,538.6879798983423,522.6728512510201,536.5275268554688,2126800,0.0,0.0
2024-01-09 00:00:00-05:00,533.6931770157994,554.2175112053217,531.8399429689676,536.9932861328125,2890000,0.0,0.0
2024-01-10 00:00:00-05:00,535.942756470176,544.4359489014884,529.0947189608202,539.0546264648438,2026600,0.0,0.0
2024-01-11 00:00:00-05:00,538.6583688199083,543.6234133723073,535.5662777355902,541.106201171875,1983100,0.0,0.0
2024-01-12 00:00:00-05:00,543.5936087507255,548.1226542178279,537.9248467602021,539.441162109375,2013100,0.0,0.0
2024-01-16 00:00:00-05:00,538.6383818761065,545.902698031204,536.329249362506,537.1419067382812,1838900,0.0,0.0
2024-01-17 00:00:00-05:00,533.9210465687206,541.0565232330097,532.0281929998181,534.4165649414062,1966300,0.0,0.0
2024-01-18 00:00:00-05:00,532.5337054204227,542.1269967678974,531.1859096234743,539.5403442382812,1728200,0.0,0.0
2024-01-19 00:00:00-05:00,540.2736061711926,548.3208807985546,536.9834171583412,546.8045654296875,2124000,0.0,0.0
2024-01-22 00:00:00-05:00,547.9244321581434,553.68235356065,545.595519867703,548.4298706054688,1818500,0.0,0.0
2024-01-23 00:00:00-05:00,551.2147331250358,552.0373106845939,540.4817866149667,545.8036499023438,1116600,0.0,0.0
2024-01-24 00:00:00-05:00,544.9215097687492,547.0423428412817,534.3075453370736,535.14990234375,1842500,0.0,0.0
2024-01-25 00:00:00-05:00,538.3608887794481,542.8701545033052,532.8210270717542,533.3859252929688,1748100,0.0,0.0
2024-01-26 00:00:00-05:00,549.0343929241909,551.422765022334,541.7502965634818,542.4241943359375,3172300,0.0,0.0
2024-01-29 00:00:00-05:00,545.0702543873703,554.1778852392936,542.4539026491698,552.7706298828125,2445900,0.0,0.0
2024-01-30 00:00:00-05:00,554.4849879365377,564.8908724286443,554.4849879365377,562.0366821289062,2301300,0.0,0.0
2024-01-31 00:00:00-05:00,558.2510086768494,560.9268200929309,532.9597910653345,534.1489868164062,3589400,0.0,0.0
2024-02-01 00:00:00-05:00,537.2806853346794,548.9550669517259,529.4514707099286,547.2802124023438,2163900,0.0,0.0
2024-02-02 00:00:00-05:00,544.099010591577,549.4803328335867,537.0329137932059,546.8739013671875,1327500,0.0,0.0
2024-02-05 00:00:00-05:00,544.535046524147,551.9876013703189,541.7700154209774,546.6756591796875,1473700,0.0,0.0
2024-02-06 00:00:00-05:00,547.5379626122857,555.4761777928255,546.50730602064,555.2581787109375,1328100,0.0,0.0
2024-02-07 00:00:00-05:00,556.9628317766501,560.926980045523,547.0822212507733,547.3596801757812,1451400,0.0,0.0
2024-02-08 00:00:00-05:00,547.2505874605066,547.9046451987696,536.6068608484937,545.9523315429688,1549300,0.0,0.0
2024-02-09 00:00:00-05:00,544.7233603596958,549.1631855336958,543.3755044420903,545.8134765625,1280800,0.0,0.0
2024-02-12 00:00:00-05:00,546.0613424207852,546.0613424207852,539.2330835310853,541.9584350585938,1073000,0.0,0.0
2024-02-13 00:00:00-05:00,536.5672536653045,541.2945196706256,529.6200743833523,533.7725219726562,1268000,0.0,0.0
2024-02-14 00:00:00-05:00,536.7851347060858,543.7719313695142,536.7851347060858,543.355712890625,1297000,0.0,0.0
2024-02-15 00:00:00-05:00,542.3547594664442,548.2712195894884,540.3925261372867,543.6530151367188,1519000,0.0,0.0
2024-02-16 00:00:00-05:00,541.4232311744928,547.7361307437495,541.4232311744928,542.9296264648438,1028200,0.0,0.0
2024-02-20 00:00:00-05:00,539.9762989568479,545.4765411259792,537.488786898657,543.2269287109375,989300,0.0,0.0
2024-02-21 00:00:00-05:00,541.2151354691574,548.0136339419005,539.4114410908212,547.8947143554688,786500,0.0,0.0
2024-02-22 00:00:00-05:00,550.0254043637703,555.7139457145923,545.3378198233074,555.4661865234375,1139600,0.0,0.0
2024-02-23 00:00:00-05:00,557.8248422574684,561.600689798749,555.8328487417858,559.6483764648438,970000,0.0,0.0
2024-02-26 00:00:00-05:00,558.29080518673,560.9170169203132,555.9816720607761,558.4295043945312,758600,0.0,0.0
2024-02-27 00:00:00-05:00,559.9160615068498,562.7306331845372,555.813214322696,561.0953979492188,901000,0.0,0.0
2024-02-28 00:00:00-05:00,560.1340334844087,567.874028777254,559.9556541119645,566.90283203125,1021400,0.0,0.0
2024-02-29 00:00:00-05:00,569.4993632486485,569.8462019589525,562.4629651576925,565.0693969726562,1794200,0.0,0.0
2024-03-01 00:00:00-05:00,559.4998429004735,573.3149010160453,557.9538276093924,571.1643676757812,1466000,0.0,0.0
2024-03-04 00:00:00-05:00,570.2425156560387,577.3184714039569,566.3972885944205,576.4265747070312,1547700,0.0,0.0
2024-03-05 00:00:00-05:00,575.9210851491232,580.8961080727637,574.8012089891159,579.369873046875,1973300,0.0,0.0
2024-03-06 00:00:00-05:00,583.0765129155837,592.986881524589,580.5593010646087,586.1983032226562,1886800,0.0,0.0
2024-03-07 00:00:00-05:00,589.666908222896,593.5418355764596,587.1893161715394,592.3030395507812,1819500,0.0,0.0
2024-03-08 00:00:00-05:00,591.6489610817504,598.4078392190099,590.6183046003001,592.2534790039062,1600300,0.0,0.0
2024-03-11 00:00:00-04:00,588.8542466697984,594.6121681375209,584.354961311586,594.0571899414062,1380400,0.0,0.0
2024-03-12 00:00:00-04:00,593.532024633852,595.2365790705219,589.3597375019082,591.8967895507812,1146300,0.0,0.0
2024-03-13 00:00:00-04:00,593.6609181938396,593.6609181938396,585.7424818198677,588.0020751953125,1035200,0.0,0.0
2024-03-14 00:00:00-04:00,586.0682030461162,590.1539558883252,576.4190907962036,580.0486450195312,1758000,0.39,0.0
2024-03-15 00:00:00-04:00,570.3895170577056,579.7907661766895,568.9614830477251,579.294921875,1920100,0.0,0.0
2024-03-18 00:00:00-04:00,580.9907743341743,581.9725365422685,573.4936095757787,575.2290649414062,1554400,0.0,0.0
2024-03-19 00:00:00-04:00,576.4489182662743,579.3942050692114,572.4028108491775,577.8768920898438,1053600,0.0,0.0
2024-03-20 00:00:00-04:00,576.2207537217648,576.795950162179,571.5003054427973,575.2290649414062,728700,0.0,0.0
2024-03-21 00:00:00-04:00,575.1795277640839,582.2007017059769,572.7994503345965,579.2752075195312,1230500,0.0,0.0
2024-03-22 00:00:00-04:00,581.9427537918651,584.0947012623949,574.9215810459932,578.2437744140625,1061200,0.0,0.0
2024-03-25 00:00:00-04:00,578.3627889228649,580.1676696214763,566.3435267126612,568.79296875,1226800,0.0,0.0
2024-03-26 00:00:00-04:00,569.2392743075158,570.2111099225333,563.120571611545,564.0924072265625,1784900,0.0,0.0
2024-03-27 00:00:00-04:00,567.7615836817504,574.9513261209107,566.3335496589266,574.5546264648438,1525800,0.0,0.0
2024-03-28 00:00:00-04:00,574.4852352731461,577.4503747163619,571.4010980315846,576.37939453125,1081400,0.0,0.0
2024-04-01 00:00:00-04:00,576.2207511831921,576.6968029546251,568.0790250701601,572.6506958007812,837600,0.0,0.0
2024-04-02 00:00:00-04:00,566.0063049158631,567.6326888513339,561.0776413097029,566.8095703125,1381300,0.0,0.0
2024-04-03 00:00:00-04:00,566.4822723867578,573.4439458847046,564.4592493871589,571.212646484375,1151500,0.0,0.0
2024-04-04 00:00:00-04:00,575.5859680575788,577.1627796031906,563.8444086361728,565.867431640625,1231900,0.0,0.0
2024-04-05 00:00:00-04:00,565.4806670250294,578.9875219821589,564.3303348353452,574.6439208984375,1181300,0.0,0.0
2024-04-08 00:00:00-04:00,574.5347354428852,577.5692999753244,570.9250351332997,573.9893188476562,998900,0.0,0.0
2024-04-09 00:00:00-04:00,578.9279823795072,585.0268307675657,578.3825052437782,584.3029174804688,1026300,0.0,0.0
2024-04-10 00:00:00-04:00,572.4919745928139,574.8521986513673,567.1368916792275,568.9417724609375,1282800,0.0,0.0
2024-04-11 00:00:00-04:00,574.7431339150228,575.5364728155016,566.6112739973892,569.7946166992188,1295500,0.0,0.0
2024-04-12 00:00:00-04:00,566.1650115375185,568.6244408568888,556.9720977581605,560.5322265625,1201600,0.0,0.0
2024-04-15 00:00:00-04:00,565.9765122301161,565.9765122301161,549.9012780947313,553.2333374023438,1031700,0.0,0.0
2024-04-16 00:00:00-04:00,554.3937132941546,554.3937132941546,548.0865867305215,549.9410400390625,1010300,0.0,0.0
2024-04-17 00:00:00-04:00,551.2400856367689,551.3789365863408,541.9083212739314,542.70166015625,1610100,0.0,0.0
2024-04-18 00:00:00-04:00,530.3551075346882,540.3414200612671,525.2380204471631,537.019287109375,2075800,0.0,0.0
2024-04-19 00:00:00-04:00,538.4373900027784,541.6008793665071,534.688777675706,540.252197265625,1738400,0.0,0.0
2024-04-22 00:00:00-04:00,544.5858853090352,548.2650117258394,538.6357529834643,543.822265625,1522800,0.0,0.0
2024-04-23 00:00:00-04:00,562.793219696523,572.0952638154405,555.34562845898,569.8143920898438,2544000,0.0,0.0
2024-04-24 00:00:00-04:00,573.1961632387797,581.5858728160156,560.5322770799618,572.5912475585938,2034900,0.0,0.0
2024-04-25 00:00:00-04:00,572.6010678074166,573.1861302327666,565.242694224777,566.9781494140625,1184000,0.0,0.0
2024-04-26 00:00:00-04:00,563.2196494876497,570.2209688756868,562.2378874170014,568.8325805664062,1438200,0.0,0.0
2024-04-29 00:00:00-04:00,570.3103092715106,574.6737034502067,566.5517701751115,572.0953369140625,953800,0.0,0.0
2024-04-30 00:00:00-04:00,569.9235036017348,571.6688853847386,563.2493975432341,563.9931640625,1515100,0.0,0.0
2024-05-01 00:00:00-04:00,565.1237523336356,577.0637239549908,563.6759254560359,570.2111206054688,1171900,0.0,0.0
2024-05-02 00:00:00-04:00,574.6637762923209,574.9711973830699,560.7900603929808,566.502197265625,1357400,0.0,0.0
2024-05-03 00:00:00-04:00,575.0208224842894,575.0208224842894,566.8790361834489,567.622802734375,1749700,0.0,0.0
2024-05-06 00:00:00-04:00,570.6277301035433,571.599626464194,565.6097862792283,568.783203125,1140700,0.0,0.0
2024-05-07 00:00:00-04:00,566.7500949296083,571.7978170705202,560.641319138835,568.1087036132812,1890700,0.0,0.0
2024-05-08 00:00:00-04:00,567.9500512351025,570.568063374574,562.9916077868908,568.872314453125,1598100,0.0,0.0
2024-05-09 00:00:00-04:00,569.4573876227753,574.2571876034197,567.7417855262622,573.1266479492188,1513300,0.0,0.0
2024-05-10 00:00:00-04:00,575.3480332269336,589.0928850185293,573.9993510815492,588.1011962890625,1328800,0.0,0.0
2024-05-13 00:00:00-04:00,586.355797166238,589.5887120135156,584.055072118311,585.79052734375,944600,0.0,0.0
2024-05-14 00:00:00-04:00,586.2466838036277,592.2166693353876,581.7742184685715,589.8564453125,1040900,0.0,0.0
2024-05-15 00:00:00-04:00,595.0132785237607,596.99665611884,590.0846142533717,594.0414428710938,1188700,0.0,0.0
2024-05-16 00:00:00-04:00,593.2776617827641,595.1023953062576,588.3489988527535,592.1868286132812,1409400,0.0,0.0
2024-05-17 00:00:00-04:00,591.9885443499876,592.1372613289124,584.4616009579704,590.3522338867188,1398400,0.0,0.0
2024-05-20 00:00:00-04:00,588.696273501309,592.276255824269,587.8235824464205,589.0731201171875,805700,0.0,0.0
2024-05-21 00:00:00-04:00,589.0630890375637,589.0630890375637,580.4552383668245,585.21533203125,1133200,0.0,0.0
2024-05-22 00:00:00-04:00,584.769096327475,591.6712719126781,582.7361464675204,585.8897094726562,873000,0.0,0.0
2024-05-23 00:00:00-04:00,585.0963888655889,587.0797664549638,579.3048996723469,580.167724609375,1185000,0.0,0.0
2024-05-24 00:00:00-04:00,581.1296059441482,583.0733376789802,576.5182290578431,579.19580078125,883300,0.0,0.0
2024-05-28 00:00:00-04:00,576.8355614119132,577.133055922646,564.4394523990769,567.8112182617188,1435500,0.0,0.0
2024-05-29 00:00:00-04:00,565.3716036322868,565.3716036322868,558.9851262836249,562.5849609375,1324500,0.0,0.0
2024-05-30 00:00:00-04:00,546.946178334424,559.2827294729481,545.7561396135457,558.0828247070312,2431300,0.0,0.0
2024-05-31 00:00:00-04:00,559.8975596278733,563.854387926113,555.7423814805647,563.2593383789062,2106700,0.0,0.0
2024-06-03 00:00:00-04:00,564.657768090533,568.8625194224405,558.3307879453685,564.84619140625,943700,0.0,0.0
2024-06-04 00:00:00-04:00,566.0460504265957,568.9814711790564,560.5421894776298,564.9353637695312,995000,0.0,0.0
2024-06-05 00:00:00-04:00,565.1138556842952,570.7962738403616,562.0098648035058,570.498779296875,896100,0.0,0.0
2024-06-06 00:00:00-04:00,570.5085808982103,576.8355597625006,567.18644790342,575.0208129882812,1153800,0.0,0.0
2024-06-07 00:00:00-04:00,574.69361272268,581.0800913108435,572.2937426636153,576.260498046875,1231900,0.0,0.0
2024-06-10 00:00:00-04:00,575.1795975382723,577.4406774233621,571.0739907119089,576.6472778320312,1540500,0.0,0.0
2024-06-11 00:00:00-04:00,574.1381414309155,575.1794023813768,569.1399920241095,571.1035766601562,1407700,0.0,0.0
2024-06-12 00:00:00-04:00,574.4456707940437,577.1331087361135,569.8243670355521,570.9053344726562,1397900,0.0,0.0
2024-06-13 00:00:00-04:00,568.594579836755,569.8540437690223,560.3040773952592,567.8706665039062,1304700,0.0,0.0
2024-06-14 00:00:00-04:00,568.4859417692577,568.7240995702784,562.4126755667274,567.68212890625,1413700,0.39,0.0
2024-06-17 00:00:00-04:00,562.1249329400524,564.953147787968,559.4455364388479,563.6630859375,1318400,0.0,0.0
2024-06-18 00:00:00-04:00,565.211072301954,567.6721166625807,560.3087896819492,564.8240356445312,1398100,0.0,0.0
2024-06-20 00:00:00-04:00,556.5676665139133,556.5676665139133,547.4975000237127,552.9555053710938,3071500,0.0,0.0
2024-06-21 00:00:00-04:00,554.4440202899247,564.2485869027976,553.848565217639,560.2890014648438,3153300,0.0,0.0
2024-06-24 00:00:00-04:00,561.291292550746,567.1462675604105,558.0264350212533,561.6287231445312,1557600,0.0,0.0
2024-06-25 00:00:00-04:00,560.5271085795647,564.0003838199019,551.9431326865147,552.2706298828125,1942300,0.0,0.0
2024-06-26 00:00:00-04:00,552.5486074081738,557.0936543197764,550.6036115203638,553.9081420898438,1091400,0.0,0.0
2024-06-27 00:00:00-04:00,552.4691723390565,553.9974525355701,545.0363714276996,546.5745849609375,1506900,0.0,0.0
2024-06-28 00:00:00-04:00,548.7081761323051,554.0074299893479,541.4639263344528,548.7776489257812,6150900,0.0,0.0
2024-07-01 00:00:00-04:00,549.224156216606,553.3126931972637,535.2814468115147,537.5836791992188,1459400,0.0,0.0
2024-07-02 00:00:00-04:00,535.1921367101409,537.4547570151235,529.3868281719843,529.8532104492188,1316400,0.0,0.0
2024-07-03 00:00:00-04:00,528.9302679502803,535.6882676377245,528.3646129282678,531.5203247070312,908300,0.0,0.0
2024-07-05 00:00:00-04:00,534.537133191849,536.0454859631244,529.7737353946283,535.9760131835938,1233300,0.0,0.0
2024-07-08 00:00:00-04:00,537.3157640706448,538.8737835848942,531.3417104715529,532.1951293945312,1140100,0.0,0.0
2024-07-09 00:00:00-04:00,533.9814837537833,534.219641562035,524.3356685357,527.7990112304688,1567500,0.0,0.0
2024-07-10 00:00:00-04:00,529.1782758747705,532.8996420904863,524.7821091868985,532.7706298828125,1976200,0.0,0.0
2024-07-11 00:00:00-04:00,535.6387047900391,544.4409735948869,533.7631212343717,538.5463256835938,1402400,0.0,0.0
2024-07-12 00:00:00-04:00,538.5462977563358,547.4477783279671,536.730253745699,543.9050903320312,945200,0.0,0.0
2024-07-15 00:00:00-04:00,542.4165683814726,545.482940935528,538.8440196445422,540.5211181640625,1326000,0.0,0.0
2024-07-16 00:00:00-04:00,545.046332123627,551.5364354779726,543.5379185248456,551.1791381835938,1122100,0.0,0.0
2024-07-17 00:00:00-04:00,548.77769154363,555.6845718171331,546.6440831625962,550.8219604492188,1131200,0.0,0.0
2024-07-18 00:00:00-04:00,547.4776094713762,552.9058145705676,533.663911681295,536.4921264648438,1745000,0.0,0.0
2024-07-19 00:00:00-04:00,537.0181475178739,538.0898577160153,527.4219378687088,530.27001953125,1667300,0.0,0.0
2024-07-22 00:00:00-04:00,536.5416463654337,542.942408897155,531.8874548791123,542.2477416992188,1163700,0.0,0.0
2024-07-23 00:00:00-04:00,566.6103446654781,567.8706669963483,546.4653568898258,548.0233764648438,2005600,0.0,0.0
2024-07-24 00:00:00-04:00,548.6982644898966,570.8577848579963,548.4303672120458,570.3417358398438,2857300,0.0,0.0
2024-07-25 00:00:00-04:00,571.7408957343526,599.2095377380302,567.7615044110457,589.960693359375,3625200,0.0,0.0
2024-07-26 00:00:00-04:00,596.2622602106053,609.9569404795864,594.724107156953,602.5042724609375,2715300,0.0,0.0
2024-07-29 00:00:00-04:00,599.6362754197809,603.1690907719343,590.6553884147825,599.5072631835938,1621900,0.0,0.0
2024-07-30 00:00:00-04:00,605.1538553720483,611.0385701921464,598.2469759389633,610.36376953125,1627100,0.0,0.0
2024-07-31 00:00:00-04:00,609.540079835082,615.891237408532,604.6377963610283,608.6569213867188,1702300,0.0,0.0
2024-08-01 00:00:00-04:00,611.693529216322,617.548443685089,608.1904533024378,617.0225219726562,1458200,0.0,0.0
2024-08-02 00:00:00-04:00,617.2011029627145,617.2507090730923,600.8468950787271,610.9888916015625,1564700,0.0,0.0
2024-08-05 00:00:00-04:00,602.9010802224029,606.7018530509412,588.2835711572388,593.4637451171875,2117100,0.0,0.0
2024-08-06 00:00:00-04:00,595.6768293602739,608.2004667101677,592.0546740697603,597.4234008789062,1316900,0.0,0.0
2024-08-07 00:00:00-04:00,596.3812648156161,597.18513820741,581.2080334072621,582.8851318359375,1692100,0.0,0.0
2024-08-08 00:00:00-04:00,585.2370317658339,596.5500113171994,583.0141449722335,595.4583740234375,1116700,0.0,0.0
2024-08-09 00:00:00-04:00,595.418769790126,596.758437794502,589.3455031837971,591.6279296875,963800,0.0,0.0
2024-08-12 00:00:00-04:00,591.7073075932958,594.9523591159931,587.0729820154972,594.495849609375,1164000,0.0,0.0
2024-08-13 00:00:00-04:00,595.3988753341833,600.9462199309709,594.8828869447827,599.5966186523438,1042500,0.0,0.0
2024-08-14 00:00:00-04:00,597.4928127792053,598.8622201671996,591.250800846916,597.502685546875,1128100,0.0,0.0
2024-08-15 00:00:00-04:00,600.8966717389404,603.972977974866,595.398932726881,599.0806274414062,1241100,0.0,0.0
2024-08-16 00:00:00-04:00,597.1950662877304,601.9485314498247,595.0119126396349,599.3683471679688,1076200,0.0,0.0
2024-08-19 00:00:00-04:00,599.5767567988432,606.2156782483648,599.3385989911859,602.960693359375,959400,0.0,0.0
2024-08-20 00:00:00-04:00,605.2629976951803,610.1057417712885,603.6851719055685,609.8477172851562,1075500,0.0,0.0
2024-08-21 00:00:00-04:00,610.304184995036,613.4003574782614,604.3499978243527,605.5110473632812,965600,0.0,0.0
2024-08-22 00:00:00-04:00,608.4882414767168,609.0142238368708,597.403544822018,599.2493286132812,1138400,0.0,0.0
2024-08-23 00:00:00-04:00,602.136943387244,603.0598349757244,595.9743388935816,601.4918823242188,777300,0.0,0.0
2024-08-26 00:00:00-04:00,601.3729072614185,602.2759323364294,597.6515402610385,600.966064453125,519500,0.0,0.0
2024-08-27 00:00:00-04:00,600.9759207623187,606.3148466515177,597.4034327674383,605.7393188476562,737300,0.0,0.0
2024-08-28 00:00:00-04:00,605.5904261291862,613.2812508772422,604.558388871105,608.4583740234375,790500,0.0,0.0
2024-08-29 00:00:00-04:00,609.7385239105944,611.8423318445499,605.0049257746326,607.009521484375,722500,0.0,0.0
2024-08-30 00:00:00-04:00,611.4057556686829,613.2813393498878,600.380599201751,610.3737182617188,1059000,0.0,0.0
2024-09-03 00:00:00-04:00,606.8011170658781,610.3339929796756,599.0408796528424,601.7996215820312,1282200,0.0,0.0
2024-09-04 00:00:00-04:00,601.0354390590819,607.9919236942081,599.6163651333657,607.2278442382812,1006000,0.0,0.0
2024-09-05 00:00:00-04:00,606.3744257861225,609.4805317395341,596.669131775653,602.2462158203125,1467600,0.0,0.0
2024-09-06 00:00:00-04:00,602.8514643079732,614.9682559321585,602.8514643079732,606.6621704101562,1868800,0.0,0.0
2024-09-09 00:00:00-04:00,609.8180128767103,617.5088389408733,609.411109450086,615.682861328125,1443300,0.0,0.0
2024-09-10 00:00:00-04:00,615.8812932424731,623.0858696959949,613.529394062241,619.4439086914062,1302900,0.0,0.0
2024-09-11 00:00:00-04:00,617.3300863524726,618.2430446757867,604.210996990377,613.7377319335938,1324100,0.0,0.0
2024-09-12 00:00:00-04:00,611.0087333623775,614.5812211316229,599.566742254707,609.4705200195312,1397600,0.0,0.0
2024-09-13 00:00:00-04:00,610.5331909753309,612.7177319132787,603.5524056786701,606.8888549804688,1125100,0.39,0.0
2024-09-16 00:00:00-04:00,611.2778767859209,612.1615963580903,603.0062106800214,609.8479614257812,1198100,0.0,0.0
2024-09-17 00:00:00-04:00,608.8847212246635,612.2609287693348,602.7480188493249,606.2135620117188,1333000,0.0,0.0
2024-09-18 00:00:00-04:00,604.8731364982975,610.6126174833781,597.6441020420046,605.8462524414062,1092600,0.0,0.0
2024-09-19 00:00:00-04:00,613.2836907855905,619.3806952615266,607.5243313118954,615.9052124023438,1474200,0.0,0.0
2024-09-20 00:00:00-04:00,614.7036739365867,614.7036739365867,603.9396408343518,609.3911743164062,1983100,0.0,0.0
2024-09-23 00:00:00-04:00,611.3275682614676,612.092133338265,603.5424593689027,606.0745849609375,883200,0.0,0.0
2024-09-24 00:00:00-04:00,606.9286432639201,609.6593801775409,603.5623748500277,607.5939331054688,1361100,0.0,0.0
2024-09-25 00:00:00-04:00,609.5699423722347,609.6096403604372,591.8251234685242,595.5786743164062,1282500,0.0,0.0
2024-09-26 00:00:00-04:00,600.3252011337945,616.1932457079588,600.3252011337945,614.9917602539062,1312800,0.0,0.0
2024-09-27 00:00:00-04:00,615.0513064871349,619.4006302764809,609.7387458456376,610.1160888671875,871000,0.0,0.0
2024-09-30 00:00:00-04:00,608.1995722035302,614.6838594378671,604.7638478723894,614.2369995117188,1041300,0.0,0.0
2024-10-01 00:00:00-04:00,615.6569046331413,615.6569046331413,606.2929689855854,608.6463623046875,1169200,0.0,0.0
2024-10-02 00:00:00-04:00,605.7270607136069,612.2510463289608,601.0897901861451,608.427978515625,665400,0.0,0.0
2024-10-03 00:00:00-04:00,605.5880114454073,607.2065983987056,595.151622655991,596.7106323242188,1258200,0.0,0.0
2024-10-04 00:00:00-04:00,598.4086689585578,599.7591278096565,592.3514228183323,594.4168090820312,871500,0.0,0.0
2024-10-07 00:00:00-04:00,588.1709845957824,595.0921327595601,588.1709845957824,594.6552124023438,1165800,0.0,0.0
2024-10-08 00:00:00-04:00,594.8536886978734,598.0809226978116,590.544124004371,591.2789306640625,883500,0.0,0.0
2024-10-09 00:00:00-04:00,589.9482978252281,595.8665703748619,588.9553027361519,595.0523071289062,890900,0.0,0.0
2024-10-10 00:00:00-04:00,592.986943957148,592.986943957148,585.7380909066619,589.630615234375,1221100,0.0,0.0
2024-10-11 00:00:00-04:00,591.4675842817046,598.1901195360483,590.1468838991966,592.7385864257812,2138200,0.0,0.0
2024-10-14 00:00:00-04:00,596.5815612904735,600.3052932711316,591.0605104314558,599.560546875,1006400,0.0,0.0
2024-10-15 00:00:00-04:00,600.7620755123529,606.2831262117652,595.1814475272772,596.3134765625,1290600,0.0,0.0
2024-10-16 00:00:00-04:00,586.1351868616787,592.6194127932664,583.1562018168657,587.4061889648438,1369300,0.0,0.0
2024-10-17 00:00:00-04:00,600.1066787996526,604.1282967888891,592.6889739682961,595.0523071289062,1946100,0.0,0.0
2024-10-18 00:00:00-04:00,595.8268926540292,600.1563368438186,591.3881729389409,597.4951171875,1081600,0.0,0.0
2024-10-21 00:00:00-04:00,593.7018911249637,596.3730505313183,587.6744032271267,591.1995239257812,914600,0.0,0.0
2024-10-22 00:00:00-04:00,583.3747320832076,587.0587660417398,580.0680411439372,582.2725219726562,1619600,0.0,0.0
2024-10-23 00:00:00-04:00,570.555127265167,574.636322478317,562.1146691261649,572.4517211914062,2058300,0.0,0.0
2024-10-24 00:00:00-04:00,568.3506950708066,570.8034246312717,553.3564924020992,553.4756469726562,1757500,0.0,0.0
2024-10-25 00:00:00-04:00,556.2361233815002,558.2816909177437,549.4341310081595,550.4966430664062,1090400,0.0,0.0
2024-10-28 00:00:00-04:00,555.3324518395659,555.4516063905477,546.5941079911482,548.66943359375,1116700,0.0,0.0
2024-10-29 00:00:00-04:00,547.1006404134878,549.7320412481274,543.4166065158539,543.9329833984375,1638300,0.0,0.0
2024-10-30 00:00:00-04:00,543.6647996898027,550.8540742843737,542.9200533888578,546.762939453125,1452200,0.0,0.0
2024-10-31 00:00:00-04:00,544.7172798354715,548.222580923577,540.6757833201846,542.4929809570312,1472400,0.0,0.0
2024-11-01 00:00:00-04:00,546.1473361498862,560.9131692804567,543.456297456661,554.0118408203125,1459700,0.0,0.0
2024-11-04 00:00:00-05:00,552.7805254263377,555.6403562686484,546.2962986996328,551.5789794921875,815100,0.0,0.0
2024-11-05 00:00:00-05:00,546.554400459911,557.8448103847834,546.385608264853,556.8616943359375,998400,0.0,0.0
2024-11-06 00:00:00-05:00,566.2059120994627,566.2059120994627,545.3530115390686,555.7595825195312,1423100,0.0,0.0
2024-11-07 00:00:00-05:00,561.0422651070489,561.9161056960019,550.3179295061717,551.99609375,1303800,0.0,0.0
2024-11-08 00:00:00-05:00,553.3265939817946,554.6373546772736,545.1542643855311,547.8750610351562,1620400,0.0,0.0
2024-11-11 00:00:00-05:00,545.233831836031,550.049834405287,541.2519113104951,543.0889282226562,1565800,0.0,0.0
2024-11-12 00:00:00-05:00,545.3132212269213,546.3062164339543,536.2670494366783,536.962158203125,1723800,0.0,0.0
2024-11-13 00:00:00-05:00,536.2174108435105,540.9837757072627,534.231420432979,538.1041259765625,1212200,0.0,0.0
2024-11-14 00:00:00-05:00,536.1181276782922,538.5807363566822,527.9656153442635,529.2863159179688,1764800,0.0,0.0
2024-11-15 00:00:00-05:00,525.6916498244692,525.6916498244692,508.11562377625364,509.4859619140625,3953000,0.0,0.0
2024-11-18 00:00:00-05:00,507.420508099495,509.1781288624948,495.1172839737213,497.7785339355469,3162200,0.0,0.0
2024-11-19 00:00:00-05:00,492.7143200280659,507.7184638469618,489.84454918349076,505.5537414550781,3658700,0.0,0.0
2024-11-20 00:00:00-05:00,503.5279883601319,510.25055489705557,499.20848352025666,509.2476806640625,1533900,0.0,0.0
2024-11-21 00:00:00-05:00,510.5186911300712,512.6039568223607,503.90533941297537,512.4848022460938,1956800,0.0,0.0
2024-11-22 00:00:00-05:00,511.0151622352171,513.3784955546581,503.6173665067041,509.6647033691406,1833500,0.0,0.0
2024-11-25 00:00:00-05:00,508.71139900128554,512.723138162862,505.79199086021146,510.5981140136719,3063500,0.0,0.0
2024-11-26 00:00:00-05:00,510.5980821930918,510.5980821930918,503.71660325866833,509.3865966796875,1748500,0.0,0.0
2024-11-27 00:00:00-05:00,511.79957895117116,525.1553751971169,511.37259833014383,518.0057983398438,2914100,0.0,0.0
2024-11-29 00:00:00-05:00,519.465514965742,529.4351636334517,519.336420758245,525.9199829101562,2108300,0.0,0.0
2024-12-02 00:00:00-05:00,524.9964881374525,531.0934922099243,522.9111621953707,526.2377319335938,2558600,0.0,0.0
2024-12-03 00:00:00-05:00,526.5356798193044,532.2255226509208,524.2418634404357,530.6764526367188,2665200,0.0,0.0
2024-12-04 00:00:00-05:00,528.8195591459407,532.7717210870212,521.16360526845,525.1653442382812,2579700,0.0,0.0
2024-12-05 00:00:00-05:00,523.5169811837105,523.715531722436,514.0537085595967,517.21142578125,2665300,0.0,0.0
2024-12-06 00:00:00-05:00,519.3364816741177,527.598208884945,518.3434864892724,525.6519165039062,1869700,0.0,0.0
2024-12-09 00:00:00-05:00,525.9796348159404,534.320818816751,522.9510115492284,533.466796875,2106600,0.0,0.0
2024-12-10 00:00:00-05:00,535.7506496387392,538.6005405901235,530.7856743774277,532.0963745117188,1938000,0.0,0.0
2024-12-11 00:00:00-05:00,531.2523526679865,536.2471468697693,529.901893943479,530.6168212890625,1389200,0.0,0.0
2024-12-12 00:00:00-05:00,527.6081249395793,528.1641997939206,520.379091225529,521.3224487304688,2539200,0.0,0.0
2024-12-13 00:00:00-05:00,520.3685093499752,524.7806879888096,513.9092423718832,523.5881958007812,1553500,0.39,0.0
2024-12-16 00:00:00-05:00,524.0353882617093,531.3790318574063,523.4192177645158,526.9370727539062,2595600,0.0,0.0
2024-12-17 00:00:00-05:00,522.7136577470465,532.5814220416305,522.7136577470465,525.5259399414062,2544800,0.0,0.0
2024-12-18 00:00:00-05:00,524.6911240067952,529.9976859253983,512.666976676037,512.9451904296875,1774300,0.0,0.0
2024-12-19 00:00:00-05:00,515.4693345648882,519.1561071309684,505.6711382835688,513.4520874023438,2235600,0.0,0.0
2024-12-20 00:00:00-05:00,513.4520675539568,523.1310203112482,511.77265583007755,520.7659301757812,2758900,0.0,0.0
2024-12-23 00:00:00-05:00,516.9201456482808,522.9421666116456,516.3338770065463,521.9981079101562,1558100,0.0,0.0
2024-12-24 00:00:00-05:00,519.9710268474852,525.6651000976562,519.0269679410205,525.6651000976562,488700,0.0,0.0
2024-12-26 00:00:00-05:00,521.3124329985211,524.0253659852197,520.4181094748817,523.8762817382812,777700,0.0,0.0
2024-12-27 00:00:00-05:00,520.7163408932988,524.9695492795295,519.7226074183117,522.7733764648438,943200,0.0,0.0
2024-12-30 00:00:00-05:00,519.4144105842821,519.6528968487058,512.5377937985324,515.5885620117188,1035500,0.0,0.0
2024-12-31 00:00:00-05:00,517.059311315841,521.4515954628719,513.919080162543,516.9698486328125,1262900,0.0,0.0
2025-01-02 00:00:00-05:00,515.9165095099114,522.8030741224827,514.8433211968365,519.2952270507812,1816800,0.0,0.0
2025-01-03 00:00:00-05:00,521.0342762469202,533.4261019818961,519.4641605744976,528.68603515625,1515200,0.0,0.0
2025-01-06 00:00:00-05:00,526.5693672413114,541.9026651997846,525.1980103977321,533.8236083984375,1981800,0.0,0.0
2025-01-07 00:00:00-05:00,536.1390009355542,547.9346101675675,534.906781367492,542.2305908203125,1839300,0.0,0.0
2025-01-08 00:00:00-05:00,540.9685954769279,544.3473133125667,534.8770048564465,541.51513671875,1837800,0.0,0.0
2025-01-10 00:00:00-05:00,538.3650188167647,553.6684768513456,537.917826654296,538.9115600585938,2919900,0.0,0.0
2025-01-13 00:00:00-05:00,540.7697947068165,558.796131818513,538.2755143511662,552.0387573242188,2269900,0.0,0.0
2025-01-14 00:00:00-05:00,554.0063254159342,557.8819096216151,547.9246823550615,553.49951171875,2207400,0.0,0.0
2025-01-15 00:00:00-05:00,554.3839638334698,560.2767952960235,540.6505617155406,548.0140991210938,3251300,0.0,0.0
2025-01-16 00:00:00-05:00,547.6663391897714,558.2893515190007,542.9957801420549,558.1900024414062,1835500,0.0,0.0
2025-01-17 00:00:00-05:00,558.9352715365195,561.459332363867,555.6062284839995,556.1428833007812,2140100,0.0,0.0
2025-01-21 00:00:00-05:00,560.5650588600005,572.7581886569023,559.0347310619104,569.4689331054688,2311500,0.0,0.0
2025-01-22 00:00:00-05:00,567.1037265468435,575.938030361397,566.4279951642661,570.9892578125,1702500,0.0,0.0
2025-01-23 00:00:00-05:00,572.3407627584053,573.0462746533358,559.1241206943906,571.2476196289062,1246300,0.0,0.0
2025-01-24 00:00:00-05:00,569.7967421200724,573.9505399677838,568.2166795117532,571.2177734375,1156500,0.0,0.0
2025-01-27 00:00:00-05:00,576.0274439889911,580.4297360810293,569.5383967865043,579.9825439453125,1727800,0.0,0.0
2025-01-28 00:00:00-05:00,592.1656456274756,593.2587279002303,575.3814771106443,580.6283569335938,2156800,0.0,0.0
2025-01-29 00:00:00-05:00,571.3469868606055,573.413969157621,563.1486869362241,564.6690673828125,2884300,0.0,0.0
2025-01-30 00:00:00-05:00,586.8988738186499,607.1412166702696,586.3026580884409,602.937744140625,3349700,0.0,0.0
2025-01-31 00:00:00-05:00,596.1108603837948,601.2583922088171,593.2588503273996,594.004150390625,2165700,0.0,0.0
2025-02-03 00:00:00-05:00,589.4130649817366,596.6474122087956,585.6666708545434,590.0291748046875,2135600,0.0,0.0
2025-02-04 00:00:00-05:00,581.9202618234336,588.1509278565652,573.2349825497633,576.9317016601562,2097400,0.0,0.0
2025-02-05 00:00:00-05:00,585.9250271472785,586.3921133405779,574.2785019119377,578.7304077148438,1348800,0.0,0.0
2025-02-06 00:00:00-05:00,578.2931098498317,580.4097664510438,564.8081428372786,569.1209716796875,2034100,0.0,0.0
2025-02-07 00:00:00-05:00,571.1781097082742,573.8611413517756,562.9002935478294,567.8887939453125,1826900,0.0,0.0
2025-02-10 00:00:00-05:00,556.5900052353214,559.8295855452799,540.6008701692197,549.3953857421875,2972000,0.0,0.0
2025-02-11 00:00:00-05:00,547.0402797152643,550.4686720134639,538.5835989305963,541.813232421875,2234300,0.0,0.0
2025-02-12 00:00:00-05:00,535.7117972319745,538.5836408331602,528.8649591411287,534.6286010742188,2062200,0.0,0.0
2025-02-13 00:00:00-05:00,536.6160484962713,536.7949132341158,527.8811535418228,529.3021850585938,1915400,0.0,0.0
2025-02-14 00:00:00-05:00,531.746784834354,534.092042048809,527.9805566105047,528.5171508789062,1517100,0.0,0.0
2025-02-18 00:00:00-05:00,528.328253268257,529.7095571999461,517.7847568398189,519.81201171875,2969600,0.0,0.0
2025-02-19 00:00:00-05:00,517.9536602450596,529.2623504602637,516.7413346884949,527.5332641601562,1965200,0.0,0.0
2025-02-20 00:00:00-05:00,530.4350475901974,539.9748640451127,530.2462358165866,534.4596557617188,1967800,0.0,0.0
2025-02-21 00:00:00-05:00,534.9862344188966,539.2195478989303,528.6661053105457,529.212646484375,1613900,0.0,0.0
2025-02-24 00:00:00-05:00,528.4772948817249,540.2132825295272,528.4772948817249,532.19384765625,1375400,0.0,0.0
2025-02-25 00:00:00-05:00,531.4386427354727,537.8581820878244,528.9742034070013,536.1688232421875,1888700,0.0,0.0
2025-02-26 00:00:00-05:00,538.3351713413235,540.4418812813317,527.6227569089435,529.9480590820312,1330500,0.0,0.0
2025-02-27 00:00:00-05:00,526.7780544898345,529.6797997065482,515.8768281345319,519.9511108398438,1539000,0.0,0.0
2025-02-28 00:00:00-05:00,524.949577177084,526.7283379979671,517.3177125018398,525.6452026367188,2229300,0.0,0.0
2025-03-03 00:00:00-05:00,527.5929292864068,529.1431509923345,516.3737008324772,520.3585815429688,2330300,0.0,0.0
2025-03-04 00:00:00-05:00,519.7424785028248,521.5609670116719,509.2486558973225,513.3328857421875,2720100,0.0,0.0
2025-03-05 00:00:00-05:00,509.6659685012541,521.6205492351027,508.950448945512,520.9050903320312,1685200,0.0,0.0
2025-03-06 00:00:00-05:00,520.1597432106241,530.6635111111592,518.072927612972,524.3334350585938,1852900,0.0,0.0
2025-03-07 00:00:00-05:00,521.4317435348738,529.6399908556944,516.0457256652187,528.3779907226562,1799000,0.0,0.0
2025-03-10 00:00:00-04:00,522.9820181619432,532.8497830795131,522.0577927692469,523.4987182617188,2174000,0.0,0.0
2025-03-11 00:00:00-04:00,521.8888642312837,523.4589798792224,506.217700496823,510.9776916503906,1864100,0.0,0.0
2025-03-12 00:00:00-04:00,513.4520999649609,517.4270334650391,508.60267624265174,509.43743896484375,1412300,0.0,0.0
2025-03-13 00:00:00-04:00,508.79148650111375,513.2433925991436,505.1643657583163,505.7109069824219,1574500,0.0,0.0
2025-03-14 00:00:00-04:00,507.23268196818833,521.057283268126,505.9496731564185,519.21728515625,1745600,0.43,0.0
2025-03-17 00:00:00-04:00,519.8934976102917,522.8672632997512,511.87723591106777,516.7506713867188,1670400,0.0,0.0
2025-03-18 00:00:00-04:00,515.8356553534991,519.3067077298292,510.35554474969376,518.670166015625,1232000,0.0,0.0
2025-03-19 00:00:00-04:00,517.6258317462857,519.6646954440794,510.63395034241296,515.5968627929688,1603200,0.0,0.0
2025-03-20 00:00:00-04:00,515.6864897348577,517.8148921302943,510.27600610292353,515.8257446289062,1537100,0.0,0.0
2025-03-21 00:00:00-04:00,513.4586667056944,515.7958907949555,507.2326251626323,514.9107055664062,2192300,0.0,0.0
2025-03-24 00:00:00-04:00,517.9639818225376,523.9413790850325,514.3238690260401,517.078857421875,1100000,0.0,0.0
2025-03-25 00:00:00-04:00,518.6502515281402,520.4007108781096,508.14758648426164,511.5490417480469,1170700,0.0,0.0
2025-03-26 00:00:00-04:00,511.55893219152165,515.1891502927351,508.5752415958594,510.88262939453125,1216100,0.0,0.0
2025-03-27 00:00:00-04:00,511.2009357615283,512.5336912538071,505.3031208964254,508.9034729003906,1249700,0.0,0.0
2025-03-28 00:00:00-04:00,509.8284394792312,510.58432524788594,496.6901286356421,497.4460144042969,1787700,0.0,0.0
2025-03-31 00:00:00-04:00,493.8058347020553,497.9034734287646,481.64218760534015,494.8998718261719,2915800,0.0,0.0
2025-04-01 00:00:00-04:00,492.8709532502992,493.8158104308337,478.5988142111688,480.3492736816406,1837600,0.0,0.0
2025-04-02 00:00:00-04:00,477.89267089525595,488.6937268901395,476.997560620583,486.4062194824219,2068700,0.0,0.0
2025-04-03 00:00:00-04:00,479.27512119867873,483.27329643198493,465.62956920960966,467.4794616699219,2813600,0.0,0.0
2025-04-04 00:00:00-04:00,458.9858180074121,461.59159630701726,434.84752466151815,435.5337829589844,3894200,0.0,0.0
2025-04-07 00:00:00-04:00,415.50307939784693,450.88007622883083,408.97867779381295,435.4940185546875,4076300,0.0,0.0
2025-04-08 00:00:00-04:00,448.7118771119374,451.6657622346189,411.0871367941465,417.0346984863281,3929200,0.0,0.0
2025-04-09 00:00:00-04:00,412.3801055935969,452.5608777345846,407.6260444351412,451.0888977050781,4597700,0.0,0.0
2025-04-10 00:00:00-04:00,443.97771524094554,446.16578962834444,413.05642104364574,425.12060546875,3902400,0.0,0.0
2025-04-11 00:00:00-04:00,427.65673589669007,438.3384780826871,417.7209543382777,435.7724609375,2657400,0.0,0.0
2025-04-14 00:00:00-04:00,445.56898458228244,448.3935700387363,439.601542824484,446.8917541503906,2370500,0.0,0.0
2025-04-15 00:00:00-04:00,445.1612625376146,447.82671291162546,436.03108276802067,438.6070251464844,2545900,0.0,0.0
2025-04-16 00:00:00-04:00,438.9352036459322,443.5202042484255,432.9975973619624,434.41986083984375,1823500,0.0,0.0
2025-04-17 00:00:00-04:00,432.18204383469725,433.65399341642075,422.7435192248539,425.18023681640625,3038300,0.0,0.0
2025-04-21 00:00:00-04:00,423.191100948472,424.18567462872693,414.3592818114914,419.5609130859375,2314800,0.0,0.0
2025-04-22 00:00:00-04:00,427.46776133823766,434.63865952201206,424.1956357399511,432.37103271484375,3677800,0.0,0.0
2025-04-23 00:00:00-04:00,454.07262604520594,459.10516671029274,427.08986614171124,429.2978210449219,3492200,0.0,0.0
2025-04-24 00:00:00-04:00,427.6666906281081,430.11333342942595,415.5229542602226,424.3448181152344,3662400,0.0,0.0
2025-04-25 00:00:00-04:00,423.8077612689977,424.40451158907774,414.5582375396943,421.9379577636719,2698300,0.0,0.0
2025-04-28 00:00:00-04:00,427.5970648872725,430.5012334551822,414.57809875599315,419.0536804199219,2531600,0.0,0.0
2025-04-29 00:00:00-04:00,419.5310758094403,428.0048326126425,416.5373993283744,425.2100830078125,2437300,0.0,0.0
2025-04-30 00:00:00-04:00,425.32940814789333,426.9804040211663,420.69469137515847,426.6720886230469,2944300,0.0,0.0
2025-05-01 00:00:00-04:00,423.5491482134579,426.54282481186425,413.1260350929134,417.611572265625,2771900,0.0,0.0
2025-05-02 00:00:00-04:00,426.14496355327555,429.09884844216833,420.1278052453724,421.25164794921875,2492400,0.0,0.0
2025-05-05 00:00:00-04:00,420.1079371364233,422.67395435482456,415.5925639073785,419.9786376953125,2637200,0.0,0.0
2025-05-06 00:00:00-04:00,417.17391338760916,421.2615963609757,404.29417298088333,404.81134033203125,4070200,0.0,0.0
2025-05-07 00:00:00-04:00,407.1685845310509,411.10708829964875,402.37473150726186,405.6369323730469,2959400,0.0,0.0
2025-05-08 00:00:00-04:00,404.86110459786875,413.49399662967903,400.62421111940876,408.55096435546875,3013600,0.0,0.0
2025-05-09 00:00:00-04:00,408.3719717164138,410.25170024675674,399.56998830562,400.9425048828125,2318700,0.0,0.0
2025-05-12 00:00:00-04:00,408.90902800934055,430.38186962705834,407.476839514747,430.24261474609375,3716400,0.0,0.0
2025-05-13 00:00:00-04:00,428.8402859588853,432.61968427658337,424.9813350990797,426.6224060058594,2726900,0.0,0.0
2025-05-14 00:00:00-04:00,427.62694290765825,428.21373780791174,403.5781556879892,403.8466796875,3201100,0.0,0.0
2025-05-15 00:00:00-04:00,401.2408664785765,404.83129337204616,388.38103563064664,402.73272705078125,4129600,0.0,0.0
2025-05-16 00:00:00-04:00,402.80234776352796,410.39094993697006,399.4904307034548,409.82403564453125,2498200,0.0,0.0
2025-05-19 00:00:00-04:00,406.01485363681184,411.8231607052689,405.0501158834562,411.6739807128906,1665000,0.0,0.0
2025-05-20 00:00:00-04:00,410.41084563372,413.1459234046792,407.66584276475936,411.5048828125,2142000,0.0,0.0
2025-05-21 00:00:00-04:00,407.098969608661,410.4208425768078,395.20384468331457,396.1188659667969,2965800,0.0,0.0
2025-05-22 00:00:00-04:00,392.5085331932084,399.56005759703396,391.6730948666602,398.3069152832031,2891400,0.0,0.0
2025-05-23 00:00:00-04:00,391.6432087271811,394.1893148303084,388.54014381099347,391.52386474609375,2318100,0.0,0.0
2025-05-27 00:00:00-04:00,399.7589499085808,405.5374205979555,398.32676137211814,401.3601989746094,2705700,0.0,0.0
2025-05-28 00:00:00-04:00,401.6486495834292,403.9560679106036,398.21738844232857,399.94793701171875,1931400,0.0,0.0
2025-05-29 00:00:00-04:00,400.8628988506763,405.15946431771704,399.2417692913429,401.5591125488281,2499300,0.0,0.0
2025-05-30 00:00:00-04:00,399.53019319913244,403.239964033073,395.16403043183294,400.6341857910156,2521300,0.0,0.0
2025-06-02 00:00:00-04:00,397.96873284837716,398.33672025917525,390.55914668054015,394.3186340332031,2584000,0.0,0.0
2025-06-03 00:00:00-04:00,392.92627365525345,400.2164861654118,389.1568305006998,397.7598876953125,3204100,0.0,0.0
2025-06-04 00:00:00-04:00,400.3357759585917,406.26345678507744,400.0075800079071,401.4696044921875,2280700,0.0,0.0
2025-06-05 00:00:00-04:00,402.5338552231686,403.04106720949954,394.59714556523716,396.1983947753906,2504000,0.0,0.0
2025-06-06 00:00:00-04:00,398.38645208603225,404.39368593226465,398.38645208603225,399.71917724609375,2630000,0.0,0.0
2025-06-09 00:00:00-04:00,402.98137386134886,410.37104933987615,399.34123039238295,406.3132019042969,2164000,0.0,0.0
2025-06-10 00:00:00-04:00,409.1775072802513,417.6910544282858,404.52291035718093,412.29052734375,2573800,0.0,0.0
2025-06-11 00:00:00-04:00,413.58353613371185,422.2065037254476,411.0374298137306,412.89727783203125,3062700,0.0,0.0
2025-06-12 00:00:00-04:00,411.7336132729503,414.5482433661683,407.68569120624136,413.0762634277344,2067600,0.0,0.0
2025-06-13 00:00:00-04:00,408.5661897560212,411.5131703952034,399.80488282507457,400.9896545410156,2385800,0.43,0.0
2025-06-16 00:00:00-04:00,405.09154472213135,405.09154472213135,395.45410090854176,403.2994384765625,1973200,0.0,0.0
2025-06-17 00:00:00-04:00,398.24179467690124,401.78614421885067,388.1463505977917,388.54461669921875,3040400,0.0,0.0
2025-06-18 00:00:00-04:00,388.54462495913145,394.0403509044665,383.76570509135286,390.8345031738281,2884300,0.0,0.0
2025-06-20 00:00:00-04:00,391.1630470317176,396.15100466659226,388.78353781163776,396.131103515625,3812600,0.0,0.0
2025-06-23 00:00:00-04:00,393.3932092299978,398.8391670365749,391.27256679289997,398.45086669921875,2486100,0.0,0.0
2025-06-24 00:00:00-04:00,400.0338794525812,404.3747309100129,397.42540050107016,402.59259033203125,2083000,0.0,0.0
2025-06-25 00:00:00-04:00,400.45203228894314,413.1758562367519,396.33021518725434,408.844970703125,3100800,0.0,0.0
2025-06-26 00:00:00-04:00,407.73988640446686,413.4845135859441,407.48101950480384,410.30853271484375,2927700,0.0,0.0
2025-06-27 00:00:00-04:00,410.5872983626153,412.57850740451295,405.16127195350737,406.48541259765625,3923100,0.0,0.0
2025-06-30 00:00:00-04:00,406.04733900115593,411.46342995674416,399.6854419927874,403.67779541015625,3919100,0.0,0.0
2025-07-01 00:00:00-04:00,404.50419197588263,427.2139299397948,403.0705189547556,419.6174621582031,2603000,0.0,0.0
2025-07-02 00:00:00-04:00,423.13191311308395,428.5679051835976,419.89619848339566,425.8797912597656,2669300,0.0,0.0
2025-07-03 00:00:00-04:00,426.7359699315976,430.9971557166657,424.20712614829387,427.4428405761719,1359300,0.0,0.0
2025-07-07 00:00:00-04:00,424.6850559798366,427.4329341412395,413.59403757373616,416.859619140625,2497200,0.0,0.0
2025-07-08 00:00:00-04:00,416.74008857519135,431.23611701603886,416.74008857519135,424.2967529296875,2620900,0.0,0.0
2025-07-09 00:00:00-04:00,420.34423356847566,427.5026323799527,410.0695877994163,418.034423828125,2735100,0.0,0.0
2025-07-10 00:00:00-04:00,418.9802222443005,436.5626011034057,416.4812756465521,428.83673095703125,2932800,0.0,0.0
2025-07-11 00:00:00-04:00,428.3588555121825,434.40218239272383,423.77906852821735,432.9485778808594,2511400,0.0,0.0
2025-07-14 00:00:00-04:00,427.11431392381195,428.6077206158532,420.18491538010267,423.47039794921875,2819300,0.0,0.0
2025-07-15 00:00:00-04:00,426.55678900752537,427.11432508978805,415.3662042919755,416.1527099609375,2090500,0.0,0.0
2025-07-16 00:00:00-04:00,416.47128085361504,418.701425022902,411.9611940641765,414.4800720214844,2762300,0.0,0.0
2025-07-17 00:00:00-04:00,413.17585594163904,425.1231096074213,411.47338080162746,423.11199951171875,2494600,0.0,0.0
2025-07-18 00:00:00-04:00,424.04788720554984,426.0291304621304,409.60165601080666,412.9269714355469,2652500,0.0,0.0
2025-07-21 00:00:00-04:00,413.11614037669904,413.1758742169951,401.587023064545,403.16009521484375,2733800,0.0,0.0
2025-07-22 00:00:00-04:00,404.5240577211121,427.1043602522333,403.3691528672138,425.7403869628906,3674200,0.0,0.0
2025-07-23 00:00:00-04:00,471.17979706413337,485.78529811621866,463.5036644658281,464.6585693359375,8928300,0.0,0.0
2025-07-24 00:00:00-04:00,464.6187473707216,482.4699280716169,462.99590723728807,472.9419860839844,6234000,0.0,0.0
2025-07-25 00:00:00-04:00,477.8702363350267,481.4743195938841,472.32471223925745,476.217529296875,4205500,0.0,0.0
2025-07-28 00:00:00-04:00,473.3501949407414,484.96888217175194,472.7826930968682,482.8283386230469,3412200,0.0,0.0
2025-07-29 00:00:00-04:00,480.12028440203983,486.37267918683375,478.29834161147807,480.0406494140625,3164200,0.0,0.0
2025-07-30 00:00:00-04:00,481.8526295192698,482.74866740457105,471.56801902972455,475.18206787109375,2583500,0.0,0.0
2025-07-31 00:00:00-04:00,468.7106473549863,481.7431055590644,464.68839699320375,465.624267578125,3413900,0.0,0.0
2025-08-01 00:00:00-04:00,459.0035857810793,462.060099183508,449.46570711798273,461.0047607421875,2756900,0.0,0.0
2025-08-04 00:00:00-04:00,458.0776031776841,465.7138721220225,454.53325384639516,464.5191650390625,2092800,0.0,0.0
2025-08-05 00:00:00-04:00,464.92740914675124,467.8046904068158,462.7968008923794,464.369873046875,1992300,0.0,0.0
2025-08-06 00:00:00-04:00,463.18508018684986,464.44948693027317,444.31836325892255,446.9666748046875,2539300,0.0,0.0
2025-08-07 00:00:00-04:00,452.86064809852235,455.0808570706412,449.1868954478059,452.7411804199219,1490100,0.0,0.0
2025-08-08 00:00:00-04:00,451.49668415224977,459.69052029170524,449.4557070391725,458.6949157714844,1689900,0.0,0.0
2025-08-11 00:00:00-04:00,459.76023617050834,465.64426273925477,457.3110270880146,460.35760498046875,1706700,0.0,0.0
2025-08-12 00:00:00-04:00,458.8840794989511,476.08812425948474,458.8840794989511,475.3115539550781,2104200,0.0,0.0
2025-08-13 00:00:00-04:00,478.32823295947037,484.8394949587537,476.6157919878479,482.65911865234375,2054800,0.0,0.0
2025-08-14 00:00:00-04:00,478.6269023966298,483.7642253140485,477.1334956316862,482.90802001953125,1955200,0.0,0.0
2025-08-15 00:00:00-04:00,484.5905881459299,489.3893787338506,483.8637859245077,486.8605651855469,2462500,0.0,0.0
2025-08-18 00:00:00-04:00,487.9756150592309,491.07193032178407,484.99876746960194,485.3970031738281,2211100,0.0,0.0
2025-08-19 00:00:00-04:00,488.7621618492918,498.72814197542516,487.73669045619005,496.0997619628906,2578500,0.0,0.0
2025-08-20 00:00:00-04:00,496.57759467451865,498.17056778807654,490.5940329030082,492.635009765625,2351500,0.0,0.0
2025-08-21 00:00:00-04:00,490.27550719705954,492.6052181988279,480.68783051599456,481.6336669921875,1360600,0.0,0.0
2025-08-22 00:00:00-04:00,485.38704371634816,500.1817418689954,484.7498726579907,497.7922668457031,1778400,0.0,0.0
2025-08-25 00:00:00-04:00,497.0555335349473,497.3840696425825,487.0297891919521,488.5928955078125,1044300,0.0,0.0
2025-08-26 00:00:00-04:00,487.93579436570934,489.3595014754407,484.5905779078703,486.3328857421875,1341600,0.0,0.0
2025-08-27 00:00:00-04:00,484.491046250269,488.8219321125061,480.85709572528924,485.9744873046875,1294800,0.0,0.0
2025-08-28 00:00:00-04:00,485.5065011486022,488.9811813196768,481.26524687694945,487.5873107910156,1407700,0.0,0.0
2025-08-29 00:00:00-04:00,487.78648090395876,492.1074008742544,483.7841616720522,490.55426025390625,1228200,0.0,0.0
2025-09-02 00:00:00-04:00,487.15922921528926,490.5343430110453,476.9244163019139,485.3870544433594,1303800,0.0,0.0
2025-09-03 00:00:00-04:00,484.8892762042237,487.3882533135803,479.41345125338376,482.420166015625,1219100,0.0,0.0
2025-09-04 00:00:00-04:00,479.96100690559814,488.10507485646167,469.5370265119665,487.33843994140625,1404200,0.0,0.0
2025-09-05 00:00:00-04:00,487.84623650924505,499.79349128090007,486.97009963130665,490.434814453125,1442600,0.0,0.0
2025-09-08 00:00:00-04:00,485.6259984409625,487.9159070324083,478.83599880862306,485.50653076171875,2223700,0.0,0.0
2025-09-09 00:00:00-04:00,484.3416682219874,487.8362192128427,479.4034482285629,480.28955078125,1505900,0.0,0.0
2025-09-10 00:00:00-04:00,479.00522874374514,483.68458201356515,473.54933556826927,474.44537353515625,1442700,0.0,0.0
2025-09-11 00:00:00-04:00,478.46761633751345,489.8374335500095,478.248582123434,489.2500305175781,1509800,0.0,0.0
2025-09-12 00:00:00-04:00,486.4623455279594,489.1007220057624,477.3525695800781,477.3525695800781,1543200,0.0,0.0
2025-09-15 00:00:00-04:00,477.10343322618957,481.2488696155255,469.09157874243874,472.7985534667969,1663500,0.43,0.0
2025-09-16 00:00:00-04:00,468.62321139397693,482.89307333761366,468.40398056707954,479.0565490722656,1799800,0.0,0.0
2025-09-17 00:00:00-04:00,481.26876263855536,484.8661369577249,467.49718061291645,470.98492431640625,1947500,0.0,0.0
2025-09-18 00:00:00-04:00,475.47913347250113,480.57125533893634,471.3735655519528,479.4153137207031,1576400,0.0,0.0
2025-09-19 00:00:00-04:00,481.59766530353227,486.28118900273904,476.34609987184575,477.900634765625,4244100,0.0,0.0
2025-09-22 00:00:00-04:00,473.81496494308306,480.05302286228977,469.0915428968916,473.32666015625,2352200,0.0,0.0
2025-09-23 00:00:00-04:00,469.4702392073468,473.90466847581996,465.64368967009693,468.10504150390625,3244900,0.0,0.0
2025-09-24 00:00:00-04:00,466.2614891200772,469.6794705553036,461.30889198324905,466.36114501953125,2409600,0.0,0.0
2025-09-25 00:00:00-04:00,465.3746375086174,467.11850937134005,455.8082486366825,457.6119079589844,3229300,0.0,0.0
2025-09-26 00:00:00-04:00,459.4454921499177,464.10909677744576,458.698118443812,462.6143493652344,1886400,0.0,0.0
2025-09-29 00:00:00-04:00,465.20523752207316,465.7134613589709,455.0708673900626,460.42205810546875,3018300,0.0,0.0
2025-09-30 00:00:00-04:00,462.4947274573931,484.5472369044874,458.3891598479469,483.321533203125,4363900,0.0,0.0
2025-10-01 00:00:00-04:00,485.29461398335684,533.0269011657302,485.2348265253739,528.8714599609375,6092700,0.0,0.0
2025-10-02 00:00:00-04:00,523.8690777331809,538.0093892762576,521.1685457818879,523.1217041015625,3262000,0.0,0.0
2025-10-03 00:00:00-04:00,523.5203485492248,543.5300520646433,523.5203485492248,541.41748046875,3048500,0.0,0.0
2025-10-06 00:00:00-04:00,538.1090468585494,543.9485119180574,534.5814650026342,542.0452270507812,2560100,0.0,0.0
2025-10-07 00:00:00-04:00,540.77970125818,547.5160396360371,536.4549326073087,537.281982421875,1870800,0.0,0.0
2025-10-08 00:00:00-04:00,536.2455868909465,547.3366168397088,533.7543413646553,534.3123779296875,2153200,0.0,0.0
2025-10-09 00:00:00-04:00,531.8709674326698,535.6875727688455,526.9881624894256,532.8076782226562,1830700,0.0,0.0
2025-10-10 00:00:00-04:00,532.9570627190213,536.0461823084037,521.8162219522183,522.962158203125,1415800,0.0,0.0
2025-10-13 00:00:00-04:00,525.6827238420082,528.9711557327298,522.0554558023747,522.7430419921875,1686600,0.0,0.0
2025-10-14 00:00:00-04:00,519.9130643229247,527.9946517317235,517.6311048877401,523.98876953125,1601000,0.0,0.0
2025-10-15 00:00:00-04:00,523.0718885876294,530.5456257332694,520.5906175867054,526.0215454101562,1430400,0.0,0.0
2025-10-16 00:00:00-04:00,542.4537421064008,542.6928919414528,532.289448366732,534.9003295898438,2115900,0.0,0.0
2025-10-17 00:00:00-04:00,532.2894953620043,538.9760207275557,530.1370858350798,537.0328369140625,2010200,0.0,0.0
2025-10-20 00:00:00-04:00,539.1055262604128,548.5324211291816,538.1090280603012,541.9356079101562,1665200,0.0,0.0
2025-10-21 00:00:00-04:00,557.1222205217969,566.399616161682,551.8008934694535,556.0360107421875,3932400,0.0,0.0
2025-10-22 00:00:00-04:00,553.5547647397156,569.2894498381341,548.9509477996735,565.2138061523438,3461200,0.0,0.0
2025-10-23 00:00:00-04:00,565.9113807037411,576.2151385523869,560.4106908989389,569.9072875976562,1979300,0.0,0.0
2025-10-24 00:00:00-04:00,572.1394244622586,573.803559305854,567.7946464003369,570.4951782226562,1655700,0.0,0.0
2025-10-27 00:00:00-04:00,570.08668376764,570.6646089340078,559.0753299663479,561.8057861328125,1563600,0.0,0.0
2025-10-28 00:00:00-04:00,562.1546073037057,563.6693042269111,553.6245840388174,555.6773681640625,992700,0.0,0.0
2025-10-29 00:00:00-04:00,556.35498046875,569.5685580626126,553.1163608946241,556.35498046875,1953600,0.0,0.0
2025-10-30 00:00:00-04:00,549.6683393076366,563.649237141903,549.6683393076366,554.2721557617188,1315100,0.0,0.0
2025-10-31 00:00:00-04:00,549.9872781829062,567.9242460656288,549.9374654364058,565.4031372070312,1872200,0.0,0.0
2025-11-03 00:00:00-05:00,561.6861570545758,563.7190523387031,552.2593228672415,562.9019165039062,1835000,0.0,0.0
2025-11-04 00:00:00-05:00,556.4545205348822,567.30640028497,555.0494848660367,563.2606201171875,1636000,0.0,0.0
2025-11-05 00:00:00-05:00,558.3877715275247,568.1634169528783,552.2593437667624,565.6522827148438,1682900,0.0,0.0
2025-11-06 00:00:00-05:00,560.8989519871589,568.8609630869254,557.3912587663799,563.998046875,1277800,0.0,0.0
2025-11-07 00:00:00-05:00,564.8849393521748,575.3282212025009,561.327433419247,570.405517578125,2264000,0.0,0.0
2025-11-10 00:00:00-05:00,570.3656826124575,581.6161256461235,566.3697150097444,574.3317260742188,1380300,0.0,0.0
2025-11-11 00:00:00-05:00,573.9330892149643,585.5323416224523,572.807041503401,584.4361572265625,1377700,0.0,0.0
2025-11-12 00:00:00-05:00,582.2438969126484,589.0998092239826,579.961937987071,585.9608764648438,1504200,0.0,0.0
2025-11-13 00:00:00-05:00,584.0475758544949,596.4241273993302,576.2250892439123,578.0985107421875,2745400,0.0,0.0
2025-11-14 00:00:00-05:00,576.165334154294,582.2838480972738,570.9935057271542,576.6835327148438,1318000,0.0,0.0
2025-11-17 00:00:00-05:00,573.6342099203932,577.7596662208232,564.6059387122149,565.1738891601562,1624400,0.0,0.0
2025-11-18 00:00:00-05:00,560.8789788232663,576.1951510534816,554.5114016485242,574.0128784179688,1916000,0.0,0.0
2025-11-19 00:00:00-05:00,572.607750125657,572.607750125657,565.2237257498324,571.7806396484375,1247900,0.0,0.0
2025-11-20 00:00:00-05:00,571.3421632107296,578.4173362371616,566.4693337097655,570.7343139648438,1167800,0.0,0.0
2025-11-21 00:00:00-05:00,570.9934553537811,587.7844253056857,567.5555244792515,585.4227294921875,1933500,0.0,0.0
2025-11-24 00:00:00-05:00,584.3964354471038,585.8612587419061,577.0721365088058,584.0177612304688,1803100,0.0,0.0
2025-11-25 00:00:00-05:00,580.1613074352405,600.2108478475262,579.7626837969675,595.686767578125,1803400,0.0,0.0
2025-11-26 00:00:00-05:00,591.3519087608823,594.4609782225627,585.1337698375216,591.1725463867188,2059900,0.0,0.0
2025-11-28 00:00:00-05:00,587.1267757213949,591.9199296209907,585.8911276872839,588.7610473632812,746000,0.0,0.0
2025-12-01 00:00:00-05:00,592.7669361322497,595.5870430977013,580.7093321148902,583.1009521484375,1754200,0.0,0.0
2025-12-02 00:00:00-05:00,579.9022171329102,582.4034375714515,575.9361734028159,578.3377075195312,1918100,0.0,0.0
2025-12-03 00:00:00-05:00,579.254443900783,586.0505692415226,577.9789577722097,578.4174194335938,1186600,0.0,0.0
2025-12-04 00:00:00-05:00,577.0024142880997,578.4174247814293,558.1984362442047,573.2256469726562,1961600,0.0,0.0
2025-12-05 00:00:00-05:00,575.9759482469802,577.0621580249963,567.6252886298656,570.7642822265625,1873700,0.0,0.0
2025-12-08 00:00:00-05:00,568.801172210518,572.5280658245031,564.0279676290842,566.2202758789062,1412100,0.0,0.0
2025-12-09 00:00:00-05:00,571.9899849750778,573.2356077646577,559.9422945928342,561.0982666015625,1416000,0.0,0.0
2025-12-10 00:00:00-05:00,561.0284556300335,572.4483462673435,561.0284556300335,571.8005981445312,1275600,0.0,0.0
2025-12-11 00:00:00-05:00,574.6008185553374,577.0522261567423,568.8410902723588,576.8728637695312,1226400,0.0,0.0
2025-12-12 00:00:00-05:00,575.8264422514109,577.0322269308239,568.1932930432895,570.2760009765625,1576500,0.0,0.0
2025-12-15 00:00:00-05:00,572.6493996080288,574.7536380448886,564.1129636341121,574.3247680664062,1702200,0.43,0.0
2025-12-16 00:00:00-05:00,569.268757997227,573.2776513344335,559.4558163618459,568.590576171875,2015300,0.0,0.0
2025-12-17 00:00:00-05:00,565.9778701551066,571.4128816444756,559.9445344640588,561.0115966796875,2301800,0.0,0.0
2025-12-18 00:00:00-05:00,560.9019344731273,567.842738933923,553.003750387631,560.8421020507812,2287300,0.0,0.0
2025-12-19 00:00:00-05:00,560.1339931024621,568.3014529209424,557.391562356988,566.26708984375,3862600,0.0,0.0
2025-12-22 00:00:00-05:00,567.2643317914615,574.5641910441874,564.1927923440267,574.1154174804688,1108400,0.0,0.0
2025-12-23 00:00:00-05:00,573.8062857941133,578.9620386152816,572.1209349899655,578.34375,732000,0.0,0.0
2025-12-24 00:00:00-05:00,577.0273162150536,578.2140431184592,574.7436414605336,577.5259399414062,401000,0.0,0.0
2025-12-26 00:00:00-05:00,577.2068778186685,579.5703496757665,575.2722151099935,579.1415405273438,466100,0.0,0.0
2025-12-29 00:00:00-05:00,578.5232680095257,583.6890032303106,578.5232680095257,583.4596557617188,1042800,0.0,0.0
2025-12-30 00:00:00-05:00,580.6473460247122,582.8413026571461,578.2440063761713,581.8440551757812,665000,0.0,0.0
2025-12-31 00:00:00-05:00,582.1033868225619,583.998120639128,577.406328970058,577.8551025390625,739300,0.0,0.0
2026-01-02 00:00:00-05:00,577.9049501405278,592.0758596135282,575.4118312874626,590.879150390625,2052300,0.0,0.0
2026-01-05 00:00:00-05:00,592.1356831174649,609.767012076866,590.8791414956901,609.5177001953125,2488100,0.0,0.0
2026-01-06 00:00:00-05:00,604.3918521995294,626.3512628908369,604.3918521995294,619.011474609375,2554800,0.0,0.0
2026-01-07 00:00:00-05:00,616.9970765224739,625.0448716223901,613.0279898505852,615.4513549804688,2404300,0.0,0.0
2026-01-08 00:00:00-05:00,611.1731071292936,621.6442062028876,602.3275264003065,604.8306274414062,3147700,0.0,0.0
2026-01-09 00:00:00-05:00,606.9347686000049,620.6868501774189,602.8859463032129,617.1565551757812,2286500,0.0,0.0
2026-01-12 00:00:00-05:00,619.2707284280308,623.0702389398484,604.9402868298804,613.7559814453125,3184800,0.0,0.0
2026-01-13 00:00:00-05:00,611.6318725690661,618.5128441201335,592.66420475573,605.4090576171875,2847700,0.0,0.0
2026-01-14 00:00:00-05:00,606.9547294917074,621.0059121879365,605.4289116540247,620.118408203125,2460400,0.0,0.0
2026-01-15 00:00:00-05:00,618.2634922830109,628.1362667030099,616.9072503154247,622.9306640625,2541500,0.0,0.0
2026-01-16 00:00:00-05:00,622.3722430526997,627.9966729105155,617.0070464264668,617.0169677734375,2881000,0.0,0.0
2026-01-20 00:00:00-05:00,607.8223794747709,619.1411147785036,604.3320130626927,617.3062133789062,3108800,0.0,0.0
2026-01-21 00:00:00-05:00,620.5771365084446,636.2239525117558,618.5627379103096,634.548583984375,3182400,0.0,0.0
2026-01-22 00:00:00-05:00,635.6356139414609,642.2174232531112,633.062698286692,637.68994140625,2621700,0.0,0.0
2026-01-23 00:00:00-05:00,635.9247656964008,637.4406013433811,620.9660534974814,624.2569580078125,2847400,0.0,0.0
2026-01-26 00:00:00-05:00,623.6187575304216,631.9058815429851,621.5145191169076,624.8952026367188,1758300,0.0,0.0
2026-01-27 00:00:00-05:00,619.9089522150584,627.5877697189967,616.2989213316466,622.192626953125,1638200,0.0,0.0
2026-01-28 00:00:00-05:00,616.937198972389,618.8917650887817,604.6511026482736,606.346435546875,2338100,0.0,0.0
2026-01-29 00:00:00-05:00,584.1875500576218,594.7084985901274,570.6349911580458,590.530029296875,3950400,0.0,0.0
2026-01-30 00:00:00-05:00,580.1288638958929,584.3372806874102,572.6495064185401,577.0174560546875,3760700,0.0,0.0
2026-02-02 00:00:00-05:00,574.3148631797284,582.4922440370174,571.7319653570659,580.168701171875,1778800,0.0,0.0
2026-02-03 00:00:00-05:00,578.4035082178355,587.2291236084362,564.8508888902876,568.5208129882812,2249800,0.0,0.0
2026-02-04 00:00:00-05:00,569.9369100981613,574.6937999973661,561.3705275676544,563.6641845703125,2740600,0.0,0.0
2026-02-05 00:00:00-05:00,562.1783635972369,565.2698676419371,539.850036349383,540.8671875,3224900,0.0,0.0
2026-02-06 00:00:00-05:00,541.7447822387903,544.756489500268,535.5718170945446,541.3359375,2959400,0.0,0.0
2026-02-09 00:00:00-05:00,539.7103117051622,547.2893676917109,535.531842612978,545.2550048828125,2107600,0.0,0.0
2026-02-10 00:00:00-05:00,547.8977432190254,549.4335433829423,536.0704020232689,538.314208984375,2022100,0.0,0.0
2026-02-11 00:00:00-05:00,536.279872883465,537.9053913219504,520.9122534604171,525.718994140625,3367600,0.0,0.0
2026-02-12 00:00:00-05:00,525.3599740093974,525.5494534766466,492.2812901569073,508.416748046875,4742000,0.0,0.0
2026-02-13 00:00:00-05:00,513.0340101737876,518.9177341515035,502.8620730715898,503.4305114746094,3188300,0.0,0.0
2026-02-17 00:00:00-05:00,501.2066286259055,505.7540748933171,496.78882940577734,500.2093811035156,3775400,0.0,0.0
2026-02-18 00:00:00-05:00,499.14230742670594,512.7447474926007,497.0481120248996,512.1464233398438,2662300,0.0,0.0
2026-02-19 00:00:00-05:00,508.59624589708244,514.0910895865984,502.61276065123445,513.7021484375,1776100,0.0,0.0
2026-02-20 00:00:00-05:00,509.2843214649616,513.4627908693102,505.1158342742259,509.5236511230469,1362500,0.0,0.0
2026-02-23 00:00:00-05:00,506.6117646956661,517.4917092662137,504.40782558017486,515.0185546875,1618300,0.0,0.0
2026-02-24 00:00:00-05:00,514.5896916930066,520.1942177679625,511.7974108692637,514.1807861328125,1314400,0.0,0.0
2026-02-25 00:00:00-05:00,517.5714775420017,517.5714775420017,509.85279125728863,512.26611328125,1480700,0.0,0.0
2026-02-26 00:00:00-05:00,514.6694787982129,519.2268462192778,508.6759812703511,518.6883544921875,1551100,0.0,0.0
2026-02-27 00:00:00-05:00,514.3104624602669,519.8452350885241,508.0776956702786,519.6756591796875,2031100,0.0,0.0
2026-03-02 00:00:00-05:00,510.6006967641055,512.286047455804,500.92738394391733,507.18011474609375,2050800,0.0,0.0
2026-03-03 00:00:00-05:00,500.1296194675162,509.3142607150158,492.01200994964114,506.70147705078125,2211500,0.0,0.0
2026-03-04 00:00:00-05:00,508.5962104607512,516.2251779645246,507.549112789116,511.27880859375,1679200,0.0,0.0
2026-03-05 00:00:00-05:00,501.7949961350797,519.1471272028797,500.6182513741556,517.4119262695312,3283700,0.0,0.0
2026-03-06 00:00:00-05:00,509.912618965401,512.9641940001735,498.6237695194222,500.5883483886719,1637000,0.0,0.0
2026-03-09 00:00:00-04:00,494.85416141305495,509.194585498933,490.77542274272645,508.5663146972656,2210500,0.0,0.0
2026-03-10 00:00:00-04:00,507.59898291417124,508.5363980088562,496.56942788121364,498.7035217285156,1864700,0.0,0.0
2026-03-11 00:00:00-04:00,498.02539326526903,499.9201574203811,489.7781674319281,494.35552978515625,1627400,0.0,0.0
2026-03-12 00:00:00-04:00,489.6485346509714,490.25684103294924,472.69532673026566,474.58013916015625,2516300,0.0,0.0
2026-03-13 00:00:00-04:00,478.0839283746173,480.7292408661607,462.9906438170065,463.5496520996094,3018600,0.47,0.0
2026-03-16 00:00:00-04:00,470.23782532457267,473.66175865011013,466.41457425937693,469.1697082519531,2995700,0.0,0.0
2026-03-17 00:00:00-04:00,474.67994190259185,480.1402798939266,470.5971708963115,471.8749084472656,2794900,0.0,0.0
2026-03-18 00:00:00-04:00,467.9518505270609,469.65882110573955,461.21377509875157,463.86907958984375,2419800,0.0,0.0
2026-03-19 00:00:00-04:00,460.4052246914525,470.1579543544494,457.53030753331893,469.37933349609375,1843800,0.0,0.0
2026-03-20 00:00:00-04:00,468.2413622771683,476.0874624136675,468.2313701944959,473.5519714355469,2285000,0.0,0.0
2026-03-23 00:00:00-04:00,483.44443536032315,487.06802756589786,474.7897686284794,477.2753601074219,1913200,0.0,0.0
2026-03-24 00:00:00-04:00,472.03461953752276,494.91414230249393,469.1696945746259,489.4238586425781,2241300,0.0,0.0
2026-03-25 00:00:00-04:00,494.5348329280156,499.0668212824252,482.1068143953998,489.90301513671875,1729500,0.0,0.0
2026-03-26 00:00:00-04:00,488.88482367444874,495.383333069827,484.9617735951405,487.9864196777344,1301900,0.0,0.0
2026-03-27 00:00:00-04:00,488.75505890482,489.8830675820995,470.9964772271876,472.5237731933594,1677800,0.0,0.0
2026-03-30 00:00:00-04:00,477.5848015694024,482.72569752239275,473.3223558887028,479.2019348144531,1819600,0.0,0.0
2026-03-31 00:00:00-04:00,486.8883609397599,493.4866693634566,478.8126560561838,490.66168212890625,2272000,0.0,0.0
2026-04-01 00:00:00-04:00,495.42325200311774,500.16486091888595,490.991093021601,493.6663818359375,1505100,0.0,0.0
2026-04-02 00:00:00-04:00,486.0797927024788,505.92467832270376,484.25300845141436,490.591796875,1696200,0.0,0.0
2026-04-06 00:00:00-04:00,491.1308425762065,492.46847170319273,479.1021420522354,487.32757568359375,1473700,0.0,0.0
2026-04-07 00:00:00-04:00,484.3827698337898,489.48375839698184,479.15203651685397,488.63525390625,1287600,0.0,0.0
2026-04-08 00:00:00-04:00,501.11317490047054,506.38384611912403,498.8471960127608,502.5705871582031,1507900,0.0,0.0
2026-04-09 00:00:00-04:00,497.7291592661103,504.45727334497377,489.38394235759546,499.5758972167969,1491000,0.0,0.0
2026-04-10 00:00:00-04:00,499.2264845735791,502.929952373363,494.9340931947426,495.2335510253906,1308700,0.0,0.0
2026-04-13 00:00:00-04:00,494.08558687364695,514.7390684751042,491.17076245403223,513.321533203125,1828900,0.0,0.0
2026-04-14 00:00:00-04:00,515.4279108553488,529.0637536217992,513.0920176634053,526.2886352539062,2572100,0.0,0.0
2026-04-15 00:00:00-04:00,527.9457244678766,531.9186741966299,523.8330074302386,530.7307739257812,2003600,0.0,0.0
2026-04-16 00:00:00-04:00,526.4483410298045,529.562824397124,513.3914309576833,515.0884399414062,1375100,0.0,0.0
2026-04-17 00:00:00-04:00,522.1858529587306,529.1435713550976,517.0848949687603,525.669677734375,1988100,0.0,0.0
2026-04-20 00:00:00-04:00,521.9063922535425,527.8858006476083,520.219375348883,525.0907592773438,1437500,0.0,0.0
2026-04-21 00:00:00-04:00,528.9339354682744,537.4588269104036,522.0261772865101,523.643310546875,2141400,0.0,0.0
2026-04-22 00:00:00-04:00,525.6897072186547,529.0537491519436,513.072021484375,513.072021484375,1801700,0.0,0.0
2026-04-23 00:00:00-04:00,471.8150198874224,475.5484335936513,454.7951522612701,465.87554931640625,5729400,0.0,0.0
2026-04-24 00:00:00-04:00,468.32121021901673,474.16088191001023,463.839151841546,468.8802185058594,2684400,0.0,0.0
2026-04-27 00:00:00-04:00,461.842694927283,474.3705126286857,461.18385718994296,467.21319580078125,2280000,0.0,0.0
2026-04-28 00:00:00-04:00,471.15617490341776,472.18435409164107,463.30008288315827,469.3893127441406,2243000,0.0,0.0
2026-04-29 00:00:00-04:00,466.4245817038006,474.1608909776464,461.43341443035166,465.43634033203125,1387200,0.0,0.0
2026-04-30 00:00:00-04:00,463.40990258797234,479.13207864947543,460.18559773669364,478.1138610839844,2161200,0.0,0.0
2026-05-01 00:00:00-04:00,479.1520508553033,480.9788046451756,467.27307902058226,468.381103515625,1425400,0.0,0.0
2026-05-04 00:00:00-04:00,466.15504303511494,469.55902257698665,461.09399239738485,461.78277587890625,1815700,0.0,0.0
2026-05-05 00:00:00-04:00,463.94895003954525,475.62829360133946,458.8280380255592,465.9354553222656,2045900,0.0,0.0
2026-05-06 00:00:00-04:00,470.32765562504477,476.5766065002718,465.7757137269218,472.114501953125,1861500,0.0,0.0
2026-05-07 00:00:00-04:00,472.52376330265497,479.45150576594614,467.45275086616624,473.621826171875,2533600,0.0,0.0
2026-05-08 00:00:00-04:00,472.6535195918173,472.6535195918173,455.5537766923347,464.17852783203125,3905600,0.0,0.0
2026-05-11 00:00:00-04:00,464.038766396424,465.9653800219991,447.08878266273024,451.8004455566406,3952900,0.0,0.0
2026-05-12 00:00:00-04:00,453.5373573133002,462.2818916073613,452.04999930218975,458.48858642578125,3055700,0.0,0.0
2026-05-13 00:00:00-04:00,454.3758954238346,462.58137561879204,443.73472316861563,445.2420654296875,2801200,0.0,0.0
2026-05-14 00:00:00-04:00,447.4181823730469,458.3688039575035,445.2619945797255,447.4181823730469,2100300,0.0,0.0
2026-05-15 00:00:00-04:00,443.2356019498256,444.1639822032724,436.5474561666272,437.5656433105469,2037800,0.0,0.0
2026-05-18 00:00:00-04:00,437.6654686628339,443.65486925893475,434.50105527721394,441.21917724609375,1908500,0.0,0.0
2026-05-19 00:00:00-04:00,441.2191568422658,454.19619086703835,439.23268215146203,447.0188903808594,3418500,0.0,0.0
2026-05-20 00:00:00-04:00,448.29663992284475,451.4410690820036,437.8850727334152,450.99188232421875,2851600,0.0,0.0
2026-05-21 00:00:00-04:00,450.10343725202114,450.9120038748286,440.3407157473216,448.5761413574219,2012700,0.0,0.0
2026-05-22 00:00:00-04:00,446.01067122706445,453.65714273171955,443.62490924060586,447.4880676269531,1686100,0.0,0.0
2026-05-26 00:00:00-04:00,446.5696859173163,449.4545951092615,442.8263106110204,447.38824462890625,1942600,0.0,0.0
2026-05-27 00:00:00-04:00,449.1351782729383,456.59198351947623,446.64958667864823,455.4040832519531,2958600,0.0,0.0
2026-05-28 00:00:00-04:00,460.43516055990443,490.14259660261416,460.41520685861565,486.3592834472656,4372700,0.0,0.0
2026-05-29 00:00:00-04:00,481.31825353721547,498.1185097091638,480.1802527401688,491.6399841308594,4184100,0.0,0.0
2026-06-01 00:00:00-04:00,488.96465178998073,495.4032693905936,482.6458477865707,493.167236328125,3194400,0.0,0.0
2026-06-02 00:00:00-04:00,488.55542328995426,491.0909142920592,475.66822593232513,481.2283630371094,1774500,0.0,0.0
2026-06-03 00:00:00-04:00,468.48094455562295,474.9395162862893,468.2812856773546,473.1127624511719,1938900,0.0,0.0
2026-06-04 00:00:00-04:00,481.27826571030715,487.7867363990646,475.23893546633417,481.1784362792969,2241900,0.0,0.0
2026-06-05 00:00:00-04:00,483.36459133996505,485.93005855916306,468.7903772100323,471.9647521972656,1728100,0.0,0.0
2026-06-08 00:00:00-04:00,471.9647368052956,475.5783672834096,468.0816247412112,468.80035400390625,1939500,0.0,0.0
2026-06-09 00:00:00-04:00,472.6435524043507,493.48663981904014,472.5537150556622,493.1971740722656,2791000,0.0,0.0
2026-06-10 00:00:00-04:00,490.96112928756696,493.01751815822166,481.0586708262058,481.1884460449219,2051000,0.0,0.0
2026-06-11 00:00:00-04:00,483.125011338076,483.38453130648196,465.97533839359846,474.8197021484375,1776600,0.0,0.0
2026-06-12 00:00:00-04:00,477.3951355001237,481.06865759553943,466.80389365922036,468.5108642578125,2389700,0.0,0.0
2026-06-15 00:00:00-04:00,469.91981000055034,475.9751661899055,468.14117452734376,473.357177734375,1873600,0.47,0.0
2026-06-16 00:00:00-04:00,473.6369511736834,477.0743188284887,470.22955932133624,472.26800537109375,1517100,0.0,0.0
2026-06-17 00:00:00-04:00,467.5316588974032,471.7883754383714,457.28950934586993,461.3363952636719,2042500,0.0,0.0
2026-06-18 00:00:00-04:00,461.276421904047,467.581586354504,458.6484314590977,464.2541198730469,3358500,0.0,0.0
2026-06-22 00:00:00-04:00,461.2764201288509,467.99127417551176,458.55850228867376,463.65460205078125,1524600,0.0,0.0
2026-06-23 00:00:00-04:00,469.53010396038275,470.7591423296988,459.77756984165524,468.9905090332031,1824600,0.0,0.0
2026-06-24 00:00:00-04:00,477.753795578629,492.6224036343322,473.13733898753816,491.8230285644531,2125200,0.0,0.0
2026-06-25 00:00:00-04:00,492.4025730301179,515.5648423827341,492.1127866060057,505.3626403808594,2975400,0.0,0.0
2026-06-26 00:00:00-04:00,509.3395942285626,514.405687795323,499.1773703042581,512.6370849609375,4570100,0.0,0.0
2026-06-29 00:00:00-04:00,511.27811391731206,511.27811391731206,501.0559383252653,506.0321350097656,2076300,0.0,0.0
2026-06-30 00:00:00-04:00,507.9306738041277,507.9906254092663,494.72079807432937,500.9759826660156,2423600,0.0,0.0
2026-07-01 00:00:00-04:00,504.39335924505644,520.7707893606104,502.48481856271667,512.9368286132812,2220000,0.0,0.0
2026-07-02 00:00:00-04:00,518.2927008629696,528.7447107605508,511.58784906777277,523.0390625,2321800,0.0,0.0
2026-07-06 00:00:00-04:00,519.6017385115109,519.6017385115109,506.4418118321442,517.2035522460938,1857600,0.0,0.0
2026-07-07 00:00:00-04:00,524.5978906470965,526.9660705315165,513.0267429537835,516.2243041992188,1366600,0.0,0.0
2026-07-08 00:00:00-04:00,510.4587380905805,512.5671378655516,506.6116807669805,509.7392883300781,2021600,0.0,0.0
2026-07-09 00:00:00-04:00,509.5994082786255,524.4480129320328,506.5917342593164,524.3081665039062,1383900,0.0,0.0
2026-07-10 00:00:00-04:00,525.0975006679068,532.6717119502988,522.1996974867458,526.6463012695312,1233000,0.0,0.0
2026-07-13 00:00:00-04:00,523.7985280725272,534.3204314447087,521.3703965251007,528.105224609375,1168700,0.0,0.0
2026-07-14 00:00:00-04:00,524.607891427862,537.4080774879525,522.9491287099991,533.6609497070312,2122400,0.0,0.0
2026-07-15 00:00:00-04:00,536.828523595347,539.9561312392855,533.4211621145311,534.8800048828125,2108100,0.0,0.0
2026-07-16 00:00:00-04:00,535.8392995491383,544.033031572094,531.6025566171427,542.7739868164062,1895600,0.0,0.0
2026-07-17 00:00:00-04:00,538.6870682871117,541.6048757132024,531.2128168828591,532.0721435546875,1476000,0.0,0.0
2026-07-20 00:00:00-04:00,530.1636068236744,532.1420706875609,522.1597324820899,525.826904296875,1590900,0.0,0.0
2026-07-21 00:00:00-04:00,506.7115969830482,525.976828404273,494.6608366813825,523.05908203125,3525000,0.0,0.0
2026-07-22 00:00:00-04:00,524.3181051084015,528.4049995481696,517.203562958953,526.0568237304688,2334500,0.0,0.0
2026-07-23 00:00:00-04:00,573.2405965361229,587.040016665325,568.4043377690887,571.8816528320312,5806200,0.0,0.0
2026-07-24 00:00:00-04:00,569.5634256074837,573.5603619275363,555.4841905851991,567.8247680664062,2939400,0.0,0.0
2026-07-27 00:00:00-04:00,564.5672828759488,567.9146928126806,555.5841778145286,559.1015014648438,1962000,0.0,0.0
2026-07-28 00:00:00-04:00,571.5619102741547,588.1092246775204,568.5442037490734,575.968505859375,3034300,0.0,0.0
2026-07-29 00:00:00-04:00,578.2667703086897,584.0922610221459,570.7625126886966,576.0184936523438,2546800,0.0,0.0
2026-07-30 00:00:00-04:00,566.9354225310313,576.6080008925428,559.9907336311976,576.3282470703125,2264700,0.0,0.0
2026-07-31 00:00:00-04:00,572.9608333625465,577.1476265059064,562.4388694553514,573.860107421875,2112900,0.0,0.0
2026-08-03 00:00:00-04:00,575.5588550148498,583.1930183540014,572.3113441141583,573.5903930664062,1588900,0.0,0.0
2026-08-04 00:00:00-04:00,578.3167229963383,581.8639917648527,562.0691671789405,564.3174438476562,1941800,0.0,0.0
2026-08-05 00:00:00-04:00,567.4950092877316,577.5573038903824,563.9677446647958,577.387451171875,1552800,0.0,0.0
2026-08-06 00:00:00-04:00,576.358179321503,579.8655005432962,569.1936883656758,579.5757446289062,1719400,0.0,0.0
2026-08-07 00:00:00-04:00,577.5572986538563,593.804854564444,574.3297920894341,593.5450439453125,2206600,0.0,0.0
2026-08-10 00:00:00-04:00,588.0792869271896,599.230712890625,588.0792869271896,599.230712890625,1862600,0.0,0.0
2026-08-11 00:00:00-04:00,599.5304485724977,605.7457162917646,594.3544233336429,604.53662109375,1656100,0.0,0.0
2026-08-12 00:00:00-04:00,598.7510794042396,603.727245642681,594.5442819408979,602.5481567382812,1531600,0.0,0.0
2026-08-13 00:00:00-04:00,605.8255912954262,606.2852609150694,592.9355086205601,595.43359375,1448300,0.0,0.0
2026-08-14 00:00:00-04:00,591.6564981479607,594.2844887537145,587.0600456069249,587.8394165039062,1057600,0.0,0.0
2026-08-17 00:00:00-04:00,582.1038294957783,591.8663664497922,579.5557946651911,585.0615844726562,887300,0.0,0.0
2026-08-18 00:00:00-04:00,588.4189534396463,591.7663631305297,584.412015118562,588.5888061523438,1721600,0.0,0.0
2026-08-19 00:00:00-04:00,594.6541911969248,620.0047554597119,594.5442900830352,613.070068359375,2507200,0.0,0.0
2026-08-20 00:00:00-04:00,609.3828804890929,634.2138840188908,606.9047994821182,627.0693359375,2750100,0.0,0.0
2026-08-21 00:00:00-04:00,626.0001228935739,629.0278313141936,615.7979823609566,628.7880249023438,1556000,0.0,0.0
2026-08-24 00:00:00-04:00,629.5174675447973,629.5174675447973,615.4981841915464,628.2584228515625,1727100,0.0,0.0
2026-08-25 00:00:00-04:00,630.5266789838539,646.5044214656405,617.5566407093802,627.6688842773438,1535300,0.0,0.0
2026-08-26 00:00:00-04:00,621.7534213442552,635.5728461755403,621.7534213442552,633.2246704101562,1843000,0.0,0.0
2026-08-27 00:00:00-04:00,628.9878196084439,636.6419864806554,625.8502710853852,630.2169189453125,1466900,0.0,0.0
2026-08-28 00:00:00-04:00,626.1000843647329,629.5174477184507,616.9770726639629,621.7034301757812,1016600,0.0,0.0
2026-08-31 00:00:00-04:00,613.9094319437888,620.2445417851866,609.8824893729068,616.6273193359375,1429100,0.0,0.0
2026-09-01 00:00:00-04:00,618.525868742194,620.5243368156745,599.0608092227843,600.0400390625,1385000,0.0,0.0
2026-09-02 00:00:00-04:00,601.1692325928501,614.1292699431617,600.2399521735244,608.0739135742188,1617000,0.0,0.0
2026-09-03 00:00:00-04:00,613.5597056537806,622.4328478022663,603.0577461558072,617.956298828125,1804900,0.0,0.0
2026-09-04 00:00:00-04:00,608.1139069943098,615.2683963311696,605.0662551802783,613.3099365234375,1228900,0.0,0.0
2026-09-08 00:00:00-04:00,601.7387872232895,607.6342318202989,595.3636687861573,602.5581665039062,2695300,0.0,0.0
2026-09-09 00:00:00-04:00,601.4689444323894,609.0431556085776,596.8524880001972,605.22607421875,1962400,0.0,0.0
2026-09-10 00:00:00-04:00,596.0131348061944,606.1653874234307,594.3644351329852,602.718017578125,1545800,0.0,0.0
2026-09-11 00:00:00-04:00,609.4928126752635,614.7687366551064,605.6857334493773,609.3529052734375,1787000,0.0,0.0
2026-09-14 00:00:00-04:00,614.4690207465026,615.5282064544365,605.1861579004441,613.1500244140625,1271100,0.0,0.0
2026-09-15 00:00:00-04:00,615.469970703125,641.969970703125,613.9500122070312,641.3900146484375,3022500,0.47,0.0
2026-09-16 00:00:00-04:00,642.0,653.4000244140625,638.0,648.4299926757812,2880000,0.0,0.0
2026-09-17 00:00:00-04:00,656.75,663.5700073242188,649.0,658.3200073242188,4199600,0.0,0.0
2026-09-18 00:00:00-04:00,656.6099853515625,660.0999755859375,646.8099975585938,651.4500122070312,4579500,0.0,0.0
