Date,open,high,low,close,volume,dividends,stock splits
2016-09-19 00:00:00-04:00,20.488911180531055,20.55378615838118,20.333778381347656,20.333778381347656,20762100,0.0,0.0
2016-09-20 00:00:00-04:00,20.350701102090362,20.463525397806148,20.280186925996766,20.299930572509766,17731800,0.0,0.0
2016-09-21 00:00:00-04:00,20.3591687615645,20.460711462799402,20.17018781218365,20.361989974975586,20027700,0.0,0.0
2016-09-22 00:00:00-04:00,20.429685549590324,20.460712442732348,20.30557959098879,20.38455581665039,17615700,0.0,0.0
2016-09-23 00:00:00-04:00,20.477639388590458,20.52558872788299,20.40430235172912,20.407123565673828,23089200,0.0,0.0
2016-09-26 00:00:00-04:00,20.395837516276348,20.40147994338906,20.173010064321268,20.201215744018555,17846100,0.0,0.0
2016-09-27 00:00:00-04:00,20.28865538954309,20.446609453679834,20.189933897711807,20.401479721069336,19033200,0.0,0.0
2016-09-28 00:00:00-04:00,20.37044900934944,20.398654683451706,20.133517150578157,20.249162673950195,18554700,0.0,0.0
2016-09-29 00:00:00-04:00,20.187114175128805,20.22660309757113,19.91915697320114,19.950183868408203,23990400,0.0,0.0
2016-09-30 00:00:00-04:00,20.167369170104024,20.438149203265954,20.13916348826286,20.342248916625977,29947800,0.0,0.0
2016-10-03 00:00:00-04:00,20.26045722987867,20.35071673578989,20.19558381524271,20.311227798461914,17573100,0.0,0.0
2016-10-04 00:00:00-04:00,20.308402546824674,20.46917785223108,20.181475353700385,20.23788833618164,19707900,0.0,0.0
2016-10-05 00:00:00-04:00,20.271735478781032,20.38455983336254,20.19557883769265,20.215322494506836,19393200,0.0,0.0
2016-10-06 00:00:00-04:00,20.215308918248766,20.215308918248766,19.43117977702337,19.563749313354492,60330900,0.0,0.0
2016-10-07 00:00:00-04:00,19.53554995588293,19.5947841385012,19.22810387318391,19.377595901489258,37961400,0.0,0.0
2016-10-10 00:00:00-04:00,19.391701108619767,19.45093367957574,19.109637865280533,19.17451286315918,26965200,0.0,0.0
2016-10-11 00:00:00-04:00,19.166050754809156,19.168871968258433,18.98271061580232,19.00809669494629,25774500,0.0,0.0
2016-10-12 00:00:00-04:00,19.10681970457469,19.154770653229164,19.00245739417767,19.027843475341797,26822100,0.0,0.0
2016-10-13 00:00:00-04:00,18.951686182357722,19.332467702689463,18.91783807532384,19.24502944946289,27581400,0.0,0.0
2016-10-14 00:00:00-04:00,19.298619196658347,19.408622305111322,19.239386629493946,19.30708122253418,19248000,0.0,0.0
2016-10-17 00:00:00-04:00,19.363494842639355,19.363494842639355,19.123743332641496,19.24220848083496,22480200,0.0,0.0
2016-10-18 00:00:00-04:00,19.34092800006626,19.456573536802743,19.2450277286562,19.425546646118164,23573100,0.0,0.0
2016-10-19 00:00:00-04:00,19.52427117730014,19.558117672622245,19.37477912719692,19.431190490722656,21369900,0.0,0.0
2016-10-20 00:00:00-04:00,19.45656504723241,19.48477071228713,19.340919560956042,19.386049270629883,18882000,0.0,0.0
2016-10-21 00:00:00-04:00,19.27606201171875,19.35785947581726,19.177340489126188,19.27606201171875,23533800,0.0,0.0
2016-10-24 00:00:00-04:00,19.355030931249757,19.56657674040733,19.290157550214232,19.515806198120117,21490800,0.0,0.0
2016-10-25 00:00:00-04:00,19.465026253683664,19.707600470583785,19.46220665544202,19.563749313354492,22889100,0.0,0.0
2016-10-26 00:00:00-04:00,19.54683605361922,19.690687290222925,19.50170631719322,19.628633499145508,15151500,0.0,0.0
2016-10-27 00:00:00-04:00,19.631451920476927,19.744274631527023,19.57221773762259,19.696325302124023,21394800,0.0,0.0
2016-10-28 00:00:00-04:00,19.687865224042262,19.80351077386434,19.668121570448225,19.741456985473633,20858700,0.0,0.0
2016-10-31 00:00:00-04:00,19.761201518494186,19.79222841407032,19.701968941109456,19.749919891357422,19167000,0.0,0.0
2016-11-01 00:00:00-04:00,19.738633269472185,19.761196518036215,19.501701405920834,19.546831130981445,26515800,0.0,0.0
2016-11-02 00:00:00-04:00,19.51862575061299,19.735812353996153,19.51862575061299,19.589139938354492,22935900,0.0,0.0
2016-11-03 00:00:00-04:00,19.639915466308594,19.766844264425174,19.560939233179067,19.639915466308594,20411700,0.0,0.0
2016-11-04 00:00:00-04:00,19.662479661920653,19.727353046373246,19.498883173096967,19.50734519958496,21786300,0.0,0.0
2016-11-07 00:00:00-05:00,19.637092636548594,19.699146418493775,19.507344259926796,19.682222366333008,29266200,0.0,0.0
2016-11-08 00:00:00-05:00,19.662481987628137,19.75556106207256,19.594787381683687,19.68504524230957,22863900,0.0,0.0
2016-11-09 00:00:00-05:00,19.54683973354019,20.16737291923695,19.54401851924493,20.054550170898438,50338500,0.0,0.0
2016-11-10 00:00:00-05:00,20.096850273883128,20.333782142350465,20.026336085741782,20.13633918762207,42963900,0.0,0.0
2016-11-11 00:00:00-05:00,20.05735940608916,20.105310340526785,19.91350821674244,20.09120750427246,24671700,0.0,0.0
2016-11-14 00:00:00-05:00,20.07146759813984,20.113777732158844,19.797869596660995,19.882488250732422,38752500,0.0,0.0
2016-11-15 00:00:00-05:00,19.9671046714204,20.144804000854492,19.84299871473668,20.144804000854492,29175300,0.0,0.0
2016-11-16 00:00:00-05:00,20.237881878098445,20.32532011698024,20.11941513688162,20.13633918762207,33577200,0.0,0.0
2016-11-17 00:00:00-05:00,19.48477930728725,19.60888525665227,19.21400092980019,19.515806198120117,70320900,0.0,0.0
2016-11-18 00:00:00-05:00,19.442474686810794,19.57504268878128,19.304264257037232,19.332469940185547,33405900,0.0,0.0
2016-11-21 00:00:00-05:00,19.33247099247342,19.575043754272663,19.298624493646496,19.56658172607422,25068000,0.0,0.0
2016-11-22 00:00:00-05:00,19.668116944229727,19.862738676616782,19.668116944229727,19.778120040893555,32952000,0.0,0.0
2016-11-23 00:00:00-05:00,19.806329039969306,19.99530836272666,19.795045801047138,19.97838592529297,22196700,0.0,0.0
2016-11-25 00:00:00-05:00,20.05735940608916,20.209672619981706,20.020691709034686,20.09120750427246,12703200,0.0,0.0
2016-11-28 00:00:00-05:00,20.006592038744024,20.173008115225578,19.969924335887033,20.079927444458008,21297600,0.0,0.0
2016-11-29 00:00:00-05:00,20.133520664586076,20.24916620814233,20.082750119547498,20.130701065063477,21930300,0.0,0.0
2016-11-30 00:00:00-05:00,20.00376930666571,20.071463894638818,19.79222351750396,19.86556053161621,27978300,0.0,0.0
2016-12-01 00:00:00-05:00,19.814794809737187,19.950184018587176,19.758381832399685,19.933259963989258,20549400,0.0,0.0
2016-12-02 00:00:00-05:00,19.90787211691262,20.012234421068452,19.871204411179484,19.992490768432617,20022600,0.0,0.0
2016-12-05 00:00:00-05:00,19.99813632226175,20.023522407925768,19.690690149954243,19.727357864379883,31583700,0.0,0.0
2016-12-06 00:00:00-05:00,19.747092282892876,19.854275775816365,19.60324270666513,19.845813751220703,23334000,0.0,0.0
2016-12-07 00:00:00-05:00,19.86570248362003,20.070239770552895,19.85717989347476,20.0560359954834,20898600,0.166667,0.0
2016-12-08 00:00:00-05:00,20.021943550464954,20.141256539354956,19.976490828457568,19.9821720123291,20532600,0.0,0.0
2016-12-09 00:00:00-05:00,19.962289354234162,20.00774371069349,19.811729011698226,19.908315658569336,32270100,0.0,0.0
2016-12-12 00:00:00-05:00,19.905475186966466,20.391251474877883,19.891271411070782,20.360002517700195,27252300,0.0,0.0
2016-12-13 00:00:00-05:00,20.360000555706485,20.519086731650887,20.34295700158484,20.396930694580078,26662500,0.0,0.0
2016-12-14 00:00:00-05:00,20.425346657743507,20.590112447639076,20.220809310643318,20.26626205444336,26008200,0.0,0.0
2016-12-15 00:00:00-05:00,20.232161980023808,20.39692769089395,20.178186669459265,20.19239044189453,21408900,0.0,0.0
2016-12-16 00:00:00-05:00,20.189557795478795,20.351482158861053,20.056039361485023,20.163990020751953,53534400,0.0,0.0
2016-12-19 00:00:00-05:00,20.124218194184735,20.3827324670719,20.124218194184735,20.33443832397461,17667900,0.0,0.0
2016-12-20 00:00:00-05:00,20.377048727640794,20.433865459609667,20.314550810130445,20.402616500854492,18324300,0.0,0.0
2016-12-21 00:00:00-05:00,20.357167047100926,20.453753718948125,20.23785400390625,20.23785400390625,15303000,0.0,0.0
2016-12-22 00:00:00-05:00,20.237850096209982,20.237850096209982,19.661166705910624,19.76911735534668,36320400,0.0,0.0
2016-12-23 00:00:00-05:00,19.72366437271342,19.814569839404207,19.703779411444046,19.754913330078125,14411700,0.0,0.0
2016-12-27 00:00:00-05:00,19.68673361816641,19.83445418418858,19.67252821710928,19.800365447998047,13307100,0.0,0.0
2016-12-28 00:00:00-05:00,19.868542510211785,19.885586063801853,19.675367606531303,19.689571380615234,14627100,0.0,0.0
2016-12-29 00:00:00-05:00,19.661163581444082,19.749227629847276,19.635597438626498,19.67536735534668,12895200,0.0,0.0
2016-12-30 00:00:00-05:00,19.635601043701172,19.72366510827283,19.55321653911204,19.635601043701172,20668500,0.0,0.0
2017-01-03 00:00:00-05:00,19.669688615187678,19.669688615187678,19.331632902432784,19.50492286682129,31419600,0.0,0.0
2017-01-04 00:00:00-05:00,19.504921339658818,19.78047749196871,19.487876159985024,19.618553161621094,23754000,0.0,0.0
2017-01-05 00:00:00-05:00,19.43958276974422,19.69525559807847,19.351518713923735,19.661165237426758,21297600,0.0,0.0
2017-01-06 00:00:00-05:00,19.43390744303015,19.45947359570782,19.320275582467318,19.391294479370117,28473300,0.0,0.0
2017-01-09 00:00:00-05:00,19.41118003861374,19.544696858105144,19.408338632681392,19.51913070678711,26055600,0.0,0.0
2017-01-10 00:00:00-05:00,19.499242161588203,19.67821333046476,19.37992913268257,19.382770538330078,30769500,0.0,0.0
2017-01-11 00:00:00-05:00,19.374245631813686,19.493558646462215,19.371404226505707,19.46799087524414,20092800,0.0,0.0
2017-01-12 00:00:00-05:00,19.41969313489076,19.476508221609613,19.294697343281328,19.308902740478516,19634700,0.0,0.0
2017-01-13 00:00:00-05:00,19.311749438524995,19.32311180973269,19.05607820565323,19.070281982421875,30037500,0.0,0.0
2017-01-17 00:00:00-05:00,19.345839220943546,19.683893324210086,19.33447522455981,19.436744689941406,39502500,0.0,0.0
2017-01-18 00:00:00-05:00,19.2833427948934,19.34868049621582,19.18675450748008,19.34868049621582,21964500,0.0,0.0
2017-01-19 00:00:00-05:00,19.35435368381037,19.371398859900264,19.169703027894695,19.209474563598633,20463300,0.0,0.0
2017-01-20 00:00:00-05:00,19.24357058529601,19.269138359123325,19.039033271231695,19.08448600769043,36164100,0.0,0.0
2017-01-23 00:00:00-05:00,19.03619156396595,19.084485705257315,18.908355947891334,18.933923721313477,23854200,0.0,0.0
2017-01-24 00:00:00-05:00,19.00210329837591,19.14982388044742,18.936763973175125,19.146984100341797,32131800,0.0,0.0
2017-01-25 00:00:00-05:00,19.181067576240277,19.24072569933932,18.973688911609717,19.002098083496094,26168700,0.0,0.0
2017-01-26 00:00:00-05:00,19.070283536549706,19.095851312127742,18.925402725977197,18.95665168762207,19512300,0.0,0.0
2017-01-27 00:00:00-05:00,18.99357680724715,19.02482576061962,18.544730716424507,18.652681350708008,40300800,0.0,0.0
2017-01-30 00:00:00-05:00,18.64416329926892,18.885630769903205,18.64416329926892,18.86858558654785,25924500,0.0,0.0
2017-01-31 00:00:00-05:00,18.808931902811707,19.002106883720785,18.71518500575781,18.959495544433594,27962700,0.0,0.0
2017-02-01 00:00:00-05:00,18.879943393639152,18.9509638839883,18.760628774790472,18.814605712890625,27150000,0.0,0.0
2017-02-02 00:00:00-05:00,18.84585068885395,19.073114279020263,18.84585068885395,18.9481201171875,26996100,0.0,0.0
2017-02-03 00:00:00-05:00,18.982209738298735,19.013458686610218,18.874260747016105,18.891305923461914,22875900,0.0,0.0
2017-02-06 00:00:00-05:00,18.854379097170163,18.99357869868808,18.854379097170163,18.86290168762207,27291600,0.0,0.0
2017-02-07 00:00:00-05:00,18.908351229858102,19.03334540919111,18.89414745667374,19.002098083496094,17417100,0.0,0.0
2017-02-08 00:00:00-05:00,19.00209638603256,19.26629011980007,19.00209638603256,19.26344871520996,22982400,0.0,0.0
2017-02-09 00:00:00-05:00,19.263460576817494,19.64128796959411,19.246415389816157,19.624242782592773,33241500,0.0,0.0
2017-02-10 00:00:00-05:00,19.38845181384321,19.487879880230796,19.249252195796974,19.32311248779297,37336800,0.0,0.0
2017-02-13 00:00:00-05:00,19.408333604014587,19.50208046927311,19.192433949125355,19.252090454101562,25122900,0.0,0.0
2017-02-14 00:00:00-05:00,19.28334039026632,19.510604051984767,19.235046252581927,19.50492286682129,25386900,0.0,0.0
2017-02-15 00:00:00-05:00,19.26061723976727,19.519129901321946,19.249253242025098,19.51344871520996,25689900,0.0,0.0
2017-02-16 00:00:00-05:00,19.50776418469023,19.669690166000542,19.490720627856035,19.5645809173584,25241400,0.0,0.0
2017-02-17 00:00:00-05:00,19.553219665721873,19.825936119572777,19.513449735340664,19.706623077392578,38512200,0.0,0.0
2017-02-21 00:00:00-05:00,20.229329133381498,20.533292893595295,20.08444832916697,20.297508239746094,67238700,0.0,0.0
2017-02-22 00:00:00-05:00,20.524766334030254,20.558856693380875,20.306026905440905,20.37136459350586,45728100,0.0,0.0
2017-02-23 00:00:00-05:00,20.45374322578305,20.595784192973746,20.215115636295963,20.257728576660156,38399100,0.0,0.0
2017-02-24 00:00:00-05:00,20.26626018269566,20.68101602518551,20.25489618503603,20.564542770385742,41669700,0.0,0.0
2017-02-27 00:00:00-05:00,20.53329220694641,20.573063757375294,20.320232303492173,20.37989044189453,27764100,0.0,0.0
2017-02-28 00:00:00-05:00,20.132738906806644,20.169670674856896,19.88558865410274,20.149784088134766,47857800,0.0,0.0
2017-03-01 00:00:00-05:00,20.161146100792347,20.192393429462598,19.92819964693922,20.013423919677734,40568100,0.0,0.0
2017-03-02 00:00:00-05:00,20.004907165114876,20.141265391063925,19.93388664619706,20.10149383544922,26748900,0.0,0.0
2017-03-03 00:00:00-05:00,20.10148841489744,20.175348694323166,19.85149840140296,19.89410972595215,27893700,0.0,0.0
2017-03-06 00:00:00-05:00,19.885588294016127,20.010584120801667,19.823092006141287,19.851499557495117,27547800,0.0,0.0
2017-03-07 00:00:00-05:00,19.857180480260062,19.945246164018297,19.845818110075854,19.84865951538086,21848700,0.0,0.0
2017-03-08 00:00:00-05:00,19.94309440671667,20.04039125327344,19.900169760801404,19.974573135375977,23939400,0.17,0.0
2017-03-09 00:00:00-05:00,19.960268168683225,20.043256813441637,19.905895959192428,19.99174690246582,22693500,0.0,0.0
2017-03-10 00:00:00-05:00,20.031806735551346,20.134828182006746,19.974573872219725,20.0604248046875,21296400,0.0,0.0
2017-03-13 00:00:00-04:00,20.028942024372245,20.16057987587206,19.948815704418017,20.01749610900879,20407500,0.0,0.0
2017-03-14 00:00:00-04:00,20.26646853171333,20.37807524877347,20.237852096557617,20.237852096557617,29875200,0.0,0.0
2017-03-15 00:00:00-04:00,20.174890952381766,20.23212544973279,20.037530123703593,20.197784423828125,26441400,0.0,0.0
2017-03-16 00:00:00-04:00,20.063287917319677,20.23212749095462,20.05184036170643,20.15772247314453,21183000,0.0,0.0
2017-03-17 00:00:00-04:00,20.19778789917865,20.246435510953862,19.97743840327656,20.00033187866211,42235200,0.0,0.0
2017-03-20 00:00:00-04:00,20.071868295200275,20.160581515095235,19.948817326423,20.02608299255371,22398600,0.0,0.0
2017-03-21 00:00:00-04:00,20.08045475768727,20.146274511478644,19.943093929083844,20.003189086914062,26240400,0.0,0.0
2017-03-22 00:00:00-04:00,20.04039249432977,20.129105727173524,19.951680898956397,20.103351593017578,19366800,0.0,0.0
2017-03-23 00:00:00-04:00,20.08904376485804,20.120522498640636,19.960268168683225,19.99174690246582,20696400,0.0,0.0
2017-03-24 00:00:00-04:00,20.028946663740726,20.080456569747703,19.897308781749214,19.920202255249023,17577000,0.0,0.0
2017-03-27 00:00:00-04:00,19.894441484720918,20.05183509890351,19.84865618669596,19.934505462646484,17377800,0.0,0.0
2017-03-28 00:00:00-04:00,19.840073752668626,20.137688875703653,19.840073752668626,20.123380661010742,21756600,0.0,0.0
2017-03-29 00:00:00-04:00,20.13196527423703,20.36948523298656,20.120517720366248,20.24357032775879,20973000,0.0,0.0
2017-03-30 00:00:00-04:00,20.22925958520793,20.52401400153173,20.21495137276036,20.4868106842041,24424500,0.0,0.0
2017-03-31 00:00:00-04:00,20.4095482548127,20.76439787452429,20.383794123322,20.627037048339844,29819400,0.0,0.0
2017-04-03 00:00:00-04:00,20.627037019393676,20.755812589077102,20.54118609378132,20.55549430847168,24873900,0.0,0.0
2017-04-04 00:00:00-04:00,20.529742034174713,20.621315926453107,20.46964523458045,20.607006072998047,16701900,0.0,0.0
2017-04-05 00:00:00-04:00,20.50112215336176,20.692855178062906,20.478228682314906,20.503984451293945,19063500,0.0,0.0
2017-04-06 00:00:00-04:00,20.51829427047953,20.63276163466476,20.426720379131343,20.441028594970703,17823300,0.0,0.0
2017-04-07 00:00:00-04:00,20.632763402647313,20.887453923834784,20.546912462784398,20.861698150634766,32304000,0.0,0.0
2017-04-10 00:00:00-04:00,20.887449068127342,21.027672182723407,20.8130457016956,20.907480239868164,22487700,0.0,0.0
2017-04-11 00:00:00-04:00,20.890308650280982,21.01908584222778,20.870277479573932,21.013362884521484,17431500,0.0,0.0
2017-04-12 00:00:00-04:00,21.047712182631404,21.127840178143458,20.96186286418807,21.016233444213867,19881900,0.0,0.0
2017-04-13 00:00:00-04:00,20.99619644253339,21.07918507650113,20.933238983154297,20.933238983154297,16009200,0.0,0.0
2017-04-17 00:00:00-04:00,20.936090972300182,21.056281235590685,20.933228675566777,21.030527114868164,16396200,0.0,0.0
2017-04-18 00:00:00-04:00,21.044843221166733,21.205099161455863,21.027674345395983,21.145002365112305,19883700,0.0,0.0
2017-04-19 00:00:00-04:00,21.205097478229064,21.285223804543058,21.136417068187008,21.19651222229004,17821800,0.0,0.0
2017-04-20 00:00:00-04:00,21.2165457494356,21.494129718217362,21.207960492543652,21.40541648864746,23043900,0.0,0.0
2017-04-21 00:00:00-04:00,21.388247484369558,21.494129589619547,21.34818349827028,21.445480346679688,17267100,0.0,0.0
2017-04-24 00:00:00-04:00,21.48554920786142,21.577123118312045,21.29667842692468,21.39969825744629,23437500,0.0,0.0
2017-04-25 00:00:00-04:00,21.45406575593487,21.51130025612192,21.422587026452543,21.476959228515625,17161200,0.0,0.0
2017-04-26 00:00:00-04:00,21.539915952518946,21.682999741898932,21.511299522137,21.585702896118164,20845500,0.0,0.0
2017-04-27 00:00:00-04:00,21.617184167512953,21.662971116498422,21.468375764574947,21.58856773376465,18156600,0.0,0.0
2017-04-28 00:00:00-04:00,21.531334487187955,21.58856899550007,21.442622882395316,21.514163970947266,21991200,0.0,0.0
2017-05-01 00:00:00-04:00,21.488405102443775,21.668690570861614,21.488405102443775,21.52846908569336,18497700,0.0,0.0
2017-05-02 00:00:00-04:00,21.5485039048337,21.665833576535924,21.534194050382307,21.611459732055664,21955200,0.0,0.0
2017-05-03 00:00:00-04:00,21.577112134153626,21.714472929903952,21.514154693400595,21.680131912231445,16570800,0.0,0.0
2017-05-04 00:00:00-04:00,21.728785461887515,21.86328562455504,21.700169033117042,21.846115112304688,16502400,0.0,0.0
2017-05-05 00:00:00-04:00,21.869005641455455,21.920515533808306,21.80032523916167,21.89189910888672,16793400,0.0,0.0
2017-05-08 00:00:00-04:00,21.891903658245617,21.897626616925233,21.768851040547258,21.783159255981445,19536600,0.0,0.0
2017-05-09 00:00:00-04:00,21.874732717425317,22.04929523477082,21.843253989096908,21.95486068725586,24765900,0.0,0.0
2017-05-10 00:00:00-04:00,21.98942933722764,22.11906667895438,21.94909889201718,22.09602165222168,22535700,0.17,0.0
2017-05-11 00:00:00-04:00,21.995191051745913,22.101781712541992,21.874194777379312,21.931812286376953,25048200,0.0,0.0
2017-05-12 00:00:00-04:00,21.879961567220022,21.966387021848252,21.712871915357862,21.810821533203125,17678700,0.0,0.0
2017-05-15 00:00:00-04:00,21.836743779874364,22.02975987678448,21.836743779874364,21.9779052734375,26531700,0.0,0.0
2017-05-16 00:00:00-04:00,21.949097069051877,21.97214209387059,21.62932344748479,21.63796615600586,25115400,0.0,0.0
2017-05-17 00:00:00-04:00,21.63797052158957,21.81658268739541,21.594758618694083,21.640851974487305,32913000,0.0,0.0
2017-05-18 00:00:00-04:00,22.15075593520401,22.372581624719384,21.931813346655897,22.338010787963867,57500400,0.0,0.0
2017-05-19 00:00:00-04:00,22.461885558129595,22.885368393038924,22.404268049717462,22.692352294921875,55745100,0.0,0.0
2017-05-22 00:00:00-04:00,22.65778258495644,22.758610337598142,22.556953183886645,22.62897300720215,26692800,0.0,0.0
2017-05-23 00:00:00-04:00,22.63762272833995,22.749976325001835,22.59729227416099,22.611696243286133,22754700,0.0,0.0
2017-05-24 00:00:00-04:00,22.63185344494394,22.646257408961326,22.510858828455483,22.51373863220215,22281000,0.0,0.0
2017-05-25 00:00:00-04:00,22.574239140046604,22.715398986173494,22.513740179217216,22.559833526611328,18405000,0.0,0.0
2017-05-26 00:00:00-04:00,22.577120372144424,22.6260951750092,22.41003238937837,22.507980346679688,18377400,0.0,0.0
2017-05-30 00:00:00-04:00,22.47052674014999,22.585760100717096,22.450361520211253,22.51373863220215,16231200,0.0,0.0
2017-05-31 00:00:00-04:00,22.57135773780198,22.735565906418742,22.533907099014606,22.64337921142578,24605100,0.0,0.0
2017-06-01 00:00:00-04:00,22.654899348642548,22.99195671081543,22.64337683719067,22.99195671081543,24459300,0.0,0.0
2017-06-02 00:00:00-04:00,22.989083770364275,23.026534416405397,22.821995765433588,22.93722915649414,23989500,0.0,0.0
2017-06-05 00:00:00-04:00,22.93146642018757,23.182100077865375,22.896897226828006,23.121601104736328,30437100,0.0,0.0
2017-06-06 00:00:00-04:00,22.882492065378802,22.91994270974349,22.545432969239847,22.738449096679688,34577700,0.0,0.0
2017-06-07 00:00:00-04:00,22.781657442587655,22.902652058038825,22.68082804690235,22.801822662353516,25533600,0.0,0.0
2017-06-08 00:00:00-04:00,22.801827871033026,23.084149254386478,22.536791907672008,22.738449096679688,32799000,0.0,0.0
2017-06-09 00:00:00-04:00,22.767248890899154,22.919934515003625,22.677943666915525,22.879602432250977,28215300,0.0,0.0
2017-06-12 00:00:00-04:00,22.873846415453222,23.1532879585108,22.71251969592505,22.8277530670166,31231800,0.0,0.0
2017-06-13 00:00:00-04:00,22.819107699319787,22.92281689700423,22.72692101318785,22.90841293334961,16584000,0.0,0.0
2017-06-14 00:00:00-04:00,22.908418800251038,23.058223027794643,22.833517510693433,23.01789093017578,15019500,0.0,0.0
2017-06-15 00:00:00-04:00,22.810462079613536,22.84503125828616,22.401383300016285,22.73267936706543,33891600,0.0,0.0
2017-06-16 00:00:00-04:00,21.303796218119697,21.750327527070247,21.113661507679087,21.675424575805664,168699000,0.0,0.0
2017-06-19 00:00:00-04:00,21.715745790713626,21.897237698516996,21.46799367649732,21.750316619873047,48285300,0.0,0.0
2017-06-20 00:00:00-04:00,21.85979067908956,21.871314840190152,21.69846396267821,21.761842727661133,30057600,0.0,0.0
2017-06-21 00:00:00-04:00,21.77913137374295,22.070095467208127,21.773368468124264,21.963504791259766,27034200,0.0,0.0
2017-06-22 00:00:00-04:00,21.90301106514857,21.911653777217403,21.692711115712445,21.756088256835938,24333900,0.0,0.0
2017-06-23 00:00:00-04:00,21.779126782773815,21.830981383412546,21.476638590263175,21.560182571411133,39240900,0.0,0.0
2017-06-26 00:00:00-04:00,21.591869733605474,21.874191028553337,21.583227026315615,21.750316619873047,25762500,0.0,0.0
2017-06-27 00:00:00-04:00,21.750320487636944,22.000952449900073,21.735914873973588,21.897241592407227,19363200,0.0,0.0
2017-06-28 00:00:00-04:00,21.966379222721557,22.124824459593892,21.934688197233665,22.041278839111328,20966700,0.0,0.0
2017-06-29 00:00:00-04:00,21.96638727508798,21.986552500414717,21.747443007296155,21.87419891357422,21190500,0.0,0.0
2017-06-30 00:00:00-04:00,21.917406977001622,21.972141381814428,21.799292162278945,21.802173614501953,20889900,0.0,0.0
2017-07-03 00:00:00-04:00,21.84827151893487,21.992312840011884,21.629327260280828,21.709991455078125,14545800,0.0,0.0
2017-07-05 00:00:00-04:00,21.764722007282142,21.879957021799406,21.655251545818505,21.698463439941406,18110700,0.0,0.0
2017-07-06 00:00:00-04:00,21.70710930619384,21.885721461721857,21.675419919855937,21.741680145263672,18485400,0.0,0.0
2017-07-07 00:00:00-04:00,21.793535969841543,21.842509130014957,21.62068506171728,21.70134925842285,15921300,0.0,0.0
2017-07-10 00:00:00-04:00,21.649492869629942,21.69558622506826,21.067564669328274,21.096372604370117,45200100,0.0,0.0
2017-07-11 00:00:00-04:00,21.139582050031034,21.33259815954967,21.12517808418418,21.165510177612305,22597800,0.0,0.0
2017-07-12 00:00:00-04:00,21.220239160356158,21.37868602868909,21.220239160356158,21.3009033203125,17100600,0.0,0.0
2017-07-13 00:00:00-04:00,21.511207749791318,21.678295711894958,21.465114405181485,21.62067985534668,24481500,0.0,0.0
2017-07-14 00:00:00-04:00,21.972144605996885,22.055690248443135,21.868435388742963,21.992311477661133,27455700,0.0,0.0
2017-07-17 00:00:00-04:00,21.977910809673094,22.14499882278513,21.94910287260451,22.000957489013672,26506800,0.0,0.0
2017-07-18 00:00:00-04:00,21.96637857201276,22.04992089316485,21.89435546436128,21.95197296142578,12944700,0.0,0.0
2017-07-19 00:00:00-04:00,21.9174080176978,21.957740108594766,21.779127976132294,21.856910705566406,15940800,0.0,0.0
2017-07-20 00:00:00-04:00,21.888599176739312,21.96638190293586,21.807934998302873,21.900121688842773,14896200,0.0,0.0
2017-07-21 00:00:00-04:00,21.848271039491546,21.96062297074903,21.764725393703266,21.937576293945312,21459900,0.0,0.0
2017-07-24 00:00:00-04:00,21.903000885178603,22.22853574527949,21.903000885178603,22.150753021240234,22164000,0.0,0.0
2017-07-25 00:00:00-04:00,22.35817633994737,22.718280409957202,22.294797575253188,22.620330810546875,34512000,0.0,0.0
2017-07-26 00:00:00-04:00,22.62897368125394,22.80758581556729,22.45324299933027,22.72980308532715,20148300,0.0,0.0
2017-07-27 00:00:00-04:00,22.677952170350405,23.006368562216558,22.60881213760412,22.983320236206055,24157500,0.0,0.0
2017-07-28 00:00:00-04:00,22.989076907166442,23.03517024982988,22.914173989017385,22.99195671081543,14925600,0.0,0.0
2017-07-31 00:00:00-04:00,22.99484271570456,23.14464693323486,22.957392073429055,23.0438175201416,18789600,0.0,0.0
2017-08-01 00:00:00-04:00,23.118720747371732,23.257000814360243,23.046700909416316,23.19074058532715,17179500,0.0,0.0
2017-08-02 00:00:00-04:00,23.14464836571938,23.366472428882517,23.13312420284458,23.199382781982422,26019000,0.0,0.0
2017-08-03 00:00:00-04:00,23.432727540037455,23.55372216595984,23.23971143998462,23.29732894897461,29840700,0.0,0.0
2017-08-04 00:00:00-04:00,23.352068390418367,23.45001635662782,23.10719765068054,23.184980392456055,21425400,0.0,0.0
2017-08-07 00:00:00-04:00,23.21090101490357,23.464414400668964,23.202258307062618,23.41543960571289,16453500,0.0,0.0
2017-08-08 00:00:00-04:00,23.38376036330246,23.58253777051778,23.305977612926284,23.5047550201416,22144200,0.0,0.0
2017-08-09 00:00:00-04:00,23.51344652506212,23.768554564182814,23.45256867762157,23.65839385986328,19819500,0.17,0.0
2017-08-10 00:00:00-04:00,23.50184981565869,23.597515952133385,23.351104985961886,23.382993698120117,24135000,0.0,0.0
2017-08-11 00:00:00-04:00,23.40329288985886,23.55403776547427,23.296031730179255,23.307626724243164,23716500,0.0,0.0
2017-08-14 00:00:00-04:00,23.36269975859817,23.551132452758658,23.336608541949253,23.394588470458984,23376000,0.0,0.0
2017-08-15 00:00:00-04:00,23.4322787146902,23.597519797675645,23.34820921384409,23.414884567260742,21198300,0.0,0.0
2017-08-16 00:00:00-04:00,23.559834733218004,23.609117600406123,23.348210352630367,23.475765228271484,34608000,0.0,0.0
2017-08-17 00:00:00-04:00,22.858281737789458,23.136581420294817,22.707536905830867,23.104694366455078,51881100,0.0,0.0
2017-08-18 00:00:00-04:00,23.08150109776442,23.29312376299071,22.98293538973355,22.99163246154785,29259000,0.0,0.0
2017-08-21 00:00:00-04:00,22.936551186761612,23.21195292044189,22.840885059462657,23.107589721679688,28841700,0.0,0.0
2017-08-22 00:00:00-04:00,23.133684405593108,23.23804596121039,23.107593187290277,23.197460174560547,19638300,0.0,0.0
2017-08-23 00:00:00-04:00,23.293125687712273,23.354003536645916,23.156875421889065,23.18006706237793,23397900,0.0,0.0
2017-08-24 00:00:00-04:00,23.36850447984151,23.4467748308413,22.56839189209129,22.710439682006836,57384000,0.0,0.0
2017-08-25 00:00:00-04:00,22.756819616699524,22.92785651068994,22.75102046258698,22.794504165649414,29706600,0.0,0.0
2017-08-28 00:00:00-04:00,22.730728024942877,22.74522259239146,22.571284465414628,22.620567321777344,25864500,0.0,0.0
2017-08-29 00:00:00-04:00,22.516205162101343,22.895970145641083,22.466922303444203,22.83509063720703,22995600,0.0,0.0
2017-08-30 00:00:00-04:00,22.849581536570202,22.930753095584596,22.762612482996705,22.76841163635254,17489400,0.0,0.0
2017-08-31 00:00:00-04:00,22.785806236646444,22.82928993490852,22.62926226882816,22.632160186767578,24584400,0.0,0.0
2017-09-01 00:00:00-04:00,22.701743042862518,22.75682506734312,22.672753900544173,22.71913719177246,19423200,0.0,0.0
2017-09-05 00:00:00-04:00,22.597378704363773,23.159775627051836,22.58288413497663,23.133686065673828,36205500,0.0,0.0
2017-09-06 00:00:00-04:00,23.156876918520982,23.307621762042764,23.1104936345455,23.214855194091797,25278300,0.0,0.0
2017-09-07 00:00:00-04:00,23.284428237313445,23.411983087330686,23.19166333566038,23.226449966430664,20462400,0.0,0.0
2017-09-08 00:00:00-04:00,23.116290154542455,23.156875941007037,22.533599552148466,22.866979598999023,29998800,0.0,0.0
2017-09-11 00:00:00-04:00,22.945251246264853,23.00323117730467,22.803201825194737,22.924959182739258,21000600,0.0,0.0
2017-09-12 00:00:00-04:00,22.98873509963147,23.165572812232455,22.951048890669668,23.078603744506836,18015000,0.0,0.0
2017-09-13 00:00:00-04:00,23.078604675362403,23.388793091017252,23.072807179626057,23.151079177856445,26471100,0.0,0.0
2017-09-14 00:00:00-04:00,23.130780920408625,23.139477991706844,22.96554154213265,23.098892211914062,20817900,0.0,0.0
2017-09-15 00:00:00-04:00,23.136577814869717,23.409081618354193,22.980033853155813,23.30181884765625,39953400,0.0,0.0
2017-09-18 00:00:00-04:00,23.25254350343334,23.516348643381626,23.17716942145018,23.191665649414062,24528300,0.0,0.0
2017-09-19 00:00:00-04:00,23.24384746374078,23.325017386443438,23.10469760299578,23.206159591674805,18523200,0.0,0.0
2017-09-20 00:00:00-04:00,23.24095010710923,23.354008757719214,23.153981021133752,23.33661460876465,15954600,0.0,0.0
2017-09-21 00:00:00-04:00,23.3569024836814,23.3569024836814,23.110491517484018,23.194561004638672,19290900,0.0,0.0
2017-09-22 00:00:00-04:00,23.15977001560344,23.214850361207294,22.974238577122655,23.055408477783203,17265900,0.0,0.0
2017-09-25 00:00:00-04:00,22.878578021176114,23.22065516725337,22.861183874372863,22.945253372192383,25643400,0.0,0.0
2017-09-26 00:00:00-04:00,22.91336408617193,23.05831143540111,22.878577452227653,23.014827728271484,17505900,0.0,0.0
2017-09-27 00:00:00-04:00,23.023524146601225,23.067007852494044,22.806102299543014,22.985837936401367,18943800,0.0,0.0
2017-09-28 00:00:00-04:00,22.901766698231594,22.924959998510428,22.646660300728936,22.88727378845215,37118400,0.0,0.0
2017-09-29 00:00:00-04:00,22.858283390604647,22.901767097091433,22.60607490714657,22.65245819091797,31060200,0.0,0.0
2017-10-02 00:00:00-04:00,22.5828848096312,22.85248745764007,22.46692493347551,22.742326736450195,23127600,0.0,0.0
2017-10-03 00:00:00-04:00,22.85248346801372,23.093096934375545,22.829291828590858,22.965543746948242,23810100,0.0,0.0
2017-10-04 00:00:00-04:00,22.980041043977035,23.127887980881976,22.922062763746116,22.927860260009766,18520200,0.0,0.0
2017-10-05 00:00:00-04:00,22.951049237294733,23.13658236655305,22.92495967774092,23.0206241607666,15416100,0.0,0.0
2017-10-06 00:00:00-04:00,22.83799195786054,22.951050593132408,22.684345874669432,22.90176773071289,18740100,0.0,0.0
2017-10-09 00:00:00-04:00,23.046714648104114,23.591719027412072,23.017725512276254,23.345306396484375,40479000,0.0,0.0
2017-10-10 00:00:00-04:00,23.96858405453571,24.606355029721684,23.948291990127732,24.388933181762695,75372000,0.0,0.0
2017-10-11 00:00:00-04:00,24.519388107389606,25.015109698768185,24.380238245206044,24.85276985168457,55683000,0.0,0.0
2017-10-12 00:00:00-04:00,24.844069491554894,25.038299689176167,24.6585347077223,24.96002769470215,38631000,0.0,0.0
2017-10-13 00:00:00-04:00,25.000614035211512,25.206439228315826,25.000614035211512,25.11077308654785,28167000,0.0,0.0
2017-10-16 00:00:00-04:00,25.09917441794411,25.110769407418758,24.64693665249722,24.855661392211914,27900900,0.0,0.0
2017-10-17 00:00:00-04:00,24.786085924925,25.03539643982163,24.73390515586193,24.925235748291016,17554500,0.0,0.0
2017-10-18 00:00:00-04:00,24.974525667496355,25.0383031026213,24.93393987616255,24.99481773376465,16416300,0.0,0.0
2017-10-19 00:00:00-04:00,24.974522322571342,25.122369239287877,24.864361614618318,25.046995162963867,21087000,0.0,0.0
2017-10-20 00:00:00-04:00,25.104978578313723,25.351389587440874,25.012212002698927,25.348491668701172,22853400,0.0,0.0
2017-10-23 00:00:00-04:00,25.31949175013464,25.777526966956614,25.29630011458412,25.699254989624023,31758000,0.0,0.0
2017-10-24 00:00:00-04:00,25.710849079287136,25.74273778234665,25.48473024046289,25.505023956298828,23102700,0.0,0.0
2017-10-25 00:00:00-04:00,25.46734343654717,25.68476526818257,25.345587741646366,25.649978637695312,19224000,0.0,0.0
2017-10-26 00:00:00-04:00,25.702158191916954,25.83261095294202,25.51662508133964,25.690563201904297,19454700,0.0,0.0
2017-10-27 00:00:00-04:00,25.551409206410124,25.623883692676483,25.264412496758837,25.56010627746582,19851000,0.0,0.0
2017-10-30 00:00:00-04:00,25.493434817831922,25.49633439488994,25.044096584062082,25.206438064575195,21156000,0.0,0.0
2017-10-31 00:00:00-04:00,25.18034588195875,25.354284005237712,25.104973469309748,25.31079864501953,18020700,0.0,0.0
2017-11-01 00:00:00-04:00,25.241222894109328,25.626785334262117,25.220930832542056,25.493432998657227,18528300,0.0,0.0
2017-11-02 00:00:00-04:00,25.592001753657573,25.850009400558992,25.452851897557352,25.742748260498047,15549300,0.0,0.0
2017-11-03 00:00:00-04:00,25.80652195198706,26.055832505420884,25.731149534045628,25.997854232788086,19536300,0.0,0.0
2017-11-06 00:00:00-05:00,25.922479401813874,25.997851812739157,25.70795550016961,25.713754653930664,15772200,0.0,0.0
2017-11-07 00:00:00-05:00,25.76303082375602,25.818111162163678,25.60068938484795,25.786222457885742,16047900,0.0,0.0
2017-11-08 00:00:00-05:00,25.83261269886635,26.212376017595595,25.82971478056575,26.165992736816406,20302500,0.0,0.0
2017-11-09 00:00:00-05:00,26.0732281049768,26.255863323310074,25.90218953709509,26.17759132385254,20713500,0.0,0.0
2017-11-10 00:00:00-05:00,26.160192937522027,26.580542004612678,26.148597947746868,26.357322692871094,22943400,0.0,0.0
2017-11-13 00:00:00-05:00,26.392107633317437,26.664609781170007,26.342826441729134,26.377613067626953,25474800,0.0,0.0
2017-11-14 00:00:00-05:00,26.29354614818782,26.438493477984384,26.142799664513763,26.406604766845703,29502300,0.0,0.0
2017-11-15 00:00:00-05:00,26.189181048261943,26.337027944302207,25.989153382677102,26.04133415222168,25300200,0.0,0.0
2017-11-16 00:00:00-05:00,27.57489577201891,28.896819696477916,27.458937533031275,28.87942886352539,114367200,0.0,0.0
2017-11-17 00:00:00-05:00,28.76926118310908,29.027267165881273,27.998136176928536,28.256145477294922,70726500,0.0,0.0
2017-11-20 00:00:00-05:00,27.957547378314505,28.30542029448451,27.760417623101564,28.259037017822266,49182900,0.0,0.0
2017-11-21 00:00:00-05:00,28.33441307775107,28.386592191112303,27.92275941904755,27.980737686157227,38239500,0.0,0.0
2017-11-22 00:00:00-05:00,28.01842147415237,28.0648047446109,27.861877521655668,27.94884490966797,26754600,0.0,0.0
2017-11-24 00:00:00-05:00,28.082209866452466,28.186571436393383,27.98364413408941,28.009737014770508,13488300,0.0,0.0
2017-11-27 00:00:00-05:00,28.07641071128011,28.30832715425687,27.916967119985312,28.009737014770508,26714700,0.0,0.0
2017-11-28 00:00:00-05:00,28.001036401289923,28.088003817467005,27.777817047267234,28.053218841552734,26128800,0.0,0.0
2017-11-29 00:00:00-05:00,28.183674173482345,28.485167232910467,28.085108433024256,28.28223991394043,34272000,0.0,0.0
2017-11-30 00:00:00-05:00,28.435875936669927,28.537337907292734,27.97783898640028,28.186565399169922,38564100,0.0,0.0
2017-12-01 00:00:00-05:00,28.296729768475004,28.3257189066962,27.896674352871774,28.221357345581055,24888600,0.0,0.0
2017-12-04 00:00:00-05:00,28.33151004162938,28.398183713627247,28.027117541282234,28.122783660888672,26869500,0.0,0.0
2017-12-05 00:00:00-05:00,28.119883347374817,28.392387134044434,28.096693371007675,28.360498428344727,27030300,0.0,0.0
2017-12-06 00:00:00-05:00,28.406890015212824,28.450373721826608,28.189468164549755,28.20106315612793,21423000,0.0,0.0
2017-12-07 00:00:00-05:00,28.28557887046458,28.43712152585887,28.16609632964819,28.2039794921875,22507800,0.17,0.0
2017-12-08 00:00:00-05:00,28.06408951320841,28.18066050196553,28.017461784721203,28.136947631835938,17463300,0.0,0.0
2017-12-11 00:00:00-05:00,28.25642762532391,28.346768215888478,28.061175488783643,28.2476863861084,26786700,0.0,0.0
2017-12-12 00:00:00-05:00,28.224375027845323,28.338031164912334,28.151520240022062,28.180662155151367,23431800,0.0,0.0
2017-12-13 00:00:00-05:00,28.169004328486878,28.533281580340155,28.136947556795032,28.48956871032715,23638200,0.0,0.0
2017-12-14 00:00:00-05:00,28.559510447293228,28.72562067851506,28.297229906124745,28.305971145629883,28157400,0.0,0.0
2017-12-15 00:00:00-05:00,28.474997099320206,28.702309354289497,28.24185846286332,28.300142288208008,48428400,0.0,0.0
2017-12-18 00:00:00-05:00,28.37883520211157,28.60905904855778,28.373008818896185,28.53037452697754,23893200,0.0,0.0
2017-12-19 00:00:00-05:00,29.116131387370366,29.116131387370366,28.64402436215346,28.792652130126953,36036600,0.0,0.0
2017-12-20 00:00:00-05:00,28.982072875652786,29.040356695281353,28.690647107354348,28.778076171875,32189400,0.0,0.0
2017-12-21 00:00:00-05:00,28.85093826142711,28.94710858924445,28.553686036845626,28.577001571655273,22107300,0.0,0.0
2017-12-22 00:00:00-05:00,28.64402447823922,28.681910968781608,28.466258129745356,28.620712280273438,16436100,0.0,0.0
2017-12-26 00:00:00-05:00,28.661516095032287,28.979169035923924,28.661516095032287,28.89756965637207,12887700,0.0,0.0
2017-12-27 00:00:00-05:00,29.014129656601252,29.025785753516683,28.801388378736174,28.926700592041016,15422400,0.0,0.0
2017-12-28 00:00:00-05:00,29.002472314990218,29.03161756199617,28.885904667278574,28.967500686645508,29291700,0.0,0.0
2017-12-29 00:00:00-05:00,28.967498585667844,29.05201279219151,28.778076171875,28.778076171875,21432900,0.0,0.0
2018-01-02 00:00:00-05:00,28.93835927986144,29.0811573188633,28.711050361809033,28.7314510345459,30451500,0.0,0.0
2018-01-03 00:00:00-05:00,28.80722182819333,29.1423571697212,28.783906296262938,28.98207664489746,26710800,0.0,0.0
2018-01-04 00:00:00-05:00,29.008304595947266,29.07824452374183,28.824708533523403,29.008304595947266,20491200,0.0,0.0
2018-01-05 00:00:00-05:00,29.037450193253495,29.253103055998835,29.028708951824903,29.180248260498047,21852000,0.0,0.0
2018-01-08 00:00:00-05:00,29.21521911314511,29.652354544588285,29.20355967811455,29.611553192138672,26531700,0.0,0.0
2018-01-09 00:00:00-05:00,29.733945327285152,29.827204115663534,29.232699767104588,29.256011962890625,21938100,0.0,0.0
2018-01-10 00:00:00-05:00,29.069496252108525,29.11029425553063,28.713960312043667,29.046180725097656,23791200,0.0,0.0
2018-01-11 00:00:00-05:00,29.054930276115396,29.273497954554042,28.78682001248379,29.14818572998047,19613100,0.0,0.0
2018-01-12 00:00:00-05:00,29.2560118249814,29.5620052374687,29.229784771076222,29.39589500427246,20853600,0.0,0.0
2018-01-16 00:00:00-05:00,29.53286871539276,29.698982313984537,29.241446205784904,29.343442916870117,21512100,0.0,0.0
2018-01-17 00:00:00-05:00,29.477502325189214,29.99914869649998,29.346360350067858,29.929208755493164,26045700,0.0,0.0
2018-01-18 00:00:00-05:00,30.523702458292945,30.58198627768271,30.197308400601376,30.395475387573242,36923700,0.0,0.0
2018-01-19 00:00:00-05:00,30.49456668531876,30.57907757342531,30.20897057671116,30.479995727539062,25135800,0.0,0.0
2018-01-22 00:00:00-05:00,30.453768349864294,30.730623245239258,30.31971485800643,30.730623245239258,21924900,0.0,0.0
2018-01-23 00:00:00-05:00,30.683998520862396,30.934619711098673,30.474172018357763,30.861764907836914,24863400,0.0,0.0
2018-01-24 00:00:00-05:00,30.992897273391744,31.01912432741334,30.54701734455615,30.82969856262207,20469300,0.0,0.0
2018-01-25 00:00:00-05:00,30.847180564679004,31.126946889927414,30.847180564679004,31.06574821472168,17571300,0.0,0.0
2018-01-26 00:00:00-05:00,31.182344462662947,31.593249709993966,31.08908894531515,31.58742332458496,20358900,0.0,0.0
2018-01-29 00:00:00-05:00,31.505803628160944,32.05076541523165,31.470831997901872,31.925453186035156,25065600,0.0,0.0
2018-01-30 00:00:00-05:00,31.805981393351427,31.870094958742264,31.226047780562848,31.39507293701172,27541500,0.0,0.0
2018-01-31 00:00:00-05:00,31.406713215175824,31.526199042783226,30.911294097766472,31.06574821472168,29438400,0.0,0.0
2018-02-01 00:00:00-05:00,30.879239878878185,31.054094680354048,30.651930971514123,30.751012802124023,19160400,0.0,0.0
2018-02-02 00:00:00-05:00,30.643191087126496,31.027872376264938,30.351768596782772,30.447938919067383,27759300,0.0,0.0
2018-02-05 00:00:00-05:00,30.13320002159599,30.485821191337475,28.294317857543994,29.168588638305664,37684800,0.0,0.0
2018-02-06 00:00:00-05:00,28.454596035656788,29.457093826193347,28.34094324481104,29.40463638305664,49241400,0.0,0.0
2018-02-07 00:00:00-05:00,29.28806879696278,30.479992354910028,29.145270758459667,29.97291374206543,33495600,0.0,0.0
2018-02-08 00:00:00-05:00,30.08365512689161,30.15650990801179,29.142356013459615,29.14818572998047,41925300,0.0,0.0
2018-02-09 00:00:00-05:00,29.296813345921514,29.462926934103084,28.10197812983787,28.958763122558594,42553800,0.0,0.0
2018-02-12 00:00:00-05:00,29.180246045787317,29.273501510981966,28.792653227014473,29.011220932006836,27405300,0.0,0.0
2018-02-13 00:00:00-05:00,28.947097963202268,29.497889334373436,28.947097963202268,29.427946090698242,19868400,0.0,0.0
2018-02-14 00:00:00-05:00,29.392973595929725,29.79805208746558,29.203547874192086,29.637771606445312,21922800,0.0,0.0
2018-02-15 00:00:00-05:00,29.88547792883392,30.20312733424689,29.675651561659194,30.08364486694336,22484700,0.0,0.0
2018-02-16 00:00:00-05:00,30.04285978376217,30.58199188207324,29.71937718969713,30.535364151000977,48192900,0.0,0.0
2018-02-20 00:00:00-05:00,28.265175514000024,28.54202703435304,27.4229598516434,27.425874710083008,156265500,0.0,0.0
2018-02-21 00:00:00-05:00,27.717296044076384,27.784324445108826,26.589487667654065,26.671085357666016,148511100,0.0,0.0
2018-02-22 00:00:00-05:00,26.644861942063535,27.21605085277658,26.609890307611266,27.035367965698242,61095000,0.0,0.0
2018-02-23 00:00:00-05:00,27.067424344206174,27.24519403749751,26.74103020929176,27.07033920288086,38374500,0.0,0.0
2018-02-26 00:00:00-05:00,27.073249893180506,27.335530437183767,26.875081222295602,27.13736343383789,44097900,0.0,0.0
2018-02-27 00:00:00-05:00,27.285988727461802,27.312217449718727,26.66817049934666,26.671085357666016,40128300,0.0,0.0
2018-02-28 00:00:00-05:00,26.810966410893407,26.840108319802468,26.228118227479083,26.23103141784668,42431100,0.0,0.0
2018-03-01 00:00:00-05:00,26.277667231171964,26.280580422251795,25.56076542448811,25.96001434326172,56728800,0.0,0.0
2018-03-02 00:00:00-05:00,25.43253550572802,25.907555688070826,25.423792598379496,25.869670867919922,57130200,0.0,0.0
2018-03-05 00:00:00-05:00,25.68607705316479,26.373838639635128,25.665678044610132,26.22229766845703,40149600,0.0,0.0
2018-03-06 00:00:00-05:00,26.330120259142348,26.373834796159386,25.828871351607496,25.95418357849121,33164100,0.0,0.0
2018-03-07 00:00:00-05:00,25.63944537074238,25.79972754795477,25.45293280570291,25.569503784179688,34359000,0.0,0.0
2018-03-08 00:00:00-05:00,25.730738363475336,25.83627705261882,25.60467905469755,25.77471351623535,28766100,0.173333,0.0
2018-03-09 00:00:00-05:00,25.868531563612635,26.009248733520508,25.660386368031617,26.009248733520508,29263200,0.0,0.0
2018-03-12 00:00:00-04:00,26.003383570782056,26.220322101941807,25.762990502624717,25.81869125366211,25422000,0.0,0.0
2018-03-13 00:00:00-04:00,25.912506850123826,26.06201906322169,25.79231197423732,25.88612174987793,21519000,0.0,0.0
2018-03-14 00:00:00-04:00,25.947679725104223,26.08839855200006,25.651589277042447,25.701425552368164,33121800,0.0,0.0
2018-03-15 00:00:00-04:00,25.7043618100908,26.029769639967245,25.18253437459388,25.654523849487305,49845600,0.0,0.0
2018-03-16 00:00:00-04:00,25.71608300855637,26.41087539157833,25.65158890744759,26.14116668701172,85188000,0.0,0.0
2018-03-19 00:00:00-04:00,26.064952215757476,26.11478850355327,25.534329697602924,25.63693618774414,36160200,0.0,0.0
2018-03-20 00:00:00-04:00,25.757132736360894,25.84214915902402,25.613483314717005,25.783517837524414,24774000,0.0,0.0
2018-03-21 00:00:00-04:00,25.76592619423084,26.290684205971303,25.704362639429032,25.850942611694336,35508000,0.0,0.0
2018-03-22 00:00:00-04:00,25.660384998130322,25.87732353745327,25.502079448545977,25.546052932739258,36744600,0.0,0.0
2018-03-23 00:00:00-04:00,25.607619573272473,25.707293822633027,25.00077568875027,25.041818618774414,30375300,0.0,0.0
2018-03-26 00:00:00-04:00,25.2763448018262,25.707291331618627,25.244096908323527,25.651592254638672,27599400,0.0,0.0
2018-03-27 00:00:00-04:00,25.786447248005615,25.809900111056574,25.059408493425874,25.22650909423828,19637400,0.0,0.0
2018-03-28 00:00:00-04:00,25.288067748151093,25.868528092995614,25.267547126014687,25.730741500854492,34728900,0.0,0.0
2018-03-29 00:00:00-04:00,25.768852820005442,26.19100596095498,25.73074213368295,26.082536697387695,27823800,0.0,0.0
2018-04-02 00:00:00-04:00,25.798173079708832,25.868533346994404,24.871785819357154,25.07992935180664,57386700,0.0,0.0
2018-04-03 00:00:00-04:00,25.285139015725015,25.490351961835593,25.079926069614434,25.44637680053711,29086500,0.0,0.0
2018-04-04 00:00:00-04:00,25.094584012219876,25.651591541339986,25.047678291607752,25.56950569152832,19609800,0.0,0.0
2018-04-05 00:00:00-04:00,25.68090624127132,25.900777008140146,25.519666784244404,25.742469787597656,19142700,0.0,0.0
2018-04-06 00:00:00-04:00,25.455172412723204,25.768854634714973,25.249959461937408,25.41413116455078,19050000,0.0,0.0
2018-04-09 00:00:00-04:00,25.461032285295584,25.636927870270448,25.282204464203566,25.293930053710938,25104300,0.0,0.0
2018-04-10 00:00:00-04:00,25.458108788488637,25.53433017889382,25.112178617060376,25.34377670288086,27382200,0.0,0.0
2018-04-11 00:00:00-04:00,25.211851865218268,25.46396887413754,25.1532188713545,25.185466766357422,18837000,0.0,0.0
2018-04-12 00:00:00-04:00,25.26755156986264,25.45517447089853,25.038885739854887,25.044750213623047,20568900,0.0,0.0
2018-04-13 00:00:00-04:00,25.17959980761149,25.29100131072107,24.974388543044338,25.217710494995117,22677600,0.0,0.0
2018-04-16 00:00:00-04:00,25.270478411603825,25.69556208506505,25.247025553981427,25.458101272583008,21062100,0.0,0.0
2018-04-17 00:00:00-04:00,25.645728942349216,25.848009667586627,25.62520831713709,25.768856048583984,20405700,0.0,0.0
2018-04-18 00:00:00-04:00,25.856800231311144,25.962338930899833,25.654519541036937,25.672109603881836,17562000,0.0,0.0
2018-04-19 00:00:00-04:00,25.625209184202593,25.80989984980402,25.38188552282672,25.765926361083984,19764900,0.0,0.0
2018-04-20 00:00:00-04:00,25.760059191372555,25.90956969863016,25.40826463141344,25.4991455078125,24974700,0.0,0.0
2018-04-23 00:00:00-04:00,25.47276344798883,25.528464204037146,25.217712529373852,25.241167068481445,22081500,0.0,0.0
2018-04-24 00:00:00-04:00,25.43758232175159,25.4786252473629,25.08578941111376,25.367223739624023,25409100,0.0,0.0
2018-04-25 00:00:00-04:00,25.30566338766317,25.710226544129437,25.179604035736848,25.554851531982422,20281200,0.0,0.0
2018-04-26 00:00:00-04:00,25.554846957869042,25.891982022505882,25.47569334745614,25.780580520629883,17347500,0.0,0.0
2018-04-27 00:00:00-04:00,25.76006327441008,25.768856630070122,25.52846520831079,25.590028762817383,16953300,0.0,0.0
2018-04-30 00:00:00-04:00,25.780579036209105,26.284816324626448,25.774716241048157,25.93302345275879,26057700,0.0,0.0
2018-05-01 00:00:00-04:00,25.701433108001915,25.801107365436046,25.314459994608768,25.625211715698242,20873100,0.0,0.0
2018-05-02 00:00:00-04:00,25.543117871932047,25.57829631990095,25.258751341976946,25.311521530151367,18249000,0.0,0.0
2018-05-03 00:00:00-04:00,25.267550531940127,25.296866189652512,24.953868297470834,25.279277801513672,20628300,0.0,0.0
2018-05-04 00:00:00-04:00,25.211850222788485,25.827487392106715,25.02422566113586,25.660385131835938,20914500,0.0,0.0
2018-05-07 00:00:00-04:00,25.648656793837624,25.65158903014416,24.997837887206032,25.05647087097168,32350800,0.0,0.0
2018-05-08 00:00:00-04:00,25.071131959293144,25.167875640226477,24.89523634007365,25.13562774658203,19654200,0.0,0.0
2018-05-09 00:00:00-04:00,24.203376547478243,24.53171660840695,24.039204839532918,24.349956512451172,96795600,0.0,0.0
2018-05-10 00:00:00-04:00,24.379460641024217,24.71281829629617,24.19360472980695,24.394210815429688,47572800,0.173333,0.0
2018-05-11 00:00:00-04:00,24.394209869094396,24.63906646843471,24.175904595483466,24.59776496887207,29804400,0.0,0.0
2018-05-14 00:00:00-04:00,24.74821801565918,25.013724509066854,24.677416171547193,24.895721435546875,28497600,0.0,0.0
2018-05-15 00:00:00-04:00,24.798368327552406,25.040274190381222,24.721665068761165,24.934070587158203,27968700,0.0,0.0
2018-05-16 00:00:00-04:00,25.037324441297358,25.409032821655273,24.99897365704054,25.409032821655273,41200800,0.0,0.0
2018-05-17 00:00:00-04:00,25.677491325134373,25.839746599269418,24.736417487347293,24.925222396850586,89162100,0.0,0.0
2018-05-18 00:00:00-04:00,24.851470631723146,24.910473011832778,24.63021466039796,24.67446517944336,36129300,0.0,0.0
2018-05-21 00:00:00-04:00,24.821967301196068,24.939970359177998,24.727564854810524,24.931119918823242,32147100,0.0,0.0
2018-05-22 00:00:00-04:00,24.928175541811733,25.019627295767915,24.571213903843077,24.594816207885742,24201900,0.0,0.0
2018-05-23 00:00:00-04:00,24.470908432326805,24.491558335538528,24.240802035179243,24.488609313964844,28197600,0.0,0.0
2018-05-24 00:00:00-04:00,24.48566227237072,24.48566227237072,24.12575163150613,24.441410064697266,25728600,0.0,0.0
2018-05-25 00:00:00-04:00,24.44140924782489,24.585963641311732,24.285055391385562,24.326356887817383,17740500,0.0,0.0
2018-05-29 00:00:00-04:00,24.178852468063827,24.3440567704121,24.134601948667527,24.308656692504883,25284600,0.0,0.0
2018-05-30 00:00:00-04:00,24.32340854473179,24.848523522339686,24.267356870130985,24.816072463989258,27942300,0.0,0.0
2018-05-31 00:00:00-04:00,24.762968112522742,24.872120744186173,24.34110607095831,24.349956512451172,34406100,0.0,0.0
2018-06-01 00:00:00-04:00,24.49745814834304,24.609561473967375,24.44140648553087,24.482707977294922,15713700,0.0,0.0
2018-06-04 00:00:00-04:00,24.633164688631762,25.229081493475825,24.574163994160582,25.199581146240234,32766000,0.0,0.0
2018-06-05 00:00:00-04:00,25.20843196256075,25.21433169448569,24.854421038277216,24.96357536315918,24844200,0.0,0.0
2018-06-06 00:00:00-04:00,25.060927311683493,25.11992800414856,24.883921858190085,24.945873260498047,22088400,0.0,0.0
2018-06-07 00:00:00-04:00,25.01076498243477,25.299871969117998,24.98421366902623,25.060916900634766,23117100,0.0,0.0
2018-06-08 00:00:00-04:00,25.01077413638211,25.131727913225575,24.82196922894784,24.886871337890625,22807200,0.0,0.0
2018-06-11 00:00:00-04:00,24.90161455859576,24.939965333705988,24.718709433567433,24.869163513183594,18756900,0.0,0.0
2018-06-12 00:00:00-04:00,24.87507133190028,24.954723616895834,24.624315013680484,24.810169219970703,24185100,0.0,0.0
2018-06-13 00:00:00-04:00,24.748219980863205,24.88982368033163,24.736420516598795,24.807222366333008,19075200,0.0,0.0
2018-06-14 00:00:00-04:00,24.845567255356006,25.01962197227982,24.683311999893714,24.718713760375977,22552200,0.0,0.0
2018-06-15 00:00:00-04:00,24.633161093498096,24.777717162782807,24.503358571776282,24.692163467407227,37509000,0.0,0.0
2018-06-18 00:00:00-04:00,24.500409037101864,24.653813866182503,24.43255790749926,24.485660552978516,25506900,0.0,0.0
2018-06-19 00:00:00-04:00,24.367655863753395,24.668564103399955,24.299804733971882,24.66561508178711,28057500,0.0,0.0
2018-06-20 00:00:00-04:00,24.695115426209593,24.727566480293927,24.532860155787915,24.66561508178711,23899800,0.0,0.0
2018-06-21 00:00:00-04:00,24.603662100102472,24.942921126554126,24.45615868931232,24.842618942260742,24276000,0.0,0.0
2018-06-22 00:00:00-04:00,24.916371555205345,25.03142391206617,24.81016795129234,25.022573471069336,32439000,0.0,0.0
2018-06-25 00:00:00-04:00,24.954723105143835,25.54768916570114,24.922272049844526,25.50933837890625,47818500,0.0,0.0
2018-06-26 00:00:00-04:00,25.52703591125671,25.680440736496728,25.299880227001367,25.364782333374023,30378600,0.0,0.0
2018-06-27 00:00:00-04:00,25.341178181559236,25.810241344409423,25.23792530530981,25.633235931396484,30899100,0.0,0.0
2018-06-28 00:00:00-04:00,25.621437800393373,25.75124031369647,25.279228105232825,25.32938003540039,25401000,0.0,0.0
2018-06-29 00:00:00-04:00,25.34118572522237,25.42968845807468,25.22908237614606,25.267433166503906,24766800,0.0,0.0
2018-07-02 00:00:00-04:00,25.267426820328183,25.352980509695563,24.60365902272185,24.780664443969727,24375300,0.0,0.0
2018-07-03 00:00:00-04:00,24.80722187074919,25.090429264028295,24.80722187074919,24.91047477722168,13188600,0.0,0.0
2018-07-05 00:00:00-04:00,25.057974644457662,25.246779546476102,24.860319301650986,24.948822021484375,16102500,0.0,0.0
2018-07-06 00:00:00-04:00,24.83966818190558,25.037323515031428,24.727564854810524,24.931119918823242,16841100,0.0,0.0
2018-07-09 00:00:00-04:00,25.07567042871244,25.509333528130572,25.007819309292927,25.35002899169922,19726200,0.0,0.0
2018-07-10 00:00:00-04:00,25.35003225797499,25.763043822227328,25.335282086115832,25.727642059326172,18145200,0.0,0.0
2018-07-11 00:00:00-04:00,25.683392206318533,25.70994184113035,25.485736859818623,25.527036666870117,16787700,0.0,0.0
2018-07-12 00:00:00-04:00,25.64798878779393,25.786643436389664,25.435583282757932,25.524085998535156,14665800,0.0,0.0
2018-07-13 00:00:00-04:00,25.524084861513803,25.9577462926501,25.51818344282235,25.872194290161133,19165800,0.0,0.0
2018-07-16 00:00:00-04:00,25.848590550222983,25.878090887913526,25.615533493541264,25.854490280151367,13341600,0.0,0.0
2018-07-17 00:00:00-04:00,25.78368945528968,26.167200612311994,25.78368945528968,26.016746520996094,17734500,0.0,0.0
2018-07-18 00:00:00-04:00,26.058049603569444,26.311756600817322,25.942997254794868,25.981348037719727,15136500,0.0,0.0
2018-07-19 00:00:00-04:00,25.91939711999031,26.102302285653654,25.786643888023846,25.878095626831055,14649300,0.0,0.0
2018-07-20 00:00:00-04:00,25.783688958870954,26.010844601998368,25.724688282341127,25.9783935546875,14445300,0.0,0.0
2018-07-23 00:00:00-04:00,25.857446753154825,26.004950162536907,25.777794473195762,25.851545333862305,12450000,0.0,0.0
2018-07-24 00:00:00-04:00,25.996101451966254,26.108204793299873,25.84564732292358,25.94890022277832,16768500,0.0,0.0
2018-07-25 00:00:00-04:00,25.745345815628255,25.966601794320113,25.698144585188636,25.93120002746582,17427300,0.0,0.0
2018-07-26 00:00:00-04:00,26.108207209012594,26.38256416804673,26.013804741901957,26.028554916381836,19644900,0.0,0.0
2018-07-27 00:00:00-04:00,26.14951001288457,26.220311866744165,25.969553823948246,25.999055862426758,14038200,0.0,0.0
2018-07-30 00:00:00-04:00,25.960701742038903,26.238011095541236,25.928252371445303,26.22031021118164,18032100,0.0,0.0
2018-07-31 00:00:00-04:00,26.255713386471236,26.45041806070976,26.19671099812813,26.323564529418945,20124300,0.0,0.0
2018-08-01 00:00:00-04:00,26.214410786462413,26.294061390916067,25.925301965363154,26.031505584716797,15150000,0.0,0.0
2018-08-02 00:00:00-04:00,25.94299824190788,26.208504711058556,25.84859579171662,26.184904098510742,12918300,0.0,0.0
2018-08-03 00:00:00-04:00,26.311754979961655,26.633313082875844,26.25570500778889,26.432708740234375,17241600,0.0,0.0
2018-08-06 00:00:00-04:00,26.347165296924103,26.544820682520676,26.29406264069863,26.453367233276367,13954800,0.0,0.0
2018-08-07 00:00:00-04:00,26.50055953727952,26.656915054957512,26.447458587000476,26.482858657836914,13580100,0.0,0.0
2018-08-08 00:00:00-04:00,26.541861502096765,26.61856475170585,26.364857768646203,26.565462112426758,15123300,0.0,0.0
2018-08-09 00:00:00-04:00,26.544700996212736,26.5951442319688,26.336995752086775,26.411176681518555,14183700,0.173333,0.0
2018-08-10 00:00:00-04:00,26.319188713573467,26.814712337437438,26.304351172246335,26.75833511352539,24734700,0.0,0.0
2018-08-13 00:00:00-04:00,26.76426615508998,26.865150891879953,26.517987460975366,26.598100662231445,17637600,0.0,0.0
2018-08-14 00:00:00-04:00,26.59810300028318,27.03725106032638,26.595136850555576,26.957136154174805,17510400,0.0,0.0
2018-08-15 00:00:00-04:00,26.779108507746923,26.82658559015657,26.607010663194963,26.77020835876465,25850700,0.0,0.0
2018-08-16 00:00:00-04:00,29.704777093694137,29.73444877962516,29.0519898160912,29.268598556518555,127893900,0.0,0.0
2018-08-17 00:00:00-04:00,29.010446026738755,29.574214771006123,28.96297065683078,29.0341854095459,49389900,0.0,0.0
2018-08-20 00:00:00-04:00,28.980771850241354,29.16473761940847,28.47041081873772,28.485246658325195,38037900,0.0,0.0
2018-08-21 00:00:00-04:00,28.473383861665035,28.592070600022993,28.295350358421462,28.508991241455078,31593900,0.0,0.0
2018-08-22 00:00:00-04:00,28.544592962189846,28.737462292435232,28.256774588357423,28.387331008911133,23297100,0.0,0.0
2018-08-23 00:00:00-04:00,28.33689241846798,28.44371286895945,28.206335976593355,28.241943359375,18289200,0.0,0.0
2018-08-24 00:00:00-04:00,28.21523216820134,28.384363806814722,27.99565901122662,28.173690795898438,25782900,0.0,0.0
2018-08-27 00:00:00-04:00,28.265673537241202,28.36952781637638,27.977855175602507,28.052034378051758,21120900,0.0,0.0
2018-08-28 00:00:00-04:00,28.120284715728143,28.589106161295234,28.049071653968582,28.506023406982422,29949000,0.0,0.0
2018-08-29 00:00:00-04:00,28.56833835557291,28.731536037914836,28.34579559841931,28.378435134887695,23588400,0.0,0.0
2018-08-30 00:00:00-04:00,28.33689528155964,28.6336189737777,28.322061134373097,28.514928817749023,21176100,0.0,0.0
2018-08-31 00:00:00-04:00,28.54162148359698,28.615804075457344,28.221163620933314,28.44370460510254,18974100,0.0,0.0
2018-09-04 00:00:00-04:00,28.42590554629039,28.565365513898517,28.259743440714026,28.29534912109375,24842100,0.0,0.0
2018-09-05 00:00:00-04:00,28.387334074943812,28.731533096620307,28.295351170933742,28.669221878051758,28423800,0.0,0.0
2018-09-06 00:00:00-04:00,28.642508491685494,28.698887398478618,28.488214402251902,28.618772506713867,18452400,0.0,0.0
2018-09-07 00:00:00-04:00,28.425903072598256,28.62767423670221,28.378427704321222,28.434804916381836,20017200,0.0,0.0
2018-09-10 00:00:00-04:00,28.51788745526214,28.838347037760336,28.511951760880258,28.752296447753906,24997800,0.0,0.0
2018-09-11 00:00:00-04:00,28.862089304884435,28.97781160057158,28.630648109217045,28.675155639648438,19390500,0.0,0.0
2018-09-12 00:00:00-04:00,28.562397777546565,28.704823895326037,28.46448088273146,28.476348876953125,17700000,0.0,0.0
2018-09-13 00:00:00-04:00,28.28347589701493,28.37249263362766,28.161821331568795,28.224132537841797,22958700,0.0,0.0
2018-09-14 00:00:00-04:00,28.049069861649464,28.141052757182916,27.99566049320595,28.06687355041504,18958200,0.0,0.0
2018-09-17 00:00:00-04:00,28.11434313664209,28.330951822043,28.001590419176786,28.135114669799805,15989400,0.0,0.0
2018-09-18 00:00:00-04:00,28.02829986360148,28.363593611558624,27.936315270739005,28.316118240356445,20279400,0.0,0.0
2018-09-19 00:00:00-04:00,28.357657714854263,28.45260845089758,28.152920402492498,28.259740829467773,17025300,0.0,0.0
2018-09-20 00:00:00-04:00,28.29238354628389,28.422941679821204,28.17369510572878,28.411073684692383,16656900,0.0,0.0
2018-09-21 00:00:00-04:00,28.461513754951312,28.57130204247078,28.375464852181967,28.45557975769043,28590300,0.0,0.0
2018-09-24 00:00:00-04:00,28.31909267042283,28.485256508254647,28.146994834274704,28.164796829223633,16011000,0.0,0.0
2018-09-25 00:00:00-04:00,28.4822849915778,28.639545255524812,28.18556305957202,28.218202590942383,18579600,0.0,0.0
2018-09-26 00:00:00-04:00,28.218201509216005,28.36359377319297,28.046102014237466,28.06687355041504,17755800,0.0,0.0
2018-09-27 00:00:00-04:00,27.948187372450317,28.176662403830655,27.838399081456632,27.930383682250977,16090200,0.0,0.0
2018-09-28 00:00:00-04:00,27.974893183527392,28.00159872071048,27.79982751254082,27.8651065826416,18918900,0.0,0.0
2018-10-01 00:00:00-04:00,27.977858514760555,28.087645105770967,27.9036776056047,28.010498046875,14982900,0.0,0.0
2018-10-02 00:00:00-04:00,27.871033194285342,28.369526235807644,27.84729551125347,28.233034133911133,23263800,0.0,0.0
2018-10-03 00:00:00-04:00,28.336889091353523,28.348758783504906,27.903676738113454,27.912578582763672,18982200,0.0,0.0
2018-10-04 00:00:00-04:00,27.912579259229624,28.04016953921952,27.65443254953005,27.954120635986328,18135900,0.0,0.0
2018-10-05 00:00:00-04:00,27.850266590149136,27.948185180713228,27.562446513293388,27.687068939208984,20080200,0.0,0.0
2018-10-08 00:00:00-04:00,27.66926048266574,28.167753496138328,27.601015284484085,28.096540451049805,17287800,0.0,0.0
2018-10-09 00:00:00-04:00,28.37843355315502,29.00155086145936,28.244909264587957,28.805713653564453,34796700,0.0,0.0
2018-10-10 00:00:00-04:00,28.663280411715636,29.034183196471876,28.39623020294878,28.414033889770508,27008400,0.0,0.0
2018-10-11 00:00:00-04:00,28.42887322339963,28.571301037624746,27.773119858169068,27.868070602416992,29779500,0.0,0.0
2018-10-12 00:00:00-04:00,28.117314808809418,28.23897108376687,27.793889055904167,28.132150650024414,25661700,0.0,0.0
2018-10-15 00:00:00-04:00,28.04016532333982,28.185559271201438,27.838394165039062,27.838394165039062,24916500,0.0,0.0
2018-10-16 00:00:00-04:00,28.099509536084614,28.50601798973813,27.992689114818617,28.428869247436523,33725100,0.0,0.0
2018-10-17 00:00:00-04:00,28.241942288714842,28.669222376628966,28.15885953060967,28.651418685913086,28618200,0.0,0.0
2018-10-18 00:00:00-04:00,28.603935724390944,28.856151809505686,28.408101946610365,28.53569221496582,34195200,0.0,0.0
2018-10-19 00:00:00-04:00,28.48525119753623,28.97484077335257,28.48525119753623,28.826478958129883,26852100,0.0,0.0
2018-10-22 00:00:00-04:00,28.88285448449931,28.95406923407473,28.70482100626691,28.823511123657227,21368700,0.0,0.0
2018-10-23 00:00:00-04:00,28.633616624129743,29.075730882320595,28.51789432574662,29.019351959228516,28217400,0.0,0.0
2018-10-24 00:00:00-04:00,28.930335499804514,29.425860809262144,28.865056431852636,28.948139190673828,31094100,0.0,0.0
2018-10-25 00:00:00-04:00,29.081666078095616,29.517848079612325,28.781977928187423,29.4288330078125,32211300,0.0,0.0
2018-10-26 00:00:00-04:00,29.31904268259801,29.574219868594223,29.084630244261277,29.357614517211914,44776800,0.0,0.0
2018-10-29 00:00:00-04:00,29.526736661109606,30.185459479771822,29.402114251129024,29.6127872467041,38118300,0.0,0.0
2018-10-30 00:00:00-04:00,29.734448359871877,30.44361454729808,29.68994083160364,30.39020347595215,38125500,0.0,0.0
2018-10-31 00:00:00-04:00,30.410973591258916,30.410973591258916,29.7077431321198,29.755218505859375,37064700,0.0,0.0
2018-11-01 00:00:00-04:00,29.660263390737136,30.019294790614957,29.58905203846734,29.8442325592041,23205300,0.0,0.0
2018-11-02 00:00:00-04:00,29.933247980308074,30.13798528979131,29.764118045266997,30.069738388061523,21909600,0.0,0.0
2018-11-05 00:00:00-05:00,30.025237592593683,30.61274581964865,29.85907207178504,30.535598754882812,22850400,0.0,0.0
2018-11-06 00:00:00-05:00,30.425806380185655,30.692854906209963,30.280412426003046,30.660215377807617,19106100,0.0,0.0
2018-11-07 00:00:00-05:00,30.758140373608516,30.99848511583478,30.57713900604347,30.953977584838867,26017800,0.0,0.0
2018-11-08 00:00:00-05:00,30.95694010142406,31.232888783500027,30.867921659055714,31.120134353637695,17884200,0.0,0.0
2018-11-09 00:00:00-05:00,31.155733960221482,31.42278242931085,31.099358457203774,31.3218994140625,25351200,0.0,0.0
2018-11-12 00:00:00-05:00,31.304109070978956,31.514778731126707,30.7551726657429,30.820451736450195,26829300,0.0,0.0
2018-11-13 00:00:00-05:00,30.761099503464365,30.9035255997104,30.425804098523614,30.544490814208984,23870100,0.0,0.0
2018-11-14 00:00:00-05:00,30.562294229207588,30.606801747194226,29.97181831594151,30.126115798950195,31445700,0.0,0.0
2018-11-15 00:00:00-05:00,30.360527591602693,30.50295369978768,29.262658400953576,29.535642623901367,48247800,0.0,0.0
2018-11-16 00:00:00-05:00,29.322006994940406,29.500040510860135,28.758238156185953,28.986711502075195,42705600,0.0,0.0
2018-11-19 00:00:00-05:00,29.06089676051014,29.152879676803128,28.61284677995805,28.716697692871094,27643200,0.0,0.0
2018-11-20 00:00:00-05:00,28.182594226121402,28.247873286578447,27.773119570260345,27.93928337097168,37861800,0.0,0.0
2018-11-21 00:00:00-05:00,27.99863415847917,28.164798003237316,27.687076312862526,27.942256927490234,28052700,0.0,0.0
2018-11-23 00:00:00-05:00,27.930382503660635,28.35172686609634,27.930382503660635,28.218202590942383,14670000,0.0,0.0
2018-11-26 00:00:00-05:00,28.393263918839516,28.506018337704155,28.111377871677917,28.233034133911133,30103800,0.0,0.0
2018-11-27 00:00:00-05:00,28.185561650274582,28.348757601113224,28.013462157303817,28.200397491455078,27126900,0.0,0.0
2018-11-28 00:00:00-05:00,28.322052789988472,28.965938122578486,28.20336266892887,28.9184627532959,30212400,0.0,0.0
2018-11-29 00:00:00-05:00,28.78790420730883,29.02824889739406,28.704821463383155,28.868019104003906,18723900,0.0,0.0
2018-11-30 00:00:00-05:00,28.900664760917216,29.206288572062544,28.802746155779758,28.974843978881836,31992000,0.0,0.0
2018-12-03 00:00:00-05:00,29.084624586671858,29.55047812919409,28.98077370292056,29.301233291625977,27246300,0.0,0.0
2018-12-04 00:00:00-05:00,29.152869419997394,29.36354241549175,28.369525889507745,28.428869247436523,31278900,0.0,0.0
2018-12-06 00:00:00-05:00,28.32445926576735,28.464678583642815,27.775511339919298,28.273740768432617,31101600,0.173333,0.0
2018-12-07 00:00:00-05:00,28.193182691066074,28.38113642292303,27.5815853446876,27.802356719970703,25489500,0.0,0.0
2018-12-10 00:00:00-05:00,27.912745673673598,28.118601979899154,27.54877092473424,28.02611541748047,21830700,0.0,0.0
2018-12-11 00:00:00-05:00,28.118605423043128,28.19020710572274,27.82026251786658,27.999267578125,19357500,0.0,0.0
2018-12-12 00:00:00-05:00,28.13351629028767,28.13351629028767,27.76357517228441,27.778491973876953,28917600,0.0,0.0
2018-12-13 00:00:00-05:00,27.820258527239577,27.948546777480427,27.57561990662234,27.733741760253906,24126900,0.0,0.0
2018-12-14 00:00:00-05:00,27.46225319664423,27.614406980698483,27.319049836018902,27.402585983276367,34480800,0.0,0.0
2018-12-17 00:00:00-05:00,27.214632223102157,27.450320447385895,26.898390187927106,27.08037757873535,27005400,0.0,0.0
2018-12-18 00:00:00-05:00,27.089324961330654,27.22656192669062,26.934187151115363,27.172861099243164,28820100,0.0,0.0
2018-12-19 00:00:00-05:00,27.235513099590232,27.745675242194842,26.925237470610032,27.014739990234375,36694500,0.0,0.0
2018-12-20 00:00:00-05:00,26.88347047324632,26.88347047324632,25.699057978821546,26.039165496826172,49121400,0.0,0.0
2018-12-21 00:00:00-05:00,25.91684723077609,26.692532876402073,25.895962342502127,25.994415283203125,44764500,0.0,0.0
2018-12-24 00:00:00-05:00,25.81839503715381,26.125686626774936,25.59165554550643,25.60359001159668,18330900,0.0,0.0
2018-12-26 00:00:00-05:00,25.782592178341034,26.975953298375497,25.7467904911808,26.972970962524414,30084900,0.0,0.0
2018-12-27 00:00:00-05:00,26.776069844194716,27.330982401226407,26.38524211250734,27.325016021728516,29644500,0.0,0.0
2018-12-28 00:00:00-05:00,27.468217272176645,27.88589453322834,27.342913069590058,27.486116409301758,29622000,0.0,0.0
2018-12-31 00:00:00-05:00,27.647222902599143,27.86202793010912,27.52192039666464,27.79042625427246,21017400,0.0,0.0
2019-01-02 00:00:00-05:00,27.33993264480448,27.93959731193573,27.33993264480448,27.847110748291016,24458100,0.0,0.0
2019-01-03 00:00:00-05:00,27.808330163123557,28.25584111317606,27.656176371820955,27.70391082763672,24831900,0.0,0.0
2019-01-04 00:00:00-05:00,27.80832806095696,27.94258099440012,27.65319194484261,27.8769474029541,24087300,0.0,0.0
2019-01-07 00:00:00-05:00,27.93064217751695,28.393069796377,27.799371608856568,28.205114364624023,23369100,0.0,0.0
2019-01-08 00:00:00-05:00,28.360253342927656,28.569091961576273,28.017161814324464,28.402021408081055,21602700,0.0,0.0
2019-01-09 00:00:00-05:00,28.554182066531627,28.682466921688636,28.273741714280334,28.309541702270508,18816900,0.0,0.0
2019-01-10 00:00:00-05:00,28.0082149644276,28.336389734565774,27.781477180757367,28.33042335510254,28188900,0.0,0.0
2019-01-11 00:00:00-05:00,28.339368805136814,28.42886960273637,28.208098237268207,28.29461669921875,16183800,0.0,0.0
2019-01-14 00:00:00-05:00,28.187217154785245,28.476607868469294,28.127548244831264,28.327436447143555,21255300,0.0,0.0
2019-01-15 00:00:00-05:00,28.482582051521348,28.81970730269312,28.45573077861708,28.715286254882812,21174600,0.0,0.0
2019-01-16 00:00:00-05:00,28.619816779019896,28.897273081914882,28.589981464671713,28.745121002197266,16230000,0.0,0.0
2019-01-17 00:00:00-05:00,28.736166761938772,29.00168857817855,28.688432311028404,28.861469268798828,16843500,0.0,0.0
2019-01-18 00:00:00-05:00,28.9241184538419,29.297045318639633,28.894284850936,29.15682601928711,18361800,0.0,0.0
2019-01-22 00:00:00-05:00,28.98378716507303,29.365666179119547,28.873401462892964,29.085224151611328,24189600,0.0,0.0
2019-01-23 00:00:00-05:00,29.496935631535706,29.640138975936583,29.097155787399924,29.44919776916504,25037400,0.0,0.0
2019-01-24 00:00:00-05:00,29.297051233174074,29.37461929923637,28.768988160964668,29.344785690307617,22829100,0.0,0.0
2019-01-25 00:00:00-05:00,29.461134096931364,29.50886854531622,28.86445178500217,28.92113494873047,21654600,0.0,0.0
2019-01-28 00:00:00-05:00,28.798819533678568,28.95992374077433,28.66456830392372,28.956939697265625,17627400,0.0,0.0
2019-01-29 00:00:00-05:00,28.870418926002813,28.98676929284292,28.79284746246014,28.85251808166504,15760200,0.0,0.0
2019-01-30 00:00:00-05:00,28.843563168636816,28.879364853857084,28.121580156917293,28.282684326171875,35547900,0.0,0.0
2019-01-31 00:00:00-05:00,28.23197079235577,28.90025480768241,28.23197079235577,28.58997917175293,44169000,0.0,0.0
2019-02-01 00:00:00-05:00,28.616828288554533,28.640695512052996,27.77849142300154,28.002246856689453,37775700,0.0,0.0
2019-02-04 00:00:00-05:00,28.002250849040774,28.273740768432617,27.850097064155303,28.273740768432617,21805800,0.0,0.0
2019-02-05 00:00:00-05:00,28.416942977837664,28.622797588126122,28.348323636329074,28.5213623046875,18299700,0.0,0.0
2019-02-06 00:00:00-05:00,28.470643423896547,28.64368208991191,28.407992170058723,28.533294677734375,12794700,0.0,0.0
2019-02-07 00:00:00-05:00,28.375171520127388,28.885335334099498,28.342355582112745,28.858482360839844,21030300,0.0,0.0
2019-02-08 00:00:00-05:00,28.742135619629746,28.84655324006831,28.384125521079998,28.515396118164062,18507600,0.0,0.0
2019-02-11 00:00:00-05:00,28.536276635270504,28.745116977995977,28.533292592117817,28.700363159179688,16628400,0.0,0.0
2019-02-12 00:00:00-05:00,28.885335732130727,28.9897533408423,28.789866838471085,28.930086135864258,17643900,0.0,0.0
2019-02-13 00:00:00-05:00,29.028537018671212,29.237375635554677,28.965885775029843,29.21947479248047,16375500,0.0,0.0
2019-02-14 00:00:00-05:00,29.1419120695216,29.595387657998003,28.945006173990002,29.39251708984375,21602400,0.0,0.0
2019-02-15 00:00:00-05:00,29.52975255092142,29.83406011224421,29.49395427224142,29.831079483032227,28443000,0.0,0.0
2019-02-19 00:00:00-05:00,30.54411048003055,31.081122186131577,30.451625623814078,30.490407943725586,62091900,0.0,0.0
2019-02-20 00:00:00-05:00,30.374054815332833,30.532174952393017,29.4312952505142,29.798254013061523,52895400,0.0,0.0
2019-02-21 00:00:00-05:00,29.7326250042935,29.81019305879711,29.508869556432742,29.65207290649414,19239600,0.0,0.0
2019-02-22 00:00:00-05:00,29.780360220599604,29.881793795604867,29.57748624211454,29.69980812072754,24260700,0.0,0.0
2019-02-25 00:00:00-05:00,29.869855447915395,29.872839490729636,29.550631151524254,29.571516036987305,27705000,0.0,0.0
2019-02-26 00:00:00-05:00,29.54168834447568,29.55362110388209,29.19859505120229,29.443235397338867,25464300,0.0,0.0
2019-02-27 00:00:00-05:00,29.27318477301484,29.353733465996886,29.115061187982732,29.270200729370117,23706900,0.0,0.0
2019-02-28 00:00:00-05:00,29.27019804992138,29.67593917828435,29.168761060712004,29.53273582458496,34127700,0.0,0.0
2019-03-01 00:00:00-05:00,29.6759372429436,29.702790217299118,28.974837322789988,29.216493606567383,31057500,0.0,0.0
2019-03-04 00:00:00-05:00,29.27317713196985,29.413396418532813,29.049421716347595,29.192625045776367,23051400,0.0,0.0
2019-03-05 00:00:00-05:00,29.27615872174885,29.592398991173457,29.264225964130535,29.338809967041016,18357900,0.0,0.0
2019-03-06 00:00:00-05:00,29.317931171532127,29.535718528457075,29.195609298506632,29.3149471282959,14089800,0.0,0.0
2019-03-07 00:00:00-05:00,29.150859834025635,29.297047229187452,29.010640525528988,29.073291778564453,18379800,0.0,0.0
2019-03-08 00:00:00-05:00,29.103122326388817,29.36267944126424,28.939034102704714,29.115055084228516,16977000,0.0,0.0
2019-03-11 00:00:00-04:00,29.249312219222517,29.41041641372915,29.18367692410966,29.380582809448242,16035900,0.0,0.0
2019-03-12 00:00:00-04:00,29.395499418255007,29.45815066968029,29.252296070106198,29.34776496887207,15211500,0.0,0.0
2019-03-13 00:00:00-04:00,29.4462186673182,29.640140513087367,29.353730395195218,29.544668197631836,16446900,0.0,0.0
2019-03-14 00:00:00-04:00,29.517679623958813,29.523679824208056,29.27172290287247,29.460691452026367,14777400,0.176667,0.0
2019-03-15 00:00:00-04:00,29.478679223799844,29.547667782273873,29.274717080503578,29.520673751831055,43800000,0.0,0.0
2019-03-18 00:00:00-04:00,29.48467337761995,29.925595235896996,29.472676414617105,29.892601013183594,17310300,0.0,0.0
2019-03-19 00:00:00-04:00,29.991590934606528,30.141561589930163,29.8656107784831,29.949596405029297,16243200,0.0,0.0
2019-03-20 00:00:00-04:00,29.75462243453694,29.85960529522518,29.556660540777088,29.586654663085938,18969300,0.0,0.0
2019-03-21 00:00:00-04:00,29.469680392028877,29.73363077763887,29.424689200089347,29.712636947631836,19653000,0.0,0.0
2019-03-22 00:00:00-04:00,29.568669307136286,29.853617015430128,29.376704101640392,29.478683471679688,20124300,0.0,0.0
2019-03-25 00:00:00-04:00,29.334704781201967,29.580661447840644,29.28371338819794,29.4456844329834,16222200,0.0,0.0
2019-03-26 00:00:00-04:00,29.50267575235448,29.649649731087802,29.403693066721342,29.490678787231445,14837700,0.0,0.0
2019-03-27 00:00:00-04:00,29.4366867119683,29.652649242943784,28.494858032615834,29.15773582458496,25413600,0.0,0.0
2019-03-28 00:00:00-04:00,29.271715054041344,29.355700671966886,28.953773178260285,29.13374137878418,24162900,0.0,0.0
2019-03-29 00:00:00-04:00,29.271710768466363,29.295708126906536,29.10674308869576,29.253713607788086,22319700,0.0,0.0
2019-04-01 00:00:00-04:00,29.385695156758683,29.50267500341079,29.262718544001313,29.3407039642334,25517400,0.0,0.0
2019-04-02 00:00:00-04:00,29.322710303839763,29.487681462082612,29.064756650081264,29.076753616333008,18822000,0.0,0.0
2019-04-03 00:00:00-04:00,29.130743763408255,29.21472938849515,29.03176107304958,29.15174102783203,17062500,0.0,0.0
2019-04-04 00:00:00-04:00,29.169734985192772,29.478676555385334,29.16673488594666,29.427688598632812,12078900,0.0,0.0
2019-04-05 00:00:00-04:00,29.469682043451886,29.75462970764473,29.442688013297058,29.64365005493164,13968000,0.0,0.0
2019-04-08 00:00:00-04:00,29.529677780113445,29.76963431060632,29.472689605887812,29.76363754272461,16267200,0.0,0.0
2019-04-09 00:00:00-04:00,29.634652095340073,29.763628907598864,29.439686827264417,29.60165786743164,13102500,0.0,0.0
2019-04-10 00:00:00-04:00,29.547664922560035,29.910601411693854,29.544664823332717,29.87460708618164,12273300,0.0,0.0
2019-04-11 00:00:00-04:00,29.904605872382664,30.243545053112527,29.835617309837126,30.23454475402832,16820700,0.0,0.0
2019-04-12 00:00:00-04:00,30.294537510483483,30.600482470496793,30.294537510483483,30.462505340576172,15486000,0.0,0.0
2019-04-15 00:00:00-04:00,30.38452193591725,30.86743505763986,30.372524968526353,30.723461151123047,15335700,0.0,0.0
2019-04-16 00:00:00-04:00,30.861426040806748,31.011400104477108,30.756446599062894,30.87342643737793,14485200,0.0,0.0
2019-04-17 00:00:00-04:00,30.894431560814624,31.014411542135772,30.717463405376986,30.94242286682129,11187600,0.0,0.0
2019-04-18 00:00:00-04:00,30.927414680008493,31.134376898222474,30.861426228895667,30.94841194152832,11183400,0.0,0.0
2019-04-22 00:00:00-04:00,30.828436216274646,31.05639572716082,30.645471333738058,30.705459594726562,15238200,0.0,0.0
2019-04-23 00:00:00-04:00,30.75345328356218,30.98141281219031,30.576485153786198,30.915424346923828,15152400,0.0,0.0
2019-04-24 00:00:00-04:00,30.93641409982805,31.149376510322465,30.92141703705585,31.053390502929688,14093400,0.0,0.0
2019-04-25 00:00:00-04:00,30.966410348728402,31.23936102902775,30.843433739042364,31.050395965576172,11883300,0.0,0.0
2019-04-26 00:00:00-04:00,30.129566251900602,30.696464970956143,29.892609857600096,30.453508377075195,24323100,0.0,0.0
2019-04-29 00:00:00-04:00,30.55848793851727,30.594482270897302,30.228549045322918,30.462505340576172,19139100,0.0,0.0
2019-04-30 00:00:00-04:00,30.525485972386672,30.87042527719031,30.429503398762503,30.84642791748047,18400800,0.0,0.0
2019-05-01 00:00:00-04:00,30.825440212178506,30.83743717811255,30.37851804690059,30.402515411376953,16011600,0.0,0.0
2019-05-02 00:00:00-04:00,30.423516582362176,30.61248169236604,30.066580197282395,30.33953094482422,15021000,0.0,0.0
2019-05-03 00:00:00-04:00,30.690456357818668,30.819433152572447,30.534485537570035,30.618471145629883,15950700,0.0,0.0
2019-05-06 00:00:00-04:00,30.219548980999736,30.759453673074656,30.156560615148937,30.73245620727539,13841100,0.0,0.0
2019-05-07 00:00:00-04:00,30.534486004847547,30.645465640100603,30.222540926968986,30.384511947631836,13726800,0.0,0.0
2019-05-08 00:00:00-04:00,30.069574773638678,30.306531142620734,29.952594922578438,30.084571838378906,17646000,0.0,0.0
2019-05-09 00:00:00-04:00,29.933799190751717,30.135828770347935,29.807153267595492,30.015214920043945,18720300,0.176667,0.0
2019-05-10 00:00:00-04:00,30.081548712709875,30.79016531315393,30.063455948126546,30.7298583984375,26228100,0.0,0.0
2019-05-13 00:00:00-04:00,30.289613949646608,30.500691627226047,29.85539790027124,30.120750427246094,22084500,0.0,0.0
2019-05-14 00:00:00-04:00,30.19614286270313,30.416265237104813,30.12075574614235,30.24137306213379,19061100,0.0,0.0
2019-05-15 00:00:00-04:00,30.214238470815445,30.26248471157542,29.89158806921204,30.11774253845215,20220900,0.0,0.0
2019-05-16 00:00:00-04:00,31.007281589284425,31.348017799936493,30.407217998702315,30.548940658569336,51366000,0.0,0.0
2019-05-17 00:00:00-04:00,30.22629140656499,30.741923187957237,30.12678291351693,30.413244247436523,37113900,0.0,0.0
2019-05-20 00:00:00-04:00,30.27152307431674,30.750969345092376,30.229308916500205,30.612262725830078,21582300,0.0,0.0
2019-05-21 00:00:00-04:00,30.60924361611381,30.65145776969192,30.274536071112497,30.49164581298828,20667300,0.0,0.0
2019-05-22 00:00:00-04:00,30.636391789888776,30.886667636521,30.473560307397143,30.82636070251465,22022700,0.0,0.0
2019-05-23 00:00:00-04:00,30.70273001041317,30.735899517162913,30.349929584688375,30.714794158935547,19363800,0.0,0.0
2019-05-24 00:00:00-04:00,30.81127887763525,31.0253691481493,30.781125415614753,30.959030151367188,13449600,0.0,0.0
2019-05-28 00:00:00-04:00,30.92586552814828,31.230419649592974,30.877615845682246,30.883647918701172,30815100,0.0,0.0
2019-05-29 00:00:00-04:00,30.790172058527812,31.022355111388503,30.597187128483355,30.793188095092773,19560600,0.0,0.0
2019-05-30 00:00:00-04:00,30.904758661807925,31.20629676565599,30.729866492559193,30.814294815063477,15058800,0.0,0.0
2019-05-31 00:00:00-04:00,30.561001153312127,30.76303419015542,30.33484672598042,30.588138580322266,17782500,0.0,0.0
2019-06-03 00:00:00-04:00,30.64543321032782,30.96204803123703,30.576078173045712,30.74494171142578,19844100,0.0,0.0
2019-06-04 00:00:00-04:00,30.940949537985453,30.95301023601761,30.588145651085885,30.925872802734375,17894700,0.0,0.0
2019-06-05 00:00:00-04:00,30.983159406047044,31.595283744470752,30.937929206571784,31.486730575561523,20708700,0.0,0.0
2019-06-06 00:00:00-04:00,31.507835132838807,31.86063547234366,31.420387331639695,31.694787979125977,24191100,0.0,0.0
2019-06-07 00:00:00-04:00,31.730973052054935,32.07171269186599,31.676694750289833,31.98124885559082,20428200,0.0,0.0
2019-06-10 00:00:00-04:00,32.10789134938732,32.49989321278443,32.0747253056084,32.42149353027344,18977100,0.0,0.0
2019-06-11 00:00:00-04:00,32.56624569640544,32.85873919713906,32.49086201868569,32.548152923583984,20241900,0.0,0.0
2019-06-12 00:00:00-04:00,32.54212273754768,32.840648330160654,32.54212273754768,32.81351089477539,13905300,0.0,0.0
2019-06-13 00:00:00-04:00,32.86778232209818,33.0426779675842,32.61750645325876,32.762245178222656,16455000,0.0,0.0
2019-06-14 00:00:00-04:00,32.801441494836226,33.04568872674122,32.704949016862145,32.88888931274414,13577700,0.0,0.0
2019-06-17 00:00:00-04:00,32.90396255863712,33.03362452784717,32.64463862021702,32.91602325439453,12441000,0.0,0.0
2019-06-18 00:00:00-04:00,33.10900048088063,33.157246703519625,32.84063194583934,33.06377029418945,14733600,0.0,0.0
2019-06-19 00:00:00-04:00,33.10900813260308,33.12107227918247,32.82857883980339,33.05473327636719,11773800,0.0,0.0
2019-06-20 00:00:00-04:00,33.11502974902688,33.31706273032082,32.95219833005145,33.26580047607422,15004500,0.0,0.0
2019-06-21 00:00:00-04:00,33.2718290412188,33.82967831477588,33.24770765740278,33.51004409790039,39535800,0.0,0.0
2019-06-24 00:00:00-04:00,33.61860798908877,33.838730330360434,33.479897924033345,33.5432243347168,18098400,0.0,0.0
2019-06-25 00:00:00-04:00,33.434667432148004,33.6005149211244,33.28992874654382,33.38642120361328,18315000,0.0,0.0
2019-06-26 00:00:00-04:00,33.42562912827869,33.494984173370085,33.19947467335238,33.217567443847656,12485100,0.0,0.0
2019-06-27 00:00:00-04:00,33.187413638124006,33.323104239189874,32.82556513359551,33.1994743347168,16443900,0.0,0.0
2019-06-28 00:00:00-04:00,33.33516314051493,33.624640548210664,33.241686707979554,33.317073822021484,19520100,0.0,0.0
2019-07-01 00:00:00-04:00,33.56131929600839,33.76335235488615,33.17534939935688,33.35627365112305,16544100,0.0,0.0
2019-07-02 00:00:00-04:00,33.41959646489253,33.65479902633848,33.271841717490446,33.65178298950195,12188700,0.0,0.0
2019-07-03 00:00:00-04:00,33.52514413094466,33.89302133332025,33.470865808950705,33.868896484375,9621900,0.0,0.0
2019-07-05 00:00:00-04:00,33.772397488909725,33.84476857096983,33.53418233700759,33.7663688659668,10738200,0.0,0.0
2019-07-08 00:00:00-04:00,33.74827080216602,34.052824914574074,33.68193180429698,33.989501953125,14147100,0.0,0.0
2019-07-09 00:00:00-04:00,34.040770095778484,34.18852139743576,33.953322278717174,34.03775405883789,16270200,0.0,0.0
2019-07-10 00:00:00-04:00,34.11012303890432,34.25787433145166,33.88999721677468,34.06790542602539,13737000,0.0,0.0
2019-07-11 00:00:00-04:00,34.17644912352244,34.357373319396466,34.07995667916856,34.351341247558594,11689800,0.0,0.0
2019-07-12 00:00:00-04:00,34.40261727791704,34.60766639238703,34.260894590569876,34.55640411376953,11229900,0.0,0.0
2019-07-15 00:00:00-04:00,34.57750248303495,34.70113582432167,34.51116693388055,34.670982360839844,10038000,0.0,0.0
2019-07-16 00:00:00-04:00,34.77651323731135,34.82475946038599,34.387527416739175,34.604637145996094,10464600,0.0,0.0
2019-07-17 00:00:00-04:00,34.619727090048976,34.72828027069325,34.43578678461992,34.55640411376953,8065500,0.0,0.0
2019-07-18 00:00:00-04:00,34.48101730969147,34.61067583676308,34.29707702096025,34.592586517333984,9670800,0.0,0.0
2019-07-19 00:00:00-04:00,34.67701322586934,34.77049310972032,34.33326095926919,34.34532165527344,11388900,0.0,0.0
2019-07-22 00:00:00-04:00,34.40562313807435,34.47799420432588,33.86888256618339,34.0196533203125,13550700,0.0,0.0
2019-07-23 00:00:00-04:00,34.11011618661488,34.13423757412033,33.642727207142364,33.799530029296875,17262600,0.0,0.0
2019-07-24 00:00:00-04:00,33.781444197950144,34.01061468050772,33.64273411337125,33.772396087646484,12531900,0.0,0.0
2019-07-25 00:00:00-04:00,33.826669164035636,33.889992122993405,33.66986978479188,33.83872985839844,11554500,0.0,0.0
2019-07-26 00:00:00-04:00,33.80857905991067,34.1764561482693,33.718118668801125,34.07996368408203,14187000,0.0,0.0
2019-07-29 00:00:00-04:00,34.025681263361506,34.06789541299013,33.7000184064374,33.85380172729492,11239800,0.0,0.0
2019-07-30 00:00:00-04:00,33.79048156738281,33.89300609031419,33.67288031470767,33.79048156738281,9105600,0.0,0.0
2019-07-31 00:00:00-04:00,33.745265945504414,33.87492794777937,33.05775434936777,33.28390884399414,18633900,0.0,0.0
2019-08-01 00:00:00-04:00,33.265821150881514,33.82366732122874,32.96427950937781,32.98237228393555,22365000,0.0,0.0
2019-08-02 00:00:00-04:00,33.09092023619077,33.211534100424196,32.61147046350254,32.98839569091797,16970100,0.0,0.0
2019-08-05 00:00:00-04:00,32.56624243932398,32.56624243932398,31.839532816087345,31.90888786315918,22710000,0.0,0.0
2019-08-06 00:00:00-04:00,32.020448409218005,32.517987399438596,31.839524198908077,32.34611129760742,21049200,0.0,0.0
2019-08-07 00:00:00-04:00,32.27072478293398,32.75921912438781,31.939033267045083,32.62654113769531,21835500,0.0,0.0
2019-08-08 00:00:00-04:00,32.72956917524503,32.9810769254627,32.65684187003635,32.88410949707031,13123200,0.176667,0.0
2019-08-09 00:00:00-04:00,32.744722104838615,32.86592966376476,32.3356396578049,32.50836181640625,12580500,0.0,0.0
2019-08-12 00:00:00-04:00,32.338681167697835,32.37504483445735,31.768996437175968,31.884145736694336,17605200,0.0,0.0
2019-08-13 00:00:00-04:00,31.89322054502146,32.759869050425934,31.772013000892162,32.547752380371094,20025900,0.0,0.0
2019-08-14 00:00:00-04:00,31.962924268430093,32.74472559092054,31.85989505811094,32.18110275268555,27938400,0.0,0.0
2019-08-15 00:00:00-04:00,34.099232808625885,34.43559138927367,33.38106975171421,34.1477165222168,59438700,0.0,0.0
2019-08-16 00:00:00-04:00,34.568929081344535,34.826498642327785,33.956819045817774,34.23863220214844,32895600,0.0,0.0
2019-08-19 00:00:00-04:00,34.65074312449119,34.78103986936697,34.423475472928125,34.48711013793945,21534300,0.0,0.0
2019-08-20 00:00:00-04:00,34.50226413293119,34.55680615471625,33.94166869335304,33.95378875732422,18336900,0.0,0.0
2019-08-21 00:00:00-04:00,34.538630823425635,34.56590530727943,33.902280529508914,33.944705963134766,24469200,0.0,0.0
2019-08-22 00:00:00-04:00,33.99924759667913,34.1780315579225,33.741678012014404,33.91136932373047,17986200,0.0,0.0
2019-08-23 00:00:00-04:00,33.8234938471323,33.91136865050671,33.3719858943089,33.584102630615234,18710100,0.0,0.0
2019-08-26 00:00:00-04:00,33.80530769547697,34.02045181957082,33.70227848969315,33.93560791015625,17807100,0.0,0.0
2019-08-27 00:00:00-04:00,34.065914154052734,34.18409433859519,33.79016270200714,34.065914154052734,17201100,0.0,0.0
2019-08-28 00:00:00-04:00,34.0234834747607,34.26590208108304,33.84166865306163,34.15681457519531,16113000,0.0,0.0
2019-08-29 00:00:00-04:00,34.60529559220419,34.7234757719673,34.335605918211485,34.56893539428711,15811500,0.0,0.0
2019-08-30 00:00:00-04:00,34.847707086016605,34.96285635865411,34.514382799413866,34.623470306396484,17115900,0.0,0.0
2019-09-03 00:00:00-04:00,34.44771841767693,34.94164830043404,34.39014551331883,34.73862075805664,17828100,0.0,0.0
2019-09-04 00:00:00-04:00,35.05680092558775,35.13861744146727,34.793173012491614,35.12346649169922,17348700,0.0,0.0
2019-09-05 00:00:00-04:00,35.65677445295065,35.74465270358417,34.92951872777765,34.98103332519531,17479200,0.0,0.0
2019-09-06 00:00:00-04:00,34.98103579838263,35.074972352640955,34.73255890877403,34.76588821411133,13039200,0.0,0.0
2019-09-09 00:00:00-04:00,34.69620626197102,35.335583984587295,34.66590089398018,35.25074005126953,17921100,0.0,0.0
2019-09-10 00:00:00-04:00,35.14770409510748,35.44163732541879,34.993160272445564,35.16588592529297,14572200,0.0,0.0
2019-09-11 00:00:00-04:00,35.15073338911011,35.36285010791267,34.914373075212985,35.15679168701172,15852300,0.0,0.0
2019-09-12 00:00:00-04:00,35.34769933198014,35.47497215062556,35.120431643286466,35.42951583862305,13422900,0.0,0.0
2019-09-13 00:00:00-04:00,35.50225177185873,35.81436692605191,35.43861708102126,35.584068298339844,16915800,0.0,0.0
2019-09-16 00:00:00-04:00,35.31436856844486,35.505272586818734,34.96285895873676,35.02043533325195,18270900,0.0,0.0
2019-09-17 00:00:00-04:00,34.9446724063703,35.359816632773565,34.923463163525476,35.30527114868164,13813500,0.0,0.0
2019-09-18 00:00:00-04:00,35.42648830196361,35.52345575633207,35.205278912552636,35.50224304199219,11868000,0.0,0.0
2019-09-19 00:00:00-04:00,35.57496586677095,35.699207798209024,35.38406184673953,35.487091064453125,10141800,0.0,0.0
2019-09-20 00:00:00-04:00,35.55981855326622,35.64769335599483,35.393154661429705,35.447696685791016,33997200,0.0,0.0
2019-09-23 00:00:00-04:00,35.33558289803471,35.881027487644936,35.320431948420264,35.641639709472656,15487500,0.0,0.0
2019-09-24 00:00:00-04:00,35.83253026153497,36.3203982846254,35.75980295650915,35.87798309326172,21819300,0.0,0.0
2019-09-25 00:00:00-04:00,35.89921188354492,35.97496663702517,35.69921517296066,35.89921188354492,13840800,0.0,0.0
2019-09-26 00:00:00-04:00,35.99918856853553,36.22645618189202,35.81434636994045,35.847679138183594,11960700,0.0,0.0
2019-09-27 00:00:00-04:00,36.123433586242854,36.12949188328362,35.68101838213875,35.89313507080078,10304100,0.0,0.0
2019-09-30 00:00:00-04:00,35.95982159382415,36.19314766000637,35.926488803250855,35.962852478027344,10204200,0.0,0.0
2019-10-01 00:00:00-04:00,36.01435632244821,36.09314194898642,35.671939334464184,35.71133041381836,11187900,0.0,0.0
2019-10-02 00:00:00-04:00,35.57495808089638,35.620414381475996,35.03254803464537,35.18709182739258,17833500,0.0,0.0
2019-10-03 00:00:00-04:00,35.11437444454302,35.39315675249587,34.720442847048126,35.24467468261719,15619500,0.0,0.0
2019-10-04 00:00:00-04:00,35.271953822947125,35.84770040330739,35.20831913088502,35.805274963378906,13881000,0.0,0.0
2019-10-07 00:00:00-04:00,35.787080243796936,35.84768402419797,35.41738886056095,35.5234489440918,14085000,0.0,0.0
2019-10-08 00:00:00-04:00,35.39618300814587,35.95980584907965,35.35072670066253,35.62950897216797,15375300,0.0,0.0
2019-10-09 00:00:00-04:00,35.81132940525325,36.150715516098444,35.76284567513251,36.038597106933594,11710200,0.0,0.0
2019-10-10 00:00:00-04:00,36.0294965759916,36.3264606584611,35.938590902335626,36.24464416503906,13024500,0.0,0.0
2019-10-11 00:00:00-04:00,36.338583589879306,36.57797479149627,35.97495739872231,36.43555450439453,18383700,0.0,0.0
2019-10-14 00:00:00-04:00,36.31737894679434,36.50222121480628,36.090111248088284,36.11132049560547,13719900,0.0,0.0
2019-10-15 00:00:00-04:00,36.15980941022929,36.359802636464416,36.02041651394264,36.22041320800781,13550100,0.0,0.0
2019-10-16 00:00:00-04:00,36.15373235626178,36.39615091270289,36.09009770193527,36.18706512451172,11344800,0.0,0.0
2019-10-17 00:00:00-04:00,36.26282789387603,36.43858095285298,36.16889133260913,36.3143424987793,11732700,0.0,0.0
2019-10-18 00:00:00-04:00,36.49918868755175,36.54464152736124,36.099195374437706,36.10222625732422,16776900,0.0,0.0
2019-10-21 00:00:00-04:00,36.150715050025156,36.31131718724018,36.00526386153816,36.2840461730957,10230300,0.0,0.0
2019-10-22 00:00:00-04:00,36.28707980225224,36.4143491683301,36.17798880175966,36.235565185546875,7634100,0.0,0.0
2019-10-23 00:00:00-04:00,36.11131754545731,36.31737597981205,35.9658663688814,36.165863037109375,8520000,0.0,0.0
2019-10-24 00:00:00-04:00,36.105269359934084,36.23253874160636,35.911334403513365,36.090118408203125,8700900,0.0,0.0
2019-10-25 00:00:00-04:00,36.05980223922222,36.15980056178483,35.81738363959888,36.071922302246094,7692900,0.0,0.0
2019-10-28 00:00:00-04:00,36.13555783897697,36.27191982172746,35.917379360142036,36.126468658447266,10213800,0.0,0.0
2019-10-29 00:00:00-04:00,35.90829672738043,35.97799317285777,35.4780049246501,35.49921417236328,14373300,0.0,0.0
2019-10-30 00:00:00-04:00,35.50830040839705,35.86889916834378,35.46890586776585,35.78708267211914,8988600,0.0,0.0
2019-10-31 00:00:00-04:00,35.73558607655528,35.84164275289917,35.40225815809814,35.53255844116211,14643900,0.0,0.0
2019-11-01 00:00:00-04:00,35.73254540715932,35.747696356773766,35.52345952821593,35.641639709472656,11287800,0.0,0.0
2019-11-04 00:00:00-05:00,35.877995219658644,36.093142857277506,35.50527632499806,35.62648391723633,13938000,0.0,0.0
2019-11-05 00:00:00-05:00,35.65980808676733,36.1022233208189,35.47799674231766,36.01737594604492,12651300,0.0,0.0
2019-11-06 00:00:00-05:00,36.00829866224899,36.24768645245911,35.97193499421371,36.21132278442383,10843200,0.0,0.0
2019-11-07 00:00:00-05:00,36.36282538751238,36.641607649907044,36.223435990229675,36.43252182006836,13324200,0.0,0.0
2019-11-08 00:00:00-05:00,36.456757966020156,36.62948011933328,36.04161723444788,36.1931266784668,11498100,0.0,0.0
2019-11-11 00:00:00-05:00,35.96889309697023,36.25070623620764,35.84162376564662,36.071922302246094,13317000,0.0,0.0
2019-11-12 00:00:00-05:00,36.24161585833689,36.362823420228814,36.00222468150801,36.09616470336914,15189300,0.0,0.0
2019-11-13 00:00:00-05:00,36.10829102870767,36.77494313822633,35.95677808223489,36.659793853759766,23135400,0.0,0.0
2019-11-14 00:00:00-05:00,37.75673759556526,37.99309446205724,36.214347527538386,36.55979537963867,67512600,0.0,0.0
2019-11-15 00:00:00-05:00,36.56888438223454,36.66585183485873,35.87193038301952,36.02041244506836,30413100,0.0,0.0
2019-11-18 00:00:00-05:00,35.89313857400476,36.62645614250432,35.829503907978236,36.43857955932617,19644000,0.0,0.0
2019-11-19 00:00:00-05:00,36.39616767291185,36.47192242298786,36.27495660496006,36.32950210571289,11146200,0.0,0.0
2019-11-20 00:00:00-05:00,36.426467250382665,36.50828376238018,35.877995265576665,36.09920120239258,15227700,0.0,0.0
2019-11-21 00:00:00-05:00,36.008289010117096,36.362826008850696,35.95980528834302,36.320404052734375,12908400,0.0,0.0
2019-11-22 00:00:00-05:00,36.40828347792054,36.45373632264608,36.14162470816618,36.16889572143555,11529300,0.0,0.0
2019-11-25 00:00:00-05:00,36.36281890349971,36.36888066797298,35.726468879122734,36.035552978515625,17644500,0.0,0.0
2019-11-26 00:00:00-05:00,36.04768179780168,36.150711011907575,35.893141444472334,36.11737823486328,18877500,0.0,0.0
2019-11-27 00:00:00-05:00,36.177983642252435,36.302225574900795,35.977990438864936,35.98707962036133,10302300,0.0,0.0
2019-11-29 00:00:00-05:00,36.102236674852016,36.35374800956673,36.05981470568791,36.08708572387695,9471900,0.0,0.0
2019-12-02 00:00:00-05:00,36.105262240711355,36.1749552177995,35.70829975440592,36.1446533203125,17012700,0.0,0.0
2019-12-03 00:00:00-05:00,35.877995651429224,36.04768697617092,35.68709161065856,35.95981216430664,19784400,0.0,0.0
2019-12-04 00:00:00-05:00,36.09617744180659,36.12041757560775,35.84769699727803,35.96587371826172,16669800,0.0,0.0
2019-12-05 00:00:00-05:00,36.02674381886902,36.15458401717324,35.74062212817391,36.11805725097656,13058400,0.176667,0.0
2019-12-06 00:00:00-05:00,36.24589335259663,36.46505044162237,36.19719216430022,36.458961486816406,13022400,0.0,0.0
2019-12-09 00:00:00-05:00,36.39505109040096,36.483323541684065,36.27634082374704,36.33113098144531,14448000,0.0,0.0
2019-12-10 00:00:00-05:00,36.32809171847378,36.39201183660577,36.22764482329918,36.2641716003418,12846900,0.0,0.0
2019-12-11 00:00:00-05:00,36.34330123528773,36.41939576497196,36.07848739524863,36.22154998779297,10519200,0.0,0.0
2019-12-12 00:00:00-05:00,36.221552774659834,36.55941669251401,36.12415037581623,36.452880859375,12447000,0.0,0.0
2019-12-13 00:00:00-05:00,36.27024777675946,36.72377740117108,36.227632057431585,36.614200592041016,16098900,0.0,0.0
2019-12-16 00:00:00-05:00,36.65376178607142,36.93683893262699,36.65376178607142,36.69028854370117,16052100,0.0,0.0
2019-12-17 00:00:00-05:00,36.81509572938742,37.04338281077409,36.73900119672001,36.91554260253906,13727400,0.0,0.0
2019-12-18 00:00:00-05:00,36.98554917748524,37.03729484957594,36.47722937329939,36.48331832885742,15309000,0.0,0.0
2019-12-19 00:00:00-05:00,36.50766580413146,36.681162713750176,36.458964611660946,36.5502815246582,13392300,0.0,0.0
2019-12-20 00:00:00-05:00,36.97641330602428,37.171221553810106,36.532017114347475,36.614200592041016,23863200,0.0,0.0
2019-12-23 00:00:00-05:00,36.58680967264219,36.73595774755486,36.22459341690919,36.230682373046875,13457400,0.0,0.0
2019-12-24 00:00:00-05:00,36.26111189245918,36.404174461894,36.22458513075737,36.37677764892578,6682200,0.0,0.0
2019-12-26 00:00:00-05:00,36.4072151066655,36.480268629368396,36.20632488599989,36.37982177734375,12671400,0.0,0.0
2019-12-27 00:00:00-05:00,36.50765917678186,36.50765917678186,36.29763554009049,36.401126861572266,10632000,0.0,0.0
2019-12-30 00:00:00-05:00,36.465058419490475,36.46810289755953,36.26112018947804,36.34330368041992,8837400,0.0,0.0
2019-12-31 00:00:00-05:00,36.37373799704622,36.46505491341524,35.9749984929514,36.172847747802734,14736000,0.0,0.0
2020-01-02 00:00:00-05:00,36.17894050295099,36.4924555927256,36.13023929887847,36.20329284667969,20294700,0.0,0.0
2020-01-03 00:00:00-05:00,35.9993441979683,36.157625678028126,35.792365011285604,35.8836784362793,16197600,0.0,0.0
2020-01-06 00:00:00-05:00,35.73453659560742,35.94456377966426,35.54277627978282,35.81063461303711,19336500,0.0,0.0
2020-01-07 00:00:00-05:00,35.691923305513264,35.771062315274115,35.36927831057118,35.47885513305664,20540700,0.0,0.0
2020-01-08 00:00:00-05:00,35.399709859329775,35.53059452091621,35.21099406047666,35.35709762573242,17627400,0.0,0.0
2020-01-09 00:00:00-05:00,35.35406078984664,35.725406996379206,35.332752926750544,35.72236251831055,16691100,0.0,0.0
2020-01-10 00:00:00-05:00,35.68584132945316,35.71627914516003,35.302317188100275,35.424068450927734,18164400,0.0,0.0
2020-01-13 00:00:00-05:00,35.424066358362595,35.47581203536144,35.11664374120634,35.27187728881836,18337800,0.0,0.0
2020-01-14 00:00:00-05:00,35.14707294538013,35.37231549983711,35.043581616733995,35.363182067871094,19757400,0.0,0.0
2020-01-15 00:00:00-05:00,34.89138799408567,35.26882305221495,34.857905711373256,35.089237213134766,22362600,0.0,0.0
2020-01-16 00:00:00-05:00,35.1562066773465,35.28709134920868,35.089242102590596,35.277957916259766,16108200,0.0,0.0
2020-01-17 00:00:00-05:00,35.32362261565575,35.39971714967355,34.894441780349524,34.991844177246094,30135000,0.0,0.0
2020-01-21 00:00:00-05:00,34.879212223484565,35.2140315543132,34.857904367111956,35.18359375,22061100,0.0,0.0
2020-01-22 00:00:00-05:00,35.07098215932786,35.46972516931658,35.058807730919455,35.33884048461914,14778300,0.0,0.0
2020-01-23 00:00:00-05:00,35.37232312533473,35.40276093834916,35.01619583632767,35.25056838989258,12915300,0.0,0.0
2020-01-24 00:00:00-05:00,35.308393505196776,35.31752345328669,34.74528366604288,34.81224822998047,13150200,0.0,0.0
2020-01-27 00:00:00-05:00,34.45309126778088,35.37841416591168,34.29785770029906,35.26579284667969,21055200,0.0,0.0
2020-01-28 00:00:00-05:00,35.30230854411912,35.58234125679321,35.29317859499647,35.49102783203125,15810600,0.0,0.0
2020-01-29 00:00:00-05:00,35.47885999850914,35.64931595320395,35.274925231933594,35.274925231933594,11326500,0.0,0.0
2020-01-30 00:00:00-05:00,35.18969930145663,35.527563268746995,35.10447131915179,35.48495101928711,13744500,0.0,0.0
2020-01-31 00:00:00-05:00,35.24752880094571,35.387546940294705,34.66920330668562,34.84878921508789,23327400,0.0,0.0
2020-02-03 00:00:00-05:00,34.97357485841475,35.12272290649116,34.73006890748914,34.78181457519531,13041300,0.0,0.0
2020-02-04 00:00:00-05:00,35.07706695003798,35.38144852441104,34.97053113480783,35.08619689941406,15696600,0.0,0.0
2020-02-05 00:00:00-05:00,35.18664931709438,35.59756677160075,34.958362229411335,35.554954528808594,17048700,0.0,0.0
2020-02-06 00:00:00-05:00,35.56103373508077,35.68278845263585,35.3266612159477,35.40275573730469,16058700,0.0,0.0
2020-02-07 00:00:00-05:00,35.341885666546816,35.539731453123615,35.23534983654409,35.44537353515625,11068800,0.0,0.0
2020-02-10 00:00:00-05:00,35.23230533848358,35.60669601551557,35.01923716198384,35.080116271972656,18434700,0.0,0.0
2020-02-11 00:00:00-05:00,35.134896703165936,35.15620456204731,34.8335596182794,35.12576675415039,17390400,0.0,0.0
2020-02-12 00:00:00-05:00,35.156205275681586,35.43623799075495,35.12881194469507,35.26274108886719,14206800,0.0,0.0
2020-02-13 00:00:00-05:00,35.26274426193206,35.7771495422107,35.18056077819346,35.74671173095703,15999600,0.0,0.0
2020-02-14 00:00:00-05:00,35.81671386459704,36.09066110634587,35.66148034543099,35.8836784362793,24391800,0.0,0.0
2020-02-18 00:00:00-05:00,36.060235755354554,36.51072104769525,35.72236830271395,36.4133186340332,34539600,0.0,0.0
2020-02-19 00:00:00-05:00,36.37374360391438,36.50767277964414,35.819766998291016,35.819766998291016,21563400,0.0,0.0
2020-02-20 00:00:00-05:00,35.67671132194721,35.95065517300978,35.57017895673929,35.82281494140625,15068700,0.0,0.0
2020-02-21 00:00:00-05:00,35.746710729666276,36.145450225981456,35.70713948611439,36.09370803833008,18726300,0.0,0.0
2020-02-24 00:00:00-05:00,35.75279751847927,36.05718260046878,35.293182384434445,35.40580368041992,19848000,0.0,0.0
2020-02-25 00:00:00-05:00,35.41492511260478,35.634082179590685,34.714845165825366,34.818336486816406,23292900,0.0,0.0
2020-02-26 00:00:00-05:00,34.912696418574306,35.055755500041215,34.59309248900041,34.63266372680664,20019900,0.0,0.0
2020-02-27 00:00:00-05:00,34.261322992234355,34.720941598108254,33.58863622767821,33.60385513305664,28476900,0.0,0.0
2020-02-28 00:00:00-05:00,32.77898823468451,33.0316242227455,31.768437315670358,32.775943756103516,52369200,0.0,0.0
2020-03-02 00:00:00-05:00,32.75158937328994,35.43015531449817,32.657227970111094,35.27187728881836,51222600,0.0,0.0
2020-03-03 00:00:00-05:00,35.33274899266499,35.77410421209645,34.194358158655405,34.367855072021484,33340800,0.0,0.0
2020-03-04 00:00:00-05:00,34.77268477210799,35.56407824509517,34.53830876937695,35.54277038574219,24625200,0.0,0.0
2020-03-05 00:00:00-05:00,34.82138311426223,35.68887460788301,34.67223854622268,35.2840461730957,25638300,0.0,0.0
2020-03-06 00:00:00-05:00,34.66006754563183,35.88977187612124,34.398294697827325,35.68279266357422,29411100,0.0,0.0
2020-03-09 00:00:00-04:00,34.64484044271983,36.71768721422076,34.313065548881646,35.66147994995117,59243400,0.0,0.0
2020-03-10 00:00:00-04:00,35.94760416821401,36.73290872702198,34.97966578170547,36.46200942993164,37797300,0.0,0.0
2020-03-11 00:00:00-04:00,35.768017801033224,36.23068091410032,34.33437522617575,34.83052062988281,31620000,0.0,0.0
2020-03-12 00:00:00-04:00,32.27065168704284,33.935625308612785,31.3453292276302,31.671018600463867,56323200,0.0,0.0
2020-03-13 00:00:00-04:00,32.94638758766693,34.879216251854366,31.61927756935976,34.73006820678711,42962100,0.0,0.0
2020-03-16 00:00:00-04:00,32.02106924948669,33.88693727749437,31.0470452299972,32.495906829833984,36753900,0.0,0.0
2020-03-17 00:00:00-04:00,34.325245014683446,36.30373417518872,33.62212039997559,36.300689697265625,52806000,0.0,0.0
2020-03-18 00:00:00-04:00,35.00401799488831,38.9853452527576,34.851828929509736,37.311241149902344,77355900,0.0,0.0
2020-03-19 00:00:00-04:00,38.05110476493041,38.82765585268154,35.962969988153,36.5193977355957,57100500,0.18,0.0
2020-03-20 00:00:00-04:00,36.534691641167264,37.54054362571754,34.208088841472076,34.84400939941406,55423500,0.0,0.0
2020-03-23 00:00:00-04:00,34.9051474824806,35.93545586199778,34.305915440564824,34.938777923583984,39366000,0.0,0.0
2020-03-24 00:00:00-04:00,35.42488345517913,35.88347779083633,34.03075625492557,35.16807174682617,42705000,0.0,0.0
2020-03-25 00:00:00-04:00,34.53826879821645,34.853171049000586,33.03407987064609,33.446815490722656,53287500,0.0,0.0
2020-03-26 00:00:00-04:00,33.44680475266694,33.89622861664051,32.66719599743485,33.57521057128906,58250700,0.0,0.0
2020-03-27 00:00:00-04:00,33.66389027047729,34.32732182885749,33.20223788486822,33.501853942871094,36160500,0.0,0.0
2020-03-30 00:00:00-04:00,34.198907648586015,35.40348048942889,33.91763585613622,35.21698760986328,29212500,0.0,0.0
2020-03-31 00:00:00-04:00,34.94794485644961,35.52271674921323,34.43737589064602,34.73699188232422,26258400,0.0,0.0
2020-04-01 00:00:00-04:00,34.28757457121624,35.32094099993634,34.18057083837967,34.89597702026367,28269600,0.0,0.0
2020-04-02 00:00:00-04:00,34.602462483976616,36.41544077915544,34.34565083289141,36.274803161621094,29515500,0.0,0.0
2020-04-03 00:00:00-04:00,35.834549644897486,36.6600205845316,35.77951708265655,36.52855682373047,28625100,0.0,0.0
2020-04-06 00:00:00-04:00,36.400159991519125,38.641156874659245,36.36347160763983,38.5433235168457,47768700,0.0,0.0
2020-04-07 00:00:00-04:00,37.904346464579675,38.67172703748549,37.18893701711644,37.29594421386719,41369700,0.0,0.0
2020-04-08 00:00:00-04:00,37.815689617341384,37.85237800499082,36.86792842878009,37.250091552734375,27876600,0.0,0.0
2020-04-09 00:00:00-04:00,36.143350337809125,37.56499569105568,35.9721436848169,37.23786163330078,32828700,0.0,0.0
2020-04-13 00:00:00-04:00,37.07582008666878,38.42103052181627,37.045247599342275,38.30791091918945,24194100,0.0,0.0
2020-04-14 00:00:00-04:00,38.85822931341664,39.68063908528982,38.53415322433216,39.43911361694336,34098900,0.0,0.0
2020-04-15 00:00:00-04:00,39.4391070479468,39.70814701252972,38.86433523883323,39.36573028564453,22435200,0.0,0.0
2020-04-16 00:00:00-04:00,39.43911895455676,40.63757960986667,39.2098217513326,40.45719909667969,31882200,0.0,0.0
2020-04-17 00:00:00-04:00,40.197334770105634,40.65287128826414,39.662305558568114,40.393001556396484,30915300,0.0,0.0
2020-04-20 00:00:00-04:00,40.47553675441455,40.77820719440258,39.671467698442555,39.69898223876953,24401700,0.0,0.0
2020-04-21 00:00:00-04:00,39.76624257216748,40.0597426609794,39.18230034315986,39.50331497192383,27900600,0.0,0.0
2020-04-22 00:00:00-04:00,39.74484838380622,40.47248635300484,39.40854744346251,40.230960845947266,19448100,0.0,0.0
2020-04-23 00:00:00-04:00,39.698983364703935,40.078088536703376,39.0508381827288,39.2954216003418,28839900,0.0,0.0
2020-04-24 00:00:00-04:00,39.54613199659301,39.71122278829403,39.30460296124906,39.573646545410156,17343600,0.0,0.0
2020-04-27 00:00:00-04:00,39.74484464399686,39.83962356716248,39.18535894701404,39.22510528564453,17923800,0.0,0.0
2020-04-28 00:00:00-04:00,39.21898245230182,39.818214381947314,39.041659931887246,39.13338088989258,20732100,0.0,0.0
2020-04-29 00:00:00-04:00,38.39046785646781,38.44855489749001,37.467163108278925,37.78818130493164,44612100,0.0,0.0
2020-04-30 00:00:00-04:00,37.62919471470038,37.739256372963,37.00550615321716,37.16142654418945,40497900,0.0,0.0
2020-05-01 00:00:00-04:00,37.14001879449475,37.81568188387409,36.92600790870215,37.58026885986328,31143900,0.0,0.0
2020-05-04 00:00:00-04:00,37.86155689957056,38.03276708138632,37.21035361637457,37.818756103515625,17807700,0.0,0.0
2020-05-05 00:00:00-04:00,37.84932196298725,38.29568803841639,37.684227709044926,38.13365173339844,19337400,0.0,0.0
2020-05-06 00:00:00-04:00,38.280406583608055,38.36601167021757,37.55888449423815,37.69646072387695,17309100,0.0,0.0
2020-05-07 00:00:00-04:00,37.911406620762776,38.07108780328074,37.30954220723467,37.42930221557617,27345600,0.18,0.0
2020-05-08 00:00:00-04:00,37.693385512265166,37.77322434453834,37.34639109624838,37.75172805786133,20830800,0.0,0.0
2020-05-11 00:00:00-04:00,37.782435075522116,38.172422065355356,37.773224389328355,37.97589111328125,25341900,0.0,0.0
2020-05-12 00:00:00-04:00,38.22463793147222,38.586985987163814,38.00968551635742,38.00968551635742,19100100,0.0,0.0
2020-05-13 00:00:00-04:00,37.92368909641922,38.76507345729546,37.79778629806018,37.98817443847656,29175300,0.0,0.0
2020-05-14 00:00:00-04:00,38.33824300019418,38.4242211196823,37.248127878078144,37.89912414550781,22233000,0.0,0.0
2020-05-15 00:00:00-04:00,37.914480317533744,38.67295455932617,37.797791702320445,38.67295455932617,31770000,0.0,0.0
2020-05-18 00:00:00-04:00,39.151990421243156,39.47748857230672,38.72208574413777,39.20112228393555,38633700,0.0,0.0
2020-05-19 00:00:00-04:00,40.45705569582823,40.53075172868482,38.3259573162982,38.36894989013672,74746200,0.0,0.0
2020-05-20 00:00:00-04:00,38.84184266484914,38.872549637313334,38.27068173161437,38.522483825683594,32246400,0.0,0.0
2020-05-21 00:00:00-04:00,38.35052242948976,38.734363082989944,38.15399500281164,38.381229400634766,22448100,0.0,0.0
2020-05-22 00:00:00-04:00,38.41501461882772,38.491782060373275,38.00660620710422,38.178565979003906,22359600,0.0,0.0
2020-05-26 00:00:00-04:00,38.18163248534608,38.54090898559038,37.963608762277325,38.034236907958984,23730600,0.0,0.0
2020-05-27 00:00:00-04:00,38.06801769502944,38.22769536877864,37.16521928700434,37.610477447509766,31073700,0.0,0.0
2020-05-28 00:00:00-04:00,37.99125842285253,38.368959914666405,37.81929511094583,37.9820442199707,24424800,0.0,0.0
2020-05-29 00:00:00-04:00,38.15092819716554,38.29525238460228,37.44158583289339,38.09565353393555,29311200,0.0,0.0
2020-06-01 00:00:00-04:00,37.905267551702444,38.203130117070444,37.573626612357124,38.064945220947266,20550300,0.0,0.0
2020-06-02 00:00:00-04:00,37.951313931264885,38.12327362337526,37.71179751626547,38.05878829956055,19187700,0.0,0.0
2020-06-03 00:00:00-04:00,38.046516569937204,38.074155654940256,37.66574380740245,37.91447448730469,20262900,0.0,0.0
2020-06-04 00:00:00-04:00,37.70873760570931,38.04344640886756,37.407803660099006,37.496856689453125,24015000,0.0,0.0
2020-06-05 00:00:00-04:00,37.63811326016064,37.671891635304696,36.82129648443924,37.32796859741211,39337200,0.0,0.0
2020-06-08 00:00:00-04:00,36.71995852194066,37.22970199584961,36.68310874932369,37.22970199584961,28344300,0.0,0.0
2020-06-09 00:00:00-04:00,37.34024475029951,37.463076144263056,37.02088945153171,37.26347732543945,20746200,0.0,0.0
2020-06-10 00:00:00-04:00,37.32797823474761,37.61662668396735,37.19593610040076,37.20514678955078,28141500,0.0,0.0
2020-06-11 00:00:00-04:00,37.152945330493665,37.64119265949038,36.68926218090104,36.8765754699707,34162800,0.0,0.0
2020-06-12 00:00:00-04:00,37.005532767060714,37.07923230690306,35.946128238233115,36.154937744140625,32359200,0.0,0.0
2020-06-15 00:00:00-04:00,36.35760972338594,36.44359135263237,35.93077649134805,36.25934600830078,32703300,0.0,0.0
2020-06-16 00:00:00-04:00,36.78751905573419,36.919561159387484,36.40060343178327,36.741455078125,25167600,0.0,0.0
2020-06-17 00:00:00-04:00,36.805937009878335,36.8888437199042,36.357607519162435,36.551063537597656,20166900,0.0,0.0
2020-06-18 00:00:00-04:00,36.40060069448562,36.560281875534145,36.13037722088967,36.231712341308594,20070000,0.0,0.0
2020-06-19 00:00:00-04:00,36.508091880329395,36.94106457827321,36.158025931920015,36.80288314819336,40078800,0.0,0.0
2020-06-22 00:00:00-04:00,37.146802418430966,37.490725528390044,36.97176770539346,37.36482620239258,27338400,0.0,0.0
2020-06-23 00:00:00-04:00,37.69339186098891,37.72409883902076,37.143727114491355,37.17750549316406,19727700,0.0,0.0
2020-06-24 00:00:00-04:00,37.076168806892944,37.19285742704794,36.71996365959132,36.94105529785156,20614800,0.0,0.0
2020-06-25 00:00:00-04:00,36.77522592118549,36.898057312669316,36.35146412181296,36.75987243652344,20569800,0.0,0.0
2020-06-26 00:00:00-04:00,36.72610052046399,37.10686978190227,36.240921229431486,36.33304214477539,26991600,0.0,0.0
2020-06-29 00:00:00-04:00,36.38831658820361,36.75066447578938,36.30233495920971,36.560279846191406,16511400,0.0,0.0
2020-06-30 00:00:00-04:00,36.60941232360006,36.888846472734315,36.40059929048023,36.7813720703125,20509200,0.0,0.0
2020-07-01 00:00:00-04:00,36.6800388550608,36.824363037183154,36.43745095138435,36.75373840332031,19733700,0.0,0.0
2020-07-02 00:00:00-04:00,36.87656578912348,37.11915368945124,36.49886439497698,36.60634231567383,17695800,0.0,0.0
2020-07-06 00:00:00-04:00,36.78752874158768,36.80902503585256,36.30234926225278,36.50809097290039,21695100,0.0,0.0
2020-07-07 00:00:00-04:00,36.372962092113404,39.16733860039164,36.3023339508815,38.98309326171875,93458100,0.0,0.0
2020-07-08 00:00:00-04:00,39.30552001513904,39.345437667914034,38.20005159482131,38.21233367919922,52217100,0.0,0.0
2020-07-09 00:00:00-04:00,38.57161312930296,39.36079421759207,38.36894642162731,39.22875213623047,42771600,0.0,0.0
2020-07-10 00:00:00-04:00,39.53275774832721,40.34036372741764,39.078285445864466,40.128482818603516,44236800,0.0,0.0
2020-07-13 00:00:00-04:00,40.328085296508526,41.03435271376552,39.578821790911924,39.77227783203125,42338400,0.0,0.0
2020-07-14 00:00:00-04:00,39.69859017868174,40.68737039426542,39.62181921471412,40.536903381347656,26455800,0.0,0.0
2020-07-15 00:00:00-04:00,40.616731335150355,41.187888739489026,40.16533041750054,40.53382110595703,31731300,0.0,0.0
2020-07-16 00:00:00-04:00,40.54917346101065,40.75798297107957,40.30044278036695,40.59523391723633,17676600,0.0,0.0
2020-07-17 00:00:00-04:00,40.95451609479512,40.95451609479512,40.37107307558022,40.453983306884766,18189600,0.0,0.0
2020-07-20 00:00:00-04:00,40.52154548777694,40.76106201357158,40.2697433600019,40.37107849121094,18342600,0.0,0.0
2020-07-21 00:00:00-04:00,40.39871750858368,41.14490975398657,40.36493912863665,40.63516616821289,21712500,0.0,0.0
2020-07-22 00:00:00-04:00,40.708853070569205,40.85010936013889,40.2850912302356,40.73649215698242,16164600,0.0,0.0
2020-07-23 00:00:00-04:00,40.840886314250334,40.88694676271254,40.321932269372915,40.42326736450195,16796400,0.0,0.0
2020-07-24 00:00:00-04:00,40.211396037973934,40.65665065968299,40.076282545720694,40.300445556640625,13037400,0.0,0.0
2020-07-27 00:00:00-04:00,40.1837513435932,40.52767431230782,40.1837513435932,40.291229248046875,14045700,0.0,0.0
2020-07-28 00:00:00-04:00,40.38028994074107,40.65051696239941,40.20218736473366,40.46012878417969,14414100,0.0,0.0
2020-07-29 00:00:00-04:00,40.39870923400227,40.49083366689248,39.87361226618533,40.131553649902344,14223300,0.0,0.0
2020-07-30 00:00:00-04:00,39.74157535743267,40.04864864067809,39.52662300490441,39.95652770996094,13788300,0.0,0.0
2020-07-31 00:00:00-04:00,39.81220644795226,39.94731996764915,39.18884563391998,39.735435485839844,21631500,0.0,0.0
2020-08-03 00:00:00-04:00,39.892036291131426,39.956521635667855,39.388435620897496,39.70471954345703,14971500,0.0,0.0
2020-08-04 00:00:00-04:00,39.812188908513164,40.44476013193881,39.59416523543435,40.42326736450195,18219600,0.0,0.0
2020-08-05 00:00:00-04:00,40.05785938628914,40.1499803090586,39.56039796928299,39.861331939697266,25483500,0.0,0.0
2020-08-06 00:00:00-04:00,39.6525134460028,39.99029714480735,39.621806475963744,39.72007369995117,14496300,0.0,0.0
2020-08-07 00:00:00-04:00,39.79069381545812,40.06092074387403,39.646369666957376,39.91045379638672,16558500,0.0,0.0
2020-08-10 00:00:00-04:00,39.99336670466513,40.63822358837964,39.81219277842003,40.49696731567383,17683200,0.0,0.0
2020-08-11 00:00:00-04:00,40.715000929041175,40.80098257065431,39.83676665278417,39.98109436035156,25360200,0.0,0.0
2020-08-12 00:00:00-04:00,40.064005599615385,40.604456123780594,39.63717229555269,40.50004959106445,19094400,0.0,0.0
2020-08-13 00:00:00-04:00,40.456888951320806,40.68814164580331,40.30888736799744,40.65422439575195,19867200,0.18,0.0
2020-08-14 00:00:00-04:00,40.80530807925808,40.99955948657375,40.58638797823589,40.885475158691406,20106300,0.0,0.0
2020-08-17 00:00:00-04:00,41.42505596579423,41.97389636708139,41.270889890840444,41.81047821044922,39465000,0.0,0.0
2020-08-18 00:00:00-04:00,41.986233079418255,42.43640582558456,41.061222424119734,41.53606033325195,80232600,0.0,0.0
2020-08-19 00:00:00-04:00,41.381889860269595,41.520639326687714,40.6542147003107,40.826881408691406,38155200,0.0,0.0
2020-08-20 00:00:00-04:00,40.45687977221708,40.722049656587586,40.09920671385961,40.259544372558594,26810700,0.0,0.0
2020-08-21 00:00:00-04:00,40.253371857999966,40.90704441478285,40.114622405345905,40.58637619018555,24864000,0.0,0.0
2020-08-24 00:00:00-04:00,40.77754437598601,40.84846288157783,40.18553823009336,40.49387741088867,19813800,0.0,0.0
2020-08-25 00:00:00-04:00,40.330455897560945,40.466124855351445,39.9820349507967,40.278038024902344,21722400,0.0,0.0
2020-08-26 00:00:00-04:00,40.14855122372252,40.35513875994896,39.9913010791457,40.29963684082031,18814800,0.0,0.0
2020-08-27 00:00:00-04:00,40.416795038604086,42.96674219077541,40.361293133438465,42.1280632019043,119018700,0.0,0.0
2020-08-28 00:00:00-04:00,43.475498672428245,43.49708333544432,42.5011542102223,43.25966262817383,64050900,0.0,0.0
2020-08-31 00:00:00-04:00,42.390156264262316,42.82490887550558,41.78889792309514,42.81257629394531,45236400,0.0,0.0
2020-09-01 00:00:00-04:00,43.53716142414086,46.1241097090735,43.18257593554224,45.5074348449707,106798200,0.0,0.0
2020-09-02 00:00:00-04:00,46.63595553183916,46.66062069506123,44.89693449379977,45.53519058227539,51666000,0.0,0.0
2020-09-03 00:00:00-04:00,45.2330177031725,46.12719504649962,43.72524950543068,44.56700897216797,48015000,0.0,0.0
2020-09-04 00:00:00-04:00,44.40667841187789,44.72118216805186,43.19799724053019,44.039756774902344,33982200,0.0,0.0
2020-09-08 00:00:00-04:00,43.60191786531881,43.75300345712829,42.63065737927008,42.68924331665039,33966900,0.0,0.0
2020-09-09 00:00:00-04:00,43.19491381086803,43.97192289401377,42.99757839474438,43.13324737548828,33669000,0.0,0.0
2020-09-10 00:00:00-04:00,43.18566814697491,43.33366971897183,42.11573636690501,42.183570861816406,33709200,0.0,0.0
2020-09-11 00:00:00-04:00,42.257574188181714,42.68616230216675,41.795068826118104,42.149654388427734,28879800,0.0,0.0
2020-09-14 00:00:00-04:00,41.976971363971735,43.50632037604926,41.89680078788022,42.3408088684082,45733800,0.0,0.0
2020-09-15 00:00:00-04:00,42.62141099504773,42.88349689124156,42.14348903222913,42.35315704345703,30427800,0.0,0.0
2020-09-16 00:00:00-04:00,42.67690174187897,42.760152831659504,41.949226595244745,42.01397705078125,27860400,0.0,0.0
2020-09-17 00:00:00-04:00,41.75805794789442,42.417898591179004,41.6316410679274,42.14656066894531,37245000,0.0,0.0
2020-09-18 00:00:00-04:00,42.069494220409105,42.405582728643296,41.54840635986928,41.714908599853516,54709200,0.0,0.0
2020-09-21 00:00:00-04:00,42.08797836818617,42.31614696952563,41.714892252875444,42.263729095458984,47275500,0.0,0.0
2020-09-22 00:00:00-04:00,42.2637265845336,42.85573624211061,42.10956052718504,42.64606475830078,33102000,0.0,0.0
2020-09-23 00:00:00-04:00,42.85881603934619,42.932818568570994,41.878307227561145,41.93072509765625,23133300,0.0,0.0
2020-09-24 00:00:00-04:00,41.85056721123877,42.485742841454396,41.64706725140318,42.149654388427734,29453100,0.0,0.0
2020-09-25 00:00:00-04:00,42.09415625314255,42.40866004235787,41.92148598396571,42.325408935546875,22618800,0.0,0.0
2020-09-28 00:00:00-04:00,42.29149137754655,42.565909860917436,42.155822385420585,42.31924057006836,21197100,0.0,0.0
2020-09-29 00:00:00-04:00,42.319245163089576,42.59366367624384,42.05407520556772,42.28532791137695,27702900,0.0,0.0
2020-09-30 00:00:00-04:00,42.362402842683856,43.70366898476617,42.30382043476705,43.13941192626953,34826400,0.0,0.0
2020-10-01 00:00:00-04:00,43.413837579729595,44.51768309854512,43.247335367148025,44.116844177246094,43290900,0.0,0.0
2020-10-02 00:00:00-04:00,43.888660520004144,44.122997148609876,43.20723529247909,43.321319580078125,24585000,0.0,0.0
2020-10-05 00:00:00-04:00,43.564921659635786,43.842424161361535,43.497087165870596,43.722171783447266,14259000,0.0,0.0
2020-10-06 00:00:00-04:00,43.74375411264588,44.07367448090445,43.24424751902948,43.36141586303711,21475500,0.0,0.0
2020-10-07 00:00:00-04:00,43.555669864137926,43.64508902341011,43.244250113474315,43.441585540771484,16949100,0.0,0.0
2020-10-08 00:00:00-04:00,43.63274808453383,43.81158638328879,43.51249924776788,43.58649826049805,14676900,0.0,0.0
2020-10-09 00:00:00-04:00,43.679004598699706,44.197008311210254,43.64817138044413,44.02434158325195,14494800,0.0,0.0
2020-10-12 00:00:00-04:00,44.09834582239366,44.82910517893057,44.09834582239366,44.47760009765625,18402300,0.0,0.0
2020-10-13 00:00:00-04:00,44.61018228109835,45.20219210205991,44.51151456571073,45.088104248046875,23800200,0.0,0.0
2020-10-14 00:00:00-04:00,45.14050823913398,45.18059352995005,44.32649807342203,44.38199996948242,19710900,0.0,0.0
2020-10-15 00:00:00-04:00,44.11992581155573,44.696515468795674,44.042842764962906,44.56393051147461,13692600,0.0,0.0
2020-10-16 00:00:00-04:00,44.83217489875919,45.063427517887156,44.54542038073194,44.619422912597656,16935000,0.0,0.0
2020-10-19 00:00:00-04:00,44.73968024279377,44.822931336092395,44.015085564050395,44.07675552368164,14643300,0.0,0.0
2020-10-20 00:00:00-04:00,44.4344251410112,44.872261741991416,44.28333956188007,44.36967468261719,14523000,0.0,0.0
2020-10-21 00:00:00-04:00,44.35116374110423,44.93392125986276,44.35116374110423,44.52383041381836,13114200,0.0,0.0
2020-10-22 00:00:00-04:00,44.45908464493341,44.57317246806215,43.99657941317759,44.261749267578125,13344000,0.0,0.0
2020-10-23 00:00:00-04:00,44.39126076226912,44.44367511320605,44.04592379693016,44.3542594909668,10540500,0.0,0.0
2020-10-26 00:00:00-04:00,44.0428357140708,44.12917082961463,43.45699406784668,43.83316421508789,16111800,0.0,0.0
2020-10-27 00:00:00-04:00,43.79925236759126,44.30801104220984,43.77458720504733,44.05208969116211,11831100,0.0,0.0
2020-10-28 00:00:00-04:00,43.46316346534503,43.82391701688546,43.1301591012661,43.17949295043945,16849200,0.0,0.0
2020-10-29 00:00:00-04:00,43.167155258248535,43.509408134738365,42.766316457946054,43.142486572265625,15153900,0.0,0.0
2020-10-30 00:00:00-04:00,42.91431939539286,43.19490585907998,42.35623049494697,42.781734466552734,18601800,0.0,0.0
2020-11-02 00:00:00-05:00,43.34908658165056,43.41692107695755,42.86808058769652,43.29050064086914,16575600,0.0,0.0
2020-11-03 00:00:00-05:00,43.67592057114702,44.449845640995804,43.651251879361176,44.02434158325195,15413100,0.0,0.0
2020-11-04 00:00:00-05:00,43.65124346815812,44.520755581414754,43.58032849128925,43.7714958190918,17927400,0.0,0.0
2020-11-05 00:00:00-05:00,44.40050540018825,44.471423909157636,44.073669099323475,44.23708724975586,14202600,0.0,0.0
2020-11-06 00:00:00-05:00,44.51150627588328,45.085015352319786,44.26175300620322,44.94626235961914,16198500,0.0,0.0
2020-11-09 00:00:00-05:00,45.63385439112662,45.695524351180836,44.240173986429305,44.25867462158203,28198500,0.0,0.0
2020-11-10 00:00:00-05:00,44.32342275023243,45.1528460893927,44.25558826778357,44.88151168823242,18199200,0.0,0.0
2020-11-11 00:00:00-05:00,45.30084572828997,45.929853149410945,45.1405116103211,45.627685546875,18805800,0.0,0.0
2020-11-12 00:00:00-05:00,45.78184834630603,45.852766847850155,45.35634439431082,45.70476531982422,12564300,0.0,0.0
2020-11-13 00:00:00-05:00,45.92369561216824,46.54036701910257,45.48585545518202,46.41703414916992,19738200,0.0,0.0
2020-11-16 00:00:00-05:00,46.41395024850538,47.298875590050756,46.02852797164172,47.002872467041016,34560300,0.0,0.0
2020-11-17 00:00:00-05:00,46.40470305802191,47.24954665300471,45.99769610544931,46.05628204345703,42711600,0.0,0.0
2020-11-18 00:00:00-05:00,46.20736854192567,46.765457570221116,45.957615233037686,45.969947814941406,24936900,0.0,0.0
2020-11-19 00:00:00-05:00,46.084019470577935,47.00594587640551,46.04085368146136,46.904197692871094,18590700,0.0,0.0
2020-11-20 00:00:00-05:00,46.61128641505263,47.1015409338195,46.191950415015086,46.32453536987305,21937200,0.0,0.0
2020-11-23 00:00:00-05:00,46.36460700391244,46.68219472634889,46.05627136205362,46.53727722167969,18557100,0.0,0.0
2020-11-24 00:00:00-05:00,46.78703298104104,46.86103198646287,46.33377628153029,46.669864654541016,17155200,0.0,0.0
2020-11-25 00:00:00-05:00,46.63595784061838,46.98745937006619,46.62362172976098,46.81479263305664,13833300,0.0,0.0
2020-11-27 00:00:00-05:00,46.91345983225773,47.089210595049146,46.58970749852728,46.743873596191406,10999500,0.0,0.0
2020-11-30 00:00:00-05:00,46.743868627701275,47.16012410442144,46.281363326597855,47.11079025268555,32695500,0.0,0.0
2020-12-01 00:00:00-05:00,47.360547814875694,47.379048452026495,46.762373485330876,47.064544677734375,22935300,0.0,0.0
2020-12-02 00:00:00-05:00,46.86719501722403,47.058362328656315,46.10560274091988,46.41085433959961,23547000,0.0,0.0
2020-12-03 00:00:00-05:00,46.33685432150357,46.33685432150357,45.754096791324756,46.03468322753906,25725900,0.0,0.0
2020-12-04 00:00:00-05:00,46.099446805033914,46.099446805033914,45.504356527453886,45.91444396972656,20889300,0.0,0.0
2020-12-07 00:00:00-05:00,45.77569399012239,45.9391121597469,45.37485510610386,45.66777420043945,18479100,0.0,0.0
2020-12-08 00:00:00-05:00,45.436523720347175,46.20428428029637,45.381025337743615,46.08094787597656,20716500,0.0,0.0
2020-12-09 00:00:00-05:00,46.250525816936204,46.250525816936204,45.599933722705735,45.71710205078125,20139600,0.0,0.0
2020-12-10 00:00:00-05:00,45.72329465400418,45.84707833446954,45.358127130177664,45.50357437133789,20652300,0.18,0.0
2020-12-11 00:00:00-05:00,45.46643681825989,45.649020576027546,45.16316468308547,45.49119567871094,16860900,0.0,0.0
2020-12-14 00:00:00-05:00,45.70781575341091,45.71400635324302,44.99604905864101,45.07341384887695,25088100,0.0,0.0
2020-12-15 00:00:00-05:00,45.03318573977137,45.29313426914422,44.82893844295951,45.051753997802734,31871400,0.0,0.0
2020-12-16 00:00:00-05:00,45.256002961446676,45.457154981481054,44.89702604228183,45.00533676147461,25650900,0.0,0.0
2020-12-17 00:00:00-05:00,45.20031078396247,45.31790388604702,44.91869506623091,45.21268844604492,30679500,0.0,0.0
2020-12-18 00:00:00-05:00,45.37360267351974,45.54690408587819,44.92178442272369,45.166263580322266,41384100,0.0,0.0
2020-12-21 00:00:00-05:00,45.02700757103871,45.38907984877893,44.89084266890486,45.172454833984375,25553100,0.0,0.0
2020-12-22 00:00:00-05:00,44.91868843378691,45.25291005140311,44.29666762219408,44.624698638916016,37599000,0.0,0.0
2020-12-23 00:00:00-05:00,44.420450933280065,44.63088530519522,44.036715166940624,44.3214225769043,20430600,0.0,0.0
2020-12-24 00:00:00-05:00,44.420450811258696,44.683494660813416,44.309041254491966,44.4080696105957,9054600,0.0,0.0
2020-12-28 00:00:00-05:00,44.57518962687412,44.965116073167216,44.355472851113475,44.94035720825195,19344900,0.0,0.0
2020-12-29 00:00:00-05:00,45.07032902464054,45.13531971338419,44.43593051418666,44.65564727783203,17938200,0.0,0.0
2020-12-30 00:00:00-05:00,44.835136481153114,44.91869189198994,44.54424196433394,44.61851501464844,18751200,0.0,0.0
2020-12-31 00:00:00-05:00,44.62469918769888,44.64636274956151,44.206925702074656,44.60922622680664,17814000,0.0,0.0
2021-01-04 00:00:00-05:00,44.65563462862806,45.4571472725561,44.64944757064353,45.345741271972656,32182200,0.0,0.0
2021-01-05 00:00:00-05:00,45.36741371048522,45.51286095382345,44.71444345334518,45.104366302490234,26498100,0.0,0.0
2021-01-06 00:00:00-05:00,44.90013033232256,45.831617578320504,44.87537146662982,45.385986328125,21918900,0.0,0.0
2021-01-07 00:00:00-05:00,45.683072760718474,45.726396346631056,45.19411794653975,45.38288879394531,20538000,0.0,0.0
2021-01-08 00:00:00-05:00,45.454058523038114,45.49119504242852,45.12293223179602,45.37669372558594,24478200,0.0,0.0
2021-01-11 00:00:00-05:00,45.18173530521097,45.79756905003421,45.18173530521097,45.5809440612793,26264400,0.0,0.0
2021-01-12 00:00:00-05:00,46.110131238976805,46.397930455310316,45.89969329062898,46.10084533691406,23373300,0.0,0.0
2021-01-13 00:00:00-05:00,46.0327478069321,46.131776147287745,45.62425678834828,45.63044738769531,16069500,0.0,0.0
2021-01-14 00:00:00-05:00,45.744962220517756,45.80066346499143,45.19411558622282,45.48191833496094,23017200,0.0,0.0
2021-01-15 00:00:00-05:00,44.91559740889446,45.15078712371449,44.46068385714173,44.7608642578125,35920500,0.0,0.0
2021-01-19 00:00:00-05:00,44.760866003617366,44.893935597939176,44.15122281853856,44.3740348815918,24123600,0.0,0.0
2021-01-20 00:00:00-05:00,44.4359277713077,45.076516843491184,44.21930278013544,45.03009796142578,23775600,0.0,0.0
2021-01-21 00:00:00-05:00,44.98367606401568,45.09817738204858,44.627790908969196,44.82584762573242,14325900,0.0,0.0
2021-01-22 00:00:00-05:00,45.0579445658647,45.59641346611831,44.90940203157636,45.28385543823242,19219500,0.0,0.0
2021-01-25 00:00:00-05:00,44.983684665191426,45.25910623287349,44.64636770553596,45.24363327026367,19031100,0.0,0.0
2021-01-26 00:00:00-05:00,45.067224882339175,45.74185862716528,45.01771424802032,45.649017333984375,15031500,0.0,0.0
2021-01-27 00:00:00-05:00,45.4788186879245,45.75733550827636,44.42354440442738,44.51329040527344,29910300,0.0,0.0
2021-01-28 00:00:00-05:00,44.705159871053695,45.26219709498267,44.44830659199902,44.485443115234375,22301700,0.0,0.0
2021-01-29 00:00:00-05:00,44.30905216361482,44.48544890115861,43.43326970235428,43.47659683227539,32509200,0.0,0.0
2021-02-01 00:00:00-05:00,43.606556289015515,43.78604472482917,43.07427803978902,43.09903335571289,25945200,0.0,0.0
2021-02-02 00:00:00-05:00,43.250678187778284,43.99029560852707,43.1516498249617,43.563236236572266,27002400,0.0,0.0
2021-02-03 00:00:00-05:00,43.52919352207773,43.95934817965006,43.5199111628031,43.69630432128906,14966700,0.0,0.0
2021-02-04 00:00:00-05:00,43.87889603219272,44.30905076771911,43.71488050352733,44.1078987121582,17346300,0.0,0.0
2021-02-05 00:00:00-05:00,44.39570036250427,44.82585508717118,44.10789759863093,44.674217224121094,20451600,0.0,0.0
2021-02-08 00:00:00-05:00,44.813467400024855,45.05175592315564,44.705153147135135,44.88154983520508,15825300,0.0,0.0
2021-02-09 00:00:00-05:00,44.74229639208207,45.28076535436681,44.74229639208207,45.129127502441406,15906900,0.0,0.0
2021-02-10 00:00:00-05:00,45.129126260383444,45.15078628039538,44.420454745594604,44.60303497314453,18576900,0.0,0.0
2021-02-11 00:00:00-05:00,44.60613322727722,44.85679945650233,44.47306363181947,44.569000244140625,12791400,0.0,0.0
2021-02-12 00:00:00-05:00,44.61230747341562,44.75156761910945,44.46066967121398,44.7082405090332,13423500,0.0,0.0
2021-02-16 00:00:00-05:00,45.16316207733568,45.30241870666276,44.85060405945052,45.07651138305664,27891000,0.0,0.0
2021-02-17 00:00:00-05:00,44.76395754405731,45.645930444930784,44.717538663281566,45.5530891418457,25571100,0.0,0.0
2021-02-18 00:00:00-05:00,43.015481236826545,43.541572467832076,42.55128538340204,42.600799560546875,96927300,0.0,0.0
2021-02-19 00:00:00-05:00,42.6441303449809,43.14545921821163,42.6038985231713,42.811241149902344,36606000,0.0,0.0
2021-02-22 00:00:00-05:00,42.62556130844914,42.81124037070833,42.16446072388675,42.61008834838867,32106600,0.0,0.0
2021-02-23 00:00:00-05:00,42.43059963287921,42.517246792085956,41.7961976495953,41.92307662963867,31300200,0.0,0.0
2021-02-24 00:00:00-05:00,42.04687031901848,42.13661279233067,41.1741796598355,41.22369384765625,46565700,0.0,0.0
2021-02-25 00:00:00-05:00,41.18964827144261,41.4712568405264,40.68831588774167,40.833763122558594,33324600,0.0,0.0
2021-02-26 00:00:00-05:00,40.68832298520057,40.79044665986469,40.18699051404981,40.20555877685547,42470700,0.0,0.0
2021-03-01 00:00:00-05:00,40.71927258582857,41.02564009594823,40.5800123729796,40.6542854309082,34634400,0.0,0.0
2021-03-02 00:00:00-05:00,40.69760086478452,41.081336656937154,40.233404970355856,40.26435089111328,29230800,0.0,0.0
2021-03-03 00:00:00-05:00,40.07558316478299,40.208652759248885,39.472127038753754,39.48450469970703,41837400,0.0,0.0
2021-03-04 00:00:00-05:00,39.568058420375905,40.100336775526095,39.07910718901416,39.46593475341797,45348000,0.0,0.0
2021-03-05 00:00:00-05:00,39.249305902310496,40.15293869061937,39.22454704459349,39.957977294921875,34073700,0.0,0.0
2021-03-08 00:00:00-05:00,40.02296450406433,40.18078938425745,39.55257808033104,39.574241638183594,40988400,0.0,0.0
2021-03-09 00:00:00-05:00,39.85895205507803,40.19317009881985,39.71040952179277,39.886802673339844,31988700,0.0,0.0
2021-03-10 00:00:00-05:00,39.877525174381745,41.1741763131222,39.75683324464934,40.904945373535156,44929200,0.0,0.0
2021-03-11 00:00:00-05:00,41.27012860094324,41.31035689844826,40.70380880189108,40.88948440551758,35489700,0.0,0.0
2021-03-12 00:00:00-05:00,41.01015709445155,41.62908610673604,40.87399575746774,41.50530242919922,28437600,0.0,0.0
2021-03-15 00:00:00-04:00,41.69716643514538,41.700261735233795,41.10299631336719,41.29176712036133,25071900,0.0,0.0
2021-03-16 00:00:00-04:00,41.10300288077121,41.55481760293898,41.10300288077121,41.279396057128906,19881000,0.0,0.0
2021-03-17 00:00:00-04:00,41.00397264133925,41.202029371211644,40.843048892167666,40.935890197753906,24156300,0.0,0.0
2021-03-18 00:00:00-04:00,40.758749616845286,41.004245904827386,40.376519958633345,40.4013786315918,29815500,0.183333,0.0
2021-03-19 00:00:00-04:00,40.43868178707126,41.175174418415736,40.36720685827197,40.93899917602539,57703500,0.0,0.0
2021-03-22 00:00:00-04:00,40.70903525722577,41.159631672970946,40.70592703352656,41.134769439697266,24654000,0.0,0.0
2021-03-23 00:00:00-04:00,40.92967344545534,41.734532760697775,40.90481476601516,41.62266159057617,29154900,0.0,0.0
2021-03-24 00:00:00-04:00,41.774931037657275,41.774931037657275,41.346085047900175,41.36473083496094,23547300,0.0,0.0
2021-03-25 00:00:00-04:00,41.41134597680351,41.80600863970756,41.29015368821199,41.644412994384766,28125900,0.0,0.0
2021-03-26 00:00:00-04:00,41.641303487523686,42.01420853852644,41.46106207498164,41.992454528808594,28653600,0.0,0.0
2021-03-29 00:00:00-04:00,41.95206418605563,42.57668210134748,41.82776367035679,42.47102737426758,30146400,0.0,0.0
2021-03-30 00:00:00-04:00,42.365364365290475,42.7569187699717,42.098114018763326,42.1820182800293,27230100,0.0,0.0
2021-03-31 00:00:00-04:00,42.122978964401234,42.530067401696066,41.93963286733798,42.209991455078125,24546000,0.0,0.0
2021-04-01 00:00:00-04:00,42.244175527797246,42.53939638119021,42.05461651984004,42.144737243652344,25595100,0.0,0.0
2021-04-05 00:00:00-04:00,42.48656882692104,43.555570430100154,42.3249767191961,43.32871627807617,40043100,0.0,0.0
2021-04-06 00:00:00-04:00,43.22926847664623,43.80106078009016,43.0459223794211,43.53691864013672,31044600,0.0,0.0
2021-04-07 00:00:00-04:00,43.5990742813064,43.73891592859081,43.39708237137152,43.443695068359375,20361600,0.0,0.0
2021-04-08 00:00:00-04:00,43.64568067697382,43.85388900564212,43.400184329891154,43.41572189331055,19095600,0.0,0.0
2021-04-09 00:00:00-04:00,43.390860863942386,43.53381071895796,43.10496826655205,43.437477111816406,20676600,0.0,0.0
2021-04-12 00:00:00-04:00,43.52759934546586,43.623932963838264,43.300748752999105,43.443695068359375,18723000,0.0,0.0
2021-04-13 00:00:00-04:00,43.44368784309167,43.505841651725966,43.15468703603915,43.31006622314453,17397900,0.0,0.0
2021-04-14 00:00:00-04:00,43.23237870333014,43.338036986734124,43.01484924452936,43.29452896118164,21924600,0.0,0.0
2021-04-15 00:00:00-04:00,43.31939343545017,43.651902310977675,43.257243174388776,43.55556869506836,21710400,0.0,0.0
2021-04-16 00:00:00-04:00,43.7824089019897,43.80416291073213,43.41571675854807,43.695396423339844,26488500,0.0,0.0
2021-04-19 00:00:00-04:00,43.5959597627677,43.682972251708485,43.38464676647176,43.41572189331055,19281000,0.0,0.0
2021-04-20 00:00:00-04:00,43.32558985309596,44.05586936815963,43.13913914081013,43.75132751464844,24452100,0.0,0.0
2021-04-21 00:00:00-04:00,43.74512085854636,44.03412521737964,43.67054126820497,43.878746032714844,17335200,0.0,0.0
2021-04-22 00:00:00-04:00,43.84146073260908,43.95644012723757,43.32560223431203,43.40329360961914,19705200,0.0,0.0
2021-04-23 00:00:00-04:00,43.22617233804026,43.61150683995748,43.20441832197938,43.47477340698242,22971000,0.0,0.0
2021-04-26 00:00:00-04:00,43.47787102250215,43.50584148098989,42.77245712633736,42.856361389160156,22846200,0.0,0.0
2021-04-27 00:00:00-04:00,42.884330898162716,43.17954816976172,42.74448926618402,43.002418518066406,16151400,0.0,0.0
2021-04-28 00:00:00-04:00,42.99309327492936,43.06767286352346,42.84393054142107,42.85014343261719,14286600,0.0,0.0
2021-04-29 00:00:00-04:00,42.853256103846334,43.505844464293226,42.853256103846334,43.39086151123047,19596000,0.0,0.0
2021-04-30 00:00:00-04:00,43.41572068920823,43.50273317573579,43.22926637702637,43.47787094116211,19680000,0.0,0.0
2021-05-03 00:00:00-04:00,43.40639555790712,44.357309261366204,43.40639555790712,44.16463851928711,27139500,0.0,0.0
2021-05-04 00:00:00-04:00,43.98440475215812,44.13667571453987,43.53691653660046,43.729583740234375,19084200,0.0,0.0
2021-05-05 00:00:00-04:00,43.726471049801354,43.87874199662893,43.58352477360885,43.692291259765625,18351000,0.0,0.0
2021-05-06 00:00:00-04:00,43.67669487174243,44.100980563445646,43.505106908773875,44.004268646240234,16302000,0.183333,0.0
2021-05-07 00:00:00-04:00,44.185218960706486,44.21329926595386,43.4645530109941,43.73909378051758,23408400,0.0,0.0
2021-05-10 00:00:00-04:00,43.81707945430571,44.32560245190622,43.773404143774044,43.93251037597656,26307600,0.0,0.0
2021-05-11 00:00:00-04:00,43.94811558881154,43.94811558881154,43.15257366150652,43.53630447387695,26464200,0.0,0.0
2021-05-12 00:00:00-04:00,43.324154009196576,43.35847159607438,42.400703163549764,42.41006088256836,25998300,0.0,0.0
2021-05-13 00:00:00-04:00,42.500546255429,43.358482574315296,42.353918151773385,43.127620697021484,21475200,0.0,0.0
2021-05-14 00:00:00-04:00,43.30544667663929,43.75157185604668,43.1868953054879,43.52695083618164,16091700,0.0,0.0
2021-05-17 00:00:00-04:00,43.67669876133165,43.801487421668,43.29296791833869,43.33040237426758,19675800,0.0,0.0
2021-05-18 00:00:00-04:00,44.771725620017925,45.10554022046716,44.05418025055028,44.27256393432617,58183800,0.0,0.0
2021-05-19 00:00:00-04:00,43.89819087737824,44.837240360424765,43.832676129285325,44.27568435668945,34874700,0.0,0.0
2021-05-20 00:00:00-04:00,44.14465584467038,44.572061931784845,43.895074996303165,44.431671142578125,30540900,0.0,0.0
2021-05-21 00:00:00-04:00,44.46287941932678,44.63758425769352,44.17586050241712,44.22265625,22927500,0.0,0.0
2021-05-24 00:00:00-04:00,44.22576904296875,44.43167101083238,44.10097683401213,44.22576904296875,18945900,0.0,0.0
2021-05-25 00:00:00-04:00,44.238244071820226,44.50030305076928,44.01050268014173,44.40671157836914,21505200,0.0,0.0
2021-05-26 00:00:00-04:00,44.422322479957614,44.575191450179375,44.22577819122398,44.35368728637695,19294200,0.0,0.0
2021-05-27 00:00:00-04:00,44.72181446911608,44.82476724776966,44.20393371582031,44.20393371582031,56577000,0.0,0.0
2021-05-28 00:00:00-04:00,44.27880802664088,44.44103469376187,44.18833340250441,44.31000518798828,21186300,0.0,0.0
2021-06-01 00:00:00-04:00,44.36615682909775,44.550222929720626,44.07290066824114,44.19457244873047,20767500,0.0,0.0
2021-06-02 00:00:00-04:00,44.11034420988103,44.21017656270553,43.70477393767405,44.09786605834961,23298000,0.0,0.0
2021-06-03 00:00:00-04:00,44.1103504057393,44.253858094224526,43.910685672044856,44.175865173339844,18374400,0.0,0.0
2021-06-04 00:00:00-04:00,44.13216963323552,44.39111174535006,44.0666548903494,44.253841400146484,13635900,0.0,0.0
2021-06-07 00:00:00-04:00,44.25384269198536,44.2912807090948,43.7983563379161,43.95746612548828,16630800,0.0,0.0
2021-06-08 00:00:00-04:00,43.83580390059922,43.95747569755691,43.617420180287255,43.623661041259766,20120700,0.0,0.0
2021-06-09 00:00:00-04:00,43.47078847486351,43.67981088638192,43.37407655952982,43.38967514038086,17085300,0.0,0.0
2021-06-10 00:00:00-04:00,43.38967086964709,43.73596361479896,43.38967086964709,43.639251708984375,16378500,0.0,0.0
2021-06-11 00:00:00-04:00,43.74844101363044,43.94186839222705,43.63301010056019,43.91067123413086,25232400,0.0,0.0
2021-06-14 00:00:00-04:00,43.96684086765103,43.96684086765103,43.68606277119059,43.851409912109375,15140700,0.0,0.0
2021-06-15 00:00:00-04:00,43.938755808375554,43.96059525105704,43.570623564646816,43.67669677734375,19327200,0.0,0.0
2021-06-16 00:00:00-04:00,43.6298971341818,43.68917102579654,42.73140247752164,42.787559509277344,28794900,0.0,0.0
2021-06-17 00:00:00-04:00,42.740772036501134,43.161940930431854,42.65029739621717,42.96539306640625,19341900,0.0,0.0
2021-06-18 00:00:00-04:00,42.25409080877842,42.55046748181085,41.92963382767728,42.169857025146484,44812800,0.0,0.0
2021-06-21 00:00:00-04:00,42.32271557532023,42.662767486665,42.22600366210161,42.5535774230957,20775000,0.0,0.0
2021-06-22 00:00:00-04:00,42.50055637929364,42.96540067516792,42.50055637929364,42.75013732910156,19107000,0.0,0.0
2021-06-23 00:00:00-04:00,42.584769231857,42.73763815786968,42.406944008279595,42.41630172729492,19390500,0.0,0.0
2021-06-24 00:00:00-04:00,42.48182277831315,42.815637407229985,42.45998690727361,42.712684631347656,23444100,0.0,0.0
2021-06-25 00:00:00-04:00,42.78131884775428,43.3210390162298,42.71580409554468,43.21808624267578,28640700,0.0,0.0
2021-06-28 00:00:00-04:00,43.065219586965426,43.25240613335292,42.61597401780728,43.08393859863281,15549000,0.0,0.0
2021-06-29 00:00:00-04:00,43.02155242658913,43.19937771570068,42.81252639859459,42.83436584472656,35962500,0.0,0.0
2021-06-30 00:00:00-04:00,43.53942099157257,44.481590926519196,43.268000702990456,43.99490737915039,45511200,0.0,0.0
2021-07-01 00:00:00-04:00,43.80460937072848,44.06666842274848,43.367841903837274,43.46455383300781,26348700,0.0,0.0
2021-07-02 00:00:00-04:00,43.473911068864965,44.01363127591805,43.473911068864965,43.71101379394531,26280600,0.0,0.0
2021-07-06 00:00:00-04:00,43.645496336081614,43.91067936960229,43.5238281110218,43.65797805786133,18279300,0.0,0.0
2021-07-07 00:00:00-04:00,43.60181455252449,44.047939642231206,43.47702591553173,43.58621597290039,25607400,0.0,0.0
2021-07-08 00:00:00-04:00,43.15881802892649,43.879480398045246,43.121380002656586,43.54878616333008,21267000,0.0,0.0
2021-07-09 00:00:00-04:00,43.80460415281021,43.93875409351445,43.654855630881265,43.770286560058594,15185400,0.0,0.0
2021-07-12 00:00:00-04:00,43.89195977685966,43.92315694032334,43.46767049912327,43.69229507446289,19515000,0.0,0.0
2021-07-13 00:00:00-04:00,43.67358080150009,44.044833513519535,43.65798221807559,43.85764694213867,18947700,0.0,0.0
2021-07-14 00:00:00-04:00,43.898200441768445,44.23825597617784,43.62366324001289,44.16026306152344,18812100,0.0,0.0
2021-07-15 00:00:00-04:00,44.30064207890029,44.50030675955656,44.016743637949276,44.19457244873047,17974800,0.0,0.0
2021-07-16 00:00:00-04:00,44.20705116508803,44.341201097265596,43.973068891303264,44.16337585449219,18095400,0.0,0.0
2021-07-19 00:00:00-04:00,44.116570628489285,44.606374550828384,43.60493083892303,44.06041717529297,27383100,0.0,0.0
2021-07-20 00:00:00-04:00,43.979308055911076,44.447272585438476,43.920030597081244,44.26008605957031,19020300,0.0,0.0
2021-07-21 00:00:00-04:00,44.45663405082986,44.469112201529484,43.898194856157225,44.04170608520508,18591900,0.0,0.0
2021-07-22 00:00:00-04:00,44.02922760804443,44.338085960047835,43.926278394329884,44.072906494140625,13013400,0.0,0.0
2021-07-23 00:00:00-04:00,44.150900707479366,44.52527382938797,43.991794451354565,44.43479919433594,15947400,0.0,0.0
2021-07-26 00:00:00-04:00,44.412962181345335,44.88092678658032,44.13218056197507,44.4971923828125,18517200,0.0,0.0
2021-07-27 00:00:00-04:00,44.61262688101802,44.61262688101802,44.288169945729216,44.50031280517578,15395700,0.0,0.0
2021-07-28 00:00:00-04:00,44.45038831938706,44.690611438034026,44.194570191789225,44.319358825683594,14071500,0.0,0.0
2021-07-29 00:00:00-04:00,44.50032274270456,44.565841086720305,44.30689885270417,44.37553405761719,11063100,0.0,0.0
2021-07-30 00:00:00-04:00,44.051060212145785,44.60013807128734,44.051060212145785,44.47222900390625,16332300,0.0,0.0
2021-08-02 00:00:00-04:00,44.55958874889207,44.57206690012982,44.19769380070545,44.36928176879883,19958400,0.0,0.0
2021-08-03 00:00:00-04:00,44.4379159797217,44.893402407614,44.4129596777945,44.86844253540039,18915300,0.0,0.0
2021-08-04 00:00:00-04:00,44.73117760727187,44.905886023168144,44.53151645669829,44.562713623046875,15301500,0.0,0.0
2021-08-05 00:00:00-04:00,44.99635392238693,45.405041024685644,44.92147787813557,45.389442443847656,27005400,0.0,0.0
2021-08-06 00:00:00-04:00,45.61407228283547,45.695185626633226,45.220980145616544,45.30833435058594,19263600,0.0,0.0
2021-08-09 00:00:00-04:00,45.520475458465846,45.69830429212182,45.36136920760163,45.41752624511719,15811800,0.0,0.0
2021-08-10 00:00:00-04:00,45.8511642984712,46.468877309368274,45.6265397625605,46.3846435546875,38262000,0.0,0.0
2021-08-11 00:00:00-04:00,46.643590232965956,47.28938365477079,46.53440016098975,46.79957962036133,41455800,0.0,0.0
2021-08-12 00:00:00-04:00,46.655539955058124,47.03441902357576,46.59604435608906,46.6743278503418,18269100,0.183333,0.0
2021-08-13 00:00:00-04:00,46.77452352669224,47.08138650760362,46.7056393558949,46.821495056152344,15981300,0.0,0.0
2021-08-16 00:00:00-04:00,46.86846343478633,47.510369453470304,46.668063996445426,47.20350646972656,47791500,0.0,0.0
2021-08-17 00:00:00-04:00,47.093907667757755,47.75146962191421,46.686848577167495,47.18784713745117,50950200,0.0,0.0
2021-08-18 00:00:00-04:00,47.140889850643404,47.7734002280542,46.66180740547,46.686859130859375,28211700,0.0,0.0
2021-08-19 00:00:00-04:00,46.445754212440725,47.17533602989791,46.34242255910159,47.003116607666016,22630500,0.0,0.0
2021-08-20 00:00:00-04:00,47.118964080596044,47.50723889934467,46.89038458451991,47.42269515991211,19400400,0.0,0.0
2021-08-23 00:00:00-04:00,47.447748590979884,47.52916400971237,47.09704952473462,47.10957717895508,16166100,0.0,0.0
2021-08-24 00:00:00-04:00,47.125231664710114,47.125231664710114,46.561605495742,46.624229431152344,18828900,0.0,0.0
2021-08-25 00:00:00-04:00,46.47080099470222,46.74321654410947,46.35181336867694,46.64301681518555,21921300,0.0,0.0
2021-08-26 00:00:00-04:00,46.176457705288385,46.42695700402157,45.925958406555196,46.138885498046875,23466900,0.0,0.0
2021-08-27 00:00:00-04:00,46.188977645365355,46.245341326326,45.772522822413904,45.87898635864258,23088600,0.0,0.0
2021-08-30 00:00:00-04:00,45.84767148966832,46.34240618528312,45.72242006772873,46.248470306396484,16440600,0.0,0.0
2021-08-31 00:00:00-04:00,46.339282015744814,46.48018584672312,46.10443871402324,46.37372589111328,25078500,0.0,0.0
2021-09-01 00:00:00-04:00,46.20464487580794,46.32050058637385,45.89464995422693,46.273529052734375,19056600,0.0,0.0
2021-09-02 00:00:00-04:00,46.37998573019308,46.58978089350819,46.24534214281901,46.51776123046875,20018100,0.0,0.0
2021-09-03 00:00:00-04:00,46.405050221622936,46.859077381431106,46.31111072584251,46.733829498291016,17211900,0.0,0.0
2021-09-07 00:00:00-04:00,46.64614494996309,46.70876887961135,46.0480785382879,46.113834381103516,25345200,0.0,0.0
2021-09-08 00:00:00-04:00,46.01364425845403,46.4426232828215,45.94475648810152,46.173336029052734,19508400,0.0,0.0
2021-09-09 00:00:00-04:00,46.17332643938913,46.22029797009253,45.6660675919844,45.847679138183594,22328700,0.0,0.0
2021-09-10 00:00:00-04:00,46.09191559676217,46.104443249709995,45.537685206837914,45.681724548339844,15775200,0.0,0.0
2021-09-13 00:00:00-04:00,45.87899565405939,46.07626320225302,45.29032133953432,45.42183303833008,19529400,0.0,0.0
2021-09-14 00:00:00-04:00,45.553340066924136,45.678591509342226,45.06486553331551,45.18385314941406,16533900,0.0,0.0
2021-09-15 00:00:00-04:00,45.11183497810419,45.32475847860323,45.0241593308077,45.26213455200195,14850000,0.0,0.0
2021-09-16 00:00:00-04:00,45.22770157363071,45.50012073678195,44.9928582088642,45.412445068359375,18428400,0.0,0.0
2021-09-17 00:00:00-04:00,45.13374944637859,45.766263264086106,45.09617724193431,45.3184928894043,73032600,0.0,0.0
2021-09-20 00:00:00-04:00,44.93334897280642,45.46253115322729,44.34467836592767,44.695377349853516,25054500,0.0,0.0
2021-09-21 00:00:00-04:00,44.68284701872847,45.27152117372588,44.67345486425616,44.78304672241211,17437500,0.0,0.0
2021-09-22 00:00:00-04:00,44.92396472196265,44.96467242893595,44.55447777953156,44.679725646972656,15044400,0.0,0.0
2021-09-23 00:00:00-04:00,44.84568419630018,44.9740639753703,44.60457703795279,44.704776763916016,15585300,0.0,0.0
2021-09-24 00:00:00-04:00,44.620229313486355,44.9928481332699,44.61709740041809,44.830020904541016,13360500,0.0,0.0
2021-09-27 00:00:00-04:00,44.736082007226734,44.94900549704335,44.41356306793182,44.54194641113281,21250800,0.0,0.0
2021-09-28 00:00:00-04:00,44.426083548778664,44.48557913800063,43.834281069708155,43.99397277832031,20580900,0.0,0.0
2021-09-29 00:00:00-04:00,44.04094886685753,44.4104393707109,43.93762081574163,43.97519302368164,21375600,0.0,0.0
2021-09-30 00:00:00-04:00,44.03781865491427,44.3791219255197,43.602575909912055,43.643280029296875,22457700,0.0,0.0
2021-10-01 00:00:00-04:00,43.605713982835994,43.721569707625136,42.55988054598323,42.91371154785156,30014400,0.0,0.0
2021-10-04 00:00:00-04:00,42.92622826651177,43.2831911209857,42.18099059227362,42.5003776550293,29970300,0.0,0.0
2021-10-05 00:00:00-04:00,42.569257588691364,43.12035596005459,42.553601608923465,42.779052734375,20597400,0.0,0.0
2021-10-06 00:00:00-04:00,42.66007132171611,43.14541393172035,42.625627444549224,43.09218215942383,19376700,0.0,0.0
2021-10-07 00:00:00-04:00,43.4554098077314,44.05661176476126,43.44914956431362,43.599449157714844,21068100,0.0,0.0
2021-10-08 00:00:00-04:00,43.730960845947266,43.86560445564176,43.52742947469513,43.730960845947266,13847400,0.0,0.0
2021-10-11 00:00:00-04:00,43.68712206692899,44.08165713099268,43.66207034455961,43.690250396728516,13048200,0.0,0.0
2021-10-12 00:00:00-04:00,43.63075596051882,43.965798988447496,43.54621222527399,43.643280029296875,15789300,0.0,0.0
2021-10-13 00:00:00-04:00,43.680857302007986,43.84054903876719,43.2518747851187,43.3270263671875,17937900,0.0,0.0
2021-10-14 00:00:00-04:00,43.36773583183637,43.85933871469787,43.36773583183637,43.796714782714844,19783500,0.0,0.0
2021-10-15 00:00:00-04:00,44.031555733673436,44.181855312372434,43.824892469178074,44.00963592529297,20737200,0.0,0.0
2021-10-18 00:00:00-04:00,43.83742519030534,44.4668036290586,43.78419341146911,44.36347198486328,19887000,0.0,0.0
2021-10-19 00:00:00-04:00,45.28718515728934,45.594048147837924,44.98345407992641,45.305973052978516,33444300,0.0,0.0
2021-10-20 00:00:00-04:00,45.36860054226812,45.8696027719598,45.36860054226812,45.71617126464844,17453700,0.0,0.0
2021-10-21 00:00:00-04:00,45.89778318066764,46.00424315418137,45.6566760125402,45.96980285644531,13954500,0.0,0.0
2021-10-22 00:00:00-04:00,46.060604412742435,46.87159795048569,46.060604412742435,46.44887924194336,21195600,0.0,0.0
2021-10-25 00:00:00-04:00,46.586654563441975,47.13148922060878,46.34554740906584,46.98745346069336,19287900,0.0,0.0
2021-10-26 00:00:00-04:00,46.96866580658384,47.1408852034546,46.48645507877054,46.5772590637207,17418600,0.0,0.0
2021-10-27 00:00:00-04:00,46.643014494605815,46.66180239077244,46.151411614707555,46.195247650146484,14565600,0.0,0.0
2021-10-28 00:00:00-04:00,46.448882076808374,46.64928153850738,46.2516145285906,46.48332595825195,12598500,0.0,0.0
2021-10-29 00:00:00-04:00,46.314244932831826,46.99998716056897,46.20465302965786,46.78706359863281,22022700,0.0,0.0
2021-11-01 00:00:00-04:00,46.96240034198937,47.20350748919882,46.7651328125042,46.90290832519531,12549600,0.0,0.0
2021-11-02 00:00:00-04:00,46.959268750469306,47.02502458906367,46.743209756888454,46.880985260009766,13638900,0.0,0.0
2021-11-03 00:00:00-04:00,46.84342808022161,47.05948355968014,46.664944818136945,47.02503967285156,14209500,0.0,0.0
2021-11-04 00:00:00-04:00,47.025029662726645,47.547948098358866,46.91543419762851,47.36946487426758,15149100,0.0,0.0
2021-11-05 00:00:00-04:00,47.59491412578287,47.59491412578287,46.84967646016742,47.04068374633789,15081900,0.0,0.0
2021-11-08 00:00:00-05:00,47.03755669750698,47.128360688503676,46.571001921666884,46.740089416503906,15373200,0.0,0.0
2021-11-09 00:00:00-05:00,46.81836458635529,46.927960047241285,46.61483323050244,46.90290832519531,15001800,0.0,0.0
2021-11-10 00:00:00-05:00,46.570994021419615,46.849673357563184,46.33615071658729,46.480186462402344,16803600,0.0,0.0
2021-11-11 00:00:00-05:00,46.583521400217315,46.65240915676207,46.40190985270146,46.49897766113281,13603200,0.0,0.0
2021-11-12 00:00:00-05:00,46.65553243572438,46.73068042132308,46.19836994663353,46.26725769042969,18313800,0.0,0.0
2021-11-15 00:00:00-05:00,46.38939284380898,46.48333234402623,45.84142616233953,46.001121520996094,28896000,0.0,0.0
2021-11-16 00:00:00-05:00,45.43435470685711,45.92908946890661,44.557605385819244,44.830020904541016,73986600,0.0,0.0
2021-11-17 00:00:00-05:00,44.826892180135914,45.315366695171775,44.407305418297064,44.44487762451172,33116100,0.0,0.0
2021-11-18 00:00:00-05:00,44.50750580290662,44.86759697264933,44.1067069298732,44.8268928527832,24394200,0.0,0.0
2021-11-19 00:00:00-05:00,44.97093933915954,45.08992698092335,44.44488890101561,44.58579635620117,28119300,0.0,0.0
2021-11-22 00:00:00-05:00,44.6703374939207,45.515775008621155,44.46367419401054,45.33415985107422,29126400,0.0,0.0
2021-11-23 00:00:00-05:00,45.16819133150215,45.70989756856671,44.8550681410481,45.65666580200195,29907900,0.0,0.0
2021-11-24 00:00:00-05:00,45.63162649010213,46.048081381455916,45.60344285328051,45.885257720947266,18089400,0.0,0.0
2021-11-26 00:00:00-05:00,45.853941535997386,46.30484030122743,45.221431216033345,45.37173080444336,21039600,0.0,0.0
2021-11-29 00:00:00-05:00,45.40304406969301,45.481327571167405,44.53569039406034,44.66093826293945,33039600,0.0,0.0
2021-11-30 00:00:00-05:00,44.30084615631853,44.62023323226542,43.840551647320844,44.034690856933594,64818900,0.0,0.0
2021-12-01 00:00:00-05:00,43.997115964393245,44.06287181224983,42.9105749346309,42.94188690185547,36621300,0.0,0.0
2021-12-02 00:00:00-05:00,43.095318155735086,43.34894938887939,42.34695210985861,42.418968200683594,39805800,0.0,0.0
2021-12-03 00:00:00-05:00,42.54108844095224,43.17359878584448,42.36260879250145,43.057743072509766,44142600,0.0,0.0
2021-12-06 00:00:00-05:00,43.07339326976108,43.63701936036249,42.92935752165904,43.5242919921875,32589300,0.0,0.0
2021-12-07 00:00:00-05:00,43.71216772064766,43.78418738701218,43.23934918655808,43.38338851928711,37739100,0.0,0.0
2021-12-08 00:00:00-05:00,43.22995812984449,43.36773363998367,42.58805210918666,42.94501495361328,34496400,0.0,0.0
2021-12-09 00:00:00-05:00,42.954443428307265,43.56435142158794,42.66521204805812,43.5423469543457,32351700,0.183333,0.0
2021-12-10 00:00:00-05:00,43.49204851931698,44.42262599719146,43.24997057933172,44.33774185180664,38575500,0.0,0.0
2021-12-13 00:00:00-05:00,44.089376837931965,45.19287068726991,44.01706719138102,45.13628005981445,54039300,0.0,0.0
2021-12-14 00:00:00-05:00,45.051399554590574,45.673882115442716,44.689854890500925,45.56698989868164,46721400,0.0,0.0
2021-12-15 00:00:00-05:00,45.65186550847087,46.04799266283625,45.082829162439246,45.82792282104492,33489900,0.0,0.0
2021-12-16 00:00:00-05:00,45.827925909009224,46.066859307379836,44.92249749209685,45.063968658447266,39069600,0.0,0.0
2021-12-17 00:00:00-05:00,44.878488458280856,45.25575215724058,43.5077711209573,43.620948791503906,78581100,0.0,0.0
2021-12-20 00:00:00-05:00,43.422872712187036,43.93531838409404,43.25939350864209,43.76240921020508,31017900,0.0,0.0
2021-12-21 00:00:00-05:00,43.668096067838086,43.96990552022524,43.3882946790164,43.89445495605469,24620400,0.0,0.0
2021-12-22 00:00:00-05:00,43.98248784517678,44.01078495989961,43.55178165347933,43.9510498046875,17028000,0.0,0.0
2021-12-23 00:00:00-05:00,43.95104674254532,44.064227997844924,43.652381780852565,43.85358810424805,17592600,0.0,0.0
2021-12-27 00:00:00-05:00,43.88816785521913,44.28743955089195,43.87873788347452,44.25285339355469,16040700,0.0,0.0
2021-12-28 00:00:00-05:00,44.20255797971484,44.94764811778081,44.20255797971484,44.887916564941406,15783000,0.0,0.0
2021-12-29 00:00:00-05:00,44.85018674362256,45.12370269548996,44.74329454228636,44.86590576171875,13045200,0.0,0.0
2021-12-30 00:00:00-05:00,45.03882567978246,45.17715593918264,44.793603202145206,45.010528564453125,14949000,0.0,0.0
2021-12-31 00:00:00-05:00,45.01995484788542,45.59842478563522,44.93192618816652,45.48838806152344,17947800,0.0,0.0
2022-01-03 00:00:00-05:00,45.271467778928475,45.51983116987066,44.9602247109789,45.4758186340332,20706600,0.0,0.0
2022-01-04 00:00:00-05:00,45.28404633416174,45.62987199621443,44.56724961313494,44.6427001953125,33930000,0.0,0.0
2022-01-05 00:00:00-05:00,44.90991518219847,45.8845085499918,44.87533262798213,45.24630355834961,35418000,0.0,0.0
2022-01-06 00:00:00-05:00,45.151997729634324,45.47267074659357,44.76844863817206,45.12055969238281,21828900,0.0,0.0
2022-01-07 00:00:00-05:00,45.114278080005505,45.699037182372656,44.94450977258967,45.551273345947266,19723500,0.0,0.0
2022-01-10 00:00:00-05:00,45.72418328624597,45.771340346912545,44.99481211308877,45.4632453918457,22731600,0.0,0.0
2022-01-11 00:00:00-05:00,45.337487480008754,45.466387757135465,45.01366992223849,45.33434295654297,21668700,0.0,0.0
2022-01-12 00:00:00-05:00,45.17085592266696,45.25888457525895,44.95707513595981,45.095401763916016,18946800,0.0,0.0
2022-01-13 00:00:00-05:00,45.09226602875713,45.79963265812646,44.991662870745124,45.733612060546875,24252600,0.0,0.0
2022-01-14 00:00:00-05:00,45.34062724746596,46.098295419862815,45.34062724746596,45.60470962524414,26867400,0.0,0.0
2022-01-18 00:00:00-05:00,45.40036833619274,45.491541537031644,44.68357161822845,44.806182861328125,21123900,0.0,0.0
2022-01-19 00:00:00-05:00,44.812465676748744,45.58271205827174,44.6175483870489,45.25260543823242,22674000,0.0,0.0
2022-01-20 00:00:00-05:00,44.752727945811834,45.41607842228569,44.350315327478185,44.3974723815918,22387200,0.0,0.0
2022-01-21 00:00:00-05:00,44.397471697962864,44.72443014639817,44.03278616767655,44.07365417480469,27508200,0.0,0.0
2022-01-24 00:00:00-05:00,43.721549504277256,44.18055280601395,43.16823208203509,44.076805114746094,28699200,0.0,0.0
2022-01-25 00:00:00-05:00,44.010781502873556,44.13024820606062,43.01103534371983,43.11792755126953,29479500,0.0,0.0
2022-01-26 00:00:00-05:00,43.177655201536496,43.633513907329196,42.49229668022953,42.67778396606445,26185500,0.0,0.0
2022-01-27 00:00:00-05:00,43.04562180300276,43.72469499885202,42.55832497386371,42.706085205078125,27759000,0.0,0.0
2022-01-28 00:00:00-05:00,42.75638230905164,43.24996813377615,42.111895343123415,43.234249114990234,25131900,0.0,0.0
2022-01-31 00:00:00-05:00,43.099066204825746,44.02650276507594,42.97645497201898,43.954193115234375,20193600,0.0,0.0
2022-02-01 00:00:00-05:00,43.76556084868301,44.37546888532521,43.69639932090828,44.300018310546875,20323200,0.0,0.0
2022-02-02 00:00:00-05:00,44.32831169139286,44.52951802065979,44.061084760201034,44.28115463256836,18149700,0.0,0.0
2022-02-03 00:00:00-05:00,44.09566496221727,44.63955236596022,43.941615700021984,44.325164794921875,20741100,0.0,0.0
2022-02-04 00:00:00-05:00,44.293721115029356,44.328303671481216,43.49518498941787,43.803279876708984,22036500,0.0,0.0
2022-02-07 00:00:00-05:00,44.032787224057785,44.03592814941027,43.262540942173096,43.37257766723633,20010300,0.0,0.0
2022-02-08 00:00:00-05:00,43.485755277433995,43.774990248542316,43.2311028658447,43.38200759887695,19458900,0.0,0.0
2022-02-09 00:00:00-05:00,43.54234926966645,43.63351886246695,43.218531713990714,43.287696838378906,21473700,0.0,0.0
2022-02-10 00:00:00-05:00,42.92929632218372,43.073912018656245,42.58661522686783,42.78153610229492,27810600,0.0,0.0
2022-02-11 00:00:00-05:00,43.01417908370878,43.12735673808953,42.18105669994488,42.545745849609375,23733300,0.0,0.0
2022-02-14 00:00:00-05:00,42.54575105601787,42.7438128748846,41.722062141403356,42.111900329589844,29363400,0.0,0.0
2022-02-15 00:00:00-05:00,42.36026445465146,42.652640402374765,42.061599459421,42.24394226074219,21824400,0.0,0.0
2022-02-16 00:00:00-05:00,42.23136994174967,42.404279180728295,41.71892047908496,41.9798583984375,28490700,0.0,0.0
2022-02-17 00:00:00-05:00,42.12761540899931,43.847302731032535,42.05845028548105,43.66181182861328,53831400,0.0,0.0
2022-02-18 00:00:00-05:00,43.41659015839596,43.88502337565114,43.12106973873587,43.38200759887695,31103400,0.0,0.0
2022-02-22 00:00:00-05:00,43.3128448046657,43.46060862027964,42.73751935477055,42.897857666015625,25380900,0.0,0.0
2022-02-23 00:00:00-05:00,43.02675429808813,43.130501982109415,42.391697296194785,42.45771789550781,21030900,0.0,0.0
2022-02-24 00:00:00-05:00,42.09931816998973,42.44514378654431,41.50198824736324,42.29423904418945,31717500,0.0,0.0
2022-02-25 00:00:00-05:00,42.382268431428706,43.00160643051957,42.15590951511706,42.875850677490234,24997800,0.0,0.0
2022-02-28 00:00:00-05:00,42.44200035883443,42.77839241388392,42.055306721701385,42.49230194091797,26286600,0.0,0.0
2022-03-01 00:00:00-05:00,42.715511596138725,43.35056854974753,42.44828469583653,42.753238677978516,24024900,0.0,0.0
2022-03-02 00:00:00-05:00,42.64949240359205,43.017322468988006,42.49858766912569,42.80668258666992,23863800,0.0,0.0
2022-03-03 00:00:00-05:00,43.16193891234544,44.16168504433904,42.92929455903666,43.79071044921875,29885100,0.0,0.0
2022-03-04 00:00:00-05:00,43.32542183507575,44.938216890949434,43.25625671402237,44.900489807128906,35576400,0.0,0.0
2022-03-07 00:00:00-05:00,44.422622069934114,45.15514127428839,44.15539516123511,44.538944244384766,45870000,0.0,0.0
2022-03-08 00:00:00-05:00,44.48550668297362,44.78731618499938,43.56750008258881,43.617801666259766,28305600,0.0,0.0
2022-03-09 00:00:00-05:00,44.0139226283935,44.08937319424579,43.42916365323864,43.844154357910156,22122900,0.0,0.0
2022-03-10 00:00:00-05:00,43.85359113469917,44.95708506408238,43.70268638172446,44.84075927734375,27512700,0.0,0.0
2022-03-11 00:00:00-05:00,44.737005375690536,45.287178159037914,44.60496059766302,44.664695739746094,19162200,0.0,0.0
2022-03-14 00:00:00-04:00,44.648980366092346,45.53868974125885,44.639550394389964,45.28718185424805,22646400,0.0,0.0
2022-03-15 00:00:00-04:00,45.43809485664192,45.9473997697321,45.22431401323564,45.831077575683594,22872600,0.0,0.0
2022-03-16 00:00:00-04:00,45.70846301555023,46.19575982481315,45.17715367043987,45.69588851928711,24615900,0.0,0.0
2022-03-17 00:00:00-04:00,45.58857756401797,45.856838001115705,45.02049345154535,45.76531219482422,19023000,0.186667,0.0
2022-03-18 00:00:00-04:00,45.81896810791045,45.942053549047905,45.481275024913,45.901023864746094,31233300,0.0,0.0
2022-03-21 00:00:00-04:00,45.897865103981395,46.4848857279264,45.32662790541411,45.51914596557617,21350700,0.0,0.0
2022-03-22 00:00:00-04:00,45.63907159276138,45.7526869653309,45.12464031368769,45.3834342956543,20235000,0.0,0.0
2022-03-23 00:00:00-04:00,45.175138043727216,45.361342727621505,44.663863431318966,44.7995719909668,19625400,0.0,0.0
2022-03-24 00:00:00-04:00,44.93843958819836,45.41815459953752,44.77748115211696,45.07730484008789,13440900,0.0,0.0
2022-03-25 00:00:00-04:00,45.27298355102539,45.42447195703774,44.897417415775465,45.27298355102539,14085300,0.0,0.0
2022-03-28 00:00:00-04:00,45.28876118159548,46.09670291976561,45.22564191841243,46.07776641845703,20105700,0.0,0.0
2022-03-29 00:00:00-04:00,46.26711839193722,46.74051999288191,46.156656092107404,46.465946197509766,19934400,0.0,0.0
2022-03-30 00:00:00-04:00,46.434389738072255,47.39697650480719,46.40598679363555,47.29914093017578,24991500,0.0,0.0
2022-03-31 00:00:00-04:00,46.95829490661466,47.51059569525899,46.76577681551224,46.99932098388672,27163800,0.0,0.0
2022-04-01 00:00:00-04:00,47.232861872887774,47.74097986339859,46.97407146135497,47.6589241027832,20939700,0.0,0.0
2022-04-04 00:00:00-04:00,47.62735868549296,48.35008423993105,47.36541162042558,47.66838836669922,25332600,0.0,0.0
2022-04-05 00:00:00-04:00,47.61789932803293,48.3911247923247,47.61789932803293,47.804107666015625,18657900,0.0,0.0
2022-04-06 00:00:00-04:00,47.66208310944668,49.050728572116924,47.49797158022313,48.91501998901367,28018500,0.0,0.0
2022-04-07 00:00:00-04:00,48.94974009036556,49.71980527480963,48.74144217133147,49.404205322265625,27088200,0.0,0.0
2022-04-08 00:00:00-04:00,49.520974016022095,49.99437571824801,49.30005298086544,49.678775787353516,23294400,0.0,0.0
2022-04-11 00:00:00-04:00,49.539906683740966,49.94071903448889,48.48579772294669,48.694095611572266,24712800,0.0,0.0
2022-04-12 00:00:00-04:00,48.67832620951669,49.04442232380454,48.14495824442663,48.35956954956055,26761200,0.0,0.0
2022-04-13 00:00:00-04:00,48.428994751857005,49.798703701630274,48.397435120485646,49.61880874633789,29284500,0.0,0.0
2022-04-14 00:00:00-04:00,49.58410099834199,49.956510491711214,49.369493300868356,49.57463455200195,22360500,0.0,0.0
2022-04-18 00:00:00-04:00,49.47047763079397,49.858666880172535,48.98445280063064,49.19590377807617,14671800,0.0,0.0
2022-04-19 00:00:00-04:00,49.44523023079535,49.84920292801853,49.24640237375474,49.754520416259766,15855000,0.0,0.0
2022-04-20 00:00:00-04:00,49.975429358325535,50.60663270736831,49.956492860559806,50.379398345947266,19821600,0.0,0.0
2022-04-21 00:00:00-04:00,50.47093041905162,50.739190882480415,50.202669955622824,50.45515060424805,18168300,0.0,0.0
2022-04-22 00:00:00-04:00,50.57508060949922,50.60979692527577,49.44207254220958,49.505191802978516,21046200,0.0,0.0
2022-04-25 00:00:00-04:00,49.35054993458031,49.69771311492629,48.71303669110476,49.53044128417969,18057600,0.0,0.0
2022-04-26 00:00:00-04:00,49.350540962551115,49.90599833835298,48.981288273691035,49.012847900390625,19601100,0.0,0.0
2022-04-27 00:00:00-04:00,49.08543607045158,49.29688700914189,48.608877772451216,48.67831039428711,17496900,0.0,0.0
2022-04-28 00:00:00-04:00,48.99075868260476,49.54306302985776,48.63413270497125,49.300048828125,14955900,0.0,0.0
2022-04-29 00:00:00-04:00,49.17381092441111,49.30320612832085,48.195444346487704,48.2838134765625,21088800,0.0,0.0
2022-05-02 00:00:00-04:00,48.90555512751662,48.91502518507491,47.44116711571298,47.965065002441406,20016000,0.0,0.0
2022-05-03 00:00:00-04:00,48.10707796019449,48.690938321681166,47.90193675941678,48.13232421875,17950500,0.0,0.0
2022-05-04 00:00:00-04:00,47.98084010045025,48.861367554787485,47.81672856993607,48.798248291015625,20022600,0.0,0.0
2022-05-05 00:00:00-04:00,48.665203482757605,48.72538763501618,47.95568804228416,48.380130767822266,23234400,0.186667,0.0
2022-05-06 00:00:00-04:00,48.05388841491289,48.763403990977785,46.96427339636477,47.37287902832031,34258200,0.0,0.0
2022-05-09 00:00:00-04:00,47.02762361622723,48.494166226836306,46.938933266962515,47.927188873291016,28207200,0.0,0.0
2022-05-10 00:00:00-04:00,47.96520535930663,48.237609155388306,47.05613906883252,47.25252151489258,24861300,0.0,0.0
2022-05-11 00:00:00-04:00,47.3221861368288,47.74979698405324,46.533484907411214,46.75837707519531,27878700,0.0,0.0
2022-05-12 00:00:00-04:00,46.834399715926764,47.55975234088192,46.40995698289116,46.71403503417969,25244400,0.0,0.0
2022-05-13 00:00:00-04:00,46.7868964072968,46.999115998593375,46.28960042112573,46.894588470458984,19962300,0.0,0.0
2022-05-16 00:00:00-04:00,47.31587321023095,47.426737081861425,46.39096968426535,46.94527816772461,21449100,0.0,0.0
2022-05-17 00:00:00-04:00,43.21398154591143,43.53389688675206,41.3800080858896,41.60490036010742,132940200,0.0,0.0
2022-05-18 00:00:00-04:00,40.55328400775582,40.629305338854024,38.49441887253612,38.77949523925781,104253000,0.0,0.0
2022-05-19 00:00:00-04:00,38.28537443207518,38.57678354617818,37.56635431493503,37.71522521972656,71008500,0.0,0.0
2022-05-20 00:00:00-04:00,37.89576727131774,38.275863052812554,37.145072937387845,37.75639724731445,49356000,0.0,0.0
2022-05-23 00:00:00-04:00,37.9844618030785,39.2039461390086,37.96546009125799,38.833351135253906,43680900,0.0,0.0
2022-05-24 00:00:00-04:00,38.39305959694516,39.451000165993165,38.35188439659218,39.31796646118164,34584900,0.0,0.0
2022-05-25 00:00:00-04:00,39.27678672814225,39.489009918929185,38.83334226398521,39.07723617553711,27121800,0.0,0.0
2022-05-26 00:00:00-04:00,39.68856189721555,40.036983336904086,39.40348915112554,39.91028594970703,28197600,0.0,0.0
2022-05-27 00:00:00-04:00,39.74875435713645,40.740174668628384,39.69173834605263,40.695831298828125,25299900,0.0,0.0
2022-05-31 00:00:00-04:00,40.37274455870163,41.145608869302926,40.3600719184415,40.74333953857422,36912300,0.0,0.0
2022-06-01 00:00:00-04:00,40.70216241080601,40.835196139927696,39.49218620792039,39.736080169677734,28534800,0.0,0.0
2022-06-02 00:00:00-04:00,39.774084030767256,40.394909201981825,39.3813156061635,40.38857650756836,23214300,0.0,0.0
2022-06-03 00:00:00-04:00,40.122515555698094,40.36007684099047,39.6220549512969,39.694908142089844,18302700,0.0,0.0
2022-06-06 00:00:00-04:00,39.85328198914631,40.005321074647725,39.463681605992846,39.552371978759766,19855500,0.0,0.0
2022-06-07 00:00:00-04:00,38.40256318821695,39.11524684028947,38.28853119395986,39.07723617553711,47707800,0.0,0.0
2022-06-08 00:00:00-04:00,38.75415275509802,39.24828052193629,38.627455372517005,38.73831558227539,22522800,0.0,0.0
2022-06-09 00:00:00-04:00,38.643300190759625,39.387658335380834,38.32338488657282,38.3328857421875,19880100,0.0,0.0
2022-06-10 00:00:00-04:00,37.93061785804571,38.87769479127496,37.80074866033145,38.548274993896484,25238100,0.0,0.0
2022-06-13 00:00:00-04:00,37.927441641603494,38.40256408744388,37.721554765086445,37.822914123535156,24897900,0.0,0.0
2022-06-14 00:00:00-04:00,37.73422902866794,38.00980095557114,37.43015091101514,37.8387565612793,21544200,0.0,0.0
2022-06-15 00:00:00-04:00,38.00029689145944,38.13966329827576,37.34462556040801,37.813411712646484,25914000,0.0,0.0
2022-06-16 00:00:00-04:00,37.48716434844315,38.567274861613775,37.44915368011712,38.20618438720703,30706800,0.0,0.0
2022-06-17 00:00:00-04:00,38.01613437384168,38.28853449499449,37.36679935710986,37.46815872192383,36838800,0.0,0.0
2022-06-21 00:00:00-04:00,37.47133021337216,38.890361446935756,37.4459885574671,38.6971435546875,23916600,0.0,0.0
2022-06-22 00:00:00-04:00,38.6749717117552,39.03923035697635,38.196681058121435,38.228355407714844,20235000,0.0,0.0
2022-06-23 00:00:00-04:00,38.56410664740034,39.264121351014275,38.38989773012919,39.156429290771484,18040800,0.0,0.0
2022-06-24 00:00:00-04:00,39.30529160697319,39.69172365040719,39.01071442945184,39.18809509277344,31845900,0.0,0.0
2022-06-27 00:00:00-04:00,39.20710457942436,39.511186294741435,38.89352563457075,39.31480026245117,19889100,0.0,0.0
2022-06-28 00:00:00-04:00,39.485846993689435,39.77408792729426,38.73515257735133,38.760494232177734,15399000,0.0,0.0
2022-06-29 00:00:00-04:00,38.9251966634517,39.070903001581094,38.31704053446763,38.617950439453125,19111500,0.0,0.0
2022-06-30 00:00:00-04:00,38.288530058101706,38.66229675054986,37.97495114543854,38.510257720947266,19166100,0.0,0.0
2022-07-01 00:00:00-04:00,38.62429001601754,38.934700800806084,38.377224302220085,38.84284591674805,17460900,0.0,0.0
2022-07-05 00:00:00-04:00,38.70981680950973,39.43833777355948,38.51976707434519,39.35598373413086,18218100,0.0,0.0
2022-07-06 00:00:00-04:00,39.42882914457792,39.99897829008293,39.371816767455186,39.63471603393555,21300000,0.0,0.0
2022-07-07 00:00:00-04:00,39.65372930601622,39.76142501197991,39.31480863566302,39.694908142089844,17487300,0.0,0.0
2022-07-08 00:00:00-04:00,39.853267615958885,40.10350146582852,39.64104805487681,39.72023391723633,14751000,0.0,0.0
2022-07-11 00:00:00-04:00,39.59987828035843,40.01482026871155,39.473180871631975,39.736080169677734,11532900,0.0,0.0
2022-07-12 00:00:00-04:00,39.6283800356734,40.26821051933529,39.50484718737748,39.61570739746094,13732200,0.0,0.0
2022-07-13 00:00:00-04:00,39.416158096488175,40.055988600475274,39.24828188380532,39.71073532104492,12689100,0.0,0.0
2022-07-14 00:00:00-04:00,39.327470605425425,40.6451459999974,39.32113791055485,40.48677062988281,20905500,0.0,0.0
2022-07-15 00:00:00-04:00,40.797179692634224,41.2627976372824,40.559618481108636,40.8827018737793,21184200,0.0,0.0
2022-07-18 00:00:00-04:00,40.74966328755405,41.27230083663062,40.62613407131441,40.78767395019531,14243700,0.0,0.0
2022-07-19 00:00:00-04:00,40.98406262333048,41.1646078452768,40.733832390307484,41.03791046142578,16995300,0.0,0.0
2022-07-20 00:00:00-04:00,41.33882205195266,41.592220454843066,41.018906794859575,41.37999725341797,18564900,0.0,0.0
2022-07-21 00:00:00-04:00,41.392677690747135,41.98816495595545,41.33566168001854,41.9849967956543,18764700,0.0,0.0
2022-07-22 00:00:00-04:00,41.98182015248951,42.25105572532752,41.56687823441903,41.87729263305664,13616400,0.0,0.0
2022-07-25 00:00:00-04:00,41.93430850180974,42.03249970161516,41.63973127749686,41.81711196899414,20535300,0.0,0.0
2022-07-26 00:00:00-04:00,38.367723493189054,38.861851296471805,38.02880289493259,38.636959075927734,95391600,0.0,0.0
2022-07-27 00:00:00-04:00,38.40256867420136,40.154187788720805,38.33605181383074,40.097171783447266,42159600,0.0,0.0
2022-07-28 00:00:00-04:00,39.99581463269572,41.338828179535774,39.99581463269572,41.09809875488281,33262200,0.0,0.0
2022-07-29 00:00:00-04:00,40.64514082185369,41.89312741468219,40.54694600245235,41.82661056518555,30141900,0.0,0.0
2022-08-01 00:00:00-04:00,41.51304057547544,42.51712985277623,41.49403523940482,41.98182678222656,24996300,0.0,0.0
2022-08-02 00:00:00-04:00,42.175035893839286,42.35241659220044,41.620727555030015,42.02616500854492,19695000,0.0,0.0
2022-08-03 00:00:00-04:00,41.86146123152616,42.108523345698906,41.132940279604895,41.33565902709961,32003100,0.0,0.0
2022-08-04 00:00:00-04:00,41.389499167721056,41.43067436663483,39.69806448012975,39.77408218383789,53106000,0.0,0.0
2022-08-05 00:00:00-04:00,39.75507738138661,40.166851125389634,39.63154815810291,40.093997955322266,32007000,0.0,0.0
2022-08-08 00:00:00-04:00,40.116179439104776,40.610307305367805,40.10351042327681,40.420257568359375,18175200,0.0,0.0
2022-08-09 00:00:00-04:00,40.50894440308461,40.851033174945215,40.293553028270495,40.819358825683594,19325100,0.0,0.0
2022-08-10 00:00:00-04:00,41.17727277774841,41.224784291983845,40.66730788351649,40.904869079589844,25251000,0.0,0.0
2022-08-11 00:00:00-04:00,41.26118215237343,41.474329655271106,40.911243218355374,41.29935836791992,23854500,0.186667,0.0
2022-08-12 00:00:00-04:00,41.356620756924954,42.26010393159189,41.29936007192695,42.0628662109375,26625000,0.0,0.0
2022-08-15 00:00:00-04:00,41.8751695620377,42.492338372532615,41.78927489624011,42.183753967285156,26516100,0.0,0.0
2022-08-16 00:00:00-04:00,44.187955739154226,44.83375485857989,43.96208405304789,44.33747863769531,91773300,0.0,0.0
2022-08-17 00:00:00-04:00,44.08297636287611,45.40320868425606,44.02889399548512,44.38520050048828,41792100,0.0,0.0
2022-08-18 00:00:00-04:00,44.388379856086146,44.671515891788616,44.06071096724349,44.242042541503906,19197600,0.0,0.0
2022-08-19 00:00:00-04:00,44.194322712113866,44.24204116272849,43.55488382368778,43.58987808227539,22918800,0.0,0.0
2022-08-22 00:00:00-04:00,43.32902060142229,43.49444603830069,42.76911240149268,42.81047058105469,18667200,0.0,0.0
2022-08-23 00:00:00-04:00,42.823190896570445,42.93453759104045,42.3778114000594,42.62913513183594,16955100,0.0,0.0
2022-08-24 00:00:00-04:00,42.7404874753013,43.03952972369727,42.50189152464596,42.93772888183594,15766500,0.0,0.0
2022-08-25 00:00:00-04:00,43.036337869146216,43.26220957280412,42.95680347675876,43.22403335571289,19414500,0.0,0.0
2022-08-26 00:00:00-04:00,43.300388831925446,43.52944252913909,41.83700093063305,41.86563491821289,21331800,0.0,0.0
2022-08-29 00:00:00-04:00,41.62066396178422,42.587771628279825,41.54431153619255,42.272823333740234,17381700,0.0,0.0
2022-08-30 00:00:00-04:00,42.419166616084006,42.51778547069267,41.910162552925506,42.14557647705078,14468100,0.0,0.0
2022-08-31 00:00:00-04:00,42.24101733235039,42.56232959047318,41.97060912599827,42.167850494384766,22460700,0.0,0.0
2022-09-01 00:00:00-04:00,42.16466485291659,42.99179555064345,42.12012472167904,42.78183364868164,21741900,0.0,0.0
2022-09-02 00:00:00-04:00,42.89954699569794,43.16040934312051,42.13285882395993,42.31100845336914,17234400,0.0,0.0
2022-09-06 00:00:00-04:00,42.3269117711554,42.50824698762444,41.58567567649863,42.101043701171875,21899700,0.0,0.0
2022-09-07 00:00:00-04:00,42.33009539787107,43.25584870378859,42.228294572245524,43.18267822265625,17058900,0.0,0.0
2022-09-08 00:00:00-04:00,43.074507220439834,43.542156743081954,42.909081813009664,43.40217971801758,16956000,0.0,0.0
2022-09-09 00:00:00-04:00,43.36083013335593,43.74258139718442,43.30674776380338,43.53261947631836,16140600,0.0,0.0
2022-09-12 00:00:00-04:00,43.608967526103925,43.9811765492544,43.57397326644468,43.92391586303711,14284500,0.0,0.0
2022-09-13 00:00:00-04:00,43.53897834908271,43.88573898216165,42.88681889919439,43.017250061035156,17687400,0.0,0.0
2022-09-14 00:00:00-04:00,43.14767418916693,43.43398849130839,42.66094023959482,42.92180252075195,19934700,0.0,0.0
2022-09-15 00:00:00-04:00,42.963157948664595,42.99497024235257,42.301452774177264,42.46051788330078,20189400,0.0,0.0
2022-09-16 00:00:00-04:00,41.992871823424686,42.80409630010364,41.763818193395984,42.37144470214844,41874300,0.0,0.0
2022-09-19 00:00:00-04:00,42.25374564252258,42.87091085847917,42.14239894412997,42.7341194152832,16853100,0.0,0.0
2022-09-20 00:00:00-04:00,42.46370329257962,42.59095612926944,42.16466476941915,42.4859733581543,13963500,0.0,0.0
2022-09-21 00:00:00-04:00,43.08723578654906,43.72667100276722,42.82636983909136,42.874088287353516,24903600,0.0,0.0
2022-09-22 00:00:00-04:00,42.81046866226307,42.858187116067896,42.260106362600645,42.43507766723633,16744500,0.0,0.0
2022-09-23 00:00:00-04:00,42.26964269462598,42.3682615383612,40.965316740994965,41.375701904296875,27195300,0.0,0.0
2022-09-26 00:00:00-04:00,40.958954827383316,42.03740543134043,40.80625363138243,41.77336120605469,23011200,0.0,0.0
2022-09-27 00:00:00-04:00,42.06604340748905,42.44779461343986,41.45205660757315,41.65884017944336,17171700,0.0,0.0
2022-09-28 00:00:00-04:00,41.805180485570766,42.51778618598104,41.26754607252865,42.34599685668945,16838400,0.0,0.0
2022-09-29 00:00:00-04:00,42.4700639424045,42.66730527800182,41.875165259188215,42.07240295410156,15241500,0.0,0.0
2022-09-30 00:00:00-04:00,42.069223202526715,42.10739577268049,41.26117706298828,41.26117706298828,19602300,0.0,0.0
2022-10-03 00:00:00-04:00,41.43297190712911,42.24419647205902,41.359801433360985,42.16148376464844,17574900,0.0,0.0
2022-10-04 00:00:00-04:00,42.584585452080944,43.010876744249366,42.428705939859825,42.708656311035156,16134300,0.0,0.0
2022-10-05 00:00:00-04:00,42.55277919817822,42.82636933380771,42.15511818598359,42.285552978515625,14553900,0.0,0.0
2022-10-06 00:00:00-04:00,42.33645075178083,42.78183018398158,41.859259023092015,41.89107131958008,14200500,0.0,0.0
2022-10-07 00:00:00-04:00,41.77336655596048,41.88152764155263,40.742630620435634,40.89851379394531,17080500,0.0,0.0
2022-10-10 00:00:00-04:00,41.207099678025216,41.3343525159485,40.80943865528479,41.14029312133789,11411700,0.0,0.0
2022-10-11 00:00:00-04:00,41.200732666980024,42.56550132081865,41.18482651851999,42.206016540527344,21276000,0.0,0.0
2022-10-12 00:00:00-04:00,42.3141926746849,42.87409726098863,41.66521144857069,41.72883605957031,16947600,0.0,0.0
2022-10-13 00:00:00-04:00,41.127567629500696,42.29191303830066,40.83807134611328,42.08195114135742,20545500,0.0,0.0
2022-10-14 00:00:00-04:00,42.13285085339877,42.380988960496865,41.37252310184603,41.493412017822266,16641000,0.0,0.0
2022-10-17 00:00:00-04:00,41.66202278020174,42.25692517556804,41.54431581253517,41.792457580566406,17812500,0.0,0.0
2022-10-18 00:00:00-04:00,42.44780001539706,42.97907418231225,42.41598771424302,42.67367172241211,16842300,0.0,0.0
2022-10-19 00:00:00-04:00,42.734111522690476,42.86136070799786,42.30145628314067,42.55277633666992,11339400,0.0,0.0
2022-10-20 00:00:00-04:00,42.622766364772986,43.07450608568059,42.51778359874038,42.65776062011719,12754800,0.0,0.0
2022-10-21 00:00:00-04:00,42.88681849628115,43.71394923405183,42.62913449256326,43.51988983154297,18134700,0.0,0.0
2022-10-24 00:00:00-04:00,43.726667988576196,44.69059732417304,43.6248671830273,44.35020065307617,18806700,0.0,0.0
2022-10-25 00:00:00-04:00,44.248410269670266,44.6778800162655,44.00345043082186,44.56017303466797,15051300,0.0,0.0
2022-10-26 00:00:00-04:00,44.65242037749205,45.186876418175174,44.48063106586832,44.90055847167969,20754300,0.0,0.0
2022-10-27 00:00:00-04:00,44.859206776658674,45.205967379559624,44.6301531331302,44.7701301574707,16602900,0.0,0.0
2022-10-28 00:00:00-04:00,44.55380113575017,45.460462489322076,44.55061917802911,45.336395263671875,13648200,0.0,0.0
2022-10-31 00:00:00-04:00,45.2823148008719,45.51454675466057,45.100983250700196,45.27913284301758,22572000,0.0,0.0
2022-11-01 00:00:00-04:00,45.482734232783415,45.66724773989787,45.0150883696621,45.075531005859375,14814300,0.0,0.0
2022-11-02 00:00:00-04:00,44.90692422008389,45.67361223818488,44.760586923797895,44.776493072509766,15522000,0.0,0.0
2022-11-03 00:00:00-04:00,44.382015519395935,45.08189700823798,44.24522045147657,44.76694869995117,10976400,0.0,0.0
2022-11-04 00:00:00-04:00,45.18369988618174,45.24096056980969,44.15296389266641,44.84648513793945,14669400,0.0,0.0
2022-11-07 00:00:00-05:00,44.93873365013624,45.48273191087655,44.93873365013624,45.31730651855469,11364000,0.0,0.0
2022-11-08 00:00:00-05:00,45.358673327725505,45.83268317262373,45.018272964523774,45.425479888916016,15068400,0.0,0.0
2022-11-09 00:00:00-05:00,45.41592780760253,45.54318063671329,44.28657305689514,44.36928939819336,15932100,0.0,0.0
2022-11-10 00:00:00-05:00,45.336399478473915,45.393660160040795,44.69696062239799,45.28868103027344,20310600,0.0,0.0
2022-11-11 00:00:00-05:00,45.387299621623356,45.53045860607926,44.53471691225323,45.35866928100586,19270800,0.0,0.0
2022-11-14 00:00:00-05:00,45.059629189489605,45.594085296553295,43.98753865790209,44.02571487426758,37525800,0.0,0.0
2022-11-15 00:00:00-05:00,46.32259536289618,47.80507106111744,45.98538062636313,46.90476989746094,76548600,0.0,0.0
2022-11-16 00:00:00-05:00,47.04474396840581,47.782801690571375,46.80296976556308,47.24198532104492,32593200,0.0,0.0
2022-11-17 00:00:00-05:00,46.76797161036323,47.3151518504199,46.67253107972312,47.082916259765625,24791400,0.0,0.0
2022-11-18 00:00:00-05:00,47.61420131265576,47.795536542274746,47.327886936191604,47.792354583740234,18987000,0.0,0.0
2022-11-21 00:00:00-05:00,47.91324008634541,48.39997412735158,47.77962332227424,48.085025787353516,21157200,0.0,0.0
2022-11-22 00:00:00-05:00,48.35542408165735,48.49857939915935,48.07547008011532,48.25680160522461,16898400,0.0,0.0
2022-11-23 00:00:00-05:00,48.38088327198446,48.79126849376864,48.3172586722089,48.48904800415039,16920600,0.0,0.0
2022-11-25 00:00:00-05:00,48.39361081104245,48.702191574356505,48.31089446301456,48.695831298828125,8777400,0.0,0.0
2022-11-28 00:00:00-05:00,48.58448770414634,49.19529263483997,48.58448770414634,48.83580780029297,17674800,0.0,0.0
2022-11-29 00:00:00-05:00,48.683105006203164,48.899434476065565,48.53040377842735,48.66402053833008,13841700,0.0,0.0
2022-11-30 00:00:00-05:00,48.5494906458003,48.60039105375762,48.10093284856139,48.48904800415039,31338000,0.0,0.0
2022-12-01 00:00:00-05:00,48.37134373086491,48.86762364624508,47.951412611328465,48.7912712097168,22732200,0.0,0.0
2022-12-02 00:00:00-05:00,48.189993828745976,48.7499018174982,48.189993828745976,48.74353790283203,20733000,0.0,0.0
2022-12-05 00:00:00-05:00,48.594018265170135,48.67354899441032,47.88140909658109,48.244075775146484,23608200,0.0,0.0
2022-12-06 00:00:00-05:00,48.100934177626755,48.32680224120776,47.467859198451414,47.68418502807617,20625600,0.0,0.0
2022-12-07 00:00:00-05:00,47.87823643094466,48.10410445678228,47.343780401592795,47.436038970947266,17550300,0.0,0.0
2022-12-08 00:00:00-05:00,47.63083179216304,47.669148267123596,47.305118001341974,47.50948715209961,13512600,0.186667,0.0
2022-12-09 00:00:00-05:00,47.0911684864652,47.17100270092108,46.372682482814994,46.401424407958984,27929400,0.0,0.0
2022-12-12 00:00:00-05:00,46.589820584575584,47.292344082158344,46.48125176128342,47.26679611206055,19432200,0.0,0.0
2022-12-13 00:00:00-05:00,47.899071475952624,47.962935930078125,46.85806552518859,47.09756088256836,23408100,0.0,0.0
2022-12-14 00:00:00-05:00,46.96982925094701,47.42965990770185,46.60898923093072,46.83571243286133,20334600,0.0,0.0
2022-12-15 00:00:00-05:00,46.48765272960535,46.755886391754125,45.864963266006185,46.41740036010742,17514000,0.0,0.0
2022-12-16 00:00:00-05:00,46.136387091436255,46.2130273625587,45.52647349379204,45.58395004272461,40343100,0.0,0.0
2022-12-19 00:00:00-05:00,45.66696531783278,45.84259619157655,45.2582270330535,45.59990692138672,15067500,0.0,0.0
2022-12-20 00:00:00-05:00,45.63823302905118,46.18747608479142,45.42428565388276,45.99907302856445,17009400,0.0,0.0
2022-12-21 00:00:00-05:00,46.085291345367025,46.60260217348786,46.06613127902081,46.35991287231445,13726500,0.0,0.0
2022-12-22 00:00:00-05:00,46.22898701219245,46.296045412842815,45.322097972377826,45.817054748535156,13082400,0.0,0.0
2022-12-23 00:00:00-05:00,45.67973546578867,45.91923075322984,45.43385227303671,45.90964889526367,9547500,0.0,0.0
2022-12-27 00:00:00-05:00,45.99588223800904,46.126808758416416,45.72445464494408,45.92243957519531,10044600,0.0,0.0
2022-12-28 00:00:00-05:00,45.81386117082646,45.877725618748656,44.996384543314285,45.11772918701172,15246300,0.0,0.0
2022-12-29 00:00:00-05:00,45.38915894414041,45.67016472125773,45.26462034113136,45.39234924316406,9171900,0.0,0.0
2022-12-30 00:00:00-05:00,45.203950682795714,45.34126144767553,44.964455332629015,45.27739334106445,11505900,0.0,0.0
2023-01-03 00:00:00-05:00,45.52008152265188,45.89049972158375,45.373192555326185,45.855377197265625,17249700,0.0,0.0
2023-01-04 00:00:00-05:00,45.7978909874154,45.99906617313112,45.366798693447116,45.90645980834961,13338300,0.0,0.0
2023-01-05 00:00:00-05:00,45.81066667923413,46.02461403902293,45.55201128289813,45.749996185302734,13274400,0.0,0.0
2023-01-06 00:00:00-05:00,46.174709864761084,47.11672526706711,46.05975310591969,46.87084197998047,21231900,0.0,0.0
2023-01-09 00:00:00-05:00,46.723944937180725,47.21570777217765,46.23856635443539,46.28646469116211,17756700,0.0,0.0
2023-01-10 00:00:00-05:00,46.283269078871335,46.44612780319535,45.89688479116792,46.25772476196289,11970600,0.0,0.0
2023-01-11 00:00:00-05:00,46.53873790753247,46.6792389706167,46.21621438622881,46.663272857666016,14834700,0.0,0.0
2023-01-12 00:00:00-05:00,46.75268315388055,46.75587710720704,46.1076434494641,46.24176025390625,12472800,0.0,0.0
2023-01-13 00:00:00-05:00,46.471671393975654,46.56427776374139,45.93839815635938,46.39503479003906,13699800,0.0,0.0
2023-01-17 00:00:00-05:00,46.395042198286596,46.52915901739757,46.04697433580584,46.11403274536133,15122400,0.0,0.0
2023-01-18 00:00:00-05:00,46.046971496859776,46.06293760984533,44.85907661133512,44.97403335571289,22674300,0.0,0.0
2023-01-19 00:00:00-05:00,45.14965267788764,45.19435705190446,44.319400397855794,44.332176208496094,17342100,0.0,0.0
2023-01-20 00:00:00-05:00,44.514200923993094,44.95487147163152,44.1214287133747,44.87823486328125,29543100,0.0,0.0
2023-01-23 00:00:00-05:00,44.85268471518858,45.666967368256586,44.769660204166094,45.5488166809082,13149900,0.0,0.0
2023-01-24 00:00:00-05:00,46.79738650944111,46.79738650944111,45.025122510677924,45.670162200927734,13669200,0.0,0.0
2023-01-25 00:00:00-05:00,45.42108215460893,45.61267912403935,44.83032513673249,45.4530143737793,12491700,0.0,0.0
2023-01-26 00:00:00-05:00,45.67336367624047,45.9032808412494,45.267819251704175,45.41151428222656,15819000,0.0,0.0
2023-01-27 00:00:00-05:00,45.53604566818682,46.133187026342014,45.264618110335256,45.75957489013672,18412800,0.0,0.0
2023-01-30 00:00:00-05:00,45.38277103727519,45.48814957409755,45.11134346604675,45.39234924316406,15897600,0.0,0.0
2023-01-31 00:00:00-05:00,45.446632741478034,45.94478346899684,45.23587933498032,45.941593170166016,14103600,0.0,0.0
2023-02-01 00:00:00-05:00,45.8745245751096,46.49721380933456,45.56797088717343,46.197044372558594,12849300,0.0,0.0
2023-02-02 00:00:00-05:00,46.114026676845135,46.257725338073136,45.64461787173002,45.861759185791016,17806800,0.0,0.0
2023-02-03 00:00:00-05:00,45.778739180539084,45.97033619623803,44.98042254527079,45.25185012817383,17155500,0.0,0.0
2023-02-06 00:00:00-05:00,45.2869732402595,45.37638566211552,44.71537618546054,44.92293930053711,17454000,0.0,0.0
2023-02-07 00:00:00-05:00,44.63234590906981,45.1209147312455,44.28747207957714,45.01873016357422,16341300,0.0,0.0
2023-02-08 00:00:00-05:00,44.81117292819055,45.057052500608,44.70260044930996,44.77604675292969,11691300,0.0,0.0
2023-02-09 00:00:00-05:00,44.9836140898515,45.32529036095102,44.88781375992783,45.1911735534668,13064400,0.0,0.0
2023-02-10 00:00:00-05:00,45.692516811748256,45.96394437151709,45.3987352333039,45.89369201660156,15002700,0.0,0.0
2023-02-13 00:00:00-05:00,46.209823453596314,46.660075813416924,46.14595535661734,46.593013763427734,16015800,0.0,0.0
2023-02-14 00:00:00-05:00,46.53554071201126,46.98259549789394,46.16192857882151,46.458900451660156,13831200,0.0,0.0
2023-02-15 00:00:00-05:00,46.28966270307447,46.81336146288155,46.16193379393754,46.80377960205078,14674200,0.0,0.0
2023-02-16 00:00:00-05:00,46.455712651057326,46.61857139866824,46.04059003387205,46.06932830810547,16312200,0.0,0.0
2023-02-17 00:00:00-05:00,46.33755979323783,46.84209847217382,46.16512284703013,46.762264251708984,24770700,0.0,0.0
2023-02-21 00:00:00-05:00,45.625460849834965,47.3689866939451,45.39234975394783,47.04646682739258,54393900,0.0,0.0
2023-02-22 00:00:00-05:00,46.8676405804069,47.123102034142136,45.58713935835736,46.05974578857422,29844000,0.0,0.0
2023-02-23 00:00:00-05:00,46.10124830871669,46.10124830871669,44.9325100744155,45.37318420410156,22021200,0.0,0.0
2023-02-24 00:00:00-05:00,44.97402880667404,45.58075200198311,44.555708649065075,45.49453353881836,20623500,0.0,0.0
2023-02-27 00:00:00-05:00,45.57116317950511,45.69250780002617,44.916541750106596,45.165618896484375,16647300,0.0,0.0
2023-02-28 00:00:00-05:00,45.02513102571124,45.552020125981294,45.00916491081878,45.38597106933594,18054000,0.0,0.0
2023-03-01 00:00:00-05:00,45.04428023321965,45.11453258357074,44.504619102042625,44.753692626953125,14180100,0.0,0.0
2023-03-02 00:00:00-05:00,44.65470222974828,44.942095884354245,44.546129750591284,44.865455627441406,14785500,0.0,0.0
2023-03-03 00:00:00-05:00,45.03789709491269,45.08579543311133,44.63235271532497,44.91974639892578,16888800,0.0,0.0
2023-03-06 00:00:00-05:00,44.865458444632,45.018735313673645,44.71218157559035,44.91335678100586,16720800,0.0,0.0
2023-03-07 00:00:00-05:00,45.082606247222266,45.24226737849325,44.31941215299257,44.466304779052734,17387400,0.0,0.0
2023-03-08 00:00:00-05:00,44.24596028346908,44.36091700493489,43.83721837104168,44.09906768798828,19090800,0.0,0.0
2023-03-09 00:00:00-05:00,44.332180061257596,44.380078392097175,43.72226295446008,43.802093505859375,15415800,0.0,0.0
2023-03-10 00:00:00-05:00,43.75420540234194,44.1565595151411,43.45723348907583,43.73823928833008,20065200,0.0,0.0
2023-03-13 00:00:00-04:00,43.64563532092603,44.22681062506802,43.61370309380735,43.865970611572266,28142100,0.0,0.0
2023-03-14 00:00:00-04:00,43.96814485671912,44.153353923083,43.747809617906206,44.09906768798828,25542600,0.0,0.0
2023-03-15 00:00:00-04:00,43.712692207554646,44.645125631962586,43.65521200809584,44.59083938598633,33133500,0.0,0.0
2023-03-16 00:00:00-04:00,44.70626520922136,44.77680550303667,44.20927977774821,44.3375358581543,28905600,0.19,0.0
2023-03-17 00:00:00-04:00,44.30867981053034,44.72550751973901,44.11630117802222,44.696651458740234,43081200,0.0,0.0
2023-03-20 00:00:00-04:00,44.921092373517624,45.504649640293614,44.828106441595075,45.1776008605957,33928500,0.0,0.0
2023-03-21 00:00:00-04:00,45.33472565896544,45.33472565896544,44.73834004922445,45.02370834350586,19013400,0.0,0.0
2023-03-22 00:00:00-04:00,45.09423455054499,45.28020273877427,44.715884086104246,44.73512268066406,18548400,0.0,0.0
2023-03-23 00:00:00-04:00,44.95315485429911,45.40525266188119,44.72550242848098,45.09743881225586,22044300,0.0,0.0
2023-03-24 00:00:00-04:00,45.21287362171686,45.68100301372791,45.081414161169995,45.4661750793457,22752300,0.0,0.0
2023-03-27 00:00:00-04:00,45.78359381865922,46.485785878797465,45.78038677525755,46.226070404052734,26775600,0.0,0.0
2023-03-28 00:00:00-04:00,46.05934855524179,46.30303254259088,45.86696993622752,46.04652404785156,21282900,0.0,0.0
2023-03-29 00:00:00-04:00,46.29020697598723,46.47938221586545,45.99522129644015,46.24531936645508,24216900,0.0,0.0
2023-03-30 00:00:00-04:00,46.65253013255961,47.00523163008719,46.49862502528954,46.70703887939453,21879000,0.0,0.0
2023-03-31 00:00:00-04:00,46.998813054416964,47.595194829480164,46.96354290803135,47.277767181396484,20868000,0.0,0.0
2023-04-03 00:00:00-04:00,47.367540019523936,47.75871865421201,47.29379635574023,47.675350189208984,19766700,0.0,0.0
2023-04-04 00:00:00-04:00,47.624049788974204,47.7074182562437,47.13989255244808,47.20722579956055,18113700,0.0,0.0
2023-04-05 00:00:00-04:00,47.18798590773226,48.05690767763477,47.178364775902494,47.98957443237305,26540700,0.0,0.0
2023-04-06 00:00:00-04:00,47.710617579448886,48.4288449366368,47.620842370513536,48.351890563964844,17891700,0.0,0.0
2023-04-10 00:00:00-04:00,48.210816478116925,48.4545004651722,48.02164123413808,48.2589111328125,14519100,0.0,0.0
2023-04-11 00:00:00-04:00,48.41603274701985,48.41603274701985,47.97355596622384,48.11784362792969,18370500,0.0,0.0
2023-04-12 00:00:00-04:00,48.02805762941783,48.40640813554857,47.82926124331905,47.88376998901367,11209800,0.0,0.0
2023-04-13 00:00:00-04:00,47.98315608373448,48.09538059546327,47.518237496072246,47.93185806274414,13272600,0.0,0.0
2023-04-14 00:00:00-04:00,47.78437151975491,48.060118611004064,47.50221034010018,47.6080207824707,10464900,0.0,0.0
2023-04-17 00:00:00-04:00,47.659325163112,47.98958101622969,47.614437549908125,47.94148635864258,16166700,0.0,0.0
2023-04-18 00:00:00-04:00,48.02484516351169,48.20440293266036,47.91582768442952,48.04729080200195,13482300,0.0,0.0
2023-04-19 00:00:00-04:00,48.36471678207271,48.54748158894656,48.02163647543339,48.09859085083008,12433500,0.0,0.0
2023-04-20 00:00:00-04:00,48.16272241255185,48.54107290513755,47.96713674718668,48.40640640258789,13641600,0.0,0.0
2023-04-21 00:00:00-04:00,48.72383675303185,48.832854246537124,48.47374233011568,48.65009307861328,25335000,0.0,0.0
2023-04-24 00:00:00-04:00,48.64367281804649,49.041261878129355,48.64367281804649,48.98033905029297,13579500,0.0,0.0
2023-04-25 00:00:00-04:00,49.15028726611456,49.2977782893571,48.52183863895439,48.598793029785156,17246700,0.0,0.0
2023-04-26 00:00:00-04:00,48.40961070853105,48.547484247511555,48.165926732278976,48.38716506958008,12910200,0.0,0.0
2023-04-27 00:00:00-04:00,48.34548239919663,48.717422463699606,48.34548239919663,48.537864685058594,12861000,0.0,0.0
2023-04-28 00:00:00-04:00,48.50900980161496,48.79116731424591,48.153104949249865,48.40640640258789,14088600,0.0,0.0
2023-05-01 00:00:00-04:00,48.428854642351304,48.90980855978051,48.39358449270585,48.605201721191406,11409600,0.0,0.0
2023-05-02 00:00:00-04:00,48.566725559691285,48.573135978759666,47.922245437245664,48.47373962402344,11329500,0.0,0.0
2023-05-03 00:00:00-04:00,48.59558558616646,48.76872929472638,48.18196491231636,48.294189453125,12334500,0.0,0.0
2023-05-04 00:00:00-04:00,48.45510956723625,48.596726080527596,48.11394519127138,48.429359436035156,14011200,0.19,0.0
2023-05-05 00:00:00-04:00,48.374651352648264,48.92502135959508,48.223380818086426,48.8477783203125,14556000,0.0,0.0
2023-05-08 00:00:00-04:00,48.686849245466675,49.227565244218376,48.61926020603851,49.15353775024414,14926200,0.0,0.0
2023-05-09 00:00:00-04:00,49.15352784446552,49.301582802576874,49.03122301602271,49.23720932006836,15209700,0.0,0.0
2023-05-10 00:00:00-04:00,49.46572274585466,49.6781474869105,48.67396248978792,49.09880828857422,15827700,0.0,0.0
2023-05-11 00:00:00-04:00,49.09880944952907,49.33054587100813,48.9217925111223,49.28226852416992,11926800,0.0,0.0
2023-05-12 00:00:00-04:00,49.43676413495104,49.588034646399734,49.1503118795914,49.26618194580078,16119300,0.0,0.0
2023-05-15 00:00:00-04:00,49.40457914325524,49.517226299095675,48.722246704570864,48.883174896240234,16113900,0.0,0.0
2023-05-16 00:00:00-04:00,48.55166663959568,48.77052619051223,48.13969398689345,48.20728302001953,15512100,0.0,0.0
2023-05-17 00:00:00-04:00,48.64500849681597,48.64822404064071,47.86290204880497,48.12682342529297,26985900,0.0,0.0
2023-05-18 00:00:00-04:00,48.857433238418736,49.6588514256003,48.262005087628985,48.751224517822266,46768500,0.0,0.0
2023-05-19 00:00:00-04:00,48.72869198101981,48.74800366139014,47.991647316296316,48.24913024902344,27594000,0.0,0.0
2023-05-22 00:00:00-04:00,48.18152881099336,48.30383363298225,47.72771364738529,47.82426834106445,16117800,0.0,0.0
2023-05-23 00:00:00-04:00,47.63759536722182,47.91117069207909,47.33827359649181,47.734153747558594,16302300,0.0,0.0
2023-05-24 00:00:00-04:00,47.79851462896397,47.808168623533945,47.08721670702922,47.515281677246094,20515200,0.0,0.0
2023-05-25 00:00:00-04:00,47.27390807815979,47.45414796293167,46.69779165896373,47.04217529296875,21299100,0.0,0.0
2023-05-26 00:00:00-04:00,46.89411803492593,47.254594103634794,46.820094231674155,47.1258544921875,15720900,0.0,0.0
2023-05-30 00:00:00-04:00,47.08722990562719,47.40586706562412,46.86193190815259,47.009986877441406,15742500,0.0,0.0
2023-05-31 00:00:00-04:00,46.803994992749246,47.41229992980615,46.67203616310243,47.270687103271484,30130800,0.0,0.0
2023-06-01 00:00:00-04:00,47.05826978690367,47.60220132527427,46.971369067855115,47.44449234008789,20239200,0.0,0.0
2023-06-02 00:00:00-04:00,47.38334193850957,47.95945838492445,47.344718578044215,47.89830780029297,19178100,0.0,0.0
2023-06-05 00:00:00-04:00,48.07532873735873,48.68041454919717,48.07532873735873,48.21372604370117,15553200,0.0,0.0
2023-06-06 00:00:00-04:00,48.18153657088867,48.339241859298824,47.79852959429017,48.20728302001953,15015600,0.0,0.0
2023-06-07 00:00:00-04:00,48.03670097351074,48.39395781876635,47.969111940173896,48.27809143066406,24256500,0.0,0.0
2023-06-08 00:00:00-04:00,48.40361950633935,49.06020189881127,48.21050638796648,48.97651672363281,18873000,0.0,0.0
2023-06-09 00:00:00-04:00,48.973299331761815,49.47539194725486,48.79305944586124,49.272621154785156,15603900,0.0,0.0
2023-06-12 00:00:00-04:00,49.38204659163163,49.66206038346574,49.29836511341902,49.59769058227539,14713500,0.0,0.0
2023-06-13 00:00:00-04:00,49.73287278077866,50.051506269873215,49.58803703271,49.983917236328125,15738900,0.0,0.0
2023-06-14 00:00:00-04:00,50.18024781426771,50.6372785814881,50.08368942448456,50.489227294921875,21103200,0.0,0.0
2023-06-15 00:00:00-04:00,50.53106605015226,50.926946238818275,50.524631279735715,50.766021728515625,18160500,0.0,0.0
2023-06-16 00:00:00-04:00,50.87866746639355,50.90119837053777,49.97747550053503,50.05794143676758,34675800,0.0,0.0
2023-06-20 00:00:00-04:00,49.7908019967278,50.032192444266336,49.52688064453239,49.617000579833984,19994400,0.0,0.0
2023-06-21 00:00:00-04:00,49.633088451684465,49.996783702865464,49.35951312749069,49.71355438232422,19251000,0.0,0.0
2023-06-22 00:00:00-04:00,49.88092095103817,50.23496223157237,49.7199927614021,50.12874984741211,13307400,0.0,0.0
2023-06-23 00:00:00-04:00,50.170589896448206,50.30255241464034,49.89379531925496,50.0354118347168,18975000,0.0,0.0
2023-06-26 00:00:00-04:00,50.096570901023895,50.138413490710256,49.668505738560846,49.90346145629883,14106300,0.0,0.0
2023-06-27 00:00:00-04:00,49.61378158219143,50.160935966912255,49.58481590701728,49.72321319580078,12093600,0.0,0.0
2023-06-28 00:00:00-04:00,49.80045914248525,50.106219390530256,49.7714897844301,49.99357223510742,18889800,0.0,0.0
2023-06-29 00:00:00-04:00,49.72964805429538,49.80689107695075,49.2887060881926,49.65562057495117,21530400,0.0,0.0
2023-06-30 00:00:00-04:00,49.87770258509398,50.70164785826565,49.81655200830585,50.5890007019043,19073100,0.0,0.0
2023-07-03 00:00:00-04:00,50.46991676847172,50.994536578846905,50.315427024619844,50.917293548583984,8647500,0.0,0.0
2023-07-05 00:00:00-04:00,50.90442481980795,51.21340433479977,50.64050343617172,50.88833236694336,17585400,0.0,0.0
2023-07-06 00:00:00-04:00,50.83038862360464,50.910850874151095,50.4892242612968,50.56646728515625,14427000,0.0,0.0
2023-07-07 00:00:00-04:00,50.14805792235479,50.30254764731006,49.388482520493326,49.4013557434082,19774800,0.0,0.0
2023-07-10 00:00:00-04:00,49.74574645926975,50.04828749948641,49.668499744041426,49.84873962402344,12967800,0.0,0.0
2023-07-11 00:00:00-04:00,49.81333114843467,50.05150236073718,49.520444131505734,49.77470779418945,11460900,0.0,0.0
2023-07-12 00:00:00-04:00,49.98713875326634,50.173813410815235,49.82942977332768,49.900238037109375,16509900,0.0,0.0
2023-07-13 00:00:00-04:00,50.02576051076644,50.080476320421184,49.4657328727223,49.60734939575195,11859600,0.0,0.0
2023-07-14 00:00:00-04:00,49.60412598658503,49.78114662544747,49.43032457448842,49.77792739868164,10427400,0.0,0.0
2023-07-17 00:00:00-04:00,49.69425268237468,49.88092734361366,49.5075780211357,49.839088439941406,10135200,0.0,0.0
2023-07-18 00:00:00-04:00,49.78114730378898,50.0997807747574,49.520445182091606,49.74896240234375,13437300,0.0,0.0
2023-07-19 00:00:00-04:00,49.822984142285904,49.95172742606947,49.485039007758324,49.765052795410156,12372900,0.0,0.0
2023-07-20 00:00:00-04:00,49.864835978546544,50.70809304138175,49.85517829672408,50.68556213378906,14987700,0.0,0.0
2023-07-21 00:00:00-04:00,50.82073355600517,51.10396658580957,50.67268227072391,50.972007751464844,16960500,0.0,0.0
2023-07-24 00:00:00-04:00,50.997760220262286,51.32927064201332,50.71131161311413,51.27133560180664,12529800,0.0,0.0
2023-07-25 00:00:00-04:00,51.64468021849803,51.66077266871931,50.94303612887765,51.229488372802734,15553800,0.0,0.0
2023-07-26 00:00:00-04:00,51.25202028831127,51.71870503726781,51.15546190175151,51.41294479370117,15094200,0.0,0.0
2023-07-27 00:00:00-04:00,51.522378843601956,51.70261503483796,51.21661490223163,51.22627258300781,13400400,0.0,0.0
2023-07-28 00:00:00-04:00,51.26811114278051,51.79916936068602,51.26811114278051,51.46765899658203,11020200,0.0,0.0
2023-07-31 00:00:00-04:00,51.48376113904535,51.702620710760506,51.14581594129941,51.451576232910156,13033200,0.0,0.0
2023-08-01 00:00:00-04:00,51.48053832932454,51.6414665321282,51.16190483409816,51.210182189941406,11782500,0.0,0.0
2023-08-02 00:00:00-04:00,51.02350381323566,51.63502430926868,51.02350381323566,51.245582580566406,12660000,0.0,0.0
2023-08-03 00:00:00-04:00,51.181210345764434,51.33570007584252,51.017062935685765,51.258453369140625,13202700,0.0,0.0
2023-08-04 00:00:00-04:00,51.419375676592274,51.577084615315,50.84003649250929,50.96234130859375,14262000,0.0,0.0
2023-08-07 00:00:00-04:00,51.335697764788726,51.88606763362296,51.2101737137119,51.65433120727539,14268900,0.0,0.0
2023-08-08 00:00:00-04:00,51.8152612260455,52.018028304231755,51.33891513364882,51.70582962036133,11017500,0.0,0.0
2023-08-09 00:00:00-04:00,51.78950881958008,52.172515739311784,51.725139022984145,51.78950881958008,13209600,0.0,0.0
2023-08-10 00:00:00-04:00,51.9348641639946,52.24494203315877,51.68938492680134,51.763671875,15169500,0.19,0.0
2023-08-11 00:00:00-04:00,51.85734581213901,52.27078299465251,51.711998881897856,52.06729507446289,14195100,0.0,0.0
2023-08-14 00:00:00-04:00,52.32569642843476,52.577633340369,51.414843043539946,51.6796989440918,20813700,0.0,0.0
2023-08-15 00:00:00-04:00,51.531115160012526,51.93486400140639,51.33085422654191,51.41483688354492,14559300,0.0,0.0
2023-08-16 00:00:00-04:00,51.64093872026338,51.993007962128786,51.153214552131054,51.44068145751953,26980800,0.0,0.0
2023-08-17 00:00:00-04:00,51.970396044413924,52.0479173682531,50.07116796739611,50.28757858276367,53614200,0.0,0.0
2023-08-18 00:00:00-04:00,50.16483465967292,51.57310408902764,50.16483465967292,51.01108932495117,27954900,0.0,0.0
2023-08-21 00:00:00-04:00,50.91418802323748,51.30501789003667,50.723622792721024,50.875431060791016,15679200,0.0,0.0
2023-08-22 00:00:00-04:00,50.70101686327651,50.81083750890846,50.465229608359955,50.71393585205078,16670700,0.0,0.0
2023-08-23 00:00:00-04:00,50.584735398548204,51.162899846449356,50.55243238400834,51.066001892089844,14210400,0.0,0.0
2023-08-24 00:00:00-04:00,51.07569293273575,51.430992843841544,50.65256740709729,50.675174713134766,14033100,0.0,0.0
2023-08-25 00:00:00-04:00,50.768840651041465,51.04661920977645,50.56212206746378,50.97555923461914,12267000,0.0,0.0
2023-08-28 00:00:00-04:00,50.988475879077704,51.301784410994884,50.988475879077704,51.26625442504883,11871000,0.0,0.0
2023-08-29 00:00:00-04:00,51.35669622753243,51.75398372973768,51.31147792428736,51.69584274291992,12702300,0.0,0.0
2023-08-30 00:00:00-04:00,51.808896835391955,52.09636372122713,51.6538578919494,52.06729507446289,10967700,0.0,0.0
2023-08-31 00:00:00-04:00,52.04146143694681,52.64546760215138,51.98977808840431,52.522727966308594,19582800,0.0,0.0
2023-09-01 00:00:00-04:00,52.60670426339228,52.635772911101256,51.728146525577664,52.186805725097656,12553500,0.0,0.0
2023-09-05 00:00:00-04:00,52.2772494351774,52.58409668092097,51.73784190337933,51.766910552978516,15209400,0.0,0.0
2023-09-06 00:00:00-04:00,51.80889500507842,52.38060178190425,51.6506253961601,52.154502868652344,14594700,0.0,0.0
2023-09-07 00:00:00-04:00,52.32569392799484,52.80372975178465,52.16096666583647,52.80050277709961,19120800,0.0,0.0
2023-09-08 00:00:00-04:00,52.80373273180768,52.92647236578712,52.671304780386286,52.897403717041016,12667200,0.0,0.0
2023-09-11 00:00:00-04:00,52.9716955000014,53.12673445731882,52.861874852410615,53.081512451171875,11912100,0.0,0.0
2023-09-12 00:00:00-04:00,53.13318709539652,53.272076379261584,52.9846094947962,53.1396484375,11757300,0.0,0.0
2023-09-13 00:00:00-04:00,53.272077774242725,53.56923667964472,53.09120085122851,53.15256881713867,14364300,0.0,0.0
2023-09-14 00:00:00-04:00,53.29469420035576,53.5337121388922,53.104125244535545,53.37544250488281,14923800,0.0,0.0
2023-09-15 00:00:00-04:00,53.362517167404334,53.507867794682475,52.89740033510227,53.178409576416016,63925200,0.0,0.0
2023-09-18 00:00:00-04:00,53.19133474942474,53.359292700959024,52.72944853449525,52.78435516357422,12997800,0.0,0.0
2023-09-19 00:00:00-04:00,52.77143096923828,52.90063193981242,52.438745770439496,52.77143096923828,14019600,0.0,0.0
2023-09-20 00:00:00-04:00,52.84248688997026,53.20101373391488,52.63576831006492,52.9426155090332,10120800,0.0,0.0
2023-09-21 00:00:00-04:00,53.055668530499645,53.133186152265594,52.25786283019977,52.29985046386719,18782400,0.0,0.0
2023-09-22 00:00:00-04:00,52.399979120227485,52.722975965113704,52.29984680849927,52.43873977661133,13215000,0.0,0.0
2023-09-25 00:00:00-04:00,52.44520766559836,52.68422559928556,52.28371105982072,52.67130661010742,10459500,0.0,0.0
2023-09-26 00:00:00-04:00,52.62931032170471,52.82310992681938,52.43874508410563,52.4871940612793,14435700,0.0,0.0
2023-09-27 00:00:00-04:00,52.32569650837018,52.39998716177026,51.77337000760655,52.23525619506836,15711000,0.0,0.0
2023-09-28 00:00:00-04:00,52.32569135930942,52.593781601569304,52.19326342186264,52.5001106262207,11617200,0.0,0.0
2023-09-29 00:00:00-04:00,52.65838288484513,52.69068220309566,51.41806762478843,51.65708923339844,18842400,0.0,0.0
2023-10-02 00:00:00-04:00,51.51497151494134,51.76690842609739,51.13383362874769,51.71200180053711,12992700,0.0,0.0
2023-10-03 00:00:00-04:00,51.57956849850604,51.921945711555814,51.25334094476502,51.38576889038086,11253300,0.0,0.0
2023-10-04 00:00:00-04:00,51.56664502006275,52.01884283417202,51.35992644177506,52.00269317626953,15755700,0.0,0.0
2023-10-05 00:00:00-04:00,51.82504749431035,51.98977475771286,51.35669998387842,51.38254165649414,14269500,0.0,0.0
2023-10-06 00:00:00-04:00,51.24365293033631,51.353473579342236,48.9826671828841,50.520137786865234,42616200,0.0,0.0
2023-10-09 00:00:00-04:00,50.09054598577324,50.33925590911795,49.50268952734028,50.33602523803711,21022500,0.0,0.0
2023-10-10 00:00:00-04:00,50.46199324290175,51.059537991012434,50.27788196385751,50.90449905395508,16014300,0.0,0.0
2023-10-11 00:00:00-04:00,51.11768227832046,51.514969811201915,50.72362541658163,51.10799026489258,12026100,0.0,0.0
2023-10-12 00:00:00-04:00,51.20489465979528,51.45683157611377,50.95941538968786,51.340553283691406,13514100,0.0,0.0
2023-10-13 00:00:00-04:00,51.44067510055542,51.82827428583711,51.32439682353883,51.624786376953125,13809000,0.0,0.0
2023-10-16 00:00:00-04:00,51.85411931586271,52.35153920048917,51.78305933234464,52.07052993774414,14348100,0.0,0.0
2023-10-17 00:00:00-04:00,51.91871767516706,52.232022537918375,51.80566636589741,52.13835525512695,10893000,0.0,0.0
2023-10-18 00:00:00-04:00,52.286933336820645,52.44197228228916,51.91225680937675,52.17711639404297,10559100,0.0,0.0
2023-10-19 00:00:00-04:00,52.141581864636315,52.26754845557261,51.75075201567579,51.928401947021484,11745900,0.0,0.0
2023-10-20 00:00:00-04:00,51.947790943097374,52.035000587907184,51.26303277366691,51.27918243408203,15056700,0.0,0.0
2023-10-23 00:00:00-04:00,51.26949015611637,52.1157448643296,51.04016056023163,52.005924224853516,17097000,0.0,0.0
2023-10-24 00:00:00-04:00,52.131894122567765,52.80372954946743,52.12866345147507,52.72944259643555,17535000,0.0,0.0
2023-10-25 00:00:00-04:00,52.70036807389015,53.07827895128857,52.47749983116997,52.571170806884766,16621800,0.0,0.0
2023-10-26 00:00:00-04:00,52.55502021954811,52.92323907756058,52.19972034872385,52.251399993896484,16220100,0.0,0.0
2023-10-27 00:00:00-04:00,52.15773042547891,52.31600002494759,51.85734088392246,52.05759811401367,13829700,0.0,0.0
2023-10-30 00:00:00-04:00,52.151277656649,52.73267281077168,51.93487073360364,52.655155181884766,12653700,0.0,0.0
2023-10-31 00:00:00-04:00,52.6486886653112,52.84894960506076,52.30954214147226,52.78112030029297,14168400,0.0,0.0
2023-11-01 00:00:00-04:00,53.03952466847236,53.417431894878945,52.6422371104013,53.25270462036133,14899500,0.0,0.0
2023-11-02 00:00:00-04:00,53.09442760121239,53.67905709255287,52.85217901689332,53.462646484375,15492300,0.0,0.0
2023-11-03 00:00:00-04:00,53.57892471780778,53.71458702988753,53.133188210234444,53.18486785888672,17240100,0.0,0.0
2023-11-06 00:00:00-05:00,53.133188411484234,53.49817662455211,52.994299124178944,53.25592803955078,14529000,0.0,0.0
2023-11-07 00:00:00-05:00,53.54339933312679,53.81471656904915,53.401279372816944,53.504638671875,15023400,0.0,0.0
2023-11-08 00:00:00-05:00,53.56600055026739,53.70812049442408,52.83602789390017,53.06858444213867,15591900,0.0,0.0
2023-11-09 00:00:00-05:00,53.09119717733366,53.13964615176588,52.72943965991868,52.94584655761719,15080100,0.0,0.0
2023-11-10 00:00:00-05:00,53.1493464478469,53.759814013266585,52.93939714823196,53.6790657043457,14319900,0.0,0.0
2023-11-13 00:00:00-05:00,53.740417990642165,54.22168812128445,53.63382803613252,54.160316467285156,15408900,0.0,0.0
2023-11-14 00:00:00-05:00,54.31859257958481,54.63512811396697,54.02143367887461,54.150630950927734,19792500,0.0,0.0
2023-11-15 00:00:00-05:00,54.386417608029646,54.89029506152,54.10540838843353,54.83861541748047,35769900,0.0,0.0
2023-11-16 00:00:00-05:00,51.275950353846504,51.50204927356707,50.22620404927963,50.4006233215332,97658700,0.0,0.0
2023-11-17 00:00:00-05:00,50.371553044318766,50.885118831317875,50.06793281501665,50.17775344848633,42487800,0.0,0.0
2023-11-20 00:00:00-05:00,50.23912715502188,50.39093542765125,50.06793485595729,50.16160583496094,26663100,0.0,0.0
2023-11-21 00:00:00-05:00,50.21328636497378,50.662253545023944,49.783699515279324,50.34248733520508,29382300,0.0,0.0
2023-11-22 00:00:00-05:00,50.297268817090355,50.403858793221765,49.86445126627876,49.95812225341797,26416500,0.0,0.0
2023-11-24 00:00:00-05:00,50.11315339585009,50.429688907109764,49.96780277898798,50.407081604003906,13975200,0.0,0.0
2023-11-27 00:00:00-05:00,50.37155399835067,50.8269825027197,50.37155399835067,50.63641357421875,23393700,0.0,0.0
2023-11-28 00:00:00-05:00,50.60088895118811,51.33086172898964,50.60088895118811,51.24042510986328,23535000,0.0,0.0
2023-11-29 00:00:00-05:00,51.28240953569867,51.28240953569867,50.261735543546074,50.41354751586914,29896500,0.0,0.0
2023-11-30 00:00:00-05:00,50.394168554832454,50.500758526901244,49.90644069886811,50.28757858276367,29925900,0.0,0.0
2023-12-01 00:00:00-05:00,50.1874440323523,50.26173468166881,49.299201697320996,49.85152816772461,39273600,0.0,0.0
2023-12-04 00:00:00-05:00,49.52206477550919,50.04209187355993,49.51883410475988,49.83860397338867,24883200,0.0,0.0
2023-12-05 00:00:00-05:00,49.88705418092703,50.33925199012031,49.657724605501066,50.30049133300781,21883800,0.0,0.0
2023-12-06 00:00:00-05:00,50.24234748435042,50.33278778031941,49.6286531328584,49.75462341308594,26447400,0.0,0.0
2023-12-07 00:00:00-05:00,50.0399198001883,50.101515686255915,49.35261849322892,49.42718505859375,25362600,0.19,0.0
2023-12-08 00:00:00-05:00,49.27806045145812,49.34614168382446,48.707472941547856,48.90847396850586,34069500,0.0,0.0
2023-12-11 00:00:00-05:00,48.9992465233098,49.0997470292852,48.48053064393813,49.03166580200195,31883400,0.0,0.0
2023-12-12 00:00:00-05:00,49.02517812858946,49.18079288499364,48.70422431669577,49.0705680847168,21381900,0.0,0.0
2023-12-13 00:00:00-05:00,49.132164404355954,49.942657470703125,48.837144527509544,49.942657470703125,35348700,0.0,0.0
2023-12-14 00:00:00-05:00,49.770839567264076,49.9070020343186,49.255366310515114,49.33317184448242,30891300,0.0,0.0
2023-12-15 00:00:00-05:00,49.206730084752074,49.751379872133214,49.128920852184244,49.51795959472656,70003500,0.0,0.0
2023-12-18 00:00:00-05:00,49.71572729616877,50.273344115750014,49.64439968476154,50.24092483520508,26316000,0.0,0.0
2023-12-19 00:00:00-05:00,50.19877791845792,50.474345494925096,49.95562962038116,50.4224739074707,24417000,0.0,0.0
2023-12-20 00:00:00-05:00,50.38681730421865,50.62023761745023,49.80326281099072,49.83243942260742,21967800,0.0,0.0
2023-12-21 00:00:00-05:00,49.92644454714386,50.27009702768271,49.89726794140073,50.1858024597168,20087700,0.0,0.0
2023-12-22 00:00:00-05:00,50.39653709922823,50.94767226135492,50.30252193235766,50.78557586669922,19405500,0.0,0.0
2023-12-26 00:00:00-05:00,50.785580545992396,50.895809072633455,50.61051345551495,50.70777130126953,11679900,0.0,0.0
2023-12-27 00:00:00-05:00,50.675349822258774,51.20703641108243,50.62672090148985,51.18434143066406,19896000,0.0,0.0
2023-12-28 00:00:00-05:00,51.14867797562203,51.33023039333124,51.061144436753075,51.083839416503906,16776000,0.0,0.0
2023-12-29 00:00:00-05:00,51.0708709220177,51.2491806773716,50.95091809845659,51.10977554321289,21948300,0.0,0.0
2024-01-02 00:00:00-05:00,50.98009295516886,51.72250479768274,50.96064064665624,51.641456604003906,23539800,0.0,0.0
2024-01-03 00:00:00-05:00,51.797078731380296,51.96890315251482,51.52475008360661,51.64470291137695,18756000,0.0,0.0
2024-01-04 00:00:00-05:00,51.61552615716844,51.72251201383992,51.057905602504285,51.14543914794922,19282500,0.0,0.0
2024-01-05 00:00:00-05:00,51.19731241458608,51.255669350173136,50.44517614337048,50.80503463745117,21709500,0.0,0.0
2024-01-08 00:00:00-05:00,50.80178453733756,51.31725774077981,50.79529919761555,51.304290771484375,20680800,0.0,0.0
2024-01-09 00:00:00-05:00,51.200549594940384,51.65766959931812,51.135711035784276,51.64794158935547,23322300,0.0,0.0
2024-01-10 00:00:00-05:00,51.728992678288115,52.357933370398214,51.728992678288115,52.289852142333984,20121900,0.0,0.0
2024-01-11 00:00:00-05:00,52.309308066058854,52.484375153219716,51.926754610433115,52.231502532958984,14355300,0.0,0.0
2024-01-12 00:00:00-05:00,52.31578925972853,52.37090351763648,51.994831721990366,52.29957962036133,13629000,0.0,0.0
2024-01-16 00:00:00-05:00,52.338481885484654,52.649711421581095,52.27040065634785,52.46492004394531,17032500,0.0,0.0
2024-01-17 00:00:00-05:00,52.31903307769447,52.516795148516394,52.07588475445965,52.21853256225586,14827800,0.0,0.0
2024-01-18 00:00:00-05:00,52.24770838338972,52.97066795041075,52.09209361832987,52.92203903198242,18190500,0.0,0.0
2024-01-19 00:00:00-05:00,52.983628909368356,53.02901886287124,52.338474942990786,52.64322280883789,19175400,0.0,0.0
2024-01-22 00:00:00-05:00,52.77614622626948,52.8280178123226,52.357930868063384,52.64646911621094,13938300,0.0,0.0
2024-01-23 00:00:00-05:00,52.55893891526558,52.7956018822167,52.44546772662143,52.77939224243164,12066600,0.0,0.0
2024-01-24 00:00:00-05:00,52.811814887020205,52.866929149860624,51.97538406428066,52.03374099731445,22932900,0.0,0.0
2024-01-25 00:00:00-05:00,52.325514101556436,52.80208640824782,52.007799230428844,52.7923583984375,16369500,0.0,0.0
2024-01-26 00:00:00-05:00,52.860442059304845,53.29162442702302,52.734007607141216,53.25596618652344,15746400,0.0,0.0
2024-01-29 00:00:00-05:00,53.281903955512455,53.62555280634566,53.01282168142012,53.50559997558594,18240300,0.0,0.0
2024-01-30 00:00:00-05:00,53.39536819225031,53.75522663759869,53.04523404644167,53.683902740478516,15270000,0.0,0.0
2024-01-31 00:00:00-05:00,54.40038742687167,54.40038742687167,53.52829462394965,53.57368087768555,26134800,0.0,0.0
2024-02-01 00:00:00-05:00,53.71956080536289,54.57868646844169,53.55097908443849,54.56571578979492,20792700,0.0,0.0
2024-02-02 00:00:00-05:00,54.51384618695235,55.301647986699926,54.43927962261676,54.97420883178711,21670800,0.0,0.0
2024-02-05 00:00:00-05:00,55.1168594120553,55.1168594120553,54.487918676130896,54.679195404052734,19145100,0.0,0.0
2024-02-06 00:00:00-05:00,54.72133537006556,55.09740717088561,54.57544861375364,55.05201721191406,14181300,0.0,0.0
2024-02-07 00:00:00-05:00,55.2011473476305,55.32758178753155,54.85425588504854,54.9126091003418,17082600,0.0,0.0
2024-02-08 00:00:00-05:00,54.91261319692521,55.29192396522261,54.83480766734694,54.90937423706055,14427900,0.0,0.0
2024-02-09 00:00:00-05:00,54.91585756863095,55.02608609161034,54.76348546461746,54.88019561767578,14329800,0.0,0.0
2024-02-12 00:00:00-05:00,54.86398876271927,55.230332591063146,54.80563182815287,55.210880279541016,14795100,0.0,0.0
2024-02-13 00:00:00-05:00,55.31461193724744,55.46050238817809,54.55274782716134,54.834800720214844,18574200,0.0,0.0
2024-02-14 00:00:00-05:00,54.708369367628414,54.75051294724856,54.316091630431636,54.65974044799805,18484500,0.0,0.0
2024-02-15 00:00:00-05:00,55.048777184137236,55.06499053465432,54.455498410421995,54.88343811035156,16948800,0.0,0.0
2024-02-16 00:00:00-05:00,55.20762881331912,55.73931534981575,54.88343232995057,55.230323791503906,22373400,0.0,0.0
2024-02-20 00:00:00-05:00,57.86281019258187,58.793259816528966,56.80916879355436,57.01341247558594,71788500,0.0,0.0
2024-02-21 00:00:00-05:00,56.73460283658974,56.92264059143179,56.02136756661064,56.313148498535156,40501500,0.0,0.0
2024-02-22 00:00:00-05:00,56.37150616743908,56.88698313376125,56.18671477809277,56.867530822753906,29512800,0.0,0.0
2024-02-23 00:00:00-05:00,57.08798117853777,57.59373010783392,56.835108568964074,56.91615676879883,74365800,0.0,0.0
2024-02-26 00:00:00-05:00,57.499712231607184,58.199980562879226,56.585475907006675,57.966556549072266,32154800,0.0,3.0
2024-02-27 00:00:00-05:00,58.00546180702617,58.16107658122424,57.59697441606207,57.95683288574219,18012700,0.0,0.0
2024-02-28 00:00:00-05:00,57.917926460722825,58.12217014984343,57.68450616177035,57.98600769042969,14803300,0.0,0.0
2024-02-29 00:00:00-05:00,57.82066725964919,57.85957187860809,56.98423650277641,57.00368881225586,29245100,0.0,0.0
2024-03-01 00:00:00-05:00,57.18847889786701,57.23710781539503,56.604924467233616,57.149574279785156,19030900,0.0,0.0
2024-03-04 00:00:00-05:00,56.89670037688309,57.762307703523014,56.79944254405893,57.674774169921875,16033300,0.0,0.0
2024-03-05 00:00:00-05:00,58.2291541435999,58.68627413719033,57.947104933867266,58.39449691772461,19676900,0.0,0.0
2024-03-06 00:00:00-05:00,58.47230165149932,58.95859824739371,58.394496125433484,58.909969329833984,12698700,0.0,0.0
2024-03-07 00:00:00-05:00,59.32818568297869,59.39626691072104,58.69599861377274,58.705726623535156,16195300,0.0,0.0
2024-03-08 00:00:00-05:00,58.3555989534836,58.62792389468549,58.092998312975034,58.47230911254883,12143600,0.0,0.0
2024-03-11 00:00:00-04:00,58.45285164349232,59.04613410746232,58.22915564579275,58.99750518798828,14154000,0.0,0.0
2024-03-12 00:00:00-04:00,59.279559592571594,59.88256637140565,58.987782358306646,59.726951599121094,16613100,0.0,0.0
2024-03-13 00:00:00-04:00,59.581061147940915,59.77558054090247,59.21147838247767,59.60051345825195,15935200,0.0,0.0
2024-03-14 00:00:00-04:00,59.8034927237918,59.9596374676091,59.13987663187218,59.54975891113281,16584700,0.208,0.0
2024-03-15 00:00:00-04:00,59.21795654296875,59.67663340062799,59.00325610359043,59.21795654296875,50946300,0.0,0.0
2024-03-18 00:00:00-04:00,59.227713637981154,59.43265665753344,58.934942682201054,59.393619537353516,16801700,0.0,0.0
2024-03-19 00:00:00-04:00,59.50097033435667,59.59855941296964,59.1398825533623,59.403377532958984,12353600,0.0,0.0
2024-03-20 00:00:00-04:00,59.37410593404772,59.80350312352066,59.27651684823546,59.774227142333984,12007600,0.0,0.0
2024-03-21 00:00:00-04:00,59.80349641861024,60.17434160413226,59.579038568179286,59.96940231323242,14265900,0.0,0.0
2024-03-22 00:00:00-04:00,59.842535832286785,60.047475131044855,59.38385897267944,59.403377532958984,14029400,0.0,0.0
2024-03-25 00:00:00-04:00,59.40337810867788,59.52048947149011,58.905667846472525,59.1106071472168,14186600,0.0,0.0
2024-03-26 00:00:00-04:00,59.00325700434531,59.364344789318494,58.7787991428344,59.05205154418945,13738300,0.0,0.0
2024-03-27 00:00:00-04:00,59.4033797782375,59.579043104608196,58.92518806306105,59.256996154785156,14363400,0.0,0.0
2024-03-28 00:00:00-04:00,59.19844080195693,59.305791026758385,58.710487942157485,58.720245361328125,17535100,0.0,0.0
2024-04-01 00:00:00-04:00,58.856868626884534,59.29602317276585,58.48602345303516,58.55433654785156,13837600,0.0,0.0
2024-04-02 00:00:00-04:00,58.45675284880912,58.65193101034654,57.461328589272114,57.734580993652344,19510100,0.0,0.0
2024-04-03 00:00:00-04:00,57.949279039516654,58.06638667614767,57.51987816722852,57.99807357788086,14615100,0.0,0.0
2024-04-04 00:00:00-04:00,58.10542047939345,58.36891543886188,57.86144407871355,58.066383361816406,14436100,0.0,0.0
2024-04-05 00:00:00-04:00,58.115184201659304,58.593379636891115,58.05663224172652,58.407955169677734,10335900,0.0,0.0
2024-04-08 00:00:00-04:00,58.16397444396191,58.59337530658687,57.98831113157616,58.339637756347656,11070100,0.0,0.0
2024-04-09 00:00:00-04:00,58.427477722217176,58.52507053341387,57.87121172814388,58.34940719604492,10013500,0.0,0.0
2024-04-10 00:00:00-04:00,58.18349526553823,59.296027138712304,57.959037407159656,59.159400939941406,15097600,0.0,0.0
2024-04-11 00:00:00-04:00,59.28627138133368,59.42289758393316,58.62265520632066,58.642173767089844,10987600,0.0,0.0
2024-04-12 00:00:00-04:00,58.55434135895579,59.25699464655438,58.50554681904694,58.69096755981445,12280600,0.0,0.0
2024-04-15 00:00:00-04:00,59.05205396502207,59.23747843592996,58.46651201731851,58.48603057861328,10557200,0.0,0.0
2024-04-16 00:00:00-04:00,58.58361026305151,58.83734779638859,58.33963387018819,58.398189544677734,14726300,0.0,0.0
2024-04-17 00:00:00-04:00,58.7007328781562,58.97398529931606,58.13470575114218,58.2127799987793,15329700,0.0,0.0
2024-04-18 00:00:00-04:00,58.3884343866219,58.49578087649726,57.79313136935165,57.8321647644043,12061500,0.0,0.0
2024-04-19 00:00:00-04:00,58.01759445807927,58.23229118002506,57.54916017003648,58.095664978027344,14165800,0.0,0.0
2024-04-22 00:00:00-04:00,58.12494419585929,58.94470512379607,57.617472790680836,58.69096755981445,14910000,0.0,0.0
2024-04-23 00:00:00-04:00,58.7983139573956,58.89590303086668,57.14903478991341,57.666263580322266,17963900,0.0,0.0
2024-04-24 00:00:00-04:00,57.558911956104026,58.59337323437031,57.39300979070955,58.427467346191406,18529100,0.0,0.0
2024-04-25 00:00:00-04:00,58.60314020030443,59.07157451882474,58.38844346438994,58.75928497314453,19263000,0.0,0.0
2024-04-26 00:00:00-04:00,58.66169663630562,58.93494906157378,58.554346405583104,58.71049118041992,11045200,0.0,0.0
2024-04-29 00:00:00-04:00,58.73000709069405,58.93494640039122,58.495788077622336,58.7885627746582,9785100,0.0,0.0
2024-04-30 00:00:00-04:00,58.749524064859266,58.84711314604485,57.73458124027605,57.92000198364258,14209200,0.0,0.0
2024-05-01 00:00:00-04:00,57.880960558656746,57.978549626309935,57.305176124820605,57.43204116821289,15464300,0.0,0.0
2024-05-02 00:00:00-04:00,57.51988390838648,58.446995120981484,57.16856096342729,58.271331787109375,17574100,0.0,0.0
2024-05-03 00:00:00-04:00,58.18349928992358,58.534825952654536,57.715064980543964,58.37868118286133,14207400,0.0,0.0
2024-05-06 00:00:00-04:00,58.55433611682417,58.55433611682417,57.95903310399095,58.427467346191406,11119400,0.0,0.0
2024-05-07 00:00:00-04:00,58.720242641903035,59.33506425915676,58.60313500335437,59.159400939941406,14520200,0.0,0.0
2024-05-08 00:00:00-04:00,59.169161404093984,59.3838581185113,58.76904023108053,58.847110748291016,11015700,0.0,0.0
2024-05-09 00:00:00-04:00,58.95287836635402,59.32500721126715,58.708057446008425,59.187904357910156,14550500,0.208,0.0
2024-05-10 00:00:00-04:00,59.15852792426646,59.325008095130606,58.913707000273355,59.22707748413086,12356600,0.0,0.0
2024-05-13 00:00:00-04:00,59.36417605194886,60.079052695081984,59.041014377831246,59.15852737426758,19260500,0.0,0.0
2024-05-14 00:00:00-04:00,59.266245871089886,59.295623184642324,58.208617755155146,58.61991882324219,18780100,0.0,0.0
2024-05-15 00:00:00-04:00,58.590538024902344,58.69825608007805,58.23799534055893,58.590538024902344,22240600,0.0,0.0
2024-05-16 00:00:00-04:00,62.889601013958824,63.08545476730484,61.63611532565315,62.68395233154297,60545600,0.0,0.0
2024-05-17 00:00:00-04:00,62.909193307257254,63.53593438226945,62.3118332884104,63.31070327758789,29330400,0.0,0.0
2024-05-20 00:00:00-04:00,63.085447878135426,63.418408188073265,62.546842643909834,62.85042190551758,15001400,0.0,0.0
2024-05-21 00:00:00-04:00,63.193165007926055,63.839495724096686,63.11482053238893,63.800323486328125,17131700,0.0,0.0
2024-05-22 00:00:00-04:00,63.63387010657537,64.329160768057,63.38904913543354,63.89827346801758,14879400,0.0,0.0
2024-05-23 00:00:00-04:00,63.81991144957339,64.1626592208406,63.22254784621865,63.49674606323242,16222900,0.0,0.0
2024-05-24 00:00:00-04:00,63.78073757399935,64.3291414653151,63.66322832477095,64.02555847167969,11795000,0.0,0.0
2024-05-28 00:00:00-04:00,63.868883056283074,64.11370397724623,63.39882360064352,63.69261169433594,13349600,0.0,0.0
2024-05-29 00:00:00-04:00,63.4086196941802,63.85908930046588,63.310692818264485,63.575096130371094,11538600,0.0,0.0
2024-05-30 00:00:00-04:00,63.58489139156781,63.81991738926178,63.42820241221065,63.545719146728516,13051900,0.0,0.0
2024-05-31 00:00:00-04:00,63.33027434315134,64.53479656741526,62.83084504137459,64.39769744873047,27632200,0.0,0.0
2024-06-03 00:00:00-04:00,64.15288345999053,64.47604143390653,63.81013562623574,64.45645904541016,11578700,0.0,0.0
2024-06-04 00:00:00-04:00,64.6229274993649,65.2594633811824,64.46624599675806,65.22029113769531,14780800,0.0,0.0
2024-06-05 00:00:00-04:00,65.19091008390113,65.75889637487484,64.90691693841427,65.70013427734375,14982700,0.0,0.0
2024-06-06 00:00:00-04:00,65.67074884490012,66.04288135500364,65.38675573452538,65.7588882446289,13256000,0.0,0.0
2024-06-07 00:00:00-04:00,66.00372074319213,66.17019717369506,64.2801793948648,64.51520538330078,20213200,0.0,0.0
2024-06-10 00:00:00-04:00,65.79806871984725,65.93516782873414,64.8971221125806,65.57283020019531,21659500,0.0,0.0
2024-06-11 00:00:00-04:00,65.56304663110808,65.5728415609659,64.97547785245965,65.34761047363281,13367500,0.0,0.0
2024-06-12 00:00:00-04:00,65.46510860787431,65.55324801891324,64.53479215591659,64.93629455566406,11704700,0.0,0.0
2024-06-13 00:00:00-04:00,64.92650694587039,65.3769765141718,64.58375170205443,65.3182144165039,11196600,0.0,0.0
2024-06-14 00:00:00-04:00,65.16153979400987,65.71973121700088,64.92651379257731,65.631591796875,12590100,0.0,0.0
2024-06-17 00:00:00-04:00,65.5336735042736,66.04290529065605,65.03424411971828,66.0233154296875,12103000,0.0,0.0
2024-06-18 00:00:00-04:00,66.22895464744151,66.46398811731343,65.90579670121573,66.19957733154297,12093500,0.0,0.0
2024-06-20 00:00:00-04:00,65.95475106532568,66.71859110222711,65.90579136657168,66.60108184814453,13860800,0.0,0.0
2024-06-21 00:00:00-04:00,66.84590636448128,67.1298995294136,66.42481408149084,66.50315856933594,25883000,0.0,0.0
2024-06-24 00:00:00-04:00,66.64025896745166,67.60974774129707,66.49336491775587,67.47264862060547,12470400,0.0,0.0
2024-06-25 00:00:00-04:00,65.77849446698055,66.18979189120594,65.17134326112675,66.0233154296875,20869200,0.0,0.0
2024-06-26 00:00:00-04:00,66.00372795461487,67.17886549652924,65.8176616464639,66.87528991699219,14177500,0.0,0.0
2024-06-27 00:00:00-04:00,66.87528769178473,67.15928087375528,66.26812908157095,66.4737777709961,12899200,0.0,0.0
2024-06-28 00:00:00-04:00,66.46397807978627,66.68920911522146,65.92536913184885,66.30728912353516,18816700,0.0,0.0
2024-07-01 00:00:00-04:00,66.483556489732,66.82630422186848,65.85681564487092,66.0820541381836,8666000,0.0,0.0
2024-07-02 00:00:00-04:00,66.04289738236221,66.6696383741356,65.86662601146709,66.65984344482422,9436500,0.0,0.0
2024-07-03 00:00:00-04:00,66.40523212976682,66.8361193928728,66.21917328816033,66.82632446289062,6287500,0.0,0.0
2024-07-05 00:00:00-04:00,66.74798426614265,68.69675684483877,66.68922216038362,68.58903503417969,21586100,0.0,0.0
2024-07-08 00:00:00-04:00,68.4519242976721,68.68695026682423,67.91331533571841,68.23648071289062,12077700,0.0,0.0
2024-07-09 00:00:00-04:00,68.4519271850586,68.79467496105899,68.22668866292052,68.4519271850586,9758400,0.0,0.0
2024-07-10 00:00:00-04:00,68.64778720586318,68.98074755541236,68.27566208233583,68.95137023925781,10803400,0.0,0.0
2024-07-11 00:00:00-04:00,68.72612901525946,68.99053232167695,67.82518982207347,68.35400390625,15624800,0.0,0.0
2024-07-12 00:00:00-04:00,68.4519338720909,68.57923806665842,67.7370534654471,67.80560302734375,12145300,0.0,0.0
2024-07-15 00:00:00-04:00,67.864370274886,68.5204886272451,67.864370274886,68.1679458618164,10171100,0.0,0.0
2024-07-16 00:00:00-04:00,68.37358551995568,68.78488286810986,68.13855953120208,68.5400619506836,9836800,0.0,0.0
2024-07-17 00:00:00-04:00,68.72612029785685,69.62705937676536,68.50088179245942,69.55850982666016,13533800,0.0,0.0
2024-07-18 00:00:00-04:00,69.21576801449204,69.71520476315938,68.97094710434901,69.35286712646484,10682700,0.0,0.0
2024-07-19 00:00:00-04:00,69.72499166279965,69.85230331671467,69.18639014759545,69.28431701660156,11665500,0.0,0.0
2024-07-22 00:00:00-04:00,69.39204125919471,69.78375622036387,68.77509523850878,68.92198181152344,12666100,0.0,0.0
2024-07-23 00:00:00-04:00,69.01012998585503,69.2353610739595,68.65758722319009,69.1864013671875,9263600,0.0,0.0
2024-07-24 00:00:00-04:00,69.059076173188,69.37244662628254,68.88280482636353,69.13742065429688,22490800,0.0,0.0
2024-07-25 00:00:00-04:00,69.13742909943083,69.30390553861656,68.50089318751509,68.56944274902344,18821200,0.0,0.0
2024-07-26 00:00:00-04:00,68.77510142318545,68.78488888137227,67.40410267147557,68.33441925048828,16789300,0.0,0.0
2024-07-29 00:00:00-04:00,68.40295778907286,68.45192495748277,67.69787240347927,68.17772674560547,10315300,0.0,0.0
2024-07-30 00:00:00-04:00,68.10918795112094,68.40296859396305,67.5509965112446,67.75664520263672,12522500,0.0,0.0
2024-07-31 00:00:00-04:00,67.74683924415652,67.81538879679424,66.87527744433099,67.21802520751953,22908800,0.0,0.0
2024-08-01 00:00:00-04:00,67.4824332963888,68.35399506179328,67.1005058366728,68.34420013427734,17275500,0.0,0.0
2024-08-02 00:00:00-04:00,68.15814616092977,68.78488715085643,66.33667782416109,67.04176330566406,23578700,0.0,0.0
2024-08-05 00:00:00-04:00,66.6892256510713,67.15928516503709,65.52388300320014,66.18978881835938,20770500,0.0,0.0
2024-08-06 00:00:00-04:00,66.43458914835188,67.20822401101427,66.27790767322567,66.33666229248047,14815100,0.0,0.0
2024-08-07 00:00:00-04:00,66.46398377959501,66.60108289240173,65.42593803376236,65.52387237548828,18499200,0.0,0.0
2024-08-08 00:00:00-04:00,65.45531911931097,66.51294731162508,65.28884268293054,66.25833892822266,12489800,0.0,0.0
2024-08-09 00:00:00-04:00,66.44440100004405,66.80673867753703,65.93517673699917,66.54232788085938,13805600,0.0,0.0
2024-08-12 00:00:00-04:00,66.92422889774342,67.78600313485767,66.65982564766335,67.27677154541016,17385300,0.0,0.0
2024-08-13 00:00:00-04:00,67.0123778547933,67.18864920377217,65.74910109900159,66.71858978271484,26557900,0.0,0.0
2024-08-14 00:00:00-04:00,66.51294977567069,67.36492931848764,66.44440021277798,67.23762512207031,22928600,0.0,0.0
2024-08-15 00:00:00-04:00,72.58450760839044,72.89787808090736,71.27226361817867,71.66397857666016,49567500,0.0,0.0
2024-08-16 00:00:00-04:00,71.39684377249633,72.29053554723296,71.22006998697903,72.1333999633789,19872100,0.208,0.0
2024-08-19 00:00:00-04:00,72.0744806648993,72.65390878706803,72.0253739198785,72.39856719970703,13709300,0.0,0.0
2024-08-20 00:00:00-04:00,72.42802496942971,73.41009988426943,72.39856392080644,73.20386505126953,14434000,0.0,0.0
2024-08-21 00:00:00-04:00,73.95026413955645,74.2252439914633,73.25298416739966,73.8913345336914,14832000,0.0,0.0
2024-08-22 00:00:00-04:00,74.01900012144492,74.85376242563032,73.80294240897945,74.22523498535156,16511100,0.0,0.0
2024-08-23 00:00:00-04:00,74.24486498706287,74.45109982818414,73.66544436095603,74.34307098388672,12299100,0.0,0.0
2024-08-26 00:00:00-04:00,74.53948536691844,74.8439261840204,74.21539885621435,74.66715240478516,9508200,0.0,0.0
2024-08-27 00:00:00-04:00,75.07963695624034,75.07963695624034,74.41182560135833,74.76537322998047,11557800,0.0,0.0
2024-08-28 00:00:00-04:00,74.9126824566847,75.05999521043418,74.45110599150071,74.71627044677734,9814300,0.0,0.0
2024-08-29 00:00:00-04:00,74.627885928464,75.09928528066214,74.3136221912114,75.05017852783203,11856800,0.0,0.0
2024-08-30 00:00:00-04:00,75.06981718108459,76.08135325629372,74.85375947712967,75.84565734863281,23230000,0.0,0.0
2024-09-03 00:00:00-04:00,75.94384821536337,76.41523993672773,75.42334975556525,75.78671264648438,22666100,0.0,0.0
2024-09-04 00:00:00-04:00,75.94385939366387,76.09117213801206,75.35461590890857,75.85546875,18442800,0.0,0.0
2024-09-05 00:00:00-04:00,75.86530041583967,76.0617124360422,75.02071524221991,75.58049774169922,13082900,0.0,0.0
2024-09-06 00:00:00-04:00,75.52156932119746,75.93403902472673,74.93232581720741,75.26622772216797,14548600,0.0,0.0
2024-09-09 00:00:00-04:00,75.47246726179337,76.08135649956468,75.11891963891172,75.95368194580078,22260200,0.0,0.0
2024-09-10 00:00:00-04:00,75.96350258345515,77.48572188725981,75.8947576305978,77.39733123779297,17686300,0.0,0.0
2024-09-11 00:00:00-04:00,76.97503473545781,77.50535612722189,76.17955639413049,77.42678833007812,19518800,0.0,0.0
2024-09-12 00:00:00-04:00,77.57409790267454,78.47761254758602,77.21073496786707,78.23209381103516,14877700,0.0,0.0
2024-09-13 00:00:00-04:00,78.38923317993358,79.24364120335812,78.26156611591588,79.1552505493164,12994100,0.0,0.0
2024-09-16 00:00:00-04:00,79.39093131123529,79.5677050929223,78.7034818783619,79.11595153808594,15346400,0.0,0.0
2024-09-17 00:00:00-04:00,78.33030404045425,78.8213415400939,76.85719154153533,77.19109344482422,21065900,0.0,0.0
2024-09-18 00:00:00-04:00,77.23037180926896,77.98657370039857,76.87682423545407,77.6133804321289,15684900,0.0,0.0
2024-09-19 00:00:00-04:00,77.63303404675483,77.67231045439718,76.10099190637801,76.6411361694336,21525700,0.0,0.0
2024-09-20 00:00:00-04:00,76.8277361679686,78.1829970697786,76.70988446199625,77.64285278320312,39534300,0.0,0.0
2024-09-23 00:00:00-04:00,77.65266676579562,78.99811215796909,77.65266676579562,78.89008331298828,12147300,0.0,0.0
2024-09-24 00:00:00-04:00,79.03739462068118,79.45968714540264,78.80169123992697,79.22398376464844,14651100,0.0,0.0
2024-09-25 00:00:00-04:00,79.44004238575921,80.13731470359751,79.23380754464964,79.94090270996094,14163800,0.0,0.0
2024-09-26 00:00:00-04:00,79.58736885149668,79.74449697497394,77.83927633172019,78.48744201660156,17061100,0.0,0.0
2024-09-27 00:00:00-04:00,78.46779676987123,78.85080543398742,78.17317126241053,78.34994506835938,11899100,0.0,0.0
2024-09-30 00:00:00-04:00,78.45796622316304,79.48914790545639,78.42850517383532,79.30255126953125,18997000,0.0,0.0
2024-10-01 00:00:00-04:00,79.23381933894628,80.0685816751156,78.99812341297057,79.81324005126953,16054200,0.0,0.0
2024-10-02 00:00:00-04:00,79.53826382122486,79.53826382122486,78.68386324116271,78.9883041381836,16618300,0.0,0.0
2024-10-03 00:00:00-04:00,78.86063706680294,79.13561690832357,78.41869875638301,78.9883041381836,11640400,0.0,0.0
2024-10-04 00:00:00-04:00,78.61510487124293,79.65610194875997,78.41868538034706,79.48915100097656,11583400,0.0,0.0
2024-10-07 00:00:00-04:00,79.2436320103051,79.48915075368303,77.56428470471654,77.68212890625,16791600,0.0,0.0
2024-10-08 00:00:00-04:00,78.19282106233922,78.38923308252829,77.65267676786185,78.28120422363281,15270000,0.0,0.0
2024-10-09 00:00:00-04:00,78.38923406115096,79.05704542782445,78.32048910396273,78.9588394165039,12413000,0.0,0.0
2024-10-10 00:00:00-04:00,78.87044822442786,78.88027107328455,78.03568589492961,78.18299865722656,10812700,0.0,0.0
2024-10-11 00:00:00-04:00,78.27137595269252,78.69366851021975,77.94729689109451,78.6642074584961,9570700,0.0,0.0
2024-10-14 00:00:00-04:00,78.61511127430678,79.06686490120566,78.33030860878918,78.8508071899414,9914500,0.0,0.0
2024-10-15 00:00:00-04:00,79.22399500835368,80.35338285034948,79.06686689152131,80.18643188476562,13276200,0.0,0.0
2024-10-16 00:00:00-04:00,80.06857813786209,80.19625269046394,79.17489373283944,79.7641372680664,11123300,0.0,0.0
2024-10-17 00:00:00-04:00,79.81323403013491,80.03911458277332,79.20435230957871,79.44004821777344,9424700,0.0,0.0
2024-10-18 00:00:00-04:00,79.42040826756777,80.22570947110918,79.21417341585276,79.8525161743164,12324100,0.0,0.0
2024-10-21 00:00:00-04:00,79.7739655886119,80.08822932846554,79.27310517762565,79.36148834228516,9750400,0.0,0.0
2024-10-22 00:00:00-04:00,79.65609751653827,80.7560241264407,79.38111773722191,80.5497817993164,12240100,0.0,0.0
2024-10-23 00:00:00-04:00,80.42211359229879,81.84611921141179,80.33373044707133,81.77737426757812,13058200,0.0,0.0
2024-10-24 00:00:00-04:00,81.47294586904383,81.82649348914603,81.09976004455288,81.551513671875,11645900,0.0,0.0
2024-10-25 00:00:00-04:00,81.70864017004132,81.80685366795828,80.96226853581042,81.03101348876953,8959400,0.0,0.0
2024-10-28 00:00:00-04:00,81.26670837402344,81.59079493072694,80.99172856565846,81.26670837402344,7990200,0.0,0.0
2024-10-29 00:00:00-04:00,81.18812557754866,81.37472219560358,80.2060507332789,80.23551177978516,9682400,0.0,0.0
2024-10-30 00:00:00-04:00,80.13731853015652,80.36319907699793,79.84270052563365,79.93108367919922,9268800,0.0,0.0
2024-10-31 00:00:00-04:00,79.83288293722165,80.96227076055948,79.76413798237351,80.48104858398438,15539000,0.0,0.0
2024-11-01 00:00:00-04:00,81.0506530205792,81.0506530205792,80.07840081490454,80.71675109863281,12181800,0.0,0.0
2024-11-04 00:00:00-05:00,80.72656528542694,81.42384515730066,80.53015327449555,80.97208404541016,11731000,0.0,0.0
2024-11-05 00:00:00-05:00,81.19795588820504,82.26841397039748,81.03100494756465,82.1800308227539,10612500,0.0,0.0
2024-11-06 00:00:00-05:00,83.61386813440942,84.00669964812995,80.58907521919056,81.94434356689453,19974000,0.0,0.0
2024-11-07 00:00:00-05:00,82.2193254318996,82.87731392554608,81.92469991609228,82.34699249267578,12665800,0.0,0.0
2024-11-08 00:00:00-05:00,82.76928867841143,83.88885369907683,82.72018941872797,83.30943298339844,14396500,0.0,0.0
2024-11-11 00:00:00-05:00,83.42727207057064,83.87903318476431,82.61215547767556,82.7005386352539,10433200,0.0,0.0
2024-11-12 00:00:00-05:00,82.98533807895629,83.99687413719136,82.98533807895629,83.466552734375,12860200,0.0,0.0
2024-11-13 00:00:00-05:00,83.46655449396536,84.25221751306454,83.2504967890812,83.96741485595703,12802600,0.0,0.0
2024-11-14 00:00:00-05:00,83.50584651207048,84.22276464864036,82.82821227953826,82.95588684082031,15740700,0.0,0.0
2024-11-15 00:00:00-05:00,83.0148022009629,83.26032096175726,82.43538152195447,82.73982238769531,17370600,0.0,0.0
2024-11-18 00:00:00-05:00,83.29960945060239,83.3290705046983,82.16040623394296,82.5728759765625,25093800,0.0,0.0
2024-11-19 00:00:00-05:00,84.6843359965137,86.70740822906191,84.37007227599516,85.04769897460938,36340900,0.0,0.0
2024-11-20 00:00:00-05:00,85.04770420042344,85.63694777602241,84.370077460172,85.6173095703125,18183200,0.0,0.0
2024-11-21 00:00:00-05:00,85.88244264124323,87.05111411046579,85.3717670159688,86.80559539794922,18729200,0.0,0.0
2024-11-22 00:00:00-05:00,87.80732689213485,89.28043935095941,87.33592760855053,88.81886291503906,23990600,0.0,0.0
2024-11-25 00:00:00-05:00,88.87778882074622,89.31971958025836,87.46359840208696,87.89571380615234,25078600,0.0,0.0
2024-11-26 00:00:00-05:00,88.27872639459238,90.23305366274636,88.22961964462026,89.67327117919922,16657000,0.0,0.0
2024-11-27 00:00:00-05:00,90.35091446035193,90.59643324964637,89.67328020425487,90.23306274414062,14358900,0.0,0.0
2024-11-29 00:00:00-05:00,90.60624592019107,90.97943174064386,90.17413050193353,90.8419418334961,11041200,0.0,0.0
2024-12-02 00:00:00-05:00,91.15620495933895,91.32315591799053,90.30179697675584,90.97943115234375,17173000,0.0,0.0
2024-12-03 00:00:00-05:00,91.11691376814709,91.91239208965862,90.60623808470895,91.83383178710938,17775200,0.0,0.0
2024-12-04 00:00:00-05:00,91.77491344309898,92.82573348144551,91.38208940429293,92.75698852539062,17312600,0.0,0.0
2024-12-05 00:00:00-05:00,93.18909674957861,93.88636910494394,92.64895249905169,93.59175109863281,21932300,0.0,0.0
2024-12-06 00:00:00-05:00,93.8274452623331,94.45597265530705,93.62121041394829,93.98457336425781,18803500,0.0,0.0
2024-12-09 00:00:00-05:00,93.94530090867192,94.22028071808128,91.92222125311845,92.14810180664062,20931100,0.0,0.0
2024-12-10 00:00:00-05:00,92.36416418166662,93.5328284307416,92.08917686571662,92.8552017211914,13164500,0.0,0.0
2024-12-11 00:00:00-05:00,92.84538090298433,93.9747687671186,92.80609699984662,93.25785064697266,19682100,0.0,0.0
2024-12-12 00:00:00-05:00,93.96493016830378,94.00421406485694,92.40342712402344,92.40342712402344,14298600,0.0,0.0
2024-12-13 00:00:00-05:00,92.32273798419004,93.18887607812256,91.57470519306194,92.7656478881836,11495900,0.208,0.0
2024-12-16 00:00:00-05:00,92.9329676019574,94.20265215622621,92.6180076162717,93.37588500976562,16742000,0.0,0.0
2024-12-17 00:00:00-05:00,93.64163201296424,93.98611833342886,92.834546558202,93.91722106933594,23560800,0.0,0.0
2024-12-18 00:00:00-05:00,93.83847793161581,94.3896635461861,91.66328432680173,92.07667541503906,24665600,0.0,0.0
2024-12-19 00:00:00-05:00,92.99203181545501,93.08061079533483,91.88966806288313,91.92903900146484,16606500,0.0,0.0
2024-12-20 00:00:00-05:00,91.54516980824545,92.27351330400516,90.18689888649834,90.78729248046875,49350600,0.0,0.0
2024-12-23 00:00:00-05:00,90.05896069658442,90.05896069658442,87.50975437529054,88.92707061767578,26205400,0.0,0.0
2024-12-24 00:00:00-05:00,88.9467504121406,91.22036743164062,88.92706119032273,91.22036743164062,8992400,0.0,0.0
2024-12-26 00:00:00-05:00,91.08257345990583,91.41721514042936,90.71839794647907,91.3286361694336,10994000,0.0,0.0
2024-12-27 00:00:00-05:00,90.67904523134366,90.8955816607133,89.59637059373496,90.2164535522461,11384400,0.0,0.0
2024-12-30 00:00:00-05:00,89.30109184943511,89.63573356744539,88.71053527302367,89.14360809326172,9790200,0.0,0.0
2024-12-31 00:00:00-05:00,89.14360702520041,89.50778257505898,88.64163694496047,88.92707061767578,11267700,0.0,0.0
2025-01-02 00:00:00-05:00,88.5628912248681,89.17312192141091,88.11012924394971,88.58257293701172,14820400,0.0,0.0
2025-01-03 00:00:00-05:00,88.73021307677716,89.86210302356282,88.7203684659737,89.35028839111328,10834600,0.0,0.0
2025-01-06 00:00:00-05:00,89.3995098685725,91.01368072251604,89.24202612221784,89.99005889892578,14519900,0.0,0.0
2025-01-07 00:00:00-05:00,90.25580447712738,90.49203009965035,89.02549085279774,89.37982177734375,11238000,0.0,0.0
2025-01-08 00:00:00-05:00,89.67508971339392,90.40343319244897,89.38965608434478,90.3542251586914,13453600,0.0,0.0
2025-01-10 00:00:00-05:00,91.03336926286799,92.10620671495674,90.74793558312399,91.53533935546875,18140900,0.0,0.0
2025-01-13 00:00:00-05:00,90.66919766674181,90.97431304970229,89.66525752080958,90.08848571777344,18617100,0.0,0.0
2025-01-14 00:00:00-05:00,90.41329379578816,90.53140661432651,89.14360915614681,89.36014556884766,13549200,0.0,0.0
2025-01-15 00:00:00-05:00,89.63572955891348,90.28533876021989,89.37982222119535,89.90147399902344,17348200,0.0,0.0
2025-01-16 00:00:00-05:00,90.05894584500514,90.27548221682085,88.70068247984858,89.86209869384766,13267700,0.0,0.0
2025-01-17 00:00:00-05:00,90.61998483251833,90.80699491631812,89.61605216574009,90.49203491210938,15868200,0.0,0.0
2025-01-21 00:00:00-05:00,91.02353325468393,92.75580955989484,90.85620488231189,91.61408233642578,23247500,0.0,0.0
2025-01-22 00:00:00-05:00,92.29319230409511,92.51957328748004,91.06287882952756,91.76170349121094,15567100,0.0,0.0
2025-01-23 00:00:00-05:00,91.49596118825738,92.33257293701172,90.8660412238373,92.33257293701172,14198400,0.0,0.0
2025-01-24 00:00:00-05:00,92.06682898684477,93.51367899403203,91.98808711356855,93.26761627197266,14973800,0.0,0.0
2025-01-27 00:00:00-05:00,94.38965165651507,95.92508047609589,93.32665900792641,95.86602783203125,18880600,0.0,0.0
2025-01-28 00:00:00-05:00,95.6987216998925,96.29910786165367,95.20659623246564,95.75777435302734,14641600,0.0,0.0
2025-01-29 00:00:00-05:00,95.89556501798022,96.62390857782836,95.68887323110054,95.96446228027344,11261400,0.0,0.0
2025-01-30 00:00:00-05:00,96.15147167196439,97.37194067075518,95.88571972697484,97.09635162353516,11012200,0.0,0.0
2025-01-31 00:00:00-05:00,97.4408341875208,97.4408341875208,96.16130507833289,96.61406707763672,16391200,0.0,0.0
2025-02-03 00:00:00-05:00,95.24594919103629,98.21839089269812,94.95067844858345,97.97232818603516,20484200,0.0,0.0
2025-02-04 00:00:00-05:00,98.39556429086443,99.36012597373328,98.11997523861619,99.1829605102539,15201200,0.0,0.0
2025-02-05 00:00:00-05:00,99.06484481444042,100.9644491644205,98.95657662538163,100.8463363647461,15926700,0.0,0.0
2025-02-06 00:00:00-05:00,100.91524173929189,101.39752256892966,100.3345373232927,101.2302017211914,13088500,0.0,0.0
2025-02-07 00:00:00-05:00,101.37784668243535,101.48611488642753,99.51761300909868,99.5569839477539,12451100,0.0,0.0
2025-02-10 00:00:00-05:00,100.34437819027666,101.30894739498011,99.6554055506589,101.29910278320312,15274600,0.0,0.0
2025-02-11 00:00:00-05:00,101.00383268316054,101.23020619086316,100.2459552653142,100.85619354248047,11953600,0.0,0.0
2025-02-12 00:00:00-05:00,100.511701642309,102.26366699107952,100.43295977041774,101.97823333740234,15162100,0.0,0.0
2025-02-13 00:00:00-05:00,102.36207965160285,103.58254849870858,101.8994805901609,103.39554595947266,12604400,0.0,0.0
2025-02-14 00:00:00-05:00,103.64162462840886,103.64162462840886,101.96839356292257,102.4014663696289,14109500,0.0,0.0
2025-02-18 00:00:00-05:00,102.08650093991146,102.35224536945039,100.89555829412933,102.14555358886719,18247300,0.0,0.0
2025-02-19 00:00:00-05:00,102.21445193126252,102.55893823588177,100.9349302984998,102.36209106445312,18508000,0.0,0.0
2025-02-20 00:00:00-05:00,97.22429726897781,98.54319730609997,95.15737199629659,95.67902374267578,55450900,0.0,0.0
2025-02-21 00:00:00-05:00,95.00973143323733,95.32469139851693,92.63769083737117,93.28729248046875,35014800,0.0,0.0
2025-02-24 00:00:00-05:00,92.6967484954846,93.14950300072293,90.66919407871335,92.19477844238281,29755900,0.0,0.0
2025-02-25 00:00:00-05:00,92.86406467949725,96.36800275457169,92.75579648702585,96.1514663696289,29331200,0.0,0.0
2025-02-26 00:00:00-05:00,96.16130517103473,97.17508985566238,94.55697898669605,94.68492889404297,19069700,0.0,0.0
2025-02-27 00:00:00-05:00,94.38967272531532,96.49596927179434,94.30108623020736,95.26565551757812,16431500,0.0,0.0
2025-02-28 00:00:00-05:00,96.24989092672556,97.303039029336,95.63965270017785,97.05697631835938,25451300,0.0,0.0
2025-03-03 00:00:00-05:00,96.43691196146986,97.92312549820103,95.30502186035677,96.05304718017578,18372200,0.0,0.0
2025-03-04 00:00:00-05:00,94.25186326994104,95.52154776446947,92.97233416434983,93.47430419921875,25227700,0.0,0.0
2025-03-05 00:00:00-05:00,93.47431114470604,94.8719456499478,93.25777474066379,94.4684066772461,17639000,0.0,0.0
2025-03-06 00:00:00-05:00,93.30699700772027,94.6751052853102,92.69675868959993,93.1495132446289,19957800,0.0,0.0
2025-03-07 00:00:00-05:00,92.4605435393005,92.47038064288195,89.33062498458162,90.27550506591797,35913200,0.0,0.0
2025-03-10 00:00:00-04:00,88.3463616590463,88.8089607770968,85.24596986527742,86.4369125366211,35148800,0.0,0.0
2025-03-11 00:00:00-04:00,85.9152652154718,87.94281974329314,85.76762607303344,86.06290435791016,28687600,0.0,0.0
2025-03-12 00:00:00-04:00,86.4959700077974,87.69675735751832,83.54321718424973,83.8581771850586,33301600,0.0,0.0
2025-03-13 00:00:00-04:00,83.60226219169486,84.10422467405097,82.54911417591236,83.169189453125,31507800,0.0,0.0
2025-03-14 00:00:00-04:00,83.62194875025003,84.02549519080773,82.73612151057027,84.00580596923828,35500600,0.0,0.0
2025-03-17 00:00:00-04:00,83.78927422703711,86.60423232831462,83.64164260328059,86.08258056640625,26297800,0.0,0.0
2025-03-18 00:00:00-04:00,86.06289737634468,86.29911547954042,84.15344830998073,84.24202728271484,17850900,0.0,0.0
2025-03-19 00:00:00-04:00,84.59637013528622,85.42314487705097,84.27157301350212,84.97039031982422,24555900,0.0,0.0
2025-03-20 00:00:00-04:00,84.45856475830078,85.70856756847122,84.17313110487004,84.45856475830078,18185500,0.0,0.0
2025-03-21 00:00:00-04:00,84.16741187598663,85.10502242611054,83.67393501692962,84.85828399658203,26797200,0.235,0.0
2025-03-24 00:00:00-04:00,85.34189745948515,86.50650326062815,85.22346029111365,86.34858703613281,17900700,0.0,0.0
2025-03-25 00:00:00-04:00,85.62811290164045,86.17093296805261,83.51603239409818,83.65420532226562,27908600,0.0,0.0
2025-03-26 00:00:00-04:00,84.07859187497363,84.4437599412046,83.46667784284189,84.09832763671875,27228800,0.0,0.0
2025-03-27 00:00:00-04:00,83.67393870894962,84.98658901912675,83.67393870894962,84.51284790039062,16782800,0.0,0.0
2025-03-28 00:00:00-04:00,84.31546175949198,84.71024477761797,83.59498218667257,84.03911590576172,14790600,0.0,0.0
2025-03-31 00:00:00-04:00,83.65419262561147,87.04930802653625,83.26928130844227,86.64466094970703,30269300,0.0,0.0
2025-04-01 00:00:00-04:00,86.39794069397973,87.94745793300605,86.23016034710956,87.67111206054688,22080300,0.0,0.0
2025-04-02 00:00:00-04:00,87.04930597793278,88.97387004834515,86.97035541129203,88.58895874023438,19384100,0.0,0.0
2025-04-03 00:00:00-04:00,85.15437917884813,88.70741162490492,85.15437917884813,86.12159729003906,33012900,0.0,0.0
2025-04-04 00:00:00-04:00,84.52271654049983,86.24988556198576,81.57172700643592,82.10468292236328,36209000,0.0,0.0
2025-04-07 00:00:00-04:00,79.19316782991429,85.13463369953219,78.76877741065586,82.73633575439453,36884900,0.0,0.0
2025-04-08 00:00:00-04:00,84.72997588568565,85.83536676974494,79.9728592267427,80.72294616699219,34351700,0.0,0.0
2025-04-09 00:00:00-04:00,82.24286365100548,89.61540989326633,81.93690284641417,88.43106079101562,46632800,0.0,0.0
2025-04-10 00:00:00-04:00,87.5724015346916,90.67143542363253,87.00983824988026,89.42787170410156,34735300,0.0,0.0
2025-04-11 00:00:00-04:00,89.49696506177855,92.13212972914648,88.83570786597183,91.58930969238281,25508100,0.0,0.0
2025-04-14 00:00:00-04:00,92.05318139157302,94.19487694818149,91.6880132896935,93.494140625,27742900,0.0,0.0
2025-04-15 00:00:00-04:00,93.58295059138877,94.77716367831425,92.64534757772654,92.7440414428711,21871200,0.0,0.0
2025-04-16 00:00:00-04:00,92.77365036943034,93.0697394995744,89.4278778361556,90.00031280517578,22229100,0.0,0.0
2025-04-17 00:00:00-04:00,90.63195732768203,92.6453437181632,90.42469796055501,92.00382232666016,21393900,0.0,0.0
2025-04-21 00:00:00-04:00,91.8064416450877,92.85261782167855,90.14835891506273,91.20440673828125,18361200,0.0,0.0
2025-04-22 00:00:00-04:00,91.66826394467752,94.04682615762754,91.66826394467752,93.61256408691406,15407800,0.0,0.0
2025-04-23 00:00:00-04:00,93.78033755432959,95.3397262123756,92.93156429714395,93.72112274169922,18046900,0.0,0.0
2025-04-24 00:00:00-04:00,93.47438280068552,94.96468497655155,92.43808594715674,94.58963775634766,13444500,0.0,0.0
2025-04-25 00:00:00-04:00,94.5501700418538,95.21142723166082,93.12895426566968,93.84942626953125,15317200,0.0,0.0
2025-04-28 00:00:00-04:00,93.85930026582314,94.74756014818428,93.10921330628933,93.97773742675781,12950000,0.0,0.0
2025-04-29 00:00:00-04:00,93.60269167183121,94.9252136354757,93.18817289675177,94.78704071044922,12679000,0.0,0.0
2025-04-30 00:00:00-04:00,94.68834754249565,96.5043388733851,93.69152212181191,95.98125457763672,21639900,0.0,0.0
2025-05-01 00:00:00-04:00,95.75424889814083,96.62277301168427,95.3298584871665,96.13916778564453,13171800,0.0,0.0
2025-05-02 00:00:00-04:00,96.67211914953505,97.92555465921288,96.57342527810886,97.46168518066406,16031400,0.0,0.0
2025-05-05 00:00:00-04:00,97.64921488830426,98.43877343874269,97.24456020143965,98.03412628173828,12439100,0.0,0.0
2025-05-06 00:00:00-04:00,97.45181358219507,98.17229315069193,97.12612455931541,97.26429748535156,10626000,0.0,0.0
2025-05-07 00:00:00-04:00,97.26430354477425,97.93543245441437,97.02742920264701,97.5406494140625,11301300,0.0,0.0
2025-05-08 00:00:00-04:00,97.46167595707087,98.03411089897223,96.08981094345626,96.15889739990234,14461100,0.0,0.0
2025-05-09 00:00:00-04:00,95.71864383569856,96.16384381105718,95.26354834700207,95.68896484375,13697800,0.235,0.0
2025-05-12 00:00:00-04:00,96.6288341597151,96.92563917332399,94.60069172693782,95.71864318847656,26783900,0.0,0.0
2025-05-13 00:00:00-04:00,95.47130363264385,96.28256207661522,94.21484523759068,94.85791015625,19746700,0.0,0.0
2025-05-14 00:00:00-04:00,95.00631553690384,96.29246050935247,94.80845056332632,95.79779052734375,25620100,0.0,0.0
2025-05-15 00:00:00-04:00,93.29476404417642,95.68896500761831,90.91045104602425,95.32290649414062,44026100,0.0,0.0
2025-05-16 00:00:00-04:00,95.11515168932605,98.13264185744112,94.97664468633705,97.19276428222656,33746200,0.0,0.0
2025-05-19 00:00:00-04:00,95.61970475478807,97.23232610669989,94.78865529719288,97.07403564453125,20041600,0.0,0.0
2025-05-20 00:00:00-04:00,97.50935456397795,97.76658509479262,95.49109992203016,96.75746154785156,15609600,0.0,0.0
2025-05-21 00:00:00-04:00,96.09458879440777,96.7178778077327,94.95685386468855,95.40205383300781,15742300,0.0,0.0
2025-05-22 00:00:00-04:00,95.51087710748885,95.92639806376692,94.79855115497523,94.90737915039062,13712200,0.0,0.0
2025-05-23 00:00:00-04:00,94.32367872801746,95.51089134182969,93.98730672701338,95.31301879882812,13668600,0.0,0.0
2025-05-27 00:00:00-04:00,96.2627809413004,96.757450920345,95.55045496378584,96.539794921875,17180900,0.0,0.0
2025-05-28 00:00:00-04:00,96.48043654750698,97.19276257785366,96.02534103880005,96.20342254638672,11220100,0.0,0.0
2025-05-29 00:00:00-04:00,96.58925987223884,96.72776686608425,95.81757589279574,96.06491088867188,14338000,0.0,0.0
2025-05-30 00:00:00-04:00,95.92641525420453,97.87541646019486,95.57025221412174,97.66765594482422,29980100,0.0,0.0
2025-06-02 00:00:00-04:00,97.78635732843684,98.84495832425647,97.00478540788797,98.7064437866211,16999200,0.0,0.0
2025-06-03 00:00:00-04:00,98.5085896688044,99.81451824868714,97.51924960683064,98.91422271728516,15598600,0.0,0.0
2025-06-04 00:00:00-04:00,98.72623607250827,99.06260803773945,98.26124508098816,98.29092407226562,11115600,0.0,0.0
2025-06-05 00:00:00-04:00,98.24146816361728,98.52837013050272,96.56948109472154,96.9157485961914,15817100,0.0,0.0
2025-06-06 00:00:00-04:00,97.32137673155623,97.50934619542285,95.93629924735794,96.43096923828125,15599300,0.0,0.0
2025-06-09 00:00:00-04:00,96.36172374390077,96.80692375347768,95.7384346728143,96.41118621826172,13655700,0.0,0.0
2025-06-10 00:00:00-04:00,96.25289089251675,97.04435837508058,95.45152789635209,96.2825698852539,17162500,0.0,0.0
2025-06-11 00:00:00-04:00,96.25290035831509,96.25290035831509,94.33357812652999,94.7787857055664,16389600,0.0,0.0
2025-06-12 00:00:00-04:00,93.87847267010386,94.24453119003525,92.43403716550216,93.8191146850586,17845700,0.0,0.0
2025-06-13 00:00:00-04:00,93.51241478000134,94.30388981024015,93.00785680758776,93.43327331542969,18694700,0.0,0.0
2025-06-16 00:00:00-04:00,93.73996947837647,94.75898851936913,93.09689693804098,93.28487396240234,14881700,0.0,0.0
2025-06-17 00:00:00-04:00,92.94848765178511,93.80921614752151,92.62201119649511,93.24529266357422,14935600,0.0,0.0
2025-06-18 00:00:00-04:00,93.56188622781879,94.47207724283868,93.08699969281491,94.07633972167969,11333700,0.0,0.0
2025-06-20 00:00:00-04:00,94.22473580549673,95.28332926221843,94.18516130127496,95.0953598022461,20604900,0.0,0.0
2025-06-23 00:00:00-04:00,94.89748845527649,96.88606391565183,94.65015346187883,96.82670593261719,20432400,0.0,0.0
2025-06-24 00:00:00-04:00,96.68820378053174,98.0534902951319,96.21331724828603,96.955322265625,22403700,0.0,0.0
2025-06-25 00:00:00-04:00,97.26202340767922,97.50935843418482,96.11439280968757,96.22322082519531,11154700,0.0,0.0
2025-06-26 00:00:00-04:00,95.86703813015173,96.302342554878,94.89748170386274,94.99641418457031,19361400,0.0,0.0
2025-06-27 00:00:00-04:00,95.29322333189846,96.71787527004396,95.13493286547384,96.23309326171875,31431900,0.0,0.0
2025-06-30 00:00:00-04:00,96.19353080195033,97.0938262702253,95.28333227222596,96.73766326904297,17803000,0.0,0.0
2025-07-01 00:00:00-04:00,96.55958725482957,98.13264185744112,96.38150574412006,97.19276428222656,15635800,0.0,0.0
2025-07-02 00:00:00-04:00,97.08393439025473,97.33126939766214,96.02534086047362,96.5694808959961,12502000,0.0,0.0
2025-07-03 00:00:00-04:00,96.65851725211223,97.43020881062064,96.38150325329322,97.31148529052734,7686200,0.0,0.0
2025-07-07 00:00:00-04:00,97.1828681415606,98.29092407226562,96.57937015870236,98.29092407226562,12930900,0.0,0.0
2025-07-08 00:00:00-04:00,97.76658482527586,98.11285233807236,95.48121169275333,96.05502319335938,16875000,0.0,0.0
2025-07-09 00:00:00-04:00,96.11439470439173,96.25290171811997,95.35259858082024,95.77801513671875,13702600,0.0,0.0
2025-07-10 00:00:00-04:00,95.62960027533839,95.74831623495852,93.73006189270592,93.84878540039062,18894800,0.0,0.0
2025-07-11 00:00:00-04:00,93.99719766364633,94.51165115426579,93.22551365368447,93.3936996459961,14595000,0.0,0.0
2025-07-14 00:00:00-04:00,93.50252890236736,94.81834541352832,93.37390986694398,94.75898742675781,13779100,0.0,0.0
2025-07-15 00:00:00-04:00,94.58089891411075,94.75898040929978,93.92793846379428,94.37313842773438,10450800,0.0,0.0
2025-07-16 00:00:00-04:00,94.40281487267914,94.80844786947193,93.60145193997545,94.13569641113281,11181600,0.0,0.0
2025-07-17 00:00:00-04:00,94.06645175599813,94.61058424303452,93.8784747351329,94.07633972167969,11165100,0.0,0.0
2025-07-18 00:00:00-04:00,94.07633300827958,94.46218253622233,93.42337256081888,94.0367660522461,14636300,0.0,0.0
2025-07-21 00:00:00-04:00,94.24452864679748,95.60981510245237,94.08623062686154,94.65015411376953,13450400,0.0,0.0
2025-07-22 00:00:00-04:00,94.81833629865778,95.63949026101797,94.71940381419547,94.82823181152344,9049100,0.0,0.0
2025-07-23 00:00:00-04:00,94.98653344289535,95.26354742916642,94.27420745073255,94.66004943847656,9729700,0.0,0.0
2025-07-24 00:00:00-04:00,94.5512248287979,95.9264068443071,94.33356881804417,95.57024383544922,14991500,0.0,0.0
2025-07-25 00:00:00-04:00,95.80768021895624,96.60905073693624,95.5009872399646,96.43096923828125,12868500,0.0,0.0
2025-07-28 00:00:00-04:00,96.2429968746826,97.08393439025473,96.04513188798283,96.5694808959961,12293100,0.0,0.0
2025-07-29 00:00:00-04:00,96.73766691016206,97.66764895359354,96.3023548816511,97.28180694580078,14034300,0.0,0.0
2025-07-30 00:00:00-04:00,97.55881359853628,97.82593206532574,96.25288515942863,96.5496826171875,13864100,0.0,0.0
2025-07-31 00:00:00-04:00,96.40129472482225,97.57860422522722,96.27267569044558,96.93553924560547,15651300,0.0,0.0
2025-08-01 00:00:00-04:00,96.95532710148613,97.77648117316716,96.62884306603719,97.44010162353516,16750400,0.0,0.0
2025-08-04 00:00:00-04:00,97.15319162801667,98.84496978606587,97.15319162801667,98.52837371826172,19050200,0.0,0.0
2025-08-05 00:00:00-04:00,98.60752105436944,99.3989961142571,97.8556280503483,98.25135803222656,17977000,0.0,0.0
2025-08-06 00:00:00-04:00,98.39975136330537,102.584662708767,98.39975136330537,102.2581787109375,23738400,0.0,0.0
2025-08-07 00:00:00-04:00,102.35711630331805,102.79242832213986,101.02150880237373,102.02074432373047,12509500,0.0,0.0
2025-08-08 00:00:00-04:00,102.26807407218243,103.6036815045167,102.0504180739525,102.62423706054688,12394700,0.0,0.0
2025-08-11 00:00:00-04:00,102.79243404291347,103.21785057187478,102.01085448746987,102.82211303710938,12856700,0.0,0.0
2025-08-12 00:00:00-04:00,103.13870052241693,103.19805851021431,102.26808399310445,102.51541900634766,17915300,0.0,0.0
2025-08-13 00:00:00-04:00,101.0610902595158,101.71405078459438,99.77494514166125,99.9134521484375,19398500,0.0,0.0
2025-08-14 00:00:00-04:00,100.1409913616483,100.35864735924059,99.64632138459852,99.77493286132812,10858400,0.0,0.0
2025-08-15 00:00:00-04:00,99.78981447224214,99.9286449750798,98.70891876219247,99.16507720947266,13604900,0.235,0.0
2025-08-18 00:00:00-04:00,99.16506994874592,100.0377198406449,99.08573607702026,99.85922241210938,11656100,0.0,0.0
2025-08-19 00:00:00-04:00,100.11705125197197,101.57477895490567,99.95839107811419,100.44429779052734,16999000,0.0,0.0
2025-08-20 00:00:00-04:00,100.30547319188467,101.7929492919155,100.08730882003567,101.71361541748047,18655000,0.0,0.0
2025-08-21 00:00:00-04:00,98.58000320785128,98.61966257944395,96.14053574169328,97.14210510253906,51825100,0.0,0.0
2025-08-22 00:00:00-04:00,97.25119024061061,98.22301131941312,95.95213015921999,96.02154541015625,32695200,0.0,0.0
2025-08-25 00:00:00-04:00,96.19011876268009,96.76527798960507,95.26788330078125,95.26788330078125,18956100,0.0,0.0
2025-08-26 00:00:00-04:00,95.47612993277961,95.66454599024999,94.62330970991675,95.24805450439453,22270400,0.0,0.0
2025-08-27 00:00:00-04:00,95.09930408421621,95.51579556438128,94.80180584655862,95.27780151367188,12925700,0.0,0.0
2025-08-28 00:00:00-04:00,95.19847396233963,95.76371459886323,94.90097570492934,95.30755615234375,19241600,0.0,0.0
2025-08-29 00:00:00-04:00,95.29763062906333,96.21986608145436,95.00013995887893,96.1702880859375,15600300,0.0,0.0
2025-09-02 00:00:00-04:00,96.4182014241689,97.03302001953125,95.70421170570151,97.03302001953125,15351300,0.0,0.0
2025-09-03 00:00:00-04:00,97.03302028019843,98.60974884033203,96.68594404548175,98.60974884033203,18995900,0.0,0.0
2025-09-04 00:00:00-04:00,99.07583035198164,100.50380229145934,98.81799903783775,100.08731079101562,15640900,0.0,0.0
2025-09-05 00:00:00-04:00,100.23607045891055,100.63273231491927,98.7188458579457,99.67082977294922,13748500,0.0,0.0
2025-09-08 00:00:00-04:00,100.00797973024643,101.50537452764463,99.58156959187589,101.42604064941406,13685700,0.0,0.0
2025-09-09 00:00:00-04:00,101.1483792291619,101.63428599137798,100.70213940589949,101.43595886230469,11819700,0.0,0.0
2025-09-10 00:00:00-04:00,101.09879076808632,101.59461614226171,99.5518180216814,99.5716552734375,17934900,0.0,0.0
2025-09-11 00:00:00-04:00,100.14680206838533,101.9218577291584,99.44273097931239,101.7929458618164,15900800,0.0,0.0
2025-09-12 00:00:00-04:00,101.68387318876428,103.11185275123853,101.50537574345499,102.62593841552734,11641900,0.0,0.0
2025-09-15 00:00:00-04:00,102.78459759008946,103.11184414010981,102.54660353811761,102.82426452636719,10756900,0.0,0.0
2025-09-16 00:00:00-04:00,102.9829286790064,103.33992355358478,102.26893892984964,102.5565185546875,14481900,0.0,0.0
2025-09-17 00:00:00-04:00,102.86392934799532,105.22405526529236,102.86392934799532,103.3994140625,25382000,0.0,0.0
2025-09-18 00:00:00-04:00,102.91351330621639,103.76633355383453,101.26737700046856,102.73501586914062,14869400,0.0,0.0
2025-09-19 00:00:00-04:00,102.943255232715,103.07217466386432,101.23761484327676,101.47561645507812,34791600,0.0,0.0
2025-09-22 00:00:00-04:00,101.59460387773832,102.33834184921722,101.06903025507093,101.96151733398438,12861900,0.0,0.0
2025-09-23 00:00:00-04:00,101.55495735990907,101.82269973461295,100.48397272970382,101.66403198242188,13158700,0.0,0.0
2025-09-24 00:00:00-04:00,102.1796932441854,102.606103365375,101.62437125033651,101.87228393554688,11391800,0.0,0.0
2025-09-25 00:00:00-04:00,102.35819979687075,102.6457794452119,101.7235438714611,102.18962097167969,13366700,0.0,0.0
2025-09-26 00:00:00-04:00,102.021014633444,102.62592212621728,101.61444180714209,102.2986831665039,11859300,0.0,0.0
2025-09-29 00:00:00-04:00,102.18961203979899,102.44743578554598,101.22770960907322,102.2193603515625,15477200,0.0,0.0
2025-09-30 00:00:00-04:00,102.14002730177343,103.07218142826827,101.86236630214387,102.19952392578125,13873400,0.0,0.0
2025-10-01 00:00:00-04:00,101.7036925151355,102.0011907489098,99.71048007220848,101.10870361328125,16142800,0.0,0.0
2025-10-02 00:00:00-04:00,100.60296317287771,101.28720459515596,99.03616077500212,100.85087585449219,15605400,0.0,0.0
2025-10-03 00:00:00-04:00,100.6128811517826,101.96152673635164,100.35504984616642,101.21778869628906,11867500,0.0,0.0
2025-10-06 00:00:00-04:00,101.02937598212222,102.2094427990993,100.73188529566816,101.842529296875,13303600,0.0,0.0
2025-10-07 00:00:00-04:00,101.52519342473249,102.38793223598833,100.10713265626973,102.37801361083984,15538900,0.0,0.0
2025-10-08 00:00:00-04:00,102.1598486460141,102.39785025400097,101.29711740556779,102.04085540771484,13584100,0.0,0.0
2025-10-09 00:00:00-04:00,102.26894137021094,102.58626931455332,99.53199068739345,100.92029571533203,19508000,0.0,0.0
2025-10-10 00:00:00-04:00,101.19796126043559,102.76476368306976,100.67238001192419,100.98970794677734,18519400,0.0,0.0
2025-10-13 00:00:00-04:00,100.52364168027,101.59461876622174,100.22614342180313,101.26737976074219,10871200,0.0,0.0
2025-10-14 00:00:00-04:00,103.18126040188707,107.01894384474026,102.03094193560398,106.31487274169922,30859500,0.0,0.0
2025-10-15 00:00:00-04:00,106.42395289236927,108.64524834345669,106.40412320726159,108.11967468261719,21416300,0.0,0.0
2025-10-16 00:00:00-04:00,108.28825695012095,108.6650890704717,104.77782001529076,105.5810546875,16366200,0.0,0.0
2025-10-17 00:00:00-04:00,106.27520633823076,107.29660537404432,105.33314117615089,106.83053588867188,13735600,0.0,0.0
2025-10-20 00:00:00-04:00,106.94953557042113,107.3461973972683,105.71989071632049,106.15621948242188,10581200,0.0,0.0
2025-10-21 00:00:00-04:00,106.43387809258782,106.58262722001473,105.29347820324139,105.33314514160156,10899700,0.0,0.0
2025-10-22 00:00:00-04:00,105.66039020060624,106.87019775769554,104.77782164035123,106.2454605102539,12296500,0.0,0.0
2025-10-23 00:00:00-04:00,106.45371072346444,106.67187510763242,104.89681928681449,105.96780395507812,11408200,0.0,0.0
2025-10-24 00:00:00-04:00,106.17604122939089,106.27520478726349,104.62906854263365,105.28355407714844,10318000,0.0,0.0
2025-10-27 00:00:00-04:00,105.45213749919137,105.47197475105114,103.28042749362606,103.5977554321289,16375900,0.0,0.0
2025-10-28 00:00:00-04:00,103.1911699012466,103.27050377338249,102.18960813688516,102.30860137939453,13323000,0.0,0.0
2025-10-29 00:00:00-04:00,102.05078535407756,102.80443449922815,101.25746170416691,101.60453796386719,11986400,0.0,0.0
2025-10-30 00:00:00-04:00,101.34670133734312,102.50693843859625,101.1087072811068,101.37645721435547,14065100,0.0,0.0
2025-10-31 00:00:00-04:00,100.85088305196206,101.24754488399289,99.3435771690791,100.3352279663086,20237000,0.0,0.0
2025-11-03 00:00:00-05:00,99.97823063454936,100.9500517210274,99.56173912564235,100.7417984008789,14811700,0.0,0.0
2025-11-04 00:00:00-05:00,101.27728431295115,101.7631986082678,100.61288015285842,101.4161148071289,12636400,0.0,0.0
2025-11-05 00:00:00-05:00,100.89053745806483,101.82269151268116,100.007968963428,100.62279510498047,13356800,0.0,0.0
2025-11-06 00:00:00-05:00,100.49388187397508,101.0789597419063,99.19482183188099,100.83104705810547,14866000,0.0,0.0
2025-11-07 00:00:00-05:00,101.2772781932102,102.11026867363725,100.88062398563869,101.73343658447266,17248700,0.0,0.0
2025-11-10 00:00:00-05:00,101.29712274632084,101.8127777927579,100.75171182304594,101.56486511230469,14507600,0.0,0.0
2025-11-11 00:00:00-05:00,101.6442008637206,102.87384566309207,101.46570342786872,102.57635498046875,13182100,0.0,0.0
2025-11-12 00:00:00-05:00,102.48710247969544,102.7350151647289,101.8028686136755,102.57635498046875,12084400,0.0,0.0
2025-11-13 00:00:00-05:00,102.72510485966085,103.06227007277798,101.16821337417035,101.68387603759766,18088500,0.0,0.0
2025-11-14 00:00:00-05:00,99.363404275502,101.6342854500628,98.054425559783,101.62437438964844,23424200,0.0,0.0
2025-11-17 00:00:00-05:00,101.7235405195123,102.45735999051881,101.24754480829215,102.09044647216797,15289400,0.0,0.0
2025-11-18 00:00:00-05:00,102.12018547120078,102.47717273848842,100.53353840652998,100.54345703125,17604500,0.0,0.0
2025-11-19 00:00:00-05:00,100.73189151387763,100.86080339606266,98.84775345391428,99.76998901367188,22157000,0.0,0.0
2025-11-20 00:00:00-05:00,103.07218240777652,107.00903713519567,101.82270033187463,106.21571350097656,50375900,0.0,0.0
2025-11-21 00:00:00-05:00,107.07844542131552,107.24702422377177,103.84566203582295,104.4406509399414,41420800,0.0,0.0
2025-11-24 00:00:00-05:00,104.48032640372462,105.382724676061,102.89368667466971,103.19117736816406,42519200,0.0,0.0
2025-11-25 00:00:00-05:00,103.7365837716454,106.52311991001088,103.35975921680176,106.10662841796875,20212900,0.0,0.0
2025-11-26 00:00:00-05:00,106.30495661869999,108.67500128911136,106.27520830692245,108.18909454345703,17783300,0.0,0.0
2025-11-28 00:00:00-05:00,108.38742955512716,109.77573454685668,108.0899313050738,109.58732604980469,9846500,0.0,0.0
2025-12-01 00:00:00-05:00,109.58732784011903,110.82689129276726,109.43857871266226,110.59880828857422,17236800,0.0,0.0
2025-12-02 00:00:00-05:00,110.53931192483859,111.70946012952888,109.86498910237817,111.47146606445312,18711800,0.0,0.0
2025-12-03 00:00:00-05:00,111.56070876612803,113.9307534404373,111.2830477681546,113.45476531982422,24478300,0.0,0.0
2025-12-04 00:00:00-05:00,112.67136458124708,113.93075774555678,112.21520612938312,113.88117218017578,25905100,0.0,0.0
2025-12-05 00:00:00-05:00,113.77208598724077,115.29922137853497,113.72250042690119,114.14891052246094,23956400,0.0,0.0
2025-12-08 00:00:00-05:00,113.61342390958818,114.02991540070049,111.36238007988572,112.61185455322266,22700700,0.0,0.0
2025-12-09 00:00:00-05:00,112.9985942054707,114.75382018074308,112.0763587521143,114.09932708740234,24326700,0.0,0.0
2025-12-10 00:00:00-05:00,114.38691141934537,115.2595689131506,112.04661506618633,112.23503112792969,22859600,0.0,0.0
2025-12-11 00:00:00-05:00,112.19537005342097,114.90258004573666,111.90779041572479,114.55549621582031,21586600,0.0,0.0
2025-12-12 00:00:00-05:00,114.53065743999558,116.20995826684367,114.29217065870262,115.96154022216797,19092400,0.235,0.0
2025-12-15 00:00:00-05:00,116.19008548018503,116.70679166550624,114.90824748947732,116.05097198486328,18713700,0.0,0.0
2025-12-16 00:00:00-05:00,115.84230725437074,116.14040436662395,114.22261671143758,114.68964385986328,19642300,0.0,0.0
2025-12-17 00:00:00-05:00,114.47103521690063,115.6535075692186,114.34186055918953,114.92813110351562,16177800,0.0,0.0
2025-12-18 00:00:00-05:00,114.28223959161684,115.74293890979763,113.8847692032296,114.10337829589844,21476700,0.0,0.0
2025-12-19 00:00:00-05:00,114.41141563622197,114.55052913668048,112.81160279983192,113.6363525390625,50043800,0.0,0.0
2025-12-22 00:00:00-05:00,113.28856304881552,113.5965989869235,111.50988900463958,111.88748168945312,21473900,0.0,0.0
2025-12-23 00:00:00-05:00,111.28134118455755,111.63906376256772,109.99950321020724,110.1982421875,20319900,0.0,0.0
2025-12-24 00:00:00-05:00,110.19824883356264,111.003120892069,109.85046507872146,110.90375518798828,9009600,0.0,0.0
2025-12-26 00:00:00-05:00,111.01305835867431,111.26147640635087,110.65533576353072,111.03292846679688,9003800,0.0,0.0
2025-12-29 00:00:00-05:00,110.88387782930283,112.06635018040782,110.86400772087431,111.81793212890625,12979600,0.0,0.0
2025-12-30 00:00:00-05:00,111.18198303884792,111.97692383978418,111.13229639587041,111.2117919921875,11730600,0.0,0.0
2025-12-31 00:00:00-05:00,111.02299952366522,111.53970573794,110.61559027802463,110.70502471923828,11487400,0.0,0.0
2026-01-02 00:00:00-05:00,110.72489243926468,112.07628722420678,110.41685648631017,112.04647827148438,14306600,0.0,0.0
2026-01-05 00:00:00-05:00,112.10610020561853,113.01034556998538,111.44034163383571,111.99679565429688,19557600,0.0,0.0
2026-01-06 00:00:00-05:00,111.6887515152225,114.06362735444141,111.28134229354983,113.61647033691406,20120800,0.0,0.0
2026-01-07 00:00:00-05:00,113.46743616962135,114.00402009206742,111.39065723379576,112.0067367553711,23306000,0.0,0.0
2026-01-08 00:00:00-05:00,110.58577226770349,112.75197781454932,109.11513417947556,112.35450744628906,24058300,0.0,0.0
2026-01-09 00:00:00-05:00,111.5496424227033,114.72939040539957,111.5496424227033,113.8052749633789,21902900,0.0,0.0
2026-01-12 00:00:00-05:00,116.75648359482942,118.08800070497459,115.67338453488601,117.2235107421875,49182100,0.0,0.0
2026-01-13 00:00:00-05:00,117.1440096095209,119.74743338177962,116.98502600708754,119.59838104248047,31222100,0.0,0.0
2026-01-14 00:00:00-05:00,119.4294631115365,120.4728143638468,118.27679973056455,119.28041076660156,32764000,0.0,0.0
2026-01-15 00:00:00-05:00,119.22078750049863,120.10515510460003,117.97869731708465,118.44571685791016,34559400,0.0,0.0
2026-01-16 00:00:00-05:00,117.91906958057628,119.83685709037766,116.16027325015084,118.94255065917969,415144600,0.0,0.0
2026-01-20 00:00:00-05:00,120.12502982400424,120.8504138546603,116.86578627056709,117.95882415771484,45334000,0.0,0.0
2026-01-21 00:00:00-05:00,117.33280669962144,119.72755258604145,116.80616168473357,118.60470581054688,34811700,0.0,0.0
2026-01-22 00:00:00-05:00,118.5351491309384,118.76368947509202,116.90552744651671,117.08438873291016,24547300,0.0,0.0
2026-01-23 00:00:00-05:00,117.4222340816893,117.85945224596018,116.39875299816131,116.98502349853516,20806900,0.0,0.0
2026-01-26 00:00:00-05:00,117.06452182318199,118.09794184181264,116.64718131021117,116.89559936523438,19552200,0.0,0.0
2026-01-27 00:00:00-05:00,116.75648146215053,116.88565611669372,114.74926698887573,116.20002746582031,22968600,0.0,0.0
2026-01-28 00:00:00-05:00,115.90191605947376,116.71672689877101,115.13679185887572,115.83235931396484,16342000,0.0,0.0
2026-01-29 00:00:00-05:00,115.71312126722275,116.91547126537773,115.33552857148821,116.66705322265625,16381100,0.0,0.0
2026-01-30 00:00:00-05:00,116.17021609330482,118.6543964981968,115.86217256793869,118.38610076904297,22215400,0.0,0.0
2026-02-02 00:00:00-05:00,118.74382819114838,123.41408451015249,118.2966787324989,123.27497100830078,31210100,0.0,0.0
2026-02-03 00:00:00-05:00,122.86757156808676,127.35896666858129,122.86757156808676,126.9018783569336,32018700,0.0,0.0
2026-02-04 00:00:00-05:00,127.31921518812305,128.59111430473422,126.28578767948056,127.19003295898438,27531800,0.0,0.0
2026-02-05 00:00:00-05:00,127.76637876828745,128.77992870112809,125.75915659288327,126.13675689697266,30517800,0.0,0.0
2026-02-06 00:00:00-05:00,126.48453780231957,130.86662835064288,126.24605859221587,130.34991455078125,26593400,0.0,0.0
2026-02-09 00:00:00-05:00,130.58840535909283,130.9560592399128,127.27947494500727,128.20359802246094,27197300,0.0,0.0
2026-02-10 00:00:00-05:00,128.12409316288472,128.5215559695187,125.59022607444933,125.89826202392578,24662000,0.0,0.0
2026-02-11 00:00:00-05:00,125.8982534995816,128.9190252095116,125.82869675501851,127.95516204833984,19232100,0.0,0.0
2026-02-12 00:00:00-05:00,128.56130425130252,133.63896941128445,128.49173992475252,132.79434204101562,33382700,0.0,0.0
2026-02-13 00:00:00-05:00,131.86028291742133,133.79794045469777,130.91629746718232,133.04275512695312,24131200,0.0,0.0
2026-02-17 00:00:00-05:00,132.26769028382722,133.83769397911357,127.34901655342479,128.03465270996094,37995900,0.0,0.0
2026-02-18 00:00:00-05:00,127.3192184434441,128.0545261364593,124.97414396319746,125.81877136230469,36485000,0.0,0.0
2026-02-19 00:00:00-05:00,127.68686871680087,129.27675018984118,123.6128144996477,124.07984161376953,42993300,0.0,0.0
2026-02-20 00:00:00-05:00,122.2216774308809,122.69864341020512,120.28401972356986,122.21173858642578,35151000,0.0,0.0
2026-02-23 00:00:00-05:00,122.73838295121597,125.99763403293146,122.18192896266022,125.0138931274414,25662800,0.0,0.0
2026-02-24 00:00:00-05:00,125.10333241055824,127.22978274649306,124.11959904808133,125.94795227050781,20161200,0.0,0.0
2026-02-25 00:00:00-05:00,125.80883572262361,126.59383765709305,124.62636339864703,124.95427703857422,17345700,0.0,0.0
2026-02-26 00:00:00-05:00,125.18281645574825,126.5242722955503,123.15572443024259,123.63268280029297,18638300,0.0,0.0
2026-02-27 00:00:00-05:00,124.7257266802137,127.7862463456887,124.35807283147619,127.14035034179688,29205500,0.0,0.0
2026-03-02 00:00:00-05:00,126.65346082753128,127.93529890689562,126.24605915765932,126.29573822021484,17091500,0.0,0.0
2026-03-03 00:00:00-05:00,125.71939755733719,127.55768952555978,124.87477774286918,127.1006088256836,16480400,0.0,0.0
2026-03-04 00:00:00-05:00,126.30566848445152,127.35895854492821,125.44117097864785,127.00123596191406,16434100,0.0,0.0
2026-03-05 00:00:00-05:00,124.5866176413744,124.88472233366477,120.88022458274638,122.52971649169922,28604900,0.0,0.0
2026-03-06 00:00:00-05:00,121.72483997684311,123.40414835839945,120.85041120253811,123.01661682128906,21553000,0.0,0.0
2026-03-09 00:00:00-04:00,122.90731130268519,123.72212216670478,121.7248390120394,123.55319213867188,19375900,0.0,0.0
2026-03-10 00:00:00-04:00,123.42401703226977,125.30205679217917,122.56945837546142,124.32826232910156,18793600,0.0,0.0
2026-03-11 00:00:00-04:00,124.51705540786908,124.69591669914415,122.27136179433607,122.70857238769531,18176500,0.0,0.0
2026-03-12 00:00:00-04:00,121.52611590560277,124.59655943574286,121.50623821571698,124.53694152832031,21751600,0.0,0.0
2026-03-13 00:00:00-04:00,124.59655168558838,125.88832852758698,124.1792111973551,125.71939849853516,15194100,0.0,0.0
2026-03-16 00:00:00-04:00,125.95788848185292,126.17649757585889,124.0401008586876,125.19275665283203,20463200,0.0,0.0
2026-03-17 00:00:00-04:00,125.8485858664739,126.38516976514705,124.06991171562693,124.28852081298828,19895000,0.0,0.0
2026-03-18 00:00:00-04:00,123.54325787458829,123.82148485830739,121.05907754692964,121.2081298828125,19734900,0.0,0.0
2026-03-19 00:00:00-04:00,121.62547670106409,121.9732604488496,118.51527791672632,120.32376098632812,17927700,0.0,0.0
2026-03-20 00:00:00-04:00,120.11267095203482,120.77980340519143,117.51386342792303,118.50957489013672,57545600,0.248,0.0
2026-03-23 00:00:00-04:00,119.96332476326309,120.6105311603868,118.53945701557436,120.2022933959961,22181500,0.0,0.0
2026-03-24 00:00:00-04:00,120.11267237339288,123.57775164543796,119.97327337476743,121.5265884399414,17269600,0.0,0.0
2026-03-25 00:00:00-04:00,122.28332158646774,122.96040568100192,121.25774000136643,122.5322494506836,16597300,0.0,0.0
2026-03-26 00:00:00-04:00,123.07989646568718,123.26908407753929,121.26770187867585,121.6560287475586,16442500,0.0,0.0
2026-03-27 00:00:00-04:00,121.50667121934119,123.73706281720824,121.2975727192295,122.36298370361328,16543300,0.0,0.0
2026-03-30 00:00:00-04:00,123.17945828787965,124.7228140204241,122.61190308496707,122.9703598022461,20428900,0.0,0.0
2026-03-31 00:00:00-04:00,122.90067127683216,124.46393803468071,122.31319753903699,123.74702453613281,21330400,0.0,0.0
2026-04-01 00:00:00-04:00,123.26908398407669,124.69295170112571,122.60195152051088,124.20504760742188,17039700,0.0,0.0
2026-04-02 00:00:00-04:00,124.61329457014496,125.36007818810826,123.61758307952722,125.25054931640625,11898400,0.0,0.0
2026-04-06 00:00:00-04:00,125.2704534168091,126.43544157118903,124.83234555041255,126.24625396728516,10850400,0.0,0.0
2026-04-07 00:00:00-04:00,125.64883587786862,125.81810500867212,121.26770378426845,121.9646987915039,16076000,0.0,0.0
2026-04-08 00:00:00-04:00,121.75560200398522,126.75407802915461,120.80967910989078,126.71424865722656,20194300,0.0,0.0
2026-04-09 00:00:00-04:00,126.54495789171209,129.13381360316265,126.27611915686073,128.5762176513672,13853100,0.0,0.0
2026-04-10 00:00:00-04:00,128.16798319572484,128.3770740986961,125.67870449039047,126.2263412475586,13894000,0.0,0.0
2026-04-13 00:00:00-04:00,125.74839912949405,125.75835837099962,123.41843040109414,124.03577423095703,14510600,0.0,0.0
2026-04-14 00:00:00-04:00,122.6218719240817,124.66307592742197,122.02444654741323,124.51372528076172,15320800,0.0,0.0
2026-04-15 00:00:00-04:00,124.09552060061921,124.53363608834425,122.65174197487195,124.22496795654297,17001400,0.0,0.0
2026-04-16 00:00:00-04:00,123.79680961960968,125.39990570351372,123.4383528805581,124.28470611572266,18324500,0.0,0.0
2026-04-17 00:00:00-04:00,124.03578154691039,127.02291605403354,122.84093078273148,126.95321655273438,24763700,0.0,0.0
2026-04-20 00:00:00-04:00,127.32162554080053,128.91476233764277,126.77398120594438,127.37140655517578,18933600,0.0,0.0
2026-04-21 00:00:00-04:00,127.28180631385425,129.2134891070832,126.93330879875522,129.04421997070312,17312400,0.0,0.0
2026-04-22 00:00:00-04:00,129.44248012735773,129.8905472122055,128.28745127366344,129.4225616455078,17624500,0.0,0.0
2026-04-23 00:00:00-04:00,130.0100454912101,131.8919394396144,129.93038675557892,131.46377563476562,16376000,0.0,0.0
2026-04-24 00:00:00-04:00,131.3741802679442,131.5534010485827,128.72558398059354,129.3628387451172,16016300,0.0,0.0
2026-04-27 00:00:00-04:00,129.0641091249569,129.25329672529196,126.85363615844955,127.04281616210938,17029500,0.0,0.0
2026-04-28 00:00:00-04:00,128.7853111434159,129.2134749536506,126.236292344555,127.04281616210938,16341800,0.0,0.0
2026-04-29 00:00:00-04:00,126.13673092490012,127.53072851993346,125.37003642580345,127.46102142333984,16538800,0.0,0.0
2026-04-30 00:00:00-04:00,127.47099158447368,131.86206779043033,127.40128448606313,131.3642120361328,19867700,0.0,0.0
2026-05-01 00:00:00-04:00,131.35424902710434,132.79802755099445,130.41827785906025,131.03562927246094,10480900,0.0,0.0
2026-05-04 00:00:00-04:00,129.85074639338697,131.18499621896274,129.1238660254078,129.77108764648438,10340700,0.0,0.0
2026-05-05 00:00:00-04:00,129.95029746503022,131.16506666440955,129.74120656624018,130.22909545898438,10637300,0.0,0.0
2026-05-06 00:00:00-04:00,130.29880952835424,130.58755918277944,128.9745113895137,129.52215576171875,16371500,0.0,0.0
2026-05-07 00:00:00-04:00,129.34291559643376,130.03992578938778,128.11819472617847,129.64163208007812,14935400,0.0,0.0
2026-05-08 00:00:00-04:00,130.00876182540105,131.09615490642528,129.93892170087017,130.1184844970703,15183700,0.248,0.0
2026-05-11 00:00:00-04:00,129.86908129064437,130.28809159221544,126.078161470576,127.28527069091797,18699200,0.0,0.0
2026-05-12 00:00:00-04:00,127.77411337890135,130.80684636812944,127.41497254390816,130.0386962890625,17935400,0.0,0.0
2026-05-13 00:00:00-04:00,128.88145249754132,132.21347178099205,128.46245742797677,131.156005859375,13786600,0.0,0.0
2026-05-14 00:00:00-04:00,131.04626733311213,132.4628740535408,130.5474615066649,132.14364624023438,14200400,0.0,0.0
2026-05-15 00:00:00-04:00,133.370718441355,133.6300920185431,130.47763520803812,131.1360626220703,25323000,0.0,0.0
2026-05-18 00:00:00-04:00,131.20589996372777,133.15123980716794,130.81683199503976,133.02154541015625,17183200,0.0,0.0
2026-05-19 00:00:00-04:00,132.62250083152645,134.83720000658067,131.7445976710087,133.87948608398438,16957100,0.0,0.0
2026-05-20 00:00:00-04:00,132.59256841371314,133.3307912944098,130.01872852306576,130.53749084472656,28471600,0.0,0.0
2026-05-21 00:00:00-04:00,124.11287667694504,125.49955634698999,120.10247333459152,121.05020141601562,53006600,0.0,0.0
2026-05-22 00:00:00-04:00,121.05020179855521,121.65874555336691,118.62601263875648,119.98275756835938,30330600,0.0,0.0
2026-05-26 00:00:00-04:00,120.40175901085303,120.7608998332451,117.63837032806804,118.28681945800781,28796600,0.0,0.0
2026-05-27 00:00:00-04:00,118.04739180401025,119.14476312868733,117.7580835037564,118.25688934326172,22062200,0.0,0.0
2026-05-28 00:00:00-04:00,118.67588972926788,118.88538727788863,117.04978535977911,118.61603546142578,21613100,0.0,0.0
2026-05-29 00:00:00-04:00,117.82792078519188,118.79560537078089,114.4360394170558,115.47355651855469,42191000,0.0,0.0
2026-06-01 00:00:00-04:00,114.45599596944092,115.70301061927668,113.28878447270287,114.32630157470703,26176200,0.0,0.0
2026-06-02 00:00:00-04:00,113.59804869184103,114.2963738476551,112.46077194598762,112.78997802734375,27366400,0.0,0.0
2026-06-03 00:00:00-04:00,112.82988291877398,117.00987842073164,112.69021788821831,116.61083221435547,32880600,0.0,0.0
2026-06-04 00:00:00-04:00,119.613646228699,119.6535516106658,117.00987904195799,117.45880126953125,22870400,0.0,0.0
2026-06-05 00:00:00-04:00,118.06734397851143,120.60127862714496,117.8179410518094,118.59607696533203,36638100,0.0,0.0
2026-06-08 00:00:00-04:00,117.96758725033519,119.89297819658464,117.86782759941948,119.54381561279297,19514100,0.0,0.0
2026-06-09 00:00:00-04:00,120.09249452554428,120.21221067038364,117.71818140336323,118.59607696533203,23959000,0.0,0.0
2026-06-10 00:00:00-04:00,119.42409874531984,120.53144836950996,117.2493048793001,120.30199432373047,22414900,0.0,0.0
2026-06-11 00:00:00-04:00,120.28204412446155,121.56896414963192,119.17469451236548,120.21221160888672,22438000,0.0,0.0
2026-06-12 00:00:00-04:00,120.30199331731838,121.31956153106478,119.2445273327187,120.75092315673828,14753500,0.0,0.0
2026-06-15 00:00:00-04:00,119.45402587409166,121.19984639362677,118.29680023038142,120.53144836425781,20722500,0.0,0.0
2026-06-16 00:00:00-04:00,120.85068180556274,122.64638592602697,119.59368892123778,120.7409439086914,23060700,0.0,0.0
2026-06-17 00:00:00-04:00,119.29441143534011,120.72099650095431,117.16949359825468,117.84786987304688,21711100,0.0,0.0
2026-06-18 00:00:00-04:00,117.91769943609961,118.19703710439678,116.52104915047984,116.90013885498047,36526800,0.0,0.0
2026-06-22 00:00:00-04:00,116.68066306404786,118.11722634202617,116.67068481595824,116.90013885498047,17053900,0.0,0.0
2026-06-23 00:00:00-04:00,119.42409682225845,119.96280805869026,116.06214262146445,119.1347885131836,23411400,0.0,0.0
2026-06-24 00:00:00-04:00,119.27444989955788,120.11244766768499,118.64595728184237,118.71578979492188,20600100,0.0,0.0
2026-06-25 00:00:00-04:00,117.18944517738683,118.29679475023023,115.10443280997809,115.50347900390625,20384700,0.0,0.0
2026-06-26 00:00:00-04:00,117.00988117029624,117.5984684398727,114.81513078924051,115.41370391845703,36636000,0.0,0.0
2026-06-29 00:00:00-04:00,116.19183823088373,116.521051925122,113.92725536452491,114.32630157470703,20367000,0.0,0.0
2026-06-30 00:00:00-04:00,113.69780533850943,114.33627621015661,112.66028826928947,112.989501953125,23034000,0.0,0.0
2026-07-01 00:00:00-04:00,109.86697325528867,110.4455898652017,106.99385431305828,108.56010437011719,40391400,0.0,0.0
2026-07-02 00:00:00-04:00,109.06889129541543,112.18143499412129,108.89929912950869,111.57289123535156,29512200,0.0,0.0
2026-07-06 00:00:00-04:00,111.13394332246972,112.10162787550183,109.10879281804488,110.38573455810547,29523300,0.0,0.0
2026-07-07 00:00:00-04:00,112.70019805055621,113.22893104823599,111.03418829265145,111.27361297607422,19941400,0.0,0.0
2026-07-08 00:00:00-04:00,112.879763389333,113.58806677051842,111.54295977706508,112.82987976074219,19892000,0.0,0.0
2026-07-09 00:00:00-04:00,110.9743243964893,112.49069845667856,110.77480509912543,111.94200897216797,20464500,0.0,0.0
2026-07-10 00:00:00-04:00,111.68262805970767,113.88735663998979,111.66267917439362,113.62797546386719,12461700,0.0,0.0
2026-07-13 00:00:00-04:00,114.4559909872762,115.26405400962003,113.7377093624492,114.50586700439453,17043400,0.0,0.0
2026-07-14 00:00:00-04:00,114.80515288534225,115.60323765516023,113.22892461903017,113.4284439086914,14682000,0.0,0.0
2026-07-15 00:00:00-04:00,112.9795273843265,114.4559960800755,111.80234524929674,112.26124572753906,16467900,0.0,0.0
2026-07-16 00:00:00-04:00,113.4883080789502,115.31393168866141,113.28878117408205,114.67546081542969,20777600,0.0,0.0
2026-07-17 00:00:00-04:00,116.68066042641807,117.80795887752032,113.32868459435743,113.96715545654297,28289800,0.0,0.0
2026-07-20 00:00:00-04:00,113.68782844769808,114.12678003138565,111.87217545768125,111.9320297241211,17738900,0.0,0.0
2026-07-21 00:00:00-04:00,111.24368590747915,111.53299422190634,109.62755216828454,110.12635803222656,22717000,0.0,0.0
2026-07-22 00:00:00-04:00,109.26840509292803,109.73728379602602,108.4603420750963,109.06888580322266,23494800,0.0,0.0
2026-07-23 00:00:00-04:00,107.25323944858002,108.30072720057487,106.5349577836844,108.14111328125,21516800,0.0,0.0
2026-07-24 00:00:00-04:00,107.86178281776185,109.33824391357957,107.7520449187408,109.20855712890625,18405900,0.0,0.0
2026-07-27 00:00:00-04:00,109.6574762821653,112.24129454403212,109.62754914894079,111.47312927246094,19008700,0.0,0.0
2026-07-28 00:00:00-04:00,113.68782641652693,115.75288229471273,112.57049859218158,112.82987976074219,24867900,0.0,0.0
2026-07-29 00:00:00-04:00,112.95957874459346,114.41609094683764,112.18143520726511,113.94721221923828,23480000,0.0,0.0
2026-07-30 00:00:00-04:00,111.34343984797607,112.76004660224154,110.1762360128914,110.83465576171875,28747000,0.0,0.0
2026-07-31 00:00:00-04:00,110.25604146581917,111.64272872771201,109.62754883637642,110.93441772460938,22799100,0.0,0.0
2026-08-03 00:00:00-04:00,112.82987844246247,113.01942709548517,109.89690530598047,110.44558715820312,23942500,0.0,0.0
2026-08-04 00:00:00-04:00,108.7496500450106,111.41327137152663,108.30072022776788,111.28358459472656,29620000,0.0,0.0
2026-08-05 00:00:00-04:00,112.18143131502696,112.88974231161649,111.09403822804457,112.07169342041016,21446300,0.0,0.0
2026-08-06 00:00:00-04:00,113.79756871801911,114.2863963302149,110.77480642096445,111.8023452758789,23203100,0.0,0.0
2026-08-07 00:00:00-04:00,110.3458340692701,112.02182208019414,110.23609617007118,111.58287048339844,18819300,0.0,0.0
2026-08-10 00:00:00-04:00,110.8147094920761,112.43083557535391,110.49547405243835,112.39093780517578,19144000,0.0,0.0
2026-08-11 00:00:00-04:00,112.17146067312872,113.06930510370103,111.92205775104237,112.989501953125,17005800,0.0,0.0
2026-08-12 00:00:00-04:00,112.10162714074723,115.77283842494558,112.011838131802,115.7329330444336,22054700,0.0,0.0
2026-08-13 00:00:00-04:00,115.89254862146954,116.04219189774759,114.53579610924879,115.4436264038086,16822200,0.0,0.0
2026-08-14 00:00:00-04:00,115.38377313696229,116.17187968391663,114.36620493839823,114.99469757080078,14520000,0.0,0.0
2026-08-17 00:00:00-04:00,114.05694580078125,114.90491421100516,113.64792135646756,114.05694580078125,18131100,0.0,0.0
2026-08-18 00:00:00-04:00,116.02224469044766,116.03221532748336,114.2065916862473,114.92486572265625,20675000,0.0,0.0
2026-08-19 00:00:00-04:00,114.91489714259141,116.59088514655902,113.71775850480114,114.02702331542969,34286600,0.0,0.0
2026-08-20 00:00:00-04:00,106.12592986973321,106.74445186354434,102.60436178772362,103.59199523925781,83633100,0.0,0.0
2026-08-21 00:00:00-04:00,103.69000244140625,104.27999877929688,102.1500015258789,103.69999694824219,44454200,0.248,0.0
2026-08-24 00:00:00-04:00,104.13999938964844,106.5999984741211,104.0,106.48999786376953,35616300,0.0,0.0
2026-08-25 00:00:00-04:00,105.58000183105469,106.06999969482422,104.4000015258789,105.37999725341797,27032500,0.0,0.0
2026-08-26 00:00:00-04:00,105.51000213623047,106.08999633789062,104.08000183105469,104.33999633789062,28409400,0.0,0.0
2026-08-27 00:00:00-04:00,103.61000061035156,103.75,102.2699966430664,102.62999725341797,29816600,0.0,0.0
2026-08-28 00:00:00-04:00,103.08999633789062,103.4000015258789,102.5,103.08999633789062,19420800,0.0,0.0
2026-08-31 00:00:00-04:00,103.08000183105469,104.98999786376953,102.83999633789062,104.87000274658203,34188700,0.0,0.0
2026-09-01 00:00:00-04:00,105.11000061035156,106.63999938964844,104.66000366210938,105.91999816894531,22074600,0.0,0.0
2026-09-02 00:00:00-04:00,105.97000122070312,106.77999877929688,105.45999908447266,106.08999633789062,25181800,0.0,0.0
2026-09-03 00:00:00-04:00,106.41999816894531,109.3499984741211,106.0199966430664,108.41999816894531,25541200,0.0,0.0
2026-09-04 00:00:00-04:00,108.19999694824219,109.2300033569336,106.93000030517578,107.13999938964844,20540500,0.0,0.0
2026-09-08 00:00:00-04:00,106.77999877929688,106.9000015258789,105.66000366210938,106.05000305175781,22664800,0.0,0.0
2026-09-09 00:00:00-04:00,105.69000244140625,106.1500015258789,105.16000366210938,105.83000183105469,15460800,0.0,0.0
2026-09-10 00:00:00-04:00,106.16999816894531,107.16000366210938,105.58999633789062,105.7300033569336,17174900,0.0,0.0
2026-09-11 00:00:00-04:00,106.19999694824219,107.20999908447266,105.72000122070312,107.1500015258789,17068600,0.0,0.0
2026-09-14 00:00:00-04:00,108.08000183105469,109.73999786376953,108.0,109.08000183105469,23877400,0.0,0.0
2026-09-15 00:00:00-04:00,108.61000061035156,109.23999786376953,107.86000061035156,108.08999633789062,19316300,0.0,0.0
2026-09-16 00:00:00-04:00,108.31999969482422,108.68000030517578,107.44999694824219,107.5,15150900,0.0,0.0
2026-09-17 00:00:00-04:00,107.80000305175781,107.80000305175781,106.1500015258789,106.79000091552734,19216200,0.0,0.0
2026-09-18 00:00:00-04:00,106.23999786376953,107.72000122070312,106.16999816894531,106.7300033569336,45292900,0.0,0.0
